"","GEOID","NAME","variable","estimate","moe"
"1","48001","Anderson County, Texas","B14001_001",56574,245
"2","48001","Anderson County, Texas","B14001_002",10294,593
"3","48001","Anderson County, Texas","B14001_003",471,174
"4","48001","Anderson County, Texas","B14001_004",483,167
"5","48001","Anderson County, Texas","B14001_005",2340,299
"6","48001","Anderson County, Texas","B14001_006",2105,367
"7","48001","Anderson County, Texas","B14001_007",2967,354
"8","48001","Anderson County, Texas","B14001_008",1620,433
"9","48001","Anderson County, Texas","B14001_009",308,163
"10","48001","Anderson County, Texas","B14001_010",46280,649
"11","48003","Andrews County, Texas","B14001_001",17799,181
"12","48003","Andrews County, Texas","B14001_002",5338,342
"13","48003","Andrews County, Texas","B14001_003",129,92
"14","48003","Andrews County, Texas","B14001_004",171,99
"15","48003","Andrews County, Texas","B14001_005",1373,287
"16","48003","Andrews County, Texas","B14001_006",1444,279
"17","48003","Andrews County, Texas","B14001_007",1288,196
"18","48003","Andrews County, Texas","B14001_008",690,212
"19","48003","Andrews County, Texas","B14001_009",243,162
"20","48003","Andrews County, Texas","B14001_010",12461,367
"21","48005","Angelina County, Texas","B14001_001",84026,305
"22","48005","Angelina County, Texas","B14001_002",21180,552
"23","48005","Angelina County, Texas","B14001_003",949,220
"24","48005","Angelina County, Texas","B14001_004",1192,265
"25","48005","Angelina County, Texas","B14001_005",4997,524
"26","48005","Angelina County, Texas","B14001_006",4837,522
"27","48005","Angelina County, Texas","B14001_007",5194,358
"28","48005","Angelina County, Texas","B14001_008",3470,478
"29","48005","Angelina County, Texas","B14001_009",541,178
"30","48005","Angelina County, Texas","B14001_010",62846,575
"31","48007","Aransas County, Texas","B14001_001",24279,166
"32","48007","Aransas County, Texas","B14001_002",3652,421
"33","48007","Aransas County, Texas","B14001_003",270,186
"34","48007","Aransas County, Texas","B14001_004",225,128
"35","48007","Aransas County, Texas","B14001_005",775,195
"36","48007","Aransas County, Texas","B14001_006",1049,250
"37","48007","Aransas County, Texas","B14001_007",866,252
"38","48007","Aransas County, Texas","B14001_008",384,229
"39","48007","Aransas County, Texas","B14001_009",83,79
"40","48007","Aransas County, Texas","B14001_010",20627,376
"41","48009","Archer County, Texas","B14001_001",8615,51
"42","48009","Archer County, Texas","B14001_002",1920,94
"43","48009","Archer County, Texas","B14001_003",124,42
"44","48009","Archer County, Texas","B14001_004",66,42
"45","48009","Archer County, Texas","B14001_005",500,84
"46","48009","Archer County, Texas","B14001_006",476,86
"47","48009","Archer County, Texas","B14001_007",424,52
"48","48009","Archer County, Texas","B14001_008",276,61
"49","48009","Archer County, Texas","B14001_009",54,42
"50","48009","Archer County, Texas","B14001_010",6695,78
"51","48011","Armstrong County, Texas","B14001_001",1740,125
"52","48011","Armstrong County, Texas","B14001_002",327,86
"53","48011","Armstrong County, Texas","B14001_003",9,13
"54","48011","Armstrong County, Texas","B14001_004",0,15
"55","48011","Armstrong County, Texas","B14001_005",67,30
"56","48011","Armstrong County, Texas","B14001_006",137,50
"57","48011","Armstrong County, Texas","B14001_007",30,18
"58","48011","Armstrong County, Texas","B14001_008",76,65
"59","48011","Armstrong County, Texas","B14001_009",8,12
"60","48011","Armstrong County, Texas","B14001_010",1413,101
"61","48013","Atascosa County, Texas","B14001_001",49285,349
"62","48013","Atascosa County, Texas","B14001_002",11994,660
"63","48013","Atascosa County, Texas","B14001_003",549,204
"64","48013","Atascosa County, Texas","B14001_004",714,177
"65","48013","Atascosa County, Texas","B14001_005",3394,403
"66","48013","Atascosa County, Texas","B14001_006",2736,436
"67","48013","Atascosa County, Texas","B14001_007",2895,250
"68","48013","Atascosa County, Texas","B14001_008",1527,305
"69","48013","Atascosa County, Texas","B14001_009",179,84
"70","48013","Atascosa County, Texas","B14001_010",37291,778
"71","48015","Austin County, Texas","B14001_001",30337,183
"72","48015","Austin County, Texas","B14001_002",6963,342
"73","48015","Austin County, Texas","B14001_003",608,184
"74","48015","Austin County, Texas","B14001_004",313,136
"75","48015","Austin County, Texas","B14001_005",1262,216
"76","48015","Austin County, Texas","B14001_006",2089,239
"77","48015","Austin County, Texas","B14001_007",1777,167
"78","48015","Austin County, Texas","B14001_008",699,196
"79","48015","Austin County, Texas","B14001_009",215,146
"80","48015","Austin County, Texas","B14001_010",23374,299
"81","48017","Bailey County, Texas","B14001_001",6524,331
"82","48017","Bailey County, Texas","B14001_002",1253,187
"83","48017","Bailey County, Texas","B14001_003",0,21
"84","48017","Bailey County, Texas","B14001_004",143,91
"85","48017","Bailey County, Texas","B14001_005",432,146
"86","48017","Bailey County, Texas","B14001_006",306,116
"87","48017","Bailey County, Texas","B14001_007",290,97
"88","48017","Bailey County, Texas","B14001_008",82,58
"89","48017","Bailey County, Texas","B14001_009",0,21
"90","48017","Bailey County, Texas","B14001_010",5271,329
"91","48019","Bandera County, Texas","B14001_001",21433,91
"92","48019","Bandera County, Texas","B14001_002",3691,227
"93","48019","Bandera County, Texas","B14001_003",178,102
"94","48019","Bandera County, Texas","B14001_004",180,108
"95","48019","Bandera County, Texas","B14001_005",712,203
"96","48019","Bandera County, Texas","B14001_006",1110,173
"97","48019","Bandera County, Texas","B14001_007",670,122
"98","48019","Bandera County, Texas","B14001_008",682,200
"99","48019","Bandera County, Texas","B14001_009",159,97
"100","48019","Bandera County, Texas","B14001_010",17742,221
"101","48021","Bastrop County, Texas","B14001_001",102116,490
"102","48021","Bastrop County, Texas","B14001_002",24885,764
"103","48021","Bastrop County, Texas","B14001_003",1190,415
"104","48021","Bastrop County, Texas","B14001_004",1160,345
"105","48021","Bastrop County, Texas","B14001_005",5290,566
"106","48021","Bastrop County, Texas","B14001_006",6821,724
"107","48021","Bastrop County, Texas","B14001_007",6587,569
"108","48021","Bastrop County, Texas","B14001_008",3100,531
"109","48021","Bastrop County, Texas","B14001_009",737,281
"110","48021","Bastrop County, Texas","B14001_010",77231,837
"111","48023","Baylor County, Texas","B14001_001",3400,31
"112","48023","Baylor County, Texas","B14001_002",644,82
"113","48023","Baylor County, Texas","B14001_003",25,27
"114","48023","Baylor County, Texas","B14001_004",57,40
"115","48023","Baylor County, Texas","B14001_005",185,54
"116","48023","Baylor County, Texas","B14001_006",215,75
"117","48023","Baylor County, Texas","B14001_007",119,47
"118","48023","Baylor County, Texas","B14001_008",34,28
"119","48023","Baylor County, Texas","B14001_009",9,19
"120","48023","Baylor County, Texas","B14001_010",2756,80
"121","48025","Bee County, Texas","B14001_001",30192,161
"122","48025","Bee County, Texas","B14001_002",7098,570
"123","48025","Bee County, Texas","B14001_003",213,117
"124","48025","Bee County, Texas","B14001_004",424,152
"125","48025","Bee County, Texas","B14001_005",1183,193
"126","48025","Bee County, Texas","B14001_006",1517,266
"127","48025","Bee County, Texas","B14001_007",1779,255
"128","48025","Bee County, Texas","B14001_008",1810,476
"129","48025","Bee County, Texas","B14001_009",172,228
"130","48025","Bee County, Texas","B14001_010",23094,579
"131","48027","Bell County, Texas","B14001_001",368438,916
"132","48027","Bell County, Texas","B14001_002",106924,2068
"133","48027","Bell County, Texas","B14001_003",4822,571
"134","48027","Bell County, Texas","B14001_004",5528,830
"135","48027","Bell County, Texas","B14001_005",22789,1095
"136","48027","Bell County, Texas","B14001_006",24818,1197
"137","48027","Bell County, Texas","B14001_007",21743,833
"138","48027","Bell County, Texas","B14001_008",22533,1422
"139","48027","Bell County, Texas","B14001_009",4691,659
"140","48027","Bell County, Texas","B14001_010",261514,2153
"141","48029","Bexar County, Texas","B14001_001",1991773,1943
"142","48029","Bexar County, Texas","B14001_002",547274,4400
"143","48029","Bexar County, Texas","B14001_003",28046,1783
"144","48029","Bexar County, Texas","B14001_004",30012,1880
"145","48029","Bexar County, Texas","B14001_005",113713,3228
"146","48029","Bexar County, Texas","B14001_006",117618,3199
"147","48029","Bexar County, Texas","B14001_007",115244,2033
"148","48029","Bexar County, Texas","B14001_008",112727,3495
"149","48029","Bexar County, Texas","B14001_009",29914,2004
"150","48029","Bexar County, Texas","B14001_010",1444499,4569
"151","48031","Blanco County, Texas","B14001_001",12159,89
"152","48031","Blanco County, Texas","B14001_002",1980,229
"153","48031","Blanco County, Texas","B14001_003",88,60
"154","48031","Blanco County, Texas","B14001_004",79,54
"155","48031","Blanco County, Texas","B14001_005",513,130
"156","48031","Blanco County, Texas","B14001_006",505,99
"157","48031","Blanco County, Texas","B14001_007",487,97
"158","48031","Blanco County, Texas","B14001_008",204,139
"159","48031","Blanco County, Texas","B14001_009",104,73
"160","48031","Blanco County, Texas","B14001_010",10179,207
"161","48033","Borden County, Texas","B14001_001",678,131
"162","48033","Borden County, Texas","B14001_002",199,81
"163","48033","Borden County, Texas","B14001_003",11,9
"164","48033","Borden County, Texas","B14001_004",27,29
"165","48033","Borden County, Texas","B14001_005",73,40
"166","48033","Borden County, Texas","B14001_006",42,34
"167","48033","Borden County, Texas","B14001_007",46,24
"168","48033","Borden County, Texas","B14001_008",0,15
"169","48033","Borden County, Texas","B14001_009",0,15
"170","48033","Borden County, Texas","B14001_010",479,88
"171","48035","Bosque County, Texas","B14001_001",18096,83
"172","48035","Bosque County, Texas","B14001_002",3536,223
"173","48035","Bosque County, Texas","B14001_003",189,56
"174","48035","Bosque County, Texas","B14001_004",230,84
"175","48035","Bosque County, Texas","B14001_005",769,149
"176","48035","Bosque County, Texas","B14001_006",790,126
"177","48035","Bosque County, Texas","B14001_007",986,137
"178","48035","Bosque County, Texas","B14001_008",495,157
"179","48035","Bosque County, Texas","B14001_009",77,54
"180","48035","Bosque County, Texas","B14001_010",14560,238
"181","48037","Bowie County, Texas","B14001_001",88895,285
"182","48037","Bowie County, Texas","B14001_002",21398,711
"183","48037","Bowie County, Texas","B14001_003",1001,248
"184","48037","Bowie County, Texas","B14001_004",1520,352
"185","48037","Bowie County, Texas","B14001_005",5296,374
"186","48037","Bowie County, Texas","B14001_006",4836,465
"187","48037","Bowie County, Texas","B14001_007",5322,332
"188","48037","Bowie County, Texas","B14001_008",2662,496
"189","48037","Bowie County, Texas","B14001_009",761,210
"190","48037","Bowie County, Texas","B14001_010",67497,672
"191","48039","Brazoria County, Texas","B14001_001",376320,785
"192","48039","Brazoria County, Texas","B14001_002",105180,1660
"193","48039","Brazoria County, Texas","B14001_003",6063,856
"194","48039","Brazoria County, Texas","B14001_004",6484,889
"195","48039","Brazoria County, Texas","B14001_005",22787,1200
"196","48039","Brazoria County, Texas","B14001_006",21877,1076
"197","48039","Brazoria County, Texas","B14001_007",24900,910
"198","48039","Brazoria County, Texas","B14001_008",18175,1289
"199","48039","Brazoria County, Texas","B14001_009",4894,712
"200","48039","Brazoria County, Texas","B14001_010",271140,1560
"201","48041","Brazos County, Texas","B14001_001",234616,528
"202","48041","Brazos County, Texas","B14001_002",97019,1464
"203","48041","Brazos County, Texas","B14001_003",2939,422
"204","48041","Brazos County, Texas","B14001_004",3254,574
"205","48041","Brazos County, Texas","B14001_005",10478,595
"206","48041","Brazos County, Texas","B14001_006",9710,672
"207","48041","Brazos County, Texas","B14001_007",10393,587
"208","48041","Brazos County, Texas","B14001_008",49788,1214
"209","48041","Brazos County, Texas","B14001_009",10457,823
"210","48041","Brazos County, Texas","B14001_010",137597,1560
"211","48043","Brewster County, Texas","B14001_001",9306,156
"212","48043","Brewster County, Texas","B14001_002",2385,396
"213","48043","Brewster County, Texas","B14001_003",207,163
"214","48043","Brewster County, Texas","B14001_004",87,92
"215","48043","Brewster County, Texas","B14001_005",480,188
"216","48043","Brewster County, Texas","B14001_006",483,159
"217","48043","Brewster County, Texas","B14001_007",127,97
"218","48043","Brewster County, Texas","B14001_008",594,173
"219","48043","Brewster County, Texas","B14001_009",407,320
"220","48043","Brewster County, Texas","B14001_010",6921,323
"221","48045","Briscoe County, Texas","B14001_001",1240,130
"222","48045","Briscoe County, Texas","B14001_002",237,57
"223","48045","Briscoe County, Texas","B14001_003",14,10
"224","48045","Briscoe County, Texas","B14001_004",33,24
"225","48045","Briscoe County, Texas","B14001_005",46,25
"226","48045","Briscoe County, Texas","B14001_006",39,22
"227","48045","Briscoe County, Texas","B14001_007",55,23
"228","48045","Briscoe County, Texas","B14001_008",33,18
"229","48045","Briscoe County, Texas","B14001_009",17,17
"230","48045","Briscoe County, Texas","B14001_010",1003,112
"231","48047","Brooks County, Texas","B14001_001",6835,113
"232","48047","Brooks County, Texas","B14001_002",1466,384
"233","48047","Brooks County, Texas","B14001_003",262,236
"234","48047","Brooks County, Texas","B14001_004",7,13
"235","48047","Brooks County, Texas","B14001_005",624,157
"236","48047","Brooks County, Texas","B14001_006",89,73
"237","48047","Brooks County, Texas","B14001_007",242,159
"238","48047","Brooks County, Texas","B14001_008",242,220
"239","48047","Brooks County, Texas","B14001_009",0,21
"240","48047","Brooks County, Texas","B14001_010",5369,386
"241","48049","Brown County, Texas","B14001_001",37105,131
"242","48049","Brown County, Texas","B14001_002",8251,266
"243","48049","Brown County, Texas","B14001_003",555,151
"244","48049","Brown County, Texas","B14001_004",261,82
"245","48049","Brown County, Texas","B14001_005",1715,227
"246","48049","Brown County, Texas","B14001_006",1840,226
"247","48049","Brown County, Texas","B14001_007",1969,161
"248","48049","Brown County, Texas","B14001_008",1688,208
"249","48049","Brown County, Texas","B14001_009",223,82
"250","48049","Brown County, Texas","B14001_010",28854,232
"251","48051","Burleson County, Texas","B14001_001",18352,174
"252","48051","Burleson County, Texas","B14001_002",3912,204
"253","48051","Burleson County, Texas","B14001_003",104,59
"254","48051","Burleson County, Texas","B14001_004",239,115
"255","48051","Burleson County, Texas","B14001_005",940,139
"256","48051","Burleson County, Texas","B14001_006",1217,186
"257","48051","Burleson County, Texas","B14001_007",793,111
"258","48051","Burleson County, Texas","B14001_008",582,154
"259","48051","Burleson County, Texas","B14001_009",37,32
"260","48051","Burleson County, Texas","B14001_010",14440,286
"261","48053","Burnet County, Texas","B14001_001",51420,239
"262","48053","Burnet County, Texas","B14001_002",10995,509
"263","48053","Burnet County, Texas","B14001_003",1016,264
"264","48053","Burnet County, Texas","B14001_004",564,181
"265","48053","Burnet County, Texas","B14001_005",2369,326
"266","48053","Burnet County, Texas","B14001_006",2548,305
"267","48053","Burnet County, Texas","B14001_007",2736,290
"268","48053","Burnet County, Texas","B14001_008",1420,379
"269","48053","Burnet County, Texas","B14001_009",342,153
"270","48053","Burnet County, Texas","B14001_010",40425,478
"271","48055","Caldwell County, Texas","B14001_001",47081,252
"272","48055","Caldwell County, Texas","B14001_002",11550,546
"273","48055","Caldwell County, Texas","B14001_003",617,170
"274","48055","Caldwell County, Texas","B14001_004",609,141
"275","48055","Caldwell County, Texas","B14001_005",2254,320
"276","48055","Caldwell County, Texas","B14001_006",2721,351
"277","48055","Caldwell County, Texas","B14001_007",3004,279
"278","48055","Caldwell County, Texas","B14001_008",2087,423
"279","48055","Caldwell County, Texas","B14001_009",258,127
"280","48055","Caldwell County, Texas","B14001_010",35531,551
"281","48057","Calhoun County, Texas","B14001_001",19155,220
"282","48057","Calhoun County, Texas","B14001_002",4065,383
"283","48057","Calhoun County, Texas","B14001_003",143,101
"284","48057","Calhoun County, Texas","B14001_004",386,251
"285","48057","Calhoun County, Texas","B14001_005",737,215
"286","48057","Calhoun County, Texas","B14001_006",898,258
"287","48057","Calhoun County, Texas","B14001_007",1169,215
"288","48057","Calhoun County, Texas","B14001_008",549,257
"289","48057","Calhoun County, Texas","B14001_009",183,116
"290","48057","Calhoun County, Texas","B14001_010",15090,436
"291","48059","Callahan County, Texas","B14001_001",13785,112
"292","48059","Callahan County, Texas","B14001_002",3177,240
"293","48059","Callahan County, Texas","B14001_003",183,65
"294","48059","Callahan County, Texas","B14001_004",215,92
"295","48059","Callahan County, Texas","B14001_005",449,119
"296","48059","Callahan County, Texas","B14001_006",836,145
"297","48059","Callahan County, Texas","B14001_007",976,210
"298","48059","Callahan County, Texas","B14001_008",503,155
"299","48059","Callahan County, Texas","B14001_009",15,21
"300","48059","Callahan County, Texas","B14001_010",10608,250
"301","48061","Cameron County, Texas","B14001_001",410000,789
"302","48061","Cameron County, Texas","B14001_002",126279,1598
"303","48061","Cameron County, Texas","B14001_003",7551,578
"304","48061","Cameron County, Texas","B14001_004",6964,859
"305","48061","Cameron County, Texas","B14001_005",28584,1340
"306","48061","Cameron County, Texas","B14001_006",29000,1306
"307","48061","Cameron County, Texas","B14001_007",28870,1014
"308","48061","Cameron County, Texas","B14001_008",21162,1149
"309","48061","Cameron County, Texas","B14001_009",4148,638
"310","48061","Cameron County, Texas","B14001_010",283721,1632
"311","48063","Camp County, Texas","B14001_001",12262,110
"312","48063","Camp County, Texas","B14001_002",3337,268
"313","48063","Camp County, Texas","B14001_003",284,149
"314","48063","Camp County, Texas","B14001_004",117,88
"315","48063","Camp County, Texas","B14001_005",713,200
"316","48063","Camp County, Texas","B14001_006",730,141
"317","48063","Camp County, Texas","B14001_007",911,148
"318","48063","Camp County, Texas","B14001_008",535,156
"319","48063","Camp County, Texas","B14001_009",47,31
"320","48063","Camp County, Texas","B14001_010",8925,275
"321","48065","Carson County, Texas","B14001_001",5698,49
"322","48065","Carson County, Texas","B14001_002",1480,119
"323","48065","Carson County, Texas","B14001_003",108,40
"324","48065","Carson County, Texas","B14001_004",55,40
"325","48065","Carson County, Texas","B14001_005",303,77
"326","48065","Carson County, Texas","B14001_006",372,74
"327","48065","Carson County, Texas","B14001_007",440,71
"328","48065","Carson County, Texas","B14001_008",169,82
"329","48065","Carson County, Texas","B14001_009",33,38
"330","48065","Carson County, Texas","B14001_010",4218,110
"331","48067","Cass County, Texas","B14001_001",27423,183
"332","48067","Cass County, Texas","B14001_002",6085,358
"333","48067","Cass County, Texas","B14001_003",377,111
"334","48067","Cass County, Texas","B14001_004",394,132
"335","48067","Cass County, Texas","B14001_005",1169,226
"336","48067","Cass County, Texas","B14001_006",1470,179
"337","48067","Cass County, Texas","B14001_007",1631,154
"338","48067","Cass County, Texas","B14001_008",936,243
"339","48067","Cass County, Texas","B14001_009",108,72
"340","48067","Cass County, Texas","B14001_010",21338,341
"341","48069","Castro County, Texas","B14001_001",7042,96
"342","48069","Castro County, Texas","B14001_002",1782,151
"343","48069","Castro County, Texas","B14001_003",112,60
"344","48069","Castro County, Texas","B14001_004",123,62
"345","48069","Castro County, Texas","B14001_005",380,94
"346","48069","Castro County, Texas","B14001_006",510,104
"347","48069","Castro County, Texas","B14001_007",443,89
"348","48069","Castro County, Texas","B14001_008",194,120
"349","48069","Castro County, Texas","B14001_009",20,25
"350","48069","Castro County, Texas","B14001_010",5260,166
"351","48071","Chambers County, Texas","B14001_001",49082,254
"352","48071","Chambers County, Texas","B14001_002",13235,703
"353","48071","Chambers County, Texas","B14001_003",533,245
"354","48071","Chambers County, Texas","B14001_004",932,304
"355","48071","Chambers County, Texas","B14001_005",3004,509
"356","48071","Chambers County, Texas","B14001_006",3455,595
"357","48071","Chambers County, Texas","B14001_007",3038,311
"358","48071","Chambers County, Texas","B14001_008",1822,459
"359","48071","Chambers County, Texas","B14001_009",451,251
"360","48071","Chambers County, Texas","B14001_010",35847,694
"361","48073","Cherokee County, Texas","B14001_001",50000,221
"362","48073","Cherokee County, Texas","B14001_002",12060,351
"363","48073","Cherokee County, Texas","B14001_003",611,179
"364","48073","Cherokee County, Texas","B14001_004",807,217
"365","48073","Cherokee County, Texas","B14001_005",2939,336
"366","48073","Cherokee County, Texas","B14001_006",3145,346
"367","48073","Cherokee County, Texas","B14001_007",2851,205
"368","48073","Cherokee County, Texas","B14001_008",1552,309
"369","48073","Cherokee County, Texas","B14001_009",155,84
"370","48073","Cherokee County, Texas","B14001_010",37940,378
"371","48075","Childress County, Texas","B14001_001",6575,88
"372","48075","Childress County, Texas","B14001_002",1154,189
"373","48075","Childress County, Texas","B14001_003",4,9
"374","48075","Childress County, Texas","B14001_004",0,21
"375","48075","Childress County, Texas","B14001_005",410,171
"376","48075","Childress County, Texas","B14001_006",289,146
"377","48075","Childress County, Texas","B14001_007",309,100
"378","48075","Childress County, Texas","B14001_008",142,101
"379","48075","Childress County, Texas","B14001_009",0,21
"380","48075","Childress County, Texas","B14001_010",5421,209
"381","48077","Clay County, Texas","B14001_001",10186,69
"382","48077","Clay County, Texas","B14001_002",1899,92
"383","48077","Clay County, Texas","B14001_003",62,29
"384","48077","Clay County, Texas","B14001_004",127,64
"385","48077","Clay County, Texas","B14001_005",436,78
"386","48077","Clay County, Texas","B14001_006",509,85
"387","48077","Clay County, Texas","B14001_007",471,64
"388","48077","Clay County, Texas","B14001_008",251,71
"389","48077","Clay County, Texas","B14001_009",43,29
"390","48077","Clay County, Texas","B14001_010",8287,117
"391","48079","Cochran County, Texas","B14001_001",2431,22
"392","48079","Cochran County, Texas","B14001_002",603,61
"393","48079","Cochran County, Texas","B14001_003",24,15
"394","48079","Cochran County, Texas","B14001_004",42,23
"395","48079","Cochran County, Texas","B14001_005",109,29
"396","48079","Cochran County, Texas","B14001_006",179,39
"397","48079","Cochran County, Texas","B14001_007",200,57
"398","48079","Cochran County, Texas","B14001_008",39,20
"399","48079","Cochran County, Texas","B14001_009",10,8
"400","48079","Cochran County, Texas","B14001_010",1828,65
"401","48081","Coke County, Texas","B14001_001",3270,26
"402","48081","Coke County, Texas","B14001_002",715,83
"403","48081","Coke County, Texas","B14001_003",21,20
"404","48081","Coke County, Texas","B14001_004",59,34
"405","48081","Coke County, Texas","B14001_005",142,51
"406","48081","Coke County, Texas","B14001_006",194,61
"407","48081","Coke County, Texas","B14001_007",172,54
"408","48081","Coke County, Texas","B14001_008",99,56
"409","48081","Coke County, Texas","B14001_009",28,31
"410","48081","Coke County, Texas","B14001_010",2555,91
"411","48083","Coleman County, Texas","B14001_001",7538,145
"412","48083","Coleman County, Texas","B14001_002",1216,195
"413","48083","Coleman County, Texas","B14001_003",83,104
"414","48083","Coleman County, Texas","B14001_004",44,36
"415","48083","Coleman County, Texas","B14001_005",252,106
"416","48083","Coleman County, Texas","B14001_006",399,131
"417","48083","Coleman County, Texas","B14001_007",383,123
"418","48083","Coleman County, Texas","B14001_008",48,35
"419","48083","Coleman County, Texas","B14001_009",7,11
"420","48083","Coleman County, Texas","B14001_010",6322,136
"421","48085","Collin County, Texas","B14001_001",1125491,1356
"422","48085","Collin County, Texas","B14001_002",315663,2938
"423","48085","Collin County, Texas","B14001_003",18290,1259
"424","48085","Collin County, Texas","B14001_004",14970,1296
"425","48085","Collin County, Texas","B14001_005",64951,2058
"426","48085","Collin County, Texas","B14001_006",66887,2026
"427","48085","Collin County, Texas","B14001_007",72781,1519
"428","48085","Collin County, Texas","B14001_008",59048,2296
"429","48085","Collin County, Texas","B14001_009",18736,1132
"430","48085","Collin County, Texas","B14001_010",809828,2939
"431","48087","Collingsworth County, Texas","B14001_001",2494,147
"432","48087","Collingsworth County, Texas","B14001_002",739,148
"433","48087","Collingsworth County, Texas","B14001_003",87,84
"434","48087","Collingsworth County, Texas","B14001_004",34,22
"435","48087","Collingsworth County, Texas","B14001_005",208,56
"436","48087","Collingsworth County, Texas","B14001_006",186,42
"437","48087","Collingsworth County, Texas","B14001_007",121,53
"438","48087","Collingsworth County, Texas","B14001_008",53,41
"439","48087","Collingsworth County, Texas","B14001_009",50,53
"440","48087","Collingsworth County, Texas","B14001_010",1755,152
"441","48089","Colorado County, Texas","B14001_001",20087,214
"442","48089","Colorado County, Texas","B14001_002",4287,325
"443","48089","Colorado County, Texas","B14001_003",241,111
"444","48089","Colorado County, Texas","B14001_004",262,119
"445","48089","Colorado County, Texas","B14001_005",1015,226
"446","48089","Colorado County, Texas","B14001_006",1316,249
"447","48089","Colorado County, Texas","B14001_007",982,211
"448","48089","Colorado County, Texas","B14001_008",424,181
"449","48089","Colorado County, Texas","B14001_009",47,40
"450","48089","Colorado County, Texas","B14001_010",15800,282
"451","48091","Comal County, Texas","B14001_001",177940,578
"452","48091","Comal County, Texas","B14001_002",40192,1004
"453","48091","Comal County, Texas","B14001_003",2276,466
"454","48091","Comal County, Texas","B14001_004",1875,422
"455","48091","Comal County, Texas","B14001_005",10008,817
"456","48091","Comal County, Texas","B14001_006",9315,912
"457","48091","Comal County, Texas","B14001_007",9972,433
"458","48091","Comal County, Texas","B14001_008",4993,749
"459","48091","Comal County, Texas","B14001_009",1753,400
"460","48091","Comal County, Texas","B14001_010",137748,989
"461","48093","Comanche County, Texas","B14001_001",13595,80
"462","48093","Comanche County, Texas","B14001_002",2980,182
"463","48093","Comanche County, Texas","B14001_003",249,106
"464","48093","Comanche County, Texas","B14001_004",238,97
"465","48093","Comanche County, Texas","B14001_005",928,129
"466","48093","Comanche County, Texas","B14001_006",497,125
"467","48093","Comanche County, Texas","B14001_007",838,103
"468","48093","Comanche County, Texas","B14001_008",207,115
"469","48093","Comanche County, Texas","B14001_009",23,22
"470","48093","Comanche County, Texas","B14001_010",10615,168
"471","48095","Concho County, Texas","B14001_001",3275,12
"472","48095","Concho County, Texas","B14001_002",422,96
"473","48095","Concho County, Texas","B14001_003",10,12
"474","48095","Concho County, Texas","B14001_004",22,18
"475","48095","Concho County, Texas","B14001_005",49,35
"476","48095","Concho County, Texas","B14001_006",100,44
"477","48095","Concho County, Texas","B14001_007",145,58
"478","48095","Concho County, Texas","B14001_008",86,68
"479","48095","Concho County, Texas","B14001_009",10,10
"480","48095","Concho County, Texas","B14001_010",2853,96
"481","48097","Cooke County, Texas","B14001_001",41518,222
"482","48097","Cooke County, Texas","B14001_002",9352,368
"483","48097","Cooke County, Texas","B14001_003",289,102
"484","48097","Cooke County, Texas","B14001_004",514,145
"485","48097","Cooke County, Texas","B14001_005",2295,303
"486","48097","Cooke County, Texas","B14001_006",2147,288
"487","48097","Cooke County, Texas","B14001_007",2628,291
"488","48097","Cooke County, Texas","B14001_008",1165,257
"489","48097","Cooke County, Texas","B14001_009",314,147
"490","48097","Cooke County, Texas","B14001_010",32166,435
"491","48099","Coryell County, Texas","B14001_001",81364,284
"492","48099","Coryell County, Texas","B14001_002",19459,719
"493","48099","Coryell County, Texas","B14001_003",760,187
"494","48099","Coryell County, Texas","B14001_004",1587,298
"495","48099","Coryell County, Texas","B14001_005",3988,472
"496","48099","Coryell County, Texas","B14001_006",4156,464
"497","48099","Coryell County, Texas","B14001_007",4215,441
"498","48099","Coryell County, Texas","B14001_008",4051,496
"499","48099","Coryell County, Texas","B14001_009",702,220
"500","48099","Coryell County, Texas","B14001_010",61905,693
"501","48101","Cottle County, Texas","B14001_001",1293,202
"502","48101","Cottle County, Texas","B14001_002",265,104
"503","48101","Cottle County, Texas","B14001_003",0,15
"504","48101","Cottle County, Texas","B14001_004",11,14
"505","48101","Cottle County, Texas","B14001_005",58,41
"506","48101","Cottle County, Texas","B14001_006",43,30
"507","48101","Cottle County, Texas","B14001_007",90,48
"508","48101","Cottle County, Texas","B14001_008",63,81
"509","48101","Cottle County, Texas","B14001_009",0,15
"510","48101","Cottle County, Texas","B14001_010",1028,144
"511","48103","Crane County, Texas","B14001_001",4468,107
"512","48103","Crane County, Texas","B14001_002",1208,208
"513","48103","Crane County, Texas","B14001_003",89,95
"514","48103","Crane County, Texas","B14001_004",0,15
"515","48103","Crane County, Texas","B14001_005",140,102
"516","48103","Crane County, Texas","B14001_006",514,206
"517","48103","Crane County, Texas","B14001_007",328,117
"518","48103","Crane County, Texas","B14001_008",114,79
"519","48103","Crane County, Texas","B14001_009",23,29
"520","48103","Crane County, Texas","B14001_010",3260,178
"521","48105","Crockett County, Texas","B14001_001",2793,279
"522","48105","Crockett County, Texas","B14001_002",710,209
"523","48105","Crockett County, Texas","B14001_003",35,72
"524","48105","Crockett County, Texas","B14001_004",47,71
"525","48105","Crockett County, Texas","B14001_005",356,128
"526","48105","Crockett County, Texas","B14001_006",47,114
"527","48105","Crockett County, Texas","B14001_007",225,163
"528","48105","Crockett County, Texas","B14001_008",0,15
"529","48105","Crockett County, Texas","B14001_009",0,15
"530","48105","Crockett County, Texas","B14001_010",2083,192
"531","48107","Crosby County, Texas","B14001_001",4897,47
"532","48107","Crosby County, Texas","B14001_002",1119,53
"533","48107","Crosby County, Texas","B14001_003",78,36
"534","48107","Crosby County, Texas","B14001_004",55,29
"535","48107","Crosby County, Texas","B14001_005",310,59
"536","48107","Crosby County, Texas","B14001_006",293,55
"537","48107","Crosby County, Texas","B14001_007",298,36
"538","48107","Crosby County, Texas","B14001_008",71,40
"539","48107","Crosby County, Texas","B14001_009",14,11
"540","48107","Crosby County, Texas","B14001_010",3778,62
"541","48109","Culberson County, Texas","B14001_001",2070,141
"542","48109","Culberson County, Texas","B14001_002",271,165
"543","48109","Culberson County, Texas","B14001_003",0,15
"544","48109","Culberson County, Texas","B14001_004",14,43
"545","48109","Culberson County, Texas","B14001_005",59,93
"546","48109","Culberson County, Texas","B14001_006",108,83
"547","48109","Culberson County, Texas","B14001_007",84,51
"548","48109","Culberson County, Texas","B14001_008",0,15
"549","48109","Culberson County, Texas","B14001_009",6,38
"550","48109","Culberson County, Texas","B14001_010",1799,195
"551","48111","Dallam County, Texas","B14001_001",7101,45
"552","48111","Dallam County, Texas","B14001_002",2135,305
"553","48111","Dallam County, Texas","B14001_003",70,116
"554","48111","Dallam County, Texas","B14001_004",204,131
"555","48111","Dallam County, Texas","B14001_005",473,167
"556","48111","Dallam County, Texas","B14001_006",699,212
"557","48111","Dallam County, Texas","B14001_007",551,202
"558","48111","Dallam County, Texas","B14001_008",93,76
"559","48111","Dallam County, Texas","B14001_009",45,73
"560","48111","Dallam County, Texas","B14001_010",4966,308
"561","48113","Dallas County, Texas","B14001_001",2514031,2224
"562","48113","Dallas County, Texas","B14001_002",662580,4602
"563","48113","Dallas County, Texas","B14001_003",39477,2162
"564","48113","Dallas County, Texas","B14001_004",38682,1929
"565","48113","Dallas County, Texas","B14001_005",140145,2929
"566","48113","Dallas County, Texas","B14001_006",148620,3494
"567","48113","Dallas County, Texas","B14001_007",150785,1896
"568","48113","Dallas County, Texas","B14001_008",109578,3148
"569","48113","Dallas County, Texas","B14001_009",35293,2049
"570","48113","Dallas County, Texas","B14001_010",1851451,4374
"571","48115","Dawson County, Texas","B14001_001",11627,121
"572","48115","Dawson County, Texas","B14001_002",2697,185
"573","48115","Dawson County, Texas","B14001_003",120,88
"574","48115","Dawson County, Texas","B14001_004",176,91
"575","48115","Dawson County, Texas","B14001_005",704,92
"576","48115","Dawson County, Texas","B14001_006",692,146
"577","48115","Dawson County, Texas","B14001_007",792,157
"578","48115","Dawson County, Texas","B14001_008",183,77
"579","48115","Dawson County, Texas","B14001_009",30,34
"580","48115","Dawson County, Texas","B14001_010",8930,183
"581","48117","Deaf Smith County, Texas","B14001_001",17624,177
"582","48117","Deaf Smith County, Texas","B14001_002",4723,436
"583","48117","Deaf Smith County, Texas","B14001_003",425,216
"584","48117","Deaf Smith County, Texas","B14001_004",265,139
"585","48117","Deaf Smith County, Texas","B14001_005",1263,156
"586","48117","Deaf Smith County, Texas","B14001_006",1127,244
"587","48117","Deaf Smith County, Texas","B14001_007",1064,193
"588","48117","Deaf Smith County, Texas","B14001_008",546,239
"589","48117","Deaf Smith County, Texas","B14001_009",33,45
"590","48117","Deaf Smith County, Texas","B14001_010",12901,470
"591","48119","Delta County, Texas","B14001_001",5077,78
"592","48119","Delta County, Texas","B14001_002",957,81
"593","48119","Delta County, Texas","B14001_003",67,52
"594","48119","Delta County, Texas","B14001_004",24,25
"595","48119","Delta County, Texas","B14001_005",262,104
"596","48119","Delta County, Texas","B14001_006",291,54
"597","48119","Delta County, Texas","B14001_007",271,65
"598","48119","Delta County, Texas","B14001_008",28,23
"599","48119","Delta County, Texas","B14001_009",14,15
"600","48119","Delta County, Texas","B14001_010",4120,67
"601","48121","Denton County, Texas","B14001_001",947017,1110
"602","48121","Denton County, Texas","B14001_002",258822,2768
"603","48121","Denton County, Texas","B14001_003",16029,1093
"604","48121","Denton County, Texas","B14001_004",12323,1060
"605","48121","Denton County, Texas","B14001_005",51013,1759
"606","48121","Denton County, Texas","B14001_006",52010,1760
"607","48121","Denton County, Texas","B14001_007",54421,1142
"608","48121","Denton County, Texas","B14001_008",55312,2058
"609","48121","Denton County, Texas","B14001_009",17714,1222
"610","48121","Denton County, Texas","B14001_010",688195,2742
"611","48123","DeWitt County, Texas","B14001_001",19264,200
"612","48123","DeWitt County, Texas","B14001_002",4096,308
"613","48123","DeWitt County, Texas","B14001_003",275,150
"614","48123","DeWitt County, Texas","B14001_004",372,119
"615","48123","DeWitt County, Texas","B14001_005",1145,217
"616","48123","DeWitt County, Texas","B14001_006",848,185
"617","48123","DeWitt County, Texas","B14001_007",828,108
"618","48123","DeWitt County, Texas","B14001_008",539,186
"619","48123","DeWitt County, Texas","B14001_009",89,45
"620","48123","DeWitt County, Texas","B14001_010",15168,249
"621","48125","Dickens County, Texas","B14001_001",1713,156
"622","48125","Dickens County, Texas","B14001_002",395,85
"623","48125","Dickens County, Texas","B14001_003",27,19
"624","48125","Dickens County, Texas","B14001_004",33,19
"625","48125","Dickens County, Texas","B14001_005",42,19
"626","48125","Dickens County, Texas","B14001_006",89,33
"627","48125","Dickens County, Texas","B14001_007",119,45
"628","48125","Dickens County, Texas","B14001_008",74,50
"629","48125","Dickens County, Texas","B14001_009",11,12
"630","48125","Dickens County, Texas","B14001_010",1318,133
"631","48127","Dimmit County, Texas","B14001_001",8059,138
"632","48127","Dimmit County, Texas","B14001_002",2012,223
"633","48127","Dimmit County, Texas","B14001_003",49,63
"634","48127","Dimmit County, Texas","B14001_004",178,104
"635","48127","Dimmit County, Texas","B14001_005",560,201
"636","48127","Dimmit County, Texas","B14001_006",520,269
"637","48127","Dimmit County, Texas","B14001_007",572,150
"638","48127","Dimmit County, Texas","B14001_008",133,108
"639","48127","Dimmit County, Texas","B14001_009",0,21
"640","48127","Dimmit County, Texas","B14001_010",6047,237
"641","48129","Donley County, Texas","B14001_001",3177,21
"642","48129","Donley County, Texas","B14001_002",886,100
"643","48129","Donley County, Texas","B14001_003",47,30
"644","48129","Donley County, Texas","B14001_004",25,20
"645","48129","Donley County, Texas","B14001_005",93,41
"646","48129","Donley County, Texas","B14001_006",199,56
"647","48129","Donley County, Texas","B14001_007",133,32
"648","48129","Donley County, Texas","B14001_008",370,83
"649","48129","Donley County, Texas","B14001_009",19,31
"650","48129","Donley County, Texas","B14001_010",2291,96
"651","48131","Duval County, Texas","B14001_001",9410,126
"652","48131","Duval County, Texas","B14001_002",2307,223
"653","48131","Duval County, Texas","B14001_003",254,161
"654","48131","Duval County, Texas","B14001_004",178,104
"655","48131","Duval County, Texas","B14001_005",573,160
"656","48131","Duval County, Texas","B14001_006",467,155
"657","48131","Duval County, Texas","B14001_007",654,197
"658","48131","Duval County, Texas","B14001_008",181,158
"659","48131","Duval County, Texas","B14001_009",0,21
"660","48131","Duval County, Texas","B14001_010",7103,240
"661","48133","Eastland County, Texas","B14001_001",17398,122
"662","48133","Eastland County, Texas","B14001_002",4510,291
"663","48133","Eastland County, Texas","B14001_003",435,162
"664","48133","Eastland County, Texas","B14001_004",281,141
"665","48133","Eastland County, Texas","B14001_005",690,144
"666","48133","Eastland County, Texas","B14001_006",750,170
"667","48133","Eastland County, Texas","B14001_007",1006,107
"668","48133","Eastland County, Texas","B14001_008",1235,214
"669","48133","Eastland County, Texas","B14001_009",113,93
"670","48133","Eastland County, Texas","B14001_010",12888,256
"671","48135","Ector County, Texas","B14001_001",155990,692
"672","48135","Ector County, Texas","B14001_002",46290,1239
"673","48135","Ector County, Texas","B14001_003",3688,783
"674","48135","Ector County, Texas","B14001_004",2641,531
"675","48135","Ector County, Texas","B14001_005",11365,743
"676","48135","Ector County, Texas","B14001_006",10538,822
"677","48135","Ector County, Texas","B14001_007",9962,521
"678","48135","Ector County, Texas","B14001_008",6134,758
"679","48135","Ector County, Texas","B14001_009",1962,551
"680","48135","Ector County, Texas","B14001_010",109700,1185
"681","48137","Edwards County, Texas","B14001_001",1255,247
"682","48137","Edwards County, Texas","B14001_002",456,214
"683","48137","Edwards County, Texas","B14001_003",22,31
"684","48137","Edwards County, Texas","B14001_004",0,15
"685","48137","Edwards County, Texas","B14001_005",77,95
"686","48137","Edwards County, Texas","B14001_006",80,108
"687","48137","Edwards County, Texas","B14001_007",265,210
"688","48137","Edwards County, Texas","B14001_008",2,4
"689","48137","Edwards County, Texas","B14001_009",10,18
"690","48137","Edwards County, Texas","B14001_010",799,221
"691","48139","Ellis County, Texas","B14001_001",205616,483
"692","48139","Ellis County, Texas","B14001_002",56339,973
"693","48139","Ellis County, Texas","B14001_003",3090,476
"694","48139","Ellis County, Texas","B14001_004",2974,411
"695","48139","Ellis County, Texas","B14001_005",11625,862
"696","48139","Ellis County, Texas","B14001_006",14531,997
"697","48139","Ellis County, Texas","B14001_007",12931,519
"698","48139","Ellis County, Texas","B14001_008",8723,747
"699","48139","Ellis County, Texas","B14001_009",2465,411
"700","48139","Ellis County, Texas","B14001_010",149277,1087
"701","48141","El Paso County, Texas","B14001_001",835613,1462
"702","48141","El Paso County, Texas","B14001_002",252243,2587
"703","48141","El Paso County, Texas","B14001_003",12601,1209
"704","48141","El Paso County, Texas","B14001_004",13402,1313
"705","48141","El Paso County, Texas","B14001_005",48702,1556
"706","48141","El Paso County, Texas","B14001_006",53735,1964
"707","48141","El Paso County, Texas","B14001_007",54519,1282
"708","48141","El Paso County, Texas","B14001_008",55859,2254
"709","48141","El Paso County, Texas","B14001_009",13425,1187
"710","48141","El Paso County, Texas","B14001_010",583370,2863
"711","48143","Erath County, Texas","B14001_001",42370,194
"712","48143","Erath County, Texas","B14001_002",14161,543
"713","48143","Erath County, Texas","B14001_003",643,207
"714","48143","Erath County, Texas","B14001_004",239,104
"715","48143","Erath County, Texas","B14001_005",2265,276
"716","48143","Erath County, Texas","B14001_006",1876,268
"717","48143","Erath County, Texas","B14001_007",1922,228
"718","48143","Erath County, Texas","B14001_008",6529,523
"719","48143","Erath County, Texas","B14001_009",687,318
"720","48143","Erath County, Texas","B14001_010",28209,545
"721","48145","Falls County, Texas","B14001_001",16811,112
"722","48145","Falls County, Texas","B14001_002",3328,341
"723","48145","Falls County, Texas","B14001_003",161,90
"724","48145","Falls County, Texas","B14001_004",78,44
"725","48145","Falls County, Texas","B14001_005",739,126
"726","48145","Falls County, Texas","B14001_006",725,226
"727","48145","Falls County, Texas","B14001_007",1000,169
"728","48145","Falls County, Texas","B14001_008",555,194
"729","48145","Falls County, Texas","B14001_009",70,49
"730","48145","Falls County, Texas","B14001_010",13483,296
"731","48147","Fannin County, Texas","B14001_001",36315,121
"732","48147","Fannin County, Texas","B14001_002",7663,354
"733","48147","Fannin County, Texas","B14001_003",653,150
"734","48147","Fannin County, Texas","B14001_004",414,134
"735","48147","Fannin County, Texas","B14001_005",1854,208
"736","48147","Fannin County, Texas","B14001_006",1583,208
"737","48147","Fannin County, Texas","B14001_007",1826,144
"738","48147","Fannin County, Texas","B14001_008",1126,243
"739","48147","Fannin County, Texas","B14001_009",207,128
"740","48147","Fannin County, Texas","B14001_010",28652,368
"741","48149","Fayette County, Texas","B14001_001",24297,111
"742","48149","Fayette County, Texas","B14001_002",4645,215
"743","48149","Fayette County, Texas","B14001_003",299,92
"744","48149","Fayette County, Texas","B14001_004",329,104
"745","48149","Fayette County, Texas","B14001_005",1059,185
"746","48149","Fayette County, Texas","B14001_006",1216,213
"747","48149","Fayette County, Texas","B14001_007",1256,154
"748","48149","Fayette County, Texas","B14001_008",363,122
"749","48149","Fayette County, Texas","B14001_009",123,69
"750","48149","Fayette County, Texas","B14001_010",19652,204
"751","48151","Fisher County, Texas","B14001_001",3550,31
"752","48151","Fisher County, Texas","B14001_002",729,91
"753","48151","Fisher County, Texas","B14001_003",58,24
"754","48151","Fisher County, Texas","B14001_004",74,29
"755","48151","Fisher County, Texas","B14001_005",206,51
"756","48151","Fisher County, Texas","B14001_006",172,40
"757","48151","Fisher County, Texas","B14001_007",156,39
"758","48151","Fisher County, Texas","B14001_008",63,37
"759","48151","Fisher County, Texas","B14001_009",0,15
"760","48151","Fisher County, Texas","B14001_010",2821,89
"761","48153","Floyd County, Texas","B14001_001",5006,44
"762","48153","Floyd County, Texas","B14001_002",1196,91
"763","48153","Floyd County, Texas","B14001_003",86,62
"764","48153","Floyd County, Texas","B14001_004",152,83
"765","48153","Floyd County, Texas","B14001_005",333,90
"766","48153","Floyd County, Texas","B14001_006",252,89
"767","48153","Floyd County, Texas","B14001_007",258,100
"768","48153","Floyd County, Texas","B14001_008",87,60
"769","48153","Floyd County, Texas","B14001_009",28,30
"770","48153","Floyd County, Texas","B14001_010",3810,82
"771","48155","Foard County, Texas","B14001_001",972,173
"772","48155","Foard County, Texas","B14001_002",186,87
"773","48155","Foard County, Texas","B14001_003",33,30
"774","48155","Foard County, Texas","B14001_004",0,15
"775","48155","Foard County, Texas","B14001_005",15,22
"776","48155","Foard County, Texas","B14001_006",52,42
"777","48155","Foard County, Texas","B14001_007",72,47
"778","48155","Foard County, Texas","B14001_008",7,11
"779","48155","Foard County, Texas","B14001_009",7,9
"780","48155","Foard County, Texas","B14001_010",786,124
"781","48157","Fort Bend County, Texas","B14001_001",864605,1404
"782","48157","Fort Bend County, Texas","B14001_002",257303,3382
"783","48157","Fort Bend County, Texas","B14001_003",14847,1377
"784","48157","Fort Bend County, Texas","B14001_004",12802,1397
"785","48157","Fort Bend County, Texas","B14001_005",53347,2445
"786","48157","Fort Bend County, Texas","B14001_006",57841,2384
"787","48157","Fort Bend County, Texas","B14001_007",58790,1482
"788","48157","Fort Bend County, Texas","B14001_008",46882,2232
"789","48157","Fort Bend County, Texas","B14001_009",12794,1536
"790","48157","Fort Bend County, Texas","B14001_010",607302,3314
"791","48159","Franklin County, Texas","B14001_001",10264,81
"792","48159","Franklin County, Texas","B14001_002",2182,287
"793","48159","Franklin County, Texas","B14001_003",68,46
"794","48159","Franklin County, Texas","B14001_004",87,60
"795","48159","Franklin County, Texas","B14001_005",307,125
"796","48159","Franklin County, Texas","B14001_006",725,133
"797","48159","Franklin County, Texas","B14001_007",660,152
"798","48159","Franklin County, Texas","B14001_008",310,126
"799","48159","Franklin County, Texas","B14001_009",25,27
"800","48159","Franklin County, Texas","B14001_010",8082,267
"801","48161","Freestone County, Texas","B14001_001",19458,150
"802","48161","Freestone County, Texas","B14001_002",4297,235
"803","48161","Freestone County, Texas","B14001_003",219,104
"804","48161","Freestone County, Texas","B14001_004",136,108
"805","48161","Freestone County, Texas","B14001_005",1245,167
"806","48161","Freestone County, Texas","B14001_006",949,155
"807","48161","Freestone County, Texas","B14001_007",1173,138
"808","48161","Freestone County, Texas","B14001_008",491,128
"809","48161","Freestone County, Texas","B14001_009",84,70
"810","48161","Freestone County, Texas","B14001_010",15161,202
"811","48163","Frio County, Texas","B14001_001",18025,217
"812","48163","Frio County, Texas","B14001_002",4659,402
"813","48163","Frio County, Texas","B14001_003",238,124
"814","48163","Frio County, Texas","B14001_004",129,109
"815","48163","Frio County, Texas","B14001_005",1009,223
"816","48163","Frio County, Texas","B14001_006",1260,322
"817","48163","Frio County, Texas","B14001_007",1339,262
"818","48163","Frio County, Texas","B14001_008",525,248
"819","48163","Frio County, Texas","B14001_009",159,132
"820","48163","Frio County, Texas","B14001_010",13366,402
"821","48165","Gaines County, Texas","B14001_001",21122,179
"822","48165","Gaines County, Texas","B14001_002",5867,366
"823","48165","Gaines County, Texas","B14001_003",368,180
"824","48165","Gaines County, Texas","B14001_004",434,160
"825","48165","Gaines County, Texas","B14001_005",2174,324
"826","48165","Gaines County, Texas","B14001_006",1318,292
"827","48165","Gaines County, Texas","B14001_007",1095,300
"828","48165","Gaines County, Texas","B14001_008",432,195
"829","48165","Gaines County, Texas","B14001_009",46,77
"830","48165","Gaines County, Texas","B14001_010",15255,414
"831","48167","Galveston County, Texas","B14001_001",346750,688
"832","48167","Galveston County, Texas","B14001_002",91514,1513
"833","48167","Galveston County, Texas","B14001_003",4971,651
"834","48167","Galveston County, Texas","B14001_004",4064,658
"835","48167","Galveston County, Texas","B14001_005",19414,1031
"836","48167","Galveston County, Texas","B14001_006",19925,896
"837","48167","Galveston County, Texas","B14001_007",20347,651
"838","48167","Galveston County, Texas","B14001_008",17859,1005
"839","48167","Galveston County, Texas","B14001_009",4934,678
"840","48167","Galveston County, Texas","B14001_010",255236,1374
"841","48169","Garza County, Texas","B14001_001",5001,210
"842","48169","Garza County, Texas","B14001_002",893,208
"843","48169","Garza County, Texas","B14001_003",23,34
"844","48169","Garza County, Texas","B14001_004",57,47
"845","48169","Garza County, Texas","B14001_005",190,61
"846","48169","Garza County, Texas","B14001_006",205,98
"847","48169","Garza County, Texas","B14001_007",197,61
"848","48169","Garza County, Texas","B14001_008",220,156
"849","48169","Garza County, Texas","B14001_009",1,3
"850","48169","Garza County, Texas","B14001_010",4108,265
"851","48171","Gillespie County, Texas","B14001_001",26818,176
"852","48171","Gillespie County, Texas","B14001_002",4769,282
"853","48171","Gillespie County, Texas","B14001_003",546,217
"854","48171","Gillespie County, Texas","B14001_004",352,125
"855","48171","Gillespie County, Texas","B14001_005",1116,253
"856","48171","Gillespie County, Texas","B14001_006",1163,219
"857","48171","Gillespie County, Texas","B14001_007",1288,155
"858","48171","Gillespie County, Texas","B14001_008",216,110
"859","48171","Gillespie County, Texas","B14001_009",88,64
"860","48171","Gillespie County, Texas","B14001_010",22049,229
"861","48173","Glasscock County, Texas","B14001_001",1019,137
"862","48173","Glasscock County, Texas","B14001_002",176,86
"863","48173","Glasscock County, Texas","B14001_003",26,32
"864","48173","Glasscock County, Texas","B14001_004",17,23
"865","48173","Glasscock County, Texas","B14001_005",30,23
"866","48173","Glasscock County, Texas","B14001_006",57,46
"867","48173","Glasscock County, Texas","B14001_007",41,29
"868","48173","Glasscock County, Texas","B14001_008",5,6
"869","48173","Glasscock County, Texas","B14001_009",0,15
"870","48173","Glasscock County, Texas","B14001_010",843,129
"871","48175","Goliad County, Texas","B14001_001",6873,46
"872","48175","Goliad County, Texas","B14001_002",1221,131
"873","48175","Goliad County, Texas","B14001_003",61,39
"874","48175","Goliad County, Texas","B14001_004",93,61
"875","48175","Goliad County, Texas","B14001_005",342,74
"876","48175","Goliad County, Texas","B14001_006",333,71
"877","48175","Goliad County, Texas","B14001_007",259,58
"878","48175","Goliad County, Texas","B14001_008",132,89
"879","48175","Goliad County, Texas","B14001_009",1,7
"880","48175","Goliad County, Texas","B14001_010",5652,109
"881","48177","Gonzales County, Texas","B14001_001",18935,115
"882","48177","Gonzales County, Texas","B14001_002",4729,312
"883","48177","Gonzales County, Texas","B14001_003",110,73
"884","48177","Gonzales County, Texas","B14001_004",376,136
"885","48177","Gonzales County, Texas","B14001_005",969,184
"886","48177","Gonzales County, Texas","B14001_006",1454,218
"887","48177","Gonzales County, Texas","B14001_007",1278,207
"888","48177","Gonzales County, Texas","B14001_008",470,196
"889","48177","Gonzales County, Texas","B14001_009",72,67
"890","48177","Gonzales County, Texas","B14001_010",14206,321
"891","48179","Gray County, Texas","B14001_001",20483,105
"892","48179","Gray County, Texas","B14001_002",5060,210
"893","48179","Gray County, Texas","B14001_003",429,141
"894","48179","Gray County, Texas","B14001_004",231,109
"895","48179","Gray County, Texas","B14001_005",1278,170
"896","48179","Gray County, Texas","B14001_006",1169,179
"897","48179","Gray County, Texas","B14001_007",1303,206
"898","48179","Gray County, Texas","B14001_008",522,121
"899","48179","Gray County, Texas","B14001_009",128,83
"900","48179","Gray County, Texas","B14001_010",15423,225
"901","48181","Grayson County, Texas","B14001_001",137816,455
"902","48181","Grayson County, Texas","B14001_002",32669,983
"903","48181","Grayson County, Texas","B14001_003",1631,323
"904","48181","Grayson County, Texas","B14001_004",1762,361
"905","48181","Grayson County, Texas","B14001_005",7898,652
"906","48181","Grayson County, Texas","B14001_006",7429,521
"907","48181","Grayson County, Texas","B14001_007",7098,375
"908","48181","Grayson County, Texas","B14001_008",5716,596
"909","48181","Grayson County, Texas","B14001_009",1135,357
"910","48181","Grayson County, Texas","B14001_010",105147,951
"911","48183","Gregg County, Texas","B14001_001",120891,421
"912","48183","Gregg County, Texas","B14001_002",31735,928
"913","48183","Gregg County, Texas","B14001_003",2414,507
"914","48183","Gregg County, Texas","B14001_004",1215,279
"915","48183","Gregg County, Texas","B14001_005",7071,608
"916","48183","Gregg County, Texas","B14001_006",7651,623
"917","48183","Gregg County, Texas","B14001_007",7219,411
"918","48183","Gregg County, Texas","B14001_008",5555,632
"919","48183","Gregg County, Texas","B14001_009",610,190
"920","48183","Gregg County, Texas","B14001_010",89156,819
"921","48185","Grimes County, Texas","B14001_001",30402,121
"922","48185","Grimes County, Texas","B14001_002",6804,373
"923","48185","Grimes County, Texas","B14001_003",411,145
"924","48185","Grimes County, Texas","B14001_004",268,132
"925","48185","Grimes County, Texas","B14001_005",1742,326
"926","48185","Grimes County, Texas","B14001_006",1906,344
"927","48185","Grimes County, Texas","B14001_007",1518,230
"928","48185","Grimes County, Texas","B14001_008",844,286
"929","48185","Grimes County, Texas","B14001_009",115,76
"930","48185","Grimes County, Texas","B14001_010",23598,356
"931","48187","Guadalupe County, Texas","B14001_001",177816,447
"932","48187","Guadalupe County, Texas","B14001_002",45780,1145
"933","48187","Guadalupe County, Texas","B14001_003",2616,396
"934","48187","Guadalupe County, Texas","B14001_004",2987,540
"935","48187","Guadalupe County, Texas","B14001_005",8865,655
"936","48187","Guadalupe County, Texas","B14001_006",10227,782
"937","48187","Guadalupe County, Texas","B14001_007",11121,734
"938","48187","Guadalupe County, Texas","B14001_008",8082,847
"939","48187","Guadalupe County, Texas","B14001_009",1882,364
"940","48187","Guadalupe County, Texas","B14001_010",132036,1201
"941","48189","Hale County, Texas","B14001_001",30840,217
"942","48189","Hale County, Texas","B14001_002",8459,484
"943","48189","Hale County, Texas","B14001_003",389,146
"944","48189","Hale County, Texas","B14001_004",452,177
"945","48189","Hale County, Texas","B14001_005",1924,272
"946","48189","Hale County, Texas","B14001_006",1729,321
"947","48189","Hale County, Texas","B14001_007",2113,269
"948","48189","Hale County, Texas","B14001_008",1636,345
"949","48189","Hale County, Texas","B14001_009",216,148
"950","48189","Hale County, Texas","B14001_010",22381,557
"951","48191","Hall County, Texas","B14001_001",2755,33
"952","48191","Hall County, Texas","B14001_002",543,51
"953","48191","Hall County, Texas","B14001_003",44,30
"954","48191","Hall County, Texas","B14001_004",18,20
"955","48191","Hall County, Texas","B14001_005",186,59
"956","48191","Hall County, Texas","B14001_006",119,36
"957","48191","Hall County, Texas","B14001_007",123,49
"958","48191","Hall County, Texas","B14001_008",25,20
"959","48191","Hall County, Texas","B14001_009",28,22
"960","48191","Hall County, Texas","B14001_010",2212,38
"961","48193","Hamilton County, Texas","B14001_001",8235,50
"962","48193","Hamilton County, Texas","B14001_002",1888,215
"963","48193","Hamilton County, Texas","B14001_003",88,56
"964","48193","Hamilton County, Texas","B14001_004",76,41
"965","48193","Hamilton County, Texas","B14001_005",452,108
"966","48193","Hamilton County, Texas","B14001_006",460,118
"967","48193","Hamilton County, Texas","B14001_007",654,192
"968","48193","Hamilton County, Texas","B14001_008",106,64
"969","48193","Hamilton County, Texas","B14001_009",52,47
"970","48193","Hamilton County, Texas","B14001_010",6347,208
"971","48195","Hansford County, Texas","B14001_001",5001,51
"972","48195","Hansford County, Texas","B14001_002",1395,134
"973","48195","Hansford County, Texas","B14001_003",74,57
"974","48195","Hansford County, Texas","B14001_004",81,55
"975","48195","Hansford County, Texas","B14001_005",323,65
"976","48195","Hansford County, Texas","B14001_006",358,73
"977","48195","Hansford County, Texas","B14001_007",413,68
"978","48195","Hansford County, Texas","B14001_008",133,80
"979","48195","Hansford County, Texas","B14001_009",13,15
"980","48195","Hansford County, Texas","B14001_010",3606,148
"981","48197","Hardeman County, Texas","B14001_001",3331,66
"982","48197","Hardeman County, Texas","B14001_002",680,111
"983","48197","Hardeman County, Texas","B14001_003",48,34
"984","48197","Hardeman County, Texas","B14001_004",57,53
"985","48197","Hardeman County, Texas","B14001_005",157,55
"986","48197","Hardeman County, Texas","B14001_006",91,53
"987","48197","Hardeman County, Texas","B14001_007",182,47
"988","48197","Hardeman County, Texas","B14001_008",145,84
"989","48197","Hardeman County, Texas","B14001_009",0,15
"990","48197","Hardeman County, Texas","B14001_010",2651,106
"991","48199","Hardin County, Texas","B14001_001",55393,235
"992","48199","Hardin County, Texas","B14001_002",13615,476
"993","48199","Hardin County, Texas","B14001_003",710,229
"994","48199","Hardin County, Texas","B14001_004",981,295
"995","48199","Hardin County, Texas","B14001_005",2849,380
"996","48199","Hardin County, Texas","B14001_006",3368,430
"997","48199","Hardin County, Texas","B14001_007",3670,272
"998","48199","Hardin County, Texas","B14001_008",1683,357
"999","48199","Hardin County, Texas","B14001_009",354,150
"1000","48199","Hardin County, Texas","B14001_010",41778,453
"1001","48201","Harris County, Texas","B14001_001",4645816,3323
"1002","48201","Harris County, Texas","B14001_002",1288137,5935
"1003","48201","Harris County, Texas","B14001_003",74492,3101
"1004","48201","Harris County, Texas","B14001_004",71384,2636
"1005","48201","Harris County, Texas","B14001_005",276314,4136
"1006","48201","Harris County, Texas","B14001_006",278992,4628
"1007","48201","Harris County, Texas","B14001_007",287384,3352
"1008","48201","Harris County, Texas","B14001_008",229319,4519
"1009","48201","Harris County, Texas","B14001_009",70252,3136
"1010","48201","Harris County, Texas","B14001_010",3357679,6252
"1011","48203","Harrison County, Texas","B14001_001",67996,341
"1012","48203","Harrison County, Texas","B14001_002",17752,618
"1013","48203","Harrison County, Texas","B14001_003",900,260
"1014","48203","Harrison County, Texas","B14001_004",927,212
"1015","48203","Harrison County, Texas","B14001_005",3634,438
"1016","48203","Harrison County, Texas","B14001_006",4302,486
"1017","48203","Harrison County, Texas","B14001_007",3995,261
"1018","48203","Harrison County, Texas","B14001_008",3455,482
"1019","48203","Harrison County, Texas","B14001_009",539,237
"1020","48203","Harrison County, Texas","B14001_010",50244,630
"1021","48205","Hartley County, Texas","B14001_001",4965,94
"1022","48205","Hartley County, Texas","B14001_002",909,118
"1023","48205","Hartley County, Texas","B14001_003",29,62
"1024","48205","Hartley County, Texas","B14001_004",13,16
"1025","48205","Hartley County, Texas","B14001_005",323,118
"1026","48205","Hartley County, Texas","B14001_006",363,108
"1027","48205","Hartley County, Texas","B14001_007",105,64
"1028","48205","Hartley County, Texas","B14001_008",60,60
"1029","48205","Hartley County, Texas","B14001_009",16,20
"1030","48205","Hartley County, Texas","B14001_010",4056,70
"1031","48207","Haskell County, Texas","B14001_001",5294,24
"1032","48207","Haskell County, Texas","B14001_002",985,77
"1033","48207","Haskell County, Texas","B14001_003",77,33
"1034","48207","Haskell County, Texas","B14001_004",40,26
"1035","48207","Haskell County, Texas","B14001_005",193,61
"1036","48207","Haskell County, Texas","B14001_006",281,60
"1037","48207","Haskell County, Texas","B14001_007",316,74
"1038","48207","Haskell County, Texas","B14001_008",67,36
"1039","48207","Haskell County, Texas","B14001_009",11,15
"1040","48207","Haskell County, Texas","B14001_010",4309,77
"1041","48209","Hays County, Texas","B14001_001",259053,590
"1042","48209","Hays County, Texas","B14001_002",80617,1544
"1043","48209","Hays County, Texas","B14001_003",3893,680
"1044","48209","Hays County, Texas","B14001_004",2871,507
"1045","48209","Hays County, Texas","B14001_005",14179,1015
"1046","48209","Hays County, Texas","B14001_006",13274,1142
"1047","48209","Hays County, Texas","B14001_007",13907,607
"1048","48209","Hays County, Texas","B14001_008",27535,1315
"1049","48209","Hays County, Texas","B14001_009",4958,943
"1050","48209","Hays County, Texas","B14001_010",178436,1612
"1051","48211","Hemphill County, Texas","B14001_001",3129,44
"1052","48211","Hemphill County, Texas","B14001_002",653,109
"1053","48211","Hemphill County, Texas","B14001_003",49,38
"1054","48211","Hemphill County, Texas","B14001_004",34,26
"1055","48211","Hemphill County, Texas","B14001_005",147,69
"1056","48211","Hemphill County, Texas","B14001_006",101,52
"1057","48211","Hemphill County, Texas","B14001_007",244,45
"1058","48211","Hemphill County, Texas","B14001_008",75,64
"1059","48211","Hemphill County, Texas","B14001_009",3,5
"1060","48211","Hemphill County, Texas","B14001_010",2476,102
"1061","48213","Henderson County, Texas","B14001_001",82313,232
"1062","48213","Henderson County, Texas","B14001_002",16940,531
"1063","48213","Henderson County, Texas","B14001_003",675,203
"1064","48213","Henderson County, Texas","B14001_004",994,265
"1065","48213","Henderson County, Texas","B14001_005",4041,333
"1066","48213","Henderson County, Texas","B14001_006",3793,425
"1067","48213","Henderson County, Texas","B14001_007",4122,313
"1068","48213","Henderson County, Texas","B14001_008",2904,378
"1069","48213","Henderson County, Texas","B14001_009",411,153
"1070","48213","Henderson County, Texas","B14001_010",65373,534
"1071","48215","Hidalgo County, Texas","B14001_001",851606,1340
"1072","48215","Hidalgo County, Texas","B14001_002",273562,2963
"1073","48215","Hidalgo County, Texas","B14001_003",14073,1294
"1074","48215","Hidalgo County, Texas","B14001_004",15876,1332
"1075","48215","Hidalgo County, Texas","B14001_005",60254,1765
"1076","48215","Hidalgo County, Texas","B14001_006",64611,2006
"1077","48215","Hidalgo County, Texas","B14001_007",65366,1542
"1078","48215","Hidalgo County, Texas","B14001_008",45230,1810
"1079","48215","Hidalgo County, Texas","B14001_009",8152,954
"1080","48215","Hidalgo County, Texas","B14001_010",578044,2939
"1081","48217","Hill County, Texas","B14001_001",36076,103
"1082","48217","Hill County, Texas","B14001_002",8477,260
"1083","48217","Hill County, Texas","B14001_003",670,129
"1084","48217","Hill County, Texas","B14001_004",428,112
"1085","48217","Hill County, Texas","B14001_005",1654,160
"1086","48217","Hill County, Texas","B14001_006",2193,231
"1087","48217","Hill County, Texas","B14001_007",1936,157
"1088","48217","Hill County, Texas","B14001_008",1452,212
"1089","48217","Hill County, Texas","B14001_009",144,61
"1090","48217","Hill County, Texas","B14001_010",27599,253
"1091","48219","Hockley County, Texas","B14001_001",20570,93
"1092","48219","Hockley County, Texas","B14001_002",5735,216
"1093","48219","Hockley County, Texas","B14001_003",390,126
"1094","48219","Hockley County, Texas","B14001_004",345,93
"1095","48219","Hockley County, Texas","B14001_005",934,177
"1096","48219","Hockley County, Texas","B14001_006",1564,259
"1097","48219","Hockley County, Texas","B14001_007",1158,85
"1098","48219","Hockley County, Texas","B14001_008",1121,164
"1099","48219","Hockley County, Texas","B14001_009",223,92
"1100","48219","Hockley County, Texas","B14001_010",14835,217
"1101","48221","Hood County, Texas","B14001_001",64254,245
"1102","48221","Hood County, Texas","B14001_002",13570,599
"1103","48221","Hood County, Texas","B14001_003",1242,252
"1104","48221","Hood County, Texas","B14001_004",825,170
"1105","48221","Hood County, Texas","B14001_005",2815,291
"1106","48221","Hood County, Texas","B14001_006",3136,332
"1107","48221","Hood County, Texas","B14001_007",3405,255
"1108","48221","Hood County, Texas","B14001_008",1821,386
"1109","48221","Hood County, Texas","B14001_009",326,126
"1110","48221","Hood County, Texas","B14001_010",50684,503
"1111","48223","Hopkins County, Texas","B14001_001",36463,205
"1112","48223","Hopkins County, Texas","B14001_002",8411,398
"1113","48223","Hopkins County, Texas","B14001_003",615,189
"1114","48223","Hopkins County, Texas","B14001_004",433,142
"1115","48223","Hopkins County, Texas","B14001_005",2044,259
"1116","48223","Hopkins County, Texas","B14001_006",1969,300
"1117","48223","Hopkins County, Texas","B14001_007",2181,178
"1118","48223","Hopkins County, Texas","B14001_008",917,198
"1119","48223","Hopkins County, Texas","B14001_009",252,132
"1120","48223","Hopkins County, Texas","B14001_010",28052,389
"1121","48225","Houston County, Texas","B14001_001",21239,147
"1122","48225","Houston County, Texas","B14001_002",4619,245
"1123","48225","Houston County, Texas","B14001_003",245,134
"1124","48225","Houston County, Texas","B14001_004",107,73
"1125","48225","Houston County, Texas","B14001_005",967,176
"1126","48225","Houston County, Texas","B14001_006",1138,210
"1127","48225","Houston County, Texas","B14001_007",1247,208
"1128","48225","Houston County, Texas","B14001_008",704,184
"1129","48225","Houston County, Texas","B14001_009",211,137
"1130","48225","Houston County, Texas","B14001_010",16620,245
"1131","48227","Howard County, Texas","B14001_001",31100,134
"1132","48227","Howard County, Texas","B14001_002",7062,267
"1133","48227","Howard County, Texas","B14001_003",355,121
"1134","48227","Howard County, Texas","B14001_004",650,168
"1135","48227","Howard County, Texas","B14001_005",1570,205
"1136","48227","Howard County, Texas","B14001_006",1576,199
"1137","48227","Howard County, Texas","B14001_007",1571,145
"1138","48227","Howard County, Texas","B14001_008",1205,214
"1139","48227","Howard County, Texas","B14001_009",135,86
"1140","48227","Howard County, Texas","B14001_010",24038,257
"1141","48229","Hudspeth County, Texas","B14001_001",3313,99
"1142","48229","Hudspeth County, Texas","B14001_002",825,231
"1143","48229","Hudspeth County, Texas","B14001_003",15,18
"1144","48229","Hudspeth County, Texas","B14001_004",14,17
"1145","48229","Hudspeth County, Texas","B14001_005",28,27
"1146","48229","Hudspeth County, Texas","B14001_006",243,114
"1147","48229","Hudspeth County, Texas","B14001_007",426,160
"1148","48229","Hudspeth County, Texas","B14001_008",86,66
"1149","48229","Hudspeth County, Texas","B14001_009",13,10
"1150","48229","Hudspeth County, Texas","B14001_010",2488,196
"1151","48231","Hunt County, Texas","B14001_001",104937,283
"1152","48231","Hunt County, Texas","B14001_002",28504,768
"1153","48231","Hunt County, Texas","B14001_003",1540,305
"1154","48231","Hunt County, Texas","B14001_004",1627,404
"1155","48231","Hunt County, Texas","B14001_005",5824,441
"1156","48231","Hunt County, Texas","B14001_006",6324,517
"1157","48231","Hunt County, Texas","B14001_007",6186,380
"1158","48231","Hunt County, Texas","B14001_008",5809,535
"1159","48231","Hunt County, Texas","B14001_009",1194,291
"1160","48231","Hunt County, Texas","B14001_010",76433,734
"1161","48233","Hutchinson County, Texas","B14001_001",19578,112
"1162","48233","Hutchinson County, Texas","B14001_002",5082,286
"1163","48233","Hutchinson County, Texas","B14001_003",210,107
"1164","48233","Hutchinson County, Texas","B14001_004",164,65
"1165","48233","Hutchinson County, Texas","B14001_005",1242,230
"1166","48233","Hutchinson County, Texas","B14001_006",1304,223
"1167","48233","Hutchinson County, Texas","B14001_007",1195,243
"1168","48233","Hutchinson County, Texas","B14001_008",916,261
"1169","48233","Hutchinson County, Texas","B14001_009",51,45
"1170","48233","Hutchinson County, Texas","B14001_010",14496,292
"1171","48235","Irion County, Texas","B14001_001",1385,152
"1172","48235","Irion County, Texas","B14001_002",344,80
"1173","48235","Irion County, Texas","B14001_003",39,28
"1174","48235","Irion County, Texas","B14001_004",6,9
"1175","48235","Irion County, Texas","B14001_005",55,29
"1176","48235","Irion County, Texas","B14001_006",106,53
"1177","48235","Irion County, Texas","B14001_007",89,54
"1178","48235","Irion County, Texas","B14001_008",27,26
"1179","48235","Irion County, Texas","B14001_009",22,31
"1180","48235","Irion County, Texas","B14001_010",1041,108
"1181","48237","Jack County, Texas","B14001_001",8544,105
"1182","48237","Jack County, Texas","B14001_002",1894,187
"1183","48237","Jack County, Texas","B14001_003",158,94
"1184","48237","Jack County, Texas","B14001_004",158,103
"1185","48237","Jack County, Texas","B14001_005",203,103
"1186","48237","Jack County, Texas","B14001_006",719,119
"1187","48237","Jack County, Texas","B14001_007",432,96
"1188","48237","Jack County, Texas","B14001_008",219,133
"1189","48237","Jack County, Texas","B14001_009",5,8
"1190","48237","Jack County, Texas","B14001_010",6650,146
"1191","48239","Jackson County, Texas","B14001_001",14502,121
"1192","48239","Jackson County, Texas","B14001_002",3258,253
"1193","48239","Jackson County, Texas","B14001_003",183,97
"1194","48239","Jackson County, Texas","B14001_004",222,114
"1195","48239","Jackson County, Texas","B14001_005",701,175
"1196","48239","Jackson County, Texas","B14001_006",940,228
"1197","48239","Jackson County, Texas","B14001_007",773,142
"1198","48239","Jackson County, Texas","B14001_008",329,135
"1199","48239","Jackson County, Texas","B14001_009",110,110
"1200","48239","Jackson County, Texas","B14001_010",11244,303
"1201","48241","Jasper County, Texas","B14001_001",31567,154
"1202","48241","Jasper County, Texas","B14001_002",6626,289
"1203","48241","Jasper County, Texas","B14001_003",303,117
"1204","48241","Jasper County, Texas","B14001_004",200,85
"1205","48241","Jasper County, Texas","B14001_005",1743,243
"1206","48241","Jasper County, Texas","B14001_006",2023,295
"1207","48241","Jasper County, Texas","B14001_007",1743,164
"1208","48241","Jasper County, Texas","B14001_008",528,181
"1209","48241","Jasper County, Texas","B14001_009",86,54
"1210","48241","Jasper County, Texas","B14001_010",24941,282
"1211","48243","Jeff Davis County, Texas","B14001_001",1787,331
"1212","48243","Jeff Davis County, Texas","B14001_002",231,126
"1213","48243","Jeff Davis County, Texas","B14001_003",28,35
"1214","48243","Jeff Davis County, Texas","B14001_004",0,15
"1215","48243","Jeff Davis County, Texas","B14001_005",37,50
"1216","48243","Jeff Davis County, Texas","B14001_006",66,53
"1217","48243","Jeff Davis County, Texas","B14001_007",100,78
"1218","48243","Jeff Davis County, Texas","B14001_008",0,15
"1219","48243","Jeff Davis County, Texas","B14001_009",0,15
"1220","48243","Jeff Davis County, Texas","B14001_010",1556,261
"1221","48245","Jefferson County, Texas","B14001_001",244143,584
"1222","48245","Jefferson County, Texas","B14001_002",59185,1221
"1223","48245","Jefferson County, Texas","B14001_003",3364,504
"1224","48245","Jefferson County, Texas","B14001_004",3479,538
"1225","48245","Jefferson County, Texas","B14001_005",14454,982
"1226","48245","Jefferson County, Texas","B14001_006",13490,964
"1227","48245","Jefferson County, Texas","B14001_007",12723,623
"1228","48245","Jefferson County, Texas","B14001_008",9547,894
"1229","48245","Jefferson County, Texas","B14001_009",2128,393
"1230","48245","Jefferson County, Texas","B14001_010",184958,1253
"1231","48247","Jim Hogg County, Texas","B14001_001",4371,175
"1232","48247","Jim Hogg County, Texas","B14001_002",1171,280
"1233","48247","Jim Hogg County, Texas","B14001_003",185,112
"1234","48247","Jim Hogg County, Texas","B14001_004",88,65
"1235","48247","Jim Hogg County, Texas","B14001_005",309,107
"1236","48247","Jim Hogg County, Texas","B14001_006",197,100
"1237","48247","Jim Hogg County, Texas","B14001_007",191,119
"1238","48247","Jim Hogg County, Texas","B14001_008",138,91
"1239","48247","Jim Hogg County, Texas","B14001_009",63,69
"1240","48247","Jim Hogg County, Texas","B14001_010",3200,286
"1241","48249","Jim Wells County, Texas","B14001_001",37260,192
"1242","48249","Jim Wells County, Texas","B14001_002",9842,497
"1243","48249","Jim Wells County, Texas","B14001_003",402,176
"1244","48249","Jim Wells County, Texas","B14001_004",397,161
"1245","48249","Jim Wells County, Texas","B14001_005",2176,358
"1246","48249","Jim Wells County, Texas","B14001_006",2635,449
"1247","48249","Jim Wells County, Texas","B14001_007",2703,366
"1248","48249","Jim Wells County, Texas","B14001_008",1166,315
"1249","48249","Jim Wells County, Texas","B14001_009",363,201
"1250","48249","Jim Wells County, Texas","B14001_010",27418,479
"1251","48251","Johnson County, Texas","B14001_001",189039,428
"1252","48251","Johnson County, Texas","B14001_002",45490,1088
"1253","48251","Johnson County, Texas","B14001_003",2054,413
"1254","48251","Johnson County, Texas","B14001_004",2619,403
"1255","48251","Johnson County, Texas","B14001_005",11847,710
"1256","48251","Johnson County, Texas","B14001_006",10162,704
"1257","48251","Johnson County, Texas","B14001_007",11137,498
"1258","48251","Johnson County, Texas","B14001_008",6247,579
"1259","48251","Johnson County, Texas","B14001_009",1424,300
"1260","48251","Johnson County, Texas","B14001_010",143549,1077
"1261","48253","Jones County, Texas","B14001_001",19805,97
"1262","48253","Jones County, Texas","B14001_002",3547,257
"1263","48253","Jones County, Texas","B14001_003",207,91
"1264","48253","Jones County, Texas","B14001_004",89,60
"1265","48253","Jones County, Texas","B14001_005",841,131
"1266","48253","Jones County, Texas","B14001_006",735,145
"1267","48253","Jones County, Texas","B14001_007",1057,157
"1268","48253","Jones County, Texas","B14001_008",560,197
"1269","48253","Jones County, Texas","B14001_009",58,42
"1270","48253","Jones County, Texas","B14001_010",16258,241
"1271","48255","Karnes County, Texas","B14001_001",14523,140
"1272","48255","Karnes County, Texas","B14001_002",2410,312
"1273","48255","Karnes County, Texas","B14001_003",38,39
"1274","48255","Karnes County, Texas","B14001_004",115,89
"1275","48255","Karnes County, Texas","B14001_005",556,209
"1276","48255","Karnes County, Texas","B14001_006",600,172
"1277","48255","Karnes County, Texas","B14001_007",818,129
"1278","48255","Karnes County, Texas","B14001_008",238,112
"1279","48255","Karnes County, Texas","B14001_009",45,37
"1280","48255","Karnes County, Texas","B14001_010",12113,344
"1281","48257","Kaufman County, Texas","B14001_001",165164,527
"1282","48257","Kaufman County, Texas","B14001_002",49378,1158
"1283","48257","Kaufman County, Texas","B14001_003",1959,422
"1284","48257","Kaufman County, Texas","B14001_004",3379,470
"1285","48257","Kaufman County, Texas","B14001_005",12251,763
"1286","48257","Kaufman County, Texas","B14001_006",11323,843
"1287","48257","Kaufman County, Texas","B14001_007",11116,541
"1288","48257","Kaufman County, Texas","B14001_008",6908,774
"1289","48257","Kaufman County, Texas","B14001_009",2442,600
"1290","48257","Kaufman County, Texas","B14001_010",115786,1185
"1291","48259","Kendall County, Texas","B14001_001",47056,254
"1292","48259","Kendall County, Texas","B14001_002",10854,504
"1293","48259","Kendall County, Texas","B14001_003",418,149
"1294","48259","Kendall County, Texas","B14001_004",449,172
"1295","48259","Kendall County, Texas","B14001_005",2935,318
"1296","48259","Kendall County, Texas","B14001_006",2307,353
"1297","48259","Kendall County, Texas","B14001_007",2524,282
"1298","48259","Kendall County, Texas","B14001_008",1888,401
"1299","48259","Kendall County, Texas","B14001_009",333,112
"1300","48259","Kendall County, Texas","B14001_010",36202,524
"1301","48261","Kenedy County, Texas","B14001_001",145,90
"1302","48261","Kenedy County, Texas","B14001_002",19,28
"1303","48261","Kenedy County, Texas","B14001_003",0,15
"1304","48261","Kenedy County, Texas","B14001_004",0,15
"1305","48261","Kenedy County, Texas","B14001_005",12,16
"1306","48261","Kenedy County, Texas","B14001_006",0,15
"1307","48261","Kenedy County, Texas","B14001_007",7,13
"1308","48261","Kenedy County, Texas","B14001_008",0,15
"1309","48261","Kenedy County, Texas","B14001_009",0,15
"1310","48261","Kenedy County, Texas","B14001_010",126,74
"1311","48263","Kent County, Texas","B14001_001",721,119
"1312","48263","Kent County, Texas","B14001_002",133,59
"1313","48263","Kent County, Texas","B14001_003",4,5
"1314","48263","Kent County, Texas","B14001_004",0,15
"1315","48263","Kent County, Texas","B14001_005",56,40
"1316","48263","Kent County, Texas","B14001_006",5,5
"1317","48263","Kent County, Texas","B14001_007",25,22
"1318","48263","Kent County, Texas","B14001_008",17,17
"1319","48263","Kent County, Texas","B14001_009",26,26
"1320","48263","Kent County, Texas","B14001_010",588,103
"1321","48265","Kerr County, Texas","B14001_001",52355,192
"1322","48265","Kerr County, Texas","B14001_002",10642,434
"1323","48265","Kerr County, Texas","B14001_003",821,196
"1324","48265","Kerr County, Texas","B14001_004",591,189
"1325","48265","Kerr County, Texas","B14001_005",1884,312
"1326","48265","Kerr County, Texas","B14001_006",2063,356
"1327","48265","Kerr County, Texas","B14001_007",2712,250
"1328","48265","Kerr County, Texas","B14001_008",2023,278
"1329","48265","Kerr County, Texas","B14001_009",548,211
"1330","48265","Kerr County, Texas","B14001_010",41713,419
"1331","48267","Kimble County, Texas","B14001_001",4295,37
"1332","48267","Kimble County, Texas","B14001_002",640,151
"1333","48267","Kimble County, Texas","B14001_003",21,23
"1334","48267","Kimble County, Texas","B14001_004",9,12
"1335","48267","Kimble County, Texas","B14001_005",169,81
"1336","48267","Kimble County, Texas","B14001_006",151,84
"1337","48267","Kimble County, Texas","B14001_007",200,80
"1338","48267","Kimble County, Texas","B14001_008",50,36
"1339","48267","Kimble County, Texas","B14001_009",40,43
"1340","48267","Kimble County, Texas","B14001_010",3655,160
"1341","48269","King County, Texas","B14001_001",206,79
"1342","48269","King County, Texas","B14001_002",24,15
"1343","48269","King County, Texas","B14001_003",7,7
"1344","48269","King County, Texas","B14001_004",0,15
"1345","48269","King County, Texas","B14001_005",11,9
"1346","48269","King County, Texas","B14001_006",0,15
"1347","48269","King County, Texas","B14001_007",4,7
"1348","48269","King County, Texas","B14001_008",2,3
"1349","48269","King County, Texas","B14001_009",0,15
"1350","48269","King County, Texas","B14001_010",182,72
"1351","48271","Kinney County, Texas","B14001_001",3091,78
"1352","48271","Kinney County, Texas","B14001_002",383,254
"1353","48271","Kinney County, Texas","B14001_003",0,15
"1354","48271","Kinney County, Texas","B14001_004",85,82
"1355","48271","Kinney County, Texas","B14001_005",0,15
"1356","48271","Kinney County, Texas","B14001_006",75,65
"1357","48271","Kinney County, Texas","B14001_007",34,45
"1358","48271","Kinney County, Texas","B14001_008",156,166
"1359","48271","Kinney County, Texas","B14001_009",33,46
"1360","48271","Kinney County, Texas","B14001_010",2708,276
"1361","48273","Kleberg County, Texas","B14001_001",29324,223
"1362","48273","Kleberg County, Texas","B14001_002",9825,584
"1363","48273","Kleberg County, Texas","B14001_003",321,168
"1364","48273","Kleberg County, Texas","B14001_004",419,157
"1365","48273","Kleberg County, Texas","B14001_005",1218,242
"1366","48273","Kleberg County, Texas","B14001_006",2042,255
"1367","48273","Kleberg County, Texas","B14001_007",1122,240
"1368","48273","Kleberg County, Texas","B14001_008",4039,502
"1369","48273","Kleberg County, Texas","B14001_009",664,276
"1370","48273","Kleberg County, Texas","B14001_010",19499,603
"1371","48275","Knox County, Texas","B14001_001",3254,24
"1372","48275","Knox County, Texas","B14001_002",819,63
"1373","48275","Knox County, Texas","B14001_003",91,53
"1374","48275","Knox County, Texas","B14001_004",64,33
"1375","48275","Knox County, Texas","B14001_005",182,54
"1376","48275","Knox County, Texas","B14001_006",216,59
"1377","48275","Knox County, Texas","B14001_007",196,54
"1378","48275","Knox County, Texas","B14001_008",70,38
"1379","48275","Knox County, Texas","B14001_009",0,15
"1380","48275","Knox County, Texas","B14001_010",2435,60
"1381","48277","Lamar County, Texas","B14001_001",48864,176
"1382","48277","Lamar County, Texas","B14001_002",11279,448
"1383","48277","Lamar County, Texas","B14001_003",495,173
"1384","48277","Lamar County, Texas","B14001_004",740,147
"1385","48277","Lamar County, Texas","B14001_005",2596,288
"1386","48277","Lamar County, Texas","B14001_006",2647,340
"1387","48277","Lamar County, Texas","B14001_007",2566,251
"1388","48277","Lamar County, Texas","B14001_008",1857,313
"1389","48277","Lamar County, Texas","B14001_009",378,150
"1390","48277","Lamar County, Texas","B14001_010",37585,459
"1391","48279","Lamb County, Texas","B14001_001",12241,91
"1392","48279","Lamb County, Texas","B14001_002",3011,197
"1393","48279","Lamb County, Texas","B14001_003",122,62
"1394","48279","Lamb County, Texas","B14001_004",116,60
"1395","48279","Lamb County, Texas","B14001_005",836,140
"1396","48279","Lamb County, Texas","B14001_006",752,129
"1397","48279","Lamb County, Texas","B14001_007",767,105
"1398","48279","Lamb County, Texas","B14001_008",373,111
"1399","48279","Lamb County, Texas","B14001_009",45,39
"1400","48279","Lamb County, Texas","B14001_010",9230,205
"1401","48281","Lampasas County, Texas","B14001_001",22206,89
"1402","48281","Lampasas County, Texas","B14001_002",4968,271
"1403","48281","Lampasas County, Texas","B14001_003",380,184
"1404","48281","Lampasas County, Texas","B14001_004",153,137
"1405","48281","Lampasas County, Texas","B14001_005",883,187
"1406","48281","Lampasas County, Texas","B14001_006",1173,159
"1407","48281","Lampasas County, Texas","B14001_007",1440,152
"1408","48281","Lampasas County, Texas","B14001_008",787,182
"1409","48281","Lampasas County, Texas","B14001_009",152,86
"1410","48281","Lampasas County, Texas","B14001_010",17238,259
"1411","48283","La Salle County, Texas","B14001_001",6708,106
"1412","48283","La Salle County, Texas","B14001_002",2082,370
"1413","48283","La Salle County, Texas","B14001_003",23,43
"1414","48283","La Salle County, Texas","B14001_004",16,21
"1415","48283","La Salle County, Texas","B14001_005",457,122
"1416","48283","La Salle County, Texas","B14001_006",185,150
"1417","48283","La Salle County, Texas","B14001_007",861,286
"1418","48283","La Salle County, Texas","B14001_008",441,306
"1419","48283","La Salle County, Texas","B14001_009",99,87
"1420","48283","La Salle County, Texas","B14001_010",4626,371
"1421","48285","Lavaca County, Texas","B14001_001",19788,109
"1422","48285","Lavaca County, Texas","B14001_002",4207,205
"1423","48285","Lavaca County, Texas","B14001_003",265,92
"1424","48285","Lavaca County, Texas","B14001_004",447,116
"1425","48285","Lavaca County, Texas","B14001_005",943,168
"1426","48285","Lavaca County, Texas","B14001_006",979,162
"1427","48285","Lavaca County, Texas","B14001_007",1211,159
"1428","48285","Lavaca County, Texas","B14001_008",317,128
"1429","48285","Lavaca County, Texas","B14001_009",45,45
"1430","48285","Lavaca County, Texas","B14001_010",15581,198
"1431","48287","Lee County, Texas","B14001_001",17343,130
"1432","48287","Lee County, Texas","B14001_002",3702,252
"1433","48287","Lee County, Texas","B14001_003",218,155
"1434","48287","Lee County, Texas","B14001_004",93,74
"1435","48287","Lee County, Texas","B14001_005",900,184
"1436","48287","Lee County, Texas","B14001_006",669,165
"1437","48287","Lee County, Texas","B14001_007",1264,248
"1438","48287","Lee County, Texas","B14001_008",520,167
"1439","48287","Lee County, Texas","B14001_009",38,49
"1440","48287","Lee County, Texas","B14001_010",13641,240
"1441","48289","Leon County, Texas","B14001_001",15695,106
"1442","48289","Leon County, Texas","B14001_002",3744,179
"1443","48289","Leon County, Texas","B14001_003",202,88
"1444","48289","Leon County, Texas","B14001_004",133,81
"1445","48289","Leon County, Texas","B14001_005",771,135
"1446","48289","Leon County, Texas","B14001_006",1059,229
"1447","48289","Leon County, Texas","B14001_007",1027,260
"1448","48289","Leon County, Texas","B14001_008",482,92
"1449","48289","Leon County, Texas","B14001_009",70,47
"1450","48289","Leon County, Texas","B14001_010",11951,155
"1451","48291","Liberty County, Texas","B14001_001",99546,533
"1452","48291","Liberty County, Texas","B14001_002",26615,728
"1453","48291","Liberty County, Texas","B14001_003",1417,398
"1454","48291","Liberty County, Texas","B14001_004",1557,543
"1455","48291","Liberty County, Texas","B14001_005",7000,780
"1456","48291","Liberty County, Texas","B14001_006",6970,793
"1457","48291","Liberty County, Texas","B14001_007",6727,500
"1458","48291","Liberty County, Texas","B14001_008",2759,560
"1459","48291","Liberty County, Texas","B14001_009",185,116
"1460","48291","Liberty County, Texas","B14001_010",72931,870
"1461","48293","Limestone County, Texas","B14001_001",21468,104
"1462","48293","Limestone County, Texas","B14001_002",4691,268
"1463","48293","Limestone County, Texas","B14001_003",212,91
"1464","48293","Limestone County, Texas","B14001_004",404,132
"1465","48293","Limestone County, Texas","B14001_005",1109,162
"1466","48293","Limestone County, Texas","B14001_006",1095,163
"1467","48293","Limestone County, Texas","B14001_007",1168,131
"1468","48293","Limestone County, Texas","B14001_008",620,180
"1469","48293","Limestone County, Texas","B14001_009",83,53
"1470","48293","Limestone County, Texas","B14001_010",16777,238
"1471","48295","Lipscomb County, Texas","B14001_001",2795,35
"1472","48295","Lipscomb County, Texas","B14001_002",746,93
"1473","48295","Lipscomb County, Texas","B14001_003",29,16
"1474","48295","Lipscomb County, Texas","B14001_004",46,22
"1475","48295","Lipscomb County, Texas","B14001_005",131,42
"1476","48295","Lipscomb County, Texas","B14001_006",281,57
"1477","48295","Lipscomb County, Texas","B14001_007",185,43
"1478","48295","Lipscomb County, Texas","B14001_008",71,36
"1479","48295","Lipscomb County, Texas","B14001_009",3,4
"1480","48295","Lipscomb County, Texas","B14001_010",2049,98
"1481","48297","Live Oak County, Texas","B14001_001",11283,148
"1482","48297","Live Oak County, Texas","B14001_002",2114,181
"1483","48297","Live Oak County, Texas","B14001_003",116,96
"1484","48297","Live Oak County, Texas","B14001_004",51,35
"1485","48297","Live Oak County, Texas","B14001_005",517,99
"1486","48297","Live Oak County, Texas","B14001_006",537,101
"1487","48297","Live Oak County, Texas","B14001_007",598,146
"1488","48297","Live Oak County, Texas","B14001_008",237,112
"1489","48297","Live Oak County, Texas","B14001_009",58,66
"1490","48297","Live Oak County, Texas","B14001_010",9169,204
"1491","48299","Llano County, Texas","B14001_001",21943,150
"1492","48299","Llano County, Texas","B14001_002",3079,242
"1493","48299","Llano County, Texas","B14001_003",177,122
"1494","48299","Llano County, Texas","B14001_004",145,80
"1495","48299","Llano County, Texas","B14001_005",618,154
"1496","48299","Llano County, Texas","B14001_006",973,153
"1497","48299","Llano County, Texas","B14001_007",818,110
"1498","48299","Llano County, Texas","B14001_008",259,199
"1499","48299","Llano County, Texas","B14001_009",89,63
"1500","48299","Llano County, Texas","B14001_010",18864,286
"1501","48301","Loving County, Texas","B14001_001",33,30
"1502","48301","Loving County, Texas","B14001_002",0,15
"1503","48301","Loving County, Texas","B14001_003",0,15
"1504","48301","Loving County, Texas","B14001_004",0,15
"1505","48301","Loving County, Texas","B14001_005",0,15
"1506","48301","Loving County, Texas","B14001_006",0,15
"1507","48301","Loving County, Texas","B14001_007",0,15
"1508","48301","Loving County, Texas","B14001_008",0,15
"1509","48301","Loving County, Texas","B14001_009",0,15
"1510","48301","Loving County, Texas","B14001_010",33,30
"1511","48303","Lubbock County, Texas","B14001_001",307876,645
"1512","48303","Lubbock County, Texas","B14001_002",99177,1499
"1513","48303","Lubbock County, Texas","B14001_003",4442,599
"1514","48303","Lubbock County, Texas","B14001_004",4609,542
"1515","48303","Lubbock County, Texas","B14001_005",16646,823
"1516","48303","Lubbock County, Texas","B14001_006",15993,912
"1517","48303","Lubbock County, Texas","B14001_007",16863,616
"1518","48303","Lubbock County, Texas","B14001_008",32816,1398
"1519","48303","Lubbock County, Texas","B14001_009",7808,743
"1520","48303","Lubbock County, Texas","B14001_010",208699,1573
"1521","48305","Lynn County, Texas","B14001_001",5521,51
"1522","48305","Lynn County, Texas","B14001_002",1520,131
"1523","48305","Lynn County, Texas","B14001_003",107,40
"1524","48305","Lynn County, Texas","B14001_004",98,48
"1525","48305","Lynn County, Texas","B14001_005",407,79
"1526","48305","Lynn County, Texas","B14001_006",297,64
"1527","48305","Lynn County, Texas","B14001_007",389,66
"1528","48305","Lynn County, Texas","B14001_008",164,116
"1529","48305","Lynn County, Texas","B14001_009",58,39
"1530","48305","Lynn County, Texas","B14001_010",4001,142
"1531","48307","McCulloch County, Texas","B14001_001",7351,96
"1532","48307","McCulloch County, Texas","B14001_002",1704,161
"1533","48307","McCulloch County, Texas","B14001_003",90,44
"1534","48307","McCulloch County, Texas","B14001_004",121,96
"1535","48307","McCulloch County, Texas","B14001_005",311,135
"1536","48307","McCulloch County, Texas","B14001_006",380,162
"1537","48307","McCulloch County, Texas","B14001_007",527,182
"1538","48307","McCulloch County, Texas","B14001_008",244,114
"1539","48307","McCulloch County, Texas","B14001_009",31,27
"1540","48307","McCulloch County, Texas","B14001_010",5647,156
"1541","48309","McLennan County, Texas","B14001_001",256557,643
"1542","48309","McLennan County, Texas","B14001_002",76456,1488
"1543","48309","McLennan County, Texas","B14001_003",4591,569
"1544","48309","McLennan County, Texas","B14001_004",3232,466
"1545","48309","McLennan County, Texas","B14001_005",14221,837
"1546","48309","McLennan County, Texas","B14001_006",14583,874
"1547","48309","McLennan County, Texas","B14001_007",13893,537
"1548","48309","McLennan County, Texas","B14001_008",21483,1376
"1549","48309","McLennan County, Texas","B14001_009",4453,759
"1550","48309","McLennan County, Texas","B14001_010",180101,1527
"1551","48311","McMullen County, Texas","B14001_001",626,250
"1552","48311","McMullen County, Texas","B14001_002",197,136
"1553","48311","McMullen County, Texas","B14001_003",8,10
"1554","48311","McMullen County, Texas","B14001_004",29,31
"1555","48311","McMullen County, Texas","B14001_005",98,85
"1556","48311","McMullen County, Texas","B14001_006",35,45
"1557","48311","McMullen County, Texas","B14001_007",22,23
"1558","48311","McMullen County, Texas","B14001_008",5,8
"1559","48311","McMullen County, Texas","B14001_009",0,15
"1560","48311","McMullen County, Texas","B14001_010",429,143
"1561","48313","Madison County, Texas","B14001_001",13144,105
"1562","48313","Madison County, Texas","B14001_002",3408,504
"1563","48313","Madison County, Texas","B14001_003",218,97
"1564","48313","Madison County, Texas","B14001_004",192,120
"1565","48313","Madison County, Texas","B14001_005",615,143
"1566","48313","Madison County, Texas","B14001_006",688,173
"1567","48313","Madison County, Texas","B14001_007",899,214
"1568","48313","Madison County, Texas","B14001_008",780,379
"1569","48313","Madison County, Texas","B14001_009",16,26
"1570","48313","Madison County, Texas","B14001_010",9736,484
"1571","48315","Marion County, Texas","B14001_001",9454,67
"1572","48315","Marion County, Texas","B14001_002",1581,168
"1573","48315","Marion County, Texas","B14001_003",141,51
"1574","48315","Marion County, Texas","B14001_004",257,116
"1575","48315","Marion County, Texas","B14001_005",352,112
"1576","48315","Marion County, Texas","B14001_006",274,115
"1577","48315","Marion County, Texas","B14001_007",297,154
"1578","48315","Marion County, Texas","B14001_008",260,117
"1579","48315","Marion County, Texas","B14001_009",0,21
"1580","48315","Marion County, Texas","B14001_010",7873,145
"1581","48317","Martin County, Texas","B14001_001",5187,19
"1582","48317","Martin County, Texas","B14001_002",1647,180
"1583","48317","Martin County, Texas","B14001_003",72,52
"1584","48317","Martin County, Texas","B14001_004",65,70
"1585","48317","Martin County, Texas","B14001_005",411,72
"1586","48317","Martin County, Texas","B14001_006",270,74
"1587","48317","Martin County, Texas","B14001_007",589,111
"1588","48317","Martin County, Texas","B14001_008",211,111
"1589","48317","Martin County, Texas","B14001_009",29,33
"1590","48317","Martin County, Texas","B14001_010",3540,182
"1591","48319","Mason County, Texas","B14001_001",3834,50
"1592","48319","Mason County, Texas","B14001_002",716,154
"1593","48319","Mason County, Texas","B14001_003",66,75
"1594","48319","Mason County, Texas","B14001_004",38,36
"1595","48319","Mason County, Texas","B14001_005",215,90
"1596","48319","Mason County, Texas","B14001_006",108,60
"1597","48319","Mason County, Texas","B14001_007",172,79
"1598","48319","Mason County, Texas","B14001_008",88,88
"1599","48319","Mason County, Texas","B14001_009",29,33
"1600","48319","Mason County, Texas","B14001_010",3118,157
"1601","48321","Matagorda County, Texas","B14001_001",34832,374
"1602","48321","Matagorda County, Texas","B14001_002",8457,496
"1603","48321","Matagorda County, Texas","B14001_003",245,133
"1604","48321","Matagorda County, Texas","B14001_004",565,235
"1605","48321","Matagorda County, Texas","B14001_005",2035,378
"1606","48321","Matagorda County, Texas","B14001_006",2343,481
"1607","48321","Matagorda County, Texas","B14001_007",1943,259
"1608","48321","Matagorda County, Texas","B14001_008",737,266
"1609","48321","Matagorda County, Texas","B14001_009",589,283
"1610","48321","Matagorda County, Texas","B14001_010",26375,570
"1611","48323","Maverick County, Texas","B14001_001",55275,336
"1612","48323","Maverick County, Texas","B14001_002",17126,692
"1613","48323","Maverick County, Texas","B14001_003",1050,281
"1614","48323","Maverick County, Texas","B14001_004",846,207
"1615","48323","Maverick County, Texas","B14001_005",4308,544
"1616","48323","Maverick County, Texas","B14001_006",4032,490
"1617","48323","Maverick County, Texas","B14001_007",3864,364
"1618","48323","Maverick County, Texas","B14001_008",2801,580
"1619","48323","Maverick County, Texas","B14001_009",225,164
"1620","48323","Maverick County, Texas","B14001_010",38149,725
"1621","48325","Medina County, Texas","B14001_001",51944,267
"1622","48325","Medina County, Texas","B14001_002",12595,506
"1623","48325","Medina County, Texas","B14001_003",772,208
"1624","48325","Medina County, Texas","B14001_004",520,186
"1625","48325","Medina County, Texas","B14001_005",2849,314
"1626","48325","Medina County, Texas","B14001_006",2815,350
"1627","48325","Medina County, Texas","B14001_007",3261,346
"1628","48325","Medina County, Texas","B14001_008",2014,406
"1629","48325","Medina County, Texas","B14001_009",364,147
"1630","48325","Medina County, Texas","B14001_010",39349,559
"1631","48327","Menard County, Texas","B14001_001",1946,16
"1632","48327","Menard County, Texas","B14001_002",368,123
"1633","48327","Menard County, Texas","B14001_003",43,39
"1634","48327","Menard County, Texas","B14001_004",5,8
"1635","48327","Menard County, Texas","B14001_005",55,52
"1636","48327","Menard County, Texas","B14001_006",146,55
"1637","48327","Menard County, Texas","B14001_007",108,51
"1638","48327","Menard County, Texas","B14001_008",11,20
"1639","48327","Menard County, Texas","B14001_009",0,15
"1640","48327","Menard County, Texas","B14001_010",1578,120
"1641","48329","Midland County, Texas","B14001_001",165910,653
"1642","48329","Midland County, Texas","B14001_002",47225,1247
"1643","48329","Midland County, Texas","B14001_003",3365,841
"1644","48329","Midland County, Texas","B14001_004",3606,648
"1645","48329","Midland County, Texas","B14001_005",12126,839
"1646","48329","Midland County, Texas","B14001_006",9914,858
"1647","48329","Midland County, Texas","B14001_007",10271,745
"1648","48329","Midland County, Texas","B14001_008",5777,874
"1649","48329","Midland County, Texas","B14001_009",2166,497
"1650","48329","Midland County, Texas","B14001_010",118685,1180
"1651","48331","Milam County, Texas","B14001_001",24811,104
"1652","48331","Milam County, Texas","B14001_002",5498,318
"1653","48331","Milam County, Texas","B14001_003",279,130
"1654","48331","Milam County, Texas","B14001_004",307,128
"1655","48331","Milam County, Texas","B14001_005",1231,215
"1656","48331","Milam County, Texas","B14001_006",1288,221
"1657","48331","Milam County, Texas","B14001_007",1413,184
"1658","48331","Milam County, Texas","B14001_008",703,179
"1659","48331","Milam County, Texas","B14001_009",277,205
"1660","48331","Milam County, Texas","B14001_010",19313,331
"1661","48333","Mills County, Texas","B14001_001",4435,37
"1662","48333","Mills County, Texas","B14001_002",987,134
"1663","48333","Mills County, Texas","B14001_003",15,10
"1664","48333","Mills County, Texas","B14001_004",40,30
"1665","48333","Mills County, Texas","B14001_005",221,56
"1666","48333","Mills County, Texas","B14001_006",291,93
"1667","48333","Mills County, Texas","B14001_007",340,82
"1668","48333","Mills County, Texas","B14001_008",69,37
"1669","48333","Mills County, Texas","B14001_009",11,12
"1670","48333","Mills County, Texas","B14001_010",3448,139
"1671","48335","Mitchell County, Texas","B14001_001",8711,117
"1672","48335","Mitchell County, Texas","B14001_002",1813,215
"1673","48335","Mitchell County, Texas","B14001_003",178,166
"1674","48335","Mitchell County, Texas","B14001_004",55,64
"1675","48335","Mitchell County, Texas","B14001_005",408,116
"1676","48335","Mitchell County, Texas","B14001_006",360,124
"1677","48335","Mitchell County, Texas","B14001_007",519,152
"1678","48335","Mitchell County, Texas","B14001_008",241,120
"1679","48335","Mitchell County, Texas","B14001_009",52,45
"1680","48335","Mitchell County, Texas","B14001_010",6898,198
"1681","48337","Montague County, Texas","B14001_001",20543,120
"1682","48337","Montague County, Texas","B14001_002",4696,257
"1683","48337","Montague County, Texas","B14001_003",263,118
"1684","48337","Montague County, Texas","B14001_004",259,125
"1685","48337","Montague County, Texas","B14001_005",1230,251
"1686","48337","Montague County, Texas","B14001_006",1337,201
"1687","48337","Montague County, Texas","B14001_007",1124,113
"1688","48337","Montague County, Texas","B14001_008",445,142
"1689","48337","Montague County, Texas","B14001_009",38,23
"1690","48337","Montague County, Texas","B14001_010",15847,244
"1691","48339","Montgomery County, Texas","B14001_001",657990,1100
"1692","48339","Montgomery County, Texas","B14001_002",173053,2574
"1693","48339","Montgomery County, Texas","B14001_003",8043,900
"1694","48339","Montgomery County, Texas","B14001_004",10034,992
"1695","48339","Montgomery County, Texas","B14001_005",40162,1646
"1696","48339","Montgomery County, Texas","B14001_006",39397,1779
"1697","48339","Montgomery County, Texas","B14001_007",44479,1352
"1698","48339","Montgomery County, Texas","B14001_008",23594,1719
"1699","48339","Montgomery County, Texas","B14001_009",7344,935
"1700","48339","Montgomery County, Texas","B14001_010",484937,2296
"1701","48341","Moore County, Texas","B14001_001",20404,193
"1702","48341","Moore County, Texas","B14001_002",5717,314
"1703","48341","Moore County, Texas","B14001_003",280,151
"1704","48341","Moore County, Texas","B14001_004",150,89
"1705","48341","Moore County, Texas","B14001_005",1590,275
"1706","48341","Moore County, Texas","B14001_006",1355,192
"1707","48341","Moore County, Texas","B14001_007",1458,246
"1708","48341","Moore County, Texas","B14001_008",740,254
"1709","48341","Moore County, Texas","B14001_009",144,117
"1710","48341","Moore County, Texas","B14001_010",14687,349
"1711","48343","Morris County, Texas","B14001_001",11638,63
"1712","48343","Morris County, Texas","B14001_002",2686,137
"1713","48343","Morris County, Texas","B14001_003",130,59
"1714","48343","Morris County, Texas","B14001_004",148,78
"1715","48343","Morris County, Texas","B14001_005",785,177
"1716","48343","Morris County, Texas","B14001_006",501,150
"1717","48343","Morris County, Texas","B14001_007",772,111
"1718","48343","Morris County, Texas","B14001_008",292,97
"1719","48343","Morris County, Texas","B14001_009",58,61
"1720","48343","Morris County, Texas","B14001_010",8952,127
"1721","48345","Motley County, Texas","B14001_001",1148,133
"1722","48345","Motley County, Texas","B14001_002",152,62
"1723","48345","Motley County, Texas","B14001_003",10,8
"1724","48345","Motley County, Texas","B14001_004",5,9
"1725","48345","Motley County, Texas","B14001_005",8,7
"1726","48345","Motley County, Texas","B14001_006",44,28
"1727","48345","Motley County, Texas","B14001_007",59,39
"1728","48345","Motley County, Texas","B14001_008",20,19
"1729","48345","Motley County, Texas","B14001_009",6,7
"1730","48345","Motley County, Texas","B14001_010",996,135
"1731","48347","Nacogdoches County, Texas","B14001_001",62701,257
"1732","48347","Nacogdoches County, Texas","B14001_002",21697,681
"1733","48347","Nacogdoches County, Texas","B14001_003",841,203
"1734","48347","Nacogdoches County, Texas","B14001_004",750,266
"1735","48347","Nacogdoches County, Texas","B14001_005",3539,411
"1736","48347","Nacogdoches County, Texas","B14001_006",3745,437
"1737","48347","Nacogdoches County, Texas","B14001_007",3181,301
"1738","48347","Nacogdoches County, Texas","B14001_008",8485,601
"1739","48347","Nacogdoches County, Texas","B14001_009",1156,346
"1740","48347","Nacogdoches County, Texas","B14001_010",41004,665
"1741","48349","Navarro County, Texas","B14001_001",52587,254
"1742","48349","Navarro County, Texas","B14001_002",14647,450
"1743","48349","Navarro County, Texas","B14001_003",839,221
"1744","48349","Navarro County, Texas","B14001_004",1022,243
"1745","48349","Navarro County, Texas","B14001_005",3535,367
"1746","48349","Navarro County, Texas","B14001_006",2940,320
"1747","48349","Navarro County, Texas","B14001_007",3497,288
"1748","48349","Navarro County, Texas","B14001_008",2477,355
"1749","48349","Navarro County, Texas","B14001_009",337,124
"1750","48349","Navarro County, Texas","B14001_010",37940,458
"1751","48351","Newton County, Texas","B14001_001",11731,86
"1752","48351","Newton County, Texas","B14001_002",1963,217
"1753","48351","Newton County, Texas","B14001_003",128,75
"1754","48351","Newton County, Texas","B14001_004",111,54
"1755","48351","Newton County, Texas","B14001_005",467,132
"1756","48351","Newton County, Texas","B14001_006",495,129
"1757","48351","Newton County, Texas","B14001_007",559,65
"1758","48351","Newton County, Texas","B14001_008",170,81
"1759","48351","Newton County, Texas","B14001_009",33,31
"1760","48351","Newton County, Texas","B14001_010",9768,264
"1761","48353","Nolan County, Texas","B14001_001",13915,114
"1762","48353","Nolan County, Texas","B14001_002",3741,213
"1763","48353","Nolan County, Texas","B14001_003",283,118
"1764","48353","Nolan County, Texas","B14001_004",131,46
"1765","48353","Nolan County, Texas","B14001_005",854,112
"1766","48353","Nolan County, Texas","B14001_006",877,141
"1767","48353","Nolan County, Texas","B14001_007",1028,114
"1768","48353","Nolan County, Texas","B14001_008",454,106
"1769","48353","Nolan County, Texas","B14001_009",114,89
"1770","48353","Nolan County, Texas","B14001_010",10174,202
"1771","48355","Nueces County, Texas","B14001_001",339878,623
"1772","48355","Nueces County, Texas","B14001_002",83529,1675
"1773","48355","Nueces County, Texas","B14001_003",5015,690
"1774","48355","Nueces County, Texas","B14001_004",4903,576
"1775","48355","Nueces County, Texas","B14001_005",17038,866
"1776","48355","Nueces County, Texas","B14001_006",17680,1022
"1777","48355","Nueces County, Texas","B14001_007",19667,781
"1778","48355","Nueces County, Texas","B14001_008",16134,1127
"1779","48355","Nueces County, Texas","B14001_009",3092,447
"1780","48355","Nueces County, Texas","B14001_010",256349,1517
"1781","48357","Ochiltree County, Texas","B14001_001",9325,130
"1782","48357","Ochiltree County, Texas","B14001_002",2900,251
"1783","48357","Ochiltree County, Texas","B14001_003",290,143
"1784","48357","Ochiltree County, Texas","B14001_004",147,129
"1785","48357","Ochiltree County, Texas","B14001_005",587,170
"1786","48357","Ochiltree County, Texas","B14001_006",757,166
"1787","48357","Ochiltree County, Texas","B14001_007",631,113
"1788","48357","Ochiltree County, Texas","B14001_008",333,141
"1789","48357","Ochiltree County, Texas","B14001_009",155,102
"1790","48357","Ochiltree County, Texas","B14001_010",6425,231
"1791","48359","Oldham County, Texas","B14001_001",2165,218
"1792","48359","Oldham County, Texas","B14001_002",768,102
"1793","48359","Oldham County, Texas","B14001_003",23,15
"1794","48359","Oldham County, Texas","B14001_004",12,12
"1795","48359","Oldham County, Texas","B14001_005",105,40
"1796","48359","Oldham County, Texas","B14001_006",144,120
"1797","48359","Oldham County, Texas","B14001_007",418,178
"1798","48359","Oldham County, Texas","B14001_008",55,29
"1799","48359","Oldham County, Texas","B14001_009",11,8
"1800","48359","Oldham County, Texas","B14001_010",1397,191
"1801","48361","Orange County, Texas","B14001_001",81951,310
"1802","48361","Orange County, Texas","B14001_002",20199,568
"1803","48361","Orange County, Texas","B14001_003",1214,277
"1804","48361","Orange County, Texas","B14001_004",1295,265
"1805","48361","Orange County, Texas","B14001_005",4885,567
"1806","48361","Orange County, Texas","B14001_006",4806,558
"1807","48361","Orange County, Texas","B14001_007",4688,330
"1808","48361","Orange County, Texas","B14001_008",2772,457
"1809","48361","Orange County, Texas","B14001_009",539,233
"1810","48361","Orange County, Texas","B14001_010",61752,575
"1811","48363","Palo Pinto County, Texas","B14001_001",28295,124
"1812","48363","Palo Pinto County, Texas","B14001_002",6403,329
"1813","48363","Palo Pinto County, Texas","B14001_003",474,144
"1814","48363","Palo Pinto County, Texas","B14001_004",501,137
"1815","48363","Palo Pinto County, Texas","B14001_005",1225,211
"1816","48363","Palo Pinto County, Texas","B14001_006",1754,196
"1817","48363","Palo Pinto County, Texas","B14001_007",1487,186
"1818","48363","Palo Pinto County, Texas","B14001_008",748,197
"1819","48363","Palo Pinto County, Texas","B14001_009",214,114
"1820","48363","Palo Pinto County, Texas","B14001_010",21892,316
"1821","48365","Panola County, Texas","B14001_001",22203,144
"1822","48365","Panola County, Texas","B14001_002",4738,232
"1823","48365","Panola County, Texas","B14001_003",248,126
"1824","48365","Panola County, Texas","B14001_004",208,146
"1825","48365","Panola County, Texas","B14001_005",989,240
"1826","48365","Panola County, Texas","B14001_006",1266,209
"1827","48365","Panola County, Texas","B14001_007",1214,124
"1828","48365","Panola County, Texas","B14001_008",777,162
"1829","48365","Panola County, Texas","B14001_009",36,42
"1830","48365","Panola County, Texas","B14001_010",17465,243
"1831","48367","Parker County, Texas","B14001_001",159188,431
"1832","48367","Parker County, Texas","B14001_002",40207,899
"1833","48367","Parker County, Texas","B14001_003",2665,488
"1834","48367","Parker County, Texas","B14001_004",1950,407
"1835","48367","Parker County, Texas","B14001_005",9033,621
"1836","48367","Parker County, Texas","B14001_006",9656,673
"1837","48367","Parker County, Texas","B14001_007",9301,493
"1838","48367","Parker County, Texas","B14001_008",6139,628
"1839","48367","Parker County, Texas","B14001_009",1463,283
"1840","48367","Parker County, Texas","B14001_010",118981,867
"1841","48369","Parmer County, Texas","B14001_001",9388,128
"1842","48369","Parmer County, Texas","B14001_002",2170,179
"1843","48369","Parmer County, Texas","B14001_003",67,46
"1844","48369","Parmer County, Texas","B14001_004",107,72
"1845","48369","Parmer County, Texas","B14001_005",569,111
"1846","48369","Parmer County, Texas","B14001_006",578,139
"1847","48369","Parmer County, Texas","B14001_007",596,116
"1848","48369","Parmer County, Texas","B14001_008",253,105
"1849","48369","Parmer County, Texas","B14001_009",0,21
"1850","48369","Parmer County, Texas","B14001_010",7218,253
"1851","48371","Pecos County, Texas","B14001_001",14278,112
"1852","48371","Pecos County, Texas","B14001_002",3209,264
"1853","48371","Pecos County, Texas","B14001_003",187,107
"1854","48371","Pecos County, Texas","B14001_004",142,121
"1855","48371","Pecos County, Texas","B14001_005",969,244
"1856","48371","Pecos County, Texas","B14001_006",716,188
"1857","48371","Pecos County, Texas","B14001_007",804,149
"1858","48371","Pecos County, Texas","B14001_008",197,114
"1859","48371","Pecos County, Texas","B14001_009",194,149
"1860","48371","Pecos County, Texas","B14001_010",11069,251
"1861","48373","Polk County, Texas","B14001_001",51311,228
"1862","48373","Polk County, Texas","B14001_002",10574,558
"1863","48373","Polk County, Texas","B14001_003",873,207
"1864","48373","Polk County, Texas","B14001_004",413,142
"1865","48373","Polk County, Texas","B14001_005",2073,260
"1866","48373","Polk County, Texas","B14001_006",2869,263
"1867","48373","Polk County, Texas","B14001_007",2554,234
"1868","48373","Polk County, Texas","B14001_008",1504,384
"1869","48373","Polk County, Texas","B14001_009",288,191
"1870","48373","Polk County, Texas","B14001_010",40737,514
"1871","48375","Potter County, Texas","B14001_001",111930,405
"1872","48375","Potter County, Texas","B14001_002",28708,918
"1873","48375","Potter County, Texas","B14001_003",1513,425
"1874","48375","Potter County, Texas","B14001_004",1679,379
"1875","48375","Potter County, Texas","B14001_005",7208,600
"1876","48375","Potter County, Texas","B14001_006",6558,565
"1877","48375","Potter County, Texas","B14001_007",6527,494
"1878","48375","Potter County, Texas","B14001_008",4525,674
"1879","48375","Potter County, Texas","B14001_009",698,197
"1880","48375","Potter County, Texas","B14001_010",83222,912
"1881","48377","Presidio County, Texas","B14001_001",5582,253
"1882","48377","Presidio County, Texas","B14001_002",1191,366
"1883","48377","Presidio County, Texas","B14001_003",32,18
"1884","48377","Presidio County, Texas","B14001_004",96,69
"1885","48377","Presidio County, Texas","B14001_005",510,304
"1886","48377","Presidio County, Texas","B14001_006",175,86
"1887","48377","Presidio County, Texas","B14001_007",268,136
"1888","48377","Presidio County, Texas","B14001_008",110,131
"1889","48377","Presidio County, Texas","B14001_009",0,21
"1890","48377","Presidio County, Texas","B14001_010",4391,228
"1891","48379","Rains County, Texas","B14001_001",12507,93
"1892","48379","Rains County, Texas","B14001_002",2263,202
"1893","48379","Rains County, Texas","B14001_003",122,96
"1894","48379","Rains County, Texas","B14001_004",143,78
"1895","48379","Rains County, Texas","B14001_005",583,149
"1896","48379","Rains County, Texas","B14001_006",416,149
"1897","48379","Rains County, Texas","B14001_007",686,128
"1898","48379","Rains County, Texas","B14001_008",179,87
"1899","48379","Rains County, Texas","B14001_009",134,78
"1900","48379","Rains County, Texas","B14001_010",10244,208
"1901","48381","Randall County, Texas","B14001_001",140724,401
"1902","48381","Randall County, Texas","B14001_002",37502,895
"1903","48381","Randall County, Texas","B14001_003",1799,332
"1904","48381","Randall County, Texas","B14001_004",1845,336
"1905","48381","Randall County, Texas","B14001_005",7758,567
"1906","48381","Randall County, Texas","B14001_006",7743,562
"1907","48381","Randall County, Texas","B14001_007",8037,465
"1908","48381","Randall County, Texas","B14001_008",8547,650
"1909","48381","Randall County, Texas","B14001_009",1773,448
"1910","48381","Randall County, Texas","B14001_010",103222,862
"1911","48383","Reagan County, Texas","B14001_001",3064,49
"1912","48383","Reagan County, Texas","B14001_002",971,139
"1913","48383","Reagan County, Texas","B14001_003",89,62
"1914","48383","Reagan County, Texas","B14001_004",38,34
"1915","48383","Reagan County, Texas","B14001_005",161,63
"1916","48383","Reagan County, Texas","B14001_006",224,65
"1917","48383","Reagan County, Texas","B14001_007",326,78
"1918","48383","Reagan County, Texas","B14001_008",120,72
"1919","48383","Reagan County, Texas","B14001_009",13,17
"1920","48383","Reagan County, Texas","B14001_010",2093,136
"1921","48385","Real County, Texas","B14001_001",2717,69
"1922","48385","Real County, Texas","B14001_002",684,174
"1923","48385","Real County, Texas","B14001_003",0,15
"1924","48385","Real County, Texas","B14001_004",0,15
"1925","48385","Real County, Texas","B14001_005",200,95
"1926","48385","Real County, Texas","B14001_006",229,97
"1927","48385","Real County, Texas","B14001_007",160,84
"1928","48385","Real County, Texas","B14001_008",95,109
"1929","48385","Real County, Texas","B14001_009",0,15
"1930","48385","Real County, Texas","B14001_010",2033,204
"1931","48387","Red River County, Texas","B14001_001",11209,75
"1932","48387","Red River County, Texas","B14001_002",2095,166
"1933","48387","Red River County, Texas","B14001_003",149,72
"1934","48387","Red River County, Texas","B14001_004",44,27
"1935","48387","Red River County, Texas","B14001_005",372,125
"1936","48387","Red River County, Texas","B14001_006",622,134
"1937","48387","Red River County, Texas","B14001_007",670,102
"1938","48387","Red River County, Texas","B14001_008",221,74
"1939","48387","Red River County, Texas","B14001_009",17,16
"1940","48387","Red River County, Texas","B14001_010",9114,141
"1941","48389","Reeves County, Texas","B14001_001",12142,170
"1942","48389","Reeves County, Texas","B14001_002",2926,269
"1943","48389","Reeves County, Texas","B14001_003",109,94
"1944","48389","Reeves County, Texas","B14001_004",124,73
"1945","48389","Reeves County, Texas","B14001_005",708,211
"1946","48389","Reeves County, Texas","B14001_006",823,231
"1947","48389","Reeves County, Texas","B14001_007",790,158
"1948","48389","Reeves County, Texas","B14001_008",362,179
"1949","48389","Reeves County, Texas","B14001_009",10,20
"1950","48389","Reeves County, Texas","B14001_010",9216,331
"1951","48391","Refugio County, Texas","B14001_001",6568,58
"1952","48391","Refugio County, Texas","B14001_002",1400,110
"1953","48391","Refugio County, Texas","B14001_003",127,74
"1954","48391","Refugio County, Texas","B14001_004",124,48
"1955","48391","Refugio County, Texas","B14001_005",325,76
"1956","48391","Refugio County, Texas","B14001_006",295,87
"1957","48391","Refugio County, Texas","B14001_007",405,110
"1958","48391","Refugio County, Texas","B14001_008",124,64
"1959","48391","Refugio County, Texas","B14001_009",0,21
"1960","48391","Refugio County, Texas","B14001_010",5168,107
"1961","48393","Roberts County, Texas","B14001_001",832,126
"1962","48393","Roberts County, Texas","B14001_002",228,53
"1963","48393","Roberts County, Texas","B14001_003",23,24
"1964","48393","Roberts County, Texas","B14001_004",25,18
"1965","48393","Roberts County, Texas","B14001_005",78,27
"1966","48393","Roberts County, Texas","B14001_006",52,24
"1967","48393","Roberts County, Texas","B14001_007",50,31
"1968","48393","Roberts County, Texas","B14001_008",0,15
"1969","48393","Roberts County, Texas","B14001_009",0,15
"1970","48393","Roberts County, Texas","B14001_010",604,98
"1971","48395","Robertson County, Texas","B14001_001",16522,99
"1972","48395","Robertson County, Texas","B14001_002",3845,200
"1973","48395","Robertson County, Texas","B14001_003",226,104
"1974","48395","Robertson County, Texas","B14001_004",109,56
"1975","48395","Robertson County, Texas","B14001_005",839,207
"1976","48395","Robertson County, Texas","B14001_006",1216,221
"1977","48395","Robertson County, Texas","B14001_007",840,116
"1978","48395","Robertson County, Texas","B14001_008",513,155
"1979","48395","Robertson County, Texas","B14001_009",102,76
"1980","48395","Robertson County, Texas","B14001_010",12677,196
"1981","48397","Rockwall County, Texas","B14001_001",119542,342
"1982","48397","Rockwall County, Texas","B14001_002",32835,1008
"1983","48397","Rockwall County, Texas","B14001_003",2049,369
"1984","48397","Rockwall County, Texas","B14001_004",1618,321
"1985","48397","Rockwall County, Texas","B14001_005",7259,519
"1986","48397","Rockwall County, Texas","B14001_006",7198,488
"1987","48397","Rockwall County, Texas","B14001_007",8705,436
"1988","48397","Rockwall County, Texas","B14001_008",4849,732
"1989","48397","Rockwall County, Texas","B14001_009",1157,313
"1990","48397","Rockwall County, Texas","B14001_010",86707,991
"1991","48399","Runnels County, Texas","B14001_001",9662,65
"1992","48399","Runnels County, Texas","B14001_002",2195,163
"1993","48399","Runnels County, Texas","B14001_003",223,83
"1994","48399","Runnels County, Texas","B14001_004",199,92
"1995","48399","Runnels County, Texas","B14001_005",409,112
"1996","48399","Runnels County, Texas","B14001_006",537,120
"1997","48399","Runnels County, Texas","B14001_007",509,55
"1998","48399","Runnels County, Texas","B14001_008",284,84
"1999","48399","Runnels County, Texas","B14001_009",34,30
"2000","48399","Runnels County, Texas","B14001_010",7467,161
"2001","48401","Rusk County, Texas","B14001_001",51048,202
"2002","48401","Rusk County, Texas","B14001_002",11285,449
"2003","48401","Rusk County, Texas","B14001_003",430,163
"2004","48401","Rusk County, Texas","B14001_004",747,231
"2005","48401","Rusk County, Texas","B14001_005",2356,333
"2006","48401","Rusk County, Texas","B14001_006",2986,356
"2007","48401","Rusk County, Texas","B14001_007",2926,260
"2008","48401","Rusk County, Texas","B14001_008",1486,284
"2009","48401","Rusk County, Texas","B14001_009",354,139
"2010","48401","Rusk County, Texas","B14001_010",39763,440
"2011","48403","Sabine County, Texas","B14001_001",9649,139
"2012","48403","Sabine County, Texas","B14001_002",1706,250
"2013","48403","Sabine County, Texas","B14001_003",75,57
"2014","48403","Sabine County, Texas","B14001_004",333,162
"2015","48403","Sabine County, Texas","B14001_005",287,100
"2016","48403","Sabine County, Texas","B14001_006",375,150
"2017","48403","Sabine County, Texas","B14001_007",297,79
"2018","48403","Sabine County, Texas","B14001_008",278,172
"2019","48403","Sabine County, Texas","B14001_009",61,60
"2020","48403","Sabine County, Texas","B14001_010",7943,200
"2021","48405","San Augustine County, Texas","B14001_001",7748,59
"2022","48405","San Augustine County, Texas","B14001_002",1487,186
"2023","48405","San Augustine County, Texas","B14001_003",69,59
"2024","48405","San Augustine County, Texas","B14001_004",124,65
"2025","48405","San Augustine County, Texas","B14001_005",439,127
"2026","48405","San Augustine County, Texas","B14001_006",334,129
"2027","48405","San Augustine County, Texas","B14001_007",254,89
"2028","48405","San Augustine County, Texas","B14001_008",246,92
"2029","48405","San Augustine County, Texas","B14001_009",21,28
"2030","48405","San Augustine County, Texas","B14001_010",6261,181
"2031","48407","San Jacinto County, Texas","B14001_001",27579,138
"2032","48407","San Jacinto County, Texas","B14001_002",5967,346
"2033","48407","San Jacinto County, Texas","B14001_003",459,133
"2034","48407","San Jacinto County, Texas","B14001_004",445,144
"2035","48407","San Jacinto County, Texas","B14001_005",1491,215
"2036","48407","San Jacinto County, Texas","B14001_006",1246,241
"2037","48407","San Jacinto County, Texas","B14001_007",1334,154
"2038","48407","San Jacinto County, Texas","B14001_008",909,318
"2039","48407","San Jacinto County, Texas","B14001_009",83,62
"2040","48407","San Jacinto County, Texas","B14001_010",21612,350
"2041","48409","San Patricio County, Texas","B14001_001",67025,236
"2042","48409","San Patricio County, Texas","B14001_002",17075,501
"2043","48409","San Patricio County, Texas","B14001_003",697,224
"2044","48409","San Patricio County, Texas","B14001_004",603,205
"2045","48409","San Patricio County, Texas","B14001_005",4585,440
"2046","48409","San Patricio County, Texas","B14001_006",3981,414
"2047","48409","San Patricio County, Texas","B14001_007",4344,355
"2048","48409","San Patricio County, Texas","B14001_008",2515,418
"2049","48409","San Patricio County, Texas","B14001_009",350,141
"2050","48409","San Patricio County, Texas","B14001_010",49950,516
"2051","48411","San Saba County, Texas","B14001_001",5529,40
"2052","48411","San Saba County, Texas","B14001_002",1141,119
"2053","48411","San Saba County, Texas","B14001_003",64,48
"2054","48411","San Saba County, Texas","B14001_004",37,19
"2055","48411","San Saba County, Texas","B14001_005",255,57
"2056","48411","San Saba County, Texas","B14001_006",243,68
"2057","48411","San Saba County, Texas","B14001_007",420,94
"2058","48411","San Saba County, Texas","B14001_008",116,77
"2059","48411","San Saba County, Texas","B14001_009",6,10
"2060","48411","San Saba County, Texas","B14001_010",4388,128
"2061","48413","Schleicher County, Texas","B14001_001",2273,59
"2062","48413","Schleicher County, Texas","B14001_002",471,103
"2063","48413","Schleicher County, Texas","B14001_003",56,41
"2064","48413","Schleicher County, Texas","B14001_004",28,27
"2065","48413","Schleicher County, Texas","B14001_005",82,45
"2066","48413","Schleicher County, Texas","B14001_006",98,64
"2067","48413","Schleicher County, Texas","B14001_007",150,64
"2068","48413","Schleicher County, Texas","B14001_008",51,52
"2069","48413","Schleicher County, Texas","B14001_009",6,12
"2070","48413","Schleicher County, Texas","B14001_010",1802,72
"2071","48415","Scurry County, Texas","B14001_001",15863,98
"2072","48415","Scurry County, Texas","B14001_002",3685,349
"2073","48415","Scurry County, Texas","B14001_003",95,71
"2074","48415","Scurry County, Texas","B14001_004",207,112
"2075","48415","Scurry County, Texas","B14001_005",742,221
"2076","48415","Scurry County, Texas","B14001_006",765,232
"2077","48415","Scurry County, Texas","B14001_007",1161,274
"2078","48415","Scurry County, Texas","B14001_008",668,187
"2079","48415","Scurry County, Texas","B14001_009",47,42
"2080","48415","Scurry County, Texas","B14001_010",12178,342
"2081","48417","Shackelford County, Texas","B14001_001",3062,30
"2082","48417","Shackelford County, Texas","B14001_002",683,83
"2083","48417","Shackelford County, Texas","B14001_003",36,29
"2084","48417","Shackelford County, Texas","B14001_004",35,27
"2085","48417","Shackelford County, Texas","B14001_005",189,55
"2086","48417","Shackelford County, Texas","B14001_006",100,36
"2087","48417","Shackelford County, Texas","B14001_007",189,36
"2088","48417","Shackelford County, Texas","B14001_008",118,57
"2089","48417","Shackelford County, Texas","B14001_009",16,22
"2090","48417","Shackelford County, Texas","B14001_010",2379,103
"2091","48419","Shelby County, Texas","B14001_001",22987,213
"2092","48419","Shelby County, Texas","B14001_002",6058,326
"2093","48419","Shelby County, Texas","B14001_003",238,101
"2094","48419","Shelby County, Texas","B14001_004",472,209
"2095","48419","Shelby County, Texas","B14001_005",1233,193
"2096","48419","Shelby County, Texas","B14001_006",1545,246
"2097","48419","Shelby County, Texas","B14001_007",1586,233
"2098","48419","Shelby County, Texas","B14001_008",877,213
"2099","48419","Shelby County, Texas","B14001_009",107,66
"2100","48419","Shelby County, Texas","B14001_010",16929,258
"2101","48421","Sherman County, Texas","B14001_001",2165,196
"2102","48421","Sherman County, Texas","B14001_002",445,113
"2103","48421","Sherman County, Texas","B14001_003",12,13
"2104","48421","Sherman County, Texas","B14001_004",0,15
"2105","48421","Sherman County, Texas","B14001_005",35,32
"2106","48421","Sherman County, Texas","B14001_006",63,46
"2107","48421","Sherman County, Texas","B14001_007",102,55
"2108","48421","Sherman County, Texas","B14001_008",216,81
"2109","48421","Sherman County, Texas","B14001_009",17,15
"2110","48421","Sherman County, Texas","B14001_010",1720,164
"2111","48423","Smith County, Texas","B14001_001",232691,633
"2112","48423","Smith County, Texas","B14001_002",60099,1203
"2113","48423","Smith County, Texas","B14001_003",2733,446
"2114","48423","Smith County, Texas","B14001_004",3196,566
"2115","48423","Smith County, Texas","B14001_005",13094,880
"2116","48423","Smith County, Texas","B14001_006",13536,936
"2117","48423","Smith County, Texas","B14001_007",12787,550
"2118","48423","Smith County, Texas","B14001_008",12624,851
"2119","48423","Smith County, Texas","B14001_009",2129,375
"2120","48423","Smith County, Texas","B14001_010",172592,1309
"2121","48425","Somervell County, Texas","B14001_001",9419,78
"2122","48425","Somervell County, Texas","B14001_002",2227,150
"2123","48425","Somervell County, Texas","B14001_003",112,60
"2124","48425","Somervell County, Texas","B14001_004",73,58
"2125","48425","Somervell County, Texas","B14001_005",444,122
"2126","48425","Somervell County, Texas","B14001_006",435,129
"2127","48425","Somervell County, Texas","B14001_007",720,123
"2128","48425","Somervell County, Texas","B14001_008",413,147
"2129","48425","Somervell County, Texas","B14001_009",30,39
"2130","48425","Somervell County, Texas","B14001_010",7192,161
"2131","48427","Starr County, Texas","B14001_001",62986,355
"2132","48427","Starr County, Texas","B14001_002",21437,752
"2133","48427","Starr County, Texas","B14001_003",1896,478
"2134","48427","Starr County, Texas","B14001_004",1184,322
"2135","48427","Starr County, Texas","B14001_005",4516,455
"2136","48427","Starr County, Texas","B14001_006",5275,527
"2137","48427","Starr County, Texas","B14001_007",4623,290
"2138","48427","Starr County, Texas","B14001_008",3307,519
"2139","48427","Starr County, Texas","B14001_009",636,252
"2140","48427","Starr County, Texas","B14001_010",41549,724
"2141","48429","Stephens County, Texas","B14001_001",8976,54
"2142","48429","Stephens County, Texas","B14001_002",1744,114
"2143","48429","Stephens County, Texas","B14001_003",175,78
"2144","48429","Stephens County, Texas","B14001_004",124,93
"2145","48429","Stephens County, Texas","B14001_005",319,104
"2146","48429","Stephens County, Texas","B14001_006",534,160
"2147","48429","Stephens County, Texas","B14001_007",439,74
"2148","48429","Stephens County, Texas","B14001_008",134,65
"2149","48429","Stephens County, Texas","B14001_009",19,26
"2150","48429","Stephens County, Texas","B14001_010",7232,103
"2151","48431","Sterling County, Texas","B14001_001",1392,165
"2152","48431","Sterling County, Texas","B14001_002",409,92
"2153","48431","Sterling County, Texas","B14001_003",51,41
"2154","48431","Sterling County, Texas","B14001_004",10,10
"2155","48431","Sterling County, Texas","B14001_005",71,48
"2156","48431","Sterling County, Texas","B14001_006",139,78
"2157","48431","Sterling County, Texas","B14001_007",123,74
"2158","48431","Sterling County, Texas","B14001_008",15,13
"2159","48431","Sterling County, Texas","B14001_009",0,15
"2160","48431","Sterling County, Texas","B14001_010",983,137
"2161","48433","Stonewall County, Texas","B14001_001",1174,113
"2162","48433","Stonewall County, Texas","B14001_002",286,89
"2163","48433","Stonewall County, Texas","B14001_003",8,12
"2164","48433","Stonewall County, Texas","B14001_004",12,16
"2165","48433","Stonewall County, Texas","B14001_005",53,24
"2166","48433","Stonewall County, Texas","B14001_006",85,38
"2167","48433","Stonewall County, Texas","B14001_007",81,34
"2168","48433","Stonewall County, Texas","B14001_008",47,31
"2169","48433","Stonewall County, Texas","B14001_009",0,15
"2170","48433","Stonewall County, Texas","B14001_010",888,104
"2171","48435","Sutton County, Texas","B14001_001",3228,40
"2172","48435","Sutton County, Texas","B14001_002",903,186
"2173","48435","Sutton County, Texas","B14001_003",120,109
"2174","48435","Sutton County, Texas","B14001_004",112,101
"2175","48435","Sutton County, Texas","B14001_005",331,117
"2176","48435","Sutton County, Texas","B14001_006",90,73
"2177","48435","Sutton County, Texas","B14001_007",150,82
"2178","48435","Sutton County, Texas","B14001_008",69,74
"2179","48435","Sutton County, Texas","B14001_009",31,32
"2180","48435","Sutton County, Texas","B14001_010",2325,184
"2181","48437","Swisher County, Texas","B14001_001",6676,59
"2182","48437","Swisher County, Texas","B14001_002",1573,193
"2183","48437","Swisher County, Texas","B14001_003",84,57
"2184","48437","Swisher County, Texas","B14001_004",141,70
"2185","48437","Swisher County, Texas","B14001_005",285,125
"2186","48437","Swisher County, Texas","B14001_006",425,139
"2187","48437","Swisher County, Texas","B14001_007",337,38
"2188","48437","Swisher County, Texas","B14001_008",271,163
"2189","48437","Swisher County, Texas","B14001_009",30,32
"2190","48437","Swisher County, Texas","B14001_010",5103,198
"2191","48439","Tarrant County, Texas","B14001_001",2087957,2034
"2192","48439","Tarrant County, Texas","B14001_002",575872,4757
"2193","48439","Tarrant County, Texas","B14001_003",29707,1720
"2194","48439","Tarrant County, Texas","B14001_004",30702,1843
"2195","48439","Tarrant County, Texas","B14001_005",116792,2610
"2196","48439","Tarrant County, Texas","B14001_006",129770,2732
"2197","48439","Tarrant County, Texas","B14001_007",131916,1884
"2198","48439","Tarrant County, Texas","B14001_008",104706,2957
"2199","48439","Tarrant County, Texas","B14001_009",32279,1995
"2200","48439","Tarrant County, Texas","B14001_010",1512085,4506
"2201","48441","Taylor County, Texas","B14001_001",140246,513
"2202","48441","Taylor County, Texas","B14001_002",40031,1154
"2203","48441","Taylor County, Texas","B14001_003",1937,304
"2204","48441","Taylor County, Texas","B14001_004",2070,429
"2205","48441","Taylor County, Texas","B14001_005",7774,588
"2206","48441","Taylor County, Texas","B14001_006",8331,623
"2207","48441","Taylor County, Texas","B14001_007",7838,478
"2208","48441","Taylor County, Texas","B14001_008",9944,806
"2209","48441","Taylor County, Texas","B14001_009",2137,425
"2210","48441","Taylor County, Texas","B14001_010",100215,1148
"2211","48443","Terrell County, Texas","B14001_001",835,282
"2212","48443","Terrell County, Texas","B14001_002",144,122
"2213","48443","Terrell County, Texas","B14001_003",0,15
"2214","48443","Terrell County, Texas","B14001_004",8,7
"2215","48443","Terrell County, Texas","B14001_005",68,68
"2216","48443","Terrell County, Texas","B14001_006",68,56
"2217","48443","Terrell County, Texas","B14001_007",0,15
"2218","48443","Terrell County, Texas","B14001_008",0,15
"2219","48443","Terrell County, Texas","B14001_009",0,15
"2220","48443","Terrell County, Texas","B14001_010",691,221
"2221","48445","Terry County, Texas","B14001_001",11290,67
"2222","48445","Terry County, Texas","B14001_002",2727,207
"2223","48445","Terry County, Texas","B14001_003",231,100
"2224","48445","Terry County, Texas","B14001_004",340,131
"2225","48445","Terry County, Texas","B14001_005",691,133
"2226","48445","Terry County, Texas","B14001_006",611,184
"2227","48445","Terry County, Texas","B14001_007",708,109
"2228","48445","Terry County, Texas","B14001_008",127,90
"2229","48445","Terry County, Texas","B14001_009",19,18
"2230","48445","Terry County, Texas","B14001_010",8563,205
"2231","48447","Throckmorton County, Texas","B14001_001",1578,137
"2232","48447","Throckmorton County, Texas","B14001_002",338,76
"2233","48447","Throckmorton County, Texas","B14001_003",22,18
"2234","48447","Throckmorton County, Texas","B14001_004",31,19
"2235","48447","Throckmorton County, Texas","B14001_005",56,35
"2236","48447","Throckmorton County, Texas","B14001_006",74,23
"2237","48447","Throckmorton County, Texas","B14001_007",95,49
"2238","48447","Throckmorton County, Texas","B14001_008",51,28
"2239","48447","Throckmorton County, Texas","B14001_009",9,9
"2240","48447","Throckmorton County, Texas","B14001_010",1240,103
"2241","48449","Titus County, Texas","B14001_001",30092,202
"2242","48449","Titus County, Texas","B14001_002",8127,288
"2243","48449","Titus County, Texas","B14001_003",420,141
"2244","48449","Titus County, Texas","B14001_004",592,162
"2245","48449","Titus County, Texas","B14001_005",1877,220
"2246","48449","Titus County, Texas","B14001_006",2141,274
"2247","48449","Titus County, Texas","B14001_007",2104,209
"2248","48449","Titus County, Texas","B14001_008",893,204
"2249","48449","Titus County, Texas","B14001_009",100,58
"2250","48449","Titus County, Texas","B14001_010",21965,275
"2251","48451","Tom Green County, Texas","B14001_001",114979,349
"2252","48451","Tom Green County, Texas","B14001_002",29931,975
"2253","48451","Tom Green County, Texas","B14001_003",1539,320
"2254","48451","Tom Green County, Texas","B14001_004",1936,320
"2255","48451","Tom Green County, Texas","B14001_005",6313,630
"2256","48451","Tom Green County, Texas","B14001_006",5855,636
"2257","48451","Tom Green County, Texas","B14001_007",6239,466
"2258","48451","Tom Green County, Texas","B14001_008",6820,762
"2259","48451","Tom Green County, Texas","B14001_009",1229,380
"2260","48451","Tom Green County, Texas","B14001_010",85048,1013
"2261","48453","Travis County, Texas","B14001_001",1287110,1610
"2262","48453","Travis County, Texas","B14001_002",307277,3168
"2263","48453","Travis County, Texas","B14001_003",20294,1586
"2264","48453","Travis County, Texas","B14001_004",14617,1391
"2265","48453","Travis County, Texas","B14001_005",55877,1967
"2266","48453","Travis County, Texas","B14001_006",60975,2418
"2267","48453","Travis County, Texas","B14001_007",60028,1669
"2268","48453","Travis County, Texas","B14001_008",67663,2178
"2269","48453","Travis County, Texas","B14001_009",27823,2122
"2270","48453","Travis County, Texas","B14001_010",979833,3058
"2271","48455","Trinity County, Texas","B14001_001",13626,97
"2272","48455","Trinity County, Texas","B14001_002",2663,155
"2273","48455","Trinity County, Texas","B14001_003",106,42
"2274","48455","Trinity County, Texas","B14001_004",166,84
"2275","48455","Trinity County, Texas","B14001_005",571,166
"2276","48455","Trinity County, Texas","B14001_006",806,141
"2277","48455","Trinity County, Texas","B14001_007",601,173
"2278","48455","Trinity County, Texas","B14001_008",386,126
"2279","48455","Trinity County, Texas","B14001_009",27,33
"2280","48455","Trinity County, Texas","B14001_010",10963,166
"2281","48457","Tyler County, Texas","B14001_001",19713,66
"2282","48457","Tyler County, Texas","B14001_002",3462,245
"2283","48457","Tyler County, Texas","B14001_003",71,40
"2284","48457","Tyler County, Texas","B14001_004",203,82
"2285","48457","Tyler County, Texas","B14001_005",950,158
"2286","48457","Tyler County, Texas","B14001_006",969,146
"2287","48457","Tyler County, Texas","B14001_007",779,115
"2288","48457","Tyler County, Texas","B14001_008",422,149
"2289","48457","Tyler County, Texas","B14001_009",68,45
"2290","48457","Tyler County, Texas","B14001_010",16251,238
"2291","48459","Upshur County, Texas","B14001_001",41178,174
"2292","48459","Upshur County, Texas","B14001_002",9259,371
"2293","48459","Upshur County, Texas","B14001_003",541,210
"2294","48459","Upshur County, Texas","B14001_004",637,222
"2295","48459","Upshur County, Texas","B14001_005",2306,263
"2296","48459","Upshur County, Texas","B14001_006",2258,245
"2297","48459","Upshur County, Texas","B14001_007",2132,128
"2298","48459","Upshur County, Texas","B14001_008",1188,251
"2299","48459","Upshur County, Texas","B14001_009",197,95
"2300","48459","Upshur County, Texas","B14001_010",31919,362
"2301","48461","Upton County, Texas","B14001_001",3132,33
"2302","48461","Upton County, Texas","B14001_002",803,134
"2303","48461","Upton County, Texas","B14001_003",27,29
"2304","48461","Upton County, Texas","B14001_004",28,22
"2305","48461","Upton County, Texas","B14001_005",211,75
"2306","48461","Upton County, Texas","B14001_006",273,105
"2307","48461","Upton County, Texas","B14001_007",130,61
"2308","48461","Upton County, Texas","B14001_008",125,85
"2309","48461","Upton County, Texas","B14001_009",9,23
"2310","48461","Upton County, Texas","B14001_010",2329,136
"2311","48463","Uvalde County, Texas","B14001_001",23893,250
"2312","48463","Uvalde County, Texas","B14001_002",6447,536
"2313","48463","Uvalde County, Texas","B14001_003",412,173
"2314","48463","Uvalde County, Texas","B14001_004",358,166
"2315","48463","Uvalde County, Texas","B14001_005",1503,267
"2316","48463","Uvalde County, Texas","B14001_006",1543,268
"2317","48463","Uvalde County, Texas","B14001_007",904,173
"2318","48463","Uvalde County, Texas","B14001_008",1459,357
"2319","48463","Uvalde County, Texas","B14001_009",268,134
"2320","48463","Uvalde County, Texas","B14001_010",17446,556
"2321","48465","Val Verde County, Texas","B14001_001",45684,265
"2322","48465","Val Verde County, Texas","B14001_002",12224,651
"2323","48465","Val Verde County, Texas","B14001_003",665,268
"2324","48465","Val Verde County, Texas","B14001_004",611,179
"2325","48465","Val Verde County, Texas","B14001_005",3355,349
"2326","48465","Val Verde County, Texas","B14001_006",2603,400
"2327","48465","Val Verde County, Texas","B14001_007",3026,214
"2328","48465","Val Verde County, Texas","B14001_008",1552,420
"2329","48465","Val Verde County, Texas","B14001_009",412,170
"2330","48465","Val Verde County, Texas","B14001_010",33460,631
"2331","48467","Van Zandt County, Texas","B14001_001",60540,210
"2332","48467","Van Zandt County, Texas","B14001_002",13591,662
"2333","48467","Van Zandt County, Texas","B14001_003",963,244
"2334","48467","Van Zandt County, Texas","B14001_004",738,180
"2335","48467","Van Zandt County, Texas","B14001_005",2755,407
"2336","48467","Van Zandt County, Texas","B14001_006",3436,406
"2337","48467","Van Zandt County, Texas","B14001_007",3276,292
"2338","48467","Van Zandt County, Texas","B14001_008",1813,416
"2339","48467","Van Zandt County, Texas","B14001_009",610,300
"2340","48467","Van Zandt County, Texas","B14001_010",46949,648
"2341","48469","Victoria County, Texas","B14001_001",88094,342
"2342","48469","Victoria County, Texas","B14001_002",22796,671
"2343","48469","Victoria County, Texas","B14001_003",1674,349
"2344","48469","Victoria County, Texas","B14001_004",1324,257
"2345","48469","Victoria County, Texas","B14001_005",5149,538
"2346","48469","Victoria County, Texas","B14001_006",4961,508
"2347","48469","Victoria County, Texas","B14001_007",5429,384
"2348","48469","Victoria County, Texas","B14001_008",3494,494
"2349","48469","Victoria County, Texas","B14001_009",765,246
"2350","48469","Victoria County, Texas","B14001_010",65298,685
"2351","48471","Walker County, Texas","B14001_001",78426,328
"2352","48471","Walker County, Texas","B14001_002",20440,1070
"2353","48471","Walker County, Texas","B14001_003",628,251
"2354","48471","Walker County, Texas","B14001_004",753,264
"2355","48471","Walker County, Texas","B14001_005",2962,438
"2356","48471","Walker County, Texas","B14001_006",2022,401
"2357","48471","Walker County, Texas","B14001_007",2915,331
"2358","48471","Walker County, Texas","B14001_008",9992,1016
"2359","48471","Walker County, Texas","B14001_009",1168,362
"2360","48471","Walker County, Texas","B14001_010",57986,1068
"2361","48473","Waller County, Texas","B14001_001",59380,277
"2362","48473","Waller County, Texas","B14001_002",20190,983
"2363","48473","Waller County, Texas","B14001_003",1155,260
"2364","48473","Waller County, Texas","B14001_004",687,200
"2365","48473","Waller County, Texas","B14001_005",3630,396
"2366","48473","Waller County, Texas","B14001_006",3477,394
"2367","48473","Waller County, Texas","B14001_007",3060,262
"2368","48473","Waller County, Texas","B14001_008",7531,735
"2369","48473","Waller County, Texas","B14001_009",650,320
"2370","48473","Waller County, Texas","B14001_010",39190,911
"2371","48475","Ward County, Texas","B14001_001",10591,110
"2372","48475","Ward County, Texas","B14001_002",2864,205
"2373","48475","Ward County, Texas","B14001_003",209,98
"2374","48475","Ward County, Texas","B14001_004",123,97
"2375","48475","Ward County, Texas","B14001_005",821,162
"2376","48475","Ward County, Texas","B14001_006",724,171
"2377","48475","Ward County, Texas","B14001_007",744,101
"2378","48475","Ward County, Texas","B14001_008",160,98
"2379","48475","Ward County, Texas","B14001_009",83,57
"2380","48475","Ward County, Texas","B14001_010",7727,188
"2381","48477","Washington County, Texas","B14001_001",35532,180
"2382","48477","Washington County, Texas","B14001_002",8764,360
"2383","48477","Washington County, Texas","B14001_003",570,197
"2384","48477","Washington County, Texas","B14001_004",538,180
"2385","48477","Washington County, Texas","B14001_005",1651,319
"2386","48477","Washington County, Texas","B14001_006",1897,332
"2387","48477","Washington County, Texas","B14001_007",1812,191
"2388","48477","Washington County, Texas","B14001_008",2008,212
"2389","48477","Washington County, Texas","B14001_009",288,195
"2390","48477","Washington County, Texas","B14001_010",26768,349
"2391","48479","Webb County, Texas","B14001_001",257098,789
"2392","48479","Webb County, Texas","B14001_002",82410,1280
"2393","48479","Webb County, Texas","B14001_003",2454,496
"2394","48479","Webb County, Texas","B14001_004",6200,667
"2395","48479","Webb County, Texas","B14001_005",19735,917
"2396","48479","Webb County, Texas","B14001_006",19380,1128
"2397","48479","Webb County, Texas","B14001_007",19377,670
"2398","48479","Webb County, Texas","B14001_008",13152,942
"2399","48479","Webb County, Texas","B14001_009",2112,542
"2400","48479","Webb County, Texas","B14001_010",174688,1466
"2401","48481","Wharton County, Texas","B14001_001",40215,202
"2402","48481","Wharton County, Texas","B14001_002",9451,532
"2403","48481","Wharton County, Texas","B14001_003",480,189
"2404","48481","Wharton County, Texas","B14001_004",452,194
"2405","48481","Wharton County, Texas","B14001_005",2305,426
"2406","48481","Wharton County, Texas","B14001_006",2193,366
"2407","48481","Wharton County, Texas","B14001_007",2437,292
"2408","48481","Wharton County, Texas","B14001_008",1424,333
"2409","48481","Wharton County, Texas","B14001_009",160,95
"2410","48481","Wharton County, Texas","B14001_010",30764,555
"2411","48483","Wheeler County, Texas","B14001_001",4764,45
"2412","48483","Wheeler County, Texas","B14001_002",1185,105
"2413","48483","Wheeler County, Texas","B14001_003",50,34
"2414","48483","Wheeler County, Texas","B14001_004",44,35
"2415","48483","Wheeler County, Texas","B14001_005",383,71
"2416","48483","Wheeler County, Texas","B14001_006",293,66
"2417","48483","Wheeler County, Texas","B14001_007",350,81
"2418","48483","Wheeler County, Texas","B14001_008",62,42
"2419","48483","Wheeler County, Texas","B14001_009",3,3
"2420","48483","Wheeler County, Texas","B14001_010",3579,103
"2421","48485","Wichita County, Texas","B14001_001",125319,384
"2422","48485","Wichita County, Texas","B14001_002",31858,887
"2423","48485","Wichita County, Texas","B14001_003",1660,339
"2424","48485","Wichita County, Texas","B14001_004",1768,304
"2425","48485","Wichita County, Texas","B14001_005",6689,478
"2426","48485","Wichita County, Texas","B14001_006",6476,477
"2427","48485","Wichita County, Texas","B14001_007",6734,395
"2428","48485","Wichita County, Texas","B14001_008",7210,663
"2429","48485","Wichita County, Texas","B14001_009",1321,305
"2430","48485","Wichita County, Texas","B14001_010",93461,902
"2431","48487","Wilbarger County, Texas","B14001_001",12118,137
"2432","48487","Wilbarger County, Texas","B14001_002",2511,254
"2433","48487","Wilbarger County, Texas","B14001_003",107,75
"2434","48487","Wilbarger County, Texas","B14001_004",168,100
"2435","48487","Wilbarger County, Texas","B14001_005",483,134
"2436","48487","Wilbarger County, Texas","B14001_006",566,147
"2437","48487","Wilbarger County, Texas","B14001_007",648,139
"2438","48487","Wilbarger County, Texas","B14001_008",531,169
"2439","48487","Wilbarger County, Texas","B14001_009",8,14
"2440","48487","Wilbarger County, Texas","B14001_010",9607,231
"2441","48489","Willacy County, Texas","B14001_001",19523,177
"2442","48489","Willacy County, Texas","B14001_002",4909,282
"2443","48489","Willacy County, Texas","B14001_003",326,212
"2444","48489","Willacy County, Texas","B14001_004",228,117
"2445","48489","Willacy County, Texas","B14001_005",922,230
"2446","48489","Willacy County, Texas","B14001_006",1360,197
"2447","48489","Willacy County, Texas","B14001_007",1220,174
"2448","48489","Willacy County, Texas","B14001_008",694,211
"2449","48489","Willacy County, Texas","B14001_009",159,138
"2450","48489","Willacy County, Texas","B14001_010",14614,258
"2451","48491","Williamson County, Texas","B14001_001",649071,953
"2452","48491","Williamson County, Texas","B14001_002",168169,2381
"2453","48491","Williamson County, Texas","B14001_003",11905,964
"2454","48491","Williamson County, Texas","B14001_004",8970,1048
"2455","48491","Williamson County, Texas","B14001_005",38037,1226
"2456","48491","Williamson County, Texas","B14001_006",36566,1391
"2457","48491","Williamson County, Texas","B14001_007",36759,1140
"2458","48491","Williamson County, Texas","B14001_008",27538,1650
"2459","48491","Williamson County, Texas","B14001_009",8394,1026
"2460","48491","Williamson County, Texas","B14001_010",480902,2369
"2461","48493","Wilson County, Texas","B14001_001",51109,198
"2462","48493","Wilson County, Texas","B14001_002",12681,595
"2463","48493","Wilson County, Texas","B14001_003",620,185
"2464","48493","Wilson County, Texas","B14001_004",653,192
"2465","48493","Wilson County, Texas","B14001_005",2838,305
"2466","48493","Wilson County, Texas","B14001_006",3233,352
"2467","48493","Wilson County, Texas","B14001_007",2795,245
"2468","48493","Wilson County, Texas","B14001_008",1799,374
"2469","48493","Wilson County, Texas","B14001_009",743,292
"2470","48493","Wilson County, Texas","B14001_010",38428,553
"2471","48495","Winkler County, Texas","B14001_001",7264,73
"2472","48495","Winkler County, Texas","B14001_002",1736,213
"2473","48495","Winkler County, Texas","B14001_003",54,36
"2474","48495","Winkler County, Texas","B14001_004",36,34
"2475","48495","Winkler County, Texas","B14001_005",267,117
"2476","48495","Winkler County, Texas","B14001_006",516,112
"2477","48495","Winkler County, Texas","B14001_007",610,131
"2478","48495","Winkler County, Texas","B14001_008",223,120
"2479","48495","Winkler County, Texas","B14001_009",30,44
"2480","48495","Winkler County, Texas","B14001_010",5528,217
"2481","48497","Wise County, Texas","B14001_001",72386,173
"2482","48497","Wise County, Texas","B14001_002",18044,565
"2483","48497","Wise County, Texas","B14001_003",1196,292
"2484","48497","Wise County, Texas","B14001_004",834,227
"2485","48497","Wise County, Texas","B14001_005",4366,425
"2486","48497","Wise County, Texas","B14001_006",4145,412
"2487","48497","Wise County, Texas","B14001_007",4496,305
"2488","48497","Wise County, Texas","B14001_008",2643,455
"2489","48497","Wise County, Texas","B14001_009",364,110
"2490","48497","Wise County, Texas","B14001_010",54342,551
"2491","48499","Wood County, Texas","B14001_001",45886,179
"2492","48499","Wood County, Texas","B14001_002",9037,310
"2493","48499","Wood County, Texas","B14001_003",365,120
"2494","48499","Wood County, Texas","B14001_004",493,169
"2495","48499","Wood County, Texas","B14001_005",1934,354
"2496","48499","Wood County, Texas","B14001_006",2285,307
"2497","48499","Wood County, Texas","B14001_007",2199,236
"2498","48499","Wood County, Texas","B14001_008",1556,294
"2499","48499","Wood County, Texas","B14001_009",205,122
"2500","48499","Wood County, Texas","B14001_010",36849,299
"2501","48501","Yoakum County, Texas","B14001_001",7118,170
"2502","48501","Yoakum County, Texas","B14001_002",2287,347
"2503","48501","Yoakum County, Texas","B14001_003",74,101
"2504","48501","Yoakum County, Texas","B14001_004",265,166
"2505","48501","Yoakum County, Texas","B14001_005",467,182
"2506","48501","Yoakum County, Texas","B14001_006",516,169
"2507","48501","Yoakum County, Texas","B14001_007",638,210
"2508","48501","Yoakum County, Texas","B14001_008",316,230
"2509","48501","Yoakum County, Texas","B14001_009",11,22
"2510","48501","Yoakum County, Texas","B14001_010",4831,296
"2511","48503","Young County, Texas","B14001_001",17417,155
"2512","48503","Young County, Texas","B14001_002",3737,193
"2513","48503","Young County, Texas","B14001_003",225,79
"2514","48503","Young County, Texas","B14001_004",118,71
"2515","48503","Young County, Texas","B14001_005",1034,186
"2516","48503","Young County, Texas","B14001_006",1118,232
"2517","48503","Young County, Texas","B14001_007",955,220
"2518","48503","Young County, Texas","B14001_008",164,89
"2519","48503","Young County, Texas","B14001_009",123,101
"2520","48503","Young County, Texas","B14001_010",13680,178
"2521","48505","Zapata County, Texas","B14001_001",13193,160
"2522","48505","Zapata County, Texas","B14001_002",4443,318
"2523","48505","Zapata County, Texas","B14001_003",278,152
"2524","48505","Zapata County, Texas","B14001_004",336,138
"2525","48505","Zapata County, Texas","B14001_005",703,178
"2526","48505","Zapata County, Texas","B14001_006",1218,164
"2527","48505","Zapata County, Texas","B14001_007",1235,155
"2528","48505","Zapata County, Texas","B14001_008",572,244
"2529","48505","Zapata County, Texas","B14001_009",101,96
"2530","48505","Zapata County, Texas","B14001_010",8750,306
"2531","48507","Zavala County, Texas","B14001_001",9064,141
"2532","48507","Zavala County, Texas","B14001_002",2887,306
"2533","48507","Zavala County, Texas","B14001_003",281,166
"2534","48507","Zavala County, Texas","B14001_004",21,17
"2535","48507","Zavala County, Texas","B14001_005",537,122
"2536","48507","Zavala County, Texas","B14001_006",834,144
"2537","48507","Zavala County, Texas","B14001_007",779,217
"2538","48507","Zavala County, Texas","B14001_008",395,191
"2539","48507","Zavala County, Texas","B14001_009",40,63
"2540","48507","Zavala County, Texas","B14001_010",6177,280
