"","GEOID","NAME","variable","estimate","moe"
"1","48001","Anderson County, Texas","B01001_001",58439,NA
"2","48001","Anderson County, Texas","B01001_002",35716,170
"3","48001","Anderson County, Texas","B01001_003",1512,147
"4","48001","Anderson County, Texas","B01001_004",1712,234
"5","48001","Anderson County, Texas","B01001_005",1496,233
"6","48001","Anderson County, Texas","B01001_006",1161,58
"7","48001","Anderson County, Texas","B01001_007",825,232
"8","48001","Anderson County, Texas","B01001_008",268,155
"9","48001","Anderson County, Texas","B01001_009",503,190
"10","48001","Anderson County, Texas","B01001_010",1670,298
"11","48001","Anderson County, Texas","B01001_011",2824,204
"12","48001","Anderson County, Texas","B01001_012",3196,354
"13","48001","Anderson County, Texas","B01001_013",3340,506
"14","48001","Anderson County, Texas","B01001_014",3628,427
"15","48001","Anderson County, Texas","B01001_015",3254,356
"16","48001","Anderson County, Texas","B01001_016",2475,16
"17","48001","Anderson County, Texas","B01001_017",2052,251
"18","48001","Anderson County, Texas","B01001_018",811,189
"19","48001","Anderson County, Texas","B01001_019",943,224
"20","48001","Anderson County, Texas","B01001_020",639,146
"21","48001","Anderson County, Texas","B01001_021",962,150
"22","48001","Anderson County, Texas","B01001_022",980,152
"23","48001","Anderson County, Texas","B01001_023",707,114
"24","48001","Anderson County, Texas","B01001_024",590,116
"25","48001","Anderson County, Texas","B01001_025",168,75
"26","48001","Anderson County, Texas","B01001_026",22723,170
"27","48001","Anderson County, Texas","B01001_027",1439,154
"28","48001","Anderson County, Texas","B01001_028",1485,208
"29","48001","Anderson County, Texas","B01001_029",1513,209
"30","48001","Anderson County, Texas","B01001_030",877,65
"31","48001","Anderson County, Texas","B01001_031",521,199
"32","48001","Anderson County, Texas","B01001_032",170,106
"33","48001","Anderson County, Texas","B01001_033",349,164
"34","48001","Anderson County, Texas","B01001_034",639,238
"35","48001","Anderson County, Texas","B01001_035",1412,135
"36","48001","Anderson County, Texas","B01001_036",1256,114
"37","48001","Anderson County, Texas","B01001_037",1515,209
"38","48001","Anderson County, Texas","B01001_038",1130,214
"39","48001","Anderson County, Texas","B01001_039",1459,62
"40","48001","Anderson County, Texas","B01001_040",1250,61
"41","48001","Anderson County, Texas","B01001_041",1525,224
"42","48001","Anderson County, Texas","B01001_042",561,145
"43","48001","Anderson County, Texas","B01001_043",803,213
"44","48001","Anderson County, Texas","B01001_044",585,144
"45","48001","Anderson County, Texas","B01001_045",840,181
"46","48001","Anderson County, Texas","B01001_046",1339,200
"47","48001","Anderson County, Texas","B01001_047",936,184
"48","48001","Anderson County, Texas","B01001_048",779,199
"49","48001","Anderson County, Texas","B01001_049",340,100
"50","48003","Andrews County, Texas","B01001_001",18610,NA
"51","48003","Andrews County, Texas","B01001_002",9104,221
"52","48003","Andrews County, Texas","B01001_003",489,198
"53","48003","Andrews County, Texas","B01001_004",639,198
"54","48003","Andrews County, Texas","B01001_005",1028,194
"55","48003","Andrews County, Texas","B01001_006",459,62
"56","48003","Andrews County, Texas","B01001_007",77,73
"57","48003","Andrews County, Texas","B01001_008",249,159
"58","48003","Andrews County, Texas","B01001_009",112,86
"59","48003","Andrews County, Texas","B01001_010",336,206
"60","48003","Andrews County, Texas","B01001_011",679,236
"61","48003","Andrews County, Texas","B01001_012",761,21
"62","48003","Andrews County, Texas","B01001_013",782,221
"63","48003","Andrews County, Texas","B01001_014",712,195
"64","48003","Andrews County, Texas","B01001_015",465,123
"65","48003","Andrews County, Texas","B01001_016",484,149
"66","48003","Andrews County, Texas","B01001_017",384,132
"67","48003","Andrews County, Texas","B01001_018",229,137
"68","48003","Andrews County, Texas","B01001_019",355,124
"69","48003","Andrews County, Texas","B01001_020",164,91
"70","48003","Andrews County, Texas","B01001_021",109,53
"71","48003","Andrews County, Texas","B01001_022",340,94
"72","48003","Andrews County, Texas","B01001_023",94,71
"73","48003","Andrews County, Texas","B01001_024",133,43
"74","48003","Andrews County, Texas","B01001_025",24,29
"75","48003","Andrews County, Texas","B01001_026",9506,221
"76","48003","Andrews County, Texas","B01001_027",1007,198
"77","48003","Andrews County, Texas","B01001_028",808,194
"78","48003","Andrews County, Texas","B01001_029",840,186
"79","48003","Andrews County, Texas","B01001_030",487,57
"80","48003","Andrews County, Texas","B01001_031",178,95
"81","48003","Andrews County, Texas","B01001_032",144,96
"82","48003","Andrews County, Texas","B01001_033",81,67
"83","48003","Andrews County, Texas","B01001_034",417,145
"84","48003","Andrews County, Texas","B01001_035",525,97
"85","48003","Andrews County, Texas","B01001_036",697,67
"86","48003","Andrews County, Texas","B01001_037",669,174
"87","48003","Andrews County, Texas","B01001_038",561,176
"88","48003","Andrews County, Texas","B01001_039",639,141
"89","48003","Andrews County, Texas","B01001_040",448,172
"90","48003","Andrews County, Texas","B01001_041",365,115
"91","48003","Andrews County, Texas","B01001_042",392,159
"92","48003","Andrews County, Texas","B01001_043",306,104
"93","48003","Andrews County, Texas","B01001_044",84,48
"94","48003","Andrews County, Texas","B01001_045",196,81
"95","48003","Andrews County, Texas","B01001_046",300,86
"96","48003","Andrews County, Texas","B01001_047",99,79
"97","48003","Andrews County, Texas","B01001_048",143,56
"98","48003","Andrews County, Texas","B01001_049",120,58
"99","48005","Angelina County, Texas","B01001_001",87275,NA
"100","48005","Angelina County, Texas","B01001_002",42818,127
"101","48005","Angelina County, Texas","B01001_003",2921,99
"102","48005","Angelina County, Texas","B01001_004",2539,365
"103","48005","Angelina County, Texas","B01001_005",3716,365
"104","48005","Angelina County, Texas","B01001_006",2006,36
"105","48005","Angelina County, Texas","B01001_007",1118,119
"106","48005","Angelina County, Texas","B01001_008",753,258
"107","48005","Angelina County, Texas","B01001_009",651,262
"108","48005","Angelina County, Texas","B01001_010",1372,296
"109","48005","Angelina County, Texas","B01001_011",2729,67
"110","48005","Angelina County, Texas","B01001_012",2681,4
"111","48005","Angelina County, Texas","B01001_013",2941,314
"112","48005","Angelina County, Texas","B01001_014",2230,335
"113","48005","Angelina County, Texas","B01001_015",2453,3
"114","48005","Angelina County, Texas","B01001_016",2699,52
"115","48005","Angelina County, Texas","B01001_017",2796,362
"116","48005","Angelina County, Texas","B01001_018",1180,237
"117","48005","Angelina County, Texas","B01001_019",1462,338
"118","48005","Angelina County, Texas","B01001_020",710,164
"119","48005","Angelina County, Texas","B01001_021",1438,209
"120","48005","Angelina County, Texas","B01001_022",1871,260
"121","48005","Angelina County, Texas","B01001_023",1124,158
"122","48005","Angelina County, Texas","B01001_024",967,174
"123","48005","Angelina County, Texas","B01001_025",461,130
"124","48005","Angelina County, Texas","B01001_026",44457,127
"125","48005","Angelina County, Texas","B01001_027",2735,4
"126","48005","Angelina County, Texas","B01001_028",2996,446
"127","48005","Angelina County, Texas","B01001_029",3159,457
"128","48005","Angelina County, Texas","B01001_030",1998,34
"129","48005","Angelina County, Texas","B01001_031",1205,243
"130","48005","Angelina County, Texas","B01001_032",483,156
"131","48005","Angelina County, Texas","B01001_033",346,165
"132","48005","Angelina County, Texas","B01001_034",1754,241
"133","48005","Angelina County, Texas","B01001_035",2766,15
"134","48005","Angelina County, Texas","B01001_036",2838,4
"135","48005","Angelina County, Texas","B01001_037",2614,374
"136","48005","Angelina County, Texas","B01001_038",2807,369
"137","48005","Angelina County, Texas","B01001_039",2625,95
"138","48005","Angelina County, Texas","B01001_040",2648,3
"139","48005","Angelina County, Texas","B01001_041",2684,345
"140","48005","Angelina County, Texas","B01001_042",1239,283
"141","48005","Angelina County, Texas","B01001_043",1409,259
"142","48005","Angelina County, Texas","B01001_044",1091,196
"143","48005","Angelina County, Texas","B01001_045",1102,206
"144","48005","Angelina County, Texas","B01001_046",2457,291
"145","48005","Angelina County, Texas","B01001_047",1551,217
"146","48005","Angelina County, Texas","B01001_048",1008,210
"147","48005","Angelina County, Texas","B01001_049",942,219
"148","48007","Aransas County, Texas","B01001_001",24876,NA
"149","48007","Aransas County, Texas","B01001_002",12219,294
"150","48007","Aransas County, Texas","B01001_003",530,229
"151","48007","Aransas County, Texas","B01001_004",533,177
"152","48007","Aransas County, Texas","B01001_005",617,247
"153","48007","Aransas County, Texas","B01001_006",397,162
"154","48007","Aransas County, Texas","B01001_007",29,38
"155","48007","Aransas County, Texas","B01001_008",369,300
"156","48007","Aransas County, Texas","B01001_009",14,26
"157","48007","Aransas County, Texas","B01001_010",380,141
"158","48007","Aransas County, Texas","B01001_011",806,143
"159","48007","Aransas County, Texas","B01001_012",587,202
"160","48007","Aransas County, Texas","B01001_013",891,267
"161","48007","Aransas County, Texas","B01001_014",663,202
"162","48007","Aransas County, Texas","B01001_015",525,119
"163","48007","Aransas County, Texas","B01001_016",670,123
"164","48007","Aransas County, Texas","B01001_017",796,182
"165","48007","Aransas County, Texas","B01001_018",346,143
"166","48007","Aransas County, Texas","B01001_019",653,174
"167","48007","Aransas County, Texas","B01001_020",468,174
"168","48007","Aransas County, Texas","B01001_021",633,186
"169","48007","Aransas County, Texas","B01001_022",896,173
"170","48007","Aransas County, Texas","B01001_023",681,128
"171","48007","Aransas County, Texas","B01001_024",403,103
"172","48007","Aransas County, Texas","B01001_025",332,127
"173","48007","Aransas County, Texas","B01001_026",12657,294
"174","48007","Aransas County, Texas","B01001_027",579,203
"175","48007","Aransas County, Texas","B01001_028",378,141
"176","48007","Aransas County, Texas","B01001_029",790,165
"177","48007","Aransas County, Texas","B01001_030",310,104
"178","48007","Aransas County, Texas","B01001_031",32,35
"179","48007","Aransas County, Texas","B01001_032",6,15
"180","48007","Aransas County, Texas","B01001_033",61,90
"181","48007","Aransas County, Texas","B01001_034",407,195
"182","48007","Aransas County, Texas","B01001_035",892,290
"183","48007","Aransas County, Texas","B01001_036",683,179
"184","48007","Aransas County, Texas","B01001_037",672,214
"185","48007","Aransas County, Texas","B01001_038",746,282
"186","48007","Aransas County, Texas","B01001_039",574,94
"187","48007","Aransas County, Texas","B01001_040",794,137
"188","48007","Aransas County, Texas","B01001_041",1004,227
"189","48007","Aransas County, Texas","B01001_042",519,191
"190","48007","Aransas County, Texas","B01001_043",569,158
"191","48007","Aransas County, Texas","B01001_044",403,151
"192","48007","Aransas County, Texas","B01001_045",672,174
"193","48007","Aransas County, Texas","B01001_046",1002,182
"194","48007","Aransas County, Texas","B01001_047",872,134
"195","48007","Aransas County, Texas","B01001_048",283,101
"196","48007","Aransas County, Texas","B01001_049",409,122
"197","48009","Archer County, Texas","B01001_001",8867,NA
"198","48009","Archer County, Texas","B01001_002",4493,65
"199","48009","Archer County, Texas","B01001_003",226,23
"200","48009","Archer County, Texas","B01001_004",306,62
"201","48009","Archer County, Texas","B01001_005",289,59
"202","48009","Archer County, Texas","B01001_006",202,19
"203","48009","Archer County, Texas","B01001_007",102,35
"204","48009","Archer County, Texas","B01001_008",60,23
"205","48009","Archer County, Texas","B01001_009",57,30
"206","48009","Archer County, Texas","B01001_010",81,29
"207","48009","Archer County, Texas","B01001_011",253,37
"208","48009","Archer County, Texas","B01001_012",268,41
"209","48009","Archer County, Texas","B01001_013",395,80
"210","48009","Archer County, Texas","B01001_014",213,60
"211","48009","Archer County, Texas","B01001_015",254,35
"212","48009","Archer County, Texas","B01001_016",247,18
"213","48009","Archer County, Texas","B01001_017",290,68
"214","48009","Archer County, Texas","B01001_018",129,46
"215","48009","Archer County, Texas","B01001_019",222,72
"216","48009","Archer County, Texas","B01001_020",110,46
"217","48009","Archer County, Texas","B01001_021",183,56
"218","48009","Archer County, Texas","B01001_022",230,56
"219","48009","Archer County, Texas","B01001_023",185,48
"220","48009","Archer County, Texas","B01001_024",119,45
"221","48009","Archer County, Texas","B01001_025",72,40
"222","48009","Archer County, Texas","B01001_026",4374,65
"223","48009","Archer County, Texas","B01001_027",192,10
"224","48009","Archer County, Texas","B01001_028",308,59
"225","48009","Archer County, Texas","B01001_029",277,58
"226","48009","Archer County, Texas","B01001_030",165,11
"227","48009","Archer County, Texas","B01001_031",88,45
"228","48009","Archer County, Texas","B01001_032",67,45
"229","48009","Archer County, Texas","B01001_033",10,10
"230","48009","Archer County, Texas","B01001_034",98,41
"231","48009","Archer County, Texas","B01001_035",201,19
"232","48009","Archer County, Texas","B01001_036",231,18
"233","48009","Archer County, Texas","B01001_037",221,44
"234","48009","Archer County, Texas","B01001_038",295,49
"235","48009","Archer County, Texas","B01001_039",253,33
"236","48009","Archer County, Texas","B01001_040",276,23
"237","48009","Archer County, Texas","B01001_041",263,69
"238","48009","Archer County, Texas","B01001_042",142,52
"239","48009","Archer County, Texas","B01001_043",254,63
"240","48009","Archer County, Texas","B01001_044",113,71
"241","48009","Archer County, Texas","B01001_045",283,86
"242","48009","Archer County, Texas","B01001_046",251,79
"243","48009","Archer County, Texas","B01001_047",203,56
"244","48009","Archer County, Texas","B01001_048",96,45
"245","48009","Archer County, Texas","B01001_049",87,50
"246","48011","Armstrong County, Texas","B01001_001",1822,126
"247","48011","Armstrong County, Texas","B01001_002",836,71
"248","48011","Armstrong County, Texas","B01001_003",61,33
"249","48011","Armstrong County, Texas","B01001_004",12,11
"250","48011","Armstrong County, Texas","B01001_005",48,24
"251","48011","Armstrong County, Texas","B01001_006",15,13
"252","48011","Armstrong County, Texas","B01001_007",17,17
"253","48011","Armstrong County, Texas","B01001_008",9,12
"254","48011","Armstrong County, Texas","B01001_009",1,3
"255","48011","Armstrong County, Texas","B01001_010",72,32
"256","48011","Armstrong County, Texas","B01001_011",54,29
"257","48011","Armstrong County, Texas","B01001_012",19,17
"258","48011","Armstrong County, Texas","B01001_013",29,19
"259","48011","Armstrong County, Texas","B01001_014",97,35
"260","48011","Armstrong County, Texas","B01001_015",23,21
"261","48011","Armstrong County, Texas","B01001_016",32,12
"262","48011","Armstrong County, Texas","B01001_017",36,27
"263","48011","Armstrong County, Texas","B01001_018",16,11
"264","48011","Armstrong County, Texas","B01001_019",66,25
"265","48011","Armstrong County, Texas","B01001_020",32,29
"266","48011","Armstrong County, Texas","B01001_021",37,16
"267","48011","Armstrong County, Texas","B01001_022",64,32
"268","48011","Armstrong County, Texas","B01001_023",42,17
"269","48011","Armstrong County, Texas","B01001_024",38,22
"270","48011","Armstrong County, Texas","B01001_025",16,13
"271","48011","Armstrong County, Texas","B01001_026",986,92
"272","48011","Armstrong County, Texas","B01001_027",45,22
"273","48011","Armstrong County, Texas","B01001_028",41,22
"274","48011","Armstrong County, Texas","B01001_029",123,44
"275","48011","Armstrong County, Texas","B01001_030",6,9
"276","48011","Armstrong County, Texas","B01001_031",8,14
"277","48011","Armstrong County, Texas","B01001_032",0,15
"278","48011","Armstrong County, Texas","B01001_033",0,15
"279","48011","Armstrong County, Texas","B01001_034",65,47
"280","48011","Armstrong County, Texas","B01001_035",70,51
"281","48011","Armstrong County, Texas","B01001_036",32,15
"282","48011","Armstrong County, Texas","B01001_037",43,26
"283","48011","Armstrong County, Texas","B01001_038",68,30
"284","48011","Armstrong County, Texas","B01001_039",32,23
"285","48011","Armstrong County, Texas","B01001_040",49,13
"286","48011","Armstrong County, Texas","B01001_041",80,36
"287","48011","Armstrong County, Texas","B01001_042",51,24
"288","48011","Armstrong County, Texas","B01001_043",43,23
"289","48011","Armstrong County, Texas","B01001_044",34,31
"290","48011","Armstrong County, Texas","B01001_045",25,14
"291","48011","Armstrong County, Texas","B01001_046",52,34
"292","48011","Armstrong County, Texas","B01001_047",47,24
"293","48011","Armstrong County, Texas","B01001_048",26,17
"294","48011","Armstrong County, Texas","B01001_049",46,32
"295","48013","Atascosa County, Texas","B01001_001",51008,NA
"296","48013","Atascosa County, Texas","B01001_002",25380,137
"297","48013","Atascosa County, Texas","B01001_003",1717,5
"298","48013","Atascosa County, Texas","B01001_004",2068,256
"299","48013","Atascosa County, Texas","B01001_005",1895,276
"300","48013","Atascosa County, Texas","B01001_006",1304,141
"301","48013","Atascosa County, Texas","B01001_007",671,101
"302","48013","Atascosa County, Texas","B01001_008",271,172
"303","48013","Atascosa County, Texas","B01001_009",591,190
"304","48013","Atascosa County, Texas","B01001_010",804,229
"305","48013","Atascosa County, Texas","B01001_011",1506,3
"306","48013","Atascosa County, Texas","B01001_012",1691,42
"307","48013","Atascosa County, Texas","B01001_013",1861,280
"308","48013","Atascosa County, Texas","B01001_014",1561,275
"309","48013","Atascosa County, Texas","B01001_015",1565,35
"310","48013","Atascosa County, Texas","B01001_016",1525,16
"311","48013","Atascosa County, Texas","B01001_017",1471,239
"312","48013","Atascosa County, Texas","B01001_018",503,161
"313","48013","Atascosa County, Texas","B01001_019",861,251
"314","48013","Atascosa County, Texas","B01001_020",456,173
"315","48013","Atascosa County, Texas","B01001_021",703,175
"316","48013","Atascosa County, Texas","B01001_022",1025,176
"317","48013","Atascosa County, Texas","B01001_023",705,162
"318","48013","Atascosa County, Texas","B01001_024",495,179
"319","48013","Atascosa County, Texas","B01001_025",131,83
"320","48013","Atascosa County, Texas","B01001_026",25628,137
"321","48013","Atascosa County, Texas","B01001_027",1619,2
"322","48013","Atascosa County, Texas","B01001_028",1923,251
"323","48013","Atascosa County, Texas","B01001_029",1884,289
"324","48013","Atascosa County, Texas","B01001_030",1131,18
"325","48013","Atascosa County, Texas","B01001_031",716,143
"326","48013","Atascosa County, Texas","B01001_032",337,163
"327","48013","Atascosa County, Texas","B01001_033",295,158
"328","48013","Atascosa County, Texas","B01001_034",1013,272
"329","48013","Atascosa County, Texas","B01001_035",1532,23
"330","48013","Atascosa County, Texas","B01001_036",1640,48
"331","48013","Atascosa County, Texas","B01001_037",1415,253
"332","48013","Atascosa County, Texas","B01001_038",1885,254
"333","48013","Atascosa County, Texas","B01001_039",1554,36
"334","48013","Atascosa County, Texas","B01001_040",1488,43
"335","48013","Atascosa County, Texas","B01001_041",1256,241
"336","48013","Atascosa County, Texas","B01001_042",810,224
"337","48013","Atascosa County, Texas","B01001_043",877,241
"338","48013","Atascosa County, Texas","B01001_044",628,192
"339","48013","Atascosa County, Texas","B01001_045",636,156
"340","48013","Atascosa County, Texas","B01001_046",1126,210
"341","48013","Atascosa County, Texas","B01001_047",700,149
"342","48013","Atascosa County, Texas","B01001_048",483,129
"343","48013","Atascosa County, Texas","B01001_049",680,178
"344","48015","Austin County, Texas","B01001_001",31170,NA
"345","48015","Austin County, Texas","B01001_002",15946,119
"346","48015","Austin County, Texas","B01001_003",1050,97
"347","48015","Austin County, Texas","B01001_004",971,186
"348","48015","Austin County, Texas","B01001_005",1375,194
"349","48015","Austin County, Texas","B01001_006",683,43
"350","48015","Austin County, Texas","B01001_007",499,179
"351","48015","Austin County, Texas","B01001_008",32,36
"352","48015","Austin County, Texas","B01001_009",246,143
"353","48015","Austin County, Texas","B01001_010",394,149
"354","48015","Austin County, Texas","B01001_011",851,49
"355","48015","Austin County, Texas","B01001_012",959,82
"356","48015","Austin County, Texas","B01001_013",911,233
"357","48015","Austin County, Texas","B01001_014",929,200
"358","48015","Austin County, Texas","B01001_015",816,27
"359","48015","Austin County, Texas","B01001_016",959,105
"360","48015","Austin County, Texas","B01001_017",1172,191
"361","48015","Austin County, Texas","B01001_018",311,132
"362","48015","Austin County, Texas","B01001_019",716,175
"363","48015","Austin County, Texas","B01001_020",294,95
"364","48015","Austin County, Texas","B01001_021",631,149
"365","48015","Austin County, Texas","B01001_022",825,148
"366","48015","Austin County, Texas","B01001_023",571,132
"367","48015","Austin County, Texas","B01001_024",568,156
"368","48015","Austin County, Texas","B01001_025",183,77
"369","48015","Austin County, Texas","B01001_026",15224,119
"370","48015","Austin County, Texas","B01001_027",700,96
"371","48015","Austin County, Texas","B01001_028",701,177
"372","48015","Austin County, Texas","B01001_029",1211,183
"373","48015","Austin County, Texas","B01001_030",611,45
"374","48015","Austin County, Texas","B01001_031",206,99
"375","48015","Austin County, Texas","B01001_032",202,136
"376","48015","Austin County, Texas","B01001_033",37,52
"377","48015","Austin County, Texas","B01001_034",770,201
"378","48015","Austin County, Texas","B01001_035",857,96
"379","48015","Austin County, Texas","B01001_036",823,54
"380","48015","Austin County, Texas","B01001_037",830,164
"381","48015","Austin County, Texas","B01001_038",895,161
"382","48015","Austin County, Texas","B01001_039",840,75
"383","48015","Austin County, Texas","B01001_040",1013,82
"384","48015","Austin County, Texas","B01001_041",959,178
"385","48015","Austin County, Texas","B01001_042",327,129
"386","48015","Austin County, Texas","B01001_043",758,150
"387","48015","Austin County, Texas","B01001_044",455,119
"388","48015","Austin County, Texas","B01001_045",510,140
"389","48015","Austin County, Texas","B01001_046",963,184
"390","48015","Austin County, Texas","B01001_047",898,167
"391","48015","Austin County, Texas","B01001_048",261,82
"392","48015","Austin County, Texas","B01001_049",397,112
"393","48017","Bailey County, Texas","B01001_001",6913,341
"394","48017","Bailey County, Texas","B01001_002",3494,247
"395","48017","Bailey County, Texas","B01001_003",337,83
"396","48017","Bailey County, Texas","B01001_004",358,58
"397","48017","Bailey County, Texas","B01001_005",252,89
"398","48017","Bailey County, Texas","B01001_006",122,63
"399","48017","Bailey County, Texas","B01001_007",9,20
"400","48017","Bailey County, Texas","B01001_008",50,62
"401","48017","Bailey County, Texas","B01001_009",16,26
"402","48017","Bailey County, Texas","B01001_010",278,130
"403","48017","Bailey County, Texas","B01001_011",250,107
"404","48017","Bailey County, Texas","B01001_012",274,137
"405","48017","Bailey County, Texas","B01001_013",152,100
"406","48017","Bailey County, Texas","B01001_014",350,162
"407","48017","Bailey County, Texas","B01001_015",106,60
"408","48017","Bailey County, Texas","B01001_016",103,84
"409","48017","Bailey County, Texas","B01001_017",64,70
"410","48017","Bailey County, Texas","B01001_018",41,56
"411","48017","Bailey County, Texas","B01001_019",3,5
"412","48017","Bailey County, Texas","B01001_020",126,100
"413","48017","Bailey County, Texas","B01001_021",18,23
"414","48017","Bailey County, Texas","B01001_022",231,93
"415","48017","Bailey County, Texas","B01001_023",226,142
"416","48017","Bailey County, Texas","B01001_024",90,61
"417","48017","Bailey County, Texas","B01001_025",38,31
"418","48017","Bailey County, Texas","B01001_026",3419,230
"419","48017","Bailey County, Texas","B01001_027",159,96
"420","48017","Bailey County, Texas","B01001_028",162,92
"421","48017","Bailey County, Texas","B01001_029",295,108
"422","48017","Bailey County, Texas","B01001_030",171,70
"423","48017","Bailey County, Texas","B01001_031",140,119
"424","48017","Bailey County, Texas","B01001_032",44,53
"425","48017","Bailey County, Texas","B01001_033",28,43
"426","48017","Bailey County, Texas","B01001_034",249,127
"427","48017","Bailey County, Texas","B01001_035",177,80
"428","48017","Bailey County, Texas","B01001_036",323,124
"429","48017","Bailey County, Texas","B01001_037",135,82
"430","48017","Bailey County, Texas","B01001_038",341,159
"431","48017","Bailey County, Texas","B01001_039",193,92
"432","48017","Bailey County, Texas","B01001_040",72,70
"433","48017","Bailey County, Texas","B01001_041",127,82
"434","48017","Bailey County, Texas","B01001_042",100,76
"435","48017","Bailey County, Texas","B01001_043",71,56
"436","48017","Bailey County, Texas","B01001_044",22,27
"437","48017","Bailey County, Texas","B01001_045",43,40
"438","48017","Bailey County, Texas","B01001_046",246,110
"439","48017","Bailey County, Texas","B01001_047",104,123
"440","48017","Bailey County, Texas","B01001_048",56,73
"441","48017","Bailey County, Texas","B01001_049",161,103
"442","48019","Bandera County, Texas","B01001_001",22021,NA
"443","48019","Bandera County, Texas","B01001_002",10846,216
"444","48019","Bandera County, Texas","B01001_003",468,78
"445","48019","Bandera County, Texas","B01001_004",468,121
"446","48019","Bandera County, Texas","B01001_005",606,123
"447","48019","Bandera County, Texas","B01001_006",300,151
"448","48019","Bandera County, Texas","B01001_007",168,152
"449","48019","Bandera County, Texas","B01001_008",118,64
"450","48019","Bandera County, Texas","B01001_009",120,106
"451","48019","Bandera County, Texas","B01001_010",207,142
"452","48019","Bandera County, Texas","B01001_011",445,80
"453","48019","Bandera County, Texas","B01001_012",414,94
"454","48019","Bandera County, Texas","B01001_013",522,191
"455","48019","Bandera County, Texas","B01001_014",542,166
"456","48019","Bandera County, Texas","B01001_015",708,123
"457","48019","Bandera County, Texas","B01001_016",664,141
"458","48019","Bandera County, Texas","B01001_017",994,151
"459","48019","Bandera County, Texas","B01001_018",373,128
"460","48019","Bandera County, Texas","B01001_019",461,132
"461","48019","Bandera County, Texas","B01001_020",301,127
"462","48019","Bandera County, Texas","B01001_021",827,235
"463","48019","Bandera County, Texas","B01001_022",851,190
"464","48019","Bandera County, Texas","B01001_023",665,113
"465","48019","Bandera County, Texas","B01001_024",450,124
"466","48019","Bandera County, Texas","B01001_025",174,83
"467","48019","Bandera County, Texas","B01001_026",11175,216
"468","48019","Bandera County, Texas","B01001_027",417,84
"469","48019","Bandera County, Texas","B01001_028",486,115
"470","48019","Bandera County, Texas","B01001_029",669,121
"471","48019","Bandera County, Texas","B01001_030",237,150
"472","48019","Bandera County, Texas","B01001_031",190,99
"473","48019","Bandera County, Texas","B01001_032",136,93
"474","48019","Bandera County, Texas","B01001_033",47,53
"475","48019","Bandera County, Texas","B01001_034",179,110
"476","48019","Bandera County, Texas","B01001_035",475,126
"477","48019","Bandera County, Texas","B01001_036",390,59
"478","48019","Bandera County, Texas","B01001_037",589,186
"479","48019","Bandera County, Texas","B01001_038",509,144
"480","48019","Bandera County, Texas","B01001_039",649,131
"481","48019","Bandera County, Texas","B01001_040",812,131
"482","48019","Bandera County, Texas","B01001_041",1137,205
"483","48019","Bandera County, Texas","B01001_042",322,142
"484","48019","Bandera County, Texas","B01001_043",645,163
"485","48019","Bandera County, Texas","B01001_044",548,171
"486","48019","Bandera County, Texas","B01001_045",559,152
"487","48019","Bandera County, Texas","B01001_046",920,180
"488","48019","Bandera County, Texas","B01001_047",774,131
"489","48019","Bandera County, Texas","B01001_048",296,102
"490","48019","Bandera County, Texas","B01001_049",189,84
"491","48021","Bastrop County, Texas","B01001_001",106582,NA
"492","48021","Bastrop County, Texas","B01001_002",53980,241
"493","48021","Bastrop County, Texas","B01001_003",3429,110
"494","48021","Bastrop County, Texas","B01001_004",3637,560
"495","48021","Bastrop County, Texas","B01001_005",4034,553
"496","48021","Bastrop County, Texas","B01001_006",2456,87
"497","48021","Bastrop County, Texas","B01001_007",1399,61
"498","48021","Bastrop County, Texas","B01001_008",758,235
"499","48021","Bastrop County, Texas","B01001_009",762,246
"500","48021","Bastrop County, Texas","B01001_010",2043,298
"501","48021","Bastrop County, Texas","B01001_011",3386,127
"502","48021","Bastrop County, Texas","B01001_012",3506,144
"503","48021","Bastrop County, Texas","B01001_013",3617,442
"504","48021","Bastrop County, Texas","B01001_014",3503,384
"505","48021","Bastrop County, Texas","B01001_015",3190,148
"506","48021","Bastrop County, Texas","B01001_016",3398,223
"507","48021","Bastrop County, Texas","B01001_017",3495,399
"508","48021","Bastrop County, Texas","B01001_018",1329,315
"509","48021","Bastrop County, Texas","B01001_019",2106,349
"510","48021","Bastrop County, Texas","B01001_020",1611,324
"511","48021","Bastrop County, Texas","B01001_021",1489,254
"512","48021","Bastrop County, Texas","B01001_022",2176,327
"513","48021","Bastrop County, Texas","B01001_023",1365,229
"514","48021","Bastrop County, Texas","B01001_024",734,147
"515","48021","Bastrop County, Texas","B01001_025",557,218
"516","48021","Bastrop County, Texas","B01001_026",52602,241
"517","48021","Bastrop County, Texas","B01001_027",3533,100
"518","48021","Bastrop County, Texas","B01001_028",3410,535
"519","48021","Bastrop County, Texas","B01001_029",4682,636
"520","48021","Bastrop County, Texas","B01001_030",2500,125
"521","48021","Bastrop County, Texas","B01001_031",1397,98
"522","48021","Bastrop County, Texas","B01001_032",415,203
"523","48021","Bastrop County, Texas","B01001_033",624,266
"524","48021","Bastrop County, Texas","B01001_034",1905,341
"525","48021","Bastrop County, Texas","B01001_035",3131,106
"526","48021","Bastrop County, Texas","B01001_036",3208,109
"527","48021","Bastrop County, Texas","B01001_037",3167,399
"528","48021","Bastrop County, Texas","B01001_038",3260,473
"529","48021","Bastrop County, Texas","B01001_039",2847,178
"530","48021","Bastrop County, Texas","B01001_040",3326,265
"531","48021","Bastrop County, Texas","B01001_041",3115,351
"532","48021","Bastrop County, Texas","B01001_042",1775,324
"533","48021","Bastrop County, Texas","B01001_043",1837,312
"534","48021","Bastrop County, Texas","B01001_044",1206,263
"535","48021","Bastrop County, Texas","B01001_045",1518,278
"536","48021","Bastrop County, Texas","B01001_046",2503,313
"537","48021","Bastrop County, Texas","B01001_047",1675,261
"538","48021","Bastrop County, Texas","B01001_048",895,266
"539","48021","Bastrop County, Texas","B01001_049",673,176
"540","48023","Baylor County, Texas","B01001_001",3485,NA
"541","48023","Baylor County, Texas","B01001_002",1768,93
"542","48023","Baylor County, Texas","B01001_003",83,31
"543","48023","Baylor County, Texas","B01001_004",145,65
"544","48023","Baylor County, Texas","B01001_005",106,60
"545","48023","Baylor County, Texas","B01001_006",87,43
"546","48023","Baylor County, Texas","B01001_007",49,41
"547","48023","Baylor County, Texas","B01001_008",0,15
"548","48023","Baylor County, Texas","B01001_009",0,15
"549","48023","Baylor County, Texas","B01001_010",57,42
"550","48023","Baylor County, Texas","B01001_011",70,48
"551","48023","Baylor County, Texas","B01001_012",73,20
"552","48023","Baylor County, Texas","B01001_013",110,41
"553","48023","Baylor County, Texas","B01001_014",76,44
"554","48023","Baylor County, Texas","B01001_015",97,43
"555","48023","Baylor County, Texas","B01001_016",74,32
"556","48023","Baylor County, Texas","B01001_017",187,58
"557","48023","Baylor County, Texas","B01001_018",56,27
"558","48023","Baylor County, Texas","B01001_019",27,28
"559","48023","Baylor County, Texas","B01001_020",123,53
"560","48023","Baylor County, Texas","B01001_021",29,26
"561","48023","Baylor County, Texas","B01001_022",143,52
"562","48023","Baylor County, Texas","B01001_023",115,43
"563","48023","Baylor County, Texas","B01001_024",29,24
"564","48023","Baylor County, Texas","B01001_025",32,23
"565","48023","Baylor County, Texas","B01001_026",1717,93
"566","48023","Baylor County, Texas","B01001_027",67,31
"567","48023","Baylor County, Texas","B01001_028",87,41
"568","48023","Baylor County, Texas","B01001_029",105,48
"569","48023","Baylor County, Texas","B01001_030",76,38
"570","48023","Baylor County, Texas","B01001_031",0,15
"571","48023","Baylor County, Texas","B01001_032",0,15
"572","48023","Baylor County, Texas","B01001_033",22,31
"573","48023","Baylor County, Texas","B01001_034",45,36
"574","48023","Baylor County, Texas","B01001_035",90,49
"575","48023","Baylor County, Texas","B01001_036",101,23
"576","48023","Baylor County, Texas","B01001_037",59,39
"577","48023","Baylor County, Texas","B01001_038",82,54
"578","48023","Baylor County, Texas","B01001_039",121,55
"579","48023","Baylor County, Texas","B01001_040",121,24
"580","48023","Baylor County, Texas","B01001_041",156,50
"581","48023","Baylor County, Texas","B01001_042",56,45
"582","48023","Baylor County, Texas","B01001_043",50,34
"583","48023","Baylor County, Texas","B01001_044",17,21
"584","48023","Baylor County, Texas","B01001_045",74,35
"585","48023","Baylor County, Texas","B01001_046",133,45
"586","48023","Baylor County, Texas","B01001_047",108,63
"587","48023","Baylor County, Texas","B01001_048",76,52
"588","48023","Baylor County, Texas","B01001_049",71,30
"589","48025","Bee County, Texas","B01001_001",31083,NA
"590","48025","Bee County, Texas","B01001_002",19540,158
"591","48025","Bee County, Texas","B01001_003",846,40
"592","48025","Bee County, Texas","B01001_004",926,177
"593","48025","Bee County, Texas","B01001_005",862,186
"594","48025","Bee County, Texas","B01001_006",602,61
"595","48025","Bee County, Texas","B01001_007",523,144
"596","48025","Bee County, Texas","B01001_008",759,408
"597","48025","Bee County, Texas","B01001_009",541,244
"598","48025","Bee County, Texas","B01001_010",746,264
"599","48025","Bee County, Texas","B01001_011",2000,294
"600","48025","Bee County, Texas","B01001_012",1900,127
"601","48025","Bee County, Texas","B01001_013",1640,303
"602","48025","Bee County, Texas","B01001_014",1872,285
"603","48025","Bee County, Texas","B01001_015",1674,370
"604","48025","Bee County, Texas","B01001_016",1068,165
"605","48025","Bee County, Texas","B01001_017",948,189
"606","48025","Bee County, Texas","B01001_018",322,116
"607","48025","Bee County, Texas","B01001_019",433,138
"608","48025","Bee County, Texas","B01001_020",419,133
"609","48025","Bee County, Texas","B01001_021",313,100
"610","48025","Bee County, Texas","B01001_022",445,140
"611","48025","Bee County, Texas","B01001_023",308,94
"612","48025","Bee County, Texas","B01001_024",160,64
"613","48025","Bee County, Texas","B01001_025",233,99
"614","48025","Bee County, Texas","B01001_026",11543,158
"615","48025","Bee County, Texas","B01001_027",669,40
"616","48025","Bee County, Texas","B01001_028",683,183
"617","48025","Bee County, Texas","B01001_029",1097,206
"618","48025","Bee County, Texas","B01001_030",528,74
"619","48025","Bee County, Texas","B01001_031",420,175
"620","48025","Bee County, Texas","B01001_032",98,101
"621","48025","Bee County, Texas","B01001_033",59,49
"622","48025","Bee County, Texas","B01001_034",463,193
"623","48025","Bee County, Texas","B01001_035",717,80
"624","48025","Bee County, Texas","B01001_036",723,31
"625","48025","Bee County, Texas","B01001_037",876,180
"626","48025","Bee County, Texas","B01001_038",683,178
"627","48025","Bee County, Texas","B01001_039",509,37
"628","48025","Bee County, Texas","B01001_040",626,28
"629","48025","Bee County, Texas","B01001_041",785,131
"630","48025","Bee County, Texas","B01001_042",187,107
"631","48025","Bee County, Texas","B01001_043",348,110
"632","48025","Bee County, Texas","B01001_044",317,120
"633","48025","Bee County, Texas","B01001_045",305,93
"634","48025","Bee County, Texas","B01001_046",554,116
"635","48025","Bee County, Texas","B01001_047",355,123
"636","48025","Bee County, Texas","B01001_048",205,88
"637","48025","Bee County, Texas","B01001_049",336,132
"638","48027","Bell County, Texas","B01001_001",386897,NA
"639","48027","Bell County, Texas","B01001_002",192592,167
"640","48027","Bell County, Texas","B01001_003",15342,109
"641","48027","Bell County, Texas","B01001_004",16058,775
"642","48027","Bell County, Texas","B01001_005",14218,813
"643","48027","Bell County, Texas","B01001_006",8555,49
"644","48027","Bell County, Texas","B01001_007",5760,78
"645","48027","Bell County, Texas","B01001_008",3681,508
"646","48027","Bell County, Texas","B01001_009",3631,504
"647","48027","Bell County, Texas","B01001_010",9106,613
"648","48027","Bell County, Texas","B01001_011",16318,97
"649","48027","Bell County, Texas","B01001_012",14979,147
"650","48027","Bell County, Texas","B01001_013",13845,800
"651","48027","Bell County, Texas","B01001_014",12360,801
"652","48027","Bell County, Texas","B01001_015",10292,137
"653","48027","Bell County, Texas","B01001_016",9749,179
"654","48027","Bell County, Texas","B01001_017",8932,618
"655","48027","Bell County, Texas","B01001_018",3856,480
"656","48027","Bell County, Texas","B01001_019",5201,614
"657","48027","Bell County, Texas","B01001_020",3517,447
"658","48027","Bell County, Texas","B01001_021",4201,317
"659","48027","Bell County, Texas","B01001_022",5430,381
"660","48027","Bell County, Texas","B01001_023",3248,319
"661","48027","Bell County, Texas","B01001_024",2413,283
"662","48027","Bell County, Texas","B01001_025",1900,329
"663","48027","Bell County, Texas","B01001_026",194305,167
"664","48027","Bell County, Texas","B01001_027",14408,97
"665","48027","Bell County, Texas","B01001_028",13117,854
"666","48027","Bell County, Texas","B01001_029",16226,866
"667","48027","Bell County, Texas","B01001_030",8324,87
"668","48027","Bell County, Texas","B01001_031",4956,119
"669","48027","Bell County, Texas","B01001_032",3172,486
"670","48027","Bell County, Texas","B01001_033",2047,458
"671","48027","Bell County, Texas","B01001_034",8844,550
"672","48027","Bell County, Texas","B01001_035",15054,113
"673","48027","Bell County, Texas","B01001_036",15066,96
"674","48027","Bell County, Texas","B01001_037",13557,823
"675","48027","Bell County, Texas","B01001_038",13253,824
"676","48027","Bell County, Texas","B01001_039",10993,127
"677","48027","Bell County, Texas","B01001_040",10131,83
"678","48027","Bell County, Texas","B01001_041",9435,625
"679","48027","Bell County, Texas","B01001_042",4193,416
"680","48027","Bell County, Texas","B01001_043",6091,613
"681","48027","Bell County, Texas","B01001_044",4103,457
"682","48027","Bell County, Texas","B01001_045",4645,414
"683","48027","Bell County, Texas","B01001_046",6406,522
"684","48027","Bell County, Texas","B01001_047",4592,411
"685","48027","Bell County, Texas","B01001_048",2491,415
"686","48027","Bell County, Texas","B01001_049",3201,409
"687","48029","Bexar County, Texas","B01001_001",2067341,NA
"688","48029","Bexar County, Texas","B01001_002",1026235,57
"689","48029","Bexar County, Texas","B01001_003",67808,42
"690","48029","Bexar County, Texas","B01001_004",71944,2345
"691","48029","Bexar County, Texas","B01001_005",75450,2357
"692","48029","Bexar County, Texas","B01001_006",44802,19
"693","48029","Bexar County, Texas","B01001_007",31244,86
"694","48029","Bexar County, Texas","B01001_008",13946,1110
"695","48029","Bexar County, Texas","B01001_009",14888,1078
"696","48029","Bexar County, Texas","B01001_010",47201,1263
"697","48029","Bexar County, Texas","B01001_011",81259,67
"698","48029","Bexar County, Texas","B01001_012",83343,144
"699","48029","Bexar County, Texas","B01001_013",78882,2084
"700","48029","Bexar County, Texas","B01001_014",72705,2092
"701","48029","Bexar County, Texas","B01001_015",62328,174
"702","48029","Bexar County, Texas","B01001_016",58825,56
"703","48029","Bexar County, Texas","B01001_017",55773,1746
"704","48029","Bexar County, Texas","B01001_018",20441,1140
"705","48029","Bexar County, Texas","B01001_019",28729,1397
"706","48029","Bexar County, Texas","B01001_020",17956,845
"707","48029","Bexar County, Texas","B01001_021",22814,1059
"708","48029","Bexar County, Texas","B01001_022",32587,1248
"709","48029","Bexar County, Texas","B01001_023",20818,846
"710","48029","Bexar County, Texas","B01001_024",11289,711
"711","48029","Bexar County, Texas","B01001_025",11203,924
"712","48029","Bexar County, Texas","B01001_026",1041106,57
"713","48029","Bexar County, Texas","B01001_027",64994,54
"714","48029","Bexar County, Texas","B01001_028",68697,2058
"715","48029","Bexar County, Texas","B01001_029",72759,2049
"716","48029","Bexar County, Texas","B01001_030",43588,80
"717","48029","Bexar County, Texas","B01001_031",28463,14
"718","48029","Bexar County, Texas","B01001_032",13639,1102
"719","48029","Bexar County, Texas","B01001_033",15562,1429
"720","48029","Bexar County, Texas","B01001_034",43082,1819
"721","48029","Bexar County, Texas","B01001_035",77796,87
"722","48029","Bexar County, Texas","B01001_036",79284,100
"723","48029","Bexar County, Texas","B01001_037",75941,1849
"724","48029","Bexar County, Texas","B01001_038",70809,1848
"725","48029","Bexar County, Texas","B01001_039",63868,96
"726","48029","Bexar County, Texas","B01001_040",61082,130
"727","48029","Bexar County, Texas","B01001_041",57554,1795
"728","48029","Bexar County, Texas","B01001_042",22615,1095
"729","48029","Bexar County, Texas","B01001_043",31856,1540
"730","48029","Bexar County, Texas","B01001_044",18581,1026
"731","48029","Bexar County, Texas","B01001_045",29358,1462
"732","48029","Bexar County, Texas","B01001_046",39787,1377
"733","48029","Bexar County, Texas","B01001_047",27948,1009
"734","48029","Bexar County, Texas","B01001_048",15950,785
"735","48029","Bexar County, Texas","B01001_049",17893,926
"736","48031","Blanco County, Texas","B01001_001",12446,NA
"737","48031","Blanco County, Texas","B01001_002",6078,83
"738","48031","Blanco County, Texas","B01001_003",204,39
"739","48031","Blanco County, Texas","B01001_004",390,83
"740","48031","Blanco County, Texas","B01001_005",215,68
"741","48031","Blanco County, Texas","B01001_006",196,40
"742","48031","Blanco County, Texas","B01001_007",119,72
"743","48031","Blanco County, Texas","B01001_008",0,23
"744","48031","Blanco County, Texas","B01001_009",15,26
"745","48031","Blanco County, Texas","B01001_010",161,83
"746","48031","Blanco County, Texas","B01001_011",415,127
"747","48031","Blanco County, Texas","B01001_012",283,52
"748","48031","Blanco County, Texas","B01001_013",236,85
"749","48031","Blanco County, Texas","B01001_014",423,95
"750","48031","Blanco County, Texas","B01001_015",412,80
"751","48031","Blanco County, Texas","B01001_016",357,48
"752","48031","Blanco County, Texas","B01001_017",434,134
"753","48031","Blanco County, Texas","B01001_018",253,110
"754","48031","Blanco County, Texas","B01001_019",397,123
"755","48031","Blanco County, Texas","B01001_020",139,56
"756","48031","Blanco County, Texas","B01001_021",365,112
"757","48031","Blanco County, Texas","B01001_022",495,91
"758","48031","Blanco County, Texas","B01001_023",284,113
"759","48031","Blanco County, Texas","B01001_024",115,56
"760","48031","Blanco County, Texas","B01001_025",170,109
"761","48031","Blanco County, Texas","B01001_026",6368,83
"762","48031","Blanco County, Texas","B01001_027",276,73
"763","48031","Blanco County, Texas","B01001_028",232,104
"764","48031","Blanco County, Texas","B01001_029",478,87
"765","48031","Blanco County, Texas","B01001_030",191,36
"766","48031","Blanco County, Texas","B01001_031",87,63
"767","48031","Blanco County, Texas","B01001_032",14,25
"768","48031","Blanco County, Texas","B01001_033",11,18
"769","48031","Blanco County, Texas","B01001_034",155,65
"770","48031","Blanco County, Texas","B01001_035",266,63
"771","48031","Blanco County, Texas","B01001_036",325,50
"772","48031","Blanco County, Texas","B01001_037",302,81
"773","48031","Blanco County, Texas","B01001_038",279,82
"774","48031","Blanco County, Texas","B01001_039",357,74
"775","48031","Blanco County, Texas","B01001_040",462,81
"776","48031","Blanco County, Texas","B01001_041",610,122
"777","48031","Blanco County, Texas","B01001_042",325,117
"778","48031","Blanco County, Texas","B01001_043",281,101
"779","48031","Blanco County, Texas","B01001_044",249,89
"780","48031","Blanco County, Texas","B01001_045",246,90
"781","48031","Blanco County, Texas","B01001_046",557,117
"782","48031","Blanco County, Texas","B01001_047",400,97
"783","48031","Blanco County, Texas","B01001_048",147,75
"784","48031","Blanco County, Texas","B01001_049",118,60
"785","48033","Borden County, Texas","B01001_001",713,135
"786","48033","Borden County, Texas","B01001_002",317,60
"787","48033","Borden County, Texas","B01001_003",20,15
"788","48033","Borden County, Texas","B01001_004",40,26
"789","48033","Borden County, Texas","B01001_005",20,14
"790","48033","Borden County, Texas","B01001_006",18,17
"791","48033","Borden County, Texas","B01001_007",2,4
"792","48033","Borden County, Texas","B01001_008",0,15
"793","48033","Borden County, Texas","B01001_009",0,15
"794","48033","Borden County, Texas","B01001_010",0,15
"795","48033","Borden County, Texas","B01001_011",40,35
"796","48033","Borden County, Texas","B01001_012",3,4
"797","48033","Borden County, Texas","B01001_013",32,23
"798","48033","Borden County, Texas","B01001_014",15,14
"799","48033","Borden County, Texas","B01001_015",8,10
"800","48033","Borden County, Texas","B01001_016",21,19
"801","48033","Borden County, Texas","B01001_017",14,8
"802","48033","Borden County, Texas","B01001_018",8,9
"803","48033","Borden County, Texas","B01001_019",16,11
"804","48033","Borden County, Texas","B01001_020",6,5
"805","48033","Borden County, Texas","B01001_021",22,16
"806","48033","Borden County, Texas","B01001_022",5,5
"807","48033","Borden County, Texas","B01001_023",13,11
"808","48033","Borden County, Texas","B01001_024",4,5
"809","48033","Borden County, Texas","B01001_025",10,9
"810","48033","Borden County, Texas","B01001_026",396,95
"811","48033","Borden County, Texas","B01001_027",39,21
"812","48033","Borden County, Texas","B01001_028",62,60
"813","48033","Borden County, Texas","B01001_029",26,33
"814","48033","Borden County, Texas","B01001_030",26,20
"815","48033","Borden County, Texas","B01001_031",0,15
"816","48033","Borden County, Texas","B01001_032",0,15
"817","48033","Borden County, Texas","B01001_033",0,15
"818","48033","Borden County, Texas","B01001_034",29,33
"819","48033","Borden County, Texas","B01001_035",31,30
"820","48033","Borden County, Texas","B01001_036",27,22
"821","48033","Borden County, Texas","B01001_037",18,21
"822","48033","Borden County, Texas","B01001_038",17,14
"823","48033","Borden County, Texas","B01001_039",15,16
"824","48033","Borden County, Texas","B01001_040",25,16
"825","48033","Borden County, Texas","B01001_041",7,6
"826","48033","Borden County, Texas","B01001_042",4,4
"827","48033","Borden County, Texas","B01001_043",7,6
"828","48033","Borden County, Texas","B01001_044",2,3
"829","48033","Borden County, Texas","B01001_045",22,19
"830","48033","Borden County, Texas","B01001_046",17,15
"831","48033","Borden County, Texas","B01001_047",4,5
"832","48033","Borden County, Texas","B01001_048",9,8
"833","48033","Borden County, Texas","B01001_049",9,8
"834","48035","Bosque County, Texas","B01001_001",18687,NA
"835","48035","Bosque County, Texas","B01001_002",9159,62
"836","48035","Bosque County, Texas","B01001_003",498,32
"837","48035","Bosque County, Texas","B01001_004",634,99
"838","48035","Bosque County, Texas","B01001_005",468,95
"839","48035","Bosque County, Texas","B01001_006",315,40
"840","48035","Bosque County, Texas","B01001_007",140,39
"841","48035","Bosque County, Texas","B01001_008",128,74
"842","48035","Bosque County, Texas","B01001_009",139,75
"843","48035","Bosque County, Texas","B01001_010",290,95
"844","48035","Bosque County, Texas","B01001_011",416,6
"845","48035","Bosque County, Texas","B01001_012",389,48
"846","48035","Bosque County, Texas","B01001_013",610,104
"847","48035","Bosque County, Texas","B01001_014",497,78
"848","48035","Bosque County, Texas","B01001_015",404,36
"849","48035","Bosque County, Texas","B01001_016",583,63
"850","48035","Bosque County, Texas","B01001_017",522,114
"851","48035","Bosque County, Texas","B01001_018",258,84
"852","48035","Bosque County, Texas","B01001_019",602,111
"853","48035","Bosque County, Texas","B01001_020",286,82
"854","48035","Bosque County, Texas","B01001_021",454,99
"855","48035","Bosque County, Texas","B01001_022",572,101
"856","48035","Bosque County, Texas","B01001_023",484,86
"857","48035","Bosque County, Texas","B01001_024",381,85
"858","48035","Bosque County, Texas","B01001_025",89,46
"859","48035","Bosque County, Texas","B01001_026",9528,62
"860","48035","Bosque County, Texas","B01001_027",443,29
"861","48035","Bosque County, Texas","B01001_028",489,107
"862","48035","Bosque County, Texas","B01001_029",549,110
"863","48035","Bosque County, Texas","B01001_030",486,68
"864","48035","Bosque County, Texas","B01001_031",202,38
"865","48035","Bosque County, Texas","B01001_032",106,59
"866","48035","Bosque County, Texas","B01001_033",129,89
"867","48035","Bosque County, Texas","B01001_034",192,76
"868","48035","Bosque County, Texas","B01001_035",430,12
"869","48035","Bosque County, Texas","B01001_036",478,5
"870","48035","Bosque County, Texas","B01001_037",567,104
"871","48035","Bosque County, Texas","B01001_038",464,93
"872","48035","Bosque County, Texas","B01001_039",465,47
"873","48035","Bosque County, Texas","B01001_040",633,43
"874","48035","Bosque County, Texas","B01001_041",594,100
"875","48035","Bosque County, Texas","B01001_042",260,68
"876","48035","Bosque County, Texas","B01001_043",522,103
"877","48035","Bosque County, Texas","B01001_044",429,95
"878","48035","Bosque County, Texas","B01001_045",395,97
"879","48035","Bosque County, Texas","B01001_046",571,99
"880","48035","Bosque County, Texas","B01001_047",431,100
"881","48035","Bosque County, Texas","B01001_048",378,105
"882","48035","Bosque County, Texas","B01001_049",315,91
"883","48037","Bowie County, Texas","B01001_001",92115,NA
"884","48037","Bowie County, Texas","B01001_002",46327,90
"885","48037","Bowie County, Texas","B01001_003",2757,65
"886","48037","Bowie County, Texas","B01001_004",2930,347
"887","48037","Bowie County, Texas","B01001_005",3575,351
"888","48037","Bowie County, Texas","B01001_006",2037,87
"889","48037","Bowie County, Texas","B01001_007",1268,112
"890","48037","Bowie County, Texas","B01001_008",326,169
"891","48037","Bowie County, Texas","B01001_009",909,232
"892","48037","Bowie County, Texas","B01001_010",1659,272
"893","48037","Bowie County, Texas","B01001_011",3281,31
"894","48037","Bowie County, Texas","B01001_012",3419,114
"895","48037","Bowie County, Texas","B01001_013",2541,355
"896","48037","Bowie County, Texas","B01001_014",3509,352
"897","48037","Bowie County, Texas","B01001_015",2765,95
"898","48037","Bowie County, Texas","B01001_016",2891,120
"899","48037","Bowie County, Texas","B01001_017",2528,292
"900","48037","Bowie County, Texas","B01001_018",1416,255
"901","48037","Bowie County, Texas","B01001_019",1444,222
"902","48037","Bowie County, Texas","B01001_020",755,173
"903","48037","Bowie County, Texas","B01001_021",1561,224
"904","48037","Bowie County, Texas","B01001_022",1974,238
"905","48037","Bowie County, Texas","B01001_023",1580,194
"906","48037","Bowie County, Texas","B01001_024",790,167
"907","48037","Bowie County, Texas","B01001_025",412,126
"908","48037","Bowie County, Texas","B01001_026",45788,90
"909","48037","Bowie County, Texas","B01001_027",2605,29
"910","48037","Bowie County, Texas","B01001_028",3211,369
"911","48037","Bowie County, Texas","B01001_029",2894,370
"912","48037","Bowie County, Texas","B01001_030",1893,42
"913","48037","Bowie County, Texas","B01001_031",920,65
"914","48037","Bowie County, Texas","B01001_032",770,218
"915","48037","Bowie County, Texas","B01001_033",590,183
"916","48037","Bowie County, Texas","B01001_034",1346,249
"917","48037","Bowie County, Texas","B01001_035",2873,85
"918","48037","Bowie County, Texas","B01001_036",2858,103
"919","48037","Bowie County, Texas","B01001_037",3336,290
"920","48037","Bowie County, Texas","B01001_038",2465,280
"921","48037","Bowie County, Texas","B01001_039",2695,58
"922","48037","Bowie County, Texas","B01001_040",2650,64
"923","48037","Bowie County, Texas","B01001_041",2844,335
"924","48037","Bowie County, Texas","B01001_042",1257,292
"925","48037","Bowie County, Texas","B01001_043",1488,281
"926","48037","Bowie County, Texas","B01001_044",1099,288
"927","48037","Bowie County, Texas","B01001_045",1792,254
"928","48037","Bowie County, Texas","B01001_046",2208,272
"929","48037","Bowie County, Texas","B01001_047",1589,236
"930","48037","Bowie County, Texas","B01001_048",1245,298
"931","48037","Bowie County, Texas","B01001_049",1160,262
"932","48039","Brazoria County, Texas","B01001_001",391255,NA
"933","48039","Brazoria County, Texas","B01001_002",197301,65
"934","48039","Brazoria County, Texas","B01001_003",12602,37
"935","48039","Brazoria County, Texas","B01001_004",14844,797
"936","48039","Brazoria County, Texas","B01001_005",14712,796
"937","48039","Brazoria County, Texas","B01001_006",9199,15
"938","48039","Brazoria County, Texas","B01001_007",5024,18
"939","48039","Brazoria County, Texas","B01001_008",2329,489
"940","48039","Brazoria County, Texas","B01001_009",2459,401
"941","48039","Brazoria County, Texas","B01001_010",7173,560
"942","48039","Brazoria County, Texas","B01001_011",12416,43
"943","48039","Brazoria County, Texas","B01001_012",14242,50
"944","48039","Brazoria County, Texas","B01001_013",15089,901
"945","48039","Brazoria County, Texas","B01001_014",15607,896
"946","48039","Brazoria County, Texas","B01001_015",13535,47
"947","48039","Brazoria County, Texas","B01001_016",12921,53
"948","48039","Brazoria County, Texas","B01001_017",11645,614
"949","48039","Brazoria County, Texas","B01001_018",4062,480
"950","48039","Brazoria County, Texas","B01001_019",6269,615
"951","48039","Brazoria County, Texas","B01001_020",3492,451
"952","48039","Brazoria County, Texas","B01001_021",5418,443
"953","48039","Brazoria County, Texas","B01001_022",6374,506
"954","48039","Brazoria County, Texas","B01001_023",3885,426
"955","48039","Brazoria County, Texas","B01001_024",2698,402
"956","48039","Brazoria County, Texas","B01001_025",1306,261
"957","48039","Brazoria County, Texas","B01001_026",193954,65
"958","48039","Brazoria County, Texas","B01001_027",11937,30
"959","48039","Brazoria County, Texas","B01001_028",14038,1003
"960","48039","Brazoria County, Texas","B01001_029",14004,1009
"961","48039","Brazoria County, Texas","B01001_030",8734,26
"962","48039","Brazoria County, Texas","B01001_031",4516,47
"963","48039","Brazoria County, Texas","B01001_032",2198,417
"964","48039","Brazoria County, Texas","B01001_033",2122,370
"965","48039","Brazoria County, Texas","B01001_034",6799,492
"966","48039","Brazoria County, Texas","B01001_035",11836,54
"967","48039","Brazoria County, Texas","B01001_036",13939,85
"968","48039","Brazoria County, Texas","B01001_037",15927,883
"969","48039","Brazoria County, Texas","B01001_038",13596,883
"970","48039","Brazoria County, Texas","B01001_039",12968,5
"971","48039","Brazoria County, Texas","B01001_040",12216,58
"972","48039","Brazoria County, Texas","B01001_041",11683,659
"973","48039","Brazoria County, Texas","B01001_042",4108,493
"974","48039","Brazoria County, Texas","B01001_043",6282,482
"975","48039","Brazoria County, Texas","B01001_044",3945,471
"976","48039","Brazoria County, Texas","B01001_045",5536,473
"977","48039","Brazoria County, Texas","B01001_046",6833,523
"978","48039","Brazoria County, Texas","B01001_047",4589,459
"979","48039","Brazoria County, Texas","B01001_048",2664,377
"980","48039","Brazoria County, Texas","B01001_049",3484,447
"981","48041","Brazos County, Texas","B01001_001",242311,NA
"982","48041","Brazos County, Texas","B01001_002",122218,56
"983","48041","Brazos County, Texas","B01001_003",6740,29
"984","48041","Brazos County, Texas","B01001_004",7470,602
"985","48041","Brazos County, Texas","B01001_005",6304,600
"986","48041","Brazos County, Texas","B01001_006",4212,10
"987","48041","Brazos County, Texas","B01001_007",9874,253
"988","48041","Brazos County, Texas","B01001_008",7141,849
"989","48041","Brazos County, Texas","B01001_009",5846,879
"990","48041","Brazos County, Texas","B01001_010",10973,1018
"991","48041","Brazos County, Texas","B01001_011",9664,35
"992","48041","Brazos County, Texas","B01001_012",8285,23
"993","48041","Brazos County, Texas","B01001_013",8108,466
"994","48041","Brazos County, Texas","B01001_014",6213,470
"995","48041","Brazos County, Texas","B01001_015",5469,25
"996","48041","Brazos County, Texas","B01001_016",5168,21
"997","48041","Brazos County, Texas","B01001_017",4928,444
"998","48041","Brazos County, Texas","B01001_018",1843,337
"999","48041","Brazos County, Texas","B01001_019",2776,308
"1000","48041","Brazos County, Texas","B01001_020",1862,262
"1001","48041","Brazos County, Texas","B01001_021",2232,254
"1002","48041","Brazos County, Texas","B01001_022",3052,301
"1003","48041","Brazos County, Texas","B01001_023",1740,241
"1004","48041","Brazos County, Texas","B01001_024",1169,192
"1005","48041","Brazos County, Texas","B01001_025",1149,246
"1006","48041","Brazos County, Texas","B01001_026",120093,56
"1007","48041","Brazos County, Texas","B01001_027",6564,20
"1008","48041","Brazos County, Texas","B01001_028",6953,530
"1009","48041","Brazos County, Texas","B01001_029",6523,534
"1010","48041","Brazos County, Texas","B01001_030",4019,19
"1011","48041","Brazos County, Texas","B01001_031",9835,261
"1012","48041","Brazos County, Texas","B01001_032",5642,697
"1013","48041","Brazos County, Texas","B01001_033",6121,672
"1014","48041","Brazos County, Texas","B01001_034",9023,854
"1015","48041","Brazos County, Texas","B01001_035",8933,50
"1016","48041","Brazos County, Texas","B01001_036",8042,21
"1017","48041","Brazos County, Texas","B01001_037",7159,590
"1018","48041","Brazos County, Texas","B01001_038",6743,584
"1019","48041","Brazos County, Texas","B01001_039",5542,25
"1020","48041","Brazos County, Texas","B01001_040",5357,18
"1021","48041","Brazos County, Texas","B01001_041",5101,400
"1022","48041","Brazos County, Texas","B01001_042",2047,321
"1023","48041","Brazos County, Texas","B01001_043",2981,316
"1024","48041","Brazos County, Texas","B01001_044",1901,304
"1025","48041","Brazos County, Texas","B01001_045",2419,293
"1026","48041","Brazos County, Texas","B01001_046",3626,321
"1027","48041","Brazos County, Texas","B01001_047",1976,284
"1028","48041","Brazos County, Texas","B01001_048",1630,224
"1029","48041","Brazos County, Texas","B01001_049",1956,289
"1030","48043","Brewster County, Texas","B01001_001",9503,NA
"1031","48043","Brewster County, Texas","B01001_002",4751,149
"1032","48043","Brewster County, Texas","B01001_003",193,118
"1033","48043","Brewster County, Texas","B01001_004",185,120
"1034","48043","Brewster County, Texas","B01001_005",285,123
"1035","48043","Brewster County, Texas","B01001_006",53,50
"1036","48043","Brewster County, Texas","B01001_007",123,77
"1037","48043","Brewster County, Texas","B01001_008",32,48
"1038","48043","Brewster County, Texas","B01001_009",7,19
"1039","48043","Brewster County, Texas","B01001_010",230,155
"1040","48043","Brewster County, Texas","B01001_011",407,155
"1041","48043","Brewster County, Texas","B01001_012",537,162
"1042","48043","Brewster County, Texas","B01001_013",332,170
"1043","48043","Brewster County, Texas","B01001_014",185,120
"1044","48043","Brewster County, Texas","B01001_015",215,127
"1045","48043","Brewster County, Texas","B01001_016",246,131
"1046","48043","Brewster County, Texas","B01001_017",204,105
"1047","48043","Brewster County, Texas","B01001_018",165,121
"1048","48043","Brewster County, Texas","B01001_019",154,94
"1049","48043","Brewster County, Texas","B01001_020",295,120
"1050","48043","Brewster County, Texas","B01001_021",202,69
"1051","48043","Brewster County, Texas","B01001_022",255,88
"1052","48043","Brewster County, Texas","B01001_023",110,83
"1053","48043","Brewster County, Texas","B01001_024",195,84
"1054","48043","Brewster County, Texas","B01001_025",141,63
"1055","48043","Brewster County, Texas","B01001_026",4752,149
"1056","48043","Brewster County, Texas","B01001_027",194,104
"1057","48043","Brewster County, Texas","B01001_028",298,111
"1058","48043","Brewster County, Texas","B01001_029",311,146
"1059","48043","Brewster County, Texas","B01001_030",69,81
"1060","48043","Brewster County, Texas","B01001_031",86,73
"1061","48043","Brewster County, Texas","B01001_032",76,69
"1062","48043","Brewster County, Texas","B01001_033",77,120
"1063","48043","Brewster County, Texas","B01001_034",70,78
"1064","48043","Brewster County, Texas","B01001_035",371,164
"1065","48043","Brewster County, Texas","B01001_036",482,203
"1066","48043","Brewster County, Texas","B01001_037",287,161
"1067","48043","Brewster County, Texas","B01001_038",246,102
"1068","48043","Brewster County, Texas","B01001_039",197,139
"1069","48043","Brewster County, Texas","B01001_040",239,93
"1070","48043","Brewster County, Texas","B01001_041",214,97
"1071","48043","Brewster County, Texas","B01001_042",138,69
"1072","48043","Brewster County, Texas","B01001_043",80,57
"1073","48043","Brewster County, Texas","B01001_044",187,122
"1074","48043","Brewster County, Texas","B01001_045",237,112
"1075","48043","Brewster County, Texas","B01001_046",440,143
"1076","48043","Brewster County, Texas","B01001_047",276,93
"1077","48043","Brewster County, Texas","B01001_048",95,69
"1078","48043","Brewster County, Texas","B01001_049",82,60
"1079","48045","Briscoe County, Texas","B01001_001",1301,136
"1080","48045","Briscoe County, Texas","B01001_002",680,83
"1081","48045","Briscoe County, Texas","B01001_003",69,33
"1082","48045","Briscoe County, Texas","B01001_004",26,14
"1083","48045","Briscoe County, Texas","B01001_005",27,23
"1084","48045","Briscoe County, Texas","B01001_006",23,13
"1085","48045","Briscoe County, Texas","B01001_007",0,15
"1086","48045","Briscoe County, Texas","B01001_008",1,2
"1087","48045","Briscoe County, Texas","B01001_009",9,11
"1088","48045","Briscoe County, Texas","B01001_010",15,15
"1089","48045","Briscoe County, Texas","B01001_011",33,20
"1090","48045","Briscoe County, Texas","B01001_012",63,37
"1091","48045","Briscoe County, Texas","B01001_013",8,8
"1092","48045","Briscoe County, Texas","B01001_014",58,37
"1093","48045","Briscoe County, Texas","B01001_015",33,22
"1094","48045","Briscoe County, Texas","B01001_016",70,37
"1095","48045","Briscoe County, Texas","B01001_017",44,30
"1096","48045","Briscoe County, Texas","B01001_018",35,16
"1097","48045","Briscoe County, Texas","B01001_019",26,14
"1098","48045","Briscoe County, Texas","B01001_020",18,11
"1099","48045","Briscoe County, Texas","B01001_021",13,9
"1100","48045","Briscoe County, Texas","B01001_022",46,22
"1101","48045","Briscoe County, Texas","B01001_023",26,18
"1102","48045","Briscoe County, Texas","B01001_024",24,17
"1103","48045","Briscoe County, Texas","B01001_025",13,10
"1104","48045","Briscoe County, Texas","B01001_026",621,81
"1105","48045","Briscoe County, Texas","B01001_027",13,11
"1106","48045","Briscoe County, Texas","B01001_028",61,27
"1107","48045","Briscoe County, Texas","B01001_029",26,16
"1108","48045","Briscoe County, Texas","B01001_030",25,15
"1109","48045","Briscoe County, Texas","B01001_031",10,12
"1110","48045","Briscoe County, Texas","B01001_032",7,8
"1111","48045","Briscoe County, Texas","B01001_033",0,15
"1112","48045","Briscoe County, Texas","B01001_034",11,12
"1113","48045","Briscoe County, Texas","B01001_035",23,17
"1114","48045","Briscoe County, Texas","B01001_036",25,15
"1115","48045","Briscoe County, Texas","B01001_037",48,37
"1116","48045","Briscoe County, Texas","B01001_038",43,20
"1117","48045","Briscoe County, Texas","B01001_039",19,14
"1118","48045","Briscoe County, Texas","B01001_040",43,29
"1119","48045","Briscoe County, Texas","B01001_041",36,19
"1120","48045","Briscoe County, Texas","B01001_042",19,15
"1121","48045","Briscoe County, Texas","B01001_043",32,18
"1122","48045","Briscoe County, Texas","B01001_044",23,12
"1123","48045","Briscoe County, Texas","B01001_045",29,20
"1124","48045","Briscoe County, Texas","B01001_046",53,35
"1125","48045","Briscoe County, Texas","B01001_047",32,21
"1126","48045","Briscoe County, Texas","B01001_048",28,17
"1127","48045","Briscoe County, Texas","B01001_049",15,13
"1128","48047","Brooks County, Texas","B01001_001",6943,NA
"1129","48047","Brooks County, Texas","B01001_002",3531,231
"1130","48047","Brooks County, Texas","B01001_003",48,57
"1131","48047","Brooks County, Texas","B01001_004",446,163
"1132","48047","Brooks County, Texas","B01001_005",116,93
"1133","48047","Brooks County, Texas","B01001_006",155,109
"1134","48047","Brooks County, Texas","B01001_007",23,36
"1135","48047","Brooks County, Texas","B01001_008",73,102
"1136","48047","Brooks County, Texas","B01001_009",0,21
"1137","48047","Brooks County, Texas","B01001_010",380,228
"1138","48047","Brooks County, Texas","B01001_011",122,72
"1139","48047","Brooks County, Texas","B01001_012",252,99
"1140","48047","Brooks County, Texas","B01001_013",502,180
"1141","48047","Brooks County, Texas","B01001_014",49,50
"1142","48047","Brooks County, Texas","B01001_015",183,117
"1143","48047","Brooks County, Texas","B01001_016",153,78
"1144","48047","Brooks County, Texas","B01001_017",135,93
"1145","48047","Brooks County, Texas","B01001_018",59,60
"1146","48047","Brooks County, Texas","B01001_019",213,103
"1147","48047","Brooks County, Texas","B01001_020",62,54
"1148","48047","Brooks County, Texas","B01001_021",37,41
"1149","48047","Brooks County, Texas","B01001_022",214,111
"1150","48047","Brooks County, Texas","B01001_023",153,90
"1151","48047","Brooks County, Texas","B01001_024",51,39
"1152","48047","Brooks County, Texas","B01001_025",105,74
"1153","48047","Brooks County, Texas","B01001_026",3412,231
"1154","48047","Brooks County, Texas","B01001_027",126,110
"1155","48047","Brooks County, Texas","B01001_028",431,215
"1156","48047","Brooks County, Texas","B01001_029",105,113
"1157","48047","Brooks County, Texas","B01001_030",25,30
"1158","48047","Brooks County, Texas","B01001_031",0,21
"1159","48047","Brooks County, Texas","B01001_032",31,50
"1160","48047","Brooks County, Texas","B01001_033",0,21
"1161","48047","Brooks County, Texas","B01001_034",20,18
"1162","48047","Brooks County, Texas","B01001_035",229,138
"1163","48047","Brooks County, Texas","B01001_036",303,65
"1164","48047","Brooks County, Texas","B01001_037",286,135
"1165","48047","Brooks County, Texas","B01001_038",129,93
"1166","48047","Brooks County, Texas","B01001_039",360,124
"1167","48047","Brooks County, Texas","B01001_040",43,83
"1168","48047","Brooks County, Texas","B01001_041",205,92
"1169","48047","Brooks County, Texas","B01001_042",111,68
"1170","48047","Brooks County, Texas","B01001_043",133,72
"1171","48047","Brooks County, Texas","B01001_044",141,102
"1172","48047","Brooks County, Texas","B01001_045",132,102
"1173","48047","Brooks County, Texas","B01001_046",197,124
"1174","48047","Brooks County, Texas","B01001_047",259,83
"1175","48047","Brooks County, Texas","B01001_048",126,89
"1176","48047","Brooks County, Texas","B01001_049",20,22
"1177","48049","Brown County, Texas","B01001_001",38347,NA
"1178","48049","Brown County, Texas","B01001_002",19082,85
"1179","48049","Brown County, Texas","B01001_003",997,39
"1180","48049","Brown County, Texas","B01001_004",1079,172
"1181","48049","Brown County, Texas","B01001_005",1168,170
"1182","48049","Brown County, Texas","B01001_006",742,43
"1183","48049","Brown County, Texas","B01001_007",554,74
"1184","48049","Brown County, Texas","B01001_008",87,73
"1185","48049","Brown County, Texas","B01001_009",318,140
"1186","48049","Brown County, Texas","B01001_010",819,162
"1187","48049","Brown County, Texas","B01001_011",1133,52
"1188","48049","Brown County, Texas","B01001_012",1140,80
"1189","48049","Brown County, Texas","B01001_013",1349,228
"1190","48049","Brown County, Texas","B01001_014",1125,219
"1191","48049","Brown County, Texas","B01001_015",1088,36
"1192","48049","Brown County, Texas","B01001_016",1199,54
"1193","48049","Brown County, Texas","B01001_017",1070,168
"1194","48049","Brown County, Texas","B01001_018",592,136
"1195","48049","Brown County, Texas","B01001_019",961,156
"1196","48049","Brown County, Texas","B01001_020",562,147
"1197","48049","Brown County, Texas","B01001_021",592,123
"1198","48049","Brown County, Texas","B01001_022",1021,141
"1199","48049","Brown County, Texas","B01001_023",650,106
"1200","48049","Brown County, Texas","B01001_024",400,93
"1201","48049","Brown County, Texas","B01001_025",436,100
"1202","48049","Brown County, Texas","B01001_026",19265,85
"1203","48049","Brown County, Texas","B01001_027",949,42
"1204","48049","Brown County, Texas","B01001_028",854,174
"1205","48049","Brown County, Texas","B01001_029",1233,164
"1206","48049","Brown County, Texas","B01001_030",797,76
"1207","48049","Brown County, Texas","B01001_031",528,71
"1208","48049","Brown County, Texas","B01001_032",273,126
"1209","48049","Brown County, Texas","B01001_033",204,83
"1210","48049","Brown County, Texas","B01001_034",639,130
"1211","48049","Brown County, Texas","B01001_035",972,16
"1212","48049","Brown County, Texas","B01001_036",1155,55
"1213","48049","Brown County, Texas","B01001_037",1345,162
"1214","48049","Brown County, Texas","B01001_038",1025,175
"1215","48049","Brown County, Texas","B01001_039",1095,36
"1216","48049","Brown County, Texas","B01001_040",1176,34
"1217","48049","Brown County, Texas","B01001_041",1262,157
"1218","48049","Brown County, Texas","B01001_042",543,140
"1219","48049","Brown County, Texas","B01001_043",814,153
"1220","48049","Brown County, Texas","B01001_044",580,174
"1221","48049","Brown County, Texas","B01001_045",842,199
"1222","48049","Brown County, Texas","B01001_046",1045,200
"1223","48049","Brown County, Texas","B01001_047",754,122
"1224","48049","Brown County, Texas","B01001_048",433,115
"1225","48049","Brown County, Texas","B01001_049",747,138
"1226","48051","Burleson County, Texas","B01001_001",18857,NA
"1227","48051","Burleson County, Texas","B01001_002",9183,186
"1228","48051","Burleson County, Texas","B01001_003",421,97
"1229","48051","Burleson County, Texas","B01001_004",469,136
"1230","48051","Burleson County, Texas","B01001_005",830,144
"1231","48051","Burleson County, Texas","B01001_006",212,99
"1232","48051","Burleson County, Texas","B01001_007",268,93
"1233","48051","Burleson County, Texas","B01001_008",118,61
"1234","48051","Burleson County, Texas","B01001_009",39,36
"1235","48051","Burleson County, Texas","B01001_010",211,102
"1236","48051","Burleson County, Texas","B01001_011",473,153
"1237","48051","Burleson County, Texas","B01001_012",417,141
"1238","48051","Burleson County, Texas","B01001_013",496,159
"1239","48051","Burleson County, Texas","B01001_014",833,199
"1240","48051","Burleson County, Texas","B01001_015",472,91
"1241","48051","Burleson County, Texas","B01001_016",598,127
"1242","48051","Burleson County, Texas","B01001_017",755,161
"1243","48051","Burleson County, Texas","B01001_018",232,103
"1244","48051","Burleson County, Texas","B01001_019",364,129
"1245","48051","Burleson County, Texas","B01001_020",294,101
"1246","48051","Burleson County, Texas","B01001_021",349,103
"1247","48051","Burleson County, Texas","B01001_022",664,142
"1248","48051","Burleson County, Texas","B01001_023",344,100
"1249","48051","Burleson County, Texas","B01001_024",200,78
"1250","48051","Burleson County, Texas","B01001_025",124,59
"1251","48051","Burleson County, Texas","B01001_026",9674,186
"1252","48051","Burleson County, Texas","B01001_027",510,106
"1253","48051","Burleson County, Texas","B01001_028",611,176
"1254","48051","Burleson County, Texas","B01001_029",646,158
"1255","48051","Burleson County, Texas","B01001_030",439,114
"1256","48051","Burleson County, Texas","B01001_031",128,79
"1257","48051","Burleson County, Texas","B01001_032",35,46
"1258","48051","Burleson County, Texas","B01001_033",12,23
"1259","48051","Burleson County, Texas","B01001_034",349,151
"1260","48051","Burleson County, Texas","B01001_035",511,184
"1261","48051","Burleson County, Texas","B01001_036",560,99
"1262","48051","Burleson County, Texas","B01001_037",610,144
"1263","48051","Burleson County, Texas","B01001_038",508,137
"1264","48051","Burleson County, Texas","B01001_039",541,107
"1265","48051","Burleson County, Texas","B01001_040",690,134
"1266","48051","Burleson County, Texas","B01001_041",700,125
"1267","48051","Burleson County, Texas","B01001_042",156,81
"1268","48051","Burleson County, Texas","B01001_043",473,127
"1269","48051","Burleson County, Texas","B01001_044",363,114
"1270","48051","Burleson County, Texas","B01001_045",415,109
"1271","48051","Burleson County, Texas","B01001_046",636,117
"1272","48051","Burleson County, Texas","B01001_047",333,85
"1273","48051","Burleson County, Texas","B01001_048",303,84
"1274","48051","Burleson County, Texas","B01001_049",145,78
"1275","48053","Burnet County, Texas","B01001_001",52652,NA
"1276","48053","Burnet County, Texas","B01001_002",26015,174
"1277","48053","Burnet County, Texas","B01001_003",1408,84
"1278","48053","Burnet County, Texas","B01001_004",1553,192
"1279","48053","Burnet County, Texas","B01001_005",1569,196
"1280","48053","Burnet County, Texas","B01001_006",990,62
"1281","48053","Burnet County, Texas","B01001_007",567,36
"1282","48053","Burnet County, Texas","B01001_008",186,106
"1283","48053","Burnet County, Texas","B01001_009",188,95
"1284","48053","Burnet County, Texas","B01001_010",1026,132
"1285","48053","Burnet County, Texas","B01001_011",1427,55
"1286","48053","Burnet County, Texas","B01001_012",1486,117
"1287","48053","Burnet County, Texas","B01001_013",1367,240
"1288","48053","Burnet County, Texas","B01001_014",1605,238
"1289","48053","Burnet County, Texas","B01001_015",1365,18
"1290","48053","Burnet County, Texas","B01001_016",1551,52
"1291","48053","Burnet County, Texas","B01001_017",1813,207
"1292","48053","Burnet County, Texas","B01001_018",877,187
"1293","48053","Burnet County, Texas","B01001_019",1128,232
"1294","48053","Burnet County, Texas","B01001_020",744,184
"1295","48053","Burnet County, Texas","B01001_021",1130,214
"1296","48053","Burnet County, Texas","B01001_022",1693,253
"1297","48053","Burnet County, Texas","B01001_023",1346,150
"1298","48053","Burnet County, Texas","B01001_024",540,128
"1299","48053","Burnet County, Texas","B01001_025",456,105
"1300","48053","Burnet County, Texas","B01001_026",26637,174
"1301","48053","Burnet County, Texas","B01001_027",1251,14
"1302","48053","Burnet County, Texas","B01001_028",1225,240
"1303","48053","Burnet County, Texas","B01001_029",1781,230
"1304","48053","Burnet County, Texas","B01001_030",998,58
"1305","48053","Burnet County, Texas","B01001_031",498,4
"1306","48053","Burnet County, Texas","B01001_032",368,147
"1307","48053","Burnet County, Texas","B01001_033",112,95
"1308","48053","Burnet County, Texas","B01001_034",915,156
"1309","48053","Burnet County, Texas","B01001_035",1419,140
"1310","48053","Burnet County, Texas","B01001_036",1460,51
"1311","48053","Burnet County, Texas","B01001_037",1991,247
"1312","48053","Burnet County, Texas","B01001_038",1357,247
"1313","48053","Burnet County, Texas","B01001_039",1171,76
"1314","48053","Burnet County, Texas","B01001_040",1517,44
"1315","48053","Burnet County, Texas","B01001_041",1887,248
"1316","48053","Burnet County, Texas","B01001_042",826,199
"1317","48053","Burnet County, Texas","B01001_043",1344,246
"1318","48053","Burnet County, Texas","B01001_044",758,156
"1319","48053","Burnet County, Texas","B01001_045",1155,165
"1320","48053","Burnet County, Texas","B01001_046",1926,205
"1321","48053","Burnet County, Texas","B01001_047",1289,145
"1322","48053","Burnet County, Texas","B01001_048",700,145
"1323","48053","Burnet County, Texas","B01001_049",689,135
"1324","48055","Caldwell County, Texas","B01001_001",48669,NA
"1325","48055","Caldwell County, Texas","B01001_002",24553,89
"1326","48055","Caldwell County, Texas","B01001_003",1550,73
"1327","48055","Caldwell County, Texas","B01001_004",1244,262
"1328","48055","Caldwell County, Texas","B01001_005",1882,266
"1329","48055","Caldwell County, Texas","B01001_006",1130,53
"1330","48055","Caldwell County, Texas","B01001_007",835,146
"1331","48055","Caldwell County, Texas","B01001_008",401,208
"1332","48055","Caldwell County, Texas","B01001_009",413,165
"1333","48055","Caldwell County, Texas","B01001_010",986,235
"1334","48055","Caldwell County, Texas","B01001_011",1702,162
"1335","48055","Caldwell County, Texas","B01001_012",1705,83
"1336","48055","Caldwell County, Texas","B01001_013",1579,278
"1337","48055","Caldwell County, Texas","B01001_014",1841,293
"1338","48055","Caldwell County, Texas","B01001_015",1405,56
"1339","48055","Caldwell County, Texas","B01001_016",1480,75
"1340","48055","Caldwell County, Texas","B01001_017",1394,277
"1341","48055","Caldwell County, Texas","B01001_018",650,205
"1342","48055","Caldwell County, Texas","B01001_019",955,247
"1343","48055","Caldwell County, Texas","B01001_020",600,199
"1344","48055","Caldwell County, Texas","B01001_021",748,191
"1345","48055","Caldwell County, Texas","B01001_022",918,192
"1346","48055","Caldwell County, Texas","B01001_023",563,150
"1347","48055","Caldwell County, Texas","B01001_024",345,122
"1348","48055","Caldwell County, Texas","B01001_025",227,86
"1349","48055","Caldwell County, Texas","B01001_026",24116,89
"1350","48055","Caldwell County, Texas","B01001_027",1510,82
"1351","48055","Caldwell County, Texas","B01001_028",1517,176
"1352","48055","Caldwell County, Texas","B01001_029",1421,175
"1353","48055","Caldwell County, Texas","B01001_030",1018,67
"1354","48055","Caldwell County, Texas","B01001_031",564,60
"1355","48055","Caldwell County, Texas","B01001_032",282,121
"1356","48055","Caldwell County, Texas","B01001_033",495,179
"1357","48055","Caldwell County, Texas","B01001_034",830,207
"1358","48055","Caldwell County, Texas","B01001_035",1671,89
"1359","48055","Caldwell County, Texas","B01001_036",1558,28
"1360","48055","Caldwell County, Texas","B01001_037",1524,255
"1361","48055","Caldwell County, Texas","B01001_038",1838,244
"1362","48055","Caldwell County, Texas","B01001_039",1447,67
"1363","48055","Caldwell County, Texas","B01001_040",1523,86
"1364","48055","Caldwell County, Texas","B01001_041",1388,218
"1365","48055","Caldwell County, Texas","B01001_042",838,207
"1366","48055","Caldwell County, Texas","B01001_043",647,172
"1367","48055","Caldwell County, Texas","B01001_044",631,182
"1368","48055","Caldwell County, Texas","B01001_045",797,173
"1369","48055","Caldwell County, Texas","B01001_046",884,184
"1370","48055","Caldwell County, Texas","B01001_047",685,157
"1371","48055","Caldwell County, Texas","B01001_048",568,135
"1372","48055","Caldwell County, Texas","B01001_049",480,144
"1373","48057","Calhoun County, Texas","B01001_001",19868,NA
"1374","48057","Calhoun County, Texas","B01001_002",10346,206
"1375","48057","Calhoun County, Texas","B01001_003",687,163
"1376","48057","Calhoun County, Texas","B01001_004",700,207
"1377","48057","Calhoun County, Texas","B01001_005",581,209
"1378","48057","Calhoun County, Texas","B01001_006",503,130
"1379","48057","Calhoun County, Texas","B01001_007",92,116
"1380","48057","Calhoun County, Texas","B01001_008",121,117
"1381","48057","Calhoun County, Texas","B01001_009",97,121
"1382","48057","Calhoun County, Texas","B01001_010",562,230
"1383","48057","Calhoun County, Texas","B01001_011",611,67
"1384","48057","Calhoun County, Texas","B01001_012",626,231
"1385","48057","Calhoun County, Texas","B01001_013",746,266
"1386","48057","Calhoun County, Texas","B01001_014",428,171
"1387","48057","Calhoun County, Texas","B01001_015",719,238
"1388","48057","Calhoun County, Texas","B01001_016",542,28
"1389","48057","Calhoun County, Texas","B01001_017",760,161
"1390","48057","Calhoun County, Texas","B01001_018",256,122
"1391","48057","Calhoun County, Texas","B01001_019",391,130
"1392","48057","Calhoun County, Texas","B01001_020",271,115
"1393","48057","Calhoun County, Texas","B01001_021",367,133
"1394","48057","Calhoun County, Texas","B01001_022",432,147
"1395","48057","Calhoun County, Texas","B01001_023",313,132
"1396","48057","Calhoun County, Texas","B01001_024",327,113
"1397","48057","Calhoun County, Texas","B01001_025",214,90
"1398","48057","Calhoun County, Texas","B01001_026",9522,206
"1399","48057","Calhoun County, Texas","B01001_027",476,165
"1400","48057","Calhoun County, Texas","B01001_028",546,175
"1401","48057","Calhoun County, Texas","B01001_029",666,191
"1402","48057","Calhoun County, Texas","B01001_030",348,78
"1403","48057","Calhoun County, Texas","B01001_031",61,73
"1404","48057","Calhoun County, Texas","B01001_032",50,71
"1405","48057","Calhoun County, Texas","B01001_033",73,79
"1406","48057","Calhoun County, Texas","B01001_034",459,143
"1407","48057","Calhoun County, Texas","B01001_035",664,155
"1408","48057","Calhoun County, Texas","B01001_036",521,231
"1409","48057","Calhoun County, Texas","B01001_037",432,179
"1410","48057","Calhoun County, Texas","B01001_038",611,204
"1411","48057","Calhoun County, Texas","B01001_039",576,267
"1412","48057","Calhoun County, Texas","B01001_040",705,101
"1413","48057","Calhoun County, Texas","B01001_041",658,134
"1414","48057","Calhoun County, Texas","B01001_042",503,204
"1415","48057","Calhoun County, Texas","B01001_043",282,114
"1416","48057","Calhoun County, Texas","B01001_044",192,93
"1417","48057","Calhoun County, Texas","B01001_045",316,158
"1418","48057","Calhoun County, Texas","B01001_046",464,144
"1419","48057","Calhoun County, Texas","B01001_047",313,97
"1420","48057","Calhoun County, Texas","B01001_048",114,44
"1421","48057","Calhoun County, Texas","B01001_049",492,208
"1422","48059","Callahan County, Texas","B01001_001",14241,NA
"1423","48059","Callahan County, Texas","B01001_002",7012,94
"1424","48059","Callahan County, Texas","B01001_003",396,86
"1425","48059","Callahan County, Texas","B01001_004",357,96
"1426","48059","Callahan County, Texas","B01001_005",565,114
"1427","48059","Callahan County, Texas","B01001_006",281,34
"1428","48059","Callahan County, Texas","B01001_007",252,111
"1429","48059","Callahan County, Texas","B01001_008",30,29
"1430","48059","Callahan County, Texas","B01001_009",9,11
"1431","48059","Callahan County, Texas","B01001_010",250,122
"1432","48059","Callahan County, Texas","B01001_011",335,47
"1433","48059","Callahan County, Texas","B01001_012",412,44
"1434","48059","Callahan County, Texas","B01001_013",418,125
"1435","48059","Callahan County, Texas","B01001_014",385,135
"1436","48059","Callahan County, Texas","B01001_015",514,63
"1437","48059","Callahan County, Texas","B01001_016",393,24
"1438","48059","Callahan County, Texas","B01001_017",352,119
"1439","48059","Callahan County, Texas","B01001_018",280,124
"1440","48059","Callahan County, Texas","B01001_019",364,109
"1441","48059","Callahan County, Texas","B01001_020",74,55
"1442","48059","Callahan County, Texas","B01001_021",230,84
"1443","48059","Callahan County, Texas","B01001_022",571,94
"1444","48059","Callahan County, Texas","B01001_023",302,79
"1445","48059","Callahan County, Texas","B01001_024",103,54
"1446","48059","Callahan County, Texas","B01001_025",139,71
"1447","48059","Callahan County, Texas","B01001_026",7229,94
"1448","48059","Callahan County, Texas","B01001_027",361,63
"1449","48059","Callahan County, Texas","B01001_028",371,109
"1450","48059","Callahan County, Texas","B01001_029",460,113
"1451","48059","Callahan County, Texas","B01001_030",311,42
"1452","48059","Callahan County, Texas","B01001_031",357,148
"1453","48059","Callahan County, Texas","B01001_032",2,3
"1454","48059","Callahan County, Texas","B01001_033",50,51
"1455","48059","Callahan County, Texas","B01001_034",171,121
"1456","48059","Callahan County, Texas","B01001_035",300,12
"1457","48059","Callahan County, Texas","B01001_036",386,39
"1458","48059","Callahan County, Texas","B01001_037",346,92
"1459","48059","Callahan County, Texas","B01001_038",581,114
"1460","48059","Callahan County, Texas","B01001_039",378,35
"1461","48059","Callahan County, Texas","B01001_040",413,36
"1462","48059","Callahan County, Texas","B01001_041",584,123
"1463","48059","Callahan County, Texas","B01001_042",270,115
"1464","48059","Callahan County, Texas","B01001_043",322,103
"1465","48059","Callahan County, Texas","B01001_044",182,94
"1466","48059","Callahan County, Texas","B01001_045",327,126
"1467","48059","Callahan County, Texas","B01001_046",424,120
"1468","48059","Callahan County, Texas","B01001_047",200,68
"1469","48059","Callahan County, Texas","B01001_048",208,83
"1470","48059","Callahan County, Texas","B01001_049",225,78
"1471","48061","Cameron County, Texas","B01001_001",426120,NA
"1472","48061","Cameron County, Texas","B01001_002",210378,153
"1473","48061","Cameron County, Texas","B01001_003",15370,75
"1474","48061","Cameron County, Texas","B01001_004",17970,1022
"1475","48061","Cameron County, Texas","B01001_005",17698,1017
"1476","48061","Cameron County, Texas","B01001_006",11476,70
"1477","48061","Cameron County, Texas","B01001_007",7136,46
"1478","48061","Cameron County, Texas","B01001_008",3761,506
"1479","48061","Cameron County, Texas","B01001_009",3127,439
"1480","48061","Cameron County, Texas","B01001_010",10313,590
"1481","48061","Cameron County, Texas","B01001_011",15074,123
"1482","48061","Cameron County, Texas","B01001_012",13491,164
"1483","48061","Cameron County, Texas","B01001_013",11335,738
"1484","48061","Cameron County, Texas","B01001_014",13719,727
"1485","48061","Cameron County, Texas","B01001_015",12394,42
"1486","48061","Cameron County, Texas","B01001_016",11229,98
"1487","48061","Cameron County, Texas","B01001_017",9720,549
"1488","48061","Cameron County, Texas","B01001_018",3958,418
"1489","48061","Cameron County, Texas","B01001_019",5655,493
"1490","48061","Cameron County, Texas","B01001_020",3276,403
"1491","48061","Cameron County, Texas","B01001_021",5001,557
"1492","48061","Cameron County, Texas","B01001_022",7457,550
"1493","48061","Cameron County, Texas","B01001_023",5342,428
"1494","48061","Cameron County, Texas","B01001_024",3238,347
"1495","48061","Cameron County, Texas","B01001_025",2638,366
"1496","48061","Cameron County, Texas","B01001_026",215742,153
"1497","48061","Cameron County, Texas","B01001_027",14897,136
"1498","48061","Cameron County, Texas","B01001_028",16008,794
"1499","48061","Cameron County, Texas","B01001_029",17928,793
"1500","48061","Cameron County, Texas","B01001_030",10809,88
"1501","48061","Cameron County, Texas","B01001_031",6669,45
"1502","48061","Cameron County, Texas","B01001_032",3580,517
"1503","48061","Cameron County, Texas","B01001_033",3350,537
"1504","48061","Cameron County, Texas","B01001_034",8668,530
"1505","48061","Cameron County, Texas","B01001_035",13814,114
"1506","48061","Cameron County, Texas","B01001_036",13025,88
"1507","48061","Cameron County, Texas","B01001_037",12128,695
"1508","48061","Cameron County, Texas","B01001_038",12797,699
"1509","48061","Cameron County, Texas","B01001_039",13070,109
"1510","48061","Cameron County, Texas","B01001_040",12658,95
"1511","48061","Cameron County, Texas","B01001_041",11228,731
"1512","48061","Cameron County, Texas","B01001_042",4641,520
"1513","48061","Cameron County, Texas","B01001_043",6505,626
"1514","48061","Cameron County, Texas","B01001_044",4220,437
"1515","48061","Cameron County, Texas","B01001_045",5671,587
"1516","48061","Cameron County, Texas","B01001_046",8979,611
"1517","48061","Cameron County, Texas","B01001_047",7008,541
"1518","48061","Cameron County, Texas","B01001_048",3935,432
"1519","48061","Cameron County, Texas","B01001_049",4154,469
"1520","48063","Camp County, Texas","B01001_001",12798,NA
"1521","48063","Camp County, Texas","B01001_002",6340,170
"1522","48063","Camp County, Texas","B01001_003",484,146
"1523","48063","Camp County, Texas","B01001_004",545,104
"1524","48063","Camp County, Texas","B01001_005",439,92
"1525","48063","Camp County, Texas","B01001_006",331,78
"1526","48063","Camp County, Texas","B01001_007",277,122
"1527","48063","Camp County, Texas","B01001_008",84,59
"1528","48063","Camp County, Texas","B01001_009",54,57
"1529","48063","Camp County, Texas","B01001_010",90,69
"1530","48063","Camp County, Texas","B01001_011",408,101
"1531","48063","Camp County, Texas","B01001_012",214,101
"1532","48063","Camp County, Texas","B01001_013",513,147
"1533","48063","Camp County, Texas","B01001_014",353,154
"1534","48063","Camp County, Texas","B01001_015",227,92
"1535","48063","Camp County, Texas","B01001_016",341,75
"1536","48063","Camp County, Texas","B01001_017",446,110
"1537","48063","Camp County, Texas","B01001_018",181,97
"1538","48063","Camp County, Texas","B01001_019",211,80
"1539","48063","Camp County, Texas","B01001_020",176,90
"1540","48063","Camp County, Texas","B01001_021",116,61
"1541","48063","Camp County, Texas","B01001_022",445,96
"1542","48063","Camp County, Texas","B01001_023",159,86
"1543","48063","Camp County, Texas","B01001_024",203,102
"1544","48063","Camp County, Texas","B01001_025",43,47
"1545","48063","Camp County, Texas","B01001_026",6458,170
"1546","48063","Camp County, Texas","B01001_027",373,142
"1547","48063","Camp County, Texas","B01001_028",427,117
"1548","48063","Camp County, Texas","B01001_029",522,124
"1549","48063","Camp County, Texas","B01001_030",238,80
"1550","48063","Camp County, Texas","B01001_031",198,95
"1551","48063","Camp County, Texas","B01001_032",125,106
"1552","48063","Camp County, Texas","B01001_033",94,73
"1553","48063","Camp County, Texas","B01001_034",188,107
"1554","48063","Camp County, Texas","B01001_035",377,119
"1555","48063","Camp County, Texas","B01001_036",331,139
"1556","48063","Camp County, Texas","B01001_037",349,105
"1557","48063","Camp County, Texas","B01001_038",494,136
"1558","48063","Camp County, Texas","B01001_039",376,81
"1559","48063","Camp County, Texas","B01001_040",328,42
"1560","48063","Camp County, Texas","B01001_041",281,90
"1561","48063","Camp County, Texas","B01001_042",234,87
"1562","48063","Camp County, Texas","B01001_043",264,100
"1563","48063","Camp County, Texas","B01001_044",115,57
"1564","48063","Camp County, Texas","B01001_045",285,104
"1565","48063","Camp County, Texas","B01001_046",343,96
"1566","48063","Camp County, Texas","B01001_047",221,84
"1567","48063","Camp County, Texas","B01001_048",224,85
"1568","48063","Camp County, Texas","B01001_049",71,43
"1569","48065","Carson County, Texas","B01001_001",5801,NA
"1570","48065","Carson County, Texas","B01001_002",2874,87
"1571","48065","Carson County, Texas","B01001_003",137,24
"1572","48065","Carson County, Texas","B01001_004",144,50
"1573","48065","Carson County, Texas","B01001_005",237,52
"1574","48065","Carson County, Texas","B01001_006",126,15
"1575","48065","Carson County, Texas","B01001_007",117,40
"1576","48065","Carson County, Texas","B01001_008",62,59
"1577","48065","Carson County, Texas","B01001_009",39,34
"1578","48065","Carson County, Texas","B01001_010",43,26
"1579","48065","Carson County, Texas","B01001_011",192,63
"1580","48065","Carson County, Texas","B01001_012",131,2
"1581","48065","Carson County, Texas","B01001_013",133,55
"1582","48065","Carson County, Texas","B01001_014",222,53
"1583","48065","Carson County, Texas","B01001_015",168,20
"1584","48065","Carson County, Texas","B01001_016",158,18
"1585","48065","Carson County, Texas","B01001_017",108,47
"1586","48065","Carson County, Texas","B01001_018",93,50
"1587","48065","Carson County, Texas","B01001_019",165,48
"1588","48065","Carson County, Texas","B01001_020",157,68
"1589","48065","Carson County, Texas","B01001_021",94,42
"1590","48065","Carson County, Texas","B01001_022",151,55
"1591","48065","Carson County, Texas","B01001_023",92,41
"1592","48065","Carson County, Texas","B01001_024",72,38
"1593","48065","Carson County, Texas","B01001_025",33,34
"1594","48065","Carson County, Texas","B01001_026",2927,87
"1595","48065","Carson County, Texas","B01001_027",120,25
"1596","48065","Carson County, Texas","B01001_028",168,52
"1597","48065","Carson County, Texas","B01001_029",234,54
"1598","48065","Carson County, Texas","B01001_030",182,48
"1599","48065","Carson County, Texas","B01001_031",112,66
"1600","48065","Carson County, Texas","B01001_032",50,39
"1601","48065","Carson County, Texas","B01001_033",5,7
"1602","48065","Carson County, Texas","B01001_034",99,60
"1603","48065","Carson County, Texas","B01001_035",123,77
"1604","48065","Carson County, Texas","B01001_036",147,2
"1605","48065","Carson County, Texas","B01001_037",155,51
"1606","48065","Carson County, Texas","B01001_038",254,59
"1607","48065","Carson County, Texas","B01001_039",147,10
"1608","48065","Carson County, Texas","B01001_040",186,48
"1609","48065","Carson County, Texas","B01001_041",144,42
"1610","48065","Carson County, Texas","B01001_042",89,43
"1611","48065","Carson County, Texas","B01001_043",115,62
"1612","48065","Carson County, Texas","B01001_044",71,38
"1613","48065","Carson County, Texas","B01001_045",126,49
"1614","48065","Carson County, Texas","B01001_046",135,50
"1615","48065","Carson County, Texas","B01001_047",109,52
"1616","48065","Carson County, Texas","B01001_048",67,60
"1617","48065","Carson County, Texas","B01001_049",89,65
"1618","48067","Cass County, Texas","B01001_001",28568,NA
"1619","48067","Cass County, Texas","B01001_002",13939,217
"1620","48067","Cass County, Texas","B01001_003",796,140
"1621","48067","Cass County, Texas","B01001_004",956,135
"1622","48067","Cass County, Texas","B01001_005",1012,172
"1623","48067","Cass County, Texas","B01001_006",597,69
"1624","48067","Cass County, Texas","B01001_007",386,99
"1625","48067","Cass County, Texas","B01001_008",175,82
"1626","48067","Cass County, Texas","B01001_009",180,100
"1627","48067","Cass County, Texas","B01001_010",346,126
"1628","48067","Cass County, Texas","B01001_011",571,46
"1629","48067","Cass County, Texas","B01001_012",912,150
"1630","48067","Cass County, Texas","B01001_013",606,131
"1631","48067","Cass County, Texas","B01001_014",836,143
"1632","48067","Cass County, Texas","B01001_015",729,78
"1633","48067","Cass County, Texas","B01001_016",915,133
"1634","48067","Cass County, Texas","B01001_017",765,145
"1635","48067","Cass County, Texas","B01001_018",443,142
"1636","48067","Cass County, Texas","B01001_019",763,163
"1637","48067","Cass County, Texas","B01001_020",431,115
"1638","48067","Cass County, Texas","B01001_021",415,103
"1639","48067","Cass County, Texas","B01001_022",908,142
"1640","48067","Cass County, Texas","B01001_023",726,84
"1641","48067","Cass County, Texas","B01001_024",288,74
"1642","48067","Cass County, Texas","B01001_025",183,55
"1643","48067","Cass County, Texas","B01001_026",14629,217
"1644","48067","Cass County, Texas","B01001_027",883,178
"1645","48067","Cass County, Texas","B01001_028",666,133
"1646","48067","Cass County, Texas","B01001_029",957,141
"1647","48067","Cass County, Texas","B01001_030",546,82
"1648","48067","Cass County, Texas","B01001_031",214,20
"1649","48067","Cass County, Texas","B01001_032",17,19
"1650","48067","Cass County, Texas","B01001_033",267,128
"1651","48067","Cass County, Texas","B01001_034",336,113
"1652","48067","Cass County, Texas","B01001_035",994,131
"1653","48067","Cass County, Texas","B01001_036",734,115
"1654","48067","Cass County, Texas","B01001_037",897,144
"1655","48067","Cass County, Texas","B01001_038",625,138
"1656","48067","Cass County, Texas","B01001_039",946,106
"1657","48067","Cass County, Texas","B01001_040",982,131
"1658","48067","Cass County, Texas","B01001_041",895,149
"1659","48067","Cass County, Texas","B01001_042",372,97
"1660","48067","Cass County, Texas","B01001_043",817,146
"1661","48067","Cass County, Texas","B01001_044",448,127
"1662","48067","Cass County, Texas","B01001_045",581,160
"1663","48067","Cass County, Texas","B01001_046",852,161
"1664","48067","Cass County, Texas","B01001_047",590,131
"1665","48067","Cass County, Texas","B01001_048",525,127
"1666","48067","Cass County, Texas","B01001_049",485,116
"1667","48069","Castro County, Texas","B01001_001",7344,NA
"1668","48069","Castro County, Texas","B01001_002",3752,118
"1669","48069","Castro County, Texas","B01001_003",294,76
"1670","48069","Castro County, Texas","B01001_004",240,80
"1671","48069","Castro County, Texas","B01001_005",384,79
"1672","48069","Castro County, Texas","B01001_006",167,72
"1673","48069","Castro County, Texas","B01001_007",247,44
"1674","48069","Castro County, Texas","B01001_008",16,23
"1675","48069","Castro County, Texas","B01001_009",39,33
"1676","48069","Castro County, Texas","B01001_010",39,27
"1677","48069","Castro County, Texas","B01001_011",222,33
"1678","48069","Castro County, Texas","B01001_012",231,44
"1679","48069","Castro County, Texas","B01001_013",309,123
"1680","48069","Castro County, Texas","B01001_014",70,43
"1681","48069","Castro County, Texas","B01001_015",189,98
"1682","48069","Castro County, Texas","B01001_016",251,93
"1683","48069","Castro County, Texas","B01001_017",172,62
"1684","48069","Castro County, Texas","B01001_018",66,63
"1685","48069","Castro County, Texas","B01001_019",163,59
"1686","48069","Castro County, Texas","B01001_020",156,88
"1687","48069","Castro County, Texas","B01001_021",124,42
"1688","48069","Castro County, Texas","B01001_022",103,72
"1689","48069","Castro County, Texas","B01001_023",164,67
"1690","48069","Castro County, Texas","B01001_024",76,44
"1691","48069","Castro County, Texas","B01001_025",30,21
"1692","48069","Castro County, Texas","B01001_026",3592,118
"1693","48069","Castro County, Texas","B01001_027",305,77
"1694","48069","Castro County, Texas","B01001_028",209,77
"1695","48069","Castro County, Texas","B01001_029",338,79
"1696","48069","Castro County, Texas","B01001_030",198,72
"1697","48069","Castro County, Texas","B01001_031",60,46
"1698","48069","Castro County, Texas","B01001_032",71,67
"1699","48069","Castro County, Texas","B01001_033",29,32
"1700","48069","Castro County, Texas","B01001_034",240,92
"1701","48069","Castro County, Texas","B01001_035",235,123
"1702","48069","Castro County, Texas","B01001_036",163,77
"1703","48069","Castro County, Texas","B01001_037",292,103
"1704","48069","Castro County, Texas","B01001_038",132,81
"1705","48069","Castro County, Texas","B01001_039",218,51
"1706","48069","Castro County, Texas","B01001_040",116,41
"1707","48069","Castro County, Texas","B01001_041",151,69
"1708","48069","Castro County, Texas","B01001_042",39,40
"1709","48069","Castro County, Texas","B01001_043",73,60
"1710","48069","Castro County, Texas","B01001_044",59,40
"1711","48069","Castro County, Texas","B01001_045",293,113
"1712","48069","Castro County, Texas","B01001_046",108,71
"1713","48069","Castro County, Texas","B01001_047",98,56
"1714","48069","Castro County, Texas","B01001_048",135,82
"1715","48069","Castro County, Texas","B01001_049",30,24
"1716","48071","Chambers County, Texas","B01001_001",51498,NA
"1717","48071","Chambers County, Texas","B01001_002",25831,152
"1718","48071","Chambers County, Texas","B01001_003",1831,68
"1719","48071","Chambers County, Texas","B01001_004",1886,343
"1720","48071","Chambers County, Texas","B01001_005",2273,342
"1721","48071","Chambers County, Texas","B01001_006",1191,9
"1722","48071","Chambers County, Texas","B01001_007",848,201
"1723","48071","Chambers County, Texas","B01001_008",186,147
"1724","48071","Chambers County, Texas","B01001_009",230,135
"1725","48071","Chambers County, Texas","B01001_010",1281,219
"1726","48071","Chambers County, Texas","B01001_011",1360,257
"1727","48071","Chambers County, Texas","B01001_012",1907,178
"1728","48071","Chambers County, Texas","B01001_013",1440,297
"1729","48071","Chambers County, Texas","B01001_014",2322,291
"1730","48071","Chambers County, Texas","B01001_015",1864,177
"1731","48071","Chambers County, Texas","B01001_016",1459,193
"1732","48071","Chambers County, Texas","B01001_017",1413,284
"1733","48071","Chambers County, Texas","B01001_018",669,262
"1734","48071","Chambers County, Texas","B01001_019",654,185
"1735","48071","Chambers County, Texas","B01001_020",230,112
"1736","48071","Chambers County, Texas","B01001_021",963,267
"1737","48071","Chambers County, Texas","B01001_022",870,230
"1738","48071","Chambers County, Texas","B01001_023",620,112
"1739","48071","Chambers County, Texas","B01001_024",202,123
"1740","48071","Chambers County, Texas","B01001_025",132,82
"1741","48071","Chambers County, Texas","B01001_026",25667,152
"1742","48071","Chambers County, Texas","B01001_027",1585,70
"1743","48071","Chambers County, Texas","B01001_028",2006,413
"1744","48071","Chambers County, Texas","B01001_029",2259,410
"1745","48071","Chambers County, Texas","B01001_030",1095,2
"1746","48071","Chambers County, Texas","B01001_031",514,164
"1747","48071","Chambers County, Texas","B01001_032",195,138
"1748","48071","Chambers County, Texas","B01001_033",486,239
"1749","48071","Chambers County, Texas","B01001_034",980,249
"1750","48071","Chambers County, Texas","B01001_035",2015,195
"1751","48071","Chambers County, Texas","B01001_036",1571,277
"1752","48071","Chambers County, Texas","B01001_037",1941,482
"1753","48071","Chambers County, Texas","B01001_038",2012,443
"1754","48071","Chambers County, Texas","B01001_039",1524,266
"1755","48071","Chambers County, Texas","B01001_040",1708,139
"1756","48071","Chambers County, Texas","B01001_041",1085,267
"1757","48071","Chambers County, Texas","B01001_042",332,158
"1758","48071","Chambers County, Texas","B01001_043",885,240
"1759","48071","Chambers County, Texas","B01001_044",602,198
"1760","48071","Chambers County, Texas","B01001_045",559,157
"1761","48071","Chambers County, Texas","B01001_046",1053,261
"1762","48071","Chambers County, Texas","B01001_047",601,213
"1763","48071","Chambers County, Texas","B01001_048",419,179
"1764","48071","Chambers County, Texas","B01001_049",240,125
"1765","48073","Cherokee County, Texas","B01001_001",51886,NA
"1766","48073","Cherokee County, Texas","B01001_002",26389,64
"1767","48073","Cherokee County, Texas","B01001_003",1735,18
"1768","48073","Cherokee County, Texas","B01001_004",1856,241
"1769","48073","Cherokee County, Texas","B01001_005",1948,239
"1770","48073","Cherokee County, Texas","B01001_006",1073,44
"1771","48073","Cherokee County, Texas","B01001_007",577,12
"1772","48073","Cherokee County, Texas","B01001_008",346,134
"1773","48073","Cherokee County, Texas","B01001_009",442,164
"1774","48073","Cherokee County, Texas","B01001_010",909,181
"1775","48073","Cherokee County, Texas","B01001_011",1800,115
"1776","48073","Cherokee County, Texas","B01001_012",1635,124
"1777","48073","Cherokee County, Texas","B01001_013",1940,252
"1778","48073","Cherokee County, Texas","B01001_014",1416,237
"1779","48073","Cherokee County, Texas","B01001_015",1594,151
"1780","48073","Cherokee County, Texas","B01001_016",1630,138
"1781","48073","Cherokee County, Texas","B01001_017",1435,232
"1782","48073","Cherokee County, Texas","B01001_018",804,196
"1783","48073","Cherokee County, Texas","B01001_019",827,177
"1784","48073","Cherokee County, Texas","B01001_020",601,157
"1785","48073","Cherokee County, Texas","B01001_021",948,175
"1786","48073","Cherokee County, Texas","B01001_022",1163,191
"1787","48073","Cherokee County, Texas","B01001_023",862,159
"1788","48073","Cherokee County, Texas","B01001_024",483,112
"1789","48073","Cherokee County, Texas","B01001_025",365,110
"1790","48073","Cherokee County, Texas","B01001_026",25497,64
"1791","48073","Cherokee County, Texas","B01001_027",1712,31
"1792","48073","Cherokee County, Texas","B01001_028",1789,344
"1793","48073","Cherokee County, Texas","B01001_029",1779,344
"1794","48073","Cherokee County, Texas","B01001_030",1159,40
"1795","48073","Cherokee County, Texas","B01001_031",472,5
"1796","48073","Cherokee County, Texas","B01001_032",221,109
"1797","48073","Cherokee County, Texas","B01001_033",155,110
"1798","48073","Cherokee County, Texas","B01001_034",1034,153
"1799","48073","Cherokee County, Texas","B01001_035",1589,92
"1800","48073","Cherokee County, Texas","B01001_036",1423,79
"1801","48073","Cherokee County, Texas","B01001_037",1590,217
"1802","48073","Cherokee County, Texas","B01001_038",1626,243
"1803","48073","Cherokee County, Texas","B01001_039",1286,41
"1804","48073","Cherokee County, Texas","B01001_040",1462,15
"1805","48073","Cherokee County, Texas","B01001_041",1117,193
"1806","48073","Cherokee County, Texas","B01001_042",865,208
"1807","48073","Cherokee County, Texas","B01001_043",1113,230
"1808","48073","Cherokee County, Texas","B01001_044",625,166
"1809","48073","Cherokee County, Texas","B01001_045",843,174
"1810","48073","Cherokee County, Texas","B01001_046",1490,202
"1811","48073","Cherokee County, Texas","B01001_047",943,191
"1812","48073","Cherokee County, Texas","B01001_048",636,172
"1813","48073","Cherokee County, Texas","B01001_049",568,184
"1814","48075","Childress County, Texas","B01001_001",6743,NA
"1815","48075","Childress County, Texas","B01001_002",3992,243
"1816","48075","Childress County, Texas","B01001_003",120,80
"1817","48075","Childress County, Texas","B01001_004",217,130
"1818","48075","Childress County, Texas","B01001_005",92,53
"1819","48075","Childress County, Texas","B01001_006",179,40
"1820","48075","Childress County, Texas","B01001_007",47,58
"1821","48075","Childress County, Texas","B01001_008",36,44
"1822","48075","Childress County, Texas","B01001_009",87,105
"1823","48075","Childress County, Texas","B01001_010",220,84
"1824","48075","Childress County, Texas","B01001_011",506,178
"1825","48075","Childress County, Texas","B01001_012",572,268
"1826","48075","Childress County, Texas","B01001_013",395,127
"1827","48075","Childress County, Texas","B01001_014",160,113
"1828","48075","Childress County, Texas","B01001_015",324,125
"1829","48075","Childress County, Texas","B01001_016",130,56
"1830","48075","Childress County, Texas","B01001_017",243,116
"1831","48075","Childress County, Texas","B01001_018",39,50
"1832","48075","Childress County, Texas","B01001_019",58,45
"1833","48075","Childress County, Texas","B01001_020",55,49
"1834","48075","Childress County, Texas","B01001_021",89,52
"1835","48075","Childress County, Texas","B01001_022",124,66
"1836","48075","Childress County, Texas","B01001_023",195,98
"1837","48075","Childress County, Texas","B01001_024",40,38
"1838","48075","Childress County, Texas","B01001_025",64,56
"1839","48075","Childress County, Texas","B01001_026",2751,243
"1840","48075","Childress County, Texas","B01001_027",195,89
"1841","48075","Childress County, Texas","B01001_028",244,141
"1842","48075","Childress County, Texas","B01001_029",240,154
"1843","48075","Childress County, Texas","B01001_030",77,29
"1844","48075","Childress County, Texas","B01001_031",42,16
"1845","48075","Childress County, Texas","B01001_032",84,68
"1846","48075","Childress County, Texas","B01001_033",0,21
"1847","48075","Childress County, Texas","B01001_034",93,59
"1848","48075","Childress County, Texas","B01001_035",111,64
"1849","48075","Childress County, Texas","B01001_036",93,57
"1850","48075","Childress County, Texas","B01001_037",143,82
"1851","48075","Childress County, Texas","B01001_038",302,97
"1852","48075","Childress County, Texas","B01001_039",250,79
"1853","48075","Childress County, Texas","B01001_040",89,42
"1854","48075","Childress County, Texas","B01001_041",113,76
"1855","48075","Childress County, Texas","B01001_042",15,17
"1856","48075","Childress County, Texas","B01001_043",73,71
"1857","48075","Childress County, Texas","B01001_044",36,45
"1858","48075","Childress County, Texas","B01001_045",70,58
"1859","48075","Childress County, Texas","B01001_046",261,108
"1860","48075","Childress County, Texas","B01001_047",52,31
"1861","48075","Childress County, Texas","B01001_048",82,61
"1862","48075","Childress County, Texas","B01001_049",86,74
"1863","48077","Clay County, Texas","B01001_001",10495,NA
"1864","48077","Clay County, Texas","B01001_002",5248,61
"1865","48077","Clay County, Texas","B01001_003",239,19
"1866","48077","Clay County, Texas","B01001_004",272,76
"1867","48077","Clay County, Texas","B01001_005",325,66
"1868","48077","Clay County, Texas","B01001_006",216,26
"1869","48077","Clay County, Texas","B01001_007",116,23
"1870","48077","Clay County, Texas","B01001_008",69,37
"1871","48077","Clay County, Texas","B01001_009",44,26
"1872","48077","Clay County, Texas","B01001_010",131,53
"1873","48077","Clay County, Texas","B01001_011",273,26
"1874","48077","Clay County, Texas","B01001_012",251,25
"1875","48077","Clay County, Texas","B01001_013",331,85
"1876","48077","Clay County, Texas","B01001_014",308,77
"1877","48077","Clay County, Texas","B01001_015",298,31
"1878","48077","Clay County, Texas","B01001_016",318,36
"1879","48077","Clay County, Texas","B01001_017",385,96
"1880","48077","Clay County, Texas","B01001_018",190,62
"1881","48077","Clay County, Texas","B01001_019",285,88
"1882","48077","Clay County, Texas","B01001_020",183,57
"1883","48077","Clay County, Texas","B01001_021",237,58
"1884","48077","Clay County, Texas","B01001_022",297,62
"1885","48077","Clay County, Texas","B01001_023",152,43
"1886","48077","Clay County, Texas","B01001_024",212,61
"1887","48077","Clay County, Texas","B01001_025",116,42
"1888","48077","Clay County, Texas","B01001_026",5247,61
"1889","48077","Clay County, Texas","B01001_027",229,15
"1890","48077","Clay County, Texas","B01001_028",246,68
"1891","48077","Clay County, Texas","B01001_029",336,76
"1892","48077","Clay County, Texas","B01001_030",175,15
"1893","48077","Clay County, Texas","B01001_031",78,5
"1894","48077","Clay County, Texas","B01001_032",46,33
"1895","48077","Clay County, Texas","B01001_033",51,33
"1896","48077","Clay County, Texas","B01001_034",167,45
"1897","48077","Clay County, Texas","B01001_035",225,28
"1898","48077","Clay County, Texas","B01001_036",298,48
"1899","48077","Clay County, Texas","B01001_037",284,75
"1900","48077","Clay County, Texas","B01001_038",266,71
"1901","48077","Clay County, Texas","B01001_039",322,50
"1902","48077","Clay County, Texas","B01001_040",327,38
"1903","48077","Clay County, Texas","B01001_041",560,89
"1904","48077","Clay County, Texas","B01001_042",90,36
"1905","48077","Clay County, Texas","B01001_043",289,55
"1906","48077","Clay County, Texas","B01001_044",244,78
"1907","48077","Clay County, Texas","B01001_045",182,51
"1908","48077","Clay County, Texas","B01001_046",324,79
"1909","48077","Clay County, Texas","B01001_047",200,56
"1910","48077","Clay County, Texas","B01001_048",218,59
"1911","48077","Clay County, Texas","B01001_049",90,39
"1912","48079","Cochran County, Texas","B01001_001",2550,NA
"1913","48079","Cochran County, Texas","B01001_002",1322,49
"1914","48079","Cochran County, Texas","B01001_003",95,31
"1915","48079","Cochran County, Texas","B01001_004",59,27
"1916","48079","Cochran County, Texas","B01001_005",131,36
"1917","48079","Cochran County, Texas","B01001_006",90,28
"1918","48079","Cochran County, Texas","B01001_007",32,26
"1919","48079","Cochran County, Texas","B01001_008",19,19
"1920","48079","Cochran County, Texas","B01001_009",24,24
"1921","48079","Cochran County, Texas","B01001_010",60,33
"1922","48079","Cochran County, Texas","B01001_011",46,28
"1923","48079","Cochran County, Texas","B01001_012",64,39
"1924","48079","Cochran County, Texas","B01001_013",119,61
"1925","48079","Cochran County, Texas","B01001_014",133,59
"1926","48079","Cochran County, Texas","B01001_015",53,25
"1927","48079","Cochran County, Texas","B01001_016",71,48
"1928","48079","Cochran County, Texas","B01001_017",48,27
"1929","48079","Cochran County, Texas","B01001_018",54,41
"1930","48079","Cochran County, Texas","B01001_019",54,33
"1931","48079","Cochran County, Texas","B01001_020",8,8
"1932","48079","Cochran County, Texas","B01001_021",35,20
"1933","48079","Cochran County, Texas","B01001_022",59,21
"1934","48079","Cochran County, Texas","B01001_023",29,20
"1935","48079","Cochran County, Texas","B01001_024",10,9
"1936","48079","Cochran County, Texas","B01001_025",29,11
"1937","48079","Cochran County, Texas","B01001_026",1228,49
"1938","48079","Cochran County, Texas","B01001_027",102,30
"1939","48079","Cochran County, Texas","B01001_028",87,35
"1940","48079","Cochran County, Texas","B01001_029",84,23
"1941","48079","Cochran County, Texas","B01001_030",66,22
"1942","48079","Cochran County, Texas","B01001_031",36,21
"1943","48079","Cochran County, Texas","B01001_032",5,6
"1944","48079","Cochran County, Texas","B01001_033",6,7
"1945","48079","Cochran County, Texas","B01001_034",63,28
"1946","48079","Cochran County, Texas","B01001_035",44,28
"1947","48079","Cochran County, Texas","B01001_036",92,17
"1948","48079","Cochran County, Texas","B01001_037",73,26
"1949","48079","Cochran County, Texas","B01001_038",100,38
"1950","48079","Cochran County, Texas","B01001_039",45,29
"1951","48079","Cochran County, Texas","B01001_040",91,38
"1952","48079","Cochran County, Texas","B01001_041",54,18
"1953","48079","Cochran County, Texas","B01001_042",36,19
"1954","48079","Cochran County, Texas","B01001_043",46,15
"1955","48079","Cochran County, Texas","B01001_044",19,12
"1956","48079","Cochran County, Texas","B01001_045",37,24
"1957","48079","Cochran County, Texas","B01001_046",59,21
"1958","48079","Cochran County, Texas","B01001_047",25,17
"1959","48079","Cochran County, Texas","B01001_048",36,26
"1960","48079","Cochran County, Texas","B01001_049",22,28
"1961","48081","Coke County, Texas","B01001_001",3353,NA
"1962","48081","Coke County, Texas","B01001_002",1689,70
"1963","48081","Coke County, Texas","B01001_003",98,33
"1964","48081","Coke County, Texas","B01001_004",82,37
"1965","48081","Coke County, Texas","B01001_005",143,45
"1966","48081","Coke County, Texas","B01001_006",95,50
"1967","48081","Coke County, Texas","B01001_007",32,34
"1968","48081","Coke County, Texas","B01001_008",0,15
"1969","48081","Coke County, Texas","B01001_009",0,15
"1970","48081","Coke County, Texas","B01001_010",16,17
"1971","48081","Coke County, Texas","B01001_011",85,42
"1972","48081","Coke County, Texas","B01001_012",97,44
"1973","48081","Coke County, Texas","B01001_013",103,21
"1974","48081","Coke County, Texas","B01001_014",79,41
"1975","48081","Coke County, Texas","B01001_015",93,24
"1976","48081","Coke County, Texas","B01001_016",83,30
"1977","48081","Coke County, Texas","B01001_017",132,46
"1978","48081","Coke County, Texas","B01001_018",66,42
"1979","48081","Coke County, Texas","B01001_019",68,34
"1980","48081","Coke County, Texas","B01001_020",49,28
"1981","48081","Coke County, Texas","B01001_021",52,30
"1982","48081","Coke County, Texas","B01001_022",136,31
"1983","48081","Coke County, Texas","B01001_023",61,27
"1984","48081","Coke County, Texas","B01001_024",76,31
"1985","48081","Coke County, Texas","B01001_025",43,30
"1986","48081","Coke County, Texas","B01001_026",1664,70
"1987","48081","Coke County, Texas","B01001_027",53,31
"1988","48081","Coke County, Texas","B01001_028",83,41
"1989","48081","Coke County, Texas","B01001_029",115,34
"1990","48081","Coke County, Texas","B01001_030",44,36
"1991","48081","Coke County, Texas","B01001_031",9,11
"1992","48081","Coke County, Texas","B01001_032",50,40
"1993","48081","Coke County, Texas","B01001_033",0,15
"1994","48081","Coke County, Texas","B01001_034",69,48
"1995","48081","Coke County, Texas","B01001_035",58,37
"1996","48081","Coke County, Texas","B01001_036",94,36
"1997","48081","Coke County, Texas","B01001_037",94,44
"1998","48081","Coke County, Texas","B01001_038",107,58
"1999","48081","Coke County, Texas","B01001_039",66,34
"2000","48081","Coke County, Texas","B01001_040",82,17
"2001","48081","Coke County, Texas","B01001_041",58,35
"2002","48081","Coke County, Texas","B01001_042",93,51
"2003","48081","Coke County, Texas","B01001_043",100,37
"2004","48081","Coke County, Texas","B01001_044",50,25
"2005","48081","Coke County, Texas","B01001_045",105,29
"2006","48081","Coke County, Texas","B01001_046",74,30
"2007","48081","Coke County, Texas","B01001_047",98,44
"2008","48081","Coke County, Texas","B01001_048",48,36
"2009","48081","Coke County, Texas","B01001_049",114,47
"2010","48083","Coleman County, Texas","B01001_001",7833,NA
"2011","48083","Coleman County, Texas","B01001_002",3921,105
"2012","48083","Coleman County, Texas","B01001_003",178,54
"2013","48083","Coleman County, Texas","B01001_004",143,84
"2014","48083","Coleman County, Texas","B01001_005",341,89
"2015","48083","Coleman County, Texas","B01001_006",181,104
"2016","48083","Coleman County, Texas","B01001_007",162,110
"2017","48083","Coleman County, Texas","B01001_008",71,66
"2018","48083","Coleman County, Texas","B01001_009",14,16
"2019","48083","Coleman County, Texas","B01001_010",86,68
"2020","48083","Coleman County, Texas","B01001_011",99,79
"2021","48083","Coleman County, Texas","B01001_012",98,63
"2022","48083","Coleman County, Texas","B01001_013",241,75
"2023","48083","Coleman County, Texas","B01001_014",212,127
"2024","48083","Coleman County, Texas","B01001_015",165,6
"2025","48083","Coleman County, Texas","B01001_016",301,68
"2026","48083","Coleman County, Texas","B01001_017",271,115
"2027","48083","Coleman County, Texas","B01001_018",189,95
"2028","48083","Coleman County, Texas","B01001_019",191,97
"2029","48083","Coleman County, Texas","B01001_020",113,60
"2030","48083","Coleman County, Texas","B01001_021",225,95
"2031","48083","Coleman County, Texas","B01001_022",205,69
"2032","48083","Coleman County, Texas","B01001_023",178,68
"2033","48083","Coleman County, Texas","B01001_024",130,65
"2034","48083","Coleman County, Texas","B01001_025",127,76
"2035","48083","Coleman County, Texas","B01001_026",3912,105
"2036","48083","Coleman County, Texas","B01001_027",226,138
"2037","48083","Coleman County, Texas","B01001_028",163,104
"2038","48083","Coleman County, Texas","B01001_029",240,105
"2039","48083","Coleman County, Texas","B01001_030",139,98
"2040","48083","Coleman County, Texas","B01001_031",83,31
"2041","48083","Coleman County, Texas","B01001_032",51,75
"2042","48083","Coleman County, Texas","B01001_033",48,55
"2043","48083","Coleman County, Texas","B01001_034",13,18
"2044","48083","Coleman County, Texas","B01001_035",281,104
"2045","48083","Coleman County, Texas","B01001_036",150,7
"2046","48083","Coleman County, Texas","B01001_037",284,80
"2047","48083","Coleman County, Texas","B01001_038",164,63
"2048","48083","Coleman County, Texas","B01001_039",182,12
"2049","48083","Coleman County, Texas","B01001_040",224,36
"2050","48083","Coleman County, Texas","B01001_041",235,104
"2051","48083","Coleman County, Texas","B01001_042",110,87
"2052","48083","Coleman County, Texas","B01001_043",244,107
"2053","48083","Coleman County, Texas","B01001_044",102,71
"2054","48083","Coleman County, Texas","B01001_045",197,107
"2055","48083","Coleman County, Texas","B01001_046",306,111
"2056","48083","Coleman County, Texas","B01001_047",292,72
"2057","48083","Coleman County, Texas","B01001_048",107,46
"2058","48083","Coleman County, Texas","B01001_049",71,38
"2059","48085","Collin County, Texas","B01001_001",1163337,NA
"2060","48085","Collin County, Texas","B01001_002",578956,89
"2061","48085","Collin County, Texas","B01001_003",34448,65
"2062","48085","Collin County, Texas","B01001_004",41266,1606
"2063","48085","Collin County, Texas","B01001_005",43377,1610
"2064","48085","Collin County, Texas","B01001_006",27609,69
"2065","48085","Collin County, Texas","B01001_007",17177,4
"2066","48085","Collin County, Texas","B01001_008",6988,793
"2067","48085","Collin County, Texas","B01001_009",6278,621
"2068","48085","Collin County, Texas","B01001_010",21473,869
"2069","48085","Collin County, Texas","B01001_011",36101,41
"2070","48085","Collin County, Texas","B01001_012",39306,14
"2071","48085","Collin County, Texas","B01001_013",42783,1428
"2072","48085","Collin County, Texas","B01001_014",49239,1427
"2073","48085","Collin County, Texas","B01001_015",44743,54
"2074","48085","Collin County, Texas","B01001_016",42050,39
"2075","48085","Collin County, Texas","B01001_017",36312,977
"2076","48085","Collin County, Texas","B01001_018",13723,928
"2077","48085","Collin County, Texas","B01001_019",15674,828
"2078","48085","Collin County, Texas","B01001_020",9004,688
"2079","48085","Collin County, Texas","B01001_021",12062,751
"2080","48085","Collin County, Texas","B01001_022",16973,862
"2081","48085","Collin County, Texas","B01001_023",10996,601
"2082","48085","Collin County, Texas","B01001_024",6484,521
"2083","48085","Collin County, Texas","B01001_025",4890,481
"2084","48085","Collin County, Texas","B01001_026",584381,89
"2085","48085","Collin County, Texas","B01001_027",32886,22
"2086","48085","Collin County, Texas","B01001_028",38873,1724
"2087","48085","Collin County, Texas","B01001_029",42762,1718
"2088","48085","Collin County, Texas","B01001_030",26363,4
"2089","48085","Collin County, Texas","B01001_031",14938,57
"2090","48085","Collin County, Texas","B01001_032",6217,736
"2091","48085","Collin County, Texas","B01001_033",5916,748
"2092","48085","Collin County, Texas","B01001_034",21666,915
"2093","48085","Collin County, Texas","B01001_035",36076,4
"2094","48085","Collin County, Texas","B01001_036",40508,25
"2095","48085","Collin County, Texas","B01001_037",47402,1465
"2096","48085","Collin County, Texas","B01001_038",46639,1483
"2097","48085","Collin County, Texas","B01001_039",44223,84
"2098","48085","Collin County, Texas","B01001_040",40770,129
"2099","48085","Collin County, Texas","B01001_041",34856,1051
"2100","48085","Collin County, Texas","B01001_042",12375,860
"2101","48085","Collin County, Texas","B01001_043",17606,823
"2102","48085","Collin County, Texas","B01001_044",9368,559
"2103","48085","Collin County, Texas","B01001_045",14482,1082
"2104","48085","Collin County, Texas","B01001_046",20331,1022
"2105","48085","Collin County, Texas","B01001_047",13277,766
"2106","48085","Collin County, Texas","B01001_048",9434,656
"2107","48085","Collin County, Texas","B01001_049",7413,783
"2108","48087","Collingsworth County, Texas","B01001_001",2588,156
"2109","48087","Collingsworth County, Texas","B01001_002",1278,132
"2110","48087","Collingsworth County, Texas","B01001_003",135,87
"2111","48087","Collingsworth County, Texas","B01001_004",106,38
"2112","48087","Collingsworth County, Texas","B01001_005",135,36
"2113","48087","Collingsworth County, Texas","B01001_006",40,21
"2114","48087","Collingsworth County, Texas","B01001_007",26,32
"2115","48087","Collingsworth County, Texas","B01001_008",0,15
"2116","48087","Collingsworth County, Texas","B01001_009",3,7
"2117","48087","Collingsworth County, Texas","B01001_010",2,4
"2118","48087","Collingsworth County, Texas","B01001_011",53,32
"2119","48087","Collingsworth County, Texas","B01001_012",22,20
"2120","48087","Collingsworth County, Texas","B01001_013",78,57
"2121","48087","Collingsworth County, Texas","B01001_014",96,44
"2122","48087","Collingsworth County, Texas","B01001_015",86,38
"2123","48087","Collingsworth County, Texas","B01001_016",51,32
"2124","48087","Collingsworth County, Texas","B01001_017",32,24
"2125","48087","Collingsworth County, Texas","B01001_018",43,34
"2126","48087","Collingsworth County, Texas","B01001_019",27,21
"2127","48087","Collingsworth County, Texas","B01001_020",120,71
"2128","48087","Collingsworth County, Texas","B01001_021",69,39
"2129","48087","Collingsworth County, Texas","B01001_022",73,40
"2130","48087","Collingsworth County, Texas","B01001_023",47,30
"2131","48087","Collingsworth County, Texas","B01001_024",22,21
"2132","48087","Collingsworth County, Texas","B01001_025",12,12
"2133","48087","Collingsworth County, Texas","B01001_026",1310,128
"2134","48087","Collingsworth County, Texas","B01001_027",59,28
"2135","48087","Collingsworth County, Texas","B01001_028",87,46
"2136","48087","Collingsworth County, Texas","B01001_029",107,56
"2137","48087","Collingsworth County, Texas","B01001_030",52,24
"2138","48087","Collingsworth County, Texas","B01001_031",45,41
"2139","48087","Collingsworth County, Texas","B01001_032",0,15
"2140","48087","Collingsworth County, Texas","B01001_033",14,20
"2141","48087","Collingsworth County, Texas","B01001_034",42,32
"2142","48087","Collingsworth County, Texas","B01001_035",71,41
"2143","48087","Collingsworth County, Texas","B01001_036",107,45
"2144","48087","Collingsworth County, Texas","B01001_037",81,41
"2145","48087","Collingsworth County, Texas","B01001_038",31,19
"2146","48087","Collingsworth County, Texas","B01001_039",74,35
"2147","48087","Collingsworth County, Texas","B01001_040",62,32
"2148","48087","Collingsworth County, Texas","B01001_041",79,59
"2149","48087","Collingsworth County, Texas","B01001_042",88,45
"2150","48087","Collingsworth County, Texas","B01001_043",26,22
"2151","48087","Collingsworth County, Texas","B01001_044",46,29
"2152","48087","Collingsworth County, Texas","B01001_045",39,23
"2153","48087","Collingsworth County, Texas","B01001_046",93,50
"2154","48087","Collingsworth County, Texas","B01001_047",29,23
"2155","48087","Collingsworth County, Texas","B01001_048",21,14
"2156","48087","Collingsworth County, Texas","B01001_049",57,47
"2157","48089","Colorado County, Texas","B01001_001",21006,NA
"2158","48089","Colorado County, Texas","B01001_002",10730,209
"2159","48089","Colorado County, Texas","B01001_003",798,200
"2160","48089","Colorado County, Texas","B01001_004",729,149
"2161","48089","Colorado County, Texas","B01001_005",730,154
"2162","48089","Colorado County, Texas","B01001_006",452,149
"2163","48089","Colorado County, Texas","B01001_007",194,109
"2164","48089","Colorado County, Texas","B01001_008",112,82
"2165","48089","Colorado County, Texas","B01001_009",264,165
"2166","48089","Colorado County, Texas","B01001_010",388,141
"2167","48089","Colorado County, Texas","B01001_011",486,120
"2168","48089","Colorado County, Texas","B01001_012",572,117
"2169","48089","Colorado County, Texas","B01001_013",673,195
"2170","48089","Colorado County, Texas","B01001_014",426,134
"2171","48089","Colorado County, Texas","B01001_015",570,107
"2172","48089","Colorado County, Texas","B01001_016",597,120
"2173","48089","Colorado County, Texas","B01001_017",600,148
"2174","48089","Colorado County, Texas","B01001_018",298,131
"2175","48089","Colorado County, Texas","B01001_019",582,165
"2176","48089","Colorado County, Texas","B01001_020",206,97
"2177","48089","Colorado County, Texas","B01001_021",504,140
"2178","48089","Colorado County, Texas","B01001_022",668,170
"2179","48089","Colorado County, Texas","B01001_023",390,105
"2180","48089","Colorado County, Texas","B01001_024",173,89
"2181","48089","Colorado County, Texas","B01001_025",318,116
"2182","48089","Colorado County, Texas","B01001_026",10276,209
"2183","48089","Colorado County, Texas","B01001_027",590,141
"2184","48089","Colorado County, Texas","B01001_028",472,162
"2185","48089","Colorado County, Texas","B01001_029",808,168
"2186","48089","Colorado County, Texas","B01001_030",320,150
"2187","48089","Colorado County, Texas","B01001_031",187,154
"2188","48089","Colorado County, Texas","B01001_032",202,136
"2189","48089","Colorado County, Texas","B01001_033",130,100
"2190","48089","Colorado County, Texas","B01001_034",122,92
"2191","48089","Colorado County, Texas","B01001_035",564,165
"2192","48089","Colorado County, Texas","B01001_036",595,109
"2193","48089","Colorado County, Texas","B01001_037",507,185
"2194","48089","Colorado County, Texas","B01001_038",518,164
"2195","48089","Colorado County, Texas","B01001_039",481,93
"2196","48089","Colorado County, Texas","B01001_040",706,162
"2197","48089","Colorado County, Texas","B01001_041",494,120
"2198","48089","Colorado County, Texas","B01001_042",523,110
"2199","48089","Colorado County, Texas","B01001_043",406,130
"2200","48089","Colorado County, Texas","B01001_044",337,110
"2201","48089","Colorado County, Texas","B01001_045",517,124
"2202","48089","Colorado County, Texas","B01001_046",551,110
"2203","48089","Colorado County, Texas","B01001_047",284,118
"2204","48089","Colorado County, Texas","B01001_048",506,135
"2205","48089","Colorado County, Texas","B01001_049",456,179
"2206","48091","Comal County, Texas","B01001_001",183826,NA
"2207","48091","Comal County, Texas","B01001_002",91547,160
"2208","48091","Comal County, Texas","B01001_003",4881,127
"2209","48091","Comal County, Texas","B01001_004",6416,565
"2210","48091","Comal County, Texas","B01001_005",5602,564
"2211","48091","Comal County, Texas","B01001_006",3823,77
"2212","48091","Comal County, Texas","B01001_007",2058,73
"2213","48091","Comal County, Texas","B01001_008",754,232
"2214","48091","Comal County, Texas","B01001_009",938,283
"2215","48091","Comal County, Texas","B01001_010",3283,326
"2216","48091","Comal County, Texas","B01001_011",5039,130
"2217","48091","Comal County, Texas","B01001_012",5561,226
"2218","48091","Comal County, Texas","B01001_013",5689,555
"2219","48091","Comal County, Texas","B01001_014",6725,572
"2220","48091","Comal County, Texas","B01001_015",5915,165
"2221","48091","Comal County, Texas","B01001_016",6059,171
"2222","48091","Comal County, Texas","B01001_017",6056,465
"2223","48091","Comal County, Texas","B01001_018",2575,351
"2224","48091","Comal County, Texas","B01001_019",3977,462
"2225","48091","Comal County, Texas","B01001_020",2449,407
"2226","48091","Comal County, Texas","B01001_021",3333,391
"2227","48091","Comal County, Texas","B01001_022",4752,355
"2228","48091","Comal County, Texas","B01001_023",2819,312
"2229","48091","Comal County, Texas","B01001_024",1628,331
"2230","48091","Comal County, Texas","B01001_025",1215,339
"2231","48091","Comal County, Texas","B01001_026",92279,160
"2232","48091","Comal County, Texas","B01001_027",4822,115
"2233","48091","Comal County, Texas","B01001_028",5491,582
"2234","48091","Comal County, Texas","B01001_029",5996,574
"2235","48091","Comal County, Texas","B01001_030",3612,62
"2236","48091","Comal County, Texas","B01001_031",1839,73
"2237","48091","Comal County, Texas","B01001_032",530,199
"2238","48091","Comal County, Texas","B01001_033",712,262
"2239","48091","Comal County, Texas","B01001_034",3384,300
"2240","48091","Comal County, Texas","B01001_035",5047,123
"2241","48091","Comal County, Texas","B01001_036",5321,149
"2242","48091","Comal County, Texas","B01001_037",6625,602
"2243","48091","Comal County, Texas","B01001_038",5720,600
"2244","48091","Comal County, Texas","B01001_039",5801,144
"2245","48091","Comal County, Texas","B01001_040",5933,61
"2246","48091","Comal County, Texas","B01001_041",6375,570
"2247","48091","Comal County, Texas","B01001_042",2590,401
"2248","48091","Comal County, Texas","B01001_043",4291,464
"2249","48091","Comal County, Texas","B01001_044",2258,424
"2250","48091","Comal County, Texas","B01001_045",3848,386
"2251","48091","Comal County, Texas","B01001_046",5100,367
"2252","48091","Comal County, Texas","B01001_047",3461,345
"2253","48091","Comal County, Texas","B01001_048",1900,295
"2254","48091","Comal County, Texas","B01001_049",1623,274
"2255","48093","Comanche County, Texas","B01001_001",13950,NA
"2256","48093","Comanche County, Texas","B01001_002",6980,84
"2257","48093","Comanche County, Texas","B01001_003",320,79
"2258","48093","Comanche County, Texas","B01001_004",602,107
"2259","48093","Comanche County, Texas","B01001_005",328,94
"2260","48093","Comanche County, Texas","B01001_006",321,23
"2261","48093","Comanche County, Texas","B01001_007",202,70
"2262","48093","Comanche County, Texas","B01001_008",82,74
"2263","48093","Comanche County, Texas","B01001_009",163,100
"2264","48093","Comanche County, Texas","B01001_010",121,73
"2265","48093","Comanche County, Texas","B01001_011",403,40
"2266","48093","Comanche County, Texas","B01001_012",337,3
"2267","48093","Comanche County, Texas","B01001_013",301,94
"2268","48093","Comanche County, Texas","B01001_014",407,93
"2269","48093","Comanche County, Texas","B01001_015",352,66
"2270","48093","Comanche County, Texas","B01001_016",444,69
"2271","48093","Comanche County, Texas","B01001_017",543,107
"2272","48093","Comanche County, Texas","B01001_018",119,53
"2273","48093","Comanche County, Texas","B01001_019",351,92
"2274","48093","Comanche County, Texas","B01001_020",220,76
"2275","48093","Comanche County, Texas","B01001_021",284,87
"2276","48093","Comanche County, Texas","B01001_022",441,90
"2277","48093","Comanche County, Texas","B01001_023",340,86
"2278","48093","Comanche County, Texas","B01001_024",136,56
"2279","48093","Comanche County, Texas","B01001_025",163,78
"2280","48093","Comanche County, Texas","B01001_026",6970,84
"2281","48093","Comanche County, Texas","B01001_027",443,79
"2282","48093","Comanche County, Texas","B01001_028",423,109
"2283","48093","Comanche County, Texas","B01001_029",430,103
"2284","48093","Comanche County, Texas","B01001_030",319,16
"2285","48093","Comanche County, Texas","B01001_031",133,59
"2286","48093","Comanche County, Texas","B01001_032",34,36
"2287","48093","Comanche County, Texas","B01001_033",91,69
"2288","48093","Comanche County, Texas","B01001_034",235,96
"2289","48093","Comanche County, Texas","B01001_035",309,71
"2290","48093","Comanche County, Texas","B01001_036",193,45
"2291","48093","Comanche County, Texas","B01001_037",520,118
"2292","48093","Comanche County, Texas","B01001_038",351,109
"2293","48093","Comanche County, Texas","B01001_039",504,44
"2294","48093","Comanche County, Texas","B01001_040",335,42
"2295","48093","Comanche County, Texas","B01001_041",529,84
"2296","48093","Comanche County, Texas","B01001_042",163,61
"2297","48093","Comanche County, Texas","B01001_043",204,99
"2298","48093","Comanche County, Texas","B01001_044",221,78
"2299","48093","Comanche County, Texas","B01001_045",359,91
"2300","48093","Comanche County, Texas","B01001_046",435,91
"2301","48093","Comanche County, Texas","B01001_047",362,92
"2302","48093","Comanche County, Texas","B01001_048",175,79
"2303","48093","Comanche County, Texas","B01001_049",202,77
"2304","48095","Concho County, Texas","B01001_001",3328,NA
"2305","48095","Concho County, Texas","B01001_002",2148,76
"2306","48095","Concho County, Texas","B01001_003",60,26
"2307","48095","Concho County, Texas","B01001_004",51,35
"2308","48095","Concho County, Texas","B01001_005",43,27
"2309","48095","Concho County, Texas","B01001_006",43,23
"2310","48095","Concho County, Texas","B01001_007",95,70
"2311","48095","Concho County, Texas","B01001_008",28,47
"2312","48095","Concho County, Texas","B01001_009",5,10
"2313","48095","Concho County, Texas","B01001_010",50,50
"2314","48095","Concho County, Texas","B01001_011",145,60
"2315","48095","Concho County, Texas","B01001_012",260,105
"2316","48095","Concho County, Texas","B01001_013",197,84
"2317","48095","Concho County, Texas","B01001_014",236,109
"2318","48095","Concho County, Texas","B01001_015",180,91
"2319","48095","Concho County, Texas","B01001_016",168,80
"2320","48095","Concho County, Texas","B01001_017",185,32
"2321","48095","Concho County, Texas","B01001_018",54,32
"2322","48095","Concho County, Texas","B01001_019",17,16
"2323","48095","Concho County, Texas","B01001_020",61,33
"2324","48095","Concho County, Texas","B01001_021",50,32
"2325","48095","Concho County, Texas","B01001_022",74,38
"2326","48095","Concho County, Texas","B01001_023",41,31
"2327","48095","Concho County, Texas","B01001_024",43,27
"2328","48095","Concho County, Texas","B01001_025",62,38
"2329","48095","Concho County, Texas","B01001_026",1180,76
"2330","48095","Concho County, Texas","B01001_027",37,23
"2331","48095","Concho County, Texas","B01001_028",34,28
"2332","48095","Concho County, Texas","B01001_029",69,34
"2333","48095","Concho County, Texas","B01001_030",53,29
"2334","48095","Concho County, Texas","B01001_031",49,62
"2335","48095","Concho County, Texas","B01001_032",0,15
"2336","48095","Concho County, Texas","B01001_033",3,4
"2337","48095","Concho County, Texas","B01001_034",33,39
"2338","48095","Concho County, Texas","B01001_035",76,47
"2339","48095","Concho County, Texas","B01001_036",77,46
"2340","48095","Concho County, Texas","B01001_037",32,24
"2341","48095","Concho County, Texas","B01001_038",48,24
"2342","48095","Concho County, Texas","B01001_039",86,46
"2343","48095","Concho County, Texas","B01001_040",92,95
"2344","48095","Concho County, Texas","B01001_041",89,28
"2345","48095","Concho County, Texas","B01001_042",41,34
"2346","48095","Concho County, Texas","B01001_043",33,19
"2347","48095","Concho County, Texas","B01001_044",26,18
"2348","48095","Concho County, Texas","B01001_045",49,27
"2349","48095","Concho County, Texas","B01001_046",106,35
"2350","48095","Concho County, Texas","B01001_047",21,15
"2351","48095","Concho County, Texas","B01001_048",26,16
"2352","48095","Concho County, Texas","B01001_049",100,20
"2353","48097","Cooke County, Texas","B01001_001",43046,NA
"2354","48097","Cooke County, Texas","B01001_002",21561,239
"2355","48097","Cooke County, Texas","B01001_003",1216,178
"2356","48097","Cooke County, Texas","B01001_004",1146,226
"2357","48097","Cooke County, Texas","B01001_005",1708,221
"2358","48097","Cooke County, Texas","B01001_006",1046,94
"2359","48097","Cooke County, Texas","B01001_007",645,104
"2360","48097","Cooke County, Texas","B01001_008",237,134
"2361","48097","Cooke County, Texas","B01001_009",289,111
"2362","48097","Cooke County, Texas","B01001_010",882,152
"2363","48097","Cooke County, Texas","B01001_011",1245,18
"2364","48097","Cooke County, Texas","B01001_012",1266,39
"2365","48097","Cooke County, Texas","B01001_013",1267,183
"2366","48097","Cooke County, Texas","B01001_014",1268,183
"2367","48097","Cooke County, Texas","B01001_015",1176,164
"2368","48097","Cooke County, Texas","B01001_016",1381,214
"2369","48097","Cooke County, Texas","B01001_017",1353,227
"2370","48097","Cooke County, Texas","B01001_018",839,224
"2371","48097","Cooke County, Texas","B01001_019",817,198
"2372","48097","Cooke County, Texas","B01001_020",712,194
"2373","48097","Cooke County, Texas","B01001_021",515,117
"2374","48097","Cooke County, Texas","B01001_022",1155,193
"2375","48097","Cooke County, Texas","B01001_023",633,132
"2376","48097","Cooke County, Texas","B01001_024",384,115
"2377","48097","Cooke County, Texas","B01001_025",381,115
"2378","48097","Cooke County, Texas","B01001_026",21485,239
"2379","48097","Cooke County, Texas","B01001_027",1419,176
"2380","48097","Cooke County, Texas","B01001_028",1582,202
"2381","48097","Cooke County, Texas","B01001_029",1113,219
"2382","48097","Cooke County, Texas","B01001_030",757,31
"2383","48097","Cooke County, Texas","B01001_031",619,202
"2384","48097","Cooke County, Texas","B01001_032",187,80
"2385","48097","Cooke County, Texas","B01001_033",332,145
"2386","48097","Cooke County, Texas","B01001_034",748,196
"2387","48097","Cooke County, Texas","B01001_035",1122,144
"2388","48097","Cooke County, Texas","B01001_036",1329,60
"2389","48097","Cooke County, Texas","B01001_037",1092,177
"2390","48097","Cooke County, Texas","B01001_038",1356,196
"2391","48097","Cooke County, Texas","B01001_039",1174,78
"2392","48097","Cooke County, Texas","B01001_040",1305,75
"2393","48097","Cooke County, Texas","B01001_041",1305,215
"2394","48097","Cooke County, Texas","B01001_042",623,159
"2395","48097","Cooke County, Texas","B01001_043",1066,208
"2396","48097","Cooke County, Texas","B01001_044",529,138
"2397","48097","Cooke County, Texas","B01001_045",878,184
"2398","48097","Cooke County, Texas","B01001_046",1048,176
"2399","48097","Cooke County, Texas","B01001_047",755,162
"2400","48097","Cooke County, Texas","B01001_048",648,158
"2401","48097","Cooke County, Texas","B01001_049",498,138
"2402","48099","Coryell County, Texas","B01001_001",84748,NA
"2403","48099","Coryell County, Texas","B01001_002",42710,106
"2404","48099","Coryell County, Texas","B01001_003",2765,73
"2405","48099","Coryell County, Texas","B01001_004",2833,334
"2406","48099","Coryell County, Texas","B01001_005",2672,329
"2407","48099","Coryell County, Texas","B01001_006",1395,27
"2408","48099","Coryell County, Texas","B01001_007",1682,360
"2409","48099","Coryell County, Texas","B01001_008",1136,310
"2410","48099","Coryell County, Texas","B01001_009",1307,316
"2411","48099","Coryell County, Texas","B01001_010",3106,344
"2412","48099","Coryell County, Texas","B01001_011",3779,268
"2413","48099","Coryell County, Texas","B01001_012",3853,67
"2414","48099","Coryell County, Texas","B01001_013",3090,358
"2415","48099","Coryell County, Texas","B01001_014",3301,352
"2416","48099","Coryell County, Texas","B01001_015",2272,34
"2417","48099","Coryell County, Texas","B01001_016",2003,45
"2418","48099","Coryell County, Texas","B01001_017",1863,198
"2419","48099","Coryell County, Texas","B01001_018",618,138
"2420","48099","Coryell County, Texas","B01001_019",860,172
"2421","48099","Coryell County, Texas","B01001_020",500,131
"2422","48099","Coryell County, Texas","B01001_021",1102,187
"2423","48099","Coryell County, Texas","B01001_022",1053,158
"2424","48099","Coryell County, Texas","B01001_023",780,133
"2425","48099","Coryell County, Texas","B01001_024",518,122
"2426","48099","Coryell County, Texas","B01001_025",222,79
"2427","48099","Coryell County, Texas","B01001_026",42038,106
"2428","48099","Coryell County, Texas","B01001_027",2622,67
"2429","48099","Coryell County, Texas","B01001_028",2674,296
"2430","48099","Coryell County, Texas","B01001_029",2793,290
"2431","48099","Coryell County, Texas","B01001_030",1304,7
"2432","48099","Coryell County, Texas","B01001_031",875,185
"2433","48099","Coryell County, Texas","B01001_032",428,177
"2434","48099","Coryell County, Texas","B01001_033",554,222
"2435","48099","Coryell County, Texas","B01001_034",2207,282
"2436","48099","Coryell County, Texas","B01001_035",3867,70
"2437","48099","Coryell County, Texas","B01001_036",3819,114
"2438","48099","Coryell County, Texas","B01001_037",3434,333
"2439","48099","Coryell County, Texas","B01001_038",3243,353
"2440","48099","Coryell County, Texas","B01001_039",2621,56
"2441","48099","Coryell County, Texas","B01001_040",2192,20
"2442","48099","Coryell County, Texas","B01001_041",2016,286
"2443","48099","Coryell County, Texas","B01001_042",755,189
"2444","48099","Coryell County, Texas","B01001_043",1188,202
"2445","48099","Coryell County, Texas","B01001_044",884,175
"2446","48099","Coryell County, Texas","B01001_045",979,202
"2447","48099","Coryell County, Texas","B01001_046",1318,202
"2448","48099","Coryell County, Texas","B01001_047",1126,200
"2449","48099","Coryell County, Texas","B01001_048",723,186
"2450","48099","Coryell County, Texas","B01001_049",416,144
"2451","48101","Cottle County, Texas","B01001_001",1368,210
"2452","48101","Cottle County, Texas","B01001_002",663,145
"2453","48101","Cottle County, Texas","B01001_003",49,31
"2454","48101","Cottle County, Texas","B01001_004",26,31
"2455","48101","Cottle County, Texas","B01001_005",33,25
"2456","48101","Cottle County, Texas","B01001_006",17,17
"2457","48101","Cottle County, Texas","B01001_007",55,46
"2458","48101","Cottle County, Texas","B01001_008",81,69
"2459","48101","Cottle County, Texas","B01001_009",23,26
"2460","48101","Cottle County, Texas","B01001_010",0,15
"2461","48101","Cottle County, Texas","B01001_011",0,15
"2462","48101","Cottle County, Texas","B01001_012",0,15
"2463","48101","Cottle County, Texas","B01001_013",17,15
"2464","48101","Cottle County, Texas","B01001_014",30,21
"2465","48101","Cottle County, Texas","B01001_015",27,24
"2466","48101","Cottle County, Texas","B01001_016",28,23
"2467","48101","Cottle County, Texas","B01001_017",57,35
"2468","48101","Cottle County, Texas","B01001_018",53,50
"2469","48101","Cottle County, Texas","B01001_019",15,15
"2470","48101","Cottle County, Texas","B01001_020",19,21
"2471","48101","Cottle County, Texas","B01001_021",46,29
"2472","48101","Cottle County, Texas","B01001_022",57,38
"2473","48101","Cottle County, Texas","B01001_023",27,16
"2474","48101","Cottle County, Texas","B01001_024",0,15
"2475","48101","Cottle County, Texas","B01001_025",3,5
"2476","48101","Cottle County, Texas","B01001_026",705,145
"2477","48101","Cottle County, Texas","B01001_027",39,40
"2478","48101","Cottle County, Texas","B01001_028",37,31
"2479","48101","Cottle County, Texas","B01001_029",38,27
"2480","48101","Cottle County, Texas","B01001_030",11,12
"2481","48101","Cottle County, Texas","B01001_031",26,33
"2482","48101","Cottle County, Texas","B01001_032",0,15
"2483","48101","Cottle County, Texas","B01001_033",2,4
"2484","48101","Cottle County, Texas","B01001_034",10,12
"2485","48101","Cottle County, Texas","B01001_035",34,29
"2486","48101","Cottle County, Texas","B01001_036",12,15
"2487","48101","Cottle County, Texas","B01001_037",77,63
"2488","48101","Cottle County, Texas","B01001_038",58,47
"2489","48101","Cottle County, Texas","B01001_039",20,16
"2490","48101","Cottle County, Texas","B01001_040",54,36
"2491","48101","Cottle County, Texas","B01001_041",26,27
"2492","48101","Cottle County, Texas","B01001_042",37,35
"2493","48101","Cottle County, Texas","B01001_043",59,37
"2494","48101","Cottle County, Texas","B01001_044",6,6
"2495","48101","Cottle County, Texas","B01001_045",60,39
"2496","48101","Cottle County, Texas","B01001_046",34,26
"2497","48101","Cottle County, Texas","B01001_047",20,19
"2498","48101","Cottle County, Texas","B01001_048",35,32
"2499","48101","Cottle County, Texas","B01001_049",10,19
"2500","48103","Crane County, Texas","B01001_001",4610,NA
"2501","48103","Crane County, Texas","B01001_002",2418,148
"2502","48103","Crane County, Texas","B01001_003",228,150
"2503","48103","Crane County, Texas","B01001_004",76,74
"2504","48103","Crane County, Texas","B01001_005",276,164
"2505","48103","Crane County, Texas","B01001_006",179,84
"2506","48103","Crane County, Texas","B01001_007",75,54
"2507","48103","Crane County, Texas","B01001_008",0,15
"2508","48103","Crane County, Texas","B01001_009",108,69
"2509","48103","Crane County, Texas","B01001_010",87,54
"2510","48103","Crane County, Texas","B01001_011",135,73
"2511","48103","Crane County, Texas","B01001_012",46,53
"2512","48103","Crane County, Texas","B01001_013",73,77
"2513","48103","Crane County, Texas","B01001_014",369,136
"2514","48103","Crane County, Texas","B01001_015",140,109
"2515","48103","Crane County, Texas","B01001_016",81,59
"2516","48103","Crane County, Texas","B01001_017",146,73
"2517","48103","Crane County, Texas","B01001_018",32,34
"2518","48103","Crane County, Texas","B01001_019",40,31
"2519","48103","Crane County, Texas","B01001_020",43,44
"2520","48103","Crane County, Texas","B01001_021",121,79
"2521","48103","Crane County, Texas","B01001_022",81,71
"2522","48103","Crane County, Texas","B01001_023",41,44
"2523","48103","Crane County, Texas","B01001_024",29,32
"2524","48103","Crane County, Texas","B01001_025",12,22
"2525","48103","Crane County, Texas","B01001_026",2192,148
"2526","48103","Crane County, Texas","B01001_027",119,102
"2527","48103","Crane County, Texas","B01001_028",109,95
"2528","48103","Crane County, Texas","B01001_029",323,76
"2529","48103","Crane County, Texas","B01001_030",53,56
"2530","48103","Crane County, Texas","B01001_031",16,24
"2531","48103","Crane County, Texas","B01001_032",53,49
"2532","48103","Crane County, Texas","B01001_033",56,49
"2533","48103","Crane County, Texas","B01001_034",60,66
"2534","48103","Crane County, Texas","B01001_035",64,69
"2535","48103","Crane County, Texas","B01001_036",241,101
"2536","48103","Crane County, Texas","B01001_037",144,86
"2537","48103","Crane County, Texas","B01001_038",117,88
"2538","48103","Crane County, Texas","B01001_039",95,58
"2539","48103","Crane County, Texas","B01001_040",193,86
"2540","48103","Crane County, Texas","B01001_041",58,49
"2541","48103","Crane County, Texas","B01001_042",52,55
"2542","48103","Crane County, Texas","B01001_043",47,51
"2543","48103","Crane County, Texas","B01001_044",38,45
"2544","48103","Crane County, Texas","B01001_045",6,13
"2545","48103","Crane County, Texas","B01001_046",149,82
"2546","48103","Crane County, Texas","B01001_047",64,77
"2547","48103","Crane County, Texas","B01001_048",85,72
"2548","48103","Crane County, Texas","B01001_049",50,45
"2549","48105","Crockett County, Texas","B01001_001",2822,282
"2550","48105","Crockett County, Texas","B01001_002",1614,237
"2551","48105","Crockett County, Texas","B01001_003",29,29
"2552","48105","Crockett County, Texas","B01001_004",368,124
"2553","48105","Crockett County, Texas","B01001_005",0,15
"2554","48105","Crockett County, Texas","B01001_006",101,157
"2555","48105","Crockett County, Texas","B01001_007",0,15
"2556","48105","Crockett County, Texas","B01001_008",0,15
"2557","48105","Crockett County, Texas","B01001_009",5,11
"2558","48105","Crockett County, Texas","B01001_010",0,15
"2559","48105","Crockett County, Texas","B01001_011",3,4
"2560","48105","Crockett County, Texas","B01001_012",316,143
"2561","48105","Crockett County, Texas","B01001_013",18,24
"2562","48105","Crockett County, Texas","B01001_014",4,11
"2563","48105","Crockett County, Texas","B01001_015",120,124
"2564","48105","Crockett County, Texas","B01001_016",167,65
"2565","48105","Crockett County, Texas","B01001_017",162,81
"2566","48105","Crockett County, Texas","B01001_018",0,15
"2567","48105","Crockett County, Texas","B01001_019",47,61
"2568","48105","Crockett County, Texas","B01001_020",14,24
"2569","48105","Crockett County, Texas","B01001_021",51,64
"2570","48105","Crockett County, Texas","B01001_022",181,97
"2571","48105","Crockett County, Texas","B01001_023",6,13
"2572","48105","Crockett County, Texas","B01001_024",22,29
"2573","48105","Crockett County, Texas","B01001_025",0,15
"2574","48105","Crockett County, Texas","B01001_026",1208,281
"2575","48105","Crockett County, Texas","B01001_027",7,14
"2576","48105","Crockett County, Texas","B01001_028",70,144
"2577","48105","Crockett County, Texas","B01001_029",47,114
"2578","48105","Crockett County, Texas","B01001_030",124,142
"2579","48105","Crockett County, Texas","B01001_031",0,15
"2580","48105","Crockett County, Texas","B01001_032",0,15
"2581","48105","Crockett County, Texas","B01001_033",0,15
"2582","48105","Crockett County, Texas","B01001_034",1,3
"2583","48105","Crockett County, Texas","B01001_035",131,138
"2584","48105","Crockett County, Texas","B01001_036",62,61
"2585","48105","Crockett County, Texas","B01001_037",22,55
"2586","48105","Crockett County, Texas","B01001_038",167,136
"2587","48105","Crockett County, Texas","B01001_039",198,162
"2588","48105","Crockett County, Texas","B01001_040",0,15
"2589","48105","Crockett County, Texas","B01001_041",34,92
"2590","48105","Crockett County, Texas","B01001_042",31,52
"2591","48105","Crockett County, Texas","B01001_043",51,66
"2592","48105","Crockett County, Texas","B01001_044",0,15
"2593","48105","Crockett County, Texas","B01001_045",21,37
"2594","48105","Crockett County, Texas","B01001_046",174,93
"2595","48105","Crockett County, Texas","B01001_047",60,51
"2596","48105","Crockett County, Texas","B01001_048",8,17
"2597","48105","Crockett County, Texas","B01001_049",0,15
"2598","48107","Crosby County, Texas","B01001_001",5041,NA
"2599","48107","Crosby County, Texas","B01001_002",2575,41
"2600","48107","Crosby County, Texas","B01001_003",165,11
"2601","48107","Crosby County, Texas","B01001_004",174,44
"2602","48107","Crosby County, Texas","B01001_005",206,44
"2603","48107","Crosby County, Texas","B01001_006",141,15
"2604","48107","Crosby County, Texas","B01001_007",15,14
"2605","48107","Crosby County, Texas","B01001_008",28,26
"2606","48107","Crosby County, Texas","B01001_009",53,42
"2607","48107","Crosby County, Texas","B01001_010",153,59
"2608","48107","Crosby County, Texas","B01001_011",99,47
"2609","48107","Crosby County, Texas","B01001_012",231,66
"2610","48107","Crosby County, Texas","B01001_013",149,43
"2611","48107","Crosby County, Texas","B01001_014",206,75
"2612","48107","Crosby County, Texas","B01001_015",91,41
"2613","48107","Crosby County, Texas","B01001_016",121,21
"2614","48107","Crosby County, Texas","B01001_017",98,32
"2615","48107","Crosby County, Texas","B01001_018",59,30
"2616","48107","Crosby County, Texas","B01001_019",130,39
"2617","48107","Crosby County, Texas","B01001_020",63,33
"2618","48107","Crosby County, Texas","B01001_021",83,32
"2619","48107","Crosby County, Texas","B01001_022",152,36
"2620","48107","Crosby County, Texas","B01001_023",95,28
"2621","48107","Crosby County, Texas","B01001_024",25,13
"2622","48107","Crosby County, Texas","B01001_025",38,19
"2623","48107","Crosby County, Texas","B01001_026",2466,41
"2624","48107","Crosby County, Texas","B01001_027",136,12
"2625","48107","Crosby County, Texas","B01001_028",207,44
"2626","48107","Crosby County, Texas","B01001_029",128,41
"2627","48107","Crosby County, Texas","B01001_030",130,28
"2628","48107","Crosby County, Texas","B01001_031",60,29
"2629","48107","Crosby County, Texas","B01001_032",74,33
"2630","48107","Crosby County, Texas","B01001_033",45,31
"2631","48107","Crosby County, Texas","B01001_034",31,20
"2632","48107","Crosby County, Texas","B01001_035",132,24
"2633","48107","Crosby County, Texas","B01001_036",124,2
"2634","48107","Crosby County, Texas","B01001_037",148,36
"2635","48107","Crosby County, Texas","B01001_038",149,36
"2636","48107","Crosby County, Texas","B01001_039",135,7
"2637","48107","Crosby County, Texas","B01001_040",144,5
"2638","48107","Crosby County, Texas","B01001_041",148,42
"2639","48107","Crosby County, Texas","B01001_042",54,26
"2640","48107","Crosby County, Texas","B01001_043",110,39
"2641","48107","Crosby County, Texas","B01001_044",57,36
"2642","48107","Crosby County, Texas","B01001_045",112,35
"2643","48107","Crosby County, Texas","B01001_046",107,28
"2644","48107","Crosby County, Texas","B01001_047",106,31
"2645","48107","Crosby County, Texas","B01001_048",74,28
"2646","48107","Crosby County, Texas","B01001_049",55,23
"2647","48109","Culberson County, Texas","B01001_001",2195,NA
"2648","48109","Culberson County, Texas","B01001_002",1188,187
"2649","48109","Culberson County, Texas","B01001_003",0,15
"2650","48109","Culberson County, Texas","B01001_004",213,215
"2651","48109","Culberson County, Texas","B01001_005",40,67
"2652","48109","Culberson County, Texas","B01001_006",66,48
"2653","48109","Culberson County, Texas","B01001_007",38,37
"2654","48109","Culberson County, Texas","B01001_008",0,15
"2655","48109","Culberson County, Texas","B01001_009",0,15
"2656","48109","Culberson County, Texas","B01001_010",10,22
"2657","48109","Culberson County, Texas","B01001_011",2,6
"2658","48109","Culberson County, Texas","B01001_012",124,130
"2659","48109","Culberson County, Texas","B01001_013",99,72
"2660","48109","Culberson County, Texas","B01001_014",7,15
"2661","48109","Culberson County, Texas","B01001_015",49,75
"2662","48109","Culberson County, Texas","B01001_016",67,61
"2663","48109","Culberson County, Texas","B01001_017",49,40
"2664","48109","Culberson County, Texas","B01001_018",46,64
"2665","48109","Culberson County, Texas","B01001_019",0,15
"2666","48109","Culberson County, Texas","B01001_020",40,64
"2667","48109","Culberson County, Texas","B01001_021",110,77
"2668","48109","Culberson County, Texas","B01001_022",114,103
"2669","48109","Culberson County, Texas","B01001_023",43,44
"2670","48109","Culberson County, Texas","B01001_024",71,89
"2671","48109","Culberson County, Texas","B01001_025",0,15
"2672","48109","Culberson County, Texas","B01001_026",1007,187
"2673","48109","Culberson County, Texas","B01001_027",125,141
"2674","48109","Culberson County, Texas","B01001_028",62,45
"2675","48109","Culberson County, Texas","B01001_029",68,52
"2676","48109","Culberson County, Texas","B01001_030",18,27
"2677","48109","Culberson County, Texas","B01001_031",39,49
"2678","48109","Culberson County, Texas","B01001_032",0,15
"2679","48109","Culberson County, Texas","B01001_033",0,15
"2680","48109","Culberson County, Texas","B01001_034",44,50
"2681","48109","Culberson County, Texas","B01001_035",16,26
"2682","48109","Culberson County, Texas","B01001_036",30,47
"2683","48109","Culberson County, Texas","B01001_037",46,61
"2684","48109","Culberson County, Texas","B01001_038",51,47
"2685","48109","Culberson County, Texas","B01001_039",58,52
"2686","48109","Culberson County, Texas","B01001_040",94,52
"2687","48109","Culberson County, Texas","B01001_041",31,30
"2688","48109","Culberson County, Texas","B01001_042",29,44
"2689","48109","Culberson County, Texas","B01001_043",33,41
"2690","48109","Culberson County, Texas","B01001_044",59,70
"2691","48109","Culberson County, Texas","B01001_045",30,33
"2692","48109","Culberson County, Texas","B01001_046",72,67
"2693","48109","Culberson County, Texas","B01001_047",63,58
"2694","48109","Culberson County, Texas","B01001_048",39,46
"2695","48109","Culberson County, Texas","B01001_049",0,15
"2696","48111","Dallam County, Texas","B01001_001",7298,NA
"2697","48111","Dallam County, Texas","B01001_002",4032,177
"2698","48111","Dallam County, Texas","B01001_003",264,129
"2699","48111","Dallam County, Texas","B01001_004",464,183
"2700","48111","Dallam County, Texas","B01001_005",495,189
"2701","48111","Dallam County, Texas","B01001_006",66,45
"2702","48111","Dallam County, Texas","B01001_007",186,192
"2703","48111","Dallam County, Texas","B01001_008",106,169
"2704","48111","Dallam County, Texas","B01001_009",1,2
"2705","48111","Dallam County, Texas","B01001_010",17,22
"2706","48111","Dallam County, Texas","B01001_011",342,161
"2707","48111","Dallam County, Texas","B01001_012",265,159
"2708","48111","Dallam County, Texas","B01001_013",412,153
"2709","48111","Dallam County, Texas","B01001_014",263,158
"2710","48111","Dallam County, Texas","B01001_015",207,135
"2711","48111","Dallam County, Texas","B01001_016",154,103
"2712","48111","Dallam County, Texas","B01001_017",359,184
"2713","48111","Dallam County, Texas","B01001_018",5,5
"2714","48111","Dallam County, Texas","B01001_019",11,11
"2715","48111","Dallam County, Texas","B01001_020",4,6
"2716","48111","Dallam County, Texas","B01001_021",188,106
"2717","48111","Dallam County, Texas","B01001_022",98,37
"2718","48111","Dallam County, Texas","B01001_023",83,39
"2719","48111","Dallam County, Texas","B01001_024",25,25
"2720","48111","Dallam County, Texas","B01001_025",17,29
"2721","48111","Dallam County, Texas","B01001_026",3266,177
"2722","48111","Dallam County, Texas","B01001_027",180,102
"2723","48111","Dallam County, Texas","B01001_028",317,104
"2724","48111","Dallam County, Texas","B01001_029",293,105
"2725","48111","Dallam County, Texas","B01001_030",312,44
"2726","48111","Dallam County, Texas","B01001_031",70,79
"2727","48111","Dallam County, Texas","B01001_032",11,25
"2728","48111","Dallam County, Texas","B01001_033",75,81
"2729","48111","Dallam County, Texas","B01001_034",157,145
"2730","48111","Dallam County, Texas","B01001_035",298,196
"2731","48111","Dallam County, Texas","B01001_036",79,94
"2732","48111","Dallam County, Texas","B01001_037",442,155
"2733","48111","Dallam County, Texas","B01001_038",161,113
"2734","48111","Dallam County, Texas","B01001_039",31,38
"2735","48111","Dallam County, Texas","B01001_040",151,98
"2736","48111","Dallam County, Texas","B01001_041",203,77
"2737","48111","Dallam County, Texas","B01001_042",18,27
"2738","48111","Dallam County, Texas","B01001_043",68,81
"2739","48111","Dallam County, Texas","B01001_044",119,118
"2740","48111","Dallam County, Texas","B01001_045",51,40
"2741","48111","Dallam County, Texas","B01001_046",102,56
"2742","48111","Dallam County, Texas","B01001_047",57,52
"2743","48111","Dallam County, Texas","B01001_048",59,41
"2744","48111","Dallam County, Texas","B01001_049",12,14
"2745","48113","Dallas County, Texas","B01001_001",2621179,NA
"2746","48113","Dallas County, Texas","B01001_002",1300538,62
"2747","48113","Dallas County, Texas","B01001_003",91586,31
"2748","48113","Dallas County, Texas","B01001_004",89255,2585
"2749","48113","Dallas County, Texas","B01001_005",97704,2589
"2750","48113","Dallas County, Texas","B01001_006",58060,48
"2751","48113","Dallas County, Texas","B01001_007",35130,35
"2752","48113","Dallas County, Texas","B01001_008",16947,1199
"2753","48113","Dallas County, Texas","B01001_009",16495,1253
"2754","48113","Dallas County, Texas","B01001_010",58893,1661
"2755","48113","Dallas County, Texas","B01001_011",110900,2
"2756","48113","Dallas County, Texas","B01001_012",107671,77
"2757","48113","Dallas County, Texas","B01001_013",94486,2012
"2758","48113","Dallas County, Texas","B01001_014",87927,2006
"2759","48113","Dallas County, Texas","B01001_015",78270,44
"2760","48113","Dallas County, Texas","B01001_016",77591,28
"2761","48113","Dallas County, Texas","B01001_017",74485,2166
"2762","48113","Dallas County, Texas","B01001_018",29209,1501
"2763","48113","Dallas County, Texas","B01001_019",39275,1808
"2764","48113","Dallas County, Texas","B01001_020",24042,1283
"2765","48113","Dallas County, Texas","B01001_021",28139,1274
"2766","48113","Dallas County, Texas","B01001_022",37262,1245
"2767","48113","Dallas County, Texas","B01001_023",23324,919
"2768","48113","Dallas County, Texas","B01001_024",12748,649
"2769","48113","Dallas County, Texas","B01001_025",11139,818
"2770","48113","Dallas County, Texas","B01001_026",1320641,62
"2771","48113","Dallas County, Texas","B01001_027",87753,5
"2772","48113","Dallas County, Texas","B01001_028",87821,2147
"2773","48113","Dallas County, Texas","B01001_029",90656,2150
"2774","48113","Dallas County, Texas","B01001_030",55706,49
"2775","48113","Dallas County, Texas","B01001_031",33510,68
"2776","48113","Dallas County, Texas","B01001_032",16699,1421
"2777","48113","Dallas County, Texas","B01001_033",16212,1069
"2778","48113","Dallas County, Texas","B01001_034",59364,1661
"2779","48113","Dallas County, Texas","B01001_035",111050,25
"2780","48113","Dallas County, Texas","B01001_036",105426,105
"2781","48113","Dallas County, Texas","B01001_037",92700,2153
"2782","48113","Dallas County, Texas","B01001_038",86079,2146
"2783","48113","Dallas County, Texas","B01001_039",81614,48
"2784","48113","Dallas County, Texas","B01001_040",78769,28
"2785","48113","Dallas County, Texas","B01001_041",72149,1593
"2786","48113","Dallas County, Texas","B01001_042",29158,1546
"2787","48113","Dallas County, Texas","B01001_043",43574,1562
"2788","48113","Dallas County, Texas","B01001_044",26111,1150
"2789","48113","Dallas County, Texas","B01001_045",32160,1230
"2790","48113","Dallas County, Texas","B01001_046",45274,1425
"2791","48113","Dallas County, Texas","B01001_047",30308,1152
"2792","48113","Dallas County, Texas","B01001_048",18887,925
"2793","48113","Dallas County, Texas","B01001_049",19661,1087
"2794","48115","Dawson County, Texas","B01001_001",12134,NA
"2795","48115","Dawson County, Texas","B01001_002",6981,154
"2796","48115","Dawson County, Texas","B01001_003",364,59
"2797","48115","Dawson County, Texas","B01001_004",427,99
"2798","48115","Dawson County, Texas","B01001_005",475,115
"2799","48115","Dawson County, Texas","B01001_006",243,84
"2800","48115","Dawson County, Texas","B01001_007",213,131
"2801","48115","Dawson County, Texas","B01001_008",110,57
"2802","48115","Dawson County, Texas","B01001_009",75,62
"2803","48115","Dawson County, Texas","B01001_010",524,174
"2804","48115","Dawson County, Texas","B01001_011",542,97
"2805","48115","Dawson County, Texas","B01001_012",653,65
"2806","48115","Dawson County, Texas","B01001_013",433,121
"2807","48115","Dawson County, Texas","B01001_014",612,135
"2808","48115","Dawson County, Texas","B01001_015",441,63
"2809","48115","Dawson County, Texas","B01001_016",407,164
"2810","48115","Dawson County, Texas","B01001_017",314,102
"2811","48115","Dawson County, Texas","B01001_018",213,95
"2812","48115","Dawson County, Texas","B01001_019",174,100
"2813","48115","Dawson County, Texas","B01001_020",108,77
"2814","48115","Dawson County, Texas","B01001_021",129,66
"2815","48115","Dawson County, Texas","B01001_022",241,72
"2816","48115","Dawson County, Texas","B01001_023",129,67
"2817","48115","Dawson County, Texas","B01001_024",93,45
"2818","48115","Dawson County, Texas","B01001_025",61,38
"2819","48115","Dawson County, Texas","B01001_026",5153,154
"2820","48115","Dawson County, Texas","B01001_027",429,59
"2821","48115","Dawson County, Texas","B01001_028",379,116
"2822","48115","Dawson County, Texas","B01001_029",399,116
"2823","48115","Dawson County, Texas","B01001_030",229,84
"2824","48115","Dawson County, Texas","B01001_031",139,96
"2825","48115","Dawson County, Texas","B01001_032",77,61
"2826","48115","Dawson County, Texas","B01001_033",6,17
"2827","48115","Dawson County, Texas","B01001_034",227,109
"2828","48115","Dawson County, Texas","B01001_035",243,109
"2829","48115","Dawson County, Texas","B01001_036",374,137
"2830","48115","Dawson County, Texas","B01001_037",256,125
"2831","48115","Dawson County, Texas","B01001_038",376,109
"2832","48115","Dawson County, Texas","B01001_039",218,37
"2833","48115","Dawson County, Texas","B01001_040",276,35
"2834","48115","Dawson County, Texas","B01001_041",242,64
"2835","48115","Dawson County, Texas","B01001_042",147,60
"2836","48115","Dawson County, Texas","B01001_043",210,74
"2837","48115","Dawson County, Texas","B01001_044",106,46
"2838","48115","Dawson County, Texas","B01001_045",148,64
"2839","48115","Dawson County, Texas","B01001_046",240,70
"2840","48115","Dawson County, Texas","B01001_047",175,73
"2841","48115","Dawson County, Texas","B01001_048",137,66
"2842","48115","Dawson County, Texas","B01001_049",120,74
"2843","48117","Deaf Smith County, Texas","B01001_001",18460,NA
"2844","48117","Deaf Smith County, Texas","B01001_002",9531,132
"2845","48117","Deaf Smith County, Texas","B01001_003",850,31
"2846","48117","Deaf Smith County, Texas","B01001_004",1054,174
"2847","48117","Deaf Smith County, Texas","B01001_005",574,174
"2848","48117","Deaf Smith County, Texas","B01001_006",704,103
"2849","48117","Deaf Smith County, Texas","B01001_007",253,161
"2850","48117","Deaf Smith County, Texas","B01001_008",140,112
"2851","48117","Deaf Smith County, Texas","B01001_009",180,146
"2852","48117","Deaf Smith County, Texas","B01001_010",454,202
"2853","48117","Deaf Smith County, Texas","B01001_011",541,32
"2854","48117","Deaf Smith County, Texas","B01001_012",653,59
"2855","48117","Deaf Smith County, Texas","B01001_013",543,166
"2856","48117","Deaf Smith County, Texas","B01001_014",612,192
"2857","48117","Deaf Smith County, Texas","B01001_015",479,51
"2858","48117","Deaf Smith County, Texas","B01001_016",457,23
"2859","48117","Deaf Smith County, Texas","B01001_017",658,156
"2860","48117","Deaf Smith County, Texas","B01001_018",78,47
"2861","48117","Deaf Smith County, Texas","B01001_019",187,143
"2862","48117","Deaf Smith County, Texas","B01001_020",188,85
"2863","48117","Deaf Smith County, Texas","B01001_021",228,85
"2864","48117","Deaf Smith County, Texas","B01001_022",364,108
"2865","48117","Deaf Smith County, Texas","B01001_023",117,83
"2866","48117","Deaf Smith County, Texas","B01001_024",144,56
"2867","48117","Deaf Smith County, Texas","B01001_025",73,53
"2868","48117","Deaf Smith County, Texas","B01001_026",8929,132
"2869","48117","Deaf Smith County, Texas","B01001_027",832,70
"2870","48117","Deaf Smith County, Texas","B01001_028",685,154
"2871","48117","Deaf Smith County, Texas","B01001_029",896,144
"2872","48117","Deaf Smith County, Texas","B01001_030",199,109
"2873","48117","Deaf Smith County, Texas","B01001_031",294,36
"2874","48117","Deaf Smith County, Texas","B01001_032",59,49
"2875","48117","Deaf Smith County, Texas","B01001_033",221,108
"2876","48117","Deaf Smith County, Texas","B01001_034",343,114
"2877","48117","Deaf Smith County, Texas","B01001_035",597,59
"2878","48117","Deaf Smith County, Texas","B01001_036",592,75
"2879","48117","Deaf Smith County, Texas","B01001_037",653,138
"2880","48117","Deaf Smith County, Texas","B01001_038",383,129
"2881","48117","Deaf Smith County, Texas","B01001_039",506,62
"2882","48117","Deaf Smith County, Texas","B01001_040",477,9
"2883","48117","Deaf Smith County, Texas","B01001_041",385,119
"2884","48117","Deaf Smith County, Texas","B01001_042",66,52
"2885","48117","Deaf Smith County, Texas","B01001_043",420,121
"2886","48117","Deaf Smith County, Texas","B01001_044",216,97
"2887","48117","Deaf Smith County, Texas","B01001_045",223,81
"2888","48117","Deaf Smith County, Texas","B01001_046",328,99
"2889","48117","Deaf Smith County, Texas","B01001_047",226,96
"2890","48117","Deaf Smith County, Texas","B01001_048",124,81
"2891","48117","Deaf Smith County, Texas","B01001_049",204,68
"2892","48119","Delta County, Texas","B01001_001",5438,NA
"2893","48119","Delta County, Texas","B01001_002",2460,128
"2894","48119","Delta County, Texas","B01001_003",172,86
"2895","48119","Delta County, Texas","B01001_004",86,32
"2896","48119","Delta County, Texas","B01001_005",216,49
"2897","48119","Delta County, Texas","B01001_006",29,26
"2898","48119","Delta County, Texas","B01001_007",21,22
"2899","48119","Delta County, Texas","B01001_008",49,40
"2900","48119","Delta County, Texas","B01001_009",41,32
"2901","48119","Delta County, Texas","B01001_010",33,28
"2902","48119","Delta County, Texas","B01001_011",147,38
"2903","48119","Delta County, Texas","B01001_012",189,58
"2904","48119","Delta County, Texas","B01001_013",132,52
"2905","48119","Delta County, Texas","B01001_014",147,58
"2906","48119","Delta County, Texas","B01001_015",150,39
"2907","48119","Delta County, Texas","B01001_016",150,25
"2908","48119","Delta County, Texas","B01001_017",93,53
"2909","48119","Delta County, Texas","B01001_018",220,66
"2910","48119","Delta County, Texas","B01001_019",63,41
"2911","48119","Delta County, Texas","B01001_020",84,56
"2912","48119","Delta County, Texas","B01001_021",143,68
"2913","48119","Delta County, Texas","B01001_022",95,54
"2914","48119","Delta County, Texas","B01001_023",75,33
"2915","48119","Delta County, Texas","B01001_024",96,37
"2916","48119","Delta County, Texas","B01001_025",29,28
"2917","48119","Delta County, Texas","B01001_026",2978,128
"2918","48119","Delta County, Texas","B01001_027",253,96
"2919","48119","Delta County, Texas","B01001_028",203,74
"2920","48119","Delta County, Texas","B01001_029",180,63
"2921","48119","Delta County, Texas","B01001_030",169,36
"2922","48119","Delta County, Texas","B01001_031",31,32
"2923","48119","Delta County, Texas","B01001_032",0,21
"2924","48119","Delta County, Texas","B01001_033",0,21
"2925","48119","Delta County, Texas","B01001_034",68,58
"2926","48119","Delta County, Texas","B01001_035",286,84
"2927","48119","Delta County, Texas","B01001_036",178,93
"2928","48119","Delta County, Texas","B01001_037",207,83
"2929","48119","Delta County, Texas","B01001_038",226,72
"2930","48119","Delta County, Texas","B01001_039",47,30
"2931","48119","Delta County, Texas","B01001_040",173,28
"2932","48119","Delta County, Texas","B01001_041",164,69
"2933","48119","Delta County, Texas","B01001_042",142,62
"2934","48119","Delta County, Texas","B01001_043",63,49
"2935","48119","Delta County, Texas","B01001_044",61,38
"2936","48119","Delta County, Texas","B01001_045",98,59
"2937","48119","Delta County, Texas","B01001_046",174,60
"2938","48119","Delta County, Texas","B01001_047",121,37
"2939","48119","Delta County, Texas","B01001_048",36,20
"2940","48119","Delta County, Texas","B01001_049",98,41
"2941","48121","Denton County, Texas","B01001_001",979561,NA
"2942","48121","Denton County, Texas","B01001_002",485069,49
"2943","48121","Denton County, Texas","B01001_003",28928,4
"2944","48121","Denton County, Texas","B01001_004",32788,1299
"2945","48121","Denton County, Texas","B01001_005",33827,1299
"2946","48121","Denton County, Texas","B01001_006",21567,40
"2947","48121","Denton County, Texas","B01001_007",12589,132
"2948","48121","Denton County, Texas","B01001_008",5564,617
"2949","48121","Denton County, Texas","B01001_009",5803,641
"2950","48121","Denton County, Texas","B01001_010",19691,866
"2951","48121","Denton County, Texas","B01001_011",33673,25
"2952","48121","Denton County, Texas","B01001_012",37255,37
"2953","48121","Denton County, Texas","B01001_013",37591,1367
"2954","48121","Denton County, Texas","B01001_014",38622,1372
"2955","48121","Denton County, Texas","B01001_015",35654,14
"2956","48121","Denton County, Texas","B01001_016",34654,25
"2957","48121","Denton County, Texas","B01001_017",30751,1019
"2958","48121","Denton County, Texas","B01001_018",10123,761
"2959","48121","Denton County, Texas","B01001_019",15223,976
"2960","48121","Denton County, Texas","B01001_020",8551,672
"2961","48121","Denton County, Texas","B01001_021",10170,661
"2962","48121","Denton County, Texas","B01001_022",14125,629
"2963","48121","Denton County, Texas","B01001_023",9423,493
"2964","48121","Denton County, Texas","B01001_024",5071,493
"2965","48121","Denton County, Texas","B01001_025",3426,484
"2966","48121","Denton County, Texas","B01001_026",494492,49
"2967","48121","Denton County, Texas","B01001_027",27473,7
"2968","48121","Denton County, Texas","B01001_028",29983,1292
"2969","48121","Denton County, Texas","B01001_029",33618,1292
"2970","48121","Denton County, Texas","B01001_030",20777,27
"2971","48121","Denton County, Texas","B01001_031",12460,3
"2972","48121","Denton County, Texas","B01001_032",5749,655
"2973","48121","Denton County, Texas","B01001_033",6439,840
"2974","48121","Denton County, Texas","B01001_034",19330,921
"2975","48121","Denton County, Texas","B01001_035",33798,71
"2976","48121","Denton County, Texas","B01001_036",38364,24
"2977","48121","Denton County, Texas","B01001_037",37608,1472
"2978","48121","Denton County, Texas","B01001_038",39917,1471
"2979","48121","Denton County, Texas","B01001_039",35833,86
"2980","48121","Denton County, Texas","B01001_040",34094,71
"2981","48121","Denton County, Texas","B01001_041",31060,1091
"2982","48121","Denton County, Texas","B01001_042",10554,831
"2983","48121","Denton County, Texas","B01001_043",15076,905
"2984","48121","Denton County, Texas","B01001_044",8745,677
"2985","48121","Denton County, Texas","B01001_045",11581,696
"2986","48121","Denton County, Texas","B01001_046",17731,784
"2987","48121","Denton County, Texas","B01001_047",10870,653
"2988","48121","Denton County, Texas","B01001_048",6643,482
"2989","48121","Denton County, Texas","B01001_049",6789,608
"2990","48123","DeWitt County, Texas","B01001_001",20016,NA
"2991","48123","DeWitt County, Texas","B01001_002",10559,186
"2992","48123","DeWitt County, Texas","B01001_003",623,117
"2993","48123","DeWitt County, Texas","B01001_004",792,143
"2994","48123","DeWitt County, Texas","B01001_005",468,144
"2995","48123","DeWitt County, Texas","B01001_006",354,94
"2996","48123","DeWitt County, Texas","B01001_007",201,116
"2997","48123","DeWitt County, Texas","B01001_008",139,100
"2998","48123","DeWitt County, Texas","B01001_009",87,73
"2999","48123","DeWitt County, Texas","B01001_010",560,136
"3000","48123","DeWitt County, Texas","B01001_011",432,81
"3001","48123","DeWitt County, Texas","B01001_012",742,62
"3002","48123","DeWitt County, Texas","B01001_013",795,170
"3003","48123","DeWitt County, Texas","B01001_014",879,216
"3004","48123","DeWitt County, Texas","B01001_015",669,123
"3005","48123","DeWitt County, Texas","B01001_016",596,92
"3006","48123","DeWitt County, Texas","B01001_017",729,133
"3007","48123","DeWitt County, Texas","B01001_018",202,69
"3008","48123","DeWitt County, Texas","B01001_019",470,123
"3009","48123","DeWitt County, Texas","B01001_020",281,99
"3010","48123","DeWitt County, Texas","B01001_021",349,105
"3011","48123","DeWitt County, Texas","B01001_022",525,119
"3012","48123","DeWitt County, Texas","B01001_023",276,62
"3013","48123","DeWitt County, Texas","B01001_024",248,69
"3014","48123","DeWitt County, Texas","B01001_025",142,52
"3015","48123","DeWitt County, Texas","B01001_026",9457,186
"3016","48123","DeWitt County, Texas","B01001_027",560,69
"3017","48123","DeWitt County, Texas","B01001_028",781,183
"3018","48123","DeWitt County, Texas","B01001_029",541,183
"3019","48123","DeWitt County, Texas","B01001_030",352,93
"3020","48123","DeWitt County, Texas","B01001_031",205,87
"3021","48123","DeWitt County, Texas","B01001_032",88,69
"3022","48123","DeWitt County, Texas","B01001_033",124,83
"3023","48123","DeWitt County, Texas","B01001_034",246,99
"3024","48123","DeWitt County, Texas","B01001_035",410,99
"3025","48123","DeWitt County, Texas","B01001_036",495,23
"3026","48123","DeWitt County, Texas","B01001_037",513,138
"3027","48123","DeWitt County, Texas","B01001_038",555,142
"3028","48123","DeWitt County, Texas","B01001_039",487,55
"3029","48123","DeWitt County, Texas","B01001_040",579,65
"3030","48123","DeWitt County, Texas","B01001_041",562,111
"3031","48123","DeWitt County, Texas","B01001_042",272,81
"3032","48123","DeWitt County, Texas","B01001_043",448,113
"3033","48123","DeWitt County, Texas","B01001_044",269,88
"3034","48123","DeWitt County, Texas","B01001_045",416,115
"3035","48123","DeWitt County, Texas","B01001_046",566,125
"3036","48123","DeWitt County, Texas","B01001_047",491,108
"3037","48123","DeWitt County, Texas","B01001_048",272,104
"3038","48123","DeWitt County, Texas","B01001_049",225,87
"3039","48125","Dickens County, Texas","B01001_001",1747,156
"3040","48125","Dickens County, Texas","B01001_002",839,99
"3041","48125","Dickens County, Texas","B01001_003",12,12
"3042","48125","Dickens County, Texas","B01001_004",43,20
"3043","48125","Dickens County, Texas","B01001_005",28,14
"3044","48125","Dickens County, Texas","B01001_006",73,23
"3045","48125","Dickens County, Texas","B01001_007",36,30
"3046","48125","Dickens County, Texas","B01001_008",26,25
"3047","48125","Dickens County, Texas","B01001_009",3,7
"3048","48125","Dickens County, Texas","B01001_010",21,23
"3049","48125","Dickens County, Texas","B01001_011",42,27
"3050","48125","Dickens County, Texas","B01001_012",50,36
"3051","48125","Dickens County, Texas","B01001_013",30,29
"3052","48125","Dickens County, Texas","B01001_014",70,36
"3053","48125","Dickens County, Texas","B01001_015",39,26
"3054","48125","Dickens County, Texas","B01001_016",38,22
"3055","48125","Dickens County, Texas","B01001_017",41,20
"3056","48125","Dickens County, Texas","B01001_018",63,29
"3057","48125","Dickens County, Texas","B01001_019",39,14
"3058","48125","Dickens County, Texas","B01001_020",27,16
"3059","48125","Dickens County, Texas","B01001_021",46,22
"3060","48125","Dickens County, Texas","B01001_022",13,9
"3061","48125","Dickens County, Texas","B01001_023",53,20
"3062","48125","Dickens County, Texas","B01001_024",27,15
"3063","48125","Dickens County, Texas","B01001_025",19,13
"3064","48125","Dickens County, Texas","B01001_026",908,99
"3065","48125","Dickens County, Texas","B01001_027",96,30
"3066","48125","Dickens County, Texas","B01001_028",32,16
"3067","48125","Dickens County, Texas","B01001_029",72,31
"3068","48125","Dickens County, Texas","B01001_030",15,13
"3069","48125","Dickens County, Texas","B01001_031",21,21
"3070","48125","Dickens County, Texas","B01001_032",0,15
"3071","48125","Dickens County, Texas","B01001_033",0,15
"3072","48125","Dickens County, Texas","B01001_034",8,11
"3073","48125","Dickens County, Texas","B01001_035",23,15
"3074","48125","Dickens County, Texas","B01001_036",18,15
"3075","48125","Dickens County, Texas","B01001_037",75,42
"3076","48125","Dickens County, Texas","B01001_038",58,19
"3077","48125","Dickens County, Texas","B01001_039",52,24
"3078","48125","Dickens County, Texas","B01001_040",31,17
"3079","48125","Dickens County, Texas","B01001_041",28,19
"3080","48125","Dickens County, Texas","B01001_042",46,23
"3081","48125","Dickens County, Texas","B01001_043",51,26
"3082","48125","Dickens County, Texas","B01001_044",16,10
"3083","48125","Dickens County, Texas","B01001_045",32,16
"3084","48125","Dickens County, Texas","B01001_046",112,41
"3085","48125","Dickens County, Texas","B01001_047",73,29
"3086","48125","Dickens County, Texas","B01001_048",37,24
"3087","48125","Dickens County, Texas","B01001_049",12,8
"3088","48127","Dimmit County, Texas","B01001_001",8380,NA
"3089","48127","Dimmit County, Texas","B01001_002",4484,150
"3090","48127","Dimmit County, Texas","B01001_003",429,55
"3091","48127","Dimmit County, Texas","B01001_004",241,150
"3092","48127","Dimmit County, Texas","B01001_005",383,150
"3093","48127","Dimmit County, Texas","B01001_006",195,21
"3094","48127","Dimmit County, Texas","B01001_007",243,148
"3095","48127","Dimmit County, Texas","B01001_008",7,12
"3096","48127","Dimmit County, Texas","B01001_009",4,8
"3097","48127","Dimmit County, Texas","B01001_010",146,121
"3098","48127","Dimmit County, Texas","B01001_011",243,118
"3099","48127","Dimmit County, Texas","B01001_012",403,192
"3100","48127","Dimmit County, Texas","B01001_013",542,215
"3101","48127","Dimmit County, Texas","B01001_014",147,98
"3102","48127","Dimmit County, Texas","B01001_015",220,184
"3103","48127","Dimmit County, Texas","B01001_016",220,131
"3104","48127","Dimmit County, Texas","B01001_017",204,102
"3105","48127","Dimmit County, Texas","B01001_018",50,42
"3106","48127","Dimmit County, Texas","B01001_019",228,85
"3107","48127","Dimmit County, Texas","B01001_020",78,68
"3108","48127","Dimmit County, Texas","B01001_021",73,49
"3109","48127","Dimmit County, Texas","B01001_022",222,104
"3110","48127","Dimmit County, Texas","B01001_023",170,99
"3111","48127","Dimmit County, Texas","B01001_024",27,36
"3112","48127","Dimmit County, Texas","B01001_025",9,15
"3113","48127","Dimmit County, Texas","B01001_026",3896,150
"3114","48127","Dimmit County, Texas","B01001_027",149,103
"3115","48127","Dimmit County, Texas","B01001_028",303,86
"3116","48127","Dimmit County, Texas","B01001_029",281,87
"3117","48127","Dimmit County, Texas","B01001_030",197,21
"3118","48127","Dimmit County, Texas","B01001_031",283,137
"3119","48127","Dimmit County, Texas","B01001_032",81,91
"3120","48127","Dimmit County, Texas","B01001_033",95,102
"3121","48127","Dimmit County, Texas","B01001_034",3,6
"3122","48127","Dimmit County, Texas","B01001_035",148,107
"3123","48127","Dimmit County, Texas","B01001_036",215,21
"3124","48127","Dimmit County, Texas","B01001_037",545,186
"3125","48127","Dimmit County, Texas","B01001_038",143,139
"3126","48127","Dimmit County, Texas","B01001_039",139,89
"3127","48127","Dimmit County, Texas","B01001_040",117,101
"3128","48127","Dimmit County, Texas","B01001_041",173,67
"3129","48127","Dimmit County, Texas","B01001_042",50,34
"3130","48127","Dimmit County, Texas","B01001_043",195,79
"3131","48127","Dimmit County, Texas","B01001_044",23,25
"3132","48127","Dimmit County, Texas","B01001_045",224,87
"3133","48127","Dimmit County, Texas","B01001_046",199,61
"3134","48127","Dimmit County, Texas","B01001_047",67,67
"3135","48127","Dimmit County, Texas","B01001_048",187,85
"3136","48127","Dimmit County, Texas","B01001_049",79,61
"3137","48129","Donley County, Texas","B01001_001",3257,NA
"3138","48129","Donley County, Texas","B01001_002",1542,60
"3139","48129","Donley County, Texas","B01001_003",78,24
"3140","48129","Donley County, Texas","B01001_004",57,42
"3141","48129","Donley County, Texas","B01001_005",142,47
"3142","48129","Donley County, Texas","B01001_006",31,21
"3143","48129","Donley County, Texas","B01001_007",178,61
"3144","48129","Donley County, Texas","B01001_008",41,39
"3145","48129","Donley County, Texas","B01001_009",2,5
"3146","48129","Donley County, Texas","B01001_010",61,39
"3147","48129","Donley County, Texas","B01001_011",92,54
"3148","48129","Donley County, Texas","B01001_012",23,22
"3149","48129","Donley County, Texas","B01001_013",55,44
"3150","48129","Donley County, Texas","B01001_014",102,44
"3151","48129","Donley County, Texas","B01001_015",85,61
"3152","48129","Donley County, Texas","B01001_016",61,11
"3153","48129","Donley County, Texas","B01001_017",76,29
"3154","48129","Donley County, Texas","B01001_018",33,28
"3155","48129","Donley County, Texas","B01001_019",85,31
"3156","48129","Donley County, Texas","B01001_020",43,31
"3157","48129","Donley County, Texas","B01001_021",30,23
"3158","48129","Donley County, Texas","B01001_022",138,40
"3159","48129","Donley County, Texas","B01001_023",58,32
"3160","48129","Donley County, Texas","B01001_024",68,32
"3161","48129","Donley County, Texas","B01001_025",3,5
"3162","48129","Donley County, Texas","B01001_026",1715,60
"3163","48129","Donley County, Texas","B01001_027",29,16
"3164","48129","Donley County, Texas","B01001_028",97,42
"3165","48129","Donley County, Texas","B01001_029",57,33
"3166","48129","Donley County, Texas","B01001_030",82,27
"3167","48129","Donley County, Texas","B01001_031",138,76
"3168","48129","Donley County, Texas","B01001_032",44,41
"3169","48129","Donley County, Texas","B01001_033",39,38
"3170","48129","Donley County, Texas","B01001_034",13,29
"3171","48129","Donley County, Texas","B01001_035",125,67
"3172","48129","Donley County, Texas","B01001_036",37,21
"3173","48129","Donley County, Texas","B01001_037",187,60
"3174","48129","Donley County, Texas","B01001_038",58,34
"3175","48129","Donley County, Texas","B01001_039",51,45
"3176","48129","Donley County, Texas","B01001_040",67,17
"3177","48129","Donley County, Texas","B01001_041",72,33
"3178","48129","Donley County, Texas","B01001_042",91,35
"3179","48129","Donley County, Texas","B01001_043",50,41
"3180","48129","Donley County, Texas","B01001_044",27,22
"3181","48129","Donley County, Texas","B01001_045",107,43
"3182","48129","Donley County, Texas","B01001_046",109,43
"3183","48129","Donley County, Texas","B01001_047",121,42
"3184","48129","Donley County, Texas","B01001_048",38,31
"3185","48129","Donley County, Texas","B01001_049",76,45
"3186","48131","Duval County, Texas","B01001_001",9742,NA
"3187","48131","Duval County, Texas","B01001_002",5113,198
"3188","48131","Duval County, Texas","B01001_003",188,112
"3189","48131","Duval County, Texas","B01001_004",379,205
"3190","48131","Duval County, Texas","B01001_005",418,86
"3191","48131","Duval County, Texas","B01001_006",164,110
"3192","48131","Duval County, Texas","B01001_007",185,176
"3193","48131","Duval County, Texas","B01001_008",6,13
"3194","48131","Duval County, Texas","B01001_009",46,59
"3195","48131","Duval County, Texas","B01001_010",83,95
"3196","48131","Duval County, Texas","B01001_011",558,211
"3197","48131","Duval County, Texas","B01001_012",672,240
"3198","48131","Duval County, Texas","B01001_013",347,163
"3199","48131","Duval County, Texas","B01001_014",248,124
"3200","48131","Duval County, Texas","B01001_015",118,89
"3201","48131","Duval County, Texas","B01001_016",213,15
"3202","48131","Duval County, Texas","B01001_017",368,185
"3203","48131","Duval County, Texas","B01001_018",78,72
"3204","48131","Duval County, Texas","B01001_019",139,72
"3205","48131","Duval County, Texas","B01001_020",99,65
"3206","48131","Duval County, Texas","B01001_021",85,52
"3207","48131","Duval County, Texas","B01001_022",314,155
"3208","48131","Duval County, Texas","B01001_023",250,99
"3209","48131","Duval County, Texas","B01001_024",53,60
"3210","48131","Duval County, Texas","B01001_025",102,79
"3211","48131","Duval County, Texas","B01001_026",4629,198
"3212","48131","Duval County, Texas","B01001_027",432,102
"3213","48131","Duval County, Texas","B01001_028",445,117
"3214","48131","Duval County, Texas","B01001_029",189,110
"3215","48131","Duval County, Texas","B01001_030",239,100
"3216","48131","Duval County, Texas","B01001_031",203,150
"3217","48131","Duval County, Texas","B01001_032",34,52
"3218","48131","Duval County, Texas","B01001_033",95,99
"3219","48131","Duval County, Texas","B01001_034",119,99
"3220","48131","Duval County, Texas","B01001_035",158,90
"3221","48131","Duval County, Texas","B01001_036",496,186
"3222","48131","Duval County, Texas","B01001_037",212,179
"3223","48131","Duval County, Texas","B01001_038",153,163
"3224","48131","Duval County, Texas","B01001_039",355,130
"3225","48131","Duval County, Texas","B01001_040",283,88
"3226","48131","Duval County, Texas","B01001_041",152,71
"3227","48131","Duval County, Texas","B01001_042",134,82
"3228","48131","Duval County, Texas","B01001_043",177,77
"3229","48131","Duval County, Texas","B01001_044",124,52
"3230","48131","Duval County, Texas","B01001_045",45,31
"3231","48131","Duval County, Texas","B01001_046",182,65
"3232","48131","Duval County, Texas","B01001_047",200,90
"3233","48131","Duval County, Texas","B01001_048",182,87
"3234","48131","Duval County, Texas","B01001_049",20,15
"3235","48133","Eastland County, Texas","B01001_001",18011,NA
"3236","48133","Eastland County, Texas","B01001_002",8925,122
"3237","48133","Eastland County, Texas","B01001_003",421,34
"3238","48133","Eastland County, Texas","B01001_004",547,146
"3239","48133","Eastland County, Texas","B01001_005",480,137
"3240","48133","Eastland County, Texas","B01001_006",356,59
"3241","48133","Eastland County, Texas","B01001_007",331,108
"3242","48133","Eastland County, Texas","B01001_008",163,90
"3243","48133","Eastland County, Texas","B01001_009",130,77
"3244","48133","Eastland County, Texas","B01001_010",501,126
"3245","48133","Eastland County, Texas","B01001_011",403,47
"3246","48133","Eastland County, Texas","B01001_012",492,98
"3247","48133","Eastland County, Texas","B01001_013",375,106
"3248","48133","Eastland County, Texas","B01001_014",552,128
"3249","48133","Eastland County, Texas","B01001_015",506,102
"3250","48133","Eastland County, Texas","B01001_016",564,108
"3251","48133","Eastland County, Texas","B01001_017",669,109
"3252","48133","Eastland County, Texas","B01001_018",228,87
"3253","48133","Eastland County, Texas","B01001_019",350,88
"3254","48133","Eastland County, Texas","B01001_020",297,104
"3255","48133","Eastland County, Texas","B01001_021",476,106
"3256","48133","Eastland County, Texas","B01001_022",386,105
"3257","48133","Eastland County, Texas","B01001_023",366,81
"3258","48133","Eastland County, Texas","B01001_024",192,78
"3259","48133","Eastland County, Texas","B01001_025",140,70
"3260","48133","Eastland County, Texas","B01001_026",9086,122
"3261","48133","Eastland County, Texas","B01001_027",544,35
"3262","48133","Eastland County, Texas","B01001_028",586,101
"3263","48133","Eastland County, Texas","B01001_029",467,112
"3264","48133","Eastland County, Texas","B01001_030",404,67
"3265","48133","Eastland County, Texas","B01001_031",324,94
"3266","48133","Eastland County, Texas","B01001_032",98,74
"3267","48133","Eastland County, Texas","B01001_033",26,20
"3268","48133","Eastland County, Texas","B01001_034",297,81
"3269","48133","Eastland County, Texas","B01001_035",545,74
"3270","48133","Eastland County, Texas","B01001_036",415,64
"3271","48133","Eastland County, Texas","B01001_037",405,129
"3272","48133","Eastland County, Texas","B01001_038",607,116
"3273","48133","Eastland County, Texas","B01001_039",433,29
"3274","48133","Eastland County, Texas","B01001_040",614,129
"3275","48133","Eastland County, Texas","B01001_041",499,132
"3276","48133","Eastland County, Texas","B01001_042",195,87
"3277","48133","Eastland County, Texas","B01001_043",534,127
"3278","48133","Eastland County, Texas","B01001_044",257,98
"3279","48133","Eastland County, Texas","B01001_045",342,112
"3280","48133","Eastland County, Texas","B01001_046",551,115
"3281","48133","Eastland County, Texas","B01001_047",281,105
"3282","48133","Eastland County, Texas","B01001_048",361,82
"3283","48133","Eastland County, Texas","B01001_049",301,96
"3284","48135","Ector County, Texas","B01001_001",164654,NA
"3285","48135","Ector County, Texas","B01001_002",84466,257
"3286","48135","Ector County, Texas","B01001_003",7289,263
"3287","48135","Ector County, Texas","B01001_004",7681,699
"3288","48135","Ector County, Texas","B01001_005",6535,692
"3289","48135","Ector County, Texas","B01001_006",3910,100
"3290","48135","Ector County, Texas","B01001_007",2334,69
"3291","48135","Ector County, Texas","B01001_008",1206,374
"3292","48135","Ector County, Texas","B01001_009",999,389
"3293","48135","Ector County, Texas","B01001_010",3772,485
"3294","48135","Ector County, Texas","B01001_011",6599,198
"3295","48135","Ector County, Texas","B01001_012",7500,278
"3296","48135","Ector County, Texas","B01001_013",7331,708
"3297","48135","Ector County, Texas","B01001_014",5213,663
"3298","48135","Ector County, Texas","B01001_015",4713,164
"3299","48135","Ector County, Texas","B01001_016",4338,156
"3300","48135","Ector County, Texas","B01001_017",3597,419
"3301","48135","Ector County, Texas","B01001_018",2039,478
"3302","48135","Ector County, Texas","B01001_019",2090,432
"3303","48135","Ector County, Texas","B01001_020",1326,294
"3304","48135","Ector County, Texas","B01001_021",1415,232
"3305","48135","Ector County, Texas","B01001_022",2035,306
"3306","48135","Ector County, Texas","B01001_023",1529,184
"3307","48135","Ector County, Texas","B01001_024",561,181
"3308","48135","Ector County, Texas","B01001_025",454,170
"3309","48135","Ector County, Texas","B01001_026",80188,257
"3310","48135","Ector County, Texas","B01001_027",6824,258
"3311","48135","Ector County, Texas","B01001_028",6891,611
"3312","48135","Ector County, Texas","B01001_029",7013,582
"3313","48135","Ector County, Texas","B01001_030",3875,164
"3314","48135","Ector County, Texas","B01001_031",2240,110
"3315","48135","Ector County, Texas","B01001_032",725,248
"3316","48135","Ector County, Texas","B01001_033",1064,386
"3317","48135","Ector County, Texas","B01001_034",3579,411
"3318","48135","Ector County, Texas","B01001_035",5857,248
"3319","48135","Ector County, Texas","B01001_036",6528,280
"3320","48135","Ector County, Texas","B01001_037",5518,581
"3321","48135","Ector County, Texas","B01001_038",5075,616
"3322","48135","Ector County, Texas","B01001_039",4451,140
"3323","48135","Ector County, Texas","B01001_040",4021,119
"3324","48135","Ector County, Texas","B01001_041",4279,422
"3325","48135","Ector County, Texas","B01001_042",1076,272
"3326","48135","Ector County, Texas","B01001_043",2234,405
"3327","48135","Ector County, Texas","B01001_044",1448,287
"3328","48135","Ector County, Texas","B01001_045",1537,257
"3329","48135","Ector County, Texas","B01001_046",2210,339
"3330","48135","Ector County, Texas","B01001_047",1690,232
"3331","48135","Ector County, Texas","B01001_048",947,255
"3332","48135","Ector County, Texas","B01001_049",1106,238
"3333","48137","Edwards County, Texas","B01001_001",1290,280
"3334","48137","Edwards County, Texas","B01001_002",704,236
"3335","48137","Edwards County, Texas","B01001_003",4,39
"3336","48137","Edwards County, Texas","B01001_004",0,15
"3337","48137","Edwards County, Texas","B01001_005",84,70
"3338","48137","Edwards County, Texas","B01001_006",59,80
"3339","48137","Edwards County, Texas","B01001_007",86,103
"3340","48137","Edwards County, Texas","B01001_008",30,45
"3341","48137","Edwards County, Texas","B01001_009",58,91
"3342","48137","Edwards County, Texas","B01001_010",3,6
"3343","48137","Edwards County, Texas","B01001_011",1,4
"3344","48137","Edwards County, Texas","B01001_012",4,16
"3345","48137","Edwards County, Texas","B01001_013",39,51
"3346","48137","Edwards County, Texas","B01001_014",27,34
"3347","48137","Edwards County, Texas","B01001_015",79,85
"3348","48137","Edwards County, Texas","B01001_016",29,25
"3349","48137","Edwards County, Texas","B01001_017",36,28
"3350","48137","Edwards County, Texas","B01001_018",2,7
"3351","48137","Edwards County, Texas","B01001_019",35,28
"3352","48137","Edwards County, Texas","B01001_020",0,15
"3353","48137","Edwards County, Texas","B01001_021",0,15
"3354","48137","Edwards County, Texas","B01001_022",46,36
"3355","48137","Edwards County, Texas","B01001_023",60,52
"3356","48137","Edwards County, Texas","B01001_024",6,10
"3357","48137","Edwards County, Texas","B01001_025",16,26
"3358","48137","Edwards County, Texas","B01001_026",586,168
"3359","48137","Edwards County, Texas","B01001_027",33,45
"3360","48137","Edwards County, Texas","B01001_028",55,46
"3361","48137","Edwards County, Texas","B01001_029",40,54
"3362","48137","Edwards County, Texas","B01001_030",21,33
"3363","48137","Edwards County, Texas","B01001_031",99,147
"3364","48137","Edwards County, Texas","B01001_032",0,15
"3365","48137","Edwards County, Texas","B01001_033",0,15
"3366","48137","Edwards County, Texas","B01001_034",2,8
"3367","48137","Edwards County, Texas","B01001_035",0,15
"3368","48137","Edwards County, Texas","B01001_036",3,8
"3369","48137","Edwards County, Texas","B01001_037",60,79
"3370","48137","Edwards County, Texas","B01001_038",58,62
"3371","48137","Edwards County, Texas","B01001_039",13,17
"3372","48137","Edwards County, Texas","B01001_040",18,21
"3373","48137","Edwards County, Texas","B01001_041",38,34
"3374","48137","Edwards County, Texas","B01001_042",9,15
"3375","48137","Edwards County, Texas","B01001_043",27,32
"3376","48137","Edwards County, Texas","B01001_044",3,4
"3377","48137","Edwards County, Texas","B01001_045",27,25
"3378","48137","Edwards County, Texas","B01001_046",49,40
"3379","48137","Edwards County, Texas","B01001_047",14,18
"3380","48137","Edwards County, Texas","B01001_048",12,12
"3381","48137","Edwards County, Texas","B01001_049",5,9
"3382","48139","Ellis County, Texas","B01001_001",213160,NA
"3383","48139","Ellis County, Texas","B01001_002",105520,112
"3384","48139","Ellis County, Texas","B01001_003",7073,107
"3385","48139","Ellis County, Texas","B01001_004",7420,650
"3386","48139","Ellis County, Texas","B01001_005",9122,658
"3387","48139","Ellis County, Texas","B01001_006",5278,42
"3388","48139","Ellis County, Texas","B01001_007",2959,70
"3389","48139","Ellis County, Texas","B01001_008",1471,340
"3390","48139","Ellis County, Texas","B01001_009",1243,296
"3391","48139","Ellis County, Texas","B01001_010",4123,386
"3392","48139","Ellis County, Texas","B01001_011",6378,42
"3393","48139","Ellis County, Texas","B01001_012",7162,117
"3394","48139","Ellis County, Texas","B01001_013",6805,488
"3395","48139","Ellis County, Texas","B01001_014",8096,483
"3396","48139","Ellis County, Texas","B01001_015",6590,42
"3397","48139","Ellis County, Texas","B01001_016",6857,57
"3398","48139","Ellis County, Texas","B01001_017",6239,477
"3399","48139","Ellis County, Texas","B01001_018",2801,421
"3400","48139","Ellis County, Texas","B01001_019",3298,411
"3401","48139","Ellis County, Texas","B01001_020",2172,333
"3402","48139","Ellis County, Texas","B01001_021",2765,384
"3403","48139","Ellis County, Texas","B01001_022",3338,410
"3404","48139","Ellis County, Texas","B01001_023",2417,259
"3405","48139","Ellis County, Texas","B01001_024",1177,208
"3406","48139","Ellis County, Texas","B01001_025",736,206
"3407","48139","Ellis County, Texas","B01001_026",107640,112
"3408","48139","Ellis County, Texas","B01001_027",6704,97
"3409","48139","Ellis County, Texas","B01001_028",7073,562
"3410","48139","Ellis County, Texas","B01001_029",8446,560
"3411","48139","Ellis County, Texas","B01001_030",5054,52
"3412","48139","Ellis County, Texas","B01001_031",2735,47
"3413","48139","Ellis County, Texas","B01001_032",1112,293
"3414","48139","Ellis County, Texas","B01001_033",1272,304
"3415","48139","Ellis County, Texas","B01001_034",4057,322
"3416","48139","Ellis County, Texas","B01001_035",6512,85
"3417","48139","Ellis County, Texas","B01001_036",7535,98
"3418","48139","Ellis County, Texas","B01001_037",7093,557
"3419","48139","Ellis County, Texas","B01001_038",8298,548
"3420","48139","Ellis County, Texas","B01001_039",7066,66
"3421","48139","Ellis County, Texas","B01001_040",6844,128
"3422","48139","Ellis County, Texas","B01001_041",6359,527
"3423","48139","Ellis County, Texas","B01001_042",2342,337
"3424","48139","Ellis County, Texas","B01001_043",3955,458
"3425","48139","Ellis County, Texas","B01001_044",2462,338
"3426","48139","Ellis County, Texas","B01001_045",2925,374
"3427","48139","Ellis County, Texas","B01001_046",3820,376
"3428","48139","Ellis County, Texas","B01001_047",2670,276
"3429","48139","Ellis County, Texas","B01001_048",1802,288
"3430","48139","Ellis County, Texas","B01001_049",1504,268
"3431","48141","El Paso County, Texas","B01001_001",870779,NA
"3432","48141","El Paso County, Texas","B01001_002",433123,87
"3433","48141","El Paso County, Texas","B01001_003",29448,99
"3434","48141","El Paso County, Texas","B01001_004",29760,1379
"3435","48141","El Paso County, Texas","B01001_005",35987,1386
"3436","48141","El Paso County, Texas","B01001_006",20304,57
"3437","48141","El Paso County, Texas","B01001_007",13708,140
"3438","48141","El Paso County, Texas","B01001_008",6705,742
"3439","48141","El Paso County, Texas","B01001_009",8517,856
"3440","48141","El Paso County, Texas","B01001_010",21576,1049
"3441","48141","El Paso County, Texas","B01001_011",35732,53
"3442","48141","El Paso County, Texas","B01001_012",33663,48
"3443","48141","El Paso County, Texas","B01001_013",29632,1284
"3444","48141","El Paso County, Texas","B01001_014",28575,1251
"3445","48141","El Paso County, Texas","B01001_015",24831,80
"3446","48141","El Paso County, Texas","B01001_016",23222,57
"3447","48141","El Paso County, Texas","B01001_017",21670,998
"3448","48141","El Paso County, Texas","B01001_018",8012,730
"3449","48141","El Paso County, Texas","B01001_019",12434,860
"3450","48141","El Paso County, Texas","B01001_020",8321,625
"3451","48141","El Paso County, Texas","B01001_021",9720,712
"3452","48141","El Paso County, Texas","B01001_022",12600,717
"3453","48141","El Paso County, Texas","B01001_023",8513,663
"3454","48141","El Paso County, Texas","B01001_024",4916,519
"3455","48141","El Paso County, Texas","B01001_025",5277,619
"3456","48141","El Paso County, Texas","B01001_026",437656,87
"3457","48141","El Paso County, Texas","B01001_027",28137,34
"3458","48141","El Paso County, Texas","B01001_028",29797,1441
"3459","48141","El Paso County, Texas","B01001_029",33723,1435
"3460","48141","El Paso County, Texas","B01001_030",19684,48
"3461","48141","El Paso County, Texas","B01001_031",12167,195
"3462","48141","El Paso County, Texas","B01001_032",6317,682
"3463","48141","El Paso County, Texas","B01001_033",5984,684
"3464","48141","El Paso County, Texas","B01001_034",19879,939
"3465","48141","El Paso County, Texas","B01001_035",32221,121
"3466","48141","El Paso County, Texas","B01001_036",30983,97
"3467","48141","El Paso County, Texas","B01001_037",27689,1011
"3468","48141","El Paso County, Texas","B01001_038",27276,995
"3469","48141","El Paso County, Texas","B01001_039",25910,116
"3470","48141","El Paso County, Texas","B01001_040",25200,5
"3471","48141","El Paso County, Texas","B01001_041",22327,905
"3472","48141","El Paso County, Texas","B01001_042",9358,739
"3473","48141","El Paso County, Texas","B01001_043",16180,901
"3474","48141","El Paso County, Texas","B01001_044",8873,783
"3475","48141","El Paso County, Texas","B01001_045",11775,790
"3476","48141","El Paso County, Texas","B01001_046",16151,801
"3477","48141","El Paso County, Texas","B01001_047",12336,678
"3478","48141","El Paso County, Texas","B01001_048",7600,512
"3479","48141","El Paso County, Texas","B01001_049",8089,562
"3480","48143","Erath County, Texas","B01001_001",43794,NA
"3481","48143","Erath County, Texas","B01001_002",21371,250
"3482","48143","Erath County, Texas","B01001_003",1179,187
"3483","48143","Erath County, Texas","B01001_004",1351,156
"3484","48143","Erath County, Texas","B01001_005",1207,171
"3485","48143","Erath County, Texas","B01001_006",813,39
"3486","48143","Erath County, Texas","B01001_007",1448,107
"3487","48143","Erath County, Texas","B01001_008",747,203
"3488","48143","Erath County, Texas","B01001_009",436,202
"3489","48143","Erath County, Texas","B01001_010",1471,323
"3490","48143","Erath County, Texas","B01001_011",1393,76
"3491","48143","Erath County, Texas","B01001_012",1356,89
"3492","48143","Erath County, Texas","B01001_013",1173,185
"3493","48143","Erath County, Texas","B01001_014",1186,178
"3494","48143","Erath County, Texas","B01001_015",1112,59
"3495","48143","Erath County, Texas","B01001_016",1128,51
"3496","48143","Erath County, Texas","B01001_017",1088,204
"3497","48143","Erath County, Texas","B01001_018",609,194
"3498","48143","Erath County, Texas","B01001_019",696,183
"3499","48143","Erath County, Texas","B01001_020",357,113
"3500","48143","Erath County, Texas","B01001_021",639,125
"3501","48143","Erath County, Texas","B01001_022",856,129
"3502","48143","Erath County, Texas","B01001_023",478,98
"3503","48143","Erath County, Texas","B01001_024",405,110
"3504","48143","Erath County, Texas","B01001_025",243,82
"3505","48143","Erath County, Texas","B01001_026",22423,250
"3506","48143","Erath County, Texas","B01001_027",1296,214
"3507","48143","Erath County, Texas","B01001_028",1032,231
"3508","48143","Erath County, Texas","B01001_029",1401,235
"3509","48143","Erath County, Texas","B01001_030",794,49
"3510","48143","Erath County, Texas","B01001_031",1956,148
"3511","48143","Erath County, Texas","B01001_032",722,255
"3512","48143","Erath County, Texas","B01001_033",759,206
"3513","48143","Erath County, Texas","B01001_034",1287,271
"3514","48143","Erath County, Texas","B01001_035",1348,26
"3515","48143","Erath County, Texas","B01001_036",1319,63
"3516","48143","Erath County, Texas","B01001_037",1159,160
"3517","48143","Erath County, Texas","B01001_038",1198,168
"3518","48143","Erath County, Texas","B01001_039",1231,101
"3519","48143","Erath County, Texas","B01001_040",980,89
"3520","48143","Erath County, Texas","B01001_041",1059,187
"3521","48143","Erath County, Texas","B01001_042",597,180
"3522","48143","Erath County, Texas","B01001_043",766,153
"3523","48143","Erath County, Texas","B01001_044",377,118
"3524","48143","Erath County, Texas","B01001_045",726,150
"3525","48143","Erath County, Texas","B01001_046",887,144
"3526","48143","Erath County, Texas","B01001_047",644,158
"3527","48143","Erath County, Texas","B01001_048",452,115
"3528","48143","Erath County, Texas","B01001_049",433,139
"3529","48145","Falls County, Texas","B01001_001",17291,NA
"3530","48145","Falls County, Texas","B01001_002",8114,144
"3531","48145","Falls County, Texas","B01001_003",348,105
"3532","48145","Falls County, Texas","B01001_004",434,118
"3533","48145","Falls County, Texas","B01001_005",469,119
"3534","48145","Falls County, Texas","B01001_006",485,129
"3535","48145","Falls County, Texas","B01001_007",200,118
"3536","48145","Falls County, Texas","B01001_008",59,91
"3537","48145","Falls County, Texas","B01001_009",76,68
"3538","48145","Falls County, Texas","B01001_010",535,132
"3539","48145","Falls County, Texas","B01001_011",469,185
"3540","48145","Falls County, Texas","B01001_012",409,142
"3541","48145","Falls County, Texas","B01001_013",367,113
"3542","48145","Falls County, Texas","B01001_014",410,151
"3543","48145","Falls County, Texas","B01001_015",449,127
"3544","48145","Falls County, Texas","B01001_016",755,231
"3545","48145","Falls County, Texas","B01001_017",421,98
"3546","48145","Falls County, Texas","B01001_018",269,95
"3547","48145","Falls County, Texas","B01001_019",375,121
"3548","48145","Falls County, Texas","B01001_020",158,83
"3549","48145","Falls County, Texas","B01001_021",326,78
"3550","48145","Falls County, Texas","B01001_022",422,102
"3551","48145","Falls County, Texas","B01001_023",304,89
"3552","48145","Falls County, Texas","B01001_024",214,88
"3553","48145","Falls County, Texas","B01001_025",160,71
"3554","48145","Falls County, Texas","B01001_026",9177,144
"3555","48145","Falls County, Texas","B01001_027",612,105
"3556","48145","Falls County, Texas","B01001_028",492,126
"3557","48145","Falls County, Texas","B01001_029",588,103
"3558","48145","Falls County, Texas","B01001_030",199,90
"3559","48145","Falls County, Texas","B01001_031",270,143
"3560","48145","Falls County, Texas","B01001_032",137,136
"3561","48145","Falls County, Texas","B01001_033",47,44
"3562","48145","Falls County, Texas","B01001_034",237,80
"3563","48145","Falls County, Texas","B01001_035",535,97
"3564","48145","Falls County, Texas","B01001_036",808,156
"3565","48145","Falls County, Texas","B01001_037",634,210
"3566","48145","Falls County, Texas","B01001_038",612,169
"3567","48145","Falls County, Texas","B01001_039",482,79
"3568","48145","Falls County, Texas","B01001_040",644,158
"3569","48145","Falls County, Texas","B01001_041",477,113
"3570","48145","Falls County, Texas","B01001_042",338,115
"3571","48145","Falls County, Texas","B01001_043",308,114
"3572","48145","Falls County, Texas","B01001_044",157,64
"3573","48145","Falls County, Texas","B01001_045",279,89
"3574","48145","Falls County, Texas","B01001_046",587,120
"3575","48145","Falls County, Texas","B01001_047",301,66
"3576","48145","Falls County, Texas","B01001_048",151,58
"3577","48145","Falls County, Texas","B01001_049",282,103
"3578","48147","Fannin County, Texas","B01001_001",37326,NA
"3579","48147","Fannin County, Texas","B01001_002",20036,103
"3580","48147","Fannin County, Texas","B01001_003",962,30
"3581","48147","Fannin County, Texas","B01001_004",1352,162
"3582","48147","Fannin County, Texas","B01001_005",994,159
"3583","48147","Fannin County, Texas","B01001_006",802,57
"3584","48147","Fannin County, Texas","B01001_007",483,80
"3585","48147","Fannin County, Texas","B01001_008",218,90
"3586","48147","Fannin County, Texas","B01001_009",224,99
"3587","48147","Fannin County, Texas","B01001_010",819,187
"3588","48147","Fannin County, Texas","B01001_011",1538,151
"3589","48147","Fannin County, Texas","B01001_012",1374,70
"3590","48147","Fannin County, Texas","B01001_013",1334,229
"3591","48147","Fannin County, Texas","B01001_014",1534,240
"3592","48147","Fannin County, Texas","B01001_015",1334,165
"3593","48147","Fannin County, Texas","B01001_016",1218,97
"3594","48147","Fannin County, Texas","B01001_017",1173,189
"3595","48147","Fannin County, Texas","B01001_018",521,126
"3596","48147","Fannin County, Texas","B01001_019",895,154
"3597","48147","Fannin County, Texas","B01001_020",342,113
"3598","48147","Fannin County, Texas","B01001_021",544,112
"3599","48147","Fannin County, Texas","B01001_022",1088,133
"3600","48147","Fannin County, Texas","B01001_023",678,119
"3601","48147","Fannin County, Texas","B01001_024",327,97
"3602","48147","Fannin County, Texas","B01001_025",282,95
"3603","48147","Fannin County, Texas","B01001_026",17290,103
"3604","48147","Fannin County, Texas","B01001_027",877,28
"3605","48147","Fannin County, Texas","B01001_028",1101,173
"3606","48147","Fannin County, Texas","B01001_029",1084,169
"3607","48147","Fannin County, Texas","B01001_030",696,57
"3608","48147","Fannin County, Texas","B01001_031",316,40
"3609","48147","Fannin County, Texas","B01001_032",221,95
"3610","48147","Fannin County, Texas","B01001_033",120,55
"3611","48147","Fannin County, Texas","B01001_034",533,124
"3612","48147","Fannin County, Texas","B01001_035",952,61
"3613","48147","Fannin County, Texas","B01001_036",1116,85
"3614","48147","Fannin County, Texas","B01001_037",1088,189
"3615","48147","Fannin County, Texas","B01001_038",1042,164
"3616","48147","Fannin County, Texas","B01001_039",998,72
"3617","48147","Fannin County, Texas","B01001_040",1126,67
"3618","48147","Fannin County, Texas","B01001_041",1199,174
"3619","48147","Fannin County, Texas","B01001_042",661,188
"3620","48147","Fannin County, Texas","B01001_043",654,128
"3621","48147","Fannin County, Texas","B01001_044",441,115
"3622","48147","Fannin County, Texas","B01001_045",631,134
"3623","48147","Fannin County, Texas","B01001_046",879,166
"3624","48147","Fannin County, Texas","B01001_047",650,121
"3625","48147","Fannin County, Texas","B01001_048",445,128
"3626","48147","Fannin County, Texas","B01001_049",460,104
"3627","48149","Fayette County, Texas","B01001_001",25042,NA
"3628","48149","Fayette County, Texas","B01001_002",12437,81
"3629","48149","Fayette County, Texas","B01001_003",656,74
"3630","48149","Fayette County, Texas","B01001_004",696,129
"3631","48149","Fayette County, Texas","B01001_005",739,144
"3632","48149","Fayette County, Texas","B01001_006",532,66
"3633","48149","Fayette County, Texas","B01001_007",170,115
"3634","48149","Fayette County, Texas","B01001_008",9,15
"3635","48149","Fayette County, Texas","B01001_009",26,28
"3636","48149","Fayette County, Texas","B01001_010",493,94
"3637","48149","Fayette County, Texas","B01001_011",788,147
"3638","48149","Fayette County, Texas","B01001_012",608,113
"3639","48149","Fayette County, Texas","B01001_013",735,131
"3640","48149","Fayette County, Texas","B01001_014",647,143
"3641","48149","Fayette County, Texas","B01001_015",584,79
"3642","48149","Fayette County, Texas","B01001_016",727,139
"3643","48149","Fayette County, Texas","B01001_017",593,131
"3644","48149","Fayette County, Texas","B01001_018",527,148
"3645","48149","Fayette County, Texas","B01001_019",742,137
"3646","48149","Fayette County, Texas","B01001_020",330,100
"3647","48149","Fayette County, Texas","B01001_021",732,136
"3648","48149","Fayette County, Texas","B01001_022",817,114
"3649","48149","Fayette County, Texas","B01001_023",498,95
"3650","48149","Fayette County, Texas","B01001_024",335,91
"3651","48149","Fayette County, Texas","B01001_025",453,103
"3652","48149","Fayette County, Texas","B01001_026",12605,81
"3653","48149","Fayette County, Texas","B01001_027",556,22
"3654","48149","Fayette County, Texas","B01001_028",756,119
"3655","48149","Fayette County, Texas","B01001_029",718,140
"3656","48149","Fayette County, Texas","B01001_030",399,83
"3657","48149","Fayette County, Texas","B01001_031",197,69
"3658","48149","Fayette County, Texas","B01001_032",127,89
"3659","48149","Fayette County, Texas","B01001_033",43,41
"3660","48149","Fayette County, Texas","B01001_034",497,123
"3661","48149","Fayette County, Texas","B01001_035",511,73
"3662","48149","Fayette County, Texas","B01001_036",679,80
"3663","48149","Fayette County, Texas","B01001_037",617,133
"3664","48149","Fayette County, Texas","B01001_038",671,162
"3665","48149","Fayette County, Texas","B01001_039",668,135
"3666","48149","Fayette County, Texas","B01001_040",673,151
"3667","48149","Fayette County, Texas","B01001_041",878,149
"3668","48149","Fayette County, Texas","B01001_042",430,122
"3669","48149","Fayette County, Texas","B01001_043",616,130
"3670","48149","Fayette County, Texas","B01001_044",395,113
"3671","48149","Fayette County, Texas","B01001_045",719,139
"3672","48149","Fayette County, Texas","B01001_046",837,140
"3673","48149","Fayette County, Texas","B01001_047",718,139
"3674","48149","Fayette County, Texas","B01001_048",497,105
"3675","48149","Fayette County, Texas","B01001_049",403,102
"3676","48151","Fisher County, Texas","B01001_001",3655,NA
"3677","48151","Fisher County, Texas","B01001_002",1866,70
"3678","48151","Fisher County, Texas","B01001_003",116,25
"3679","48151","Fisher County, Texas","B01001_004",113,28
"3680","48151","Fisher County, Texas","B01001_005",117,35
"3681","48151","Fisher County, Texas","B01001_006",103,33
"3682","48151","Fisher County, Texas","B01001_007",26,18
"3683","48151","Fisher County, Texas","B01001_008",6,8
"3684","48151","Fisher County, Texas","B01001_009",5,7
"3685","48151","Fisher County, Texas","B01001_010",12,10
"3686","48151","Fisher County, Texas","B01001_011",178,56
"3687","48151","Fisher County, Texas","B01001_012",123,45
"3688","48151","Fisher County, Texas","B01001_013",113,40
"3689","48151","Fisher County, Texas","B01001_014",118,46
"3690","48151","Fisher County, Texas","B01001_015",95,35
"3691","48151","Fisher County, Texas","B01001_016",121,36
"3692","48151","Fisher County, Texas","B01001_017",140,44
"3693","48151","Fisher County, Texas","B01001_018",31,26
"3694","48151","Fisher County, Texas","B01001_019",100,36
"3695","48151","Fisher County, Texas","B01001_020",52,21
"3696","48151","Fisher County, Texas","B01001_021",61,26
"3697","48151","Fisher County, Texas","B01001_022",125,35
"3698","48151","Fisher County, Texas","B01001_023",54,25
"3699","48151","Fisher County, Texas","B01001_024",14,16
"3700","48151","Fisher County, Texas","B01001_025",43,22
"3701","48151","Fisher County, Texas","B01001_026",1789,70
"3702","48151","Fisher County, Texas","B01001_027",102,29
"3703","48151","Fisher County, Texas","B01001_028",146,35
"3704","48151","Fisher County, Texas","B01001_029",92,28
"3705","48151","Fisher County, Texas","B01001_030",40,23
"3706","48151","Fisher County, Texas","B01001_031",38,32
"3707","48151","Fisher County, Texas","B01001_032",13,13
"3708","48151","Fisher County, Texas","B01001_033",6,13
"3709","48151","Fisher County, Texas","B01001_034",31,34
"3710","48151","Fisher County, Texas","B01001_035",166,49
"3711","48151","Fisher County, Texas","B01001_036",104,33
"3712","48151","Fisher County, Texas","B01001_037",160,46
"3713","48151","Fisher County, Texas","B01001_038",108,36
"3714","48151","Fisher County, Texas","B01001_039",94,42
"3715","48151","Fisher County, Texas","B01001_040",90,35
"3716","48151","Fisher County, Texas","B01001_041",98,24
"3717","48151","Fisher County, Texas","B01001_042",32,16
"3718","48151","Fisher County, Texas","B01001_043",57,23
"3719","48151","Fisher County, Texas","B01001_044",50,25
"3720","48151","Fisher County, Texas","B01001_045",88,32
"3721","48151","Fisher County, Texas","B01001_046",109,32
"3722","48151","Fisher County, Texas","B01001_047",35,18
"3723","48151","Fisher County, Texas","B01001_048",66,39
"3724","48151","Fisher County, Texas","B01001_049",64,33
"3725","48153","Floyd County, Texas","B01001_001",5216,NA
"3726","48153","Floyd County, Texas","B01001_002",2549,107
"3727","48153","Floyd County, Texas","B01001_003",117,65
"3728","48153","Floyd County, Texas","B01001_004",265,69
"3729","48153","Floyd County, Texas","B01001_005",144,57
"3730","48153","Floyd County, Texas","B01001_006",91,65
"3731","48153","Floyd County, Texas","B01001_007",88,73
"3732","48153","Floyd County, Texas","B01001_008",0,21
"3733","48153","Floyd County, Texas","B01001_009",40,53
"3734","48153","Floyd County, Texas","B01001_010",38,39
"3735","48153","Floyd County, Texas","B01001_011",126,79
"3736","48153","Floyd County, Texas","B01001_012",238,90
"3737","48153","Floyd County, Texas","B01001_013",179,65
"3738","48153","Floyd County, Texas","B01001_014",150,60
"3739","48153","Floyd County, Texas","B01001_015",102,44
"3740","48153","Floyd County, Texas","B01001_016",181,48
"3741","48153","Floyd County, Texas","B01001_017",124,42
"3742","48153","Floyd County, Texas","B01001_018",53,29
"3743","48153","Floyd County, Texas","B01001_019",132,42
"3744","48153","Floyd County, Texas","B01001_020",59,38
"3745","48153","Floyd County, Texas","B01001_021",52,34
"3746","48153","Floyd County, Texas","B01001_022",158,53
"3747","48153","Floyd County, Texas","B01001_023",117,61
"3748","48153","Floyd County, Texas","B01001_024",73,40
"3749","48153","Floyd County, Texas","B01001_025",22,21
"3750","48153","Floyd County, Texas","B01001_026",2667,107
"3751","48153","Floyd County, Texas","B01001_027",189,65
"3752","48153","Floyd County, Texas","B01001_028",244,93
"3753","48153","Floyd County, Texas","B01001_029",179,84
"3754","48153","Floyd County, Texas","B01001_030",97,72
"3755","48153","Floyd County, Texas","B01001_031",108,59
"3756","48153","Floyd County, Texas","B01001_032",0,21
"3757","48153","Floyd County, Texas","B01001_033",0,21
"3758","48153","Floyd County, Texas","B01001_034",48,39
"3759","48153","Floyd County, Texas","B01001_035",204,69
"3760","48153","Floyd County, Texas","B01001_036",169,37
"3761","48153","Floyd County, Texas","B01001_037",118,67
"3762","48153","Floyd County, Texas","B01001_038",208,85
"3763","48153","Floyd County, Texas","B01001_039",80,43
"3764","48153","Floyd County, Texas","B01001_040",187,79
"3765","48153","Floyd County, Texas","B01001_041",160,51
"3766","48153","Floyd County, Texas","B01001_042",61,38
"3767","48153","Floyd County, Texas","B01001_043",101,42
"3768","48153","Floyd County, Texas","B01001_044",37,21
"3769","48153","Floyd County, Texas","B01001_045",143,46
"3770","48153","Floyd County, Texas","B01001_046",111,40
"3771","48153","Floyd County, Texas","B01001_047",98,45
"3772","48153","Floyd County, Texas","B01001_048",66,35
"3773","48153","Floyd County, Texas","B01001_049",59,37
"3774","48155","Foard County, Texas","B01001_001",991,172
"3775","48155","Foard County, Texas","B01001_002",485,107
"3776","48155","Foard County, Texas","B01001_003",10,12
"3777","48155","Foard County, Texas","B01001_004",17,21
"3778","48155","Foard County, Texas","B01001_005",36,41
"3779","48155","Foard County, Texas","B01001_006",14,18
"3780","48155","Foard County, Texas","B01001_007",24,25
"3781","48155","Foard County, Texas","B01001_008",0,15
"3782","48155","Foard County, Texas","B01001_009",0,15
"3783","48155","Foard County, Texas","B01001_010",30,40
"3784","48155","Foard County, Texas","B01001_011",4,6
"3785","48155","Foard County, Texas","B01001_012",11,13
"3786","48155","Foard County, Texas","B01001_013",23,25
"3787","48155","Foard County, Texas","B01001_014",68,40
"3788","48155","Foard County, Texas","B01001_015",11,15
"3789","48155","Foard County, Texas","B01001_016",27,18
"3790","48155","Foard County, Texas","B01001_017",24,21
"3791","48155","Foard County, Texas","B01001_018",5,8
"3792","48155","Foard County, Texas","B01001_019",13,32
"3793","48155","Foard County, Texas","B01001_020",9,11
"3794","48155","Foard County, Texas","B01001_021",25,15
"3795","48155","Foard County, Texas","B01001_022",66,41
"3796","48155","Foard County, Texas","B01001_023",25,26
"3797","48155","Foard County, Texas","B01001_024",34,24
"3798","48155","Foard County, Texas","B01001_025",9,9
"3799","48155","Foard County, Texas","B01001_026",506,98
"3800","48155","Foard County, Texas","B01001_027",32,28
"3801","48155","Foard County, Texas","B01001_028",8,12
"3802","48155","Foard County, Texas","B01001_029",16,19
"3803","48155","Foard County, Texas","B01001_030",17,15
"3804","48155","Foard County, Texas","B01001_031",23,18
"3805","48155","Foard County, Texas","B01001_032",0,15
"3806","48155","Foard County, Texas","B01001_033",0,15
"3807","48155","Foard County, Texas","B01001_034",17,18
"3808","48155","Foard County, Texas","B01001_035",32,24
"3809","48155","Foard County, Texas","B01001_036",13,14
"3810","48155","Foard County, Texas","B01001_037",23,24
"3811","48155","Foard County, Texas","B01001_038",54,29
"3812","48155","Foard County, Texas","B01001_039",22,21
"3813","48155","Foard County, Texas","B01001_040",31,18
"3814","48155","Foard County, Texas","B01001_041",49,49
"3815","48155","Foard County, Texas","B01001_042",7,11
"3816","48155","Foard County, Texas","B01001_043",14,16
"3817","48155","Foard County, Texas","B01001_044",9,10
"3818","48155","Foard County, Texas","B01001_045",17,17
"3819","48155","Foard County, Texas","B01001_046",4,7
"3820","48155","Foard County, Texas","B01001_047",43,28
"3821","48155","Foard County, Texas","B01001_048",34,34
"3822","48155","Foard County, Texas","B01001_049",41,27
"3823","48157","Fort Bend County, Texas","B01001_001",893767,NA
"3824","48157","Fort Bend County, Texas","B01001_002",440165,146
"3825","48157","Fort Bend County, Texas","B01001_003",27536,75
"3826","48157","Fort Bend County, Texas","B01001_004",32819,1583
"3827","48157","Fort Bend County, Texas","B01001_005",38933,1564
"3828","48157","Fort Bend County, Texas","B01001_006",22581,108
"3829","48157","Fort Bend County, Texas","B01001_007",11805,67
"3830","48157","Fort Bend County, Texas","B01001_008",5583,786
"3831","48157","Fort Bend County, Texas","B01001_009",5201,762
"3832","48157","Fort Bend County, Texas","B01001_010",15419,907
"3833","48157","Fort Bend County, Texas","B01001_011",23358,46
"3834","48157","Fort Bend County, Texas","B01001_012",25958,51
"3835","48157","Fort Bend County, Texas","B01001_013",32931,1526
"3836","48157","Fort Bend County, Texas","B01001_014",34350,1526
"3837","48157","Fort Bend County, Texas","B01001_015",32833,73
"3838","48157","Fort Bend County, Texas","B01001_016",30106,50
"3839","48157","Fort Bend County, Texas","B01001_017",25421,1255
"3840","48157","Fort Bend County, Texas","B01001_018",10330,1049
"3841","48157","Fort Bend County, Texas","B01001_019",13139,1032
"3842","48157","Fort Bend County, Texas","B01001_020",9052,848
"3843","48157","Fort Bend County, Texas","B01001_021",11340,1006
"3844","48157","Fort Bend County, Texas","B01001_022",14511,939
"3845","48157","Fort Bend County, Texas","B01001_023",9239,612
"3846","48157","Fort Bend County, Texas","B01001_024",4512,584
"3847","48157","Fort Bend County, Texas","B01001_025",3208,438
"3848","48157","Fort Bend County, Texas","B01001_026",453602,146
"3849","48157","Fort Bend County, Texas","B01001_027",26468,126
"3850","48157","Fort Bend County, Texas","B01001_028",33640,1489
"3851","48157","Fort Bend County, Texas","B01001_029",34734,1483
"3852","48157","Fort Bend County, Texas","B01001_030",21407,31
"3853","48157","Fort Bend County, Texas","B01001_031",10888,43
"3854","48157","Fort Bend County, Texas","B01001_032",4089,714
"3855","48157","Fort Bend County, Texas","B01001_033",5043,809
"3856","48157","Fort Bend County, Texas","B01001_034",16605,871
"3857","48157","Fort Bend County, Texas","B01001_035",24501,113
"3858","48157","Fort Bend County, Texas","B01001_036",29041,51
"3859","48157","Fort Bend County, Texas","B01001_037",34836,1602
"3860","48157","Fort Bend County, Texas","B01001_038",37285,1599
"3861","48157","Fort Bend County, Texas","B01001_039",33788,95
"3862","48157","Fort Bend County, Texas","B01001_040",30053,21
"3863","48157","Fort Bend County, Texas","B01001_041",26380,1029
"3864","48157","Fort Bend County, Texas","B01001_042",9841,943
"3865","48157","Fort Bend County, Texas","B01001_043",14576,1015
"3866","48157","Fort Bend County, Texas","B01001_044",9772,816
"3867","48157","Fort Bend County, Texas","B01001_045",12793,983
"3868","48157","Fort Bend County, Texas","B01001_046",16384,958
"3869","48157","Fort Bend County, Texas","B01001_047",10590,606
"3870","48157","Fort Bend County, Texas","B01001_048",5523,526
"3871","48157","Fort Bend County, Texas","B01001_049",5365,569
"3872","48159","Franklin County, Texas","B01001_001",10632,NA
"3873","48159","Franklin County, Texas","B01001_002",5320,130
"3874","48159","Franklin County, Texas","B01001_003",363,143
"3875","48159","Franklin County, Texas","B01001_004",228,113
"3876","48159","Franklin County, Texas","B01001_005",506,119
"3877","48159","Franklin County, Texas","B01001_006",224,93
"3878","48159","Franklin County, Texas","B01001_007",158,89
"3879","48159","Franklin County, Texas","B01001_008",128,65
"3880","48159","Franklin County, Texas","B01001_009",23,31
"3881","48159","Franklin County, Texas","B01001_010",164,95
"3882","48159","Franklin County, Texas","B01001_011",190,90
"3883","48159","Franklin County, Texas","B01001_012",252,65
"3884","48159","Franklin County, Texas","B01001_013",291,111
"3885","48159","Franklin County, Texas","B01001_014",367,124
"3886","48159","Franklin County, Texas","B01001_015",241,28
"3887","48159","Franklin County, Texas","B01001_016",345,58
"3888","48159","Franklin County, Texas","B01001_017",315,108
"3889","48159","Franklin County, Texas","B01001_018",176,91
"3890","48159","Franklin County, Texas","B01001_019",175,75
"3891","48159","Franklin County, Texas","B01001_020",166,105
"3892","48159","Franklin County, Texas","B01001_021",69,48
"3893","48159","Franklin County, Texas","B01001_022",479,128
"3894","48159","Franklin County, Texas","B01001_023",212,71
"3895","48159","Franklin County, Texas","B01001_024",178,78
"3896","48159","Franklin County, Texas","B01001_025",70,49
"3897","48159","Franklin County, Texas","B01001_026",5312,130
"3898","48159","Franklin County, Texas","B01001_027",301,62
"3899","48159","Franklin County, Texas","B01001_028",151,83
"3900","48159","Franklin County, Texas","B01001_029",414,69
"3901","48159","Franklin County, Texas","B01001_030",187,78
"3902","48159","Franklin County, Texas","B01001_031",145,101
"3903","48159","Franklin County, Texas","B01001_032",65,57
"3904","48159","Franklin County, Texas","B01001_033",36,32
"3905","48159","Franklin County, Texas","B01001_034",80,59
"3906","48159","Franklin County, Texas","B01001_035",256,71
"3907","48159","Franklin County, Texas","B01001_036",382,124
"3908","48159","Franklin County, Texas","B01001_037",368,122
"3909","48159","Franklin County, Texas","B01001_038",277,119
"3910","48159","Franklin County, Texas","B01001_039",340,80
"3911","48159","Franklin County, Texas","B01001_040",334,71
"3912","48159","Franklin County, Texas","B01001_041",375,137
"3913","48159","Franklin County, Texas","B01001_042",88,56
"3914","48159","Franklin County, Texas","B01001_043",312,111
"3915","48159","Franklin County, Texas","B01001_044",206,84
"3916","48159","Franklin County, Texas","B01001_045",139,76
"3917","48159","Franklin County, Texas","B01001_046",310,105
"3918","48159","Franklin County, Texas","B01001_047",299,73
"3919","48159","Franklin County, Texas","B01001_048",150,62
"3920","48159","Franklin County, Texas","B01001_049",97,60
"3921","48161","Freestone County, Texas","B01001_001",20049,NA
"3922","48161","Freestone County, Texas","B01001_002",10500,115
"3923","48161","Freestone County, Texas","B01001_003",501,45
"3924","48161","Freestone County, Texas","B01001_004",773,130
"3925","48161","Freestone County, Texas","B01001_005",625,119
"3926","48161","Freestone County, Texas","B01001_006",413,53
"3927","48161","Freestone County, Texas","B01001_007",280,82
"3928","48161","Freestone County, Texas","B01001_008",98,87
"3929","48161","Freestone County, Texas","B01001_009",100,74
"3930","48161","Freestone County, Texas","B01001_010",275,115
"3931","48161","Freestone County, Texas","B01001_011",551,91
"3932","48161","Freestone County, Texas","B01001_012",788,118
"3933","48161","Freestone County, Texas","B01001_013",716,131
"3934","48161","Freestone County, Texas","B01001_014",823,138
"3935","48161","Freestone County, Texas","B01001_015",730,101
"3936","48161","Freestone County, Texas","B01001_016",635,97
"3937","48161","Freestone County, Texas","B01001_017",565,131
"3938","48161","Freestone County, Texas","B01001_018",186,87
"3939","48161","Freestone County, Texas","B01001_019",580,124
"3940","48161","Freestone County, Texas","B01001_020",406,126
"3941","48161","Freestone County, Texas","B01001_021",293,114
"3942","48161","Freestone County, Texas","B01001_022",419,117
"3943","48161","Freestone County, Texas","B01001_023",297,76
"3944","48161","Freestone County, Texas","B01001_024",263,80
"3945","48161","Freestone County, Texas","B01001_025",183,74
"3946","48161","Freestone County, Texas","B01001_026",9549,115
"3947","48161","Freestone County, Texas","B01001_027",496,98
"3948","48161","Freestone County, Texas","B01001_028",661,96
"3949","48161","Freestone County, Texas","B01001_029",643,97
"3950","48161","Freestone County, Texas","B01001_030",419,53
"3951","48161","Freestone County, Texas","B01001_031",123,88
"3952","48161","Freestone County, Texas","B01001_032",131,94
"3953","48161","Freestone County, Texas","B01001_033",117,74
"3954","48161","Freestone County, Texas","B01001_034",183,83
"3955","48161","Freestone County, Texas","B01001_035",612,70
"3956","48161","Freestone County, Texas","B01001_036",638,122
"3957","48161","Freestone County, Texas","B01001_037",401,116
"3958","48161","Freestone County, Texas","B01001_038",699,153
"3959","48161","Freestone County, Texas","B01001_039",443,50
"3960","48161","Freestone County, Texas","B01001_040",565,90
"3961","48161","Freestone County, Texas","B01001_041",654,117
"3962","48161","Freestone County, Texas","B01001_042",250,103
"3963","48161","Freestone County, Texas","B01001_043",338,98
"3964","48161","Freestone County, Texas","B01001_044",202,78
"3965","48161","Freestone County, Texas","B01001_045",423,115
"3966","48161","Freestone County, Texas","B01001_046",563,126
"3967","48161","Freestone County, Texas","B01001_047",385,88
"3968","48161","Freestone County, Texas","B01001_048",331,94
"3969","48161","Freestone County, Texas","B01001_049",272,97
"3970","48163","Frio County, Texas","B01001_001",18582,NA
"3971","48163","Frio County, Texas","B01001_002",11354,356
"3972","48163","Frio County, Texas","B01001_003",670,180
"3973","48163","Frio County, Texas","B01001_004",619,174
"3974","48163","Frio County, Texas","B01001_005",750,170
"3975","48163","Frio County, Texas","B01001_006",731,236
"3976","48163","Frio County, Texas","B01001_007",413,296
"3977","48163","Frio County, Texas","B01001_008",192,190
"3978","48163","Frio County, Texas","B01001_009",106,107
"3979","48163","Frio County, Texas","B01001_010",670,245
"3980","48163","Frio County, Texas","B01001_011",1337,358
"3981","48163","Frio County, Texas","B01001_012",1017,76
"3982","48163","Frio County, Texas","B01001_013",1094,146
"3983","48163","Frio County, Texas","B01001_014",744,221
"3984","48163","Frio County, Texas","B01001_015",538,53
"3985","48163","Frio County, Texas","B01001_016",470,76
"3986","48163","Frio County, Texas","B01001_017",415,121
"3987","48163","Frio County, Texas","B01001_018",345,189
"3988","48163","Frio County, Texas","B01001_019",185,87
"3989","48163","Frio County, Texas","B01001_020",131,86
"3990","48163","Frio County, Texas","B01001_021",362,202
"3991","48163","Frio County, Texas","B01001_022",181,124
"3992","48163","Frio County, Texas","B01001_023",166,77
"3993","48163","Frio County, Texas","B01001_024",169,87
"3994","48163","Frio County, Texas","B01001_025",49,42
"3995","48163","Frio County, Texas","B01001_026",7228,356
"3996","48163","Frio County, Texas","B01001_027",346,186
"3997","48163","Frio County, Texas","B01001_028",266,120
"3998","48163","Frio County, Texas","B01001_029",907,203
"3999","48163","Frio County, Texas","B01001_030",297,191
"4000","48163","Frio County, Texas","B01001_031",284,185
"4001","48163","Frio County, Texas","B01001_032",106,121
"4002","48163","Frio County, Texas","B01001_033",220,253
"4003","48163","Frio County, Texas","B01001_034",212,185
"4004","48163","Frio County, Texas","B01001_035",405,226
"4005","48163","Frio County, Texas","B01001_036",352,136
"4006","48163","Frio County, Texas","B01001_037",425,193
"4007","48163","Frio County, Texas","B01001_038",561,195
"4008","48163","Frio County, Texas","B01001_039",449,86
"4009","48163","Frio County, Texas","B01001_040",318,7
"4010","48163","Frio County, Texas","B01001_041",562,85
"4011","48163","Frio County, Texas","B01001_042",124,84
"4012","48163","Frio County, Texas","B01001_043",150,85
"4013","48163","Frio County, Texas","B01001_044",168,83
"4014","48163","Frio County, Texas","B01001_045",130,91
"4015","48163","Frio County, Texas","B01001_046",295,92
"4016","48163","Frio County, Texas","B01001_047",249,126
"4017","48163","Frio County, Texas","B01001_048",147,78
"4018","48163","Frio County, Texas","B01001_049",255,96
"4019","48165","Gaines County, Texas","B01001_001",22232,NA
"4020","48165","Gaines County, Texas","B01001_002",11287,146
"4021","48165","Gaines County, Texas","B01001_003",1164,1
"4022","48165","Gaines County, Texas","B01001_004",1368,230
"4023","48165","Gaines County, Texas","B01001_005",802,230
"4024","48165","Gaines County, Texas","B01001_006",735,121
"4025","48165","Gaines County, Texas","B01001_007",455,172
"4026","48165","Gaines County, Texas","B01001_008",277,174
"4027","48165","Gaines County, Texas","B01001_009",149,100
"4028","48165","Gaines County, Texas","B01001_010",443,167
"4029","48165","Gaines County, Texas","B01001_011",471,67
"4030","48165","Gaines County, Texas","B01001_012",519,82
"4031","48165","Gaines County, Texas","B01001_013",859,233
"4032","48165","Gaines County, Texas","B01001_014",636,202
"4033","48165","Gaines County, Texas","B01001_015",641,154
"4034","48165","Gaines County, Texas","B01001_016",630,140
"4035","48165","Gaines County, Texas","B01001_017",417,168
"4036","48165","Gaines County, Texas","B01001_018",318,146
"4037","48165","Gaines County, Texas","B01001_019",427,143
"4038","48165","Gaines County, Texas","B01001_020",130,89
"4039","48165","Gaines County, Texas","B01001_021",219,121
"4040","48165","Gaines County, Texas","B01001_022",222,119
"4041","48165","Gaines County, Texas","B01001_023",270,126
"4042","48165","Gaines County, Texas","B01001_024",68,86
"4043","48165","Gaines County, Texas","B01001_025",67,72
"4044","48165","Gaines County, Texas","B01001_026",10945,146
"4045","48165","Gaines County, Texas","B01001_027",1043,28
"4046","48165","Gaines County, Texas","B01001_028",1088,351
"4047","48165","Gaines County, Texas","B01001_029",1090,343
"4048","48165","Gaines County, Texas","B01001_030",671,2
"4049","48165","Gaines County, Texas","B01001_031",265,158
"4050","48165","Gaines County, Texas","B01001_032",174,128
"4051","48165","Gaines County, Texas","B01001_033",178,114
"4052","48165","Gaines County, Texas","B01001_034",537,135
"4053","48165","Gaines County, Texas","B01001_035",571,98
"4054","48165","Gaines County, Texas","B01001_036",664,124
"4055","48165","Gaines County, Texas","B01001_037",918,217
"4056","48165","Gaines County, Texas","B01001_038",476,217
"4057","48165","Gaines County, Texas","B01001_039",675,142
"4058","48165","Gaines County, Texas","B01001_040",327,99
"4059","48165","Gaines County, Texas","B01001_041",776,142
"4060","48165","Gaines County, Texas","B01001_042",150,99
"4061","48165","Gaines County, Texas","B01001_043",167,87
"4062","48165","Gaines County, Texas","B01001_044",132,87
"4063","48165","Gaines County, Texas","B01001_045",229,109
"4064","48165","Gaines County, Texas","B01001_046",373,187
"4065","48165","Gaines County, Texas","B01001_047",151,116
"4066","48165","Gaines County, Texas","B01001_048",182,91
"4067","48165","Gaines County, Texas","B01001_049",108,87
"4068","48167","Galveston County, Texas","B01001_001",358990,NA
"4069","48167","Galveston County, Texas","B01001_002",177108,60
"4070","48167","Galveston County, Texas","B01001_003",10465,30
"4071","48167","Galveston County, Texas","B01001_004",11801,905
"4072","48167","Galveston County, Texas","B01001_005",12906,906
"4073","48167","Galveston County, Texas","B01001_006",8076,22
"4074","48167","Galveston County, Texas","B01001_007",4588,83
"4075","48167","Galveston County, Texas","B01001_008",2148,425
"4076","48167","Galveston County, Texas","B01001_009",1518,271
"4077","48167","Galveston County, Texas","B01001_010",7090,484
"4078","48167","Galveston County, Texas","B01001_011",11159,71
"4079","48167","Galveston County, Texas","B01001_012",11737,54
"4080","48167","Galveston County, Texas","B01001_013",11552,926
"4081","48167","Galveston County, Texas","B01001_014",12668,923
"4082","48167","Galveston County, Texas","B01001_015",11233,17
"4083","48167","Galveston County, Texas","B01001_016",11279,4
"4084","48167","Galveston County, Texas","B01001_017",10841,573
"4085","48167","Galveston County, Texas","B01001_018",4538,493
"4086","48167","Galveston County, Texas","B01001_019",7409,625
"4087","48167","Galveston County, Texas","B01001_020",3953,409
"4088","48167","Galveston County, Texas","B01001_021",5964,508
"4089","48167","Galveston County, Texas","B01001_022",7147,529
"4090","48167","Galveston County, Texas","B01001_023",4323,373
"4091","48167","Galveston County, Texas","B01001_024",2727,317
"4092","48167","Galveston County, Texas","B01001_025",1986,402
"4093","48167","Galveston County, Texas","B01001_026",181882,60
"4094","48167","Galveston County, Texas","B01001_027",9977,24
"4095","48167","Galveston County, Texas","B01001_028",11816,791
"4096","48167","Galveston County, Texas","B01001_029",12052,791
"4097","48167","Galveston County, Texas","B01001_030",7591,22
"4098","48167","Galveston County, Texas","B01001_031",4096,5
"4099","48167","Galveston County, Texas","B01001_032",1427,320
"4100","48167","Galveston County, Texas","B01001_033",1829,393
"4101","48167","Galveston County, Texas","B01001_034",7156,425
"4102","48167","Galveston County, Texas","B01001_035",11064,53
"4103","48167","Galveston County, Texas","B01001_036",12197,58
"4104","48167","Galveston County, Texas","B01001_037",12603,736
"4105","48167","Galveston County, Texas","B01001_038",12577,734
"4106","48167","Galveston County, Texas","B01001_039",11525,48
"4107","48167","Galveston County, Texas","B01001_040",11590,3
"4108","48167","Galveston County, Texas","B01001_041",11596,708
"4109","48167","Galveston County, Texas","B01001_042",4878,559
"4110","48167","Galveston County, Texas","B01001_043",7404,568
"4111","48167","Galveston County, Texas","B01001_044",4123,460
"4112","48167","Galveston County, Texas","B01001_045",6536,471
"4113","48167","Galveston County, Texas","B01001_046",7881,513
"4114","48167","Galveston County, Texas","B01001_047",4911,379
"4115","48167","Galveston County, Texas","B01001_048",3553,372
"4116","48167","Galveston County, Texas","B01001_049",3500,419
"4117","48169","Garza County, Texas","B01001_001",5118,210
"4118","48169","Garza County, Texas","B01001_002",3356,216
"4119","48169","Garza County, Texas","B01001_003",100,48
"4120","48169","Garza County, Texas","B01001_004",169,65
"4121","48169","Garza County, Texas","B01001_005",141,79
"4122","48169","Garza County, Texas","B01001_006",89,42
"4123","48169","Garza County, Texas","B01001_007",47,50
"4124","48169","Garza County, Texas","B01001_008",169,131
"4125","48169","Garza County, Texas","B01001_009",41,55
"4126","48169","Garza County, Texas","B01001_010",294,185
"4127","48169","Garza County, Texas","B01001_011",252,112
"4128","48169","Garza County, Texas","B01001_012",426,140
"4129","48169","Garza County, Texas","B01001_013",244,70
"4130","48169","Garza County, Texas","B01001_014",273,109
"4131","48169","Garza County, Texas","B01001_015",336,111
"4132","48169","Garza County, Texas","B01001_016",200,112
"4133","48169","Garza County, Texas","B01001_017",62,40
"4134","48169","Garza County, Texas","B01001_018",51,52
"4135","48169","Garza County, Texas","B01001_019",69,54
"4136","48169","Garza County, Texas","B01001_020",43,37
"4137","48169","Garza County, Texas","B01001_021",81,51
"4138","48169","Garza County, Texas","B01001_022",35,31
"4139","48169","Garza County, Texas","B01001_023",57,35
"4140","48169","Garza County, Texas","B01001_024",38,27
"4141","48169","Garza County, Texas","B01001_025",139,98
"4142","48169","Garza County, Texas","B01001_026",1762,173
"4143","48169","Garza County, Texas","B01001_027",73,29
"4144","48169","Garza County, Texas","B01001_028",66,71
"4145","48169","Garza County, Texas","B01001_029",113,84
"4146","48169","Garza County, Texas","B01001_030",65,34
"4147","48169","Garza County, Texas","B01001_031",47,58
"4148","48169","Garza County, Texas","B01001_032",33,50
"4149","48169","Garza County, Texas","B01001_033",136,80
"4150","48169","Garza County, Texas","B01001_034",12,18
"4151","48169","Garza County, Texas","B01001_035",38,29
"4152","48169","Garza County, Texas","B01001_036",219,97
"4153","48169","Garza County, Texas","B01001_037",12,16
"4154","48169","Garza County, Texas","B01001_038",192,101
"4155","48169","Garza County, Texas","B01001_039",120,68
"4156","48169","Garza County, Texas","B01001_040",66,53
"4157","48169","Garza County, Texas","B01001_041",147,71
"4158","48169","Garza County, Texas","B01001_042",30,36
"4159","48169","Garza County, Texas","B01001_043",23,23
"4160","48169","Garza County, Texas","B01001_044",23,27
"4161","48169","Garza County, Texas","B01001_045",80,58
"4162","48169","Garza County, Texas","B01001_046",52,36
"4163","48169","Garza County, Texas","B01001_047",163,80
"4164","48169","Garza County, Texas","B01001_048",33,29
"4165","48169","Garza County, Texas","B01001_049",19,23
"4166","48171","Gillespie County, Texas","B01001_001",27524,NA
"4167","48171","Gillespie County, Texas","B01001_002",13573,142
"4168","48171","Gillespie County, Texas","B01001_003",701,121
"4169","48171","Gillespie County, Texas","B01001_004",713,194
"4170","48171","Gillespie County, Texas","B01001_005",872,201
"4171","48171","Gillespie County, Texas","B01001_006",549,46
"4172","48171","Gillespie County, Texas","B01001_007",263,66
"4173","48171","Gillespie County, Texas","B01001_008",135,87
"4174","48171","Gillespie County, Texas","B01001_009",8,18
"4175","48171","Gillespie County, Texas","B01001_010",284,89
"4176","48171","Gillespie County, Texas","B01001_011",859,112
"4177","48171","Gillespie County, Texas","B01001_012",596,113
"4178","48171","Gillespie County, Texas","B01001_013",688,185
"4179","48171","Gillespie County, Texas","B01001_014",669,167
"4180","48171","Gillespie County, Texas","B01001_015",612,77
"4181","48171","Gillespie County, Texas","B01001_016",742,100
"4182","48171","Gillespie County, Texas","B01001_017",1042,215
"4183","48171","Gillespie County, Texas","B01001_018",408,202
"4184","48171","Gillespie County, Texas","B01001_019",580,219
"4185","48171","Gillespie County, Texas","B01001_020",453,138
"4186","48171","Gillespie County, Texas","B01001_021",726,193
"4187","48171","Gillespie County, Texas","B01001_022",881,185
"4188","48171","Gillespie County, Texas","B01001_023",722,184
"4189","48171","Gillespie County, Texas","B01001_024",635,140
"4190","48171","Gillespie County, Texas","B01001_025",435,141
"4191","48171","Gillespie County, Texas","B01001_026",13951,142
"4192","48171","Gillespie County, Texas","B01001_027",555,120
"4193","48171","Gillespie County, Texas","B01001_028",919,149
"4194","48171","Gillespie County, Texas","B01001_029",584,152
"4195","48171","Gillespie County, Texas","B01001_030",457,74
"4196","48171","Gillespie County, Texas","B01001_031",292,119
"4197","48171","Gillespie County, Texas","B01001_032",28,37
"4198","48171","Gillespie County, Texas","B01001_033",158,91
"4199","48171","Gillespie County, Texas","B01001_034",323,129
"4200","48171","Gillespie County, Texas","B01001_035",656,112
"4201","48171","Gillespie County, Texas","B01001_036",570,94
"4202","48171","Gillespie County, Texas","B01001_037",597,156
"4203","48171","Gillespie County, Texas","B01001_038",914,171
"4204","48171","Gillespie County, Texas","B01001_039",540,46
"4205","48171","Gillespie County, Texas","B01001_040",783,106
"4206","48171","Gillespie County, Texas","B01001_041",976,251
"4207","48171","Gillespie County, Texas","B01001_042",574,188
"4208","48171","Gillespie County, Texas","B01001_043",576,156
"4209","48171","Gillespie County, Texas","B01001_044",517,154
"4210","48171","Gillespie County, Texas","B01001_045",1039,174
"4211","48171","Gillespie County, Texas","B01001_046",763,186
"4212","48171","Gillespie County, Texas","B01001_047",846,155
"4213","48171","Gillespie County, Texas","B01001_048",772,189
"4214","48171","Gillespie County, Texas","B01001_049",512,164
"4215","48173","Glasscock County, Texas","B01001_001",1068,146
"4216","48173","Glasscock County, Texas","B01001_002",599,106
"4217","48173","Glasscock County, Texas","B01001_003",19,18
"4218","48173","Glasscock County, Texas","B01001_004",44,36
"4219","48173","Glasscock County, Texas","B01001_005",59,46
"4220","48173","Glasscock County, Texas","B01001_006",50,31
"4221","48173","Glasscock County, Texas","B01001_007",2,3
"4222","48173","Glasscock County, Texas","B01001_008",4,8
"4223","48173","Glasscock County, Texas","B01001_009",0,15
"4224","48173","Glasscock County, Texas","B01001_010",14,20
"4225","48173","Glasscock County, Texas","B01001_011",60,43
"4226","48173","Glasscock County, Texas","B01001_012",13,17
"4227","48173","Glasscock County, Texas","B01001_013",62,47
"4228","48173","Glasscock County, Texas","B01001_014",17,17
"4229","48173","Glasscock County, Texas","B01001_015",86,55
"4230","48173","Glasscock County, Texas","B01001_016",26,29
"4231","48173","Glasscock County, Texas","B01001_017",26,17
"4232","48173","Glasscock County, Texas","B01001_018",9,7
"4233","48173","Glasscock County, Texas","B01001_019",30,24
"4234","48173","Glasscock County, Texas","B01001_020",11,8
"4235","48173","Glasscock County, Texas","B01001_021",10,9
"4236","48173","Glasscock County, Texas","B01001_022",11,11
"4237","48173","Glasscock County, Texas","B01001_023",4,6
"4238","48173","Glasscock County, Texas","B01001_024",4,7
"4239","48173","Glasscock County, Texas","B01001_025",38,32
"4240","48173","Glasscock County, Texas","B01001_026",469,75
"4241","48173","Glasscock County, Texas","B01001_027",47,35
"4242","48173","Glasscock County, Texas","B01001_028",16,18
"4243","48173","Glasscock County, Texas","B01001_029",8,11
"4244","48173","Glasscock County, Texas","B01001_030",8,11
"4245","48173","Glasscock County, Texas","B01001_031",0,15
"4246","48173","Glasscock County, Texas","B01001_032",0,15
"4247","48173","Glasscock County, Texas","B01001_033",0,15
"4248","48173","Glasscock County, Texas","B01001_034",14,20
"4249","48173","Glasscock County, Texas","B01001_035",66,41
"4250","48173","Glasscock County, Texas","B01001_036",27,27
"4251","48173","Glasscock County, Texas","B01001_037",21,21
"4252","48173","Glasscock County, Texas","B01001_038",70,42
"4253","48173","Glasscock County, Texas","B01001_039",26,26
"4254","48173","Glasscock County, Texas","B01001_040",25,18
"4255","48173","Glasscock County, Texas","B01001_041",19,13
"4256","48173","Glasscock County, Texas","B01001_042",38,27
"4257","48173","Glasscock County, Texas","B01001_043",3,6
"4258","48173","Glasscock County, Texas","B01001_044",15,12
"4259","48173","Glasscock County, Texas","B01001_045",16,11
"4260","48173","Glasscock County, Texas","B01001_046",13,17
"4261","48173","Glasscock County, Texas","B01001_047",13,11
"4262","48173","Glasscock County, Texas","B01001_048",3,6
"4263","48173","Glasscock County, Texas","B01001_049",21,24
"4264","48175","Goliad County, Texas","B01001_001",7141,NA
"4265","48175","Goliad County, Texas","B01001_002",3599,76
"4266","48175","Goliad County, Texas","B01001_003",225,45
"4267","48175","Goliad County, Texas","B01001_004",169,66
"4268","48175","Goliad County, Texas","B01001_005",216,62
"4269","48175","Goliad County, Texas","B01001_006",129,43
"4270","48175","Goliad County, Texas","B01001_007",99,65
"4271","48175","Goliad County, Texas","B01001_008",14,21
"4272","48175","Goliad County, Texas","B01001_009",76,68
"4273","48175","Goliad County, Texas","B01001_010",144,61
"4274","48175","Goliad County, Texas","B01001_011",114,37
"4275","48175","Goliad County, Texas","B01001_012",246,103
"4276","48175","Goliad County, Texas","B01001_013",138,72
"4277","48175","Goliad County, Texas","B01001_014",284,120
"4278","48175","Goliad County, Texas","B01001_015",193,90
"4279","48175","Goliad County, Texas","B01001_016",154,18
"4280","48175","Goliad County, Texas","B01001_017",214,94
"4281","48175","Goliad County, Texas","B01001_018",226,86
"4282","48175","Goliad County, Texas","B01001_019",121,64
"4283","48175","Goliad County, Texas","B01001_020",37,41
"4284","48175","Goliad County, Texas","B01001_021",142,72
"4285","48175","Goliad County, Texas","B01001_022",306,70
"4286","48175","Goliad County, Texas","B01001_023",193,68
"4287","48175","Goliad County, Texas","B01001_024",50,35
"4288","48175","Goliad County, Texas","B01001_025",109,61
"4289","48175","Goliad County, Texas","B01001_026",3542,76
"4290","48175","Goliad County, Texas","B01001_027",116,48
"4291","48175","Goliad County, Texas","B01001_028",317,74
"4292","48175","Goliad County, Texas","B01001_029",171,50
"4293","48175","Goliad County, Texas","B01001_030",69,45
"4294","48175","Goliad County, Texas","B01001_031",10,15
"4295","48175","Goliad County, Texas","B01001_032",35,29
"4296","48175","Goliad County, Texas","B01001_033",69,57
"4297","48175","Goliad County, Texas","B01001_034",48,47
"4298","48175","Goliad County, Texas","B01001_035",284,93
"4299","48175","Goliad County, Texas","B01001_036",346,115
"4300","48175","Goliad County, Texas","B01001_037",95,56
"4301","48175","Goliad County, Texas","B01001_038",211,83
"4302","48175","Goliad County, Texas","B01001_039",127,82
"4303","48175","Goliad County, Texas","B01001_040",230,60
"4304","48175","Goliad County, Texas","B01001_041",337,55
"4305","48175","Goliad County, Texas","B01001_042",65,50
"4306","48175","Goliad County, Texas","B01001_043",97,43
"4307","48175","Goliad County, Texas","B01001_044",125,58
"4308","48175","Goliad County, Texas","B01001_045",175,92
"4309","48175","Goliad County, Texas","B01001_046",238,84
"4310","48175","Goliad County, Texas","B01001_047",126,46
"4311","48175","Goliad County, Texas","B01001_048",76,46
"4312","48175","Goliad County, Texas","B01001_049",175,67
"4313","48177","Gonzales County, Texas","B01001_001",19851,NA
"4314","48177","Gonzales County, Texas","B01001_002",9960,198
"4315","48177","Gonzales County, Texas","B01001_003",631,80
"4316","48177","Gonzales County, Texas","B01001_004",642,151
"4317","48177","Gonzales County, Texas","B01001_005",874,156
"4318","48177","Gonzales County, Texas","B01001_006",527,111
"4319","48177","Gonzales County, Texas","B01001_007",304,65
"4320","48177","Gonzales County, Texas","B01001_008",57,52
"4321","48177","Gonzales County, Texas","B01001_009",193,90
"4322","48177","Gonzales County, Texas","B01001_010",292,103
"4323","48177","Gonzales County, Texas","B01001_011",496,8
"4324","48177","Gonzales County, Texas","B01001_012",630,123
"4325","48177","Gonzales County, Texas","B01001_013",573,152
"4326","48177","Gonzales County, Texas","B01001_014",716,232
"4327","48177","Gonzales County, Texas","B01001_015",513,14
"4328","48177","Gonzales County, Texas","B01001_016",533,26
"4329","48177","Gonzales County, Texas","B01001_017",686,152
"4330","48177","Gonzales County, Texas","B01001_018",251,130
"4331","48177","Gonzales County, Texas","B01001_019",365,91
"4332","48177","Gonzales County, Texas","B01001_020",294,102
"4333","48177","Gonzales County, Texas","B01001_021",335,109
"4334","48177","Gonzales County, Texas","B01001_022",375,96
"4335","48177","Gonzales County, Texas","B01001_023",409,112
"4336","48177","Gonzales County, Texas","B01001_024",171,74
"4337","48177","Gonzales County, Texas","B01001_025",93,66
"4338","48177","Gonzales County, Texas","B01001_026",9891,198
"4339","48177","Gonzales County, Texas","B01001_027",681,80
"4340","48177","Gonzales County, Texas","B01001_028",685,180
"4341","48177","Gonzales County, Texas","B01001_029",602,180
"4342","48177","Gonzales County, Texas","B01001_030",414,69
"4343","48177","Gonzales County, Texas","B01001_031",271,141
"4344","48177","Gonzales County, Texas","B01001_032",192,106
"4345","48177","Gonzales County, Texas","B01001_033",125,68
"4346","48177","Gonzales County, Texas","B01001_034",210,99
"4347","48177","Gonzales County, Texas","B01001_035",465,85
"4348","48177","Gonzales County, Texas","B01001_036",436,153
"4349","48177","Gonzales County, Texas","B01001_037",749,177
"4350","48177","Gonzales County, Texas","B01001_038",471,154
"4351","48177","Gonzales County, Texas","B01001_039",657,138
"4352","48177","Gonzales County, Texas","B01001_040",543,151
"4353","48177","Gonzales County, Texas","B01001_041",630,189
"4354","48177","Gonzales County, Texas","B01001_042",221,90
"4355","48177","Gonzales County, Texas","B01001_043",620,216
"4356","48177","Gonzales County, Texas","B01001_044",332,91
"4357","48177","Gonzales County, Texas","B01001_045",415,126
"4358","48177","Gonzales County, Texas","B01001_046",328,109
"4359","48177","Gonzales County, Texas","B01001_047",469,108
"4360","48177","Gonzales County, Texas","B01001_048",129,70
"4361","48177","Gonzales County, Texas","B01001_049",246,94
"4362","48179","Gray County, Texas","B01001_001",21045,NA
"4363","48179","Gray County, Texas","B01001_002",11251,123
"4364","48179","Gray County, Texas","B01001_003",618,29
"4365","48179","Gray County, Texas","B01001_004",916,155
"4366","48179","Gray County, Texas","B01001_005",728,188
"4367","48179","Gray County, Texas","B01001_006",485,30
"4368","48179","Gray County, Texas","B01001_007",353,116
"4369","48179","Gray County, Texas","B01001_008",192,104
"4370","48179","Gray County, Texas","B01001_009",116,82
"4371","48179","Gray County, Texas","B01001_010",392,134
"4372","48179","Gray County, Texas","B01001_011",613,96
"4373","48179","Gray County, Texas","B01001_012",850,132
"4374","48179","Gray County, Texas","B01001_013",920,164
"4375","48179","Gray County, Texas","B01001_014",655,129
"4376","48179","Gray County, Texas","B01001_015",773,129
"4377","48179","Gray County, Texas","B01001_016",720,64
"4378","48179","Gray County, Texas","B01001_017",655,119
"4379","48179","Gray County, Texas","B01001_018",338,120
"4380","48179","Gray County, Texas","B01001_019",356,121
"4381","48179","Gray County, Texas","B01001_020",262,68
"4382","48179","Gray County, Texas","B01001_021",311,84
"4383","48179","Gray County, Texas","B01001_022",411,87
"4384","48179","Gray County, Texas","B01001_023",299,65
"4385","48179","Gray County, Texas","B01001_024",158,62
"4386","48179","Gray County, Texas","B01001_025",130,60
"4387","48179","Gray County, Texas","B01001_026",9794,123
"4388","48179","Gray County, Texas","B01001_027",567,11
"4389","48179","Gray County, Texas","B01001_028",624,138
"4390","48179","Gray County, Texas","B01001_029",829,90
"4391","48179","Gray County, Texas","B01001_030",446,6
"4392","48179","Gray County, Texas","B01001_031",290,92
"4393","48179","Gray County, Texas","B01001_032",109,60
"4394","48179","Gray County, Texas","B01001_033",63,56
"4395","48179","Gray County, Texas","B01001_034",316,110
"4396","48179","Gray County, Texas","B01001_035",596,64
"4397","48179","Gray County, Texas","B01001_036",642,29
"4398","48179","Gray County, Texas","B01001_037",733,152
"4399","48179","Gray County, Texas","B01001_038",493,155
"4400","48179","Gray County, Texas","B01001_039",531,32
"4401","48179","Gray County, Texas","B01001_040",549,22
"4402","48179","Gray County, Texas","B01001_041",541,93
"4403","48179","Gray County, Texas","B01001_042",198,83
"4404","48179","Gray County, Texas","B01001_043",330,102
"4405","48179","Gray County, Texas","B01001_044",331,100
"4406","48179","Gray County, Texas","B01001_045",307,114
"4407","48179","Gray County, Texas","B01001_046",453,87
"4408","48179","Gray County, Texas","B01001_047",424,84
"4409","48179","Gray County, Texas","B01001_048",194,72
"4410","48179","Gray County, Texas","B01001_049",228,75
"4411","48181","Grayson County, Texas","B01001_001",143337,NA
"4412","48181","Grayson County, Texas","B01001_002",70117,174
"4413","48181","Grayson County, Texas","B01001_003",4433,57
"4414","48181","Grayson County, Texas","B01001_004",4873,415
"4415","48181","Grayson County, Texas","B01001_005",5068,409
"4416","48181","Grayson County, Texas","B01001_006",3057,133
"4417","48181","Grayson County, Texas","B01001_007",1868,100
"4418","48181","Grayson County, Texas","B01001_008",657,232
"4419","48181","Grayson County, Texas","B01001_009",1226,318
"4420","48181","Grayson County, Texas","B01001_010",2339,337
"4421","48181","Grayson County, Texas","B01001_011",4208,69
"4422","48181","Grayson County, Texas","B01001_012",4548,114
"4423","48181","Grayson County, Texas","B01001_013",4316,417
"4424","48181","Grayson County, Texas","B01001_014",4136,402
"4425","48181","Grayson County, Texas","B01001_015",4219,172
"4426","48181","Grayson County, Texas","B01001_016",4318,51
"4427","48181","Grayson County, Texas","B01001_017",4396,392
"4428","48181","Grayson County, Texas","B01001_018",1903,313
"4429","48181","Grayson County, Texas","B01001_019",2860,442
"4430","48181","Grayson County, Texas","B01001_020",1697,325
"4431","48181","Grayson County, Texas","B01001_021",2579,350
"4432","48181","Grayson County, Texas","B01001_022",3097,359
"4433","48181","Grayson County, Texas","B01001_023",1644,253
"4434","48181","Grayson County, Texas","B01001_024",1308,239
"4435","48181","Grayson County, Texas","B01001_025",1367,322
"4436","48181","Grayson County, Texas","B01001_026",73220,174
"4437","48181","Grayson County, Texas","B01001_027",4345,57
"4438","48181","Grayson County, Texas","B01001_028",5310,489
"4439","48181","Grayson County, Texas","B01001_029",4212,458
"4440","48181","Grayson County, Texas","B01001_030",3153,171
"4441","48181","Grayson County, Texas","B01001_031",1848,141
"4442","48181","Grayson County, Texas","B01001_032",995,306
"4443","48181","Grayson County, Texas","B01001_033",580,203
"4444","48181","Grayson County, Texas","B01001_034",2415,345
"4445","48181","Grayson County, Texas","B01001_035",4373,86
"4446","48181","Grayson County, Texas","B01001_036",4598,74
"4447","48181","Grayson County, Texas","B01001_037",5163,420
"4448","48181","Grayson County, Texas","B01001_038",3875,362
"4449","48181","Grayson County, Texas","B01001_039",4093,188
"4450","48181","Grayson County, Texas","B01001_040",4399,41
"4451","48181","Grayson County, Texas","B01001_041",4438,413
"4452","48181","Grayson County, Texas","B01001_042",2458,352
"4453","48181","Grayson County, Texas","B01001_043",2781,391
"4454","48181","Grayson County, Texas","B01001_044",2277,358
"4455","48181","Grayson County, Texas","B01001_045",1867,260
"4456","48181","Grayson County, Texas","B01001_046",4074,377
"4457","48181","Grayson County, Texas","B01001_047",2648,327
"4458","48181","Grayson County, Texas","B01001_048",1463,246
"4459","48181","Grayson County, Texas","B01001_049",1855,289
"4460","48183","Gregg County, Texas","B01001_001",125480,NA
"4461","48183","Gregg County, Texas","B01001_002",61330,108
"4462","48183","Gregg County, Texas","B01001_003",4176,44
"4463","48183","Gregg County, Texas","B01001_004",4075,397
"4464","48183","Gregg County, Texas","B01001_005",5263,405
"4465","48183","Gregg County, Texas","B01001_006",2993,82
"4466","48183","Gregg County, Texas","B01001_007",1930,35
"4467","48183","Gregg County, Texas","B01001_008",1366,357
"4468","48183","Gregg County, Texas","B01001_009",904,296
"4469","48183","Gregg County, Texas","B01001_010",2211,366
"4470","48183","Gregg County, Texas","B01001_011",4023,54
"4471","48183","Gregg County, Texas","B01001_012",4110,63
"4472","48183","Gregg County, Texas","B01001_013",4402,450
"4473","48183","Gregg County, Texas","B01001_014",3444,436
"4474","48183","Gregg County, Texas","B01001_015",3362,54
"4475","48183","Gregg County, Texas","B01001_016",3352,11
"4476","48183","Gregg County, Texas","B01001_017",3086,360
"4477","48183","Gregg County, Texas","B01001_018",1528,248
"4478","48183","Gregg County, Texas","B01001_019",2327,385
"4479","48183","Gregg County, Texas","B01001_020",1191,259
"4480","48183","Gregg County, Texas","B01001_021",2111,335
"4481","48183","Gregg County, Texas","B01001_022",2331,317
"4482","48183","Gregg County, Texas","B01001_023",1660,190
"4483","48183","Gregg County, Texas","B01001_024",757,166
"4484","48183","Gregg County, Texas","B01001_025",728,174
"4485","48183","Gregg County, Texas","B01001_026",64150,108
"4486","48183","Gregg County, Texas","B01001_027",4143,81
"4487","48183","Gregg County, Texas","B01001_028",4237,435
"4488","48183","Gregg County, Texas","B01001_029",4687,432
"4489","48183","Gregg County, Texas","B01001_030",2703,5
"4490","48183","Gregg County, Texas","B01001_031",1619,34
"4491","48183","Gregg County, Texas","B01001_032",961,235
"4492","48183","Gregg County, Texas","B01001_033",1149,272
"4493","48183","Gregg County, Texas","B01001_034",1971,323
"4494","48183","Gregg County, Texas","B01001_035",4247,48
"4495","48183","Gregg County, Texas","B01001_036",4251,69
"4496","48183","Gregg County, Texas","B01001_037",4427,362
"4497","48183","Gregg County, Texas","B01001_038",3609,362
"4498","48183","Gregg County, Texas","B01001_039",3517,45
"4499","48183","Gregg County, Texas","B01001_040",3680,74
"4500","48183","Gregg County, Texas","B01001_041",3579,322
"4501","48183","Gregg County, Texas","B01001_042",1601,303
"4502","48183","Gregg County, Texas","B01001_043",2372,312
"4503","48183","Gregg County, Texas","B01001_044",1393,275
"4504","48183","Gregg County, Texas","B01001_045",2198,342
"4505","48183","Gregg County, Texas","B01001_046",2799,324
"4506","48183","Gregg County, Texas","B01001_047",1940,254
"4507","48183","Gregg County, Texas","B01001_048",1203,207
"4508","48183","Gregg County, Texas","B01001_049",1864,264
"4509","48185","Grimes County, Texas","B01001_001",31340,NA
"4510","48185","Grimes County, Texas","B01001_002",17099,163
"4511","48185","Grimes County, Texas","B01001_003",853,87
"4512","48185","Grimes County, Texas","B01001_004",840,248
"4513","48185","Grimes County, Texas","B01001_005",1350,216
"4514","48185","Grimes County, Texas","B01001_006",619,125
"4515","48185","Grimes County, Texas","B01001_007",343,143
"4516","48185","Grimes County, Texas","B01001_008",195,115
"4517","48185","Grimes County, Texas","B01001_009",131,115
"4518","48185","Grimes County, Texas","B01001_010",708,182
"4519","48185","Grimes County, Texas","B01001_011",1195,203
"4520","48185","Grimes County, Texas","B01001_012",1259,215
"4521","48185","Grimes County, Texas","B01001_013",1072,169
"4522","48185","Grimes County, Texas","B01001_014",1152,198
"4523","48185","Grimes County, Texas","B01001_015",1188,179
"4524","48185","Grimes County, Texas","B01001_016",1123,227
"4525","48185","Grimes County, Texas","B01001_017",1304,187
"4526","48185","Grimes County, Texas","B01001_018",496,119
"4527","48185","Grimes County, Texas","B01001_019",419,146
"4528","48185","Grimes County, Texas","B01001_020",442,185
"4529","48185","Grimes County, Texas","B01001_021",733,181
"4530","48185","Grimes County, Texas","B01001_022",730,175
"4531","48185","Grimes County, Texas","B01001_023",400,116
"4532","48185","Grimes County, Texas","B01001_024",392,139
"4533","48185","Grimes County, Texas","B01001_025",155,78
"4534","48185","Grimes County, Texas","B01001_026",14241,163
"4535","48185","Grimes County, Texas","B01001_027",803,60
"4536","48185","Grimes County, Texas","B01001_028",1033,205
"4537","48185","Grimes County, Texas","B01001_029",904,208
"4538","48185","Grimes County, Texas","B01001_030",625,127
"4539","48185","Grimes County, Texas","B01001_031",359,279
"4540","48185","Grimes County, Texas","B01001_032",212,154
"4541","48185","Grimes County, Texas","B01001_033",218,129
"4542","48185","Grimes County, Texas","B01001_034",465,180
"4543","48185","Grimes County, Texas","B01001_035",649,172
"4544","48185","Grimes County, Texas","B01001_036",708,165
"4545","48185","Grimes County, Texas","B01001_037",1058,245
"4546","48185","Grimes County, Texas","B01001_038",773,207
"4547","48185","Grimes County, Texas","B01001_039",862,127
"4548","48185","Grimes County, Texas","B01001_040",711,102
"4549","48185","Grimes County, Texas","B01001_041",1166,197
"4550","48185","Grimes County, Texas","B01001_042",247,111
"4551","48185","Grimes County, Texas","B01001_043",475,186
"4552","48185","Grimes County, Texas","B01001_044",623,184
"4553","48185","Grimes County, Texas","B01001_045",520,140
"4554","48185","Grimes County, Texas","B01001_046",711,163
"4555","48185","Grimes County, Texas","B01001_047",434,118
"4556","48185","Grimes County, Texas","B01001_048",341,93
"4557","48185","Grimes County, Texas","B01001_049",344,122
"4558","48187","Guadalupe County, Texas","B01001_001",183642,NA
"4559","48187","Guadalupe County, Texas","B01001_002",91574,150
"4560","48187","Guadalupe County, Texas","B01001_003",5629,137
"4561","48187","Guadalupe County, Texas","B01001_004",6546,462
"4562","48187","Guadalupe County, Texas","B01001_005",6433,458
"4563","48187","Guadalupe County, Texas","B01001_006",4200,68
"4564","48187","Guadalupe County, Texas","B01001_007",2424,46
"4565","48187","Guadalupe County, Texas","B01001_008",1373,285
"4566","48187","Guadalupe County, Texas","B01001_009",1435,320
"4567","48187","Guadalupe County, Texas","B01001_010",2799,316
"4568","48187","Guadalupe County, Texas","B01001_011",5578,56
"4569","48187","Guadalupe County, Texas","B01001_012",6235,72
"4570","48187","Guadalupe County, Texas","B01001_013",7209,503
"4571","48187","Guadalupe County, Texas","B01001_014",6594,518
"4572","48187","Guadalupe County, Texas","B01001_015",6092,117
"4573","48187","Guadalupe County, Texas","B01001_016",5989,118
"4574","48187","Guadalupe County, Texas","B01001_017",5381,431
"4575","48187","Guadalupe County, Texas","B01001_018",2103,332
"4576","48187","Guadalupe County, Texas","B01001_019",3122,392
"4577","48187","Guadalupe County, Texas","B01001_020",1730,345
"4578","48187","Guadalupe County, Texas","B01001_021",2300,328
"4579","48187","Guadalupe County, Texas","B01001_022",3664,357
"4580","48187","Guadalupe County, Texas","B01001_023",2343,294
"4581","48187","Guadalupe County, Texas","B01001_024",1704,281
"4582","48187","Guadalupe County, Texas","B01001_025",691,144
"4583","48187","Guadalupe County, Texas","B01001_026",92068,150
"4584","48187","Guadalupe County, Texas","B01001_027",4908,130
"4585","48187","Guadalupe County, Texas","B01001_028",5679,621
"4586","48187","Guadalupe County, Texas","B01001_029",6928,619
"4587","48187","Guadalupe County, Texas","B01001_030",3910,69
"4588","48187","Guadalupe County, Texas","B01001_031",2271,51
"4589","48187","Guadalupe County, Texas","B01001_032",1009,244
"4590","48187","Guadalupe County, Texas","B01001_033",1379,283
"4591","48187","Guadalupe County, Texas","B01001_034",2874,328
"4592","48187","Guadalupe County, Texas","B01001_035",5578,80
"4593","48187","Guadalupe County, Texas","B01001_036",6340,37
"4594","48187","Guadalupe County, Texas","B01001_037",7429,525
"4595","48187","Guadalupe County, Texas","B01001_038",6014,533
"4596","48187","Guadalupe County, Texas","B01001_039",6044,19
"4597","48187","Guadalupe County, Texas","B01001_040",5837,50
"4598","48187","Guadalupe County, Texas","B01001_041",6270,434
"4599","48187","Guadalupe County, Texas","B01001_042",2175,380
"4600","48187","Guadalupe County, Texas","B01001_043",2651,367
"4601","48187","Guadalupe County, Texas","B01001_044",1474,256
"4602","48187","Guadalupe County, Texas","B01001_045",2855,361
"4603","48187","Guadalupe County, Texas","B01001_046",4317,361
"4604","48187","Guadalupe County, Texas","B01001_047",2657,342
"4605","48187","Guadalupe County, Texas","B01001_048",1916,299
"4606","48187","Guadalupe County, Texas","B01001_049",1553,305
"4607","48189","Hale County, Texas","B01001_001",32131,NA
"4608","48189","Hale County, Texas","B01001_002",16697,126
"4609","48189","Hale County, Texas","B01001_003",873,84
"4610","48189","Hale County, Texas","B01001_004",1276,170
"4611","48189","Hale County, Texas","B01001_005",1081,176
"4612","48189","Hale County, Texas","B01001_006",894,93
"4613","48189","Hale County, Texas","B01001_007",600,106
"4614","48189","Hale County, Texas","B01001_008",206,113
"4615","48189","Hale County, Texas","B01001_009",304,123
"4616","48189","Hale County, Texas","B01001_010",1031,185
"4617","48189","Hale County, Texas","B01001_011",1206,87
"4618","48189","Hale County, Texas","B01001_012",1202,69
"4619","48189","Hale County, Texas","B01001_013",997,251
"4620","48189","Hale County, Texas","B01001_014",1247,245
"4621","48189","Hale County, Texas","B01001_015",966,96
"4622","48189","Hale County, Texas","B01001_016",897,26
"4623","48189","Hale County, Texas","B01001_017",866,184
"4624","48189","Hale County, Texas","B01001_018",579,186
"4625","48189","Hale County, Texas","B01001_019",403,129
"4626","48189","Hale County, Texas","B01001_020",355,95
"4627","48189","Hale County, Texas","B01001_021",311,105
"4628","48189","Hale County, Texas","B01001_022",580,134
"4629","48189","Hale County, Texas","B01001_023",347,98
"4630","48189","Hale County, Texas","B01001_024",213,83
"4631","48189","Hale County, Texas","B01001_025",263,93
"4632","48189","Hale County, Texas","B01001_026",15434,126
"4633","48189","Hale County, Texas","B01001_027",1224,85
"4634","48189","Hale County, Texas","B01001_028",1088,222
"4635","48189","Hale County, Texas","B01001_029",1255,240
"4636","48189","Hale County, Texas","B01001_030",755,34
"4637","48189","Hale County, Texas","B01001_031",325,137
"4638","48189","Hale County, Texas","B01001_032",279,100
"4639","48189","Hale County, Texas","B01001_033",81,52
"4640","48189","Hale County, Texas","B01001_034",819,169
"4641","48189","Hale County, Texas","B01001_035",967,78
"4642","48189","Hale County, Texas","B01001_036",906,9
"4643","48189","Hale County, Texas","B01001_037",698,165
"4644","48189","Hale County, Texas","B01001_038",1205,167
"4645","48189","Hale County, Texas","B01001_039",789,19
"4646","48189","Hale County, Texas","B01001_040",831,39
"4647","48189","Hale County, Texas","B01001_041",705,143
"4648","48189","Hale County, Texas","B01001_042",420,133
"4649","48189","Hale County, Texas","B01001_043",581,120
"4650","48189","Hale County, Texas","B01001_044",320,121
"4651","48189","Hale County, Texas","B01001_045",431,106
"4652","48189","Hale County, Texas","B01001_046",613,134
"4653","48189","Hale County, Texas","B01001_047",418,108
"4654","48189","Hale County, Texas","B01001_048",374,131
"4655","48189","Hale County, Texas","B01001_049",350,123
"4656","48191","Hall County, Texas","B01001_001",2820,NA
"4657","48191","Hall County, Texas","B01001_002",1392,46
"4658","48191","Hall County, Texas","B01001_003",84,25
"4659","48191","Hall County, Texas","B01001_004",99,37
"4660","48191","Hall County, Texas","B01001_005",52,24
"4661","48191","Hall County, Texas","B01001_006",53,27
"4662","48191","Hall County, Texas","B01001_007",3,5
"4663","48191","Hall County, Texas","B01001_008",1,4
"4664","48191","Hall County, Texas","B01001_009",31,29
"4665","48191","Hall County, Texas","B01001_010",34,30
"4666","48191","Hall County, Texas","B01001_011",117,49
"4667","48191","Hall County, Texas","B01001_012",93,41
"4668","48191","Hall County, Texas","B01001_013",129,45
"4669","48191","Hall County, Texas","B01001_014",27,23
"4670","48191","Hall County, Texas","B01001_015",45,23
"4671","48191","Hall County, Texas","B01001_016",67,43
"4672","48191","Hall County, Texas","B01001_017",129,34
"4673","48191","Hall County, Texas","B01001_018",19,18
"4674","48191","Hall County, Texas","B01001_019",67,31
"4675","48191","Hall County, Texas","B01001_020",47,31
"4676","48191","Hall County, Texas","B01001_021",50,24
"4677","48191","Hall County, Texas","B01001_022",94,37
"4678","48191","Hall County, Texas","B01001_023",92,43
"4679","48191","Hall County, Texas","B01001_024",37,26
"4680","48191","Hall County, Texas","B01001_025",22,20
"4681","48191","Hall County, Texas","B01001_026",1428,46
"4682","48191","Hall County, Texas","B01001_027",60,34
"4683","48191","Hall County, Texas","B01001_028",87,45
"4684","48191","Hall County, Texas","B01001_029",121,32
"4685","48191","Hall County, Texas","B01001_030",43,18
"4686","48191","Hall County, Texas","B01001_031",30,28
"4687","48191","Hall County, Texas","B01001_032",13,15
"4688","48191","Hall County, Texas","B01001_033",17,19
"4689","48191","Hall County, Texas","B01001_034",17,21
"4690","48191","Hall County, Texas","B01001_035",113,46
"4691","48191","Hall County, Texas","B01001_036",81,36
"4692","48191","Hall County, Texas","B01001_037",86,37
"4693","48191","Hall County, Texas","B01001_038",44,34
"4694","48191","Hall County, Texas","B01001_039",100,42
"4695","48191","Hall County, Texas","B01001_040",84,23
"4696","48191","Hall County, Texas","B01001_041",99,40
"4697","48191","Hall County, Texas","B01001_042",44,34
"4698","48191","Hall County, Texas","B01001_043",43,35
"4699","48191","Hall County, Texas","B01001_044",49,27
"4700","48191","Hall County, Texas","B01001_045",62,37
"4701","48191","Hall County, Texas","B01001_046",86,46
"4702","48191","Hall County, Texas","B01001_047",86,34
"4703","48191","Hall County, Texas","B01001_048",28,23
"4704","48191","Hall County, Texas","B01001_049",35,25
"4705","48193","Hamilton County, Texas","B01001_001",8406,NA
"4706","48193","Hamilton County, Texas","B01001_002",4161,120
"4707","48193","Hamilton County, Texas","B01001_003",155,70
"4708","48193","Hamilton County, Texas","B01001_004",365,110
"4709","48193","Hamilton County, Texas","B01001_005",230,97
"4710","48193","Hamilton County, Texas","B01001_006",152,70
"4711","48193","Hamilton County, Texas","B01001_007",184,59
"4712","48193","Hamilton County, Texas","B01001_008",32,24
"4713","48193","Hamilton County, Texas","B01001_009",12,25
"4714","48193","Hamilton County, Texas","B01001_010",74,43
"4715","48193","Hamilton County, Texas","B01001_011",231,55
"4716","48193","Hamilton County, Texas","B01001_012",263,42
"4717","48193","Hamilton County, Texas","B01001_013",241,80
"4718","48193","Hamilton County, Texas","B01001_014",252,66
"4719","48193","Hamilton County, Texas","B01001_015",187,2
"4720","48193","Hamilton County, Texas","B01001_016",222,36
"4721","48193","Hamilton County, Texas","B01001_017",351,74
"4722","48193","Hamilton County, Texas","B01001_018",68,40
"4723","48193","Hamilton County, Texas","B01001_019",148,59
"4724","48193","Hamilton County, Texas","B01001_020",122,81
"4725","48193","Hamilton County, Texas","B01001_021",170,60
"4726","48193","Hamilton County, Texas","B01001_022",266,87
"4727","48193","Hamilton County, Texas","B01001_023",230,58
"4728","48193","Hamilton County, Texas","B01001_024",121,53
"4729","48193","Hamilton County, Texas","B01001_025",85,55
"4730","48193","Hamilton County, Texas","B01001_026",4245,120
"4731","48193","Hamilton County, Texas","B01001_027",227,70
"4732","48193","Hamilton County, Texas","B01001_028",148,59
"4733","48193","Hamilton County, Texas","B01001_029",393,73
"4734","48193","Hamilton County, Texas","B01001_030",219,84
"4735","48193","Hamilton County, Texas","B01001_031",161,101
"4736","48193","Hamilton County, Texas","B01001_032",3,6
"4737","48193","Hamilton County, Texas","B01001_033",46,49
"4738","48193","Hamilton County, Texas","B01001_034",106,73
"4739","48193","Hamilton County, Texas","B01001_035",117,61
"4740","48193","Hamilton County, Texas","B01001_036",203,30
"4741","48193","Hamilton County, Texas","B01001_037",287,114
"4742","48193","Hamilton County, Texas","B01001_038",205,67
"4743","48193","Hamilton County, Texas","B01001_039",223,46
"4744","48193","Hamilton County, Texas","B01001_040",208,18
"4745","48193","Hamilton County, Texas","B01001_041",269,75
"4746","48193","Hamilton County, Texas","B01001_042",163,78
"4747","48193","Hamilton County, Texas","B01001_043",166,73
"4748","48193","Hamilton County, Texas","B01001_044",83,40
"4749","48193","Hamilton County, Texas","B01001_045",120,51
"4750","48193","Hamilton County, Texas","B01001_046",343,60
"4751","48193","Hamilton County, Texas","B01001_047",215,86
"4752","48193","Hamilton County, Texas","B01001_048",124,58
"4753","48193","Hamilton County, Texas","B01001_049",216,103
"4754","48195","Hansford County, Texas","B01001_001",5119,NA
"4755","48195","Hansford County, Texas","B01001_002",2620,75
"4756","48195","Hansford County, Texas","B01001_003",136,43
"4757","48195","Hansford County, Texas","B01001_004",255,61
"4758","48195","Hansford County, Texas","B01001_005",184,61
"4759","48195","Hansford County, Texas","B01001_006",188,55
"4760","48195","Hansford County, Texas","B01001_007",99,55
"4761","48195","Hansford County, Texas","B01001_008",35,39
"4762","48195","Hansford County, Texas","B01001_009",49,40
"4763","48195","Hansford County, Texas","B01001_010",139,83
"4764","48195","Hansford County, Texas","B01001_011",83,46
"4765","48195","Hansford County, Texas","B01001_012",159,45
"4766","48195","Hansford County, Texas","B01001_013",111,53
"4767","48195","Hansford County, Texas","B01001_014",200,75
"4768","48195","Hansford County, Texas","B01001_015",150,53
"4769","48195","Hansford County, Texas","B01001_016",123,49
"4770","48195","Hansford County, Texas","B01001_017",202,68
"4771","48195","Hansford County, Texas","B01001_018",98,37
"4772","48195","Hansford County, Texas","B01001_019",45,38
"4773","48195","Hansford County, Texas","B01001_020",42,41
"4774","48195","Hansford County, Texas","B01001_021",81,47
"4775","48195","Hansford County, Texas","B01001_022",91,24
"4776","48195","Hansford County, Texas","B01001_023",56,35
"4777","48195","Hansford County, Texas","B01001_024",33,24
"4778","48195","Hansford County, Texas","B01001_025",61,31
"4779","48195","Hansford County, Texas","B01001_026",2499,75
"4780","48195","Hansford County, Texas","B01001_027",217,44
"4781","48195","Hansford County, Texas","B01001_028",203,60
"4782","48195","Hansford County, Texas","B01001_029",169,60
"4783","48195","Hansford County, Texas","B01001_030",102,52
"4784","48195","Hansford County, Texas","B01001_031",128,84
"4785","48195","Hansford County, Texas","B01001_032",0,21
"4786","48195","Hansford County, Texas","B01001_033",5,8
"4787","48195","Hansford County, Texas","B01001_034",75,74
"4788","48195","Hansford County, Texas","B01001_035",153,74
"4789","48195","Hansford County, Texas","B01001_036",142,41
"4790","48195","Hansford County, Texas","B01001_037",131,53
"4791","48195","Hansford County, Texas","B01001_038",239,82
"4792","48195","Hansford County, Texas","B01001_039",81,57
"4793","48195","Hansford County, Texas","B01001_040",146,59
"4794","48195","Hansford County, Texas","B01001_041",197,79
"4795","48195","Hansford County, Texas","B01001_042",59,44
"4796","48195","Hansford County, Texas","B01001_043",94,51
"4797","48195","Hansford County, Texas","B01001_044",34,25
"4798","48195","Hansford County, Texas","B01001_045",89,29
"4799","48195","Hansford County, Texas","B01001_046",67,40
"4800","48195","Hansford County, Texas","B01001_047",41,28
"4801","48195","Hansford County, Texas","B01001_048",53,34
"4802","48195","Hansford County, Texas","B01001_049",74,39
"4803","48197","Hardeman County, Texas","B01001_001",3501,NA
"4804","48197","Hardeman County, Texas","B01001_002",1748,101
"4805","48197","Hardeman County, Texas","B01001_003",127,54
"4806","48197","Hardeman County, Texas","B01001_004",89,54
"4807","48197","Hardeman County, Texas","B01001_005",45,37
"4808","48197","Hardeman County, Texas","B01001_006",61,32
"4809","48197","Hardeman County, Texas","B01001_007",101,77
"4810","48197","Hardeman County, Texas","B01001_008",6,9
"4811","48197","Hardeman County, Texas","B01001_009",0,15
"4812","48197","Hardeman County, Texas","B01001_010",61,41
"4813","48197","Hardeman County, Texas","B01001_011",91,70
"4814","48197","Hardeman County, Texas","B01001_012",59,40
"4815","48197","Hardeman County, Texas","B01001_013",111,46
"4816","48197","Hardeman County, Texas","B01001_014",99,52
"4817","48197","Hardeman County, Texas","B01001_015",97,46
"4818","48197","Hardeman County, Texas","B01001_016",117,35
"4819","48197","Hardeman County, Texas","B01001_017",145,67
"4820","48197","Hardeman County, Texas","B01001_018",89,78
"4821","48197","Hardeman County, Texas","B01001_019",74,52
"4822","48197","Hardeman County, Texas","B01001_020",52,29
"4823","48197","Hardeman County, Texas","B01001_021",78,47
"4824","48197","Hardeman County, Texas","B01001_022",133,55
"4825","48197","Hardeman County, Texas","B01001_023",76,30
"4826","48197","Hardeman County, Texas","B01001_024",31,18
"4827","48197","Hardeman County, Texas","B01001_025",6,8
"4828","48197","Hardeman County, Texas","B01001_026",1753,101
"4829","48197","Hardeman County, Texas","B01001_027",95,53
"4830","48197","Hardeman County, Texas","B01001_028",140,65
"4831","48197","Hardeman County, Texas","B01001_029",107,60
"4832","48197","Hardeman County, Texas","B01001_030",82,44
"4833","48197","Hardeman County, Texas","B01001_031",111,58
"4834","48197","Hardeman County, Texas","B01001_032",15,21
"4835","48197","Hardeman County, Texas","B01001_033",12,20
"4836","48197","Hardeman County, Texas","B01001_034",21,21
"4837","48197","Hardeman County, Texas","B01001_035",84,44
"4838","48197","Hardeman County, Texas","B01001_036",106,54
"4839","48197","Hardeman County, Texas","B01001_037",59,35
"4840","48197","Hardeman County, Texas","B01001_038",78,44
"4841","48197","Hardeman County, Texas","B01001_039",118,33
"4842","48197","Hardeman County, Texas","B01001_040",119,39
"4843","48197","Hardeman County, Texas","B01001_041",110,49
"4844","48197","Hardeman County, Texas","B01001_042",13,14
"4845","48197","Hardeman County, Texas","B01001_043",100,66
"4846","48197","Hardeman County, Texas","B01001_044",59,31
"4847","48197","Hardeman County, Texas","B01001_045",133,44
"4848","48197","Hardeman County, Texas","B01001_046",73,35
"4849","48197","Hardeman County, Texas","B01001_047",45,28
"4850","48197","Hardeman County, Texas","B01001_048",59,35
"4851","48197","Hardeman County, Texas","B01001_049",14,21
"4852","48199","Hardin County, Texas","B01001_001",57642,NA
"4853","48199","Hardin County, Texas","B01001_002",28431,245
"4854","48199","Hardin County, Texas","B01001_003",1624,113
"4855","48199","Hardin County, Texas","B01001_004",2194,305
"4856","48199","Hardin County, Texas","B01001_005",2207,325
"4857","48199","Hardin County, Texas","B01001_006",1229,83
"4858","48199","Hardin County, Texas","B01001_007",687,104
"4859","48199","Hardin County, Texas","B01001_008",246,126
"4860","48199","Hardin County, Texas","B01001_009",369,175
"4861","48199","Hardin County, Texas","B01001_010",847,205
"4862","48199","Hardin County, Texas","B01001_011",1835,145
"4863","48199","Hardin County, Texas","B01001_012",1790,184
"4864","48199","Hardin County, Texas","B01001_013",1816,306
"4865","48199","Hardin County, Texas","B01001_014",1939,321
"4866","48199","Hardin County, Texas","B01001_015",1670,122
"4867","48199","Hardin County, Texas","B01001_016",1789,107
"4868","48199","Hardin County, Texas","B01001_017",2055,293
"4869","48199","Hardin County, Texas","B01001_018",784,193
"4870","48199","Hardin County, Texas","B01001_019",777,212
"4871","48199","Hardin County, Texas","B01001_020",413,145
"4872","48199","Hardin County, Texas","B01001_021",1161,243
"4873","48199","Hardin County, Texas","B01001_022",1307,202
"4874","48199","Hardin County, Texas","B01001_023",740,146
"4875","48199","Hardin County, Texas","B01001_024",681,166
"4876","48199","Hardin County, Texas","B01001_025",271,89
"4877","48199","Hardin County, Texas","B01001_026",29211,245
"4878","48199","Hardin County, Texas","B01001_027",1678,153
"4879","48199","Hardin County, Texas","B01001_028",2009,334
"4880","48199","Hardin County, Texas","B01001_029",1970,325
"4881","48199","Hardin County, Texas","B01001_030",1352,87
"4882","48199","Hardin County, Texas","B01001_031",681,104
"4883","48199","Hardin County, Texas","B01001_032",365,179
"4884","48199","Hardin County, Texas","B01001_033",239,125
"4885","48199","Hardin County, Texas","B01001_034",785,166
"4886","48199","Hardin County, Texas","B01001_035",1609,146
"4887","48199","Hardin County, Texas","B01001_036",1812,104
"4888","48199","Hardin County, Texas","B01001_037",2055,358
"4889","48199","Hardin County, Texas","B01001_038",1932,324
"4890","48199","Hardin County, Texas","B01001_039",1641,100
"4891","48199","Hardin County, Texas","B01001_040",1769,119
"4892","48199","Hardin County, Texas","B01001_041",1799,263
"4893","48199","Hardin County, Texas","B01001_042",645,152
"4894","48199","Hardin County, Texas","B01001_043",1234,281
"4895","48199","Hardin County, Texas","B01001_044",599,196
"4896","48199","Hardin County, Texas","B01001_045",1083,292
"4897","48199","Hardin County, Texas","B01001_046",1562,274
"4898","48199","Hardin County, Texas","B01001_047",1025,187
"4899","48199","Hardin County, Texas","B01001_048",829,194
"4900","48199","Hardin County, Texas","B01001_049",538,156
"4901","48201","Harris County, Texas","B01001_001",4838303,NA
"4902","48201","Harris County, Texas","B01001_002",2404895,95
"4903","48201","Harris County, Texas","B01001_003",168430,47
"4904","48201","Harris County, Texas","B01001_004",178834,3583
"4905","48201","Harris County, Texas","B01001_005",180125,3577
"4906","48201","Harris County, Texas","B01001_006",110837,60
"4907","48201","Harris County, Texas","B01001_007",65822,107
"4908","48201","Harris County, Texas","B01001_008",28930,2182
"4909","48201","Harris County, Texas","B01001_009",31506,1524
"4910","48201","Harris County, Texas","B01001_010",103735,2366
"4911","48201","Harris County, Texas","B01001_011",180813,53
"4912","48201","Harris County, Texas","B01001_012",190850,NA
"4913","48201","Harris County, Texas","B01001_013",184589,3253
"4914","48201","Harris County, Texas","B01001_014",172153,3250
"4915","48201","Harris County, Texas","B01001_015",154294,74
"4916","48201","Harris County, Texas","B01001_016",145724,59
"4917","48201","Harris County, Texas","B01001_017",131772,2607
"4918","48201","Harris County, Texas","B01001_018",50131,1952
"4919","48201","Harris County, Texas","B01001_019",71007,2305
"4920","48201","Harris County, Texas","B01001_020",40048,1527
"4921","48201","Harris County, Texas","B01001_021",55786,1791
"4922","48201","Harris County, Texas","B01001_022",72183,1774
"4923","48201","Harris County, Texas","B01001_023",43258,1280
"4924","48201","Harris County, Texas","B01001_024",24983,1218
"4925","48201","Harris County, Texas","B01001_025",19085,1216
"4926","48201","Harris County, Texas","B01001_026",2433408,95
"4927","48201","Harris County, Texas","B01001_027",162245,48
"4928","48201","Harris County, Texas","B01001_028",172188,2808
"4929","48201","Harris County, Texas","B01001_029",174681,2800
"4930","48201","Harris County, Texas","B01001_030",105731,60
"4931","48201","Harris County, Texas","B01001_031",61095,13
"4932","48201","Harris County, Texas","B01001_032",29288,1835
"4933","48201","Harris County, Texas","B01001_033",31438,1674
"4934","48201","Harris County, Texas","B01001_034",102218,1997
"4935","48201","Harris County, Texas","B01001_035",182928,93
"4936","48201","Harris County, Texas","B01001_036",190601,84
"4937","48201","Harris County, Texas","B01001_037",177246,3540
"4938","48201","Harris County, Texas","B01001_038",170969,3543
"4939","48201","Harris County, Texas","B01001_039",154101,57
"4940","48201","Harris County, Texas","B01001_040",146704,84
"4941","48201","Harris County, Texas","B01001_041",134601,2433
"4942","48201","Harris County, Texas","B01001_042",51386,1961
"4943","48201","Harris County, Texas","B01001_043",74183,2353
"4944","48201","Harris County, Texas","B01001_044",46182,1668
"4945","48201","Harris County, Texas","B01001_045",60137,1895
"4946","48201","Harris County, Texas","B01001_046",83511,2014
"4947","48201","Harris County, Texas","B01001_047",54416,1827
"4948","48201","Harris County, Texas","B01001_048",34695,1685
"4949","48201","Harris County, Texas","B01001_049",32864,1646
"4950","48203","Harrison County, Texas","B01001_001",70155,NA
"4951","48203","Harrison County, Texas","B01001_002",34162,138
"4952","48203","Harrison County, Texas","B01001_003",2057,34
"4953","48203","Harrison County, Texas","B01001_004",2455,363
"4954","48203","Harrison County, Texas","B01001_005",2441,362
"4955","48203","Harrison County, Texas","B01001_006",1449,101
"4956","48203","Harrison County, Texas","B01001_007",1153,213
"4957","48203","Harrison County, Texas","B01001_008",925,330
"4958","48203","Harrison County, Texas","B01001_009",340,151
"4959","48203","Harrison County, Texas","B01001_010",1027,252
"4960","48203","Harrison County, Texas","B01001_011",2147,122
"4961","48203","Harrison County, Texas","B01001_012",1753,137
"4962","48203","Harrison County, Texas","B01001_013",2029,324
"4963","48203","Harrison County, Texas","B01001_014",2547,348
"4964","48203","Harrison County, Texas","B01001_015",1779,99
"4965","48203","Harrison County, Texas","B01001_016",2004,160
"4966","48203","Harrison County, Texas","B01001_017",1965,289
"4967","48203","Harrison County, Texas","B01001_018",755,204
"4968","48203","Harrison County, Texas","B01001_019",1714,273
"4969","48203","Harrison County, Texas","B01001_020",859,210
"4970","48203","Harrison County, Texas","B01001_021",1324,230
"4971","48203","Harrison County, Texas","B01001_022",1337,231
"4972","48203","Harrison County, Texas","B01001_023",1123,187
"4973","48203","Harrison County, Texas","B01001_024",563,142
"4974","48203","Harrison County, Texas","B01001_025",416,141
"4975","48203","Harrison County, Texas","B01001_026",35993,138
"4976","48203","Harrison County, Texas","B01001_027",1920,22
"4977","48203","Harrison County, Texas","B01001_028",2093,251
"4978","48203","Harrison County, Texas","B01001_029",2691,253
"4979","48203","Harrison County, Texas","B01001_030",1738,110
"4980","48203","Harrison County, Texas","B01001_031",1388,340
"4981","48203","Harrison County, Texas","B01001_032",638,273
"4982","48203","Harrison County, Texas","B01001_033",634,243
"4983","48203","Harrison County, Texas","B01001_034",965,312
"4984","48203","Harrison County, Texas","B01001_035",1944,43
"4985","48203","Harrison County, Texas","B01001_036",2165,54
"4986","48203","Harrison County, Texas","B01001_037",2216,347
"4987","48203","Harrison County, Texas","B01001_038",2345,360
"4988","48203","Harrison County, Texas","B01001_039",1913,113
"4989","48203","Harrison County, Texas","B01001_040",2035,112
"4990","48203","Harrison County, Texas","B01001_041",2093,254
"4991","48203","Harrison County, Texas","B01001_042",845,189
"4992","48203","Harrison County, Texas","B01001_043",1708,248
"4993","48203","Harrison County, Texas","B01001_044",1061,211
"4994","48203","Harrison County, Texas","B01001_045",1382,250
"4995","48203","Harrison County, Texas","B01001_046",1427,208
"4996","48203","Harrison County, Texas","B01001_047",1337,235
"4997","48203","Harrison County, Texas","B01001_048",697,200
"4998","48203","Harrison County, Texas","B01001_049",758,204
"4999","48205","Hartley County, Texas","B01001_001",5215,NA
"5000","48205","Hartley County, Texas","B01001_002",2930,98
"5001","48205","Hartley County, Texas","B01001_003",178,88
"5002","48205","Hartley County, Texas","B01001_004",78,51
"5003","48205","Hartley County, Texas","B01001_005",184,76
"5004","48205","Hartley County, Texas","B01001_006",52,46
"5005","48205","Hartley County, Texas","B01001_007",1,3
"5006","48205","Hartley County, Texas","B01001_008",0,21
"5007","48205","Hartley County, Texas","B01001_009",15,22
"5008","48205","Hartley County, Texas","B01001_010",30,36
"5009","48205","Hartley County, Texas","B01001_011",307,62
"5010","48205","Hartley County, Texas","B01001_012",274,117
"5011","48205","Hartley County, Texas","B01001_013",251,115
"5012","48205","Hartley County, Texas","B01001_014",489,251
"5013","48205","Hartley County, Texas","B01001_015",144,82
"5014","48205","Hartley County, Texas","B01001_016",190,24
"5015","48205","Hartley County, Texas","B01001_017",140,64
"5016","48205","Hartley County, Texas","B01001_018",88,44
"5017","48205","Hartley County, Texas","B01001_019",117,51
"5018","48205","Hartley County, Texas","B01001_020",31,34
"5019","48205","Hartley County, Texas","B01001_021",34,45
"5020","48205","Hartley County, Texas","B01001_022",178,89
"5021","48205","Hartley County, Texas","B01001_023",65,53
"5022","48205","Hartley County, Texas","B01001_024",84,64
"5023","48205","Hartley County, Texas","B01001_025",0,21
"5024","48205","Hartley County, Texas","B01001_026",2285,98
"5025","48205","Hartley County, Texas","B01001_027",202,61
"5026","48205","Hartley County, Texas","B01001_028",216,76
"5027","48205","Hartley County, Texas","B01001_029",205,66
"5028","48205","Hartley County, Texas","B01001_030",45,39
"5029","48205","Hartley County, Texas","B01001_031",5,16
"5030","48205","Hartley County, Texas","B01001_032",1,3
"5031","48205","Hartley County, Texas","B01001_033",1,3
"5032","48205","Hartley County, Texas","B01001_034",40,65
"5033","48205","Hartley County, Texas","B01001_035",199,25
"5034","48205","Hartley County, Texas","B01001_036",210,115
"5035","48205","Hartley County, Texas","B01001_037",197,81
"5036","48205","Hartley County, Texas","B01001_038",74,61
"5037","48205","Hartley County, Texas","B01001_039",70,55
"5038","48205","Hartley County, Texas","B01001_040",156,114
"5039","48205","Hartley County, Texas","B01001_041",118,53
"5040","48205","Hartley County, Texas","B01001_042",52,40
"5041","48205","Hartley County, Texas","B01001_043",54,39
"5042","48205","Hartley County, Texas","B01001_044",102,44
"5043","48205","Hartley County, Texas","B01001_045",47,40
"5044","48205","Hartley County, Texas","B01001_046",61,43
"5045","48205","Hartley County, Texas","B01001_047",86,50
"5046","48205","Hartley County, Texas","B01001_048",27,29
"5047","48205","Hartley County, Texas","B01001_049",117,59
"5048","48207","Haskell County, Texas","B01001_001",5421,NA
"5049","48207","Haskell County, Texas","B01001_002",2966,68
"5050","48207","Haskell County, Texas","B01001_003",152,24
"5051","48207","Haskell County, Texas","B01001_004",119,61
"5052","48207","Haskell County, Texas","B01001_005",169,40
"5053","48207","Haskell County, Texas","B01001_006",153,46
"5054","48207","Haskell County, Texas","B01001_007",256,79
"5055","48207","Haskell County, Texas","B01001_008",0,21
"5056","48207","Haskell County, Texas","B01001_009",13,23
"5057","48207","Haskell County, Texas","B01001_010",69,52
"5058","48207","Haskell County, Texas","B01001_011",166,75
"5059","48207","Haskell County, Texas","B01001_012",135,72
"5060","48207","Haskell County, Texas","B01001_013",215,66
"5061","48207","Haskell County, Texas","B01001_014",242,94
"5062","48207","Haskell County, Texas","B01001_015",194,80
"5063","48207","Haskell County, Texas","B01001_016",145,25
"5064","48207","Haskell County, Texas","B01001_017",144,49
"5065","48207","Haskell County, Texas","B01001_018",127,55
"5066","48207","Haskell County, Texas","B01001_019",89,38
"5067","48207","Haskell County, Texas","B01001_020",87,52
"5068","48207","Haskell County, Texas","B01001_021",54,35
"5069","48207","Haskell County, Texas","B01001_022",210,43
"5070","48207","Haskell County, Texas","B01001_023",117,37
"5071","48207","Haskell County, Texas","B01001_024",68,38
"5072","48207","Haskell County, Texas","B01001_025",42,33
"5073","48207","Haskell County, Texas","B01001_026",2455,68
"5074","48207","Haskell County, Texas","B01001_027",73,11
"5075","48207","Haskell County, Texas","B01001_028",93,28
"5076","48207","Haskell County, Texas","B01001_029",160,49
"5077","48207","Haskell County, Texas","B01001_030",62,27
"5078","48207","Haskell County, Texas","B01001_031",88,55
"5079","48207","Haskell County, Texas","B01001_032",34,24
"5080","48207","Haskell County, Texas","B01001_033",21,26
"5081","48207","Haskell County, Texas","B01001_034",83,58
"5082","48207","Haskell County, Texas","B01001_035",97,38
"5083","48207","Haskell County, Texas","B01001_036",142,48
"5084","48207","Haskell County, Texas","B01001_037",98,45
"5085","48207","Haskell County, Texas","B01001_038",190,53
"5086","48207","Haskell County, Texas","B01001_039",143,33
"5087","48207","Haskell County, Texas","B01001_040",127,29
"5088","48207","Haskell County, Texas","B01001_041",227,44
"5089","48207","Haskell County, Texas","B01001_042",63,32
"5090","48207","Haskell County, Texas","B01001_043",102,42
"5091","48207","Haskell County, Texas","B01001_044",59,26
"5092","48207","Haskell County, Texas","B01001_045",84,37
"5093","48207","Haskell County, Texas","B01001_046",256,40
"5094","48207","Haskell County, Texas","B01001_047",100,46
"5095","48207","Haskell County, Texas","B01001_048",100,51
"5096","48207","Haskell County, Texas","B01001_049",53,28
"5097","48209","Hays County, Texas","B01001_001",268638,NA
"5098","48209","Hays County, Texas","B01001_002",133903,194
"5099","48209","Hays County, Texas","B01001_003",7968,72
"5100","48209","Hays County, Texas","B01001_004",8284,718
"5101","48209","Hays County, Texas","B01001_005",9154,721
"5102","48209","Hays County, Texas","B01001_006",5361,174
"5103","48209","Hays County, Texas","B01001_007",5255,166
"5104","48209","Hays County, Texas","B01001_008",3230,658
"5105","48209","Hays County, Texas","B01001_009",2351,425
"5106","48209","Hays County, Texas","B01001_010",8417,749
"5107","48209","Hays County, Texas","B01001_011",9727,27
"5108","48209","Hays County, Texas","B01001_012",9844,41
"5109","48209","Hays County, Texas","B01001_013",9810,814
"5110","48209","Hays County, Texas","B01001_014",10715,844
"5111","48209","Hays County, Texas","B01001_015",8273,253
"5112","48209","Hays County, Texas","B01001_016",7443,63
"5113","48209","Hays County, Texas","B01001_017",6113,591
"5114","48209","Hays County, Texas","B01001_018",3090,432
"5115","48209","Hays County, Texas","B01001_019",3843,478
"5116","48209","Hays County, Texas","B01001_020",1793,356
"5117","48209","Hays County, Texas","B01001_021",3302,434
"5118","48209","Hays County, Texas","B01001_022",4850,563
"5119","48209","Hays County, Texas","B01001_023",2763,275
"5120","48209","Hays County, Texas","B01001_024",1415,245
"5121","48209","Hays County, Texas","B01001_025",902,212
"5122","48209","Hays County, Texas","B01001_026",134735,194
"5123","48209","Hays County, Texas","B01001_027",7556,21
"5124","48209","Hays County, Texas","B01001_028",9178,806
"5125","48209","Hays County, Texas","B01001_029",7669,813
"5126","48209","Hays County, Texas","B01001_030",5050,150
"5127","48209","Hays County, Texas","B01001_031",5798,254
"5128","48209","Hays County, Texas","B01001_032",4315,666
"5129","48209","Hays County, Texas","B01001_033",4253,803
"5130","48209","Hays County, Texas","B01001_034",6508,787
"5131","48209","Hays County, Texas","B01001_035",8544,99
"5132","48209","Hays County, Texas","B01001_036",9370,37
"5133","48209","Hays County, Texas","B01001_037",10181,825
"5134","48209","Hays County, Texas","B01001_038",9763,825
"5135","48209","Hays County, Texas","B01001_039",7909,87
"5136","48209","Hays County, Texas","B01001_040",7279,127
"5137","48209","Hays County, Texas","B01001_041",6245,592
"5138","48209","Hays County, Texas","B01001_042",3211,484
"5139","48209","Hays County, Texas","B01001_043",4269,477
"5140","48209","Hays County, Texas","B01001_044",2029,335
"5141","48209","Hays County, Texas","B01001_045",4132,470
"5142","48209","Hays County, Texas","B01001_046",5227,489
"5143","48209","Hays County, Texas","B01001_047",3015,349
"5144","48209","Hays County, Texas","B01001_048",1515,259
"5145","48209","Hays County, Texas","B01001_049",1719,302
"5146","48211","Hemphill County, Texas","B01001_001",3234,NA
"5147","48211","Hemphill County, Texas","B01001_002",1787,88
"5148","48211","Hemphill County, Texas","B01001_003",55,25
"5149","48211","Hemphill County, Texas","B01001_004",153,59
"5150","48211","Hemphill County, Texas","B01001_005",73,40
"5151","48211","Hemphill County, Texas","B01001_006",110,35
"5152","48211","Hemphill County, Texas","B01001_007",61,50
"5153","48211","Hemphill County, Texas","B01001_008",0,15
"5154","48211","Hemphill County, Texas","B01001_009",10,18
"5155","48211","Hemphill County, Texas","B01001_010",47,37
"5156","48211","Hemphill County, Texas","B01001_011",134,54
"5157","48211","Hemphill County, Texas","B01001_012",90,37
"5158","48211","Hemphill County, Texas","B01001_013",121,48
"5159","48211","Hemphill County, Texas","B01001_014",107,54
"5160","48211","Hemphill County, Texas","B01001_015",154,46
"5161","48211","Hemphill County, Texas","B01001_016",75,41
"5162","48211","Hemphill County, Texas","B01001_017",76,53
"5163","48211","Hemphill County, Texas","B01001_018",80,47
"5164","48211","Hemphill County, Texas","B01001_019",60,43
"5165","48211","Hemphill County, Texas","B01001_020",80,60
"5166","48211","Hemphill County, Texas","B01001_021",76,55
"5167","48211","Hemphill County, Texas","B01001_022",109,76
"5168","48211","Hemphill County, Texas","B01001_023",61,24
"5169","48211","Hemphill County, Texas","B01001_024",29,25
"5170","48211","Hemphill County, Texas","B01001_025",26,25
"5171","48211","Hemphill County, Texas","B01001_026",1447,88
"5172","48211","Hemphill County, Texas","B01001_027",64,26
"5173","48211","Hemphill County, Texas","B01001_028",67,42
"5174","48211","Hemphill County, Texas","B01001_029",71,48
"5175","48211","Hemphill County, Texas","B01001_030",70,42
"5176","48211","Hemphill County, Texas","B01001_031",31,33
"5177","48211","Hemphill County, Texas","B01001_032",0,15
"5178","48211","Hemphill County, Texas","B01001_033",11,18
"5179","48211","Hemphill County, Texas","B01001_034",50,41
"5180","48211","Hemphill County, Texas","B01001_035",78,32
"5181","48211","Hemphill County, Texas","B01001_036",57,26
"5182","48211","Hemphill County, Texas","B01001_037",66,35
"5183","48211","Hemphill County, Texas","B01001_038",73,41
"5184","48211","Hemphill County, Texas","B01001_039",157,62
"5185","48211","Hemphill County, Texas","B01001_040",93,44
"5186","48211","Hemphill County, Texas","B01001_041",148,49
"5187","48211","Hemphill County, Texas","B01001_042",28,21
"5188","48211","Hemphill County, Texas","B01001_043",20,23
"5189","48211","Hemphill County, Texas","B01001_044",63,42
"5190","48211","Hemphill County, Texas","B01001_045",57,42
"5191","48211","Hemphill County, Texas","B01001_046",93,46
"5192","48211","Hemphill County, Texas","B01001_047",30,24
"5193","48211","Hemphill County, Texas","B01001_048",35,33
"5194","48211","Hemphill County, Texas","B01001_049",85,39
"5195","48213","Henderson County, Texas","B01001_001",84862,NA
"5196","48213","Henderson County, Texas","B01001_002",41775,147
"5197","48213","Henderson County, Texas","B01001_003",2519,123
"5198","48213","Henderson County, Texas","B01001_004",2423,299
"5199","48213","Henderson County, Texas","B01001_005",2848,297
"5200","48213","Henderson County, Texas","B01001_006",1711,61
"5201","48213","Henderson County, Texas","B01001_007",1088,79
"5202","48213","Henderson County, Texas","B01001_008",352,137
"5203","48213","Henderson County, Texas","B01001_009",429,140
"5204","48213","Henderson County, Texas","B01001_010",1576,209
"5205","48213","Henderson County, Texas","B01001_011",2338,88
"5206","48213","Henderson County, Texas","B01001_012",2339,133
"5207","48213","Henderson County, Texas","B01001_013",2093,309
"5208","48213","Henderson County, Texas","B01001_014",2521,313
"5209","48213","Henderson County, Texas","B01001_015",2201,115
"5210","48213","Henderson County, Texas","B01001_016",2517,22
"5211","48213","Henderson County, Texas","B01001_017",2576,283
"5212","48213","Henderson County, Texas","B01001_018",1258,276
"5213","48213","Henderson County, Texas","B01001_019",2082,285
"5214","48213","Henderson County, Texas","B01001_020",1164,162
"5215","48213","Henderson County, Texas","B01001_021",1871,232
"5216","48213","Henderson County, Texas","B01001_022",2373,228
"5217","48213","Henderson County, Texas","B01001_023",1459,168
"5218","48213","Henderson County, Texas","B01001_024",1081,138
"5219","48213","Henderson County, Texas","B01001_025",956,167
"5220","48213","Henderson County, Texas","B01001_026",43087,147
"5221","48213","Henderson County, Texas","B01001_027",2192,92
"5222","48213","Henderson County, Texas","B01001_028",2644,266
"5223","48213","Henderson County, Texas","B01001_029",2258,260
"5224","48213","Henderson County, Texas","B01001_030",1569,61
"5225","48213","Henderson County, Texas","B01001_031",785,33
"5226","48213","Henderson County, Texas","B01001_032",485,169
"5227","48213","Henderson County, Texas","B01001_033",431,158
"5228","48213","Henderson County, Texas","B01001_034",1464,165
"5229","48213","Henderson County, Texas","B01001_035",2337,83
"5230","48213","Henderson County, Texas","B01001_036",2409,142
"5231","48213","Henderson County, Texas","B01001_037",2036,285
"5232","48213","Henderson County, Texas","B01001_038",2709,282
"5233","48213","Henderson County, Texas","B01001_039",2465,145
"5234","48213","Henderson County, Texas","B01001_040",2736,29
"5235","48213","Henderson County, Texas","B01001_041",2824,379
"5236","48213","Henderson County, Texas","B01001_042",1527,304
"5237","48213","Henderson County, Texas","B01001_043",1984,272
"5238","48213","Henderson County, Texas","B01001_044",1405,282
"5239","48213","Henderson County, Texas","B01001_045",1698,244
"5240","48213","Henderson County, Texas","B01001_046",2798,306
"5241","48213","Henderson County, Texas","B01001_047",1696,249
"5242","48213","Henderson County, Texas","B01001_048",1506,265
"5243","48213","Henderson County, Texas","B01001_049",1129,232
"5244","48215","Hidalgo County, Texas","B01001_001",891977,NA
"5245","48215","Hidalgo County, Texas","B01001_002",440466,176
"5246","48215","Hidalgo County, Texas","B01001_003",35616,150
"5247","48215","Hidalgo County, Texas","B01001_004",37595,1427
"5248","48215","Hidalgo County, Texas","B01001_005",43415,1429
"5249","48215","Hidalgo County, Texas","B01001_006",24038,95
"5250","48215","Hidalgo County, Texas","B01001_007",15196,225
"5251","48215","Hidalgo County, Texas","B01001_008",7698,778
"5252","48215","Hidalgo County, Texas","B01001_009",7531,678
"5253","48215","Hidalgo County, Texas","B01001_010",19913,915
"5254","48215","Hidalgo County, Texas","B01001_011",32264,219
"5255","48215","Hidalgo County, Texas","B01001_012",29913,88
"5256","48215","Hidalgo County, Texas","B01001_013",26937,1087
"5257","48215","Hidalgo County, Texas","B01001_014",27526,1133
"5258","48215","Hidalgo County, Texas","B01001_015",26149,153
"5259","48215","Hidalgo County, Texas","B01001_016",23613,269
"5260","48215","Hidalgo County, Texas","B01001_017",18329,830
"5261","48215","Hidalgo County, Texas","B01001_018",7460,708
"5262","48215","Hidalgo County, Texas","B01001_019",10728,771
"5263","48215","Hidalgo County, Texas","B01001_020",6401,622
"5264","48215","Hidalgo County, Texas","B01001_021",8686,659
"5265","48215","Hidalgo County, Texas","B01001_022",11851,672
"5266","48215","Hidalgo County, Texas","B01001_023",9630,590
"5267","48215","Hidalgo County, Texas","B01001_024",5568,406
"5268","48215","Hidalgo County, Texas","B01001_025",4409,503
"5269","48215","Hidalgo County, Texas","B01001_026",451511,176
"5270","48215","Hidalgo County, Texas","B01001_027",34230,134
"5271","48215","Hidalgo County, Texas","B01001_028",36416,1381
"5272","48215","Hidalgo County, Texas","B01001_029",40986,1382
"5273","48215","Hidalgo County, Texas","B01001_030",23949,95
"5274","48215","Hidalgo County, Texas","B01001_031",14735,132
"5275","48215","Hidalgo County, Texas","B01001_032",7464,691
"5276","48215","Hidalgo County, Texas","B01001_033",7235,743
"5277","48215","Hidalgo County, Texas","B01001_034",19959,839
"5278","48215","Hidalgo County, Texas","B01001_035",31297,102
"5279","48215","Hidalgo County, Texas","B01001_036",28810,129
"5280","48215","Hidalgo County, Texas","B01001_037",27618,957
"5281","48215","Hidalgo County, Texas","B01001_038",26991,947
"5282","48215","Hidalgo County, Texas","B01001_039",27290,88
"5283","48215","Hidalgo County, Texas","B01001_040",25387,67
"5284","48215","Hidalgo County, Texas","B01001_041",21968,855
"5285","48215","Hidalgo County, Texas","B01001_042",7668,654
"5286","48215","Hidalgo County, Texas","B01001_043",11518,818
"5287","48215","Hidalgo County, Texas","B01001_044",7385,701
"5288","48215","Hidalgo County, Texas","B01001_045",9604,682
"5289","48215","Hidalgo County, Texas","B01001_046",14850,745
"5290","48215","Hidalgo County, Texas","B01001_047",11136,707
"5291","48215","Hidalgo County, Texas","B01001_048",7677,707
"5292","48215","Hidalgo County, Texas","B01001_049",7338,639
"5293","48217","Hill County, Texas","B01001_001",37328,NA
"5294","48217","Hill County, Texas","B01001_002",18616,61
"5295","48217","Hill County, Texas","B01001_003",1063,47
"5296","48217","Hill County, Texas","B01001_004",1106,174
"5297","48217","Hill County, Texas","B01001_005",1447,174
"5298","48217","Hill County, Texas","B01001_006",772,27
"5299","48217","Hill County, Texas","B01001_007",428,17
"5300","48217","Hill County, Texas","B01001_008",277,107
"5301","48217","Hill County, Texas","B01001_009",331,122
"5302","48217","Hill County, Texas","B01001_010",512,124
"5303","48217","Hill County, Texas","B01001_011",1067,68
"5304","48217","Hill County, Texas","B01001_012",1096,50
"5305","48217","Hill County, Texas","B01001_013",1214,157
"5306","48217","Hill County, Texas","B01001_014",1003,147
"5307","48217","Hill County, Texas","B01001_015",984,29
"5308","48217","Hill County, Texas","B01001_016",1121,48
"5309","48217","Hill County, Texas","B01001_017",1144,163
"5310","48217","Hill County, Texas","B01001_018",627,138
"5311","48217","Hill County, Texas","B01001_019",788,147
"5312","48217","Hill County, Texas","B01001_020",557,126
"5313","48217","Hill County, Texas","B01001_021",580,113
"5314","48217","Hill County, Texas","B01001_022",1069,146
"5315","48217","Hill County, Texas","B01001_023",742,105
"5316","48217","Hill County, Texas","B01001_024",472,94
"5317","48217","Hill County, Texas","B01001_025",216,66
"5318","48217","Hill County, Texas","B01001_026",18712,61
"5319","48217","Hill County, Texas","B01001_027",1068,51
"5320","48217","Hill County, Texas","B01001_028",995,150
"5321","48217","Hill County, Texas","B01001_029",1379,147
"5322","48217","Hill County, Texas","B01001_030",808,29
"5323","48217","Hill County, Texas","B01001_031",307,58
"5324","48217","Hill County, Texas","B01001_032",336,122
"5325","48217","Hill County, Texas","B01001_033",216,103
"5326","48217","Hill County, Texas","B01001_034",631,111
"5327","48217","Hill County, Texas","B01001_035",1002,38
"5328","48217","Hill County, Texas","B01001_036",1038,36
"5329","48217","Hill County, Texas","B01001_037",1146,136
"5330","48217","Hill County, Texas","B01001_038",1040,147
"5331","48217","Hill County, Texas","B01001_039",1039,67
"5332","48217","Hill County, Texas","B01001_040",1143,18
"5333","48217","Hill County, Texas","B01001_041",1272,146
"5334","48217","Hill County, Texas","B01001_042",592,135
"5335","48217","Hill County, Texas","B01001_043",716,125
"5336","48217","Hill County, Texas","B01001_044",538,119
"5337","48217","Hill County, Texas","B01001_045",635,107
"5338","48217","Hill County, Texas","B01001_046",1191,137
"5339","48217","Hill County, Texas","B01001_047",677,105
"5340","48217","Hill County, Texas","B01001_048",504,80
"5341","48217","Hill County, Texas","B01001_049",439,104
"5342","48219","Hockley County, Texas","B01001_001",21363,NA
"5343","48219","Hockley County, Texas","B01001_002",10559,106
"5344","48219","Hockley County, Texas","B01001_003",731,31
"5345","48219","Hockley County, Texas","B01001_004",608,149
"5346","48219","Hockley County, Texas","B01001_005",1011,146
"5347","48219","Hockley County, Texas","B01001_006",522,23
"5348","48219","Hockley County, Texas","B01001_007",331,62
"5349","48219","Hockley County, Texas","B01001_008",103,60
"5350","48219","Hockley County, Texas","B01001_009",123,73
"5351","48219","Hockley County, Texas","B01001_010",439,90
"5352","48219","Hockley County, Texas","B01001_011",630,9
"5353","48219","Hockley County, Texas","B01001_012",756,18
"5354","48219","Hockley County, Texas","B01001_013",769,143
"5355","48219","Hockley County, Texas","B01001_014",678,161
"5356","48219","Hockley County, Texas","B01001_015",568,7
"5357","48219","Hockley County, Texas","B01001_016",536,25
"5358","48219","Hockley County, Texas","B01001_017",655,125
"5359","48219","Hockley County, Texas","B01001_018",206,67
"5360","48219","Hockley County, Texas","B01001_019",363,106
"5361","48219","Hockley County, Texas","B01001_020",239,63
"5362","48219","Hockley County, Texas","B01001_021",312,73
"5363","48219","Hockley County, Texas","B01001_022",456,86
"5364","48219","Hockley County, Texas","B01001_023",272,56
"5365","48219","Hockley County, Texas","B01001_024",109,48
"5366","48219","Hockley County, Texas","B01001_025",142,44
"5367","48219","Hockley County, Texas","B01001_026",10804,106
"5368","48219","Hockley County, Texas","B01001_027",727,29
"5369","48219","Hockley County, Texas","B01001_028",790,127
"5370","48219","Hockley County, Texas","B01001_029",772,131
"5371","48219","Hockley County, Texas","B01001_030",526,25
"5372","48219","Hockley County, Texas","B01001_031",307,17
"5373","48219","Hockley County, Texas","B01001_032",217,103
"5374","48219","Hockley County, Texas","B01001_033",164,83
"5375","48219","Hockley County, Texas","B01001_034",376,105
"5376","48219","Hockley County, Texas","B01001_035",634,43
"5377","48219","Hockley County, Texas","B01001_036",673,18
"5378","48219","Hockley County, Texas","B01001_037",719,132
"5379","48219","Hockley County, Texas","B01001_038",669,129
"5380","48219","Hockley County, Texas","B01001_039",574,17
"5381","48219","Hockley County, Texas","B01001_040",643,75
"5382","48219","Hockley County, Texas","B01001_041",639,100
"5383","48219","Hockley County, Texas","B01001_042",272,76
"5384","48219","Hockley County, Texas","B01001_043",348,84
"5385","48219","Hockley County, Texas","B01001_044",281,79
"5386","48219","Hockley County, Texas","B01001_045",297,91
"5387","48219","Hockley County, Texas","B01001_046",406,83
"5388","48219","Hockley County, Texas","B01001_047",300,78
"5389","48219","Hockley County, Texas","B01001_048",195,67
"5390","48219","Hockley County, Texas","B01001_049",275,90
"5391","48221","Hood County, Texas","B01001_001",65894,NA
"5392","48221","Hood County, Texas","B01001_002",32379,96
"5393","48221","Hood County, Texas","B01001_003",1636,46
"5394","48221","Hood County, Texas","B01001_004",1840,218
"5395","48221","Hood County, Texas","B01001_005",2204,223
"5396","48221","Hood County, Texas","B01001_006",1329,61
"5397","48221","Hood County, Texas","B01001_007",725,100
"5398","48221","Hood County, Texas","B01001_008",225,82
"5399","48221","Hood County, Texas","B01001_009",520,222
"5400","48221","Hood County, Texas","B01001_010",753,186
"5401","48221","Hood County, Texas","B01001_011",1512,200
"5402","48221","Hood County, Texas","B01001_012",1728,48
"5403","48221","Hood County, Texas","B01001_013",1597,230
"5404","48221","Hood County, Texas","B01001_014",2243,245
"5405","48221","Hood County, Texas","B01001_015",1751,116
"5406","48221","Hood County, Texas","B01001_016",1769,103
"5407","48221","Hood County, Texas","B01001_017",2424,262
"5408","48221","Hood County, Texas","B01001_018",1122,223
"5409","48221","Hood County, Texas","B01001_019",1054,219
"5410","48221","Hood County, Texas","B01001_020",1130,210
"5411","48221","Hood County, Texas","B01001_021",1125,187
"5412","48221","Hood County, Texas","B01001_022",2535,251
"5413","48221","Hood County, Texas","B01001_023",1491,219
"5414","48221","Hood County, Texas","B01001_024",824,176
"5415","48221","Hood County, Texas","B01001_025",842,172
"5416","48221","Hood County, Texas","B01001_026",33515,96
"5417","48221","Hood County, Texas","B01001_027",1607,51
"5418","48221","Hood County, Texas","B01001_028",1796,246
"5419","48221","Hood County, Texas","B01001_029",1868,236
"5420","48221","Hood County, Texas","B01001_030",1187,34
"5421","48221","Hood County, Texas","B01001_031",588,122
"5422","48221","Hood County, Texas","B01001_032",267,127
"5423","48221","Hood County, Texas","B01001_033",332,142
"5424","48221","Hood County, Texas","B01001_034",960,163
"5425","48221","Hood County, Texas","B01001_035",1686,51
"5426","48221","Hood County, Texas","B01001_036",1856,62
"5427","48221","Hood County, Texas","B01001_037",1661,254
"5428","48221","Hood County, Texas","B01001_038",2061,259
"5429","48221","Hood County, Texas","B01001_039",1635,55
"5430","48221","Hood County, Texas","B01001_040",2014,110
"5431","48221","Hood County, Texas","B01001_041",2481,291
"5432","48221","Hood County, Texas","B01001_042",1162,245
"5433","48221","Hood County, Texas","B01001_043",1461,214
"5434","48221","Hood County, Texas","B01001_044",1018,205
"5435","48221","Hood County, Texas","B01001_045",1372,195
"5436","48221","Hood County, Texas","B01001_046",2712,259
"5437","48221","Hood County, Texas","B01001_047",1564,254
"5438","48221","Hood County, Texas","B01001_048",1198,214
"5439","48221","Hood County, Texas","B01001_049",1029,262
"5440","48223","Hopkins County, Texas","B01001_001",37784,NA
"5441","48223","Hopkins County, Texas","B01001_002",18566,152
"5442","48223","Hopkins County, Texas","B01001_003",1193,135
"5443","48223","Hopkins County, Texas","B01001_004",1333,176
"5444","48223","Hopkins County, Texas","B01001_005",1170,173
"5445","48223","Hopkins County, Texas","B01001_006",940,86
"5446","48223","Hopkins County, Texas","B01001_007",447,36
"5447","48223","Hopkins County, Texas","B01001_008",208,88
"5448","48223","Hopkins County, Texas","B01001_009",242,92
"5449","48223","Hopkins County, Texas","B01001_010",692,108
"5450","48223","Hopkins County, Texas","B01001_011",1150,62
"5451","48223","Hopkins County, Texas","B01001_012",1166,92
"5452","48223","Hopkins County, Texas","B01001_013",1145,162
"5453","48223","Hopkins County, Texas","B01001_014",998,158
"5454","48223","Hopkins County, Texas","B01001_015",1056,80
"5455","48223","Hopkins County, Texas","B01001_016",1251,99
"5456","48223","Hopkins County, Texas","B01001_017",990,159
"5457","48223","Hopkins County, Texas","B01001_018",526,132
"5458","48223","Hopkins County, Texas","B01001_019",872,159
"5459","48223","Hopkins County, Texas","B01001_020",389,100
"5460","48223","Hopkins County, Texas","B01001_021",805,137
"5461","48223","Hopkins County, Texas","B01001_022",767,110
"5462","48223","Hopkins County, Texas","B01001_023",522,105
"5463","48223","Hopkins County, Texas","B01001_024",444,104
"5464","48223","Hopkins County, Texas","B01001_025",260,83
"5465","48223","Hopkins County, Texas","B01001_026",19218,152
"5466","48223","Hopkins County, Texas","B01001_027",1273,100
"5467","48223","Hopkins County, Texas","B01001_028",1219,179
"5468","48223","Hopkins County, Texas","B01001_029",1235,198
"5469","48223","Hopkins County, Texas","B01001_030",809,55
"5470","48223","Hopkins County, Texas","B01001_031",394,64
"5471","48223","Hopkins County, Texas","B01001_032",199,96
"5472","48223","Hopkins County, Texas","B01001_033",182,79
"5473","48223","Hopkins County, Texas","B01001_034",772,120
"5474","48223","Hopkins County, Texas","B01001_035",1044,32
"5475","48223","Hopkins County, Texas","B01001_036",1127,45
"5476","48223","Hopkins County, Texas","B01001_037",1203,141
"5477","48223","Hopkins County, Texas","B01001_038",1027,132
"5478","48223","Hopkins County, Texas","B01001_039",1115,79
"5479","48223","Hopkins County, Texas","B01001_040",1297,124
"5480","48223","Hopkins County, Texas","B01001_041",1159,154
"5481","48223","Hopkins County, Texas","B01001_042",737,153
"5482","48223","Hopkins County, Texas","B01001_043",539,130
"5483","48223","Hopkins County, Texas","B01001_044",616,114
"5484","48223","Hopkins County, Texas","B01001_045",623,130
"5485","48223","Hopkins County, Texas","B01001_046",933,139
"5486","48223","Hopkins County, Texas","B01001_047",704,110
"5487","48223","Hopkins County, Texas","B01001_048",519,94
"5488","48223","Hopkins County, Texas","B01001_049",492,98
"5489","48225","Houston County, Texas","B01001_001",22051,NA
"5490","48225","Houston County, Texas","B01001_002",11891,233
"5491","48225","Houston County, Texas","B01001_003",600,115
"5492","48225","Houston County, Texas","B01001_004",597,184
"5493","48225","Houston County, Texas","B01001_005",787,134
"5494","48225","Houston County, Texas","B01001_006",348,73
"5495","48225","Houston County, Texas","B01001_007",334,107
"5496","48225","Houston County, Texas","B01001_008",52,41
"5497","48225","Houston County, Texas","B01001_009",77,79
"5498","48225","Houston County, Texas","B01001_010",162,68
"5499","48225","Houston County, Texas","B01001_011",725,81
"5500","48225","Houston County, Texas","B01001_012",759,113
"5501","48225","Houston County, Texas","B01001_013",879,199
"5502","48225","Houston County, Texas","B01001_014",1017,223
"5503","48225","Houston County, Texas","B01001_015",941,173
"5504","48225","Houston County, Texas","B01001_016",840,156
"5505","48225","Houston County, Texas","B01001_017",717,141
"5506","48225","Houston County, Texas","B01001_018",249,92
"5507","48225","Houston County, Texas","B01001_019",550,141
"5508","48225","Houston County, Texas","B01001_020",279,81
"5509","48225","Houston County, Texas","B01001_021",471,121
"5510","48225","Houston County, Texas","B01001_022",496,104
"5511","48225","Houston County, Texas","B01001_023",386,81
"5512","48225","Houston County, Texas","B01001_024",395,89
"5513","48225","Houston County, Texas","B01001_025",230,70
"5514","48225","Houston County, Texas","B01001_026",10160,233
"5515","48225","Houston County, Texas","B01001_027",528,115
"5516","48225","Houston County, Texas","B01001_028",540,170
"5517","48225","Houston County, Texas","B01001_029",589,145
"5518","48225","Houston County, Texas","B01001_030",490,142
"5519","48225","Houston County, Texas","B01001_031",209,81
"5520","48225","Houston County, Texas","B01001_032",53,78
"5521","48225","Houston County, Texas","B01001_033",90,51
"5522","48225","Houston County, Texas","B01001_034",281,100
"5523","48225","Houston County, Texas","B01001_035",362,76
"5524","48225","Houston County, Texas","B01001_036",673,123
"5525","48225","Houston County, Texas","B01001_037",702,143
"5526","48225","Houston County, Texas","B01001_038",490,153
"5527","48225","Houston County, Texas","B01001_039",539,119
"5528","48225","Houston County, Texas","B01001_040",554,103
"5529","48225","Houston County, Texas","B01001_041",789,139
"5530","48225","Houston County, Texas","B01001_042",235,97
"5531","48225","Houston County, Texas","B01001_043",395,125
"5532","48225","Houston County, Texas","B01001_044",297,84
"5533","48225","Houston County, Texas","B01001_045",420,111
"5534","48225","Houston County, Texas","B01001_046",703,115
"5535","48225","Houston County, Texas","B01001_047",649,97
"5536","48225","Houston County, Texas","B01001_048",257,91
"5537","48225","Houston County, Texas","B01001_049",315,93
"5538","48227","Howard County, Texas","B01001_001",32290,NA
"5539","48227","Howard County, Texas","B01001_002",17989,120
"5540","48227","Howard County, Texas","B01001_003",971,35
"5541","48227","Howard County, Texas","B01001_004",1132,179
"5542","48227","Howard County, Texas","B01001_005",1000,169
"5543","48227","Howard County, Texas","B01001_006",702,43
"5544","48227","Howard County, Texas","B01001_007",514,126
"5545","48227","Howard County, Texas","B01001_008",220,104
"5546","48227","Howard County, Texas","B01001_009",210,96
"5547","48227","Howard County, Texas","B01001_010",718,179
"5548","48227","Howard County, Texas","B01001_011",1369,124
"5549","48227","Howard County, Texas","B01001_012",1437,49
"5550","48227","Howard County, Texas","B01001_013",1560,222
"5551","48227","Howard County, Texas","B01001_014",1319,218
"5552","48227","Howard County, Texas","B01001_015",1386,68
"5553","48227","Howard County, Texas","B01001_016",1387,126
"5554","48227","Howard County, Texas","B01001_017",949,126
"5555","48227","Howard County, Texas","B01001_018",375,96
"5556","48227","Howard County, Texas","B01001_019",606,122
"5557","48227","Howard County, Texas","B01001_020",363,120
"5558","48227","Howard County, Texas","B01001_021",461,117
"5559","48227","Howard County, Texas","B01001_022",554,112
"5560","48227","Howard County, Texas","B01001_023",302,90
"5561","48227","Howard County, Texas","B01001_024",217,73
"5562","48227","Howard County, Texas","B01001_025",237,75
"5563","48227","Howard County, Texas","B01001_026",14301,120
"5564","48227","Howard County, Texas","B01001_027",956,28
"5565","48227","Howard County, Texas","B01001_028",1102,152
"5566","48227","Howard County, Texas","B01001_029",859,162
"5567","48227","Howard County, Texas","B01001_030",575,31
"5568","48227","Howard County, Texas","B01001_031",326,91
"5569","48227","Howard County, Texas","B01001_032",162,108
"5570","48227","Howard County, Texas","B01001_033",34,51
"5571","48227","Howard County, Texas","B01001_034",677,132
"5572","48227","Howard County, Texas","B01001_035",892,32
"5573","48227","Howard County, Texas","B01001_036",1099,43
"5574","48227","Howard County, Texas","B01001_037",1060,177
"5575","48227","Howard County, Texas","B01001_038",1014,205
"5576","48227","Howard County, Texas","B01001_039",857,51
"5577","48227","Howard County, Texas","B01001_040",835,44
"5578","48227","Howard County, Texas","B01001_041",778,127
"5579","48227","Howard County, Texas","B01001_042",334,118
"5580","48227","Howard County, Texas","B01001_043",553,137
"5581","48227","Howard County, Texas","B01001_044",264,82
"5582","48227","Howard County, Texas","B01001_045",425,102
"5583","48227","Howard County, Texas","B01001_046",600,114
"5584","48227","Howard County, Texas","B01001_047",338,76
"5585","48227","Howard County, Texas","B01001_048",246,82
"5586","48227","Howard County, Texas","B01001_049",315,80
"5587","48229","Hudspeth County, Texas","B01001_001",3403,NA
"5588","48229","Hudspeth County, Texas","B01001_002",2119,118
"5589","48229","Hudspeth County, Texas","B01001_003",0,15
"5590","48229","Hudspeth County, Texas","B01001_004",18,22
"5591","48229","Hudspeth County, Texas","B01001_005",115,88
"5592","48229","Hudspeth County, Texas","B01001_006",185,106
"5593","48229","Hudspeth County, Texas","B01001_007",283,107
"5594","48229","Hudspeth County, Texas","B01001_008",14,27
"5595","48229","Hudspeth County, Texas","B01001_009",9,20
"5596","48229","Hudspeth County, Texas","B01001_010",144,108
"5597","48229","Hudspeth County, Texas","B01001_011",167,157
"5598","48229","Hudspeth County, Texas","B01001_012",118,45
"5599","48229","Hudspeth County, Texas","B01001_013",92,41
"5600","48229","Hudspeth County, Texas","B01001_014",177,136
"5601","48229","Hudspeth County, Texas","B01001_015",262,170
"5602","48229","Hudspeth County, Texas","B01001_016",207,93
"5603","48229","Hudspeth County, Texas","B01001_017",80,34
"5604","48229","Hudspeth County, Texas","B01001_018",56,28
"5605","48229","Hudspeth County, Texas","B01001_019",28,23
"5606","48229","Hudspeth County, Texas","B01001_020",28,28
"5607","48229","Hudspeth County, Texas","B01001_021",17,11
"5608","48229","Hudspeth County, Texas","B01001_022",38,21
"5609","48229","Hudspeth County, Texas","B01001_023",66,26
"5610","48229","Hudspeth County, Texas","B01001_024",10,8
"5611","48229","Hudspeth County, Texas","B01001_025",5,8
"5612","48229","Hudspeth County, Texas","B01001_026",1284,118
"5613","48229","Hudspeth County, Texas","B01001_027",97,93
"5614","48229","Hudspeth County, Texas","B01001_028",39,32
"5615","48229","Hudspeth County, Texas","B01001_029",120,89
"5616","48229","Hudspeth County, Texas","B01001_030",27,16
"5617","48229","Hudspeth County, Texas","B01001_031",17,25
"5618","48229","Hudspeth County, Texas","B01001_032",0,15
"5619","48229","Hudspeth County, Texas","B01001_033",21,24
"5620","48229","Hudspeth County, Texas","B01001_034",92,73
"5621","48229","Hudspeth County, Texas","B01001_035",74,61
"5622","48229","Hudspeth County, Texas","B01001_036",57,43
"5623","48229","Hudspeth County, Texas","B01001_037",63,42
"5624","48229","Hudspeth County, Texas","B01001_038",112,60
"5625","48229","Hudspeth County, Texas","B01001_039",62,30
"5626","48229","Hudspeth County, Texas","B01001_040",112,56
"5627","48229","Hudspeth County, Texas","B01001_041",27,14
"5628","48229","Hudspeth County, Texas","B01001_042",113,54
"5629","48229","Hudspeth County, Texas","B01001_043",45,44
"5630","48229","Hudspeth County, Texas","B01001_044",53,44
"5631","48229","Hudspeth County, Texas","B01001_045",65,41
"5632","48229","Hudspeth County, Texas","B01001_046",39,30
"5633","48229","Hudspeth County, Texas","B01001_047",19,12
"5634","48229","Hudspeth County, Texas","B01001_048",0,15
"5635","48229","Hudspeth County, Texas","B01001_049",30,29
"5636","48231","Hunt County, Texas","B01001_001",108972,NA
"5637","48231","Hunt County, Texas","B01001_002",53876,209
"5638","48231","Hunt County, Texas","B01001_003",3434,166
"5639","48231","Hunt County, Texas","B01001_004",4101,430
"5640","48231","Hunt County, Texas","B01001_005",3618,436
"5641","48231","Hunt County, Texas","B01001_006",2511,103
"5642","48231","Hunt County, Texas","B01001_007",1729,39
"5643","48231","Hunt County, Texas","B01001_008",864,178
"5644","48231","Hunt County, Texas","B01001_009",975,207
"5645","48231","Hunt County, Texas","B01001_010",1780,231
"5646","48231","Hunt County, Texas","B01001_011",3410,18
"5647","48231","Hunt County, Texas","B01001_012",3628,254
"5648","48231","Hunt County, Texas","B01001_013",3728,372
"5649","48231","Hunt County, Texas","B01001_014",2991,341
"5650","48231","Hunt County, Texas","B01001_015",3445,264
"5651","48231","Hunt County, Texas","B01001_016",3093,210
"5652","48231","Hunt County, Texas","B01001_017",3145,363
"5653","48231","Hunt County, Texas","B01001_018",1514,264
"5654","48231","Hunt County, Texas","B01001_019",2100,327
"5655","48231","Hunt County, Texas","B01001_020",1331,233
"5656","48231","Hunt County, Texas","B01001_021",1535,207
"5657","48231","Hunt County, Texas","B01001_022",2012,233
"5658","48231","Hunt County, Texas","B01001_023",1405,171
"5659","48231","Hunt County, Texas","B01001_024",897,201
"5660","48231","Hunt County, Texas","B01001_025",630,152
"5661","48231","Hunt County, Texas","B01001_026",55096,209
"5662","48231","Hunt County, Texas","B01001_027",3465,167
"5663","48231","Hunt County, Texas","B01001_028",3313,349
"5664","48231","Hunt County, Texas","B01001_029",3999,343
"5665","48231","Hunt County, Texas","B01001_030",2232,100
"5666","48231","Hunt County, Texas","B01001_031",1673,124
"5667","48231","Hunt County, Texas","B01001_032",954,231
"5668","48231","Hunt County, Texas","B01001_033",857,223
"5669","48231","Hunt County, Texas","B01001_034",1944,250
"5670","48231","Hunt County, Texas","B01001_035",3605,92
"5671","48231","Hunt County, Texas","B01001_036",3705,67
"5672","48231","Hunt County, Texas","B01001_037",3509,370
"5673","48231","Hunt County, Texas","B01001_038",3247,371
"5674","48231","Hunt County, Texas","B01001_039",3411,121
"5675","48231","Hunt County, Texas","B01001_040",3144,120
"5676","48231","Hunt County, Texas","B01001_041",3367,349
"5677","48231","Hunt County, Texas","B01001_042",1430,287
"5678","48231","Hunt County, Texas","B01001_043",2154,366
"5679","48231","Hunt County, Texas","B01001_044",1291,239
"5680","48231","Hunt County, Texas","B01001_045",1456,264
"5681","48231","Hunt County, Texas","B01001_046",2684,259
"5682","48231","Hunt County, Texas","B01001_047",1404,187
"5683","48231","Hunt County, Texas","B01001_048",981,201
"5684","48231","Hunt County, Texas","B01001_049",1271,252
"5685","48233","Hutchinson County, Texas","B01001_001",20184,NA
"5686","48233","Hutchinson County, Texas","B01001_002",10081,174
"5687","48233","Hutchinson County, Texas","B01001_003",562,107
"5688","48233","Hutchinson County, Texas","B01001_004",639,105
"5689","48233","Hutchinson County, Texas","B01001_005",886,112
"5690","48233","Hutchinson County, Texas","B01001_006",400,64
"5691","48233","Hutchinson County, Texas","B01001_007",439,198
"5692","48233","Hutchinson County, Texas","B01001_008",67,45
"5693","48233","Hutchinson County, Texas","B01001_009",155,127
"5694","48233","Hutchinson County, Texas","B01001_010",285,153
"5695","48233","Hutchinson County, Texas","B01001_011",493,88
"5696","48233","Hutchinson County, Texas","B01001_012",605,35
"5697","48233","Hutchinson County, Texas","B01001_013",761,179
"5698","48233","Hutchinson County, Texas","B01001_014",721,210
"5699","48233","Hutchinson County, Texas","B01001_015",448,29
"5700","48233","Hutchinson County, Texas","B01001_016",587,149
"5701","48233","Hutchinson County, Texas","B01001_017",730,132
"5702","48233","Hutchinson County, Texas","B01001_018",309,111
"5703","48233","Hutchinson County, Texas","B01001_019",295,98
"5704","48233","Hutchinson County, Texas","B01001_020",335,114
"5705","48233","Hutchinson County, Texas","B01001_021",496,104
"5706","48233","Hutchinson County, Texas","B01001_022",312,104
"5707","48233","Hutchinson County, Texas","B01001_023",210,67
"5708","48233","Hutchinson County, Texas","B01001_024",190,65
"5709","48233","Hutchinson County, Texas","B01001_025",156,70
"5710","48233","Hutchinson County, Texas","B01001_026",10103,174
"5711","48233","Hutchinson County, Texas","B01001_027",533,99
"5712","48233","Hutchinson County, Texas","B01001_028",758,177
"5713","48233","Hutchinson County, Texas","B01001_029",765,159
"5714","48233","Hutchinson County, Texas","B01001_030",488,116
"5715","48233","Hutchinson County, Texas","B01001_031",204,31
"5716","48233","Hutchinson County, Texas","B01001_032",93,79
"5717","48233","Hutchinson County, Texas","B01001_033",97,79
"5718","48233","Hutchinson County, Texas","B01001_034",457,113
"5719","48233","Hutchinson County, Texas","B01001_035",555,2
"5720","48233","Hutchinson County, Texas","B01001_036",597,113
"5721","48233","Hutchinson County, Texas","B01001_037",430,128
"5722","48233","Hutchinson County, Texas","B01001_038",907,187
"5723","48233","Hutchinson County, Texas","B01001_039",514,54
"5724","48233","Hutchinson County, Texas","B01001_040",514,59
"5725","48233","Hutchinson County, Texas","B01001_041",569,129
"5726","48233","Hutchinson County, Texas","B01001_042",304,126
"5727","48233","Hutchinson County, Texas","B01001_043",393,123
"5728","48233","Hutchinson County, Texas","B01001_044",89,56
"5729","48233","Hutchinson County, Texas","B01001_045",471,110
"5730","48233","Hutchinson County, Texas","B01001_046",568,122
"5731","48233","Hutchinson County, Texas","B01001_047",218,90
"5732","48233","Hutchinson County, Texas","B01001_048",245,130
"5733","48233","Hutchinson County, Texas","B01001_049",334,93
"5734","48235","Irion County, Texas","B01001_001",1409,148
"5735","48235","Irion County, Texas","B01001_002",705,85
"5736","48235","Irion County, Texas","B01001_003",31,30
"5737","48235","Irion County, Texas","B01001_004",30,29
"5738","48235","Irion County, Texas","B01001_005",55,39
"5739","48235","Irion County, Texas","B01001_006",34,44
"5740","48235","Irion County, Texas","B01001_007",0,15
"5741","48235","Irion County, Texas","B01001_008",0,15
"5742","48235","Irion County, Texas","B01001_009",0,15
"5743","48235","Irion County, Texas","B01001_010",19,17
"5744","48235","Irion County, Texas","B01001_011",58,45
"5745","48235","Irion County, Texas","B01001_012",51,37
"5746","48235","Irion County, Texas","B01001_013",59,49
"5747","48235","Irion County, Texas","B01001_014",20,19
"5748","48235","Irion County, Texas","B01001_015",35,36
"5749","48235","Irion County, Texas","B01001_016",66,43
"5750","48235","Irion County, Texas","B01001_017",76,37
"5751","48235","Irion County, Texas","B01001_018",22,19
"5752","48235","Irion County, Texas","B01001_019",17,14
"5753","48235","Irion County, Texas","B01001_020",34,23
"5754","48235","Irion County, Texas","B01001_021",17,13
"5755","48235","Irion County, Texas","B01001_022",47,28
"5756","48235","Irion County, Texas","B01001_023",21,16
"5757","48235","Irion County, Texas","B01001_024",4,6
"5758","48235","Irion County, Texas","B01001_025",9,8
"5759","48235","Irion County, Texas","B01001_026",704,108
"5760","48235","Irion County, Texas","B01001_027",39,27
"5761","48235","Irion County, Texas","B01001_028",30,28
"5762","48235","Irion County, Texas","B01001_029",71,46
"5763","48235","Irion County, Texas","B01001_030",40,43
"5764","48235","Irion County, Texas","B01001_031",15,19
"5765","48235","Irion County, Texas","B01001_032",0,15
"5766","48235","Irion County, Texas","B01001_033",20,25
"5767","48235","Irion County, Texas","B01001_034",8,12
"5768","48235","Irion County, Texas","B01001_035",29,22
"5769","48235","Irion County, Texas","B01001_036",48,47
"5770","48235","Irion County, Texas","B01001_037",61,52
"5771","48235","Irion County, Texas","B01001_038",5,10
"5772","48235","Irion County, Texas","B01001_039",0,15
"5773","48235","Irion County, Texas","B01001_040",42,32
"5774","48235","Irion County, Texas","B01001_041",85,34
"5775","48235","Irion County, Texas","B01001_042",5,8
"5776","48235","Irion County, Texas","B01001_043",29,23
"5777","48235","Irion County, Texas","B01001_044",47,24
"5778","48235","Irion County, Texas","B01001_045",29,17
"5779","48235","Irion County, Texas","B01001_046",34,24
"5780","48235","Irion County, Texas","B01001_047",20,18
"5781","48235","Irion County, Texas","B01001_048",32,18
"5782","48235","Irion County, Texas","B01001_049",15,16
"5783","48237","Jack County, Texas","B01001_001",8882,NA
"5784","48237","Jack County, Texas","B01001_002",4830,165
"5785","48237","Jack County, Texas","B01001_003",263,90
"5786","48237","Jack County, Texas","B01001_004",195,88
"5787","48237","Jack County, Texas","B01001_005",299,53
"5788","48237","Jack County, Texas","B01001_006",142,45
"5789","48237","Jack County, Texas","B01001_007",121,67
"5790","48237","Jack County, Texas","B01001_008",76,55
"5791","48237","Jack County, Texas","B01001_009",23,26
"5792","48237","Jack County, Texas","B01001_010",207,79
"5793","48237","Jack County, Texas","B01001_011",335,113
"5794","48237","Jack County, Texas","B01001_012",532,177
"5795","48237","Jack County, Texas","B01001_013",205,86
"5796","48237","Jack County, Texas","B01001_014",425,144
"5797","48237","Jack County, Texas","B01001_015",381,65
"5798","48237","Jack County, Texas","B01001_016",269,38
"5799","48237","Jack County, Texas","B01001_017",293,86
"5800","48237","Jack County, Texas","B01001_018",150,91
"5801","48237","Jack County, Texas","B01001_019",183,70
"5802","48237","Jack County, Texas","B01001_020",55,36
"5803","48237","Jack County, Texas","B01001_021",135,47
"5804","48237","Jack County, Texas","B01001_022",209,48
"5805","48237","Jack County, Texas","B01001_023",152,48
"5806","48237","Jack County, Texas","B01001_024",92,35
"5807","48237","Jack County, Texas","B01001_025",88,64
"5808","48237","Jack County, Texas","B01001_026",4052,165
"5809","48237","Jack County, Texas","B01001_027",236,117
"5810","48237","Jack County, Texas","B01001_028",288,111
"5811","48237","Jack County, Texas","B01001_029",394,114
"5812","48237","Jack County, Texas","B01001_030",185,85
"5813","48237","Jack County, Texas","B01001_031",78,62
"5814","48237","Jack County, Texas","B01001_032",8,15
"5815","48237","Jack County, Texas","B01001_033",45,38
"5816","48237","Jack County, Texas","B01001_034",156,81
"5817","48237","Jack County, Texas","B01001_035",194,89
"5818","48237","Jack County, Texas","B01001_036",339,123
"5819","48237","Jack County, Texas","B01001_037",120,63
"5820","48237","Jack County, Texas","B01001_038",253,63
"5821","48237","Jack County, Texas","B01001_039",325,104
"5822","48237","Jack County, Texas","B01001_040",196,6
"5823","48237","Jack County, Texas","B01001_041",228,65
"5824","48237","Jack County, Texas","B01001_042",51,31
"5825","48237","Jack County, Texas","B01001_043",190,70
"5826","48237","Jack County, Texas","B01001_044",61,35
"5827","48237","Jack County, Texas","B01001_045",190,55
"5828","48237","Jack County, Texas","B01001_046",166,46
"5829","48237","Jack County, Texas","B01001_047",99,43
"5830","48237","Jack County, Texas","B01001_048",156,67
"5831","48237","Jack County, Texas","B01001_049",94,45
"5832","48239","Jackson County, Texas","B01001_001",15152,NA
"5833","48239","Jackson County, Texas","B01001_002",7724,241
"5834","48239","Jackson County, Texas","B01001_003",444,85
"5835","48239","Jackson County, Texas","B01001_004",386,167
"5836","48239","Jackson County, Texas","B01001_005",623,158
"5837","48239","Jackson County, Texas","B01001_006",367,207
"5838","48239","Jackson County, Texas","B01001_007",182,139
"5839","48239","Jackson County, Texas","B01001_008",32,34
"5840","48239","Jackson County, Texas","B01001_009",131,84
"5841","48239","Jackson County, Texas","B01001_010",187,97
"5842","48239","Jackson County, Texas","B01001_011",535,244
"5843","48239","Jackson County, Texas","B01001_012",443,130
"5844","48239","Jackson County, Texas","B01001_013",232,138
"5845","48239","Jackson County, Texas","B01001_014",779,241
"5846","48239","Jackson County, Texas","B01001_015",475,133
"5847","48239","Jackson County, Texas","B01001_016",494,144
"5848","48239","Jackson County, Texas","B01001_017",412,130
"5849","48239","Jackson County, Texas","B01001_018",135,80
"5850","48239","Jackson County, Texas","B01001_019",416,116
"5851","48239","Jackson County, Texas","B01001_020",215,100
"5852","48239","Jackson County, Texas","B01001_021",299,97
"5853","48239","Jackson County, Texas","B01001_022",337,137
"5854","48239","Jackson County, Texas","B01001_023",213,88
"5855","48239","Jackson County, Texas","B01001_024",257,103
"5856","48239","Jackson County, Texas","B01001_025",130,72
"5857","48239","Jackson County, Texas","B01001_026",7428,241
"5858","48239","Jackson County, Texas","B01001_027",552,95
"5859","48239","Jackson County, Texas","B01001_028",538,123
"5860","48239","Jackson County, Texas","B01001_029",488,127
"5861","48239","Jackson County, Texas","B01001_030",329,118
"5862","48239","Jackson County, Texas","B01001_031",87,67
"5863","48239","Jackson County, Texas","B01001_032",35,32
"5864","48239","Jackson County, Texas","B01001_033",125,105
"5865","48239","Jackson County, Texas","B01001_034",141,117
"5866","48239","Jackson County, Texas","B01001_035",513,93
"5867","48239","Jackson County, Texas","B01001_036",413,109
"5868","48239","Jackson County, Texas","B01001_037",302,125
"5869","48239","Jackson County, Texas","B01001_038",529,152
"5870","48239","Jackson County, Texas","B01001_039",492,150
"5871","48239","Jackson County, Texas","B01001_040",426,117
"5872","48239","Jackson County, Texas","B01001_041",529,108
"5873","48239","Jackson County, Texas","B01001_042",223,76
"5874","48239","Jackson County, Texas","B01001_043",163,77
"5875","48239","Jackson County, Texas","B01001_044",266,89
"5876","48239","Jackson County, Texas","B01001_045",146,77
"5877","48239","Jackson County, Texas","B01001_046",327,94
"5878","48239","Jackson County, Texas","B01001_047",310,122
"5879","48239","Jackson County, Texas","B01001_048",245,89
"5880","48239","Jackson County, Texas","B01001_049",249,130
"5881","48241","Jasper County, Texas","B01001_001",32727,NA
"5882","48241","Jasper County, Texas","B01001_002",16098,170
"5883","48241","Jasper County, Texas","B01001_003",1046,126
"5884","48241","Jasper County, Texas","B01001_004",879,184
"5885","48241","Jasper County, Texas","B01001_005",1332,213
"5886","48241","Jasper County, Texas","B01001_006",720,112
"5887","48241","Jasper County, Texas","B01001_007",272,29
"5888","48241","Jasper County, Texas","B01001_008",63,56
"5889","48241","Jasper County, Texas","B01001_009",112,67
"5890","48241","Jasper County, Texas","B01001_010",763,94
"5891","48241","Jasper County, Texas","B01001_011",799,51
"5892","48241","Jasper County, Texas","B01001_012",835,79
"5893","48241","Jasper County, Texas","B01001_013",803,153
"5894","48241","Jasper County, Texas","B01001_014",1081,185
"5895","48241","Jasper County, Texas","B01001_015",958,121
"5896","48241","Jasper County, Texas","B01001_016",1069,93
"5897","48241","Jasper County, Texas","B01001_017",1075,195
"5898","48241","Jasper County, Texas","B01001_018",396,137
"5899","48241","Jasper County, Texas","B01001_019",734,173
"5900","48241","Jasper County, Texas","B01001_020",380,129
"5901","48241","Jasper County, Texas","B01001_021",478,139
"5902","48241","Jasper County, Texas","B01001_022",1056,148
"5903","48241","Jasper County, Texas","B01001_023",524,130
"5904","48241","Jasper County, Texas","B01001_024",373,112
"5905","48241","Jasper County, Texas","B01001_025",350,126
"5906","48241","Jasper County, Texas","B01001_026",16629,170
"5907","48241","Jasper County, Texas","B01001_027",825,98
"5908","48241","Jasper County, Texas","B01001_028",1054,174
"5909","48241","Jasper County, Texas","B01001_029",1070,174
"5910","48241","Jasper County, Texas","B01001_030",691,107
"5911","48241","Jasper County, Texas","B01001_031",199,110
"5912","48241","Jasper County, Texas","B01001_032",19,24
"5913","48241","Jasper County, Texas","B01001_033",335,158
"5914","48241","Jasper County, Texas","B01001_034",656,164
"5915","48241","Jasper County, Texas","B01001_035",706,61
"5916","48241","Jasper County, Texas","B01001_036",1003,155
"5917","48241","Jasper County, Texas","B01001_037",897,190
"5918","48241","Jasper County, Texas","B01001_038",1089,221
"5919","48241","Jasper County, Texas","B01001_039",1006,126
"5920","48241","Jasper County, Texas","B01001_040",974,74
"5921","48241","Jasper County, Texas","B01001_041",1449,230
"5922","48241","Jasper County, Texas","B01001_042",336,154
"5923","48241","Jasper County, Texas","B01001_043",567,164
"5924","48241","Jasper County, Texas","B01001_044",487,154
"5925","48241","Jasper County, Texas","B01001_045",778,248
"5926","48241","Jasper County, Texas","B01001_046",901,183
"5927","48241","Jasper County, Texas","B01001_047",672,130
"5928","48241","Jasper County, Texas","B01001_048",433,124
"5929","48241","Jasper County, Texas","B01001_049",482,166
"5930","48243","Jeff Davis County, Texas","B01001_001",1865,341
"5931","48243","Jeff Davis County, Texas","B01001_002",990,217
"5932","48243","Jeff Davis County, Texas","B01001_003",55,51
"5933","48243","Jeff Davis County, Texas","B01001_004",0,15
"5934","48243","Jeff Davis County, Texas","B01001_005",58,72
"5935","48243","Jeff Davis County, Texas","B01001_006",69,47
"5936","48243","Jeff Davis County, Texas","B01001_007",0,15
"5937","48243","Jeff Davis County, Texas","B01001_008",0,15
"5938","48243","Jeff Davis County, Texas","B01001_009",0,15
"5939","48243","Jeff Davis County, Texas","B01001_010",0,15
"5940","48243","Jeff Davis County, Texas","B01001_011",0,15
"5941","48243","Jeff Davis County, Texas","B01001_012",50,67
"5942","48243","Jeff Davis County, Texas","B01001_013",48,53
"5943","48243","Jeff Davis County, Texas","B01001_014",17,17
"5944","48243","Jeff Davis County, Texas","B01001_015",108,61
"5945","48243","Jeff Davis County, Texas","B01001_016",8,12
"5946","48243","Jeff Davis County, Texas","B01001_017",169,111
"5947","48243","Jeff Davis County, Texas","B01001_018",4,8
"5948","48243","Jeff Davis County, Texas","B01001_019",121,82
"5949","48243","Jeff Davis County, Texas","B01001_020",16,17
"5950","48243","Jeff Davis County, Texas","B01001_021",33,25
"5951","48243","Jeff Davis County, Texas","B01001_022",94,53
"5952","48243","Jeff Davis County, Texas","B01001_023",116,100
"5953","48243","Jeff Davis County, Texas","B01001_024",3,5
"5954","48243","Jeff Davis County, Texas","B01001_025",21,20
"5955","48243","Jeff Davis County, Texas","B01001_026",875,168
"5956","48243","Jeff Davis County, Texas","B01001_027",78,73
"5957","48243","Jeff Davis County, Texas","B01001_028",0,15
"5958","48243","Jeff Davis County, Texas","B01001_029",76,60
"5959","48243","Jeff Davis County, Texas","B01001_030",0,15
"5960","48243","Jeff Davis County, Texas","B01001_031",0,15
"5961","48243","Jeff Davis County, Texas","B01001_032",0,15
"5962","48243","Jeff Davis County, Texas","B01001_033",0,15
"5963","48243","Jeff Davis County, Texas","B01001_034",0,15
"5964","48243","Jeff Davis County, Texas","B01001_035",0,15
"5965","48243","Jeff Davis County, Texas","B01001_036",87,69
"5966","48243","Jeff Davis County, Texas","B01001_037",80,67
"5967","48243","Jeff Davis County, Texas","B01001_038",20,21
"5968","48243","Jeff Davis County, Texas","B01001_039",34,32
"5969","48243","Jeff Davis County, Texas","B01001_040",10,10
"5970","48243","Jeff Davis County, Texas","B01001_041",80,49
"5971","48243","Jeff Davis County, Texas","B01001_042",24,24
"5972","48243","Jeff Davis County, Texas","B01001_043",37,26
"5973","48243","Jeff Davis County, Texas","B01001_044",24,19
"5974","48243","Jeff Davis County, Texas","B01001_045",32,29
"5975","48243","Jeff Davis County, Texas","B01001_046",158,70
"5976","48243","Jeff Davis County, Texas","B01001_047",68,85
"5977","48243","Jeff Davis County, Texas","B01001_048",20,35
"5978","48243","Jeff Davis County, Texas","B01001_049",47,74
"5979","48245","Jefferson County, Texas","B01001_001",253878,NA
"5980","48245","Jefferson County, Texas","B01001_002",130885,95
"5981","48245","Jefferson County, Texas","B01001_003",8597,40
"5982","48245","Jefferson County, Texas","B01001_004",8922,699
"5983","48245","Jefferson County, Texas","B01001_005",9171,714
"5984","48245","Jefferson County, Texas","B01001_006",5400,93
"5985","48245","Jefferson County, Texas","B01001_007",2976,41
"5986","48245","Jefferson County, Texas","B01001_008",1642,362
"5987","48245","Jefferson County, Texas","B01001_009",2583,574
"5988","48245","Jefferson County, Texas","B01001_010",4462,578
"5989","48245","Jefferson County, Texas","B01001_011",9594,60
"5990","48245","Jefferson County, Texas","B01001_012",9947,47
"5991","48245","Jefferson County, Texas","B01001_013",9024,595
"5992","48245","Jefferson County, Texas","B01001_014",9740,589
"5993","48245","Jefferson County, Texas","B01001_015",8082,17
"5994","48245","Jefferson County, Texas","B01001_016",7833,124
"5995","48245","Jefferson County, Texas","B01001_017",7751,557
"5996","48245","Jefferson County, Texas","B01001_018",3150,441
"5997","48245","Jefferson County, Texas","B01001_019",4474,486
"5998","48245","Jefferson County, Texas","B01001_020",3014,334
"5999","48245","Jefferson County, Texas","B01001_021",3291,411
"6000","48245","Jefferson County, Texas","B01001_022",4822,495
"6001","48245","Jefferson County, Texas","B01001_023",3115,314
"6002","48245","Jefferson County, Texas","B01001_024",1856,281
"6003","48245","Jefferson County, Texas","B01001_025",1439,274
"6004","48245","Jefferson County, Texas","B01001_026",122993,95
"6005","48245","Jefferson County, Texas","B01001_027",8160,32
"6006","48245","Jefferson County, Texas","B01001_028",8517,700
"6007","48245","Jefferson County, Texas","B01001_029",8629,698
"6008","48245","Jefferson County, Texas","B01001_030",5084,94
"6009","48245","Jefferson County, Texas","B01001_031",2722,61
"6010","48245","Jefferson County, Texas","B01001_032",1547,344
"6011","48245","Jefferson County, Texas","B01001_033",1017,276
"6012","48245","Jefferson County, Texas","B01001_034",4859,401
"6013","48245","Jefferson County, Texas","B01001_035",7961,27
"6014","48245","Jefferson County, Texas","B01001_036",8141,22
"6015","48245","Jefferson County, Texas","B01001_037",7711,611
"6016","48245","Jefferson County, Texas","B01001_038",7929,612
"6017","48245","Jefferson County, Texas","B01001_039",6872,5
"6018","48245","Jefferson County, Texas","B01001_040",6865,15
"6019","48245","Jefferson County, Texas","B01001_041",7108,496
"6020","48245","Jefferson County, Texas","B01001_042",3622,396
"6021","48245","Jefferson County, Texas","B01001_043",4523,469
"6022","48245","Jefferson County, Texas","B01001_044",2985,382
"6023","48245","Jefferson County, Texas","B01001_045",3880,365
"6024","48245","Jefferson County, Texas","B01001_046",5655,422
"6025","48245","Jefferson County, Texas","B01001_047",3666,362
"6026","48245","Jefferson County, Texas","B01001_048",2383,304
"6027","48245","Jefferson County, Texas","B01001_049",3157,351
"6028","48247","Jim Hogg County, Texas","B01001_001",4727,NA
"6029","48247","Jim Hogg County, Texas","B01001_002",2681,214
"6030","48247","Jim Hogg County, Texas","B01001_003",442,130
"6031","48247","Jim Hogg County, Texas","B01001_004",117,56
"6032","48247","Jim Hogg County, Texas","B01001_005",197,84
"6033","48247","Jim Hogg County, Texas","B01001_006",41,37
"6034","48247","Jim Hogg County, Texas","B01001_007",18,38
"6035","48247","Jim Hogg County, Texas","B01001_008",11,19
"6036","48247","Jim Hogg County, Texas","B01001_009",126,155
"6037","48247","Jim Hogg County, Texas","B01001_010",86,114
"6038","48247","Jim Hogg County, Texas","B01001_011",577,142
"6039","48247","Jim Hogg County, Texas","B01001_012",103,76
"6040","48247","Jim Hogg County, Texas","B01001_013",54,38
"6041","48247","Jim Hogg County, Texas","B01001_014",172,83
"6042","48247","Jim Hogg County, Texas","B01001_015",195,100
"6043","48247","Jim Hogg County, Texas","B01001_016",101,59
"6044","48247","Jim Hogg County, Texas","B01001_017",141,67
"6045","48247","Jim Hogg County, Texas","B01001_018",60,53
"6046","48247","Jim Hogg County, Texas","B01001_019",42,39
"6047","48247","Jim Hogg County, Texas","B01001_020",56,56
"6048","48247","Jim Hogg County, Texas","B01001_021",59,39
"6049","48247","Jim Hogg County, Texas","B01001_022",60,47
"6050","48247","Jim Hogg County, Texas","B01001_023",5,7
"6051","48247","Jim Hogg County, Texas","B01001_024",2,4
"6052","48247","Jim Hogg County, Texas","B01001_025",16,15
"6053","48247","Jim Hogg County, Texas","B01001_026",2046,214
"6054","48247","Jim Hogg County, Texas","B01001_027",292,105
"6055","48247","Jim Hogg County, Texas","B01001_028",201,111
"6056","48247","Jim Hogg County, Texas","B01001_029",140,103
"6057","48247","Jim Hogg County, Texas","B01001_030",97,56
"6058","48247","Jim Hogg County, Texas","B01001_031",177,94
"6059","48247","Jim Hogg County, Texas","B01001_032",0,15
"6060","48247","Jim Hogg County, Texas","B01001_033",0,15
"6061","48247","Jim Hogg County, Texas","B01001_034",108,86
"6062","48247","Jim Hogg County, Texas","B01001_035",63,75
"6063","48247","Jim Hogg County, Texas","B01001_036",140,91
"6064","48247","Jim Hogg County, Texas","B01001_037",168,88
"6065","48247","Jim Hogg County, Texas","B01001_038",46,41
"6066","48247","Jim Hogg County, Texas","B01001_039",121,78
"6067","48247","Jim Hogg County, Texas","B01001_040",29,33
"6068","48247","Jim Hogg County, Texas","B01001_041",77,48
"6069","48247","Jim Hogg County, Texas","B01001_042",92,71
"6070","48247","Jim Hogg County, Texas","B01001_043",40,31
"6071","48247","Jim Hogg County, Texas","B01001_044",39,36
"6072","48247","Jim Hogg County, Texas","B01001_045",62,39
"6073","48247","Jim Hogg County, Texas","B01001_046",69,50
"6074","48247","Jim Hogg County, Texas","B01001_047",20,16
"6075","48247","Jim Hogg County, Texas","B01001_048",26,22
"6076","48247","Jim Hogg County, Texas","B01001_049",39,42
"6077","48249","Jim Wells County, Texas","B01001_001",38850,NA
"6078","48249","Jim Wells County, Texas","B01001_002",19375,100
"6079","48249","Jim Wells County, Texas","B01001_003",1374,46
"6080","48249","Jim Wells County, Texas","B01001_004",1647,317
"6081","48249","Jim Wells County, Texas","B01001_005",1454,319
"6082","48249","Jim Wells County, Texas","B01001_006",1072,63
"6083","48249","Jim Wells County, Texas","B01001_007",540,49
"6084","48249","Jim Wells County, Texas","B01001_008",194,130
"6085","48249","Jim Wells County, Texas","B01001_009",320,142
"6086","48249","Jim Wells County, Texas","B01001_010",820,194
"6087","48249","Jim Wells County, Texas","B01001_011",1138,74
"6088","48249","Jim Wells County, Texas","B01001_012",1259,21
"6089","48249","Jim Wells County, Texas","B01001_013",1529,285
"6090","48249","Jim Wells County, Texas","B01001_014",1023,305
"6091","48249","Jim Wells County, Texas","B01001_015",1088,111
"6092","48249","Jim Wells County, Texas","B01001_016",975,18
"6093","48249","Jim Wells County, Texas","B01001_017",906,201
"6094","48249","Jim Wells County, Texas","B01001_018",527,154
"6095","48249","Jim Wells County, Texas","B01001_019",625,158
"6096","48249","Jim Wells County, Texas","B01001_020",437,153
"6097","48249","Jim Wells County, Texas","B01001_021",549,155
"6098","48249","Jim Wells County, Texas","B01001_022",762,147
"6099","48249","Jim Wells County, Texas","B01001_023",572,134
"6100","48249","Jim Wells County, Texas","B01001_024",217,115
"6101","48249","Jim Wells County, Texas","B01001_025",347,142
"6102","48249","Jim Wells County, Texas","B01001_026",19475,100
"6103","48249","Jim Wells County, Texas","B01001_027",1202,52
"6104","48249","Jim Wells County, Texas","B01001_028",1134,250
"6105","48249","Jim Wells County, Texas","B01001_029",1855,252
"6106","48249","Jim Wells County, Texas","B01001_030",871,61
"6107","48249","Jim Wells County, Texas","B01001_031",434,32
"6108","48249","Jim Wells County, Texas","B01001_032",170,118
"6109","48249","Jim Wells County, Texas","B01001_033",238,154
"6110","48249","Jim Wells County, Texas","B01001_034",745,187
"6111","48249","Jim Wells County, Texas","B01001_035",1246,105
"6112","48249","Jim Wells County, Texas","B01001_036",1182,4
"6113","48249","Jim Wells County, Texas","B01001_037",1369,251
"6114","48249","Jim Wells County, Texas","B01001_038",1222,270
"6115","48249","Jim Wells County, Texas","B01001_039",995,56
"6116","48249","Jim Wells County, Texas","B01001_040",1102,12
"6117","48249","Jim Wells County, Texas","B01001_041",1127,201
"6118","48249","Jim Wells County, Texas","B01001_042",493,167
"6119","48249","Jim Wells County, Texas","B01001_043",655,168
"6120","48249","Jim Wells County, Texas","B01001_044",348,119
"6121","48249","Jim Wells County, Texas","B01001_045",531,136
"6122","48249","Jim Wells County, Texas","B01001_046",1028,171
"6123","48249","Jim Wells County, Texas","B01001_047",681,174
"6124","48249","Jim Wells County, Texas","B01001_048",350,128
"6125","48249","Jim Wells County, Texas","B01001_049",497,166
"6126","48251","Johnson County, Texas","B01001_001",195597,NA
"6127","48251","Johnson County, Texas","B01001_002",98341,142
"6128","48251","Johnson County, Texas","B01001_003",6235,65
"6129","48251","Johnson County, Texas","B01001_004",7651,522
"6130","48251","Johnson County, Texas","B01001_005",7164,517
"6131","48251","Johnson County, Texas","B01001_006",4886,118
"6132","48251","Johnson County, Texas","B01001_007",2352,54
"6133","48251","Johnson County, Texas","B01001_008",813,317
"6134","48251","Johnson County, Texas","B01001_009",1402,327
"6135","48251","Johnson County, Texas","B01001_010",4300,431
"6136","48251","Johnson County, Texas","B01001_011",6128,138
"6137","48251","Johnson County, Texas","B01001_012",6768,208
"6138","48251","Johnson County, Texas","B01001_013",6763,636
"6139","48251","Johnson County, Texas","B01001_014",7421,650
"6140","48251","Johnson County, Texas","B01001_015",6111,84
"6141","48251","Johnson County, Texas","B01001_016",6229,57
"6142","48251","Johnson County, Texas","B01001_017",6596,470
"6143","48251","Johnson County, Texas","B01001_018",2064,357
"6144","48251","Johnson County, Texas","B01001_019",3129,415
"6145","48251","Johnson County, Texas","B01001_020",1996,320
"6146","48251","Johnson County, Texas","B01001_021",2941,398
"6147","48251","Johnson County, Texas","B01001_022",3006,391
"6148","48251","Johnson County, Texas","B01001_023",2325,286
"6149","48251","Johnson County, Texas","B01001_024",1322,258
"6150","48251","Johnson County, Texas","B01001_025",739,170
"6151","48251","Johnson County, Texas","B01001_026",97256,142
"6152","48251","Johnson County, Texas","B01001_027",5978,64
"6153","48251","Johnson County, Texas","B01001_028",7667,563
"6154","48251","Johnson County, Texas","B01001_029",6276,576
"6155","48251","Johnson County, Texas","B01001_030",4402,55
"6156","48251","Johnson County, Texas","B01001_031",2487,117
"6157","48251","Johnson County, Texas","B01001_032",941,262
"6158","48251","Johnson County, Texas","B01001_033",1215,282
"6159","48251","Johnson County, Texas","B01001_034",3581,312
"6160","48251","Johnson County, Texas","B01001_035",6048,91
"6161","48251","Johnson County, Texas","B01001_036",6744,100
"6162","48251","Johnson County, Texas","B01001_037",6929,554
"6163","48251","Johnson County, Texas","B01001_038",6452,552
"6164","48251","Johnson County, Texas","B01001_039",5980,156
"6165","48251","Johnson County, Texas","B01001_040",5956,46
"6166","48251","Johnson County, Texas","B01001_041",6049,390
"6167","48251","Johnson County, Texas","B01001_042",2369,300
"6168","48251","Johnson County, Texas","B01001_043",3075,373
"6169","48251","Johnson County, Texas","B01001_044",2337,371
"6170","48251","Johnson County, Texas","B01001_045",2849,345
"6171","48251","Johnson County, Texas","B01001_046",3768,343
"6172","48251","Johnson County, Texas","B01001_047",2827,330
"6173","48251","Johnson County, Texas","B01001_048",1804,299
"6174","48251","Johnson County, Texas","B01001_049",1522,272
"6175","48253","Jones County, Texas","B01001_001",20304,NA
"6176","48253","Jones County, Texas","B01001_002",13071,153
"6177","48253","Jones County, Texas","B01001_003",467,44
"6178","48253","Jones County, Texas","B01001_004",500,152
"6179","48253","Jones County, Texas","B01001_005",480,120
"6180","48253","Jones County, Texas","B01001_006",368,43
"6181","48253","Jones County, Texas","B01001_007",276,114
"6182","48253","Jones County, Texas","B01001_008",113,73
"6183","48253","Jones County, Texas","B01001_009",173,105
"6184","48253","Jones County, Texas","B01001_010",854,204
"6185","48253","Jones County, Texas","B01001_011",1283,217
"6186","48253","Jones County, Texas","B01001_012",1335,162
"6187","48253","Jones County, Texas","B01001_013",1352,209
"6188","48253","Jones County, Texas","B01001_014",1095,202
"6189","48253","Jones County, Texas","B01001_015",1064,180
"6190","48253","Jones County, Texas","B01001_016",814,112
"6191","48253","Jones County, Texas","B01001_017",750,164
"6192","48253","Jones County, Texas","B01001_018",252,80
"6193","48253","Jones County, Texas","B01001_019",327,104
"6194","48253","Jones County, Texas","B01001_020",211,86
"6195","48253","Jones County, Texas","B01001_021",381,118
"6196","48253","Jones County, Texas","B01001_022",457,88
"6197","48253","Jones County, Texas","B01001_023",270,76
"6198","48253","Jones County, Texas","B01001_024",139,47
"6199","48253","Jones County, Texas","B01001_025",110,42
"6200","48253","Jones County, Texas","B01001_026",7233,153
"6201","48253","Jones County, Texas","B01001_027",388,35
"6202","48253","Jones County, Texas","B01001_028",430,103
"6203","48253","Jones County, Texas","B01001_029",530,101
"6204","48253","Jones County, Texas","B01001_030",275,50
"6205","48253","Jones County, Texas","B01001_031",155,60
"6206","48253","Jones County, Texas","B01001_032",46,42
"6207","48253","Jones County, Texas","B01001_033",68,56
"6208","48253","Jones County, Texas","B01001_034",240,75
"6209","48253","Jones County, Texas","B01001_035",341,70
"6210","48253","Jones County, Texas","B01001_036",392,74
"6211","48253","Jones County, Texas","B01001_037",334,103
"6212","48253","Jones County, Texas","B01001_038",614,116
"6213","48253","Jones County, Texas","B01001_039",343,66
"6214","48253","Jones County, Texas","B01001_040",441,72
"6215","48253","Jones County, Texas","B01001_041",404,102
"6216","48253","Jones County, Texas","B01001_042",230,84
"6217","48253","Jones County, Texas","B01001_043",315,98
"6218","48253","Jones County, Texas","B01001_044",219,85
"6219","48253","Jones County, Texas","B01001_045",421,146
"6220","48253","Jones County, Texas","B01001_046",304,87
"6221","48253","Jones County, Texas","B01001_047",321,83
"6222","48253","Jones County, Texas","B01001_048",223,112
"6223","48253","Jones County, Texas","B01001_049",199,102
"6224","48255","Karnes County, Texas","B01001_001",14968,NA
"6225","48255","Karnes County, Texas","B01001_002",8792,214
"6226","48255","Karnes County, Texas","B01001_003",315,173
"6227","48255","Karnes County, Texas","B01001_004",273,166
"6228","48255","Karnes County, Texas","B01001_005",625,182
"6229","48255","Karnes County, Texas","B01001_006",173,84
"6230","48255","Karnes County, Texas","B01001_007",138,108
"6231","48255","Karnes County, Texas","B01001_008",277,139
"6232","48255","Karnes County, Texas","B01001_009",114,107
"6233","48255","Karnes County, Texas","B01001_010",380,146
"6234","48255","Karnes County, Texas","B01001_011",922,224
"6235","48255","Karnes County, Texas","B01001_012",688,140
"6236","48255","Karnes County, Texas","B01001_013",762,185
"6237","48255","Karnes County, Texas","B01001_014",1064,286
"6238","48255","Karnes County, Texas","B01001_015",370,139
"6239","48255","Karnes County, Texas","B01001_016",713,231
"6240","48255","Karnes County, Texas","B01001_017",591,157
"6241","48255","Karnes County, Texas","B01001_018",186,82
"6242","48255","Karnes County, Texas","B01001_019",169,72
"6243","48255","Karnes County, Texas","B01001_020",211,73
"6244","48255","Karnes County, Texas","B01001_021",201,62
"6245","48255","Karnes County, Texas","B01001_022",283,77
"6246","48255","Karnes County, Texas","B01001_023",234,54
"6247","48255","Karnes County, Texas","B01001_024",78,47
"6248","48255","Karnes County, Texas","B01001_025",25,29
"6249","48255","Karnes County, Texas","B01001_026",6176,214
"6250","48255","Karnes County, Texas","B01001_027",410,172
"6251","48255","Karnes County, Texas","B01001_028",358,102
"6252","48255","Karnes County, Texas","B01001_029",403,104
"6253","48255","Karnes County, Texas","B01001_030",351,75
"6254","48255","Karnes County, Texas","B01001_031",163,99
"6255","48255","Karnes County, Texas","B01001_032",207,143
"6256","48255","Karnes County, Texas","B01001_033",34,53
"6257","48255","Karnes County, Texas","B01001_034",62,59
"6258","48255","Karnes County, Texas","B01001_035",381,101
"6259","48255","Karnes County, Texas","B01001_036",249,101
"6260","48255","Karnes County, Texas","B01001_037",446,167
"6261","48255","Karnes County, Texas","B01001_038",597,201
"6262","48255","Karnes County, Texas","B01001_039",276,102
"6263","48255","Karnes County, Texas","B01001_040",329,49
"6264","48255","Karnes County, Texas","B01001_041",251,77
"6265","48255","Karnes County, Texas","B01001_042",177,73
"6266","48255","Karnes County, Texas","B01001_043",246,68
"6267","48255","Karnes County, Texas","B01001_044",91,37
"6268","48255","Karnes County, Texas","B01001_045",277,72
"6269","48255","Karnes County, Texas","B01001_046",266,71
"6270","48255","Karnes County, Texas","B01001_047",196,78
"6271","48255","Karnes County, Texas","B01001_048",188,82
"6272","48255","Karnes County, Texas","B01001_049",218,69
"6273","48257","Kaufman County, Texas","B01001_001",172604,NA
"6274","48257","Kaufman County, Texas","B01001_002",85079,128
"6275","48257","Kaufman County, Texas","B01001_003",6646,111
"6276","48257","Kaufman County, Texas","B01001_004",6778,557
"6277","48257","Kaufman County, Texas","B01001_005",7557,565
"6278","48257","Kaufman County, Texas","B01001_006",4353,52
"6279","48257","Kaufman County, Texas","B01001_007",2306,79
"6280","48257","Kaufman County, Texas","B01001_008",1065,283
"6281","48257","Kaufman County, Texas","B01001_009",861,307
"6282","48257","Kaufman County, Texas","B01001_010",3099,371
"6283","48257","Kaufman County, Texas","B01001_011",5519,86
"6284","48257","Kaufman County, Texas","B01001_012",6574,38
"6285","48257","Kaufman County, Texas","B01001_013",6370,640
"6286","48257","Kaufman County, Texas","B01001_014",6564,637
"6287","48257","Kaufman County, Texas","B01001_015",5231,73
"6288","48257","Kaufman County, Texas","B01001_016",5113,88
"6289","48257","Kaufman County, Texas","B01001_017",4866,545
"6290","48257","Kaufman County, Texas","B01001_018",1336,362
"6291","48257","Kaufman County, Texas","B01001_019",2564,447
"6292","48257","Kaufman County, Texas","B01001_020",1412,349
"6293","48257","Kaufman County, Texas","B01001_021",2328,321
"6294","48257","Kaufman County, Texas","B01001_022",1844,333
"6295","48257","Kaufman County, Texas","B01001_023",1259,179
"6296","48257","Kaufman County, Texas","B01001_024",1009,181
"6297","48257","Kaufman County, Texas","B01001_025",425,159
"6298","48257","Kaufman County, Texas","B01001_026",87525,128
"6299","48257","Kaufman County, Texas","B01001_027",6135,109
"6300","48257","Kaufman County, Texas","B01001_028",6640,583
"6301","48257","Kaufman County, Texas","B01001_029",7384,588
"6302","48257","Kaufman County, Texas","B01001_030",4156,40
"6303","48257","Kaufman County, Texas","B01001_031",1931,177
"6304","48257","Kaufman County, Texas","B01001_032",1389,367
"6305","48257","Kaufman County, Texas","B01001_033",1122,367
"6306","48257","Kaufman County, Texas","B01001_034",2687,384
"6307","48257","Kaufman County, Texas","B01001_035",5973,89
"6308","48257","Kaufman County, Texas","B01001_036",7150,157
"6309","48257","Kaufman County, Texas","B01001_037",7469,627
"6310","48257","Kaufman County, Texas","B01001_038",6050,590
"6311","48257","Kaufman County, Texas","B01001_039",5241,35
"6312","48257","Kaufman County, Texas","B01001_040",5044,27
"6313","48257","Kaufman County, Texas","B01001_041",4279,445
"6314","48257","Kaufman County, Texas","B01001_042",1885,348
"6315","48257","Kaufman County, Texas","B01001_043",2863,393
"6316","48257","Kaufman County, Texas","B01001_044",1499,310
"6317","48257","Kaufman County, Texas","B01001_045",1865,255
"6318","48257","Kaufman County, Texas","B01001_046",2862,390
"6319","48257","Kaufman County, Texas","B01001_047",1783,214
"6320","48257","Kaufman County, Texas","B01001_048",1198,219
"6321","48257","Kaufman County, Texas","B01001_049",920,182
"6322","48259","Kendall County, Texas","B01001_001",48567,NA
"6323","48259","Kendall County, Texas","B01001_002",23820,237
"6324","48259","Kendall County, Texas","B01001_003",1091,2
"6325","48259","Kendall County, Texas","B01001_004",1673,278
"6326","48259","Kendall County, Texas","B01001_005",1522,239
"6327","48259","Kendall County, Texas","B01001_006",1111,61
"6328","48259","Kendall County, Texas","B01001_007",549,315
"6329","48259","Kendall County, Texas","B01001_008",269,187
"6330","48259","Kendall County, Texas","B01001_009",444,275
"6331","48259","Kendall County, Texas","B01001_010",862,281
"6332","48259","Kendall County, Texas","B01001_011",878,184
"6333","48259","Kendall County, Texas","B01001_012",1250,126
"6334","48259","Kendall County, Texas","B01001_013",1592,300
"6335","48259","Kendall County, Texas","B01001_014",1483,307
"6336","48259","Kendall County, Texas","B01001_015",1566,35
"6337","48259","Kendall County, Texas","B01001_016",1635,53
"6338","48259","Kendall County, Texas","B01001_017",1714,218
"6339","48259","Kendall County, Texas","B01001_018",657,159
"6340","48259","Kendall County, Texas","B01001_019",931,199
"6341","48259","Kendall County, Texas","B01001_020",582,176
"6342","48259","Kendall County, Texas","B01001_021",718,171
"6343","48259","Kendall County, Texas","B01001_022",1552,206
"6344","48259","Kendall County, Texas","B01001_023",851,138
"6345","48259","Kendall County, Texas","B01001_024",550,122
"6346","48259","Kendall County, Texas","B01001_025",340,107
"6347","48259","Kendall County, Texas","B01001_026",24747,237
"6348","48259","Kendall County, Texas","B01001_027",1166,146
"6349","48259","Kendall County, Texas","B01001_028",1554,243
"6350","48259","Kendall County, Texas","B01001_029",1654,286
"6351","48259","Kendall County, Texas","B01001_030",1081,63
"6352","48259","Kendall County, Texas","B01001_031",459,250
"6353","48259","Kendall County, Texas","B01001_032",0,31
"6354","48259","Kendall County, Texas","B01001_033",272,220
"6355","48259","Kendall County, Texas","B01001_034",831,310
"6356","48259","Kendall County, Texas","B01001_035",1320,175
"6357","48259","Kendall County, Texas","B01001_036",1190,25
"6358","48259","Kendall County, Texas","B01001_037",1291,301
"6359","48259","Kendall County, Texas","B01001_038",2020,313
"6360","48259","Kendall County, Texas","B01001_039",1580,55
"6361","48259","Kendall County, Texas","B01001_040",1625,65
"6362","48259","Kendall County, Texas","B01001_041",1819,240
"6363","48259","Kendall County, Texas","B01001_042",660,171
"6364","48259","Kendall County, Texas","B01001_043",929,216
"6365","48259","Kendall County, Texas","B01001_044",655,168
"6366","48259","Kendall County, Texas","B01001_045",1116,232
"6367","48259","Kendall County, Texas","B01001_046",1161,231
"6368","48259","Kendall County, Texas","B01001_047",1015,184
"6369","48259","Kendall County, Texas","B01001_048",533,148
"6370","48259","Kendall County, Texas","B01001_049",816,182
"6371","48261","Kenedy County, Texas","B01001_001",145,90
"6372","48261","Kenedy County, Texas","B01001_002",77,49
"6373","48261","Kenedy County, Texas","B01001_003",0,15
"6374","48261","Kenedy County, Texas","B01001_004",2,3
"6375","48261","Kenedy County, Texas","B01001_005",7,13
"6376","48261","Kenedy County, Texas","B01001_006",0,15
"6377","48261","Kenedy County, Texas","B01001_007",2,4
"6378","48261","Kenedy County, Texas","B01001_008",0,15
"6379","48261","Kenedy County, Texas","B01001_009",0,15
"6380","48261","Kenedy County, Texas","B01001_010",0,15
"6381","48261","Kenedy County, Texas","B01001_011",0,15
"6382","48261","Kenedy County, Texas","B01001_012",2,3
"6383","48261","Kenedy County, Texas","B01001_013",20,25
"6384","48261","Kenedy County, Texas","B01001_014",4,8
"6385","48261","Kenedy County, Texas","B01001_015",0,15
"6386","48261","Kenedy County, Texas","B01001_016",9,16
"6387","48261","Kenedy County, Texas","B01001_017",0,15
"6388","48261","Kenedy County, Texas","B01001_018",0,15
"6389","48261","Kenedy County, Texas","B01001_019",7,8
"6390","48261","Kenedy County, Texas","B01001_020",3,3
"6391","48261","Kenedy County, Texas","B01001_021",0,15
"6392","48261","Kenedy County, Texas","B01001_022",18,19
"6393","48261","Kenedy County, Texas","B01001_023",1,2
"6394","48261","Kenedy County, Texas","B01001_024",1,2
"6395","48261","Kenedy County, Texas","B01001_025",1,2
"6396","48261","Kenedy County, Texas","B01001_026",68,47
"6397","48261","Kenedy County, Texas","B01001_027",0,15
"6398","48261","Kenedy County, Texas","B01001_028",11,16
"6399","48261","Kenedy County, Texas","B01001_029",0,15
"6400","48261","Kenedy County, Texas","B01001_030",0,15
"6401","48261","Kenedy County, Texas","B01001_031",0,15
"6402","48261","Kenedy County, Texas","B01001_032",0,15
"6403","48261","Kenedy County, Texas","B01001_033",0,15
"6404","48261","Kenedy County, Texas","B01001_034",0,15
"6405","48261","Kenedy County, Texas","B01001_035",6,8
"6406","48261","Kenedy County, Texas","B01001_036",1,3
"6407","48261","Kenedy County, Texas","B01001_037",10,13
"6408","48261","Kenedy County, Texas","B01001_038",0,15
"6409","48261","Kenedy County, Texas","B01001_039",0,15
"6410","48261","Kenedy County, Texas","B01001_040",0,15
"6411","48261","Kenedy County, Texas","B01001_041",5,8
"6412","48261","Kenedy County, Texas","B01001_042",0,15
"6413","48261","Kenedy County, Texas","B01001_043",2,2
"6414","48261","Kenedy County, Texas","B01001_044",16,28
"6415","48261","Kenedy County, Texas","B01001_045",8,13
"6416","48261","Kenedy County, Texas","B01001_046",0,15
"6417","48261","Kenedy County, Texas","B01001_047",1,3
"6418","48261","Kenedy County, Texas","B01001_048",0,15
"6419","48261","Kenedy County, Texas","B01001_049",8,11
"6420","48263","Kent County, Texas","B01001_001",734,117
"6421","48263","Kent County, Texas","B01001_002",393,91
"6422","48263","Kent County, Texas","B01001_003",13,18
"6423","48263","Kent County, Texas","B01001_004",22,22
"6424","48263","Kent County, Texas","B01001_005",39,33
"6425","48263","Kent County, Texas","B01001_006",10,10
"6426","48263","Kent County, Texas","B01001_007",9,17
"6427","48263","Kent County, Texas","B01001_008",16,19
"6428","48263","Kent County, Texas","B01001_009",0,15
"6429","48263","Kent County, Texas","B01001_010",0,15
"6430","48263","Kent County, Texas","B01001_011",20,20
"6431","48263","Kent County, Texas","B01001_012",12,21
"6432","48263","Kent County, Texas","B01001_013",27,25
"6433","48263","Kent County, Texas","B01001_014",26,21
"6434","48263","Kent County, Texas","B01001_015",14,18
"6435","48263","Kent County, Texas","B01001_016",10,10
"6436","48263","Kent County, Texas","B01001_017",38,23
"6437","48263","Kent County, Texas","B01001_018",40,40
"6438","48263","Kent County, Texas","B01001_019",18,18
"6439","48263","Kent County, Texas","B01001_020",12,9
"6440","48263","Kent County, Texas","B01001_021",10,7
"6441","48263","Kent County, Texas","B01001_022",37,26
"6442","48263","Kent County, Texas","B01001_023",5,5
"6443","48263","Kent County, Texas","B01001_024",6,15
"6444","48263","Kent County, Texas","B01001_025",9,14
"6445","48263","Kent County, Texas","B01001_026",341,74
"6446","48263","Kent County, Texas","B01001_027",4,5
"6447","48263","Kent County, Texas","B01001_028",0,15
"6448","48263","Kent County, Texas","B01001_029",0,15
"6449","48263","Kent County, Texas","B01001_030",1,2
"6450","48263","Kent County, Texas","B01001_031",4,7
"6451","48263","Kent County, Texas","B01001_032",0,15
"6452","48263","Kent County, Texas","B01001_033",4,6
"6453","48263","Kent County, Texas","B01001_034",7,11
"6454","48263","Kent County, Texas","B01001_035",5,6
"6455","48263","Kent County, Texas","B01001_036",12,16
"6456","48263","Kent County, Texas","B01001_037",5,6
"6457","48263","Kent County, Texas","B01001_038",16,14
"6458","48263","Kent County, Texas","B01001_039",12,9
"6459","48263","Kent County, Texas","B01001_040",2,3
"6460","48263","Kent County, Texas","B01001_041",38,22
"6461","48263","Kent County, Texas","B01001_042",18,11
"6462","48263","Kent County, Texas","B01001_043",18,13
"6463","48263","Kent County, Texas","B01001_044",16,21
"6464","48263","Kent County, Texas","B01001_045",30,22
"6465","48263","Kent County, Texas","B01001_046",29,24
"6466","48263","Kent County, Texas","B01001_047",61,45
"6467","48263","Kent County, Texas","B01001_048",30,32
"6468","48263","Kent County, Texas","B01001_049",29,24
"6469","48265","Kerr County, Texas","B01001_001",53489,NA
"6470","48265","Kerr County, Texas","B01001_002",26087,114
"6471","48265","Kerr County, Texas","B01001_003",1201,14
"6472","48265","Kerr County, Texas","B01001_004",1315,226
"6473","48265","Kerr County, Texas","B01001_005",1478,262
"6474","48265","Kerr County, Texas","B01001_006",992,78
"6475","48265","Kerr County, Texas","B01001_007",754,71
"6476","48265","Kerr County, Texas","B01001_008",302,112
"6477","48265","Kerr County, Texas","B01001_009",241,108
"6478","48265","Kerr County, Texas","B01001_010",908,137
"6479","48265","Kerr County, Texas","B01001_011",1332,93
"6480","48265","Kerr County, Texas","B01001_012",1413,145
"6481","48265","Kerr County, Texas","B01001_013",1484,204
"6482","48265","Kerr County, Texas","B01001_014",1148,222
"6483","48265","Kerr County, Texas","B01001_015",1319,62
"6484","48265","Kerr County, Texas","B01001_016",1407,65
"6485","48265","Kerr County, Texas","B01001_017",1588,241
"6486","48265","Kerr County, Texas","B01001_018",859,190
"6487","48265","Kerr County, Texas","B01001_019",1149,216
"6488","48265","Kerr County, Texas","B01001_020",922,240
"6489","48265","Kerr County, Texas","B01001_021",1074,176
"6490","48265","Kerr County, Texas","B01001_022",1890,245
"6491","48265","Kerr County, Texas","B01001_023",1436,210
"6492","48265","Kerr County, Texas","B01001_024",877,182
"6493","48265","Kerr County, Texas","B01001_025",998,204
"6494","48265","Kerr County, Texas","B01001_026",27402,114
"6495","48265","Kerr County, Texas","B01001_027",1202,32
"6496","48265","Kerr County, Texas","B01001_028",1267,207
"6497","48265","Kerr County, Texas","B01001_029",1396,216
"6498","48265","Kerr County, Texas","B01001_030",824,18
"6499","48265","Kerr County, Texas","B01001_031",672,179
"6500","48265","Kerr County, Texas","B01001_032",378,195
"6501","48265","Kerr County, Texas","B01001_033",248,127
"6502","48265","Kerr County, Texas","B01001_034",790,223
"6503","48265","Kerr County, Texas","B01001_035",1315,50
"6504","48265","Kerr County, Texas","B01001_036",1403,54
"6505","48265","Kerr County, Texas","B01001_037",1362,242
"6506","48265","Kerr County, Texas","B01001_038",1306,243
"6507","48265","Kerr County, Texas","B01001_039",1311,58
"6508","48265","Kerr County, Texas","B01001_040",1575,41
"6509","48265","Kerr County, Texas","B01001_041",1681,220
"6510","48265","Kerr County, Texas","B01001_042",915,207
"6511","48265","Kerr County, Texas","B01001_043",1410,207
"6512","48265","Kerr County, Texas","B01001_044",1094,231
"6513","48265","Kerr County, Texas","B01001_045",1305,226
"6514","48265","Kerr County, Texas","B01001_046",2038,286
"6515","48265","Kerr County, Texas","B01001_047",1798,248
"6516","48265","Kerr County, Texas","B01001_048",989,193
"6517","48265","Kerr County, Texas","B01001_049",1123,209
"6518","48267","Kimble County, Texas","B01001_001",4389,NA
"6519","48267","Kimble County, Texas","B01001_002",2161,134
"6520","48267","Kimble County, Texas","B01001_003",73,42
"6521","48267","Kimble County, Texas","B01001_004",131,66
"6522","48267","Kimble County, Texas","B01001_005",96,72
"6523","48267","Kimble County, Texas","B01001_006",66,48
"6524","48267","Kimble County, Texas","B01001_007",29,34
"6525","48267","Kimble County, Texas","B01001_008",33,31
"6526","48267","Kimble County, Texas","B01001_009",0,15
"6527","48267","Kimble County, Texas","B01001_010",78,59
"6528","48267","Kimble County, Texas","B01001_011",144,58
"6529","48267","Kimble County, Texas","B01001_012",91,62
"6530","48267","Kimble County, Texas","B01001_013",95,54
"6531","48267","Kimble County, Texas","B01001_014",149,83
"6532","48267","Kimble County, Texas","B01001_015",118,70
"6533","48267","Kimble County, Texas","B01001_016",142,53
"6534","48267","Kimble County, Texas","B01001_017",151,98
"6535","48267","Kimble County, Texas","B01001_018",46,48
"6536","48267","Kimble County, Texas","B01001_019",96,71
"6537","48267","Kimble County, Texas","B01001_020",43,37
"6538","48267","Kimble County, Texas","B01001_021",140,71
"6539","48267","Kimble County, Texas","B01001_022",235,72
"6540","48267","Kimble County, Texas","B01001_023",81,52
"6541","48267","Kimble County, Texas","B01001_024",117,83
"6542","48267","Kimble County, Texas","B01001_025",7,12
"6543","48267","Kimble County, Texas","B01001_026",2228,134
"6544","48267","Kimble County, Texas","B01001_027",144,59
"6545","48267","Kimble County, Texas","B01001_028",52,37
"6546","48267","Kimble County, Texas","B01001_029",63,40
"6547","48267","Kimble County, Texas","B01001_030",121,83
"6548","48267","Kimble County, Texas","B01001_031",23,31
"6549","48267","Kimble County, Texas","B01001_032",10,15
"6550","48267","Kimble County, Texas","B01001_033",28,28
"6551","48267","Kimble County, Texas","B01001_034",70,60
"6552","48267","Kimble County, Texas","B01001_035",149,53
"6553","48267","Kimble County, Texas","B01001_036",57,44
"6554","48267","Kimble County, Texas","B01001_037",49,28
"6555","48267","Kimble County, Texas","B01001_038",216,83
"6556","48267","Kimble County, Texas","B01001_039",190,81
"6557","48267","Kimble County, Texas","B01001_040",81,51
"6558","48267","Kimble County, Texas","B01001_041",91,66
"6559","48267","Kimble County, Texas","B01001_042",46,40
"6560","48267","Kimble County, Texas","B01001_043",90,65
"6561","48267","Kimble County, Texas","B01001_044",142,67
"6562","48267","Kimble County, Texas","B01001_045",108,58
"6563","48267","Kimble County, Texas","B01001_046",221,69
"6564","48267","Kimble County, Texas","B01001_047",110,51
"6565","48267","Kimble County, Texas","B01001_048",68,43
"6566","48267","Kimble County, Texas","B01001_049",99,73
"6567","48269","King County, Texas","B01001_001",211,83
"6568","48269","King County, Texas","B01001_002",103,47
"6569","48269","King County, Texas","B01001_003",9,11
"6570","48269","King County, Texas","B01001_004",11,9
"6571","48269","King County, Texas","B01001_005",0,15
"6572","48269","King County, Texas","B01001_006",0,15
"6573","48269","King County, Texas","B01001_007",0,15
"6574","48269","King County, Texas","B01001_008",0,15
"6575","48269","King County, Texas","B01001_009",0,15
"6576","48269","King County, Texas","B01001_010",0,15
"6577","48269","King County, Texas","B01001_011",13,20
"6578","48269","King County, Texas","B01001_012",0,15
"6579","48269","King County, Texas","B01001_013",14,17
"6580","48269","King County, Texas","B01001_014",2,3
"6581","48269","King County, Texas","B01001_015",9,15
"6582","48269","King County, Texas","B01001_016",7,10
"6583","48269","King County, Texas","B01001_017",1,2
"6584","48269","King County, Texas","B01001_018",0,15
"6585","48269","King County, Texas","B01001_019",4,4
"6586","48269","King County, Texas","B01001_020",0,15
"6587","48269","King County, Texas","B01001_021",12,10
"6588","48269","King County, Texas","B01001_022",14,13
"6589","48269","King County, Texas","B01001_023",5,5
"6590","48269","King County, Texas","B01001_024",2,3
"6591","48269","King County, Texas","B01001_025",0,15
"6592","48269","King County, Texas","B01001_026",108,44
"6593","48269","King County, Texas","B01001_027",7,7
"6594","48269","King County, Texas","B01001_028",0,15
"6595","48269","King County, Texas","B01001_029",4,7
"6596","48269","King County, Texas","B01001_030",0,15
"6597","48269","King County, Texas","B01001_031",0,15
"6598","48269","King County, Texas","B01001_032",0,15
"6599","48269","King County, Texas","B01001_033",0,15
"6600","48269","King County, Texas","B01001_034",0,15
"6601","48269","King County, Texas","B01001_035",33,31
"6602","48269","King County, Texas","B01001_036",0,15
"6603","48269","King County, Texas","B01001_037",0,15
"6604","48269","King County, Texas","B01001_038",8,12
"6605","48269","King County, Texas","B01001_039",1,3
"6606","48269","King County, Texas","B01001_040",0,15
"6607","48269","King County, Texas","B01001_041",3,3
"6608","48269","King County, Texas","B01001_042",20,15
"6609","48269","King County, Texas","B01001_043",0,15
"6610","48269","King County, Texas","B01001_044",9,8
"6611","48269","King County, Texas","B01001_045",8,10
"6612","48269","King County, Texas","B01001_046",0,15
"6613","48269","King County, Texas","B01001_047",0,15
"6614","48269","King County, Texas","B01001_048",2,3
"6615","48269","King County, Texas","B01001_049",13,15
"6616","48271","Kinney County, Texas","B01001_001",3157,NA
"6617","48271","Kinney County, Texas","B01001_002",1864,176
"6618","48271","Kinney County, Texas","B01001_003",0,15
"6619","48271","Kinney County, Texas","B01001_004",85,82
"6620","48271","Kinney County, Texas","B01001_005",34,56
"6621","48271","Kinney County, Texas","B01001_006",4,6
"6622","48271","Kinney County, Texas","B01001_007",0,15
"6623","48271","Kinney County, Texas","B01001_008",17,20
"6624","48271","Kinney County, Texas","B01001_009",73,80
"6625","48271","Kinney County, Texas","B01001_010",12,24
"6626","48271","Kinney County, Texas","B01001_011",177,130
"6627","48271","Kinney County, Texas","B01001_012",206,124
"6628","48271","Kinney County, Texas","B01001_013",223,113
"6629","48271","Kinney County, Texas","B01001_014",56,36
"6630","48271","Kinney County, Texas","B01001_015",64,68
"6631","48271","Kinney County, Texas","B01001_016",276,192
"6632","48271","Kinney County, Texas","B01001_017",147,83
"6633","48271","Kinney County, Texas","B01001_018",8,16
"6634","48271","Kinney County, Texas","B01001_019",98,77
"6635","48271","Kinney County, Texas","B01001_020",44,56
"6636","48271","Kinney County, Texas","B01001_021",60,73
"6637","48271","Kinney County, Texas","B01001_022",31,35
"6638","48271","Kinney County, Texas","B01001_023",93,80
"6639","48271","Kinney County, Texas","B01001_024",118,96
"6640","48271","Kinney County, Texas","B01001_025",38,43
"6641","48271","Kinney County, Texas","B01001_026",1293,177
"6642","48271","Kinney County, Texas","B01001_027",66,78
"6643","48271","Kinney County, Texas","B01001_028",0,15
"6644","48271","Kinney County, Texas","B01001_029",27,43
"6645","48271","Kinney County, Texas","B01001_030",14,19
"6646","48271","Kinney County, Texas","B01001_031",61,58
"6647","48271","Kinney County, Texas","B01001_032",0,15
"6648","48271","Kinney County, Texas","B01001_033",0,15
"6649","48271","Kinney County, Texas","B01001_034",208,201
"6650","48271","Kinney County, Texas","B01001_035",33,46
"6651","48271","Kinney County, Texas","B01001_036",0,15
"6652","48271","Kinney County, Texas","B01001_037",41,61
"6653","48271","Kinney County, Texas","B01001_038",36,54
"6654","48271","Kinney County, Texas","B01001_039",88,73
"6655","48271","Kinney County, Texas","B01001_040",139,94
"6656","48271","Kinney County, Texas","B01001_041",35,38
"6657","48271","Kinney County, Texas","B01001_042",33,40
"6658","48271","Kinney County, Texas","B01001_043",60,42
"6659","48271","Kinney County, Texas","B01001_044",104,83
"6660","48271","Kinney County, Texas","B01001_045",63,49
"6661","48271","Kinney County, Texas","B01001_046",109,92
"6662","48271","Kinney County, Texas","B01001_047",50,50
"6663","48271","Kinney County, Texas","B01001_048",80,68
"6664","48271","Kinney County, Texas","B01001_049",46,44
"6665","48273","Kleberg County, Texas","B01001_001",30579,NA
"6666","48273","Kleberg County, Texas","B01001_002",15255,162
"6667","48273","Kleberg County, Texas","B01001_003",1036,82
"6668","48273","Kleberg County, Texas","B01001_004",540,140
"6669","48273","Kleberg County, Texas","B01001_005",1531,141
"6670","48273","Kleberg County, Texas","B01001_006",592,68
"6671","48273","Kleberg County, Texas","B01001_007",674,219
"6672","48273","Kleberg County, Texas","B01001_008",489,263
"6673","48273","Kleberg County, Texas","B01001_009",221,130
"6674","48273","Kleberg County, Texas","B01001_010",1578,350
"6675","48273","Kleberg County, Texas","B01001_011",1240,56
"6676","48273","Kleberg County, Texas","B01001_012",897,38
"6677","48273","Kleberg County, Texas","B01001_013",1091,202
"6678","48273","Kleberg County, Texas","B01001_014",745,198
"6679","48273","Kleberg County, Texas","B01001_015",671,4
"6680","48273","Kleberg County, Texas","B01001_016",684,21
"6681","48273","Kleberg County, Texas","B01001_017",734,160
"6682","48273","Kleberg County, Texas","B01001_018",457,184
"6683","48273","Kleberg County, Texas","B01001_019",246,87
"6684","48273","Kleberg County, Texas","B01001_020",152,61
"6685","48273","Kleberg County, Texas","B01001_021",245,92
"6686","48273","Kleberg County, Texas","B01001_022",670,85
"6687","48273","Kleberg County, Texas","B01001_023",365,110
"6688","48273","Kleberg County, Texas","B01001_024",202,86
"6689","48273","Kleberg County, Texas","B01001_025",195,101
"6690","48273","Kleberg County, Texas","B01001_026",15324,162
"6691","48273","Kleberg County, Texas","B01001_027",1011,80
"6692","48273","Kleberg County, Texas","B01001_028",982,209
"6693","48273","Kleberg County, Texas","B01001_029",1114,197
"6694","48273","Kleberg County, Texas","B01001_030",557,72
"6695","48273","Kleberg County, Texas","B01001_031",956,195
"6696","48273","Kleberg County, Texas","B01001_032",612,315
"6697","48273","Kleberg County, Texas","B01001_033",438,177
"6698","48273","Kleberg County, Texas","B01001_034",1149,273
"6699","48273","Kleberg County, Texas","B01001_035",1081,66
"6700","48273","Kleberg County, Texas","B01001_036",825,101
"6701","48273","Kleberg County, Texas","B01001_037",988,205
"6702","48273","Kleberg County, Texas","B01001_038",713,212
"6703","48273","Kleberg County, Texas","B01001_039",659,92
"6704","48273","Kleberg County, Texas","B01001_040",710,100
"6705","48273","Kleberg County, Texas","B01001_041",728,127
"6706","48273","Kleberg County, Texas","B01001_042",372,100
"6707","48273","Kleberg County, Texas","B01001_043",206,84
"6708","48273","Kleberg County, Texas","B01001_044",206,88
"6709","48273","Kleberg County, Texas","B01001_045",314,91
"6710","48273","Kleberg County, Texas","B01001_046",673,112
"6711","48273","Kleberg County, Texas","B01001_047",435,115
"6712","48273","Kleberg County, Texas","B01001_048",394,127
"6713","48273","Kleberg County, Texas","B01001_049",201,78
"6714","48275","Knox County, Texas","B01001_001",3307,NA
"6715","48275","Knox County, Texas","B01001_002",1626,52
"6716","48275","Knox County, Texas","B01001_003",87,34
"6717","48275","Knox County, Texas","B01001_004",175,50
"6718","48275","Knox County, Texas","B01001_005",156,60
"6719","48275","Knox County, Texas","B01001_006",41,31
"6720","48275","Knox County, Texas","B01001_007",19,15
"6721","48275","Knox County, Texas","B01001_008",27,20
"6722","48275","Knox County, Texas","B01001_009",20,16
"6723","48275","Knox County, Texas","B01001_010",41,26
"6724","48275","Knox County, Texas","B01001_011",92,38
"6725","48275","Knox County, Texas","B01001_012",56,31
"6726","48275","Knox County, Texas","B01001_013",108,35
"6727","48275","Knox County, Texas","B01001_014",84,43
"6728","48275","Knox County, Texas","B01001_015",89,31
"6729","48275","Knox County, Texas","B01001_016",117,41
"6730","48275","Knox County, Texas","B01001_017",140,39
"6731","48275","Knox County, Texas","B01001_018",64,40
"6732","48275","Knox County, Texas","B01001_019",63,24
"6733","48275","Knox County, Texas","B01001_020",26,14
"6734","48275","Knox County, Texas","B01001_021",23,10
"6735","48275","Knox County, Texas","B01001_022",97,23
"6736","48275","Knox County, Texas","B01001_023",26,17
"6737","48275","Knox County, Texas","B01001_024",40,23
"6738","48275","Knox County, Texas","B01001_025",35,20
"6739","48275","Knox County, Texas","B01001_026",1681,52
"6740","48275","Knox County, Texas","B01001_027",74,36
"6741","48275","Knox County, Texas","B01001_028",122,45
"6742","48275","Knox County, Texas","B01001_029",80,21
"6743","48275","Knox County, Texas","B01001_030",124,48
"6744","48275","Knox County, Texas","B01001_031",22,22
"6745","48275","Knox County, Texas","B01001_032",16,22
"6746","48275","Knox County, Texas","B01001_033",20,24
"6747","48275","Knox County, Texas","B01001_034",10,11
"6748","48275","Knox County, Texas","B01001_035",84,28
"6749","48275","Knox County, Texas","B01001_036",72,36
"6750","48275","Knox County, Texas","B01001_037",126,35
"6751","48275","Knox County, Texas","B01001_038",119,48
"6752","48275","Knox County, Texas","B01001_039",90,36
"6753","48275","Knox County, Texas","B01001_040",112,40
"6754","48275","Knox County, Texas","B01001_041",102,31
"6755","48275","Knox County, Texas","B01001_042",11,8
"6756","48275","Knox County, Texas","B01001_043",125,35
"6757","48275","Knox County, Texas","B01001_044",22,12
"6758","48275","Knox County, Texas","B01001_045",68,26
"6759","48275","Knox County, Texas","B01001_046",91,22
"6760","48275","Knox County, Texas","B01001_047",73,31
"6761","48275","Knox County, Texas","B01001_048",20,13
"6762","48275","Knox County, Texas","B01001_049",98,36
"6763","48277","Lamar County, Texas","B01001_001",50669,NA
"6764","48277","Lamar County, Texas","B01001_002",24639,171
"6765","48277","Lamar County, Texas","B01001_003",1655,150
"6766","48277","Lamar County, Texas","B01001_004",1769,235
"6767","48277","Lamar County, Texas","B01001_005",1826,245
"6768","48277","Lamar County, Texas","B01001_006",1095,73
"6769","48277","Lamar County, Texas","B01001_007",558,90
"6770","48277","Lamar County, Texas","B01001_008",306,154
"6771","48277","Lamar County, Texas","B01001_009",342,117
"6772","48277","Lamar County, Texas","B01001_010",569,157
"6773","48277","Lamar County, Texas","B01001_011",1723,196
"6774","48277","Lamar County, Texas","B01001_012",1708,242
"6775","48277","Lamar County, Texas","B01001_013",1376,239
"6776","48277","Lamar County, Texas","B01001_014",1103,230
"6777","48277","Lamar County, Texas","B01001_015",1646,232
"6778","48277","Lamar County, Texas","B01001_016",1468,135
"6779","48277","Lamar County, Texas","B01001_017",1125,185
"6780","48277","Lamar County, Texas","B01001_018",694,187
"6781","48277","Lamar County, Texas","B01001_019",1192,204
"6782","48277","Lamar County, Texas","B01001_020",489,168
"6783","48277","Lamar County, Texas","B01001_021",910,179
"6784","48277","Lamar County, Texas","B01001_022",1444,222
"6785","48277","Lamar County, Texas","B01001_023",797,134
"6786","48277","Lamar County, Texas","B01001_024",522,121
"6787","48277","Lamar County, Texas","B01001_025",322,128
"6788","48277","Lamar County, Texas","B01001_026",26030,171
"6789","48277","Lamar County, Texas","B01001_027",1555,152
"6790","48277","Lamar County, Texas","B01001_028",1965,224
"6791","48277","Lamar County, Texas","B01001_029",1400,223
"6792","48277","Lamar County, Texas","B01001_030",929,76
"6793","48277","Lamar County, Texas","B01001_031",460,91
"6794","48277","Lamar County, Texas","B01001_032",338,137
"6795","48277","Lamar County, Texas","B01001_033",406,185
"6796","48277","Lamar County, Texas","B01001_034",1016,188
"6797","48277","Lamar County, Texas","B01001_035",1388,54
"6798","48277","Lamar County, Texas","B01001_036",1698,115
"6799","48277","Lamar County, Texas","B01001_037",1388,237
"6800","48277","Lamar County, Texas","B01001_038",1660,251
"6801","48277","Lamar County, Texas","B01001_039",1492,64
"6802","48277","Lamar County, Texas","B01001_040",1580,41
"6803","48277","Lamar County, Texas","B01001_041",1682,225
"6804","48277","Lamar County, Texas","B01001_042",751,185
"6805","48277","Lamar County, Texas","B01001_043",906,202
"6806","48277","Lamar County, Texas","B01001_044",702,180
"6807","48277","Lamar County, Texas","B01001_045",1015,208
"6808","48277","Lamar County, Texas","B01001_046",1311,174
"6809","48277","Lamar County, Texas","B01001_047",995,178
"6810","48277","Lamar County, Texas","B01001_048",557,157
"6811","48277","Lamar County, Texas","B01001_049",836,186
"6812","48279","Lamb County, Texas","B01001_001",12828,NA
"6813","48279","Lamb County, Texas","B01001_002",6501,97
"6814","48279","Lamb County, Texas","B01001_003",491,98
"6815","48279","Lamb County, Texas","B01001_004",496,111
"6816","48279","Lamb County, Texas","B01001_005",511,109
"6817","48279","Lamb County, Texas","B01001_006",373,46
"6818","48279","Lamb County, Texas","B01001_007",211,51
"6819","48279","Lamb County, Texas","B01001_008",33,42
"6820","48279","Lamb County, Texas","B01001_009",40,56
"6821","48279","Lamb County, Texas","B01001_010",326,82
"6822","48279","Lamb County, Texas","B01001_011",394,23
"6823","48279","Lamb County, Texas","B01001_012",327,44
"6824","48279","Lamb County, Texas","B01001_013",401,112
"6825","48279","Lamb County, Texas","B01001_014",383,83
"6826","48279","Lamb County, Texas","B01001_015",365,72
"6827","48279","Lamb County, Texas","B01001_016",337,14
"6828","48279","Lamb County, Texas","B01001_017",401,90
"6829","48279","Lamb County, Texas","B01001_018",169,69
"6830","48279","Lamb County, Texas","B01001_019",249,82
"6831","48279","Lamb County, Texas","B01001_020",162,51
"6832","48279","Lamb County, Texas","B01001_021",212,69
"6833","48279","Lamb County, Texas","B01001_022",199,52
"6834","48279","Lamb County, Texas","B01001_023",210,98
"6835","48279","Lamb County, Texas","B01001_024",141,52
"6836","48279","Lamb County, Texas","B01001_025",70,37
"6837","48279","Lamb County, Texas","B01001_026",6327,97
"6838","48279","Lamb County, Texas","B01001_027",378,64
"6839","48279","Lamb County, Texas","B01001_028",521,114
"6840","48279","Lamb County, Texas","B01001_029",417,114
"6841","48279","Lamb County, Texas","B01001_030",302,53
"6842","48279","Lamb County, Texas","B01001_031",141,53
"6843","48279","Lamb County, Texas","B01001_032",73,52
"6844","48279","Lamb County, Texas","B01001_033",154,55
"6845","48279","Lamb County, Texas","B01001_034",227,81
"6846","48279","Lamb County, Texas","B01001_035",299,23
"6847","48279","Lamb County, Texas","B01001_036",362,4
"6848","48279","Lamb County, Texas","B01001_037",341,89
"6849","48279","Lamb County, Texas","B01001_038",432,91
"6850","48279","Lamb County, Texas","B01001_039",334,15
"6851","48279","Lamb County, Texas","B01001_040",360,43
"6852","48279","Lamb County, Texas","B01001_041",343,88
"6853","48279","Lamb County, Texas","B01001_042",136,58
"6854","48279","Lamb County, Texas","B01001_043",304,87
"6855","48279","Lamb County, Texas","B01001_044",228,94
"6856","48279","Lamb County, Texas","B01001_045",96,47
"6857","48279","Lamb County, Texas","B01001_046",334,72
"6858","48279","Lamb County, Texas","B01001_047",235,62
"6859","48279","Lamb County, Texas","B01001_048",174,62
"6860","48279","Lamb County, Texas","B01001_049",136,66
"6861","48281","Lampasas County, Texas","B01001_001",22715,NA
"6862","48281","Lampasas County, Texas","B01001_002",11319,113
"6863","48281","Lampasas County, Texas","B01001_003",581,44
"6864","48281","Lampasas County, Texas","B01001_004",632,146
"6865","48281","Lampasas County, Texas","B01001_005",728,137
"6866","48281","Lampasas County, Texas","B01001_006",458,38
"6867","48281","Lampasas County, Texas","B01001_007",507,142
"6868","48281","Lampasas County, Texas","B01001_008",125,71
"6869","48281","Lampasas County, Texas","B01001_009",56,53
"6870","48281","Lampasas County, Texas","B01001_010",267,105
"6871","48281","Lampasas County, Texas","B01001_011",482,78
"6872","48281","Lampasas County, Texas","B01001_012",610,41
"6873","48281","Lampasas County, Texas","B01001_013",803,143
"6874","48281","Lampasas County, Texas","B01001_014",652,164
"6875","48281","Lampasas County, Texas","B01001_015",645,85
"6876","48281","Lampasas County, Texas","B01001_016",797,63
"6877","48281","Lampasas County, Texas","B01001_017",763,135
"6878","48281","Lampasas County, Texas","B01001_018",268,103
"6879","48281","Lampasas County, Texas","B01001_019",695,167
"6880","48281","Lampasas County, Texas","B01001_020",313,127
"6881","48281","Lampasas County, Texas","B01001_021",346,93
"6882","48281","Lampasas County, Texas","B01001_022",643,131
"6883","48281","Lampasas County, Texas","B01001_023",552,123
"6884","48281","Lampasas County, Texas","B01001_024",258,92
"6885","48281","Lampasas County, Texas","B01001_025",138,77
"6886","48281","Lampasas County, Texas","B01001_026",11396,113
"6887","48281","Lampasas County, Texas","B01001_027",524,58
"6888","48281","Lampasas County, Texas","B01001_028",592,143
"6889","48281","Lampasas County, Texas","B01001_029",777,151
"6890","48281","Lampasas County, Texas","B01001_030",537,66
"6891","48281","Lampasas County, Texas","B01001_031",219,53
"6892","48281","Lampasas County, Texas","B01001_032",65,47
"6893","48281","Lampasas County, Texas","B01001_033",160,91
"6894","48281","Lampasas County, Texas","B01001_034",376,96
"6895","48281","Lampasas County, Texas","B01001_035",499,85
"6896","48281","Lampasas County, Texas","B01001_036",569,45
"6897","48281","Lampasas County, Texas","B01001_037",746,180
"6898","48281","Lampasas County, Texas","B01001_038",690,148
"6899","48281","Lampasas County, Texas","B01001_039",814,71
"6900","48281","Lampasas County, Texas","B01001_040",640,58
"6901","48281","Lampasas County, Texas","B01001_041",695,149
"6902","48281","Lampasas County, Texas","B01001_042",551,158
"6903","48281","Lampasas County, Texas","B01001_043",429,130
"6904","48281","Lampasas County, Texas","B01001_044",308,107
"6905","48281","Lampasas County, Texas","B01001_045",471,115
"6906","48281","Lampasas County, Texas","B01001_046",662,122
"6907","48281","Lampasas County, Texas","B01001_047",531,101
"6908","48281","Lampasas County, Texas","B01001_048",191,73
"6909","48281","Lampasas County, Texas","B01001_049",350,110
"6910","48283","La Salle County, Texas","B01001_001",6839,90
"6911","48283","La Salle County, Texas","B01001_002",4039,296
"6912","48283","La Salle County, Texas","B01001_003",87,81
"6913","48283","La Salle County, Texas","B01001_004",204,160
"6914","48283","La Salle County, Texas","B01001_005",245,178
"6915","48283","La Salle County, Texas","B01001_006",289,136
"6916","48283","La Salle County, Texas","B01001_007",321,241
"6917","48283","La Salle County, Texas","B01001_008",13,22
"6918","48283","La Salle County, Texas","B01001_009",223,195
"6919","48283","La Salle County, Texas","B01001_010",168,141
"6920","48283","La Salle County, Texas","B01001_011",278,144
"6921","48283","La Salle County, Texas","B01001_012",365,134
"6922","48283","La Salle County, Texas","B01001_013",207,82
"6923","48283","La Salle County, Texas","B01001_014",416,135
"6924","48283","La Salle County, Texas","B01001_015",135,97
"6925","48283","La Salle County, Texas","B01001_016",269,96
"6926","48283","La Salle County, Texas","B01001_017",180,118
"6927","48283","La Salle County, Texas","B01001_018",51,51
"6928","48283","La Salle County, Texas","B01001_019",89,91
"6929","48283","La Salle County, Texas","B01001_020",20,16
"6930","48283","La Salle County, Texas","B01001_021",105,72
"6931","48283","La Salle County, Texas","B01001_022",75,61
"6932","48283","La Salle County, Texas","B01001_023",51,35
"6933","48283","La Salle County, Texas","B01001_024",182,73
"6934","48283","La Salle County, Texas","B01001_025",66,46
"6935","48283","La Salle County, Texas","B01001_026",2800,268
"6936","48283","La Salle County, Texas","B01001_027",52,43
"6937","48283","La Salle County, Texas","B01001_028",229,150
"6938","48283","La Salle County, Texas","B01001_029",177,144
"6939","48283","La Salle County, Texas","B01001_030",218,81
"6940","48283","La Salle County, Texas","B01001_031",34,57
"6941","48283","La Salle County, Texas","B01001_032",68,69
"6942","48283","La Salle County, Texas","B01001_033",73,81
"6943","48283","La Salle County, Texas","B01001_034",161,98
"6944","48283","La Salle County, Texas","B01001_035",151,112
"6945","48283","La Salle County, Texas","B01001_036",26,44
"6946","48283","La Salle County, Texas","B01001_037",322,124
"6947","48283","La Salle County, Texas","B01001_038",190,108
"6948","48283","La Salle County, Texas","B01001_039",185,117
"6949","48283","La Salle County, Texas","B01001_040",79,66
"6950","48283","La Salle County, Texas","B01001_041",35,39
"6951","48283","La Salle County, Texas","B01001_042",60,43
"6952","48283","La Salle County, Texas","B01001_043",142,75
"6953","48283","La Salle County, Texas","B01001_044",89,49
"6954","48283","La Salle County, Texas","B01001_045",47,45
"6955","48283","La Salle County, Texas","B01001_046",68,52
"6956","48283","La Salle County, Texas","B01001_047",277,87
"6957","48283","La Salle County, Texas","B01001_048",63,50
"6958","48283","La Salle County, Texas","B01001_049",54,49
"6959","48285","Lavaca County, Texas","B01001_001",20552,NA
"6960","48285","Lavaca County, Texas","B01001_002",10097,45
"6961","48285","Lavaca County, Texas","B01001_003",653,49
"6962","48285","Lavaca County, Texas","B01001_004",630,121
"6963","48285","Lavaca County, Texas","B01001_005",725,120
"6964","48285","Lavaca County, Texas","B01001_006",447,25
"6965","48285","Lavaca County, Texas","B01001_007",177,46
"6966","48285","Lavaca County, Texas","B01001_008",32,35
"6967","48285","Lavaca County, Texas","B01001_009",124,91
"6968","48285","Lavaca County, Texas","B01001_010",304,80
"6969","48285","Lavaca County, Texas","B01001_011",562,58
"6970","48285","Lavaca County, Texas","B01001_012",529,90
"6971","48285","Lavaca County, Texas","B01001_013",666,155
"6972","48285","Lavaca County, Texas","B01001_014",588,114
"6973","48285","Lavaca County, Texas","B01001_015",473,71
"6974","48285","Lavaca County, Texas","B01001_016",518,42
"6975","48285","Lavaca County, Texas","B01001_017",571,155
"6976","48285","Lavaca County, Texas","B01001_018",341,97
"6977","48285","Lavaca County, Texas","B01001_019",504,121
"6978","48285","Lavaca County, Texas","B01001_020",215,78
"6979","48285","Lavaca County, Texas","B01001_021",355,78
"6980","48285","Lavaca County, Texas","B01001_022",709,119
"6981","48285","Lavaca County, Texas","B01001_023",453,95
"6982","48285","Lavaca County, Texas","B01001_024",205,61
"6983","48285","Lavaca County, Texas","B01001_025",316,124
"6984","48285","Lavaca County, Texas","B01001_026",10455,45
"6985","48285","Lavaca County, Texas","B01001_027",582,23
"6986","48285","Lavaca County, Texas","B01001_028",680,131
"6987","48285","Lavaca County, Texas","B01001_029",652,159
"6988","48285","Lavaca County, Texas","B01001_030",457,27
"6989","48285","Lavaca County, Texas","B01001_031",226,77
"6990","48285","Lavaca County, Texas","B01001_032",54,38
"6991","48285","Lavaca County, Texas","B01001_033",81,54
"6992","48285","Lavaca County, Texas","B01001_034",389,97
"6993","48285","Lavaca County, Texas","B01001_035",492,96
"6994","48285","Lavaca County, Texas","B01001_036",602,133
"6995","48285","Lavaca County, Texas","B01001_037",515,155
"6996","48285","Lavaca County, Texas","B01001_038",608,130
"6997","48285","Lavaca County, Texas","B01001_039",465,52
"6998","48285","Lavaca County, Texas","B01001_040",603,47
"6999","48285","Lavaca County, Texas","B01001_041",633,100
"7000","48285","Lavaca County, Texas","B01001_042",259,79
"7001","48285","Lavaca County, Texas","B01001_043",460,95
"7002","48285","Lavaca County, Texas","B01001_044",232,67
"7003","48285","Lavaca County, Texas","B01001_045",302,76
"7004","48285","Lavaca County, Texas","B01001_046",897,118
"7005","48285","Lavaca County, Texas","B01001_047",527,106
"7006","48285","Lavaca County, Texas","B01001_048",346,96
"7007","48285","Lavaca County, Texas","B01001_049",393,102
"7008","48287","Lee County, Texas","B01001_001",17971,NA
"7009","48287","Lee County, Texas","B01001_002",9029,201
"7010","48287","Lee County, Texas","B01001_003",473,154
"7011","48287","Lee County, Texas","B01001_004",494,128
"7012","48287","Lee County, Texas","B01001_005",509,108
"7013","48287","Lee County, Texas","B01001_006",480,142
"7014","48287","Lee County, Texas","B01001_007",218,105
"7015","48287","Lee County, Texas","B01001_008",91,54
"7016","48287","Lee County, Texas","B01001_009",45,40
"7017","48287","Lee County, Texas","B01001_010",529,234
"7018","48287","Lee County, Texas","B01001_011",494,159
"7019","48287","Lee County, Texas","B01001_012",205,135
"7020","48287","Lee County, Texas","B01001_013",701,247
"7021","48287","Lee County, Texas","B01001_014",692,206
"7022","48287","Lee County, Texas","B01001_015",643,156
"7023","48287","Lee County, Texas","B01001_016",375,29
"7024","48287","Lee County, Texas","B01001_017",826,182
"7025","48287","Lee County, Texas","B01001_018",136,102
"7026","48287","Lee County, Texas","B01001_019",500,136
"7027","48287","Lee County, Texas","B01001_020",285,135
"7028","48287","Lee County, Texas","B01001_021",337,111
"7029","48287","Lee County, Texas","B01001_022",353,122
"7030","48287","Lee County, Texas","B01001_023",273,108
"7031","48287","Lee County, Texas","B01001_024",143,74
"7032","48287","Lee County, Texas","B01001_025",227,98
"7033","48287","Lee County, Texas","B01001_026",8942,201
"7034","48287","Lee County, Texas","B01001_027",596,192
"7035","48287","Lee County, Texas","B01001_028",521,145
"7036","48287","Lee County, Texas","B01001_029",397,144
"7037","48287","Lee County, Texas","B01001_030",354,78
"7038","48287","Lee County, Texas","B01001_031",371,133
"7039","48287","Lee County, Texas","B01001_032",55,46
"7040","48287","Lee County, Texas","B01001_033",78,76
"7041","48287","Lee County, Texas","B01001_034",262,117
"7042","48287","Lee County, Texas","B01001_035",369,159
"7043","48287","Lee County, Texas","B01001_036",521,109
"7044","48287","Lee County, Texas","B01001_037",270,115
"7045","48287","Lee County, Texas","B01001_038",890,192
"7046","48287","Lee County, Texas","B01001_039",454,80
"7047","48287","Lee County, Texas","B01001_040",580,108
"7048","48287","Lee County, Texas","B01001_041",755,157
"7049","48287","Lee County, Texas","B01001_042",169,102
"7050","48287","Lee County, Texas","B01001_043",340,131
"7051","48287","Lee County, Texas","B01001_044",277,107
"7052","48287","Lee County, Texas","B01001_045",532,162
"7053","48287","Lee County, Texas","B01001_046",340,134
"7054","48287","Lee County, Texas","B01001_047",430,139
"7055","48287","Lee County, Texas","B01001_048",193,84
"7056","48287","Lee County, Texas","B01001_049",188,90
"7057","48289","Leon County, Texas","B01001_001",16263,NA
"7058","48289","Leon County, Texas","B01001_002",8115,183
"7059","48289","Leon County, Texas","B01001_003",451,5
"7060","48289","Leon County, Texas","B01001_004",376,93
"7061","48289","Leon County, Texas","B01001_005",815,148
"7062","48289","Leon County, Texas","B01001_006",284,125
"7063","48289","Leon County, Texas","B01001_007",160,100
"7064","48289","Leon County, Texas","B01001_008",64,75
"7065","48289","Leon County, Texas","B01001_009",24,40
"7066","48289","Leon County, Texas","B01001_010",286,120
"7067","48289","Leon County, Texas","B01001_011",413,85
"7068","48289","Leon County, Texas","B01001_012",453,86
"7069","48289","Leon County, Texas","B01001_013",495,138
"7070","48289","Leon County, Texas","B01001_014",356,132
"7071","48289","Leon County, Texas","B01001_015",460,83
"7072","48289","Leon County, Texas","B01001_016",420,58
"7073","48289","Leon County, Texas","B01001_017",311,96
"7074","48289","Leon County, Texas","B01001_018",388,135
"7075","48289","Leon County, Texas","B01001_019",403,129
"7076","48289","Leon County, Texas","B01001_020",277,87
"7077","48289","Leon County, Texas","B01001_021",453,112
"7078","48289","Leon County, Texas","B01001_022",411,110
"7079","48289","Leon County, Texas","B01001_023",367,87
"7080","48289","Leon County, Texas","B01001_024",315,90
"7081","48289","Leon County, Texas","B01001_025",133,60
"7082","48289","Leon County, Texas","B01001_026",8148,183
"7083","48289","Leon County, Texas","B01001_027",394,4
"7084","48289","Leon County, Texas","B01001_028",429,85
"7085","48289","Leon County, Texas","B01001_029",545,74
"7086","48289","Leon County, Texas","B01001_030",405,152
"7087","48289","Leon County, Texas","B01001_031",158,117
"7088","48289","Leon County, Texas","B01001_032",54,50
"7089","48289","Leon County, Texas","B01001_033",112,126
"7090","48289","Leon County, Texas","B01001_034",165,112
"7091","48289","Leon County, Texas","B01001_035",506,82
"7092","48289","Leon County, Texas","B01001_036",391,56
"7093","48289","Leon County, Texas","B01001_037",355,108
"7094","48289","Leon County, Texas","B01001_038",489,114
"7095","48289","Leon County, Texas","B01001_039",459,80
"7096","48289","Leon County, Texas","B01001_040",416,48
"7097","48289","Leon County, Texas","B01001_041",587,152
"7098","48289","Leon County, Texas","B01001_042",343,152
"7099","48289","Leon County, Texas","B01001_043",297,106
"7100","48289","Leon County, Texas","B01001_044",216,125
"7101","48289","Leon County, Texas","B01001_045",530,166
"7102","48289","Leon County, Texas","B01001_046",350,109
"7103","48289","Leon County, Texas","B01001_047",425,115
"7104","48289","Leon County, Texas","B01001_048",278,96
"7105","48289","Leon County, Texas","B01001_049",244,101
"7106","48291","Liberty County, Texas","B01001_001",103380,NA
"7107","48291","Liberty County, Texas","B01001_002",51296,244
"7108","48291","Liberty County, Texas","B01001_003",3914,136
"7109","48291","Liberty County, Texas","B01001_004",4365,592
"7110","48291","Liberty County, Texas","B01001_005",4769,600
"7111","48291","Liberty County, Texas","B01001_006",2796,117
"7112","48291","Liberty County, Texas","B01001_007",1476,150
"7113","48291","Liberty County, Texas","B01001_008",800,255
"7114","48291","Liberty County, Texas","B01001_009",517,240
"7115","48291","Liberty County, Texas","B01001_010",2293,345
"7116","48291","Liberty County, Texas","B01001_011",3278,160
"7117","48291","Liberty County, Texas","B01001_012",3433,157
"7118","48291","Liberty County, Texas","B01001_013",3032,378
"7119","48291","Liberty County, Texas","B01001_014",3399,457
"7120","48291","Liberty County, Texas","B01001_015",3093,194
"7121","48291","Liberty County, Texas","B01001_016",3057,145
"7122","48291","Liberty County, Texas","B01001_017",3193,383
"7123","48291","Liberty County, Texas","B01001_018",911,285
"7124","48291","Liberty County, Texas","B01001_019",1350,298
"7125","48291","Liberty County, Texas","B01001_020",791,220
"7126","48291","Liberty County, Texas","B01001_021",1332,246
"7127","48291","Liberty County, Texas","B01001_022",1485,263
"7128","48291","Liberty County, Texas","B01001_023",1191,235
"7129","48291","Liberty County, Texas","B01001_024",501,170
"7130","48291","Liberty County, Texas","B01001_025",320,133
"7131","48291","Liberty County, Texas","B01001_026",52084,244
"7132","48291","Liberty County, Texas","B01001_027",3949,176
"7133","48291","Liberty County, Texas","B01001_028",4592,595
"7134","48291","Liberty County, Texas","B01001_029",4088,593
"7135","48291","Liberty County, Texas","B01001_030",2473,105
"7136","48291","Liberty County, Texas","B01001_031",1226,59
"7137","48291","Liberty County, Texas","B01001_032",326,199
"7138","48291","Liberty County, Texas","B01001_033",363,207
"7139","48291","Liberty County, Texas","B01001_034",2469,344
"7140","48291","Liberty County, Texas","B01001_035",3911,198
"7141","48291","Liberty County, Texas","B01001_036",3741,189
"7142","48291","Liberty County, Texas","B01001_037",3149,410
"7143","48291","Liberty County, Texas","B01001_038",3761,430
"7144","48291","Liberty County, Texas","B01001_039",3276,250
"7145","48291","Liberty County, Texas","B01001_040",3139,113
"7146","48291","Liberty County, Texas","B01001_041",2862,309
"7147","48291","Liberty County, Texas","B01001_042",827,212
"7148","48291","Liberty County, Texas","B01001_043",1647,303
"7149","48291","Liberty County, Texas","B01001_044",767,223
"7150","48291","Liberty County, Texas","B01001_045",1432,256
"7151","48291","Liberty County, Texas","B01001_046",1659,287
"7152","48291","Liberty County, Texas","B01001_047",1132,201
"7153","48291","Liberty County, Texas","B01001_048",690,182
"7154","48291","Liberty County, Texas","B01001_049",605,198
"7155","48293","Limestone County, Texas","B01001_001",22283,NA
"7156","48293","Limestone County, Texas","B01001_002",11311,112
"7157","48293","Limestone County, Texas","B01001_003",748,106
"7158","48293","Limestone County, Texas","B01001_004",762,127
"7159","48293","Limestone County, Texas","B01001_005",694,128
"7160","48293","Limestone County, Texas","B01001_006",440,39
"7161","48293","Limestone County, Texas","B01001_007",239,52
"7162","48293","Limestone County, Texas","B01001_008",152,71
"7163","48293","Limestone County, Texas","B01001_009",236,62
"7164","48293","Limestone County, Texas","B01001_010",259,76
"7165","48293","Limestone County, Texas","B01001_011",796,79
"7166","48293","Limestone County, Texas","B01001_012",776,95
"7167","48293","Limestone County, Texas","B01001_013",526,131
"7168","48293","Limestone County, Texas","B01001_014",739,145
"7169","48293","Limestone County, Texas","B01001_015",658,110
"7170","48293","Limestone County, Texas","B01001_016",642,115
"7171","48293","Limestone County, Texas","B01001_017",653,140
"7172","48293","Limestone County, Texas","B01001_018",216,106
"7173","48293","Limestone County, Texas","B01001_019",675,137
"7174","48293","Limestone County, Texas","B01001_020",296,96
"7175","48293","Limestone County, Texas","B01001_021",417,112
"7176","48293","Limestone County, Texas","B01001_022",598,103
"7177","48293","Limestone County, Texas","B01001_023",426,111
"7178","48293","Limestone County, Texas","B01001_024",135,73
"7179","48293","Limestone County, Texas","B01001_025",228,101
"7180","48293","Limestone County, Texas","B01001_026",10972,112
"7181","48293","Limestone County, Texas","B01001_027",536,105
"7182","48293","Limestone County, Texas","B01001_028",752,125
"7183","48293","Limestone County, Texas","B01001_029",733,116
"7184","48293","Limestone County, Texas","B01001_030",322,28
"7185","48293","Limestone County, Texas","B01001_031",257,61
"7186","48293","Limestone County, Texas","B01001_032",101,58
"7187","48293","Limestone County, Texas","B01001_033",111,61
"7188","48293","Limestone County, Texas","B01001_034",223,87
"7189","48293","Limestone County, Texas","B01001_035",533,46
"7190","48293","Limestone County, Texas","B01001_036",797,68
"7191","48293","Limestone County, Texas","B01001_037",681,115
"7192","48293","Limestone County, Texas","B01001_038",478,119
"7193","48293","Limestone County, Texas","B01001_039",685,92
"7194","48293","Limestone County, Texas","B01001_040",676,35
"7195","48293","Limestone County, Texas","B01001_041",841,143
"7196","48293","Limestone County, Texas","B01001_042",210,77
"7197","48293","Limestone County, Texas","B01001_043",479,136
"7198","48293","Limestone County, Texas","B01001_044",335,75
"7199","48293","Limestone County, Texas","B01001_045",401,110
"7200","48293","Limestone County, Texas","B01001_046",761,132
"7201","48293","Limestone County, Texas","B01001_047",400,101
"7202","48293","Limestone County, Texas","B01001_048",372,99
"7203","48293","Limestone County, Texas","B01001_049",288,101
"7204","48295","Lipscomb County, Texas","B01001_001",2918,NA
"7205","48295","Lipscomb County, Texas","B01001_002",1361,65
"7206","48295","Lipscomb County, Texas","B01001_003",132,25
"7207","48295","Lipscomb County, Texas","B01001_004",120,42
"7208","48295","Lipscomb County, Texas","B01001_005",135,39
"7209","48295","Lipscomb County, Texas","B01001_006",57,26
"7210","48295","Lipscomb County, Texas","B01001_007",21,17
"7211","48295","Lipscomb County, Texas","B01001_008",21,20
"7212","48295","Lipscomb County, Texas","B01001_009",21,18
"7213","48295","Lipscomb County, Texas","B01001_010",32,26
"7214","48295","Lipscomb County, Texas","B01001_011",56,31
"7215","48295","Lipscomb County, Texas","B01001_012",68,28
"7216","48295","Lipscomb County, Texas","B01001_013",79,30
"7217","48295","Lipscomb County, Texas","B01001_014",120,41
"7218","48295","Lipscomb County, Texas","B01001_015",87,31
"7219","48295","Lipscomb County, Texas","B01001_016",57,21
"7220","48295","Lipscomb County, Texas","B01001_017",60,25
"7221","48295","Lipscomb County, Texas","B01001_018",27,13
"7222","48295","Lipscomb County, Texas","B01001_019",48,23
"7223","48295","Lipscomb County, Texas","B01001_020",24,25
"7224","48295","Lipscomb County, Texas","B01001_021",49,23
"7225","48295","Lipscomb County, Texas","B01001_022",77,31
"7226","48295","Lipscomb County, Texas","B01001_023",23,10
"7227","48295","Lipscomb County, Texas","B01001_024",27,14
"7228","48295","Lipscomb County, Texas","B01001_025",20,12
"7229","48295","Lipscomb County, Texas","B01001_026",1557,65
"7230","48295","Lipscomb County, Texas","B01001_027",81,27
"7231","48295","Lipscomb County, Texas","B01001_028",75,31
"7232","48295","Lipscomb County, Texas","B01001_029",197,41
"7233","48295","Lipscomb County, Texas","B01001_030",103,34
"7234","48295","Lipscomb County, Texas","B01001_031",23,15
"7235","48295","Lipscomb County, Texas","B01001_032",14,13
"7236","48295","Lipscomb County, Texas","B01001_033",8,12
"7237","48295","Lipscomb County, Texas","B01001_034",84,56
"7238","48295","Lipscomb County, Texas","B01001_035",79,29
"7239","48295","Lipscomb County, Texas","B01001_036",90,25
"7240","48295","Lipscomb County, Texas","B01001_037",96,29
"7241","48295","Lipscomb County, Texas","B01001_038",83,42
"7242","48295","Lipscomb County, Texas","B01001_039",83,32
"7243","48295","Lipscomb County, Texas","B01001_040",66,26
"7244","48295","Lipscomb County, Texas","B01001_041",51,22
"7245","48295","Lipscomb County, Texas","B01001_042",42,33
"7246","48295","Lipscomb County, Texas","B01001_043",60,25
"7247","48295","Lipscomb County, Texas","B01001_044",39,21
"7248","48295","Lipscomb County, Texas","B01001_045",46,22
"7249","48295","Lipscomb County, Texas","B01001_046",73,27
"7250","48295","Lipscomb County, Texas","B01001_047",83,39
"7251","48295","Lipscomb County, Texas","B01001_048",27,19
"7252","48295","Lipscomb County, Texas","B01001_049",54,27
"7253","48297","Live Oak County, Texas","B01001_001",11620,NA
"7254","48297","Live Oak County, Texas","B01001_002",6276,222
"7255","48297","Live Oak County, Texas","B01001_003",363,107
"7256","48297","Live Oak County, Texas","B01001_004",279,72
"7257","48297","Live Oak County, Texas","B01001_005",350,71
"7258","48297","Live Oak County, Texas","B01001_006",135,83
"7259","48297","Live Oak County, Texas","B01001_007",115,73
"7260","48297","Live Oak County, Texas","B01001_008",26,27
"7261","48297","Live Oak County, Texas","B01001_009",100,76
"7262","48297","Live Oak County, Texas","B01001_010",267,110
"7263","48297","Live Oak County, Texas","B01001_011",378,108
"7264","48297","Live Oak County, Texas","B01001_012",737,220
"7265","48297","Live Oak County, Texas","B01001_013",393,120
"7266","48297","Live Oak County, Texas","B01001_014",510,121
"7267","48297","Live Oak County, Texas","B01001_015",331,144
"7268","48297","Live Oak County, Texas","B01001_016",388,90
"7269","48297","Live Oak County, Texas","B01001_017",390,86
"7270","48297","Live Oak County, Texas","B01001_018",132,68
"7271","48297","Live Oak County, Texas","B01001_019",191,65
"7272","48297","Live Oak County, Texas","B01001_020",287,87
"7273","48297","Live Oak County, Texas","B01001_021",175,77
"7274","48297","Live Oak County, Texas","B01001_022",180,84
"7275","48297","Live Oak County, Texas","B01001_023",240,91
"7276","48297","Live Oak County, Texas","B01001_024",205,100
"7277","48297","Live Oak County, Texas","B01001_025",104,56
"7278","48297","Live Oak County, Texas","B01001_026",5344,222
"7279","48297","Live Oak County, Texas","B01001_027",309,140
"7280","48297","Live Oak County, Texas","B01001_028",262,80
"7281","48297","Live Oak County, Texas","B01001_029",300,78
"7282","48297","Live Oak County, Texas","B01001_030",256,94
"7283","48297","Live Oak County, Texas","B01001_031",129,70
"7284","48297","Live Oak County, Texas","B01001_032",24,32
"7285","48297","Live Oak County, Texas","B01001_033",3,6
"7286","48297","Live Oak County, Texas","B01001_034",168,97
"7287","48297","Live Oak County, Texas","B01001_035",240,89
"7288","48297","Live Oak County, Texas","B01001_036",729,183
"7289","48297","Live Oak County, Texas","B01001_037",284,122
"7290","48297","Live Oak County, Texas","B01001_038",153,92
"7291","48297","Live Oak County, Texas","B01001_039",357,97
"7292","48297","Live Oak County, Texas","B01001_040",227,50
"7293","48297","Live Oak County, Texas","B01001_041",353,75
"7294","48297","Live Oak County, Texas","B01001_042",251,92
"7295","48297","Live Oak County, Texas","B01001_043",114,63
"7296","48297","Live Oak County, Texas","B01001_044",271,94
"7297","48297","Live Oak County, Texas","B01001_045",105,50
"7298","48297","Live Oak County, Texas","B01001_046",271,84
"7299","48297","Live Oak County, Texas","B01001_047",280,76
"7300","48297","Live Oak County, Texas","B01001_048",148,68
"7301","48297","Live Oak County, Texas","B01001_049",110,55
"7302","48299","Llano County, Texas","B01001_001",22424,NA
"7303","48299","Llano County, Texas","B01001_002",10693,145
"7304","48299","Llano County, Texas","B01001_003",293,128
"7305","48299","Llano County, Texas","B01001_004",254,101
"7306","48299","Llano County, Texas","B01001_005",686,103
"7307","48299","Llano County, Texas","B01001_006",315,39
"7308","48299","Llano County, Texas","B01001_007",100,75
"7309","48299","Llano County, Texas","B01001_008",83,63
"7310","48299","Llano County, Texas","B01001_009",69,66
"7311","48299","Llano County, Texas","B01001_010",348,93
"7312","48299","Llano County, Texas","B01001_011",480,77
"7313","48299","Llano County, Texas","B01001_012",351,44
"7314","48299","Llano County, Texas","B01001_013",546,179
"7315","48299","Llano County, Texas","B01001_014",353,130
"7316","48299","Llano County, Texas","B01001_015",526,111
"7317","48299","Llano County, Texas","B01001_016",636,96
"7318","48299","Llano County, Texas","B01001_017",745,137
"7319","48299","Llano County, Texas","B01001_018",353,91
"7320","48299","Llano County, Texas","B01001_019",601,116
"7321","48299","Llano County, Texas","B01001_020",423,110
"7322","48299","Llano County, Texas","B01001_021",653,152
"7323","48299","Llano County, Texas","B01001_022",1086,128
"7324","48299","Llano County, Texas","B01001_023",683,140
"7325","48299","Llano County, Texas","B01001_024",599,155
"7326","48299","Llano County, Texas","B01001_025",510,172
"7327","48299","Llano County, Texas","B01001_026",11731,145
"7328","48299","Llano County, Texas","B01001_027",618,127
"7329","48299","Llano County, Texas","B01001_028",466,100
"7330","48299","Llano County, Texas","B01001_029",527,101
"7331","48299","Llano County, Texas","B01001_030",305,50
"7332","48299","Llano County, Texas","B01001_031",182,97
"7333","48299","Llano County, Texas","B01001_032",185,97
"7334","48299","Llano County, Texas","B01001_033",29,40
"7335","48299","Llano County, Texas","B01001_034",222,98
"7336","48299","Llano County, Texas","B01001_035",376,54
"7337","48299","Llano County, Texas","B01001_036",524,111
"7338","48299","Llano County, Texas","B01001_037",371,122
"7339","48299","Llano County, Texas","B01001_038",530,155
"7340","48299","Llano County, Texas","B01001_039",479,66
"7341","48299","Llano County, Texas","B01001_040",589,47
"7342","48299","Llano County, Texas","B01001_041",713,157
"7343","48299","Llano County, Texas","B01001_042",532,144
"7344","48299","Llano County, Texas","B01001_043",738,173
"7345","48299","Llano County, Texas","B01001_044",439,125
"7346","48299","Llano County, Texas","B01001_045",777,156
"7347","48299","Llano County, Texas","B01001_046",1218,160
"7348","48299","Llano County, Texas","B01001_047",883,171
"7349","48299","Llano County, Texas","B01001_048",554,165
"7350","48299","Llano County, Texas","B01001_049",474,144
"7351","48301","Loving County, Texas","B01001_001",33,30
"7352","48301","Loving County, Texas","B01001_002",27,28
"7353","48301","Loving County, Texas","B01001_003",0,15
"7354","48301","Loving County, Texas","B01001_004",0,15
"7355","48301","Loving County, Texas","B01001_005",0,15
"7356","48301","Loving County, Texas","B01001_006",0,15
"7357","48301","Loving County, Texas","B01001_007",0,15
"7358","48301","Loving County, Texas","B01001_008",0,15
"7359","48301","Loving County, Texas","B01001_009",0,15
"7360","48301","Loving County, Texas","B01001_010",2,2
"7361","48301","Loving County, Texas","B01001_011",0,15
"7362","48301","Loving County, Texas","B01001_012",0,15
"7363","48301","Loving County, Texas","B01001_013",0,15
"7364","48301","Loving County, Texas","B01001_014",0,15
"7365","48301","Loving County, Texas","B01001_015",0,15
"7366","48301","Loving County, Texas","B01001_016",0,15
"7367","48301","Loving County, Texas","B01001_017",0,15
"7368","48301","Loving County, Texas","B01001_018",0,15
"7369","48301","Loving County, Texas","B01001_019",0,15
"7370","48301","Loving County, Texas","B01001_020",3,4
"7371","48301","Loving County, Texas","B01001_021",1,2
"7372","48301","Loving County, Texas","B01001_022",0,15
"7373","48301","Loving County, Texas","B01001_023",0,15
"7374","48301","Loving County, Texas","B01001_024",2,3
"7375","48301","Loving County, Texas","B01001_025",19,27
"7376","48301","Loving County, Texas","B01001_026",6,5
"7377","48301","Loving County, Texas","B01001_027",0,15
"7378","48301","Loving County, Texas","B01001_028",0,15
"7379","48301","Loving County, Texas","B01001_029",0,15
"7380","48301","Loving County, Texas","B01001_030",0,15
"7381","48301","Loving County, Texas","B01001_031",0,15
"7382","48301","Loving County, Texas","B01001_032",0,15
"7383","48301","Loving County, Texas","B01001_033",0,15
"7384","48301","Loving County, Texas","B01001_034",0,15
"7385","48301","Loving County, Texas","B01001_035",0,15
"7386","48301","Loving County, Texas","B01001_036",0,15
"7387","48301","Loving County, Texas","B01001_037",0,15
"7388","48301","Loving County, Texas","B01001_038",0,15
"7389","48301","Loving County, Texas","B01001_039",0,15
"7390","48301","Loving County, Texas","B01001_040",0,15
"7391","48301","Loving County, Texas","B01001_041",0,15
"7392","48301","Loving County, Texas","B01001_042",1,2
"7393","48301","Loving County, Texas","B01001_043",3,4
"7394","48301","Loving County, Texas","B01001_044",0,15
"7395","48301","Loving County, Texas","B01001_045",0,15
"7396","48301","Loving County, Texas","B01001_046",0,15
"7397","48301","Loving County, Texas","B01001_047",0,15
"7398","48301","Loving County, Texas","B01001_048",0,15
"7399","48301","Loving County, Texas","B01001_049",2,2
"7400","48303","Lubbock County, Texas","B01001_001",318884,NA
"7401","48303","Lubbock County, Texas","B01001_002",157263,101
"7402","48303","Lubbock County, Texas","B01001_003",10118,21
"7403","48303","Lubbock County, Texas","B01001_004",10920,729
"7404","48303","Lubbock County, Texas","B01001_005",10532,729
"7405","48303","Lubbock County, Texas","B01001_006",6539,62
"7406","48303","Lubbock County, Texas","B01001_007",6927,189
"7407","48303","Lubbock County, Texas","B01001_008",4331,530
"7408","48303","Lubbock County, Texas","B01001_009",5257,703
"7409","48303","Lubbock County, Texas","B01001_010",10047,774
"7410","48303","Lubbock County, Texas","B01001_011",12181,3
"7411","48303","Lubbock County, Texas","B01001_012",10818,38
"7412","48303","Lubbock County, Texas","B01001_013",10692,730
"7413","48303","Lubbock County, Texas","B01001_014",9668,728
"7414","48303","Lubbock County, Texas","B01001_015",8020,19
"7415","48303","Lubbock County, Texas","B01001_016",7539,33
"7416","48303","Lubbock County, Texas","B01001_017",6075,444
"7417","48303","Lubbock County, Texas","B01001_018",4000,541
"7418","48303","Lubbock County, Texas","B01001_019",4969,490
"7419","48303","Lubbock County, Texas","B01001_020",2417,305
"7420","48303","Lubbock County, Texas","B01001_021",3972,392
"7421","48303","Lubbock County, Texas","B01001_022",5358,396
"7422","48303","Lubbock County, Texas","B01001_023",3427,282
"7423","48303","Lubbock County, Texas","B01001_024",1674,280
"7424","48303","Lubbock County, Texas","B01001_025",1782,285
"7425","48303","Lubbock County, Texas","B01001_026",161621,101
"7426","48303","Lubbock County, Texas","B01001_027",9831,63
"7427","48303","Lubbock County, Texas","B01001_028",10028,627
"7428","48303","Lubbock County, Texas","B01001_029",10498,626
"7429","48303","Lubbock County, Texas","B01001_030",6506,63
"7430","48303","Lubbock County, Texas","B01001_031",7010,156
"7431","48303","Lubbock County, Texas","B01001_032",4169,604
"7432","48303","Lubbock County, Texas","B01001_033",4805,690
"7433","48303","Lubbock County, Texas","B01001_034",9645,827
"7434","48303","Lubbock County, Texas","B01001_035",11817,59
"7435","48303","Lubbock County, Texas","B01001_036",10955,38
"7436","48303","Lubbock County, Texas","B01001_037",10417,567
"7437","48303","Lubbock County, Texas","B01001_038",9662,569
"7438","48303","Lubbock County, Texas","B01001_039",8269,2
"7439","48303","Lubbock County, Texas","B01001_040",8025,2
"7440","48303","Lubbock County, Texas","B01001_041",7793,583
"7441","48303","Lubbock County, Texas","B01001_042",3651,458
"7442","48303","Lubbock County, Texas","B01001_043",4856,443
"7443","48303","Lubbock County, Texas","B01001_044",2679,302
"7444","48303","Lubbock County, Texas","B01001_045",4707,443
"7445","48303","Lubbock County, Texas","B01001_046",6262,482
"7446","48303","Lubbock County, Texas","B01001_047",3575,332
"7447","48303","Lubbock County, Texas","B01001_048",2792,324
"7448","48303","Lubbock County, Texas","B01001_049",3669,391
"7449","48305","Lynn County, Texas","B01001_001",5752,NA
"7450","48305","Lynn County, Texas","B01001_002",2970,64
"7451","48305","Lynn County, Texas","B01001_003",235,41
"7452","48305","Lynn County, Texas","B01001_004",315,44
"7453","48305","Lynn County, Texas","B01001_005",174,40
"7454","48305","Lynn County, Texas","B01001_006",117,36
"7455","48305","Lynn County, Texas","B01001_007",96,38
"7456","48305","Lynn County, Texas","B01001_008",9,14
"7457","48305","Lynn County, Texas","B01001_009",32,27
"7458","48305","Lynn County, Texas","B01001_010",81,42
"7459","48305","Lynn County, Texas","B01001_011",193,34
"7460","48305","Lynn County, Texas","B01001_012",159,43
"7461","48305","Lynn County, Texas","B01001_013",276,70
"7462","48305","Lynn County, Texas","B01001_014",189,69
"7463","48305","Lynn County, Texas","B01001_015",173,37
"7464","48305","Lynn County, Texas","B01001_016",131,36
"7465","48305","Lynn County, Texas","B01001_017",181,50
"7466","48305","Lynn County, Texas","B01001_018",39,24
"7467","48305","Lynn County, Texas","B01001_019",125,46
"7468","48305","Lynn County, Texas","B01001_020",89,36
"7469","48305","Lynn County, Texas","B01001_021",97,35
"7470","48305","Lynn County, Texas","B01001_022",85,32
"7471","48305","Lynn County, Texas","B01001_023",102,31
"7472","48305","Lynn County, Texas","B01001_024",36,22
"7473","48305","Lynn County, Texas","B01001_025",36,24
"7474","48305","Lynn County, Texas","B01001_026",2782,64
"7475","48305","Lynn County, Texas","B01001_027",145,41
"7476","48305","Lynn County, Texas","B01001_028",249,58
"7477","48305","Lynn County, Texas","B01001_029",190,58
"7478","48305","Lynn County, Texas","B01001_030",174,43
"7479","48305","Lynn County, Texas","B01001_031",32,23
"7480","48305","Lynn County, Texas","B01001_032",59,37
"7481","48305","Lynn County, Texas","B01001_033",33,30
"7482","48305","Lynn County, Texas","B01001_034",57,32
"7483","48305","Lynn County, Texas","B01001_035",165,42
"7484","48305","Lynn County, Texas","B01001_036",167,44
"7485","48305","Lynn County, Texas","B01001_037",249,62
"7486","48305","Lynn County, Texas","B01001_038",187,52
"7487","48305","Lynn County, Texas","B01001_039",114,24
"7488","48305","Lynn County, Texas","B01001_040",171,50
"7489","48305","Lynn County, Texas","B01001_041",198,36
"7490","48305","Lynn County, Texas","B01001_042",55,31
"7491","48305","Lynn County, Texas","B01001_043",67,26
"7492","48305","Lynn County, Texas","B01001_044",66,37
"7493","48305","Lynn County, Texas","B01001_045",85,34
"7494","48305","Lynn County, Texas","B01001_046",97,38
"7495","48305","Lynn County, Texas","B01001_047",116,40
"7496","48305","Lynn County, Texas","B01001_048",53,29
"7497","48305","Lynn County, Texas","B01001_049",53,33
"7498","48307","McCulloch County, Texas","B01001_001",7514,NA
"7499","48307","McCulloch County, Texas","B01001_002",3693,187
"7500","48307","McCulloch County, Texas","B01001_003",159,131
"7501","48307","McCulloch County, Texas","B01001_004",128,96
"7502","48307","McCulloch County, Texas","B01001_005",363,142
"7503","48307","McCulloch County, Texas","B01001_006",166,84
"7504","48307","McCulloch County, Texas","B01001_007",9,16
"7505","48307","McCulloch County, Texas","B01001_008",65,48
"7506","48307","McCulloch County, Texas","B01001_009",39,45
"7507","48307","McCulloch County, Texas","B01001_010",128,102
"7508","48307","McCulloch County, Texas","B01001_011",252,109
"7509","48307","McCulloch County, Texas","B01001_012",210,88
"7510","48307","McCulloch County, Texas","B01001_013",199,89
"7511","48307","McCulloch County, Texas","B01001_014",270,87
"7512","48307","McCulloch County, Texas","B01001_015",180,70
"7513","48307","McCulloch County, Texas","B01001_016",146,7
"7514","48307","McCulloch County, Texas","B01001_017",200,94
"7515","48307","McCulloch County, Texas","B01001_018",209,102
"7516","48307","McCulloch County, Texas","B01001_019",187,94
"7517","48307","McCulloch County, Texas","B01001_020",78,40
"7518","48307","McCulloch County, Texas","B01001_021",118,57
"7519","48307","McCulloch County, Texas","B01001_022",258,57
"7520","48307","McCulloch County, Texas","B01001_023",139,53
"7521","48307","McCulloch County, Texas","B01001_024",137,45
"7522","48307","McCulloch County, Texas","B01001_025",53,41
"7523","48307","McCulloch County, Texas","B01001_026",3821,187
"7524","48307","McCulloch County, Texas","B01001_027",194,74
"7525","48307","McCulloch County, Texas","B01001_028",185,105
"7526","48307","McCulloch County, Texas","B01001_029",220,92
"7527","48307","McCulloch County, Texas","B01001_030",232,179
"7528","48307","McCulloch County, Texas","B01001_031",101,82
"7529","48307","McCulloch County, Texas","B01001_032",49,79
"7530","48307","McCulloch County, Texas","B01001_033",21,22
"7531","48307","McCulloch County, Texas","B01001_034",89,63
"7532","48307","McCulloch County, Texas","B01001_035",197,115
"7533","48307","McCulloch County, Texas","B01001_036",177,99
"7534","48307","McCulloch County, Texas","B01001_037",249,100
"7535","48307","McCulloch County, Texas","B01001_038",101,63
"7536","48307","McCulloch County, Texas","B01001_039",224,75
"7537","48307","McCulloch County, Texas","B01001_040",267,72
"7538","48307","McCulloch County, Texas","B01001_041",231,87
"7539","48307","McCulloch County, Texas","B01001_042",105,61
"7540","48307","McCulloch County, Texas","B01001_043",184,86
"7541","48307","McCulloch County, Texas","B01001_044",117,77
"7542","48307","McCulloch County, Texas","B01001_045",143,66
"7543","48307","McCulloch County, Texas","B01001_046",345,98
"7544","48307","McCulloch County, Texas","B01001_047",253,81
"7545","48307","McCulloch County, Texas","B01001_048",98,60
"7546","48307","McCulloch County, Texas","B01001_049",39,37
"7547","48309","McLennan County, Texas","B01001_001",266067,NA
"7548","48309","McLennan County, Texas","B01001_002",130587,123
"7549","48309","McLennan County, Texas","B01001_003",8661,81
"7550","48309","McLennan County, Texas","B01001_004",9298,675
"7551","48309","McLennan County, Texas","B01001_005",9189,668
"7552","48309","McLennan County, Texas","B01001_006",5791,96
"7553","48309","McLennan County, Texas","B01001_007",5397,116
"7554","48309","McLennan County, Texas","B01001_008",3152,633
"7555","48309","McLennan County, Texas","B01001_009",3360,636
"7556","48309","McLennan County, Texas","B01001_010",7167,738
"7557","48309","McLennan County, Texas","B01001_011",9099,35
"7558","48309","McLennan County, Texas","B01001_012",8268,157
"7559","48309","McLennan County, Texas","B01001_013",8533,561
"7560","48309","McLennan County, Texas","B01001_014",7244,547
"7561","48309","McLennan County, Texas","B01001_015",6714,53
"7562","48309","McLennan County, Texas","B01001_016",6757,25
"7563","48309","McLennan County, Texas","B01001_017",6672,473
"7564","48309","McLennan County, Texas","B01001_018",3239,448
"7565","48309","McLennan County, Texas","B01001_019",4061,404
"7566","48309","McLennan County, Texas","B01001_020",2817,377
"7567","48309","McLennan County, Texas","B01001_021",3577,366
"7568","48309","McLennan County, Texas","B01001_022",4657,427
"7569","48309","McLennan County, Texas","B01001_023",3186,325
"7570","48309","McLennan County, Texas","B01001_024",2207,273
"7571","48309","McLennan County, Texas","B01001_025",1541,290
"7572","48309","McLennan County, Texas","B01001_026",135480,123
"7573","48309","McLennan County, Texas","B01001_027",8100,78
"7574","48309","McLennan County, Texas","B01001_028",8381,643
"7575","48309","McLennan County, Texas","B01001_029",9025,644
"7576","48309","McLennan County, Texas","B01001_030",5291,94
"7577","48309","McLennan County, Texas","B01001_031",5871,148
"7578","48309","McLennan County, Texas","B01001_032",2942,547
"7579","48309","McLennan County, Texas","B01001_033",2325,683
"7580","48309","McLennan County, Texas","B01001_034",7804,767
"7581","48309","McLennan County, Texas","B01001_035",8933,56
"7582","48309","McLennan County, Texas","B01001_036",8406,63
"7583","48309","McLennan County, Texas","B01001_037",8469,541
"7584","48309","McLennan County, Texas","B01001_038",7970,551
"7585","48309","McLennan County, Texas","B01001_039",7135,33
"7586","48309","McLennan County, Texas","B01001_040",7109,43
"7587","48309","McLennan County, Texas","B01001_041",7395,441
"7588","48309","McLennan County, Texas","B01001_042",3360,387
"7589","48309","McLennan County, Texas","B01001_043",4178,456
"7590","48309","McLennan County, Texas","B01001_044",3018,410
"7591","48309","McLennan County, Texas","B01001_045",4039,436
"7592","48309","McLennan County, Texas","B01001_046",5600,499
"7593","48309","McLennan County, Texas","B01001_047",4513,382
"7594","48309","McLennan County, Texas","B01001_048",2587,352
"7595","48309","McLennan County, Texas","B01001_049",3029,399
"7596","48311","McMullen County, Texas","B01001_001",700,280
"7597","48311","McMullen County, Texas","B01001_002",276,114
"7598","48311","McMullen County, Texas","B01001_003",14,19
"7599","48311","McMullen County, Texas","B01001_004",51,41
"7600","48311","McMullen County, Texas","B01001_005",16,31
"7601","48311","McMullen County, Texas","B01001_006",5,10
"7602","48311","McMullen County, Texas","B01001_007",0,15
"7603","48311","McMullen County, Texas","B01001_008",0,15
"7604","48311","McMullen County, Texas","B01001_009",0,15
"7605","48311","McMullen County, Texas","B01001_010",0,15
"7606","48311","McMullen County, Texas","B01001_011",0,15
"7607","48311","McMullen County, Texas","B01001_012",33,30
"7608","48311","McMullen County, Texas","B01001_013",41,42
"7609","48311","McMullen County, Texas","B01001_014",18,20
"7610","48311","McMullen County, Texas","B01001_015",0,15
"7611","48311","McMullen County, Texas","B01001_016",14,20
"7612","48311","McMullen County, Texas","B01001_017",13,15
"7613","48311","McMullen County, Texas","B01001_018",1,3
"7614","48311","McMullen County, Texas","B01001_019",11,13
"7615","48311","McMullen County, Texas","B01001_020",9,8
"7616","48311","McMullen County, Texas","B01001_021",19,19
"7617","48311","McMullen County, Texas","B01001_022",21,21
"7618","48311","McMullen County, Texas","B01001_023",0,15
"7619","48311","McMullen County, Texas","B01001_024",0,15
"7620","48311","McMullen County, Texas","B01001_025",10,18
"7621","48311","McMullen County, Texas","B01001_026",424,193
"7622","48311","McMullen County, Texas","B01001_027",81,59
"7623","48311","McMullen County, Texas","B01001_028",76,80
"7624","48311","McMullen County, Texas","B01001_029",19,29
"7625","48311","McMullen County, Texas","B01001_030",17,19
"7626","48311","McMullen County, Texas","B01001_031",24,32
"7627","48311","McMullen County, Texas","B01001_032",0,15
"7628","48311","McMullen County, Texas","B01001_033",0,15
"7629","48311","McMullen County, Texas","B01001_034",8,16
"7630","48311","McMullen County, Texas","B01001_035",15,31
"7631","48311","McMullen County, Texas","B01001_036",38,38
"7632","48311","McMullen County, Texas","B01001_037",34,28
"7633","48311","McMullen County, Texas","B01001_038",0,15
"7634","48311","McMullen County, Texas","B01001_039",7,12
"7635","48311","McMullen County, Texas","B01001_040",22,22
"7636","48311","McMullen County, Texas","B01001_041",12,12
"7637","48311","McMullen County, Texas","B01001_042",2,4
"7638","48311","McMullen County, Texas","B01001_043",7,6
"7639","48311","McMullen County, Texas","B01001_044",8,10
"7640","48311","McMullen County, Texas","B01001_045",11,10
"7641","48311","McMullen County, Texas","B01001_046",33,23
"7642","48311","McMullen County, Texas","B01001_047",0,15
"7643","48311","McMullen County, Texas","B01001_048",9,14
"7644","48311","McMullen County, Texas","B01001_049",1,3
"7645","48313","Madison County, Texas","B01001_001",13648,NA
"7646","48313","Madison County, Texas","B01001_002",7879,94
"7647","48313","Madison County, Texas","B01001_003",495,115
"7648","48313","Madison County, Texas","B01001_004",508,112
"7649","48313","Madison County, Texas","B01001_005",342,93
"7650","48313","Madison County, Texas","B01001_006",264,51
"7651","48313","Madison County, Texas","B01001_007",243,195
"7652","48313","Madison County, Texas","B01001_008",155,167
"7653","48313","Madison County, Texas","B01001_009",132,73
"7654","48313","Madison County, Texas","B01001_010",569,225
"7655","48313","Madison County, Texas","B01001_011",615,345
"7656","48313","Madison County, Texas","B01001_012",622,131
"7657","48313","Madison County, Texas","B01001_013",708,202
"7658","48313","Madison County, Texas","B01001_014",804,278
"7659","48313","Madison County, Texas","B01001_015",337,160
"7660","48313","Madison County, Texas","B01001_016",451,167
"7661","48313","Madison County, Texas","B01001_017",343,86
"7662","48313","Madison County, Texas","B01001_018",131,59
"7663","48313","Madison County, Texas","B01001_019",166,57
"7664","48313","Madison County, Texas","B01001_020",121,68
"7665","48313","Madison County, Texas","B01001_021",125,66
"7666","48313","Madison County, Texas","B01001_022",317,65
"7667","48313","Madison County, Texas","B01001_023",264,90
"7668","48313","Madison County, Texas","B01001_024",82,47
"7669","48313","Madison County, Texas","B01001_025",85,44
"7670","48313","Madison County, Texas","B01001_026",5769,94
"7671","48313","Madison County, Texas","B01001_027",308,78
"7672","48313","Madison County, Texas","B01001_028",383,95
"7673","48313","Madison County, Texas","B01001_029",501,117
"7674","48313","Madison County, Texas","B01001_030",236,65
"7675","48313","Madison County, Texas","B01001_031",93,124
"7676","48313","Madison County, Texas","B01001_032",91,95
"7677","48313","Madison County, Texas","B01001_033",3,31
"7678","48313","Madison County, Texas","B01001_034",128,86
"7679","48313","Madison County, Texas","B01001_035",417,135
"7680","48313","Madison County, Texas","B01001_036",391,102
"7681","48313","Madison County, Texas","B01001_037",542,184
"7682","48313","Madison County, Texas","B01001_038",309,172
"7683","48313","Madison County, Texas","B01001_039",305,78
"7684","48313","Madison County, Texas","B01001_040",255,60
"7685","48313","Madison County, Texas","B01001_041",249,128
"7686","48313","Madison County, Texas","B01001_042",169,80
"7687","48313","Madison County, Texas","B01001_043",274,93
"7688","48313","Madison County, Texas","B01001_044",213,97
"7689","48313","Madison County, Texas","B01001_045",151,90
"7690","48313","Madison County, Texas","B01001_046",262,108
"7691","48313","Madison County, Texas","B01001_047",207,108
"7692","48313","Madison County, Texas","B01001_048",181,57
"7693","48313","Madison County, Texas","B01001_049",101,59
"7694","48315","Marion County, Texas","B01001_001",9737,NA
"7695","48315","Marion County, Texas","B01001_002",4849,125
"7696","48315","Marion County, Texas","B01001_003",163,80
"7697","48315","Marion County, Texas","B01001_004",368,67
"7698","48315","Marion County, Texas","B01001_005",124,63
"7699","48315","Marion County, Texas","B01001_006",184,97
"7700","48315","Marion County, Texas","B01001_007",94,54
"7701","48315","Marion County, Texas","B01001_008",100,58
"7702","48315","Marion County, Texas","B01001_009",59,56
"7703","48315","Marion County, Texas","B01001_010",124,80
"7704","48315","Marion County, Texas","B01001_011",300,95
"7705","48315","Marion County, Texas","B01001_012",174,25
"7706","48315","Marion County, Texas","B01001_013",161,98
"7707","48315","Marion County, Texas","B01001_014",317,104
"7708","48315","Marion County, Texas","B01001_015",218,32
"7709","48315","Marion County, Texas","B01001_016",304,78
"7710","48315","Marion County, Texas","B01001_017",432,90
"7711","48315","Marion County, Texas","B01001_018",142,65
"7712","48315","Marion County, Texas","B01001_019",378,111
"7713","48315","Marion County, Texas","B01001_020",176,72
"7714","48315","Marion County, Texas","B01001_021",222,65
"7715","48315","Marion County, Texas","B01001_022",331,95
"7716","48315","Marion County, Texas","B01001_023",175,87
"7717","48315","Marion County, Texas","B01001_024",220,82
"7718","48315","Marion County, Texas","B01001_025",83,71
"7719","48315","Marion County, Texas","B01001_026",4888,125
"7720","48315","Marion County, Texas","B01001_027",236,78
"7721","48315","Marion County, Texas","B01001_028",345,131
"7722","48315","Marion County, Texas","B01001_029",168,95
"7723","48315","Marion County, Texas","B01001_030",61,60
"7724","48315","Marion County, Texas","B01001_031",171,77
"7725","48315","Marion County, Texas","B01001_032",21,33
"7726","48315","Marion County, Texas","B01001_033",171,106
"7727","48315","Marion County, Texas","B01001_034",19,27
"7728","48315","Marion County, Texas","B01001_035",235,140
"7729","48315","Marion County, Texas","B01001_036",215,91
"7730","48315","Marion County, Texas","B01001_037",192,99
"7731","48315","Marion County, Texas","B01001_038",220,98
"7732","48315","Marion County, Texas","B01001_039",231,113
"7733","48315","Marion County, Texas","B01001_040",274,45
"7734","48315","Marion County, Texas","B01001_041",385,94
"7735","48315","Marion County, Texas","B01001_042",248,106
"7736","48315","Marion County, Texas","B01001_043",285,84
"7737","48315","Marion County, Texas","B01001_044",166,63
"7738","48315","Marion County, Texas","B01001_045",322,99
"7739","48315","Marion County, Texas","B01001_046",337,121
"7740","48315","Marion County, Texas","B01001_047",176,68
"7741","48315","Marion County, Texas","B01001_048",252,79
"7742","48315","Marion County, Texas","B01001_049",158,64
"7743","48317","Martin County, Texas","B01001_001",5218,NA
"7744","48317","Martin County, Texas","B01001_002",3042,117
"7745","48317","Martin County, Texas","B01001_003",161,86
"7746","48317","Martin County, Texas","B01001_004",303,80
"7747","48317","Martin County, Texas","B01001_005",258,75
"7748","48317","Martin County, Texas","B01001_006",363,74
"7749","48317","Martin County, Texas","B01001_007",150,53
"7750","48317","Martin County, Texas","B01001_008",38,26
"7751","48317","Martin County, Texas","B01001_009",0,21
"7752","48317","Martin County, Texas","B01001_010",23,39
"7753","48317","Martin County, Texas","B01001_011",121,44
"7754","48317","Martin County, Texas","B01001_012",97,54
"7755","48317","Martin County, Texas","B01001_013",206,62
"7756","48317","Martin County, Texas","B01001_014",337,75
"7757","48317","Martin County, Texas","B01001_015",100,44
"7758","48317","Martin County, Texas","B01001_016",241,100
"7759","48317","Martin County, Texas","B01001_017",123,58
"7760","48317","Martin County, Texas","B01001_018",117,71
"7761","48317","Martin County, Texas","B01001_019",110,62
"7762","48317","Martin County, Texas","B01001_020",61,52
"7763","48317","Martin County, Texas","B01001_021",82,52
"7764","48317","Martin County, Texas","B01001_022",96,38
"7765","48317","Martin County, Texas","B01001_023",41,34
"7766","48317","Martin County, Texas","B01001_024",14,17
"7767","48317","Martin County, Texas","B01001_025",0,21
"7768","48317","Martin County, Texas","B01001_026",2176,117
"7769","48317","Martin County, Texas","B01001_027",59,26
"7770","48317","Martin County, Texas","B01001_028",125,68
"7771","48317","Martin County, Texas","B01001_029",182,88
"7772","48317","Martin County, Texas","B01001_030",107,35
"7773","48317","Martin County, Texas","B01001_031",9,12
"7774","48317","Martin County, Texas","B01001_032",11,13
"7775","48317","Martin County, Texas","B01001_033",9,12
"7776","48317","Martin County, Texas","B01001_034",48,31
"7777","48317","Martin County, Texas","B01001_035",72,48
"7778","48317","Martin County, Texas","B01001_036",335,60
"7779","48317","Martin County, Texas","B01001_037",102,59
"7780","48317","Martin County, Texas","B01001_038",153,82
"7781","48317","Martin County, Texas","B01001_039",175,60
"7782","48317","Martin County, Texas","B01001_040",175,69
"7783","48317","Martin County, Texas","B01001_041",180,67
"7784","48317","Martin County, Texas","B01001_042",96,46
"7785","48317","Martin County, Texas","B01001_043",62,53
"7786","48317","Martin County, Texas","B01001_044",80,49
"7787","48317","Martin County, Texas","B01001_045",10,12
"7788","48317","Martin County, Texas","B01001_046",79,37
"7789","48317","Martin County, Texas","B01001_047",35,45
"7790","48317","Martin County, Texas","B01001_048",18,18
"7791","48317","Martin County, Texas","B01001_049",54,32
"7792","48319","Mason County, Texas","B01001_001",3955,NA
"7793","48319","Mason County, Texas","B01001_002",2027,110
"7794","48319","Mason County, Texas","B01001_003",131,85
"7795","48319","Mason County, Texas","B01001_004",178,68
"7796","48319","Mason County, Texas","B01001_005",71,48
"7797","48319","Mason County, Texas","B01001_006",69,48
"7798","48319","Mason County, Texas","B01001_007",41,43
"7799","48319","Mason County, Texas","B01001_008",4,9
"7800","48319","Mason County, Texas","B01001_009",103,52
"7801","48319","Mason County, Texas","B01001_010",5,11
"7802","48319","Mason County, Texas","B01001_011",78,66
"7803","48319","Mason County, Texas","B01001_012",69,69
"7804","48319","Mason County, Texas","B01001_013",114,66
"7805","48319","Mason County, Texas","B01001_014",112,72
"7806","48319","Mason County, Texas","B01001_015",80,47
"7807","48319","Mason County, Texas","B01001_016",69,37
"7808","48319","Mason County, Texas","B01001_017",42,37
"7809","48319","Mason County, Texas","B01001_018",106,62
"7810","48319","Mason County, Texas","B01001_019",134,95
"7811","48319","Mason County, Texas","B01001_020",41,32
"7812","48319","Mason County, Texas","B01001_021",101,55
"7813","48319","Mason County, Texas","B01001_022",143,67
"7814","48319","Mason County, Texas","B01001_023",119,63
"7815","48319","Mason County, Texas","B01001_024",115,95
"7816","48319","Mason County, Texas","B01001_025",102,94
"7817","48319","Mason County, Texas","B01001_026",1928,110
"7818","48319","Mason County, Texas","B01001_027",91,52
"7819","48319","Mason County, Texas","B01001_028",122,60
"7820","48319","Mason County, Texas","B01001_029",23,32
"7821","48319","Mason County, Texas","B01001_030",73,22
"7822","48319","Mason County, Texas","B01001_031",0,15
"7823","48319","Mason County, Texas","B01001_032",0,15
"7824","48319","Mason County, Texas","B01001_033",21,35
"7825","48319","Mason County, Texas","B01001_034",60,60
"7826","48319","Mason County, Texas","B01001_035",0,15
"7827","48319","Mason County, Texas","B01001_036",67,33
"7828","48319","Mason County, Texas","B01001_037",121,64
"7829","48319","Mason County, Texas","B01001_038",167,95
"7830","48319","Mason County, Texas","B01001_039",62,45
"7831","48319","Mason County, Texas","B01001_040",90,65
"7832","48319","Mason County, Texas","B01001_041",147,73
"7833","48319","Mason County, Texas","B01001_042",45,49
"7834","48319","Mason County, Texas","B01001_043",68,44
"7835","48319","Mason County, Texas","B01001_044",27,24
"7836","48319","Mason County, Texas","B01001_045",240,101
"7837","48319","Mason County, Texas","B01001_046",195,63
"7838","48319","Mason County, Texas","B01001_047",49,34
"7839","48319","Mason County, Texas","B01001_048",112,94
"7840","48319","Mason County, Texas","B01001_049",148,104
"7841","48321","Matagorda County, Texas","B01001_001",36329,NA
"7842","48321","Matagorda County, Texas","B01001_002",17781,379
"7843","48321","Matagorda County, Texas","B01001_003",865,159
"7844","48321","Matagorda County, Texas","B01001_004",1394,262
"7845","48321","Matagorda County, Texas","B01001_005",1185,441
"7846","48321","Matagorda County, Texas","B01001_006",770,204
"7847","48321","Matagorda County, Texas","B01001_007",304,196
"7848","48321","Matagorda County, Texas","B01001_008",86,63
"7849","48321","Matagorda County, Texas","B01001_009",298,207
"7850","48321","Matagorda County, Texas","B01001_010",797,254
"7851","48321","Matagorda County, Texas","B01001_011",1158,286
"7852","48321","Matagorda County, Texas","B01001_012",1325,190
"7853","48321","Matagorda County, Texas","B01001_013",1254,237
"7854","48321","Matagorda County, Texas","B01001_014",952,237
"7855","48321","Matagorda County, Texas","B01001_015",917,161
"7856","48321","Matagorda County, Texas","B01001_016",881,189
"7857","48321","Matagorda County, Texas","B01001_017",1048,186
"7858","48321","Matagorda County, Texas","B01001_018",447,184
"7859","48321","Matagorda County, Texas","B01001_019",888,185
"7860","48321","Matagorda County, Texas","B01001_020",331,142
"7861","48321","Matagorda County, Texas","B01001_021",764,157
"7862","48321","Matagorda County, Texas","B01001_022",1021,191
"7863","48321","Matagorda County, Texas","B01001_023",648,120
"7864","48321","Matagorda County, Texas","B01001_024",305,101
"7865","48321","Matagorda County, Texas","B01001_025",143,92
"7866","48321","Matagorda County, Texas","B01001_026",18548,379
"7867","48321","Matagorda County, Texas","B01001_027",1632,252
"7868","48321","Matagorda County, Texas","B01001_028",1139,271
"7869","48321","Matagorda County, Texas","B01001_029",1415,219
"7870","48321","Matagorda County, Texas","B01001_030",884,212
"7871","48321","Matagorda County, Texas","B01001_031",337,187
"7872","48321","Matagorda County, Texas","B01001_032",324,177
"7873","48321","Matagorda County, Texas","B01001_033",167,156
"7874","48321","Matagorda County, Texas","B01001_034",494,240
"7875","48321","Matagorda County, Texas","B01001_035",923,17
"7876","48321","Matagorda County, Texas","B01001_036",1305,94
"7877","48321","Matagorda County, Texas","B01001_037",1209,248
"7878","48321","Matagorda County, Texas","B01001_038",863,282
"7879","48321","Matagorda County, Texas","B01001_039",989,122
"7880","48321","Matagorda County, Texas","B01001_040",1018,107
"7881","48321","Matagorda County, Texas","B01001_041",1248,186
"7882","48321","Matagorda County, Texas","B01001_042",348,109
"7883","48321","Matagorda County, Texas","B01001_043",858,196
"7884","48321","Matagorda County, Texas","B01001_044",360,132
"7885","48321","Matagorda County, Texas","B01001_045",650,194
"7886","48321","Matagorda County, Texas","B01001_046",922,150
"7887","48321","Matagorda County, Texas","B01001_047",715,162
"7888","48321","Matagorda County, Texas","B01001_048",447,141
"7889","48321","Matagorda County, Texas","B01001_049",301,99
"7890","48323","Maverick County, Texas","B01001_001",58082,NA
"7891","48323","Maverick County, Texas","B01001_002",29073,204
"7892","48323","Maverick County, Texas","B01001_003",2616,125
"7893","48323","Maverick County, Texas","B01001_004",2089,335
"7894","48323","Maverick County, Texas","B01001_005",3144,295
"7895","48323","Maverick County, Texas","B01001_006",1433,75
"7896","48323","Maverick County, Texas","B01001_007",940,71
"7897","48323","Maverick County, Texas","B01001_008",620,238
"7898","48323","Maverick County, Texas","B01001_009",441,202
"7899","48323","Maverick County, Texas","B01001_010",1339,226
"7900","48323","Maverick County, Texas","B01001_011",2429,282
"7901","48323","Maverick County, Texas","B01001_012",1953,44
"7902","48323","Maverick County, Texas","B01001_013",1467,283
"7903","48323","Maverick County, Texas","B01001_014",1930,300
"7904","48323","Maverick County, Texas","B01001_015",1515,62
"7905","48323","Maverick County, Texas","B01001_016",1691,98
"7906","48323","Maverick County, Texas","B01001_017",1348,223
"7907","48323","Maverick County, Texas","B01001_018",333,114
"7908","48323","Maverick County, Texas","B01001_019",765,235
"7909","48323","Maverick County, Texas","B01001_020",361,121
"7910","48323","Maverick County, Texas","B01001_021",714,179
"7911","48323","Maverick County, Texas","B01001_022",753,167
"7912","48323","Maverick County, Texas","B01001_023",566,158
"7913","48323","Maverick County, Texas","B01001_024",286,133
"7914","48323","Maverick County, Texas","B01001_025",340,140
"7915","48323","Maverick County, Texas","B01001_026",29009,204
"7916","48323","Maverick County, Texas","B01001_027",2383,24
"7917","48323","Maverick County, Texas","B01001_028",2873,419
"7918","48323","Maverick County, Texas","B01001_029",1941,362
"7919","48323","Maverick County, Texas","B01001_030",1419,68
"7920","48323","Maverick County, Texas","B01001_031",906,16
"7921","48323","Maverick County, Texas","B01001_032",505,222
"7922","48323","Maverick County, Texas","B01001_033",379,202
"7923","48323","Maverick County, Texas","B01001_034",1265,295
"7924","48323","Maverick County, Texas","B01001_035",2047,134
"7925","48323","Maverick County, Texas","B01001_036",1752,24
"7926","48323","Maverick County, Texas","B01001_037",1629,304
"7927","48323","Maverick County, Texas","B01001_038",1639,315
"7928","48323","Maverick County, Texas","B01001_039",1747,75
"7929","48323","Maverick County, Texas","B01001_040",1761,145
"7930","48323","Maverick County, Texas","B01001_041",1162,250
"7931","48323","Maverick County, Texas","B01001_042",534,140
"7932","48323","Maverick County, Texas","B01001_043",1112,238
"7933","48323","Maverick County, Texas","B01001_044",711,191
"7934","48323","Maverick County, Texas","B01001_045",560,138
"7935","48323","Maverick County, Texas","B01001_046",953,156
"7936","48323","Maverick County, Texas","B01001_047",577,179
"7937","48323","Maverick County, Texas","B01001_048",672,161
"7938","48323","Maverick County, Texas","B01001_049",482,130
"7939","48325","Medina County, Texas","B01001_001",53547,NA
"7940","48325","Medina County, Texas","B01001_002",27968,109
"7941","48325","Medina County, Texas","B01001_003",1507,48
"7942","48325","Medina County, Texas","B01001_004",1698,275
"7943","48325","Medina County, Texas","B01001_005",1776,281
"7944","48325","Medina County, Texas","B01001_006",1134,59
"7945","48325","Medina County, Texas","B01001_007",776,122
"7946","48325","Medina County, Texas","B01001_008",266,176
"7947","48325","Medina County, Texas","B01001_009",298,233
"7948","48325","Medina County, Texas","B01001_010",1695,247
"7949","48325","Medina County, Texas","B01001_011",1732,64
"7950","48325","Medina County, Texas","B01001_012",1629,65
"7951","48325","Medina County, Texas","B01001_013",1997,267
"7952","48325","Medina County, Texas","B01001_014",1531,258
"7953","48325","Medina County, Texas","B01001_015",1977,133
"7954","48325","Medina County, Texas","B01001_016",1754,106
"7955","48325","Medina County, Texas","B01001_017",1737,280
"7956","48325","Medina County, Texas","B01001_018",938,229
"7957","48325","Medina County, Texas","B01001_019",1014,237
"7958","48325","Medina County, Texas","B01001_020",787,209
"7959","48325","Medina County, Texas","B01001_021",1081,194
"7960","48325","Medina County, Texas","B01001_022",909,166
"7961","48325","Medina County, Texas","B01001_023",839,136
"7962","48325","Medina County, Texas","B01001_024",438,109
"7963","48325","Medina County, Texas","B01001_025",455,127
"7964","48325","Medina County, Texas","B01001_026",25579,109
"7965","48325","Medina County, Texas","B01001_027",1443,71
"7966","48325","Medina County, Texas","B01001_028",1742,241
"7967","48325","Medina County, Texas","B01001_029",1581,252
"7968","48325","Medina County, Texas","B01001_030",1089,86
"7969","48325","Medina County, Texas","B01001_031",601,108
"7970","48325","Medina County, Texas","B01001_032",236,166
"7971","48325","Medina County, Texas","B01001_033",249,122
"7972","48325","Medina County, Texas","B01001_034",976,191
"7973","48325","Medina County, Texas","B01001_035",1318,83
"7974","48325","Medina County, Texas","B01001_036",1506,69
"7975","48325","Medina County, Texas","B01001_037",1722,249
"7976","48325","Medina County, Texas","B01001_038",1421,247
"7977","48325","Medina County, Texas","B01001_039",1570,85
"7978","48325","Medina County, Texas","B01001_040",1708,70
"7979","48325","Medina County, Texas","B01001_041",1550,221
"7980","48325","Medina County, Texas","B01001_042",504,176
"7981","48325","Medina County, Texas","B01001_043",1379,231
"7982","48325","Medina County, Texas","B01001_044",567,211
"7983","48325","Medina County, Texas","B01001_045",1088,218
"7984","48325","Medina County, Texas","B01001_046",1206,213
"7985","48325","Medina County, Texas","B01001_047",694,167
"7986","48325","Medina County, Texas","B01001_048",674,151
"7987","48325","Medina County, Texas","B01001_049",755,168
"7988","48327","Menard County, Texas","B01001_001",1955,NA
"7989","48327","Menard County, Texas","B01001_002",965,108
"7990","48327","Menard County, Texas","B01001_003",65,54
"7991","48327","Menard County, Texas","B01001_004",51,46
"7992","48327","Menard County, Texas","B01001_005",43,39
"7993","48327","Menard County, Texas","B01001_006",61,49
"7994","48327","Menard County, Texas","B01001_007",0,15
"7995","48327","Menard County, Texas","B01001_008",0,15
"7996","48327","Menard County, Texas","B01001_009",0,15
"7997","48327","Menard County, Texas","B01001_010",1,3
"7998","48327","Menard County, Texas","B01001_011",34,41
"7999","48327","Menard County, Texas","B01001_012",103,72
"8000","48327","Menard County, Texas","B01001_013",0,15
"8001","48327","Menard County, Texas","B01001_014",52,44
"8002","48327","Menard County, Texas","B01001_015",39,34
"8003","48327","Menard County, Texas","B01001_016",10,18
"8004","48327","Menard County, Texas","B01001_017",37,44
"8005","48327","Menard County, Texas","B01001_018",23,37
"8006","48327","Menard County, Texas","B01001_019",113,86
"8007","48327","Menard County, Texas","B01001_020",0,15
"8008","48327","Menard County, Texas","B01001_021",42,33
"8009","48327","Menard County, Texas","B01001_022",86,56
"8010","48327","Menard County, Texas","B01001_023",112,58
"8011","48327","Menard County, Texas","B01001_024",44,31
"8012","48327","Menard County, Texas","B01001_025",49,43
"8013","48327","Menard County, Texas","B01001_026",990,108
"8014","48327","Menard County, Texas","B01001_027",19,22
"8015","48327","Menard County, Texas","B01001_028",43,42
"8016","48327","Menard County, Texas","B01001_029",122,55
"8017","48327","Menard County, Texas","B01001_030",13,22
"8018","48327","Menard County, Texas","B01001_031",15,23
"8019","48327","Menard County, Texas","B01001_032",0,15
"8020","48327","Menard County, Texas","B01001_033",0,15
"8021","48327","Menard County, Texas","B01001_034",8,17
"8022","48327","Menard County, Texas","B01001_035",35,35
"8023","48327","Menard County, Texas","B01001_036",34,37
"8024","48327","Menard County, Texas","B01001_037",54,53
"8025","48327","Menard County, Texas","B01001_038",0,15
"8026","48327","Menard County, Texas","B01001_039",54,38
"8027","48327","Menard County, Texas","B01001_040",47,43
"8028","48327","Menard County, Texas","B01001_041",78,59
"8029","48327","Menard County, Texas","B01001_042",56,65
"8030","48327","Menard County, Texas","B01001_043",92,78
"8031","48327","Menard County, Texas","B01001_044",16,26
"8032","48327","Menard County, Texas","B01001_045",0,15
"8033","48327","Menard County, Texas","B01001_046",77,51
"8034","48327","Menard County, Texas","B01001_047",78,48
"8035","48327","Menard County, Texas","B01001_048",101,69
"8036","48327","Menard County, Texas","B01001_049",48,39
"8037","48329","Midland County, Texas","B01001_001",174801,NA
"8038","48329","Midland County, Texas","B01001_002",89020,472
"8039","48329","Midland County, Texas","B01001_003",7551,358
"8040","48329","Midland County, Texas","B01001_004",7927,905
"8041","48329","Midland County, Texas","B01001_005",6804,902
"8042","48329","Midland County, Texas","B01001_006",3891,164
"8043","48329","Midland County, Texas","B01001_007",2284,183
"8044","48329","Midland County, Texas","B01001_008",1054,342
"8045","48329","Midland County, Texas","B01001_009",975,451
"8046","48329","Midland County, Texas","B01001_010",3378,476
"8047","48329","Midland County, Texas","B01001_011",6932,60
"8048","48329","Midland County, Texas","B01001_012",7641,215
"8049","48329","Midland County, Texas","B01001_013",7776,709
"8050","48329","Midland County, Texas","B01001_014",6980,717
"8051","48329","Midland County, Texas","B01001_015",4992,399
"8052","48329","Midland County, Texas","B01001_016",4355,66
"8053","48329","Midland County, Texas","B01001_017",3938,515
"8054","48329","Midland County, Texas","B01001_018",2334,517
"8055","48329","Midland County, Texas","B01001_019",1920,336
"8056","48329","Midland County, Texas","B01001_020",1624,280
"8057","48329","Midland County, Texas","B01001_021",1678,330
"8058","48329","Midland County, Texas","B01001_022",2159,365
"8059","48329","Midland County, Texas","B01001_023",1084,227
"8060","48329","Midland County, Texas","B01001_024",729,235
"8061","48329","Midland County, Texas","B01001_025",1014,217
"8062","48329","Midland County, Texas","B01001_026",85781,472
"8063","48329","Midland County, Texas","B01001_027",6948,356
"8064","48329","Midland County, Texas","B01001_028",7408,635
"8065","48329","Midland County, Texas","B01001_029",6639,635
"8066","48329","Midland County, Texas","B01001_030",3759,155
"8067","48329","Midland County, Texas","B01001_031",1978,106
"8068","48329","Midland County, Texas","B01001_032",917,274
"8069","48329","Midland County, Texas","B01001_033",822,315
"8070","48329","Midland County, Texas","B01001_034",3426,383
"8071","48329","Midland County, Texas","B01001_035",6653,266
"8072","48329","Midland County, Texas","B01001_036",7218,93
"8073","48329","Midland County, Texas","B01001_037",6601,592
"8074","48329","Midland County, Texas","B01001_038",6070,609
"8075","48329","Midland County, Texas","B01001_039",4785,166
"8076","48329","Midland County, Texas","B01001_040",3908,113
"8077","48329","Midland County, Texas","B01001_041",4092,495
"8078","48329","Midland County, Texas","B01001_042",1988,399
"8079","48329","Midland County, Texas","B01001_043",2075,385
"8080","48329","Midland County, Texas","B01001_044",1602,310
"8081","48329","Midland County, Texas","B01001_045",2063,320
"8082","48329","Midland County, Texas","B01001_046",2394,348
"8083","48329","Midland County, Texas","B01001_047",1692,234
"8084","48329","Midland County, Texas","B01001_048",1467,258
"8085","48329","Midland County, Texas","B01001_049",1276,219
"8086","48331","Milam County, Texas","B01001_001",25567,NA
"8087","48331","Milam County, Texas","B01001_002",12796,149
"8088","48331","Milam County, Texas","B01001_003",751,44
"8089","48331","Milam County, Texas","B01001_004",857,188
"8090","48331","Milam County, Texas","B01001_005",824,184
"8091","48331","Milam County, Texas","B01001_006",634,104
"8092","48331","Milam County, Texas","B01001_007",295,124
"8093","48331","Milam County, Texas","B01001_008",73,55
"8094","48331","Milam County, Texas","B01001_009",285,132
"8095","48331","Milam County, Texas","B01001_010",497,203
"8096","48331","Milam County, Texas","B01001_011",690,59
"8097","48331","Milam County, Texas","B01001_012",666,139
"8098","48331","Milam County, Texas","B01001_013",992,150
"8099","48331","Milam County, Texas","B01001_014",511,169
"8100","48331","Milam County, Texas","B01001_015",762,116
"8101","48331","Milam County, Texas","B01001_016",681,82
"8102","48331","Milam County, Texas","B01001_017",774,167
"8103","48331","Milam County, Texas","B01001_018",504,168
"8104","48331","Milam County, Texas","B01001_019",425,143
"8105","48331","Milam County, Texas","B01001_020",348,101
"8106","48331","Milam County, Texas","B01001_021",512,123
"8107","48331","Milam County, Texas","B01001_022",763,156
"8108","48331","Milam County, Texas","B01001_023",429,101
"8109","48331","Milam County, Texas","B01001_024",292,81
"8110","48331","Milam County, Texas","B01001_025",231,81
"8111","48331","Milam County, Texas","B01001_026",12771,149
"8112","48331","Milam County, Texas","B01001_027",667,36
"8113","48331","Milam County, Texas","B01001_028",634,155
"8114","48331","Milam County, Texas","B01001_029",965,152
"8115","48331","Milam County, Texas","B01001_030",446,119
"8116","48331","Milam County, Texas","B01001_031",165,110
"8117","48331","Milam County, Texas","B01001_032",250,174
"8118","48331","Milam County, Texas","B01001_033",177,103
"8119","48331","Milam County, Texas","B01001_034",291,138
"8120","48331","Milam County, Texas","B01001_035",679,155
"8121","48331","Milam County, Texas","B01001_036",732,138
"8122","48331","Milam County, Texas","B01001_037",871,152
"8123","48331","Milam County, Texas","B01001_038",613,145
"8124","48331","Milam County, Texas","B01001_039",691,125
"8125","48331","Milam County, Texas","B01001_040",827,132
"8126","48331","Milam County, Texas","B01001_041",835,149
"8127","48331","Milam County, Texas","B01001_042",372,135
"8128","48331","Milam County, Texas","B01001_043",543,143
"8129","48331","Milam County, Texas","B01001_044",421,103
"8130","48331","Milam County, Texas","B01001_045",597,147
"8131","48331","Milam County, Texas","B01001_046",798,174
"8132","48331","Milam County, Texas","B01001_047",663,154
"8133","48331","Milam County, Texas","B01001_048",297,99
"8134","48331","Milam County, Texas","B01001_049",237,95
"8135","48333","Mills County, Texas","B01001_001",4511,NA
"8136","48333","Mills County, Texas","B01001_002",2320,83
"8137","48333","Mills County, Texas","B01001_003",62,33
"8138","48333","Mills County, Texas","B01001_004",130,43
"8139","48333","Mills County, Texas","B01001_005",220,77
"8140","48333","Mills County, Texas","B01001_006",143,47
"8141","48333","Mills County, Texas","B01001_007",80,52
"8142","48333","Mills County, Texas","B01001_008",0,15
"8143","48333","Mills County, Texas","B01001_009",33,25
"8144","48333","Mills County, Texas","B01001_010",39,27
"8145","48333","Mills County, Texas","B01001_011",106,40
"8146","48333","Mills County, Texas","B01001_012",89,65
"8147","48333","Mills County, Texas","B01001_013",102,41
"8148","48333","Mills County, Texas","B01001_014",111,55
"8149","48333","Mills County, Texas","B01001_015",167,63
"8150","48333","Mills County, Texas","B01001_016",133,40
"8151","48333","Mills County, Texas","B01001_017",150,44
"8152","48333","Mills County, Texas","B01001_018",61,36
"8153","48333","Mills County, Texas","B01001_019",126,45
"8154","48333","Mills County, Texas","B01001_020",78,40
"8155","48333","Mills County, Texas","B01001_021",75,34
"8156","48333","Mills County, Texas","B01001_022",205,63
"8157","48333","Mills County, Texas","B01001_023",151,58
"8158","48333","Mills County, Texas","B01001_024",29,17
"8159","48333","Mills County, Texas","B01001_025",30,21
"8160","48333","Mills County, Texas","B01001_026",2191,83
"8161","48333","Mills County, Texas","B01001_027",39,26
"8162","48333","Mills County, Texas","B01001_028",99,50
"8163","48333","Mills County, Texas","B01001_029",158,48
"8164","48333","Mills County, Texas","B01001_030",79,35
"8165","48333","Mills County, Texas","B01001_031",51,45
"8166","48333","Mills County, Texas","B01001_032",4,9
"8167","48333","Mills County, Texas","B01001_033",18,18
"8168","48333","Mills County, Texas","B01001_034",61,41
"8169","48333","Mills County, Texas","B01001_035",136,21
"8170","48333","Mills County, Texas","B01001_036",69,37
"8171","48333","Mills County, Texas","B01001_037",115,44
"8172","48333","Mills County, Texas","B01001_038",129,56
"8173","48333","Mills County, Texas","B01001_039",163,57
"8174","48333","Mills County, Texas","B01001_040",155,46
"8175","48333","Mills County, Texas","B01001_041",100,37
"8176","48333","Mills County, Texas","B01001_042",112,46
"8177","48333","Mills County, Texas","B01001_043",103,46
"8178","48333","Mills County, Texas","B01001_044",125,56
"8179","48333","Mills County, Texas","B01001_045",65,30
"8180","48333","Mills County, Texas","B01001_046",115,43
"8181","48333","Mills County, Texas","B01001_047",122,46
"8182","48333","Mills County, Texas","B01001_048",66,34
"8183","48333","Mills County, Texas","B01001_049",107,48
"8184","48335","Mitchell County, Texas","B01001_001",9018,NA
"8185","48335","Mitchell County, Texas","B01001_002",5727,148
"8186","48335","Mitchell County, Texas","B01001_003",298,108
"8187","48335","Mitchell County, Texas","B01001_004",288,167
"8188","48335","Mitchell County, Texas","B01001_005",313,108
"8189","48335","Mitchell County, Texas","B01001_006",211,61
"8190","48335","Mitchell County, Texas","B01001_007",155,113
"8191","48335","Mitchell County, Texas","B01001_008",232,146
"8192","48335","Mitchell County, Texas","B01001_009",104,97
"8193","48335","Mitchell County, Texas","B01001_010",401,109
"8194","48335","Mitchell County, Texas","B01001_011",482,169
"8195","48335","Mitchell County, Texas","B01001_012",685,207
"8196","48335","Mitchell County, Texas","B01001_013",290,137
"8197","48335","Mitchell County, Texas","B01001_014",381,121
"8198","48335","Mitchell County, Texas","B01001_015",479,156
"8199","48335","Mitchell County, Texas","B01001_016",331,113
"8200","48335","Mitchell County, Texas","B01001_017",191,72
"8201","48335","Mitchell County, Texas","B01001_018",84,60
"8202","48335","Mitchell County, Texas","B01001_019",212,77
"8203","48335","Mitchell County, Texas","B01001_020",41,24
"8204","48335","Mitchell County, Texas","B01001_021",160,78
"8205","48335","Mitchell County, Texas","B01001_022",171,70
"8206","48335","Mitchell County, Texas","B01001_023",95,46
"8207","48335","Mitchell County, Texas","B01001_024",76,47
"8208","48335","Mitchell County, Texas","B01001_025",47,37
"8209","48335","Mitchell County, Texas","B01001_026",3291,148
"8210","48335","Mitchell County, Texas","B01001_027",104,61
"8211","48335","Mitchell County, Texas","B01001_028",245,103
"8212","48335","Mitchell County, Texas","B01001_029",216,103
"8213","48335","Mitchell County, Texas","B01001_030",172,125
"8214","48335","Mitchell County, Texas","B01001_031",61,47
"8215","48335","Mitchell County, Texas","B01001_032",93,97
"8216","48335","Mitchell County, Texas","B01001_033",3,5
"8217","48335","Mitchell County, Texas","B01001_034",52,29
"8218","48335","Mitchell County, Texas","B01001_035",95,56
"8219","48335","Mitchell County, Texas","B01001_036",194,81
"8220","48335","Mitchell County, Texas","B01001_037",167,72
"8221","48335","Mitchell County, Texas","B01001_038",213,90
"8222","48335","Mitchell County, Texas","B01001_039",294,123
"8223","48335","Mitchell County, Texas","B01001_040",199,67
"8224","48335","Mitchell County, Texas","B01001_041",240,52
"8225","48335","Mitchell County, Texas","B01001_042",47,32
"8226","48335","Mitchell County, Texas","B01001_043",169,66
"8227","48335","Mitchell County, Texas","B01001_044",94,36
"8228","48335","Mitchell County, Texas","B01001_045",115,43
"8229","48335","Mitchell County, Texas","B01001_046",163,59
"8230","48335","Mitchell County, Texas","B01001_047",137,66
"8231","48335","Mitchell County, Texas","B01001_048",56,37
"8232","48335","Mitchell County, Texas","B01001_049",162,65
"8233","48337","Montague County, Texas","B01001_001",21046,NA
"8234","48337","Montague County, Texas","B01001_002",10402,119
"8235","48337","Montague County, Texas","B01001_003",467,35
"8236","48337","Montague County, Texas","B01001_004",717,149
"8237","48337","Montague County, Texas","B01001_005",852,149
"8238","48337","Montague County, Texas","B01001_006",470,49
"8239","48337","Montague County, Texas","B01001_007",214,37
"8240","48337","Montague County, Texas","B01001_008",114,57
"8241","48337","Montague County, Texas","B01001_009",83,60
"8242","48337","Montague County, Texas","B01001_010",289,69
"8243","48337","Montague County, Texas","B01001_011",595,69
"8244","48337","Montague County, Texas","B01001_012",573,78
"8245","48337","Montague County, Texas","B01001_013",431,124
"8246","48337","Montague County, Texas","B01001_014",763,129
"8247","48337","Montague County, Texas","B01001_015",686,100
"8248","48337","Montague County, Texas","B01001_016",588,41
"8249","48337","Montague County, Texas","B01001_017",579,116
"8250","48337","Montague County, Texas","B01001_018",290,100
"8251","48337","Montague County, Texas","B01001_019",592,136
"8252","48337","Montague County, Texas","B01001_020",301,91
"8253","48337","Montague County, Texas","B01001_021",349,75
"8254","48337","Montague County, Texas","B01001_022",580,105
"8255","48337","Montague County, Texas","B01001_023",333,71
"8256","48337","Montague County, Texas","B01001_024",294,71
"8257","48337","Montague County, Texas","B01001_025",242,75
"8258","48337","Montague County, Texas","B01001_026",10644,119
"8259","48337","Montague County, Texas","B01001_027",462,44
"8260","48337","Montague County, Texas","B01001_028",511,128
"8261","48337","Montague County, Texas","B01001_029",881,118
"8262","48337","Montague County, Texas","B01001_030",428,45
"8263","48337","Montague County, Texas","B01001_031",183,43
"8264","48337","Montague County, Texas","B01001_032",121,71
"8265","48337","Montague County, Texas","B01001_033",107,73
"8266","48337","Montague County, Texas","B01001_034",274,92
"8267","48337","Montague County, Texas","B01001_035",589,82
"8268","48337","Montague County, Texas","B01001_036",590,59
"8269","48337","Montague County, Texas","B01001_037",394,114
"8270","48337","Montague County, Texas","B01001_038",760,117
"8271","48337","Montague County, Texas","B01001_039",590,71
"8272","48337","Montague County, Texas","B01001_040",715,79
"8273","48337","Montague County, Texas","B01001_041",737,160
"8274","48337","Montague County, Texas","B01001_042",318,109
"8275","48337","Montague County, Texas","B01001_043",490,116
"8276","48337","Montague County, Texas","B01001_044",294,101
"8277","48337","Montague County, Texas","B01001_045",305,77
"8278","48337","Montague County, Texas","B01001_046",787,115
"8279","48337","Montague County, Texas","B01001_047",332,88
"8280","48337","Montague County, Texas","B01001_048",420,109
"8281","48337","Montague County, Texas","B01001_049",356,108
"8282","48339","Montgomery County, Texas","B01001_001",684432,NA
"8283","48339","Montgomery County, Texas","B01001_002",340255,85
"8284","48339","Montgomery County, Texas","B01001_003",22062,77
"8285","48339","Montgomery County, Texas","B01001_004",26294,1299
"8286","48339","Montgomery County, Texas","B01001_005",25493,1296
"8287","48339","Montgomery County, Texas","B01001_006",16300,20
"8288","48339","Montgomery County, Texas","B01001_007",8608,37
"8289","48339","Montgomery County, Texas","B01001_008",3862,694
"8290","48339","Montgomery County, Texas","B01001_009",4176,669
"8291","48339","Montgomery County, Texas","B01001_010",12583,830
"8292","48339","Montgomery County, Texas","B01001_011",21064,23
"8293","48339","Montgomery County, Texas","B01001_012",22580,46
"8294","48339","Montgomery County, Texas","B01001_013",24120,1104
"8295","48339","Montgomery County, Texas","B01001_014",24561,1109
"8296","48339","Montgomery County, Texas","B01001_015",22584,25
"8297","48339","Montgomery County, Texas","B01001_016",22430,3
"8298","48339","Montgomery County, Texas","B01001_017",19455,937
"8299","48339","Montgomery County, Texas","B01001_018",9079,818
"8300","48339","Montgomery County, Texas","B01001_019",11690,894
"8301","48339","Montgomery County, Texas","B01001_020",6907,671
"8302","48339","Montgomery County, Texas","B01001_021",8729,636
"8303","48339","Montgomery County, Texas","B01001_022",12417,732
"8304","48339","Montgomery County, Texas","B01001_023",8145,625
"8305","48339","Montgomery County, Texas","B01001_024",4257,518
"8306","48339","Montgomery County, Texas","B01001_025",2859,442
"8307","48339","Montgomery County, Texas","B01001_026",344177,85
"8308","48339","Montgomery County, Texas","B01001_027",21265,75
"8309","48339","Montgomery County, Texas","B01001_028",23628,1265
"8310","48339","Montgomery County, Texas","B01001_029",26317,1261
"8311","48339","Montgomery County, Texas","B01001_030",15670,4
"8312","48339","Montgomery County, Texas","B01001_031",7939,48
"8313","48339","Montgomery County, Texas","B01001_032",3281,624
"8314","48339","Montgomery County, Texas","B01001_033",4431,878
"8315","48339","Montgomery County, Texas","B01001_034",12503,829
"8316","48339","Montgomery County, Texas","B01001_035",21174,81
"8317","48339","Montgomery County, Texas","B01001_036",23179,4
"8318","48339","Montgomery County, Texas","B01001_037",24427,1167
"8319","48339","Montgomery County, Texas","B01001_038",24371,1169
"8320","48339","Montgomery County, Texas","B01001_039",22615,52
"8321","48339","Montgomery County, Texas","B01001_040",22094,52
"8322","48339","Montgomery County, Texas","B01001_041",18319,1059
"8323","48339","Montgomery County, Texas","B01001_042",9401,886
"8324","48339","Montgomery County, Texas","B01001_043",12820,931
"8325","48339","Montgomery County, Texas","B01001_044",7930,907
"8326","48339","Montgomery County, Texas","B01001_045",8848,628
"8327","48339","Montgomery County, Texas","B01001_046",14128,753
"8328","48339","Montgomery County, Texas","B01001_047",9234,725
"8329","48339","Montgomery County, Texas","B01001_048",4945,509
"8330","48339","Montgomery County, Texas","B01001_049",5658,620
"8331","48341","Moore County, Texas","B01001_001",21373,NA
"8332","48341","Moore County, Texas","B01001_002",11292,199
"8333","48341","Moore County, Texas","B01001_003",892,80
"8334","48341","Moore County, Texas","B01001_004",892,187
"8335","48341","Moore County, Texas","B01001_005",1105,178
"8336","48341","Moore County, Texas","B01001_006",600,85
"8337","48341","Moore County, Texas","B01001_007",182,110
"8338","48341","Moore County, Texas","B01001_008",107,56
"8339","48341","Moore County, Texas","B01001_009",198,93
"8340","48341","Moore County, Texas","B01001_010",555,149
"8341","48341","Moore County, Texas","B01001_011",980,199
"8342","48341","Moore County, Texas","B01001_012",689,37
"8343","48341","Moore County, Texas","B01001_013",730,157
"8344","48341","Moore County, Texas","B01001_014",669,174
"8345","48341","Moore County, Texas","B01001_015",727,178
"8346","48341","Moore County, Texas","B01001_016",652,73
"8347","48341","Moore County, Texas","B01001_017",644,125
"8348","48341","Moore County, Texas","B01001_018",175,113
"8349","48341","Moore County, Texas","B01001_019",356,125
"8350","48341","Moore County, Texas","B01001_020",249,102
"8351","48341","Moore County, Texas","B01001_021",305,102
"8352","48341","Moore County, Texas","B01001_022",245,96
"8353","48341","Moore County, Texas","B01001_023",80,69
"8354","48341","Moore County, Texas","B01001_024",36,33
"8355","48341","Moore County, Texas","B01001_025",224,46
"8356","48341","Moore County, Texas","B01001_026",10081,199
"8357","48341","Moore County, Texas","B01001_027",966,63
"8358","48341","Moore County, Texas","B01001_028",915,193
"8359","48341","Moore County, Texas","B01001_029",770,205
"8360","48341","Moore County, Texas","B01001_030",498,19
"8361","48341","Moore County, Texas","B01001_031",378,150
"8362","48341","Moore County, Texas","B01001_032",79,67
"8363","48341","Moore County, Texas","B01001_033",39,51
"8364","48341","Moore County, Texas","B01001_034",477,178
"8365","48341","Moore County, Texas","B01001_035",694,117
"8366","48341","Moore County, Texas","B01001_036",734,162
"8367","48341","Moore County, Texas","B01001_037",510,168
"8368","48341","Moore County, Texas","B01001_038",778,188
"8369","48341","Moore County, Texas","B01001_039",449,78
"8370","48341","Moore County, Texas","B01001_040",509,28
"8371","48341","Moore County, Texas","B01001_041",615,142
"8372","48341","Moore County, Texas","B01001_042",223,86
"8373","48341","Moore County, Texas","B01001_043",192,112
"8374","48341","Moore County, Texas","B01001_044",252,118
"8375","48341","Moore County, Texas","B01001_045",340,113
"8376","48341","Moore County, Texas","B01001_046",270,101
"8377","48341","Moore County, Texas","B01001_047",113,60
"8378","48341","Moore County, Texas","B01001_048",169,96
"8379","48341","Moore County, Texas","B01001_049",111,79
"8380","48343","Morris County, Texas","B01001_001",12076,NA
"8381","48343","Morris County, Texas","B01001_002",5756,90
"8382","48343","Morris County, Texas","B01001_003",339,38
"8383","48343","Morris County, Texas","B01001_004",456,118
"8384","48343","Morris County, Texas","B01001_005",349,118
"8385","48343","Morris County, Texas","B01001_006",196,75
"8386","48343","Morris County, Texas","B01001_007",185,87
"8387","48343","Morris County, Texas","B01001_008",112,86
"8388","48343","Morris County, Texas","B01001_009",85,41
"8389","48343","Morris County, Texas","B01001_010",268,87
"8390","48343","Morris County, Texas","B01001_011",174,81
"8391","48343","Morris County, Texas","B01001_012",258,60
"8392","48343","Morris County, Texas","B01001_013",336,117
"8393","48343","Morris County, Texas","B01001_014",413,151
"8394","48343","Morris County, Texas","B01001_015",281,48
"8395","48343","Morris County, Texas","B01001_016",329,89
"8396","48343","Morris County, Texas","B01001_017",392,93
"8397","48343","Morris County, Texas","B01001_018",222,72
"8398","48343","Morris County, Texas","B01001_019",159,62
"8399","48343","Morris County, Texas","B01001_020",218,91
"8400","48343","Morris County, Texas","B01001_021",285,96
"8401","48343","Morris County, Texas","B01001_022",260,81
"8402","48343","Morris County, Texas","B01001_023",157,69
"8403","48343","Morris County, Texas","B01001_024",110,60
"8404","48343","Morris County, Texas","B01001_025",172,73
"8405","48343","Morris County, Texas","B01001_026",6320,90
"8406","48343","Morris County, Texas","B01001_027",349,40
"8407","48343","Morris County, Texas","B01001_028",399,82
"8408","48343","Morris County, Texas","B01001_029",355,89
"8409","48343","Morris County, Texas","B01001_030",334,99
"8410","48343","Morris County, Texas","B01001_031",69,43
"8411","48343","Morris County, Texas","B01001_032",78,55
"8412","48343","Morris County, Texas","B01001_033",77,67
"8413","48343","Morris County, Texas","B01001_034",252,80
"8414","48343","Morris County, Texas","B01001_035",270,41
"8415","48343","Morris County, Texas","B01001_036",365,49
"8416","48343","Morris County, Texas","B01001_037",393,126
"8417","48343","Morris County, Texas","B01001_038",377,112
"8418","48343","Morris County, Texas","B01001_039",276,39
"8419","48343","Morris County, Texas","B01001_040",416,90
"8420","48343","Morris County, Texas","B01001_041",395,113
"8421","48343","Morris County, Texas","B01001_042",180,79
"8422","48343","Morris County, Texas","B01001_043",294,98
"8423","48343","Morris County, Texas","B01001_044",161,82
"8424","48343","Morris County, Texas","B01001_045",338,93
"8425","48343","Morris County, Texas","B01001_046",338,92
"8426","48343","Morris County, Texas","B01001_047",257,74
"8427","48343","Morris County, Texas","B01001_048",233,76
"8428","48343","Morris County, Texas","B01001_049",114,50
"8429","48345","Motley County, Texas","B01001_001",1183,136
"8430","48345","Motley County, Texas","B01001_002",619,78
"8431","48345","Motley County, Texas","B01001_003",36,29
"8432","48345","Motley County, Texas","B01001_004",12,10
"8433","48345","Motley County, Texas","B01001_005",28,24
"8434","48345","Motley County, Texas","B01001_006",20,17
"8435","48345","Motley County, Texas","B01001_007",26,27
"8436","48345","Motley County, Texas","B01001_008",21,23
"8437","48345","Motley County, Texas","B01001_009",8,12
"8438","48345","Motley County, Texas","B01001_010",34,24
"8439","48345","Motley County, Texas","B01001_011",42,29
"8440","48345","Motley County, Texas","B01001_012",21,19
"8441","48345","Motley County, Texas","B01001_013",34,17
"8442","48345","Motley County, Texas","B01001_014",11,10
"8443","48345","Motley County, Texas","B01001_015",17,17
"8444","48345","Motley County, Texas","B01001_016",29,23
"8445","48345","Motley County, Texas","B01001_017",56,37
"8446","48345","Motley County, Texas","B01001_018",38,28
"8447","48345","Motley County, Texas","B01001_019",14,12
"8448","48345","Motley County, Texas","B01001_020",3,4
"8449","48345","Motley County, Texas","B01001_021",0,15
"8450","48345","Motley County, Texas","B01001_022",89,40
"8451","48345","Motley County, Texas","B01001_023",40,23
"8452","48345","Motley County, Texas","B01001_024",26,24
"8453","48345","Motley County, Texas","B01001_025",14,12
"8454","48345","Motley County, Texas","B01001_026",564,88
"8455","48345","Motley County, Texas","B01001_027",3,9
"8456","48345","Motley County, Texas","B01001_028",9,8
"8457","48345","Motley County, Texas","B01001_029",18,13
"8458","48345","Motley County, Texas","B01001_030",21,17
"8459","48345","Motley County, Texas","B01001_031",0,15
"8460","48345","Motley County, Texas","B01001_032",1,2
"8461","48345","Motley County, Texas","B01001_033",2,3
"8462","48345","Motley County, Texas","B01001_034",41,27
"8463","48345","Motley County, Texas","B01001_035",41,22
"8464","48345","Motley County, Texas","B01001_036",7,5
"8465","48345","Motley County, Texas","B01001_037",45,29
"8466","48345","Motley County, Texas","B01001_038",35,26
"8467","48345","Motley County, Texas","B01001_039",19,19
"8468","48345","Motley County, Texas","B01001_040",35,27
"8469","48345","Motley County, Texas","B01001_041",96,78
"8470","48345","Motley County, Texas","B01001_042",5,6
"8471","48345","Motley County, Texas","B01001_043",8,6
"8472","48345","Motley County, Texas","B01001_044",5,6
"8473","48345","Motley County, Texas","B01001_045",27,27
"8474","48345","Motley County, Texas","B01001_046",78,32
"8475","48345","Motley County, Texas","B01001_047",33,19
"8476","48345","Motley County, Texas","B01001_048",12,8
"8477","48345","Motley County, Texas","B01001_049",23,17
"8478","48347","Nacogdoches County, Texas","B01001_001",65162,NA
"8479","48347","Nacogdoches County, Texas","B01001_002",31438,99
"8480","48347","Nacogdoches County, Texas","B01001_003",2011,35
"8481","48347","Nacogdoches County, Texas","B01001_004",2198,344
"8482","48347","Nacogdoches County, Texas","B01001_005",2285,346
"8483","48347","Nacogdoches County, Texas","B01001_006",1336,51
"8484","48347","Nacogdoches County, Texas","B01001_007",1654,311
"8485","48347","Nacogdoches County, Texas","B01001_008",613,239
"8486","48347","Nacogdoches County, Texas","B01001_009",887,255
"8487","48347","Nacogdoches County, Texas","B01001_010",2151,370
"8488","48347","Nacogdoches County, Texas","B01001_011",1991,268
"8489","48347","Nacogdoches County, Texas","B01001_012",1818,63
"8490","48347","Nacogdoches County, Texas","B01001_013",1691,283
"8491","48347","Nacogdoches County, Texas","B01001_014",1797,262
"8492","48347","Nacogdoches County, Texas","B01001_015",1388,103
"8493","48347","Nacogdoches County, Texas","B01001_016",1555,24
"8494","48347","Nacogdoches County, Texas","B01001_017",1815,190
"8495","48347","Nacogdoches County, Texas","B01001_018",763,184
"8496","48347","Nacogdoches County, Texas","B01001_019",880,188
"8497","48347","Nacogdoches County, Texas","B01001_020",621,141
"8498","48347","Nacogdoches County, Texas","B01001_021",929,170
"8499","48347","Nacogdoches County, Texas","B01001_022",1404,185
"8500","48347","Nacogdoches County, Texas","B01001_023",782,133
"8501","48347","Nacogdoches County, Texas","B01001_024",575,147
"8502","48347","Nacogdoches County, Texas","B01001_025",294,97
"8503","48347","Nacogdoches County, Texas","B01001_026",33724,99
"8504","48347","Nacogdoches County, Texas","B01001_027",1931,39
"8505","48347","Nacogdoches County, Texas","B01001_028",1870,357
"8506","48347","Nacogdoches County, Texas","B01001_029",2316,357
"8507","48347","Nacogdoches County, Texas","B01001_030",1235,2
"8508","48347","Nacogdoches County, Texas","B01001_031",2128,210
"8509","48347","Nacogdoches County, Texas","B01001_032",1357,279
"8510","48347","Nacogdoches County, Texas","B01001_033",1295,375
"8511","48347","Nacogdoches County, Texas","B01001_034",1779,379
"8512","48347","Nacogdoches County, Texas","B01001_035",2041,36
"8513","48347","Nacogdoches County, Texas","B01001_036",1797,20
"8514","48347","Nacogdoches County, Texas","B01001_037",1793,243
"8515","48347","Nacogdoches County, Texas","B01001_038",1723,239
"8516","48347","Nacogdoches County, Texas","B01001_039",1602,167
"8517","48347","Nacogdoches County, Texas","B01001_040",1600,185
"8518","48347","Nacogdoches County, Texas","B01001_041",1969,234
"8519","48347","Nacogdoches County, Texas","B01001_042",504,146
"8520","48347","Nacogdoches County, Texas","B01001_043",1147,216
"8521","48347","Nacogdoches County, Texas","B01001_044",621,160
"8522","48347","Nacogdoches County, Texas","B01001_045",1330,214
"8523","48347","Nacogdoches County, Texas","B01001_046",1220,197
"8524","48347","Nacogdoches County, Texas","B01001_047",986,160
"8525","48347","Nacogdoches County, Texas","B01001_048",836,179
"8526","48347","Nacogdoches County, Texas","B01001_049",644,154
"8527","48349","Navarro County, Texas","B01001_001",54711,NA
"8528","48349","Navarro County, Texas","B01001_002",27034,63
"8529","48349","Navarro County, Texas","B01001_003",1827,4
"8530","48349","Navarro County, Texas","B01001_004",1997,273
"8531","48349","Navarro County, Texas","B01001_005",2285,285
"8532","48349","Navarro County, Texas","B01001_006",1309,26
"8533","48349","Navarro County, Texas","B01001_007",967,124
"8534","48349","Navarro County, Texas","B01001_008",291,120
"8535","48349","Navarro County, Texas","B01001_009",434,152
"8536","48349","Navarro County, Texas","B01001_010",1052,201
"8537","48349","Navarro County, Texas","B01001_011",1647,3
"8538","48349","Navarro County, Texas","B01001_012",1593,2
"8539","48349","Navarro County, Texas","B01001_013",1764,265
"8540","48349","Navarro County, Texas","B01001_014",1385,245
"8541","48349","Navarro County, Texas","B01001_015",1362,90
"8542","48349","Navarro County, Texas","B01001_016",1605,4
"8543","48349","Navarro County, Texas","B01001_017",1365,216
"8544","48349","Navarro County, Texas","B01001_018",953,206
"8545","48349","Navarro County, Texas","B01001_019",988,203
"8546","48349","Navarro County, Texas","B01001_020",574,153
"8547","48349","Navarro County, Texas","B01001_021",1102,171
"8548","48349","Navarro County, Texas","B01001_022",986,158
"8549","48349","Navarro County, Texas","B01001_023",809,169
"8550","48349","Navarro County, Texas","B01001_024",462,153
"8551","48349","Navarro County, Texas","B01001_025",277,124
"8552","48349","Navarro County, Texas","B01001_026",27677,63
"8553","48349","Navarro County, Texas","B01001_027",1857,67
"8554","48349","Navarro County, Texas","B01001_028",2462,209
"8555","48349","Navarro County, Texas","B01001_029",1597,208
"8556","48349","Navarro County, Texas","B01001_030",1257,5
"8557","48349","Navarro County, Texas","B01001_031",891,74
"8558","48349","Navarro County, Texas","B01001_032",576,149
"8559","48349","Navarro County, Texas","B01001_033",335,162
"8560","48349","Navarro County, Texas","B01001_034",756,175
"8561","48349","Navarro County, Texas","B01001_035",1670,3
"8562","48349","Navarro County, Texas","B01001_036",1621,7
"8563","48349","Navarro County, Texas","B01001_037",1914,215
"8564","48349","Navarro County, Texas","B01001_038",1313,216
"8565","48349","Navarro County, Texas","B01001_039",1541,11
"8566","48349","Navarro County, Texas","B01001_040",1580,26
"8567","48349","Navarro County, Texas","B01001_041",1707,230
"8568","48349","Navarro County, Texas","B01001_042",747,202
"8569","48349","Navarro County, Texas","B01001_043",938,190
"8570","48349","Navarro County, Texas","B01001_044",818,214
"8571","48349","Navarro County, Texas","B01001_045",765,173
"8572","48349","Navarro County, Texas","B01001_046",1273,179
"8573","48349","Navarro County, Texas","B01001_047",979,164
"8574","48349","Navarro County, Texas","B01001_048",567,141
"8575","48349","Navarro County, Texas","B01001_049",513,151
"8576","48351","Newton County, Texas","B01001_001",12093,NA
"8577","48351","Newton County, Texas","B01001_002",6152,111
"8578","48351","Newton County, Texas","B01001_003",385,80
"8579","48351","Newton County, Texas","B01001_004",399,99
"8580","48351","Newton County, Texas","B01001_005",243,83
"8581","48351","Newton County, Texas","B01001_006",342,63
"8582","48351","Newton County, Texas","B01001_007",151,88
"8583","48351","Newton County, Texas","B01001_008",23,28
"8584","48351","Newton County, Texas","B01001_009",0,23
"8585","48351","Newton County, Texas","B01001_010",263,95
"8586","48351","Newton County, Texas","B01001_011",454,115
"8587","48351","Newton County, Texas","B01001_012",259,26
"8588","48351","Newton County, Texas","B01001_013",336,96
"8589","48351","Newton County, Texas","B01001_014",269,92
"8590","48351","Newton County, Texas","B01001_015",309,38
"8591","48351","Newton County, Texas","B01001_016",422,38
"8592","48351","Newton County, Texas","B01001_017",552,137
"8593","48351","Newton County, Texas","B01001_018",119,71
"8594","48351","Newton County, Texas","B01001_019",304,113
"8595","48351","Newton County, Texas","B01001_020",305,124
"8596","48351","Newton County, Texas","B01001_021",126,61
"8597","48351","Newton County, Texas","B01001_022",346,96
"8598","48351","Newton County, Texas","B01001_023",320,102
"8599","48351","Newton County, Texas","B01001_024",88,51
"8600","48351","Newton County, Texas","B01001_025",137,60
"8601","48351","Newton County, Texas","B01001_026",5941,111
"8602","48351","Newton County, Texas","B01001_027",209,20
"8603","48351","Newton County, Texas","B01001_028",191,74
"8604","48351","Newton County, Texas","B01001_029",440,73
"8605","48351","Newton County, Texas","B01001_030",114,49
"8606","48351","Newton County, Texas","B01001_031",144,74
"8607","48351","Newton County, Texas","B01001_032",44,43
"8608","48351","Newton County, Texas","B01001_033",145,79
"8609","48351","Newton County, Texas","B01001_034",125,50
"8610","48351","Newton County, Texas","B01001_035",274,39
"8611","48351","Newton County, Texas","B01001_036",303,76
"8612","48351","Newton County, Texas","B01001_037",430,112
"8613","48351","Newton County, Texas","B01001_038",259,82
"8614","48351","Newton County, Texas","B01001_039",396,59
"8615","48351","Newton County, Texas","B01001_040",344,51
"8616","48351","Newton County, Texas","B01001_041",442,104
"8617","48351","Newton County, Texas","B01001_042",194,96
"8618","48351","Newton County, Texas","B01001_043",370,126
"8619","48351","Newton County, Texas","B01001_044",100,60
"8620","48351","Newton County, Texas","B01001_045",288,138
"8621","48351","Newton County, Texas","B01001_046",459,98
"8622","48351","Newton County, Texas","B01001_047",247,98
"8623","48351","Newton County, Texas","B01001_048",207,93
"8624","48351","Newton County, Texas","B01001_049",216,88
"8625","48353","Nolan County, Texas","B01001_001",14454,NA
"8626","48353","Nolan County, Texas","B01001_002",7360,173
"8627","48353","Nolan County, Texas","B01001_003",457,94
"8628","48353","Nolan County, Texas","B01001_004",356,104
"8629","48353","Nolan County, Texas","B01001_005",707,101
"8630","48353","Nolan County, Texas","B01001_006",424,64
"8631","48353","Nolan County, Texas","B01001_007",301,119
"8632","48353","Nolan County, Texas","B01001_008",77,56
"8633","48353","Nolan County, Texas","B01001_009",79,65
"8634","48353","Nolan County, Texas","B01001_010",355,121
"8635","48353","Nolan County, Texas","B01001_011",325,68
"8636","48353","Nolan County, Texas","B01001_012",371,23
"8637","48353","Nolan County, Texas","B01001_013",409,124
"8638","48353","Nolan County, Texas","B01001_014",516,135
"8639","48353","Nolan County, Texas","B01001_015",412,43
"8640","48353","Nolan County, Texas","B01001_016",485,55
"8641","48353","Nolan County, Texas","B01001_017",384,83
"8642","48353","Nolan County, Texas","B01001_018",179,71
"8643","48353","Nolan County, Texas","B01001_019",241,84
"8644","48353","Nolan County, Texas","B01001_020",148,62
"8645","48353","Nolan County, Texas","B01001_021",260,75
"8646","48353","Nolan County, Texas","B01001_022",376,76
"8647","48353","Nolan County, Texas","B01001_023",281,74
"8648","48353","Nolan County, Texas","B01001_024",127,46
"8649","48353","Nolan County, Texas","B01001_025",90,35
"8650","48353","Nolan County, Texas","B01001_026",7094,173
"8651","48353","Nolan County, Texas","B01001_027",404,88
"8652","48353","Nolan County, Texas","B01001_028",470,134
"8653","48353","Nolan County, Texas","B01001_029",611,162
"8654","48353","Nolan County, Texas","B01001_030",238,59
"8655","48353","Nolan County, Texas","B01001_031",206,83
"8656","48353","Nolan County, Texas","B01001_032",29,28
"8657","48353","Nolan County, Texas","B01001_033",24,23
"8658","48353","Nolan County, Texas","B01001_034",258,90
"8659","48353","Nolan County, Texas","B01001_035",372,20
"8660","48353","Nolan County, Texas","B01001_036",427,112
"8661","48353","Nolan County, Texas","B01001_037",461,116
"8662","48353","Nolan County, Texas","B01001_038",369,114
"8663","48353","Nolan County, Texas","B01001_039",435,42
"8664","48353","Nolan County, Texas","B01001_040",404,2
"8665","48353","Nolan County, Texas","B01001_041",438,91
"8666","48353","Nolan County, Texas","B01001_042",201,64
"8667","48353","Nolan County, Texas","B01001_043",206,79
"8668","48353","Nolan County, Texas","B01001_044",321,115
"8669","48353","Nolan County, Texas","B01001_045",272,78
"8670","48353","Nolan County, Texas","B01001_046",305,94
"8671","48353","Nolan County, Texas","B01001_047",239,67
"8672","48353","Nolan County, Texas","B01001_048",91,47
"8673","48353","Nolan County, Texas","B01001_049",313,98
"8674","48355","Nueces County, Texas","B01001_001",352955,NA
"8675","48355","Nueces County, Texas","B01001_002",175368,187
"8676","48355","Nueces County, Texas","B01001_003",10948,140
"8677","48355","Nueces County, Texas","B01001_004",12778,648
"8678","48355","Nueces County, Texas","B01001_005",11472,644
"8679","48355","Nueces County, Texas","B01001_006",7693,73
"8680","48355","Nueces County, Texas","B01001_007",5087,186
"8681","48355","Nueces County, Texas","B01001_008",1985,407
"8682","48355","Nueces County, Texas","B01001_009",2462,418
"8683","48355","Nueces County, Texas","B01001_010",8051,591
"8684","48355","Nueces County, Texas","B01001_011",12149,69
"8685","48355","Nueces County, Texas","B01001_012",12548,95
"8686","48355","Nueces County, Texas","B01001_013",11923,792
"8687","48355","Nueces County, Texas","B01001_014",12059,804
"8688","48355","Nueces County, Texas","B01001_015",10489,63
"8689","48355","Nueces County, Texas","B01001_016",10117,47
"8690","48355","Nueces County, Texas","B01001_017",10756,623
"8691","48355","Nueces County, Texas","B01001_018",3502,391
"8692","48355","Nueces County, Texas","B01001_019",5721,574
"8693","48355","Nueces County, Texas","B01001_020",3740,453
"8694","48355","Nueces County, Texas","B01001_021",5464,522
"8695","48355","Nueces County, Texas","B01001_022",6863,543
"8696","48355","Nueces County, Texas","B01001_023",5100,417
"8697","48355","Nueces County, Texas","B01001_024",2302,307
"8698","48355","Nueces County, Texas","B01001_025",2159,350
"8699","48355","Nueces County, Texas","B01001_026",177587,187
"8700","48355","Nueces County, Texas","B01001_027",10457,142
"8701","48355","Nueces County, Texas","B01001_028",10743,814
"8702","48355","Nueces County, Texas","B01001_029",12342,814
"8703","48355","Nueces County, Texas","B01001_030",7152,65
"8704","48355","Nueces County, Texas","B01001_031",4758,135
"8705","48355","Nueces County, Texas","B01001_032",2308,385
"8706","48355","Nueces County, Texas","B01001_033",2770,477
"8707","48355","Nueces County, Texas","B01001_034",7224,479
"8708","48355","Nueces County, Texas","B01001_035",11603,36
"8709","48355","Nueces County, Texas","B01001_036",11896,30
"8710","48355","Nueces County, Texas","B01001_037",11887,659
"8711","48355","Nueces County, Texas","B01001_038",11550,658
"8712","48355","Nueces County, Texas","B01001_039",10461,24
"8713","48355","Nueces County, Texas","B01001_040",10306,36
"8714","48355","Nueces County, Texas","B01001_041",10206,674
"8715","48355","Nueces County, Texas","B01001_042",4340,552
"8716","48355","Nueces County, Texas","B01001_043",6436,610
"8717","48355","Nueces County, Texas","B01001_044",3767,356
"8718","48355","Nueces County, Texas","B01001_045",5899,561
"8719","48355","Nueces County, Texas","B01001_046",8013,532
"8720","48355","Nueces County, Texas","B01001_047",5685,452
"8721","48355","Nueces County, Texas","B01001_048",3266,436
"8722","48355","Nueces County, Texas","B01001_049",4518,420
"8723","48357","Ochiltree County, Texas","B01001_001",9786,NA
"8724","48357","Ochiltree County, Texas","B01001_002",4895,64
"8725","48357","Ochiltree County, Texas","B01001_003",371,100
"8726","48357","Ochiltree County, Texas","B01001_004",419,129
"8727","48357","Ochiltree County, Texas","B01001_005",442,109
"8728","48357","Ochiltree County, Texas","B01001_006",196,24
"8729","48357","Ochiltree County, Texas","B01001_007",119,76
"8730","48357","Ochiltree County, Texas","B01001_008",70,72
"8731","48357","Ochiltree County, Texas","B01001_009",78,59
"8732","48357","Ochiltree County, Texas","B01001_010",196,99
"8733","48357","Ochiltree County, Texas","B01001_011",353,133
"8734","48357","Ochiltree County, Texas","B01001_012",328,79
"8735","48357","Ochiltree County, Texas","B01001_013",335,114
"8736","48357","Ochiltree County, Texas","B01001_014",333,102
"8737","48357","Ochiltree County, Texas","B01001_015",275,121
"8738","48357","Ochiltree County, Texas","B01001_016",228,96
"8739","48357","Ochiltree County, Texas","B01001_017",258,106
"8740","48357","Ochiltree County, Texas","B01001_018",129,102
"8741","48357","Ochiltree County, Texas","B01001_019",257,67
"8742","48357","Ochiltree County, Texas","B01001_020",89,52
"8743","48357","Ochiltree County, Texas","B01001_021",70,43
"8744","48357","Ochiltree County, Texas","B01001_022",147,50
"8745","48357","Ochiltree County, Texas","B01001_023",131,52
"8746","48357","Ochiltree County, Texas","B01001_024",41,41
"8747","48357","Ochiltree County, Texas","B01001_025",30,46
"8748","48357","Ochiltree County, Texas","B01001_026",4891,64
"8749","48357","Ochiltree County, Texas","B01001_027",326,56
"8750","48357","Ochiltree County, Texas","B01001_028",491,97
"8751","48357","Ochiltree County, Texas","B01001_029",361,96
"8752","48357","Ochiltree County, Texas","B01001_030",351,88
"8753","48357","Ochiltree County, Texas","B01001_031",74,65
"8754","48357","Ochiltree County, Texas","B01001_032",109,88
"8755","48357","Ochiltree County, Texas","B01001_033",108,97
"8756","48357","Ochiltree County, Texas","B01001_034",137,89
"8757","48357","Ochiltree County, Texas","B01001_035",333,55
"8758","48357","Ochiltree County, Texas","B01001_036",247,114
"8759","48357","Ochiltree County, Texas","B01001_037",314,116
"8760","48357","Ochiltree County, Texas","B01001_038",281,124
"8761","48357","Ochiltree County, Texas","B01001_039",319,120
"8762","48357","Ochiltree County, Texas","B01001_040",251,72
"8763","48357","Ochiltree County, Texas","B01001_041",396,104
"8764","48357","Ochiltree County, Texas","B01001_042",72,60
"8765","48357","Ochiltree County, Texas","B01001_043",85,64
"8766","48357","Ochiltree County, Texas","B01001_044",51,43
"8767","48357","Ochiltree County, Texas","B01001_045",169,100
"8768","48357","Ochiltree County, Texas","B01001_046",147,76
"8769","48357","Ochiltree County, Texas","B01001_047",113,43
"8770","48357","Ochiltree County, Texas","B01001_048",85,51
"8771","48357","Ochiltree County, Texas","B01001_049",71,39
"8772","48359","Oldham County, Texas","B01001_001",2249,227
"8773","48359","Oldham County, Texas","B01001_002",1249,195
"8774","48359","Oldham County, Texas","B01001_003",40,14
"8775","48359","Oldham County, Texas","B01001_004",58,28
"8776","48359","Oldham County, Texas","B01001_005",74,39
"8777","48359","Oldham County, Texas","B01001_006",354,182
"8778","48359","Oldham County, Texas","B01001_007",27,30
"8779","48359","Oldham County, Texas","B01001_008",2,5
"8780","48359","Oldham County, Texas","B01001_009",23,21
"8781","48359","Oldham County, Texas","B01001_010",23,18
"8782","48359","Oldham County, Texas","B01001_011",50,27
"8783","48359","Oldham County, Texas","B01001_012",47,18
"8784","48359","Oldham County, Texas","B01001_013",70,50
"8785","48359","Oldham County, Texas","B01001_014",121,52
"8786","48359","Oldham County, Texas","B01001_015",48,21
"8787","48359","Oldham County, Texas","B01001_016",33,14
"8788","48359","Oldham County, Texas","B01001_017",49,26
"8789","48359","Oldham County, Texas","B01001_018",74,38
"8790","48359","Oldham County, Texas","B01001_019",23,15
"8791","48359","Oldham County, Texas","B01001_020",11,9
"8792","48359","Oldham County, Texas","B01001_021",37,14
"8793","48359","Oldham County, Texas","B01001_022",61,33
"8794","48359","Oldham County, Texas","B01001_023",18,15
"8795","48359","Oldham County, Texas","B01001_024",4,4
"8796","48359","Oldham County, Texas","B01001_025",2,5
"8797","48359","Oldham County, Texas","B01001_026",1000,191
"8798","48359","Oldham County, Texas","B01001_027",152,88
"8799","48359","Oldham County, Texas","B01001_028",48,34
"8800","48359","Oldham County, Texas","B01001_029",85,103
"8801","48359","Oldham County, Texas","B01001_030",56,53
"8802","48359","Oldham County, Texas","B01001_031",12,13
"8803","48359","Oldham County, Texas","B01001_032",15,12
"8804","48359","Oldham County, Texas","B01001_033",5,12
"8805","48359","Oldham County, Texas","B01001_034",5,8
"8806","48359","Oldham County, Texas","B01001_035",53,24
"8807","48359","Oldham County, Texas","B01001_036",110,40
"8808","48359","Oldham County, Texas","B01001_037",77,31
"8809","48359","Oldham County, Texas","B01001_038",47,22
"8810","48359","Oldham County, Texas","B01001_039",51,27
"8811","48359","Oldham County, Texas","B01001_040",88,21
"8812","48359","Oldham County, Texas","B01001_041",32,16
"8813","48359","Oldham County, Texas","B01001_042",20,14
"8814","48359","Oldham County, Texas","B01001_043",13,7
"8815","48359","Oldham County, Texas","B01001_044",8,7
"8816","48359","Oldham County, Texas","B01001_045",26,17
"8817","48359","Oldham County, Texas","B01001_046",49,27
"8818","48359","Oldham County, Texas","B01001_047",9,6
"8819","48359","Oldham County, Texas","B01001_048",4,7
"8820","48359","Oldham County, Texas","B01001_049",35,21
"8821","48361","Orange County, Texas","B01001_001",85307,NA
"8822","48361","Orange County, Texas","B01001_002",42032,194
"8823","48361","Orange County, Texas","B01001_003",2670,138
"8824","48361","Orange County, Texas","B01001_004",2970,328
"8825","48361","Orange County, Texas","B01001_005",3411,332
"8826","48361","Orange County, Texas","B01001_006",1756,146
"8827","48361","Orange County, Texas","B01001_007",956,115
"8828","48361","Orange County, Texas","B01001_008",422,218
"8829","48361","Orange County, Texas","B01001_009",571,223
"8830","48361","Orange County, Texas","B01001_010",1781,256
"8831","48361","Orange County, Texas","B01001_011",2424,209
"8832","48361","Orange County, Texas","B01001_012",2657,96
"8833","48361","Orange County, Texas","B01001_013",2821,319
"8834","48361","Orange County, Texas","B01001_014",2861,293
"8835","48361","Orange County, Texas","B01001_015",2708,150
"8836","48361","Orange County, Texas","B01001_016",2464,141
"8837","48361","Orange County, Texas","B01001_017",2614,302
"8838","48361","Orange County, Texas","B01001_018",1155,290
"8839","48361","Orange County, Texas","B01001_019",1543,245
"8840","48361","Orange County, Texas","B01001_020",1052,207
"8841","48361","Orange County, Texas","B01001_021",1417,252
"8842","48361","Orange County, Texas","B01001_022",1484,248
"8843","48361","Orange County, Texas","B01001_023",1242,170
"8844","48361","Orange County, Texas","B01001_024",698,149
"8845","48361","Orange County, Texas","B01001_025",355,115
"8846","48361","Orange County, Texas","B01001_026",43275,194
"8847","48361","Orange County, Texas","B01001_027",2774,135
"8848","48361","Orange County, Texas","B01001_028",3194,439
"8849","48361","Orange County, Texas","B01001_029",2771,437
"8850","48361","Orange County, Texas","B01001_030",2090,147
"8851","48361","Orange County, Texas","B01001_031",771,116
"8852","48361","Orange County, Texas","B01001_032",346,162
"8853","48361","Orange County, Texas","B01001_033",494,181
"8854","48361","Orange County, Texas","B01001_034",1503,243
"8855","48361","Orange County, Texas","B01001_035",2754,155
"8856","48361","Orange County, Texas","B01001_036",2831,163
"8857","48361","Orange County, Texas","B01001_037",2655,376
"8858","48361","Orange County, Texas","B01001_038",3264,403
"8859","48361","Orange County, Texas","B01001_039",2464,96
"8860","48361","Orange County, Texas","B01001_040",2467,114
"8861","48361","Orange County, Texas","B01001_041",2487,319
"8862","48361","Orange County, Texas","B01001_042",1133,254
"8863","48361","Orange County, Texas","B01001_043",1756,319
"8864","48361","Orange County, Texas","B01001_044",1055,216
"8865","48361","Orange County, Texas","B01001_045",1199,225
"8866","48361","Orange County, Texas","B01001_046",2072,223
"8867","48361","Orange County, Texas","B01001_047",1312,192
"8868","48361","Orange County, Texas","B01001_048",926,176
"8869","48361","Orange County, Texas","B01001_049",957,220
"8870","48363","Palo Pinto County, Texas","B01001_001",29295,NA
"8871","48363","Palo Pinto County, Texas","B01001_002",14373,190
"8872","48363","Palo Pinto County, Texas","B01001_003",867,23
"8873","48363","Palo Pinto County, Texas","B01001_004",993,178
"8874","48363","Palo Pinto County, Texas","B01001_005",1139,161
"8875","48363","Palo Pinto County, Texas","B01001_006",482,77
"8876","48363","Palo Pinto County, Texas","B01001_007",292,59
"8877","48363","Palo Pinto County, Texas","B01001_008",203,105
"8878","48363","Palo Pinto County, Texas","B01001_009",178,94
"8879","48363","Palo Pinto County, Texas","B01001_010",440,97
"8880","48363","Palo Pinto County, Texas","B01001_011",778,79
"8881","48363","Palo Pinto County, Texas","B01001_012",838,27
"8882","48363","Palo Pinto County, Texas","B01001_013",839,147
"8883","48363","Palo Pinto County, Texas","B01001_014",766,126
"8884","48363","Palo Pinto County, Texas","B01001_015",786,94
"8885","48363","Palo Pinto County, Texas","B01001_016",910,100
"8886","48363","Palo Pinto County, Texas","B01001_017",912,131
"8887","48363","Palo Pinto County, Texas","B01001_018",463,115
"8888","48363","Palo Pinto County, Texas","B01001_019",678,174
"8889","48363","Palo Pinto County, Texas","B01001_020",345,102
"8890","48363","Palo Pinto County, Texas","B01001_021",596,136
"8891","48363","Palo Pinto County, Texas","B01001_022",817,159
"8892","48363","Palo Pinto County, Texas","B01001_023",467,70
"8893","48363","Palo Pinto County, Texas","B01001_024",334,84
"8894","48363","Palo Pinto County, Texas","B01001_025",250,77
"8895","48363","Palo Pinto County, Texas","B01001_026",14922,190
"8896","48363","Palo Pinto County, Texas","B01001_027",847,28
"8897","48363","Palo Pinto County, Texas","B01001_028",765,137
"8898","48363","Palo Pinto County, Texas","B01001_029",1001,139
"8899","48363","Palo Pinto County, Texas","B01001_030",715,113
"8900","48363","Palo Pinto County, Texas","B01001_031",462,90
"8901","48363","Palo Pinto County, Texas","B01001_032",155,95
"8902","48363","Palo Pinto County, Texas","B01001_033",231,123
"8903","48363","Palo Pinto County, Texas","B01001_034",343,118
"8904","48363","Palo Pinto County, Texas","B01001_035",800,2
"8905","48363","Palo Pinto County, Texas","B01001_036",888,82
"8906","48363","Palo Pinto County, Texas","B01001_037",883,174
"8907","48363","Palo Pinto County, Texas","B01001_038",842,175
"8908","48363","Palo Pinto County, Texas","B01001_039",783,7
"8909","48363","Palo Pinto County, Texas","B01001_040",881,4
"8910","48363","Palo Pinto County, Texas","B01001_041",1051,150
"8911","48363","Palo Pinto County, Texas","B01001_042",433,125
"8912","48363","Palo Pinto County, Texas","B01001_043",643,137
"8913","48363","Palo Pinto County, Texas","B01001_044",503,128
"8914","48363","Palo Pinto County, Texas","B01001_045",477,103
"8915","48363","Palo Pinto County, Texas","B01001_046",846,155
"8916","48363","Palo Pinto County, Texas","B01001_047",655,105
"8917","48363","Palo Pinto County, Texas","B01001_048",289,82
"8918","48363","Palo Pinto County, Texas","B01001_049",429,94
"8919","48365","Panola County, Texas","B01001_001",22726,NA
"8920","48365","Panola County, Texas","B01001_002",11373,197
"8921","48365","Panola County, Texas","B01001_003",737,95
"8922","48365","Panola County, Texas","B01001_004",641,100
"8923","48365","Panola County, Texas","B01001_005",860,181
"8924","48365","Panola County, Texas","B01001_006",473,61
"8925","48365","Panola County, Texas","B01001_007",284,61
"8926","48365","Panola County, Texas","B01001_008",199,115
"8927","48365","Panola County, Texas","B01001_009",108,64
"8928","48365","Panola County, Texas","B01001_010",386,123
"8929","48365","Panola County, Texas","B01001_011",546,69
"8930","48365","Panola County, Texas","B01001_012",749,109
"8931","48365","Panola County, Texas","B01001_013",690,151
"8932","48365","Panola County, Texas","B01001_014",650,163
"8933","48365","Panola County, Texas","B01001_015",783,117
"8934","48365","Panola County, Texas","B01001_016",667,98
"8935","48365","Panola County, Texas","B01001_017",563,143
"8936","48365","Panola County, Texas","B01001_018",450,186
"8937","48365","Panola County, Texas","B01001_019",396,147
"8938","48365","Panola County, Texas","B01001_020",415,115
"8939","48365","Panola County, Texas","B01001_021",466,116
"8940","48365","Panola County, Texas","B01001_022",531,116
"8941","48365","Panola County, Texas","B01001_023",338,80
"8942","48365","Panola County, Texas","B01001_024",238,96
"8943","48365","Panola County, Texas","B01001_025",203,77
"8944","48365","Panola County, Texas","B01001_026",11353,197
"8945","48365","Panola County, Texas","B01001_027",551,95
"8946","48365","Panola County, Texas","B01001_028",690,204
"8947","48365","Panola County, Texas","B01001_029",824,164
"8948","48365","Panola County, Texas","B01001_030",468,60
"8949","48365","Panola County, Texas","B01001_031",303,125
"8950","48365","Panola County, Texas","B01001_032",174,94
"8951","48365","Panola County, Texas","B01001_033",68,58
"8952","48365","Panola County, Texas","B01001_034",426,145
"8953","48365","Panola County, Texas","B01001_035",533,71
"8954","48365","Panola County, Texas","B01001_036",561,68
"8955","48365","Panola County, Texas","B01001_037",750,177
"8956","48365","Panola County, Texas","B01001_038",691,149
"8957","48365","Panola County, Texas","B01001_039",690,89
"8958","48365","Panola County, Texas","B01001_040",708,73
"8959","48365","Panola County, Texas","B01001_041",574,145
"8960","48365","Panola County, Texas","B01001_042",304,110
"8961","48365","Panola County, Texas","B01001_043",616,157
"8962","48365","Panola County, Texas","B01001_044",389,107
"8963","48365","Panola County, Texas","B01001_045",390,86
"8964","48365","Panola County, Texas","B01001_046",645,112
"8965","48365","Panola County, Texas","B01001_047",463,125
"8966","48365","Panola County, Texas","B01001_048",289,95
"8967","48365","Panola County, Texas","B01001_049",246,80
"8968","48367","Parker County, Texas","B01001_001",165168,NA
"8969","48367","Parker County, Texas","B01001_002",82748,109
"8970","48367","Parker County, Texas","B01001_003",5158,88
"8971","48367","Parker County, Texas","B01001_004",6056,619
"8972","48367","Parker County, Texas","B01001_005",6212,618
"8973","48367","Parker County, Texas","B01001_006",3746,54
"8974","48367","Parker County, Texas","B01001_007",2098,111
"8975","48367","Parker County, Texas","B01001_008",1062,324
"8976","48367","Parker County, Texas","B01001_009",984,250
"8977","48367","Parker County, Texas","B01001_010",2240,334
"8978","48367","Parker County, Texas","B01001_011",4457,107
"8979","48367","Parker County, Texas","B01001_012",5002,98
"8980","48367","Parker County, Texas","B01001_013",6108,506
"8981","48367","Parker County, Texas","B01001_014",5623,501
"8982","48367","Parker County, Texas","B01001_015",5289,104
"8983","48367","Parker County, Texas","B01001_016",5284,41
"8984","48367","Parker County, Texas","B01001_017",5518,397
"8985","48367","Parker County, Texas","B01001_018",2377,431
"8986","48367","Parker County, Texas","B01001_019",3122,409
"8987","48367","Parker County, Texas","B01001_020",2135,309
"8988","48367","Parker County, Texas","B01001_021",2331,306
"8989","48367","Parker County, Texas","B01001_022",3391,326
"8990","48367","Parker County, Texas","B01001_023",2226,272
"8991","48367","Parker County, Texas","B01001_024",1381,269
"8992","48367","Parker County, Texas","B01001_025",948,194
"8993","48367","Parker County, Texas","B01001_026",82420,109
"8994","48367","Parker County, Texas","B01001_027",4659,87
"8995","48367","Parker County, Texas","B01001_028",5406,513
"8996","48367","Parker County, Texas","B01001_029",5929,508
"8997","48367","Parker County, Texas","B01001_030",3564,73
"8998","48367","Parker County, Texas","B01001_031",1760,64
"8999","48367","Parker County, Texas","B01001_032",721,208
"9000","48367","Parker County, Texas","B01001_033",1147,258
"9001","48367","Parker County, Texas","B01001_034",2422,280
"9002","48367","Parker County, Texas","B01001_035",4363,78
"9003","48367","Parker County, Texas","B01001_036",5305,130
"9004","48367","Parker County, Texas","B01001_037",6301,549
"9005","48367","Parker County, Texas","B01001_038",5367,538
"9006","48367","Parker County, Texas","B01001_039",5196,149
"9007","48367","Parker County, Texas","B01001_040",5372,51
"9008","48367","Parker County, Texas","B01001_041",4992,421
"9009","48367","Parker County, Texas","B01001_042",2572,359
"9010","48367","Parker County, Texas","B01001_043",3401,351
"9011","48367","Parker County, Texas","B01001_044",1893,282
"9012","48367","Parker County, Texas","B01001_045",2981,327
"9013","48367","Parker County, Texas","B01001_046",3713,361
"9014","48367","Parker County, Texas","B01001_047",2285,277
"9015","48367","Parker County, Texas","B01001_048",1589,239
"9016","48367","Parker County, Texas","B01001_049",1482,285
"9017","48369","Parmer County, Texas","B01001_001",9731,NA
"9018","48369","Parmer County, Texas","B01001_002",5153,96
"9019","48369","Parmer County, Texas","B01001_003",405,63
"9020","48369","Parmer County, Texas","B01001_004",445,125
"9021","48369","Parmer County, Texas","B01001_005",352,122
"9022","48369","Parmer County, Texas","B01001_006",298,64
"9023","48369","Parmer County, Texas","B01001_007",145,24
"9024","48369","Parmer County, Texas","B01001_008",25,26
"9025","48369","Parmer County, Texas","B01001_009",152,75
"9026","48369","Parmer County, Texas","B01001_010",148,77
"9027","48369","Parmer County, Texas","B01001_011",322,44
"9028","48369","Parmer County, Texas","B01001_012",348,60
"9029","48369","Parmer County, Texas","B01001_013",433,151
"9030","48369","Parmer County, Texas","B01001_014",308,115
"9031","48369","Parmer County, Texas","B01001_015",147,70
"9032","48369","Parmer County, Texas","B01001_016",293,53
"9033","48369","Parmer County, Texas","B01001_017",249,75
"9034","48369","Parmer County, Texas","B01001_018",266,84
"9035","48369","Parmer County, Texas","B01001_019",99,49
"9036","48369","Parmer County, Texas","B01001_020",155,73
"9037","48369","Parmer County, Texas","B01001_021",174,75
"9038","48369","Parmer County, Texas","B01001_022",142,57
"9039","48369","Parmer County, Texas","B01001_023",80,33
"9040","48369","Parmer County, Texas","B01001_024",134,94
"9041","48369","Parmer County, Texas","B01001_025",33,22
"9042","48369","Parmer County, Texas","B01001_026",4578,96
"9043","48369","Parmer County, Texas","B01001_027",311,44
"9044","48369","Parmer County, Texas","B01001_028",352,98
"9045","48369","Parmer County, Texas","B01001_029",349,98
"9046","48369","Parmer County, Texas","B01001_030",179,65
"9047","48369","Parmer County, Texas","B01001_031",154,84
"9048","48369","Parmer County, Texas","B01001_032",95,89
"9049","48369","Parmer County, Texas","B01001_033",46,50
"9050","48369","Parmer County, Texas","B01001_034",97,57
"9051","48369","Parmer County, Texas","B01001_035",291,38
"9052","48369","Parmer County, Texas","B01001_036",237,2
"9053","48369","Parmer County, Texas","B01001_037",223,99
"9054","48369","Parmer County, Texas","B01001_038",377,96
"9055","48369","Parmer County, Texas","B01001_039",197,22
"9056","48369","Parmer County, Texas","B01001_040",285,63
"9057","48369","Parmer County, Texas","B01001_041",238,81
"9058","48369","Parmer County, Texas","B01001_042",142,70
"9059","48369","Parmer County, Texas","B01001_043",201,62
"9060","48369","Parmer County, Texas","B01001_044",281,126
"9061","48369","Parmer County, Texas","B01001_045",100,65
"9062","48369","Parmer County, Texas","B01001_046",142,49
"9063","48369","Parmer County, Texas","B01001_047",118,73
"9064","48369","Parmer County, Texas","B01001_048",84,49
"9065","48369","Parmer County, Texas","B01001_049",79,58
"9066","48371","Pecos County, Texas","B01001_001",14896,NA
"9067","48371","Pecos County, Texas","B01001_002",8354,217
"9068","48371","Pecos County, Texas","B01001_003",400,28
"9069","48371","Pecos County, Texas","B01001_004",541,181
"9070","48371","Pecos County, Texas","B01001_005",438,181
"9071","48371","Pecos County, Texas","B01001_006",271,134
"9072","48371","Pecos County, Texas","B01001_007",73,65
"9073","48371","Pecos County, Texas","B01001_008",160,126
"9074","48371","Pecos County, Texas","B01001_009",116,99
"9075","48371","Pecos County, Texas","B01001_010",243,115
"9076","48371","Pecos County, Texas","B01001_011",768,252
"9077","48371","Pecos County, Texas","B01001_012",663,234
"9078","48371","Pecos County, Texas","B01001_013",894,254
"9079","48371","Pecos County, Texas","B01001_014",665,211
"9080","48371","Pecos County, Texas","B01001_015",590,201
"9081","48371","Pecos County, Texas","B01001_016",654,151
"9082","48371","Pecos County, Texas","B01001_017",294,92
"9083","48371","Pecos County, Texas","B01001_018",137,72
"9084","48371","Pecos County, Texas","B01001_019",431,111
"9085","48371","Pecos County, Texas","B01001_020",287,125
"9086","48371","Pecos County, Texas","B01001_021",198,108
"9087","48371","Pecos County, Texas","B01001_022",189,88
"9088","48371","Pecos County, Texas","B01001_023",141,76
"9089","48371","Pecos County, Texas","B01001_024",148,75
"9090","48371","Pecos County, Texas","B01001_025",53,50
"9091","48371","Pecos County, Texas","B01001_026",6542,217
"9092","48371","Pecos County, Texas","B01001_027",537,103
"9093","48371","Pecos County, Texas","B01001_028",489,176
"9094","48371","Pecos County, Texas","B01001_029",550,173
"9095","48371","Pecos County, Texas","B01001_030",339,141
"9096","48371","Pecos County, Texas","B01001_031",144,90
"9097","48371","Pecos County, Texas","B01001_032",84,69
"9098","48371","Pecos County, Texas","B01001_033",0,23
"9099","48371","Pecos County, Texas","B01001_034",202,123
"9100","48371","Pecos County, Texas","B01001_035",563,131
"9101","48371","Pecos County, Texas","B01001_036",385,35
"9102","48371","Pecos County, Texas","B01001_037",336,134
"9103","48371","Pecos County, Texas","B01001_038",422,139
"9104","48371","Pecos County, Texas","B01001_039",415,154
"9105","48371","Pecos County, Texas","B01001_040",384,148
"9106","48371","Pecos County, Texas","B01001_041",448,91
"9107","48371","Pecos County, Texas","B01001_042",106,64
"9108","48371","Pecos County, Texas","B01001_043",111,69
"9109","48371","Pecos County, Texas","B01001_044",91,50
"9110","48371","Pecos County, Texas","B01001_045",192,103
"9111","48371","Pecos County, Texas","B01001_046",348,113
"9112","48371","Pecos County, Texas","B01001_047",190,86
"9113","48371","Pecos County, Texas","B01001_048",98,56
"9114","48371","Pecos County, Texas","B01001_049",108,60
"9115","48373","Polk County, Texas","B01001_001",52800,NA
"9116","48373","Polk County, Texas","B01001_002",28403,168
"9117","48373","Polk County, Texas","B01001_003",1348,120
"9118","48373","Polk County, Texas","B01001_004",1464,239
"9119","48373","Polk County, Texas","B01001_005",1747,238
"9120","48373","Polk County, Texas","B01001_006",982,48
"9121","48373","Polk County, Texas","B01001_007",379,49
"9122","48373","Polk County, Texas","B01001_008",188,145
"9123","48373","Polk County, Texas","B01001_009",613,198
"9124","48373","Polk County, Texas","B01001_010",905,214
"9125","48373","Polk County, Texas","B01001_011",1748,89
"9126","48373","Polk County, Texas","B01001_012",1869,152
"9127","48373","Polk County, Texas","B01001_013",1959,296
"9128","48373","Polk County, Texas","B01001_014",1751,305
"9129","48373","Polk County, Texas","B01001_015",1979,225
"9130","48373","Polk County, Texas","B01001_016",1835,156
"9131","48373","Polk County, Texas","B01001_017",1879,280
"9132","48373","Polk County, Texas","B01001_018",750,196
"9133","48373","Polk County, Texas","B01001_019",1788,261
"9134","48373","Polk County, Texas","B01001_020",754,196
"9135","48373","Polk County, Texas","B01001_021",1345,270
"9136","48373","Polk County, Texas","B01001_022",1690,228
"9137","48373","Polk County, Texas","B01001_023",567,104
"9138","48373","Polk County, Texas","B01001_024",634,140
"9139","48373","Polk County, Texas","B01001_025",229,77
"9140","48373","Polk County, Texas","B01001_026",24397,168
"9141","48373","Polk County, Texas","B01001_027",1276,106
"9142","48373","Polk County, Texas","B01001_028",1247,210
"9143","48373","Polk County, Texas","B01001_029",1742,214
"9144","48373","Polk County, Texas","B01001_030",921,48
"9145","48373","Polk County, Texas","B01001_031",394,146
"9146","48373","Polk County, Texas","B01001_032",294,151
"9147","48373","Polk County, Texas","B01001_033",329,133
"9148","48373","Polk County, Texas","B01001_034",629,175
"9149","48373","Polk County, Texas","B01001_035",1055,95
"9150","48373","Polk County, Texas","B01001_036",1332,84
"9151","48373","Polk County, Texas","B01001_037",1813,267
"9152","48373","Polk County, Texas","B01001_038",1041,201
"9153","48373","Polk County, Texas","B01001_039",1424,62
"9154","48373","Polk County, Texas","B01001_040",1524,79
"9155","48373","Polk County, Texas","B01001_041",1809,243
"9156","48373","Polk County, Texas","B01001_042",1219,299
"9157","48373","Polk County, Texas","B01001_043",1466,277
"9158","48373","Polk County, Texas","B01001_044",794,160
"9159","48373","Polk County, Texas","B01001_045",993,200
"9160","48373","Polk County, Texas","B01001_046",1707,211
"9161","48373","Polk County, Texas","B01001_047",599,115
"9162","48373","Polk County, Texas","B01001_048",350,75
"9163","48373","Polk County, Texas","B01001_049",439,100
"9164","48375","Potter County, Texas","B01001_001",115975,NA
"9165","48375","Potter County, Texas","B01001_002",59568,108
"9166","48375","Potter County, Texas","B01001_003",4008,117
"9167","48375","Potter County, Texas","B01001_004",4420,350
"9168","48375","Potter County, Texas","B01001_005",4798,358
"9169","48375","Potter County, Texas","B01001_006",2612,91
"9170","48375","Potter County, Texas","B01001_007",1596,171
"9171","48375","Potter County, Texas","B01001_008",609,216
"9172","48375","Potter County, Texas","B01001_009",802,208
"9173","48375","Potter County, Texas","B01001_010",2427,285
"9174","48375","Potter County, Texas","B01001_011",4280,127
"9175","48375","Potter County, Texas","B01001_012",4433,178
"9176","48375","Potter County, Texas","B01001_013",4010,364
"9177","48375","Potter County, Texas","B01001_014",4512,409
"9178","48375","Potter County, Texas","B01001_015",3798,241
"9179","48375","Potter County, Texas","B01001_016",3539,35
"9180","48375","Potter County, Texas","B01001_017",3095,299
"9181","48375","Potter County, Texas","B01001_018",1269,248
"9182","48375","Potter County, Texas","B01001_019",1901,281
"9183","48375","Potter County, Texas","B01001_020",1439,264
"9184","48375","Potter County, Texas","B01001_021",1416,240
"9185","48375","Potter County, Texas","B01001_022",1851,246
"9186","48375","Potter County, Texas","B01001_023",1171,179
"9187","48375","Potter County, Texas","B01001_024",844,189
"9188","48375","Potter County, Texas","B01001_025",738,229
"9189","48375","Potter County, Texas","B01001_026",56407,108
"9190","48375","Potter County, Texas","B01001_027",3758,95
"9191","48375","Potter County, Texas","B01001_028",4549,401
"9192","48375","Potter County, Texas","B01001_029",4075,401
"9193","48375","Potter County, Texas","B01001_030",2746,91
"9194","48375","Potter County, Texas","B01001_031",1370,86
"9195","48375","Potter County, Texas","B01001_032",775,239
"9196","48375","Potter County, Texas","B01001_033",753,259
"9197","48375","Potter County, Texas","B01001_034",2256,348
"9198","48375","Potter County, Texas","B01001_035",3772,18
"9199","48375","Potter County, Texas","B01001_036",3840,179
"9200","48375","Potter County, Texas","B01001_037",3527,375
"9201","48375","Potter County, Texas","B01001_038",3479,380
"9202","48375","Potter County, Texas","B01001_039",3153,169
"9203","48375","Potter County, Texas","B01001_040",3025,76
"9204","48375","Potter County, Texas","B01001_041",3043,303
"9205","48375","Potter County, Texas","B01001_042",1038,203
"9206","48375","Potter County, Texas","B01001_043",2096,305
"9207","48375","Potter County, Texas","B01001_044",958,203
"9208","48375","Potter County, Texas","B01001_045",1687,254
"9209","48375","Potter County, Texas","B01001_046",2397,290
"9210","48375","Potter County, Texas","B01001_047",1650,268
"9211","48375","Potter County, Texas","B01001_048",923,183
"9212","48375","Potter County, Texas","B01001_049",1537,239
"9213","48377","Presidio County, Texas","B01001_001",5930,NA
"9214","48377","Presidio County, Texas","B01001_002",3188,160
"9215","48377","Presidio County, Texas","B01001_003",310,258
"9216","48377","Presidio County, Texas","B01001_004",479,311
"9217","48377","Presidio County, Texas","B01001_005",0,21
"9218","48377","Presidio County, Texas","B01001_006",195,141
"9219","48377","Presidio County, Texas","B01001_007",64,87
"9220","48377","Presidio County, Texas","B01001_008",63,94
"9221","48377","Presidio County, Texas","B01001_009",41,76
"9222","48377","Presidio County, Texas","B01001_010",110,104
"9223","48377","Presidio County, Texas","B01001_011",64,89
"9224","48377","Presidio County, Texas","B01001_012",196,150
"9225","48377","Presidio County, Texas","B01001_013",33,56
"9226","48377","Presidio County, Texas","B01001_014",399,143
"9227","48377","Presidio County, Texas","B01001_015",127,92
"9228","48377","Presidio County, Texas","B01001_016",232,164
"9229","48377","Presidio County, Texas","B01001_017",182,85
"9230","48377","Presidio County, Texas","B01001_018",28,36
"9231","48377","Presidio County, Texas","B01001_019",147,82
"9232","48377","Presidio County, Texas","B01001_020",34,47
"9233","48377","Presidio County, Texas","B01001_021",136,109
"9234","48377","Presidio County, Texas","B01001_022",153,114
"9235","48377","Presidio County, Texas","B01001_023",69,76
"9236","48377","Presidio County, Texas","B01001_024",31,51
"9237","48377","Presidio County, Texas","B01001_025",95,108
"9238","48377","Presidio County, Texas","B01001_026",2742,160
"9239","48377","Presidio County, Texas","B01001_027",70,28
"9240","48377","Presidio County, Texas","B01001_028",173,96
"9241","48377","Presidio County, Texas","B01001_029",189,83
"9242","48377","Presidio County, Texas","B01001_030",105,109
"9243","48377","Presidio County, Texas","B01001_031",28,53
"9244","48377","Presidio County, Texas","B01001_032",69,76
"9245","48377","Presidio County, Texas","B01001_033",0,21
"9246","48377","Presidio County, Texas","B01001_034",119,64
"9247","48377","Presidio County, Texas","B01001_035",193,125
"9248","48377","Presidio County, Texas","B01001_036",80,69
"9249","48377","Presidio County, Texas","B01001_037",163,125
"9250","48377","Presidio County, Texas","B01001_038",136,120
"9251","48377","Presidio County, Texas","B01001_039",126,94
"9252","48377","Presidio County, Texas","B01001_040",299,166
"9253","48377","Presidio County, Texas","B01001_041",213,80
"9254","48377","Presidio County, Texas","B01001_042",95,66
"9255","48377","Presidio County, Texas","B01001_043",45,45
"9256","48377","Presidio County, Texas","B01001_044",12,20
"9257","48377","Presidio County, Texas","B01001_045",73,69
"9258","48377","Presidio County, Texas","B01001_046",208,118
"9259","48377","Presidio County, Texas","B01001_047",168,93
"9260","48377","Presidio County, Texas","B01001_048",95,85
"9261","48377","Presidio County, Texas","B01001_049",83,94
"9262","48379","Rains County, Texas","B01001_001",12775,NA
"9263","48379","Rains County, Texas","B01001_002",6506,158
"9264","48379","Rains County, Texas","B01001_003",308,49
"9265","48379","Rains County, Texas","B01001_004",319,78
"9266","48379","Rains County, Texas","B01001_005",475,93
"9267","48379","Rains County, Texas","B01001_006",289,94
"9268","48379","Rains County, Texas","B01001_007",122,86
"9269","48379","Rains County, Texas","B01001_008",92,59
"9270","48379","Rains County, Texas","B01001_009",37,41
"9271","48379","Rains County, Texas","B01001_010",135,66
"9272","48379","Rains County, Texas","B01001_011",387,73
"9273","48379","Rains County, Texas","B01001_012",381,79
"9274","48379","Rains County, Texas","B01001_013",388,117
"9275","48379","Rains County, Texas","B01001_014",347,115
"9276","48379","Rains County, Texas","B01001_015",333,36
"9277","48379","Rains County, Texas","B01001_016",359,19
"9278","48379","Rains County, Texas","B01001_017",526,147
"9279","48379","Rains County, Texas","B01001_018",240,103
"9280","48379","Rains County, Texas","B01001_019",263,125
"9281","48379","Rains County, Texas","B01001_020",128,59
"9282","48379","Rains County, Texas","B01001_021",403,118
"9283","48379","Rains County, Texas","B01001_022",375,117
"9284","48379","Rains County, Texas","B01001_023",436,67
"9285","48379","Rains County, Texas","B01001_024",97,56
"9286","48379","Rains County, Texas","B01001_025",66,46
"9287","48379","Rains County, Texas","B01001_026",6269,158
"9288","48379","Rains County, Texas","B01001_027",241,43
"9289","48379","Rains County, Texas","B01001_028",285,70
"9290","48379","Rains County, Texas","B01001_029",311,75
"9291","48379","Rains County, Texas","B01001_030",228,54
"9292","48379","Rains County, Texas","B01001_031",136,60
"9293","48379","Rains County, Texas","B01001_032",27,34
"9294","48379","Rains County, Texas","B01001_033",27,37
"9295","48379","Rains County, Texas","B01001_034",183,77
"9296","48379","Rains County, Texas","B01001_035",312,57
"9297","48379","Rains County, Texas","B01001_036",345,47
"9298","48379","Rains County, Texas","B01001_037",344,113
"9299","48379","Rains County, Texas","B01001_038",443,116
"9300","48379","Rains County, Texas","B01001_039",383,38
"9301","48379","Rains County, Texas","B01001_040",364,16
"9302","48379","Rains County, Texas","B01001_041",425,109
"9303","48379","Rains County, Texas","B01001_042",186,96
"9304","48379","Rains County, Texas","B01001_043",384,104
"9305","48379","Rains County, Texas","B01001_044",331,112
"9306","48379","Rains County, Texas","B01001_045",257,104
"9307","48379","Rains County, Texas","B01001_046",444,137
"9308","48379","Rains County, Texas","B01001_047",233,99
"9309","48379","Rains County, Texas","B01001_048",242,118
"9310","48379","Rains County, Texas","B01001_049",138,76
"9311","48381","Randall County, Texas","B01001_001",146070,NA
"9312","48381","Randall County, Texas","B01001_002",71988,192
"9313","48381","Randall County, Texas","B01001_003",4252,164
"9314","48381","Randall County, Texas","B01001_004",5028,421
"9315","48381","Randall County, Texas","B01001_005",5029,436
"9316","48381","Randall County, Texas","B01001_006",3258,121
"9317","48381","Randall County, Texas","B01001_007",2214,109
"9318","48381","Randall County, Texas","B01001_008",1223,280
"9319","48381","Randall County, Texas","B01001_009",817,232
"9320","48381","Randall County, Texas","B01001_010",2860,322
"9321","48381","Randall County, Texas","B01001_011",4893,156
"9322","48381","Randall County, Texas","B01001_012",5163,144
"9323","48381","Randall County, Texas","B01001_013",5374,457
"9324","48381","Randall County, Texas","B01001_014",5350,485
"9325","48381","Randall County, Texas","B01001_015",4231,127
"9326","48381","Randall County, Texas","B01001_016",3925,52
"9327","48381","Randall County, Texas","B01001_017",3696,418
"9328","48381","Randall County, Texas","B01001_018",1862,411
"9329","48381","Randall County, Texas","B01001_019",2329,374
"9330","48381","Randall County, Texas","B01001_020",1263,276
"9331","48381","Randall County, Texas","B01001_021",1984,316
"9332","48381","Randall County, Texas","B01001_022",3434,406
"9333","48381","Randall County, Texas","B01001_023",2204,224
"9334","48381","Randall County, Texas","B01001_024",916,181
"9335","48381","Randall County, Texas","B01001_025",683,199
"9336","48381","Randall County, Texas","B01001_026",74082,192
"9337","48381","Randall County, Texas","B01001_027",4396,135
"9338","48381","Randall County, Texas","B01001_028",4337,413
"9339","48381","Randall County, Texas","B01001_029",5363,411
"9340","48381","Randall County, Texas","B01001_030",3150,70
"9341","48381","Randall County, Texas","B01001_031",2169,125
"9342","48381","Randall County, Texas","B01001_032",1432,328
"9343","48381","Randall County, Texas","B01001_033",1029,316
"9344","48381","Randall County, Texas","B01001_034",2558,364
"9345","48381","Randall County, Texas","B01001_035",4737,119
"9346","48381","Randall County, Texas","B01001_036",5333,163
"9347","48381","Randall County, Texas","B01001_037",5246,433
"9348","48381","Randall County, Texas","B01001_038",4910,451
"9349","48381","Randall County, Texas","B01001_039",4180,92
"9350","48381","Randall County, Texas","B01001_040",4053,68
"9351","48381","Randall County, Texas","B01001_041",4477,391
"9352","48381","Randall County, Texas","B01001_042",1771,319
"9353","48381","Randall County, Texas","B01001_043",2212,354
"9354","48381","Randall County, Texas","B01001_044",1778,280
"9355","48381","Randall County, Texas","B01001_045",2042,293
"9356","48381","Randall County, Texas","B01001_046",3679,332
"9357","48381","Randall County, Texas","B01001_047",2218,267
"9358","48381","Randall County, Texas","B01001_048",1547,233
"9359","48381","Randall County, Texas","B01001_049",1465,297
"9360","48383","Reagan County, Texas","B01001_001",3232,NA
"9361","48383","Reagan County, Texas","B01001_002",1669,129
"9362","48383","Reagan County, Texas","B01001_003",126,76
"9363","48383","Reagan County, Texas","B01001_004",85,48
"9364","48383","Reagan County, Texas","B01001_005",165,54
"9365","48383","Reagan County, Texas","B01001_006",96,58
"9366","48383","Reagan County, Texas","B01001_007",86,54
"9367","48383","Reagan County, Texas","B01001_008",58,38
"9368","48383","Reagan County, Texas","B01001_009",46,44
"9369","48383","Reagan County, Texas","B01001_010",67,47
"9370","48383","Reagan County, Texas","B01001_011",51,49
"9371","48383","Reagan County, Texas","B01001_012",79,47
"9372","48383","Reagan County, Texas","B01001_013",104,50
"9373","48383","Reagan County, Texas","B01001_014",208,76
"9374","48383","Reagan County, Texas","B01001_015",151,73
"9375","48383","Reagan County, Texas","B01001_016",28,25
"9376","48383","Reagan County, Texas","B01001_017",113,52
"9377","48383","Reagan County, Texas","B01001_018",8,10
"9378","48383","Reagan County, Texas","B01001_019",41,44
"9379","48383","Reagan County, Texas","B01001_020",17,29
"9380","48383","Reagan County, Texas","B01001_021",20,26
"9381","48383","Reagan County, Texas","B01001_022",28,30
"9382","48383","Reagan County, Texas","B01001_023",62,59
"9383","48383","Reagan County, Texas","B01001_024",26,25
"9384","48383","Reagan County, Texas","B01001_025",4,9
"9385","48383","Reagan County, Texas","B01001_026",1563,129
"9386","48383","Reagan County, Texas","B01001_027",214,83
"9387","48383","Reagan County, Texas","B01001_028",126,42
"9388","48383","Reagan County, Texas","B01001_029",138,55
"9389","48383","Reagan County, Texas","B01001_030",135,59
"9390","48383","Reagan County, Texas","B01001_031",21,38
"9391","48383","Reagan County, Texas","B01001_032",0,15
"9392","48383","Reagan County, Texas","B01001_033",0,15
"9393","48383","Reagan County, Texas","B01001_034",15,25
"9394","48383","Reagan County, Texas","B01001_035",186,80
"9395","48383","Reagan County, Texas","B01001_036",140,56
"9396","48383","Reagan County, Texas","B01001_037",44,30
"9397","48383","Reagan County, Texas","B01001_038",106,35
"9398","48383","Reagan County, Texas","B01001_039",116,40
"9399","48383","Reagan County, Texas","B01001_040",42,29
"9400","48383","Reagan County, Texas","B01001_041",85,52
"9401","48383","Reagan County, Texas","B01001_042",13,18
"9402","48383","Reagan County, Texas","B01001_043",7,9
"9403","48383","Reagan County, Texas","B01001_044",42,37
"9404","48383","Reagan County, Texas","B01001_045",0,15
"9405","48383","Reagan County, Texas","B01001_046",43,36
"9406","48383","Reagan County, Texas","B01001_047",13,10
"9407","48383","Reagan County, Texas","B01001_048",77,55
"9408","48383","Reagan County, Texas","B01001_049",0,15
"9409","48385","Real County, Texas","B01001_001",2802,NA
"9410","48385","Real County, Texas","B01001_002",1444,175
"9411","48385","Real County, Texas","B01001_003",73,71
"9412","48385","Real County, Texas","B01001_004",60,60
"9413","48385","Real County, Texas","B01001_005",171,102
"9414","48385","Real County, Texas","B01001_006",134,78
"9415","48385","Real County, Texas","B01001_007",0,15
"9416","48385","Real County, Texas","B01001_008",0,15
"9417","48385","Real County, Texas","B01001_009",0,15
"9418","48385","Real County, Texas","B01001_010",25,42
"9419","48385","Real County, Texas","B01001_011",57,88
"9420","48385","Real County, Texas","B01001_012",50,71
"9421","48385","Real County, Texas","B01001_013",43,45
"9422","48385","Real County, Texas","B01001_014",41,48
"9423","48385","Real County, Texas","B01001_015",39,33
"9424","48385","Real County, Texas","B01001_016",12,22
"9425","48385","Real County, Texas","B01001_017",62,51
"9426","48385","Real County, Texas","B01001_018",87,68
"9427","48385","Real County, Texas","B01001_019",32,32
"9428","48385","Real County, Texas","B01001_020",92,61
"9429","48385","Real County, Texas","B01001_021",123,78
"9430","48385","Real County, Texas","B01001_022",164,99
"9431","48385","Real County, Texas","B01001_023",48,40
"9432","48385","Real County, Texas","B01001_024",56,68
"9433","48385","Real County, Texas","B01001_025",75,64
"9434","48385","Real County, Texas","B01001_026",1358,175
"9435","48385","Real County, Texas","B01001_027",12,21
"9436","48385","Real County, Texas","B01001_028",132,105
"9437","48385","Real County, Texas","B01001_029",63,83
"9438","48385","Real County, Texas","B01001_030",31,27
"9439","48385","Real County, Texas","B01001_031",70,84
"9440","48385","Real County, Texas","B01001_032",0,15
"9441","48385","Real County, Texas","B01001_033",0,15
"9442","48385","Real County, Texas","B01001_034",0,15
"9443","48385","Real County, Texas","B01001_035",7,12
"9444","48385","Real County, Texas","B01001_036",70,85
"9445","48385","Real County, Texas","B01001_037",41,43
"9446","48385","Real County, Texas","B01001_038",19,29
"9447","48385","Real County, Texas","B01001_039",14,21
"9448","48385","Real County, Texas","B01001_040",97,68
"9449","48385","Real County, Texas","B01001_041",134,91
"9450","48385","Real County, Texas","B01001_042",21,32
"9451","48385","Real County, Texas","B01001_043",143,107
"9452","48385","Real County, Texas","B01001_044",16,19
"9453","48385","Real County, Texas","B01001_045",77,52
"9454","48385","Real County, Texas","B01001_046",153,72
"9455","48385","Real County, Texas","B01001_047",74,52
"9456","48385","Real County, Texas","B01001_048",147,110
"9457","48385","Real County, Texas","B01001_049",37,52
"9458","48387","Red River County, Texas","B01001_001",11611,NA
"9459","48387","Red River County, Texas","B01001_002",5818,125
"9460","48387","Red River County, Texas","B01001_003",400,96
"9461","48387","Red River County, Texas","B01001_004",227,73
"9462","48387","Red River County, Texas","B01001_005",436,87
"9463","48387","Red River County, Texas","B01001_006",304,62
"9464","48387","Red River County, Texas","B01001_007",94,16
"9465","48387","Red River County, Texas","B01001_008",66,71
"9466","48387","Red River County, Texas","B01001_009",97,72
"9467","48387","Red River County, Texas","B01001_010",116,47
"9468","48387","Red River County, Texas","B01001_011",239,29
"9469","48387","Red River County, Texas","B01001_012",223,23
"9470","48387","Red River County, Texas","B01001_013",379,96
"9471","48387","Red River County, Texas","B01001_014",344,114
"9472","48387","Red River County, Texas","B01001_015",318,73
"9473","48387","Red River County, Texas","B01001_016",412,134
"9474","48387","Red River County, Texas","B01001_017",388,103
"9475","48387","Red River County, Texas","B01001_018",222,90
"9476","48387","Red River County, Texas","B01001_019",143,54
"9477","48387","Red River County, Texas","B01001_020",180,87
"9478","48387","Red River County, Texas","B01001_021",216,71
"9479","48387","Red River County, Texas","B01001_022",484,99
"9480","48387","Red River County, Texas","B01001_023",261,81
"9481","48387","Red River County, Texas","B01001_024",223,58
"9482","48387","Red River County, Texas","B01001_025",46,36
"9483","48387","Red River County, Texas","B01001_026",5793,125
"9484","48387","Red River County, Texas","B01001_027",305,66
"9485","48387","Red River County, Texas","B01001_028",183,65
"9486","48387","Red River County, Texas","B01001_029",342,85
"9487","48387","Red River County, Texas","B01001_030",161,37
"9488","48387","Red River County, Texas","B01001_031",113,81
"9489","48387","Red River County, Texas","B01001_032",12,17
"9490","48387","Red River County, Texas","B01001_033",90,57
"9491","48387","Red River County, Texas","B01001_034",161,106
"9492","48387","Red River County, Texas","B01001_035",284,56
"9493","48387","Red River County, Texas","B01001_036",297,45
"9494","48387","Red River County, Texas","B01001_037",380,141
"9495","48387","Red River County, Texas","B01001_038",224,78
"9496","48387","Red River County, Texas","B01001_039",322,75
"9497","48387","Red River County, Texas","B01001_040",408,108
"9498","48387","Red River County, Texas","B01001_041",540,115
"9499","48387","Red River County, Texas","B01001_042",186,78
"9500","48387","Red River County, Texas","B01001_043",195,67
"9501","48387","Red River County, Texas","B01001_044",187,69
"9502","48387","Red River County, Texas","B01001_045",246,75
"9503","48387","Red River County, Texas","B01001_046",402,91
"9504","48387","Red River County, Texas","B01001_047",348,95
"9505","48387","Red River County, Texas","B01001_048",289,94
"9506","48387","Red River County, Texas","B01001_049",118,45
"9507","48389","Reeves County, Texas","B01001_001",12664,NA
"9508","48389","Reeves County, Texas","B01001_002",7256,196
"9509","48389","Reeves County, Texas","B01001_003",497,162
"9510","48389","Reeves County, Texas","B01001_004",415,167
"9511","48389","Reeves County, Texas","B01001_005",441,174
"9512","48389","Reeves County, Texas","B01001_006",356,129
"9513","48389","Reeves County, Texas","B01001_007",194,139
"9514","48389","Reeves County, Texas","B01001_008",152,75
"9515","48389","Reeves County, Texas","B01001_009",100,101
"9516","48389","Reeves County, Texas","B01001_010",372,112
"9517","48389","Reeves County, Texas","B01001_011",571,65
"9518","48389","Reeves County, Texas","B01001_012",585,45
"9519","48389","Reeves County, Texas","B01001_013",826,167
"9520","48389","Reeves County, Texas","B01001_014",326,135
"9521","48389","Reeves County, Texas","B01001_015",620,109
"9522","48389","Reeves County, Texas","B01001_016",444,87
"9523","48389","Reeves County, Texas","B01001_017",343,115
"9524","48389","Reeves County, Texas","B01001_018",88,79
"9525","48389","Reeves County, Texas","B01001_019",154,90
"9526","48389","Reeves County, Texas","B01001_020",73,45
"9527","48389","Reeves County, Texas","B01001_021",116,72
"9528","48389","Reeves County, Texas","B01001_022",295,77
"9529","48389","Reeves County, Texas","B01001_023",166,56
"9530","48389","Reeves County, Texas","B01001_024",71,49
"9531","48389","Reeves County, Texas","B01001_025",51,43
"9532","48389","Reeves County, Texas","B01001_026",5408,196
"9533","48389","Reeves County, Texas","B01001_027",379,172
"9534","48389","Reeves County, Texas","B01001_028",395,171
"9535","48389","Reeves County, Texas","B01001_029",540,186
"9536","48389","Reeves County, Texas","B01001_030",253,113
"9537","48389","Reeves County, Texas","B01001_031",175,137
"9538","48389","Reeves County, Texas","B01001_032",162,183
"9539","48389","Reeves County, Texas","B01001_033",136,118
"9540","48389","Reeves County, Texas","B01001_034",230,185
"9541","48389","Reeves County, Texas","B01001_035",210,181
"9542","48389","Reeves County, Texas","B01001_036",323,29
"9543","48389","Reeves County, Texas","B01001_037",425,121
"9544","48389","Reeves County, Texas","B01001_038",243,131
"9545","48389","Reeves County, Texas","B01001_039",260,4
"9546","48389","Reeves County, Texas","B01001_040",308,50
"9547","48389","Reeves County, Texas","B01001_041",265,86
"9548","48389","Reeves County, Texas","B01001_042",102,81
"9549","48389","Reeves County, Texas","B01001_043",179,64
"9550","48389","Reeves County, Texas","B01001_044",80,60
"9551","48389","Reeves County, Texas","B01001_045",132,84
"9552","48389","Reeves County, Texas","B01001_046",202,102
"9553","48389","Reeves County, Texas","B01001_047",101,69
"9554","48389","Reeves County, Texas","B01001_048",120,76
"9555","48389","Reeves County, Texas","B01001_049",188,86
"9556","48391","Refugio County, Texas","B01001_001",6707,NA
"9557","48391","Refugio County, Texas","B01001_002",3292,109
"9558","48391","Refugio County, Texas","B01001_003",111,59
"9559","48391","Refugio County, Texas","B01001_004",229,68
"9560","48391","Refugio County, Texas","B01001_005",208,74
"9561","48391","Refugio County, Texas","B01001_006",165,71
"9562","48391","Refugio County, Texas","B01001_007",85,51
"9563","48391","Refugio County, Texas","B01001_008",26,29
"9564","48391","Refugio County, Texas","B01001_009",79,55
"9565","48391","Refugio County, Texas","B01001_010",73,65
"9566","48391","Refugio County, Texas","B01001_011",238,74
"9567","48391","Refugio County, Texas","B01001_012",335,85
"9568","48391","Refugio County, Texas","B01001_013",35,29
"9569","48391","Refugio County, Texas","B01001_014",215,67
"9570","48391","Refugio County, Texas","B01001_015",176,72
"9571","48391","Refugio County, Texas","B01001_016",172,65
"9572","48391","Refugio County, Texas","B01001_017",167,65
"9573","48391","Refugio County, Texas","B01001_018",37,31
"9574","48391","Refugio County, Texas","B01001_019",240,73
"9575","48391","Refugio County, Texas","B01001_020",87,44
"9576","48391","Refugio County, Texas","B01001_021",174,63
"9577","48391","Refugio County, Texas","B01001_022",151,59
"9578","48391","Refugio County, Texas","B01001_023",149,46
"9579","48391","Refugio County, Texas","B01001_024",75,34
"9580","48391","Refugio County, Texas","B01001_025",65,30
"9581","48391","Refugio County, Texas","B01001_026",3415,109
"9582","48391","Refugio County, Texas","B01001_027",206,52
"9583","48391","Refugio County, Texas","B01001_028",216,46
"9584","48391","Refugio County, Texas","B01001_029",232,86
"9585","48391","Refugio County, Texas","B01001_030",90,47
"9586","48391","Refugio County, Texas","B01001_031",13,13
"9587","48391","Refugio County, Texas","B01001_032",30,36
"9588","48391","Refugio County, Texas","B01001_033",53,66
"9589","48391","Refugio County, Texas","B01001_034",46,41
"9590","48391","Refugio County, Texas","B01001_035",301,86
"9591","48391","Refugio County, Texas","B01001_036",246,87
"9592","48391","Refugio County, Texas","B01001_037",139,67
"9593","48391","Refugio County, Texas","B01001_038",146,76
"9594","48391","Refugio County, Texas","B01001_039",214,81
"9595","48391","Refugio County, Texas","B01001_040",202,55
"9596","48391","Refugio County, Texas","B01001_041",233,58
"9597","48391","Refugio County, Texas","B01001_042",117,53
"9598","48391","Refugio County, Texas","B01001_043",121,50
"9599","48391","Refugio County, Texas","B01001_044",75,45
"9600","48391","Refugio County, Texas","B01001_045",178,54
"9601","48391","Refugio County, Texas","B01001_046",204,52
"9602","48391","Refugio County, Texas","B01001_047",145,50
"9603","48391","Refugio County, Texas","B01001_048",115,45
"9604","48391","Refugio County, Texas","B01001_049",93,50
"9605","48393","Roberts County, Texas","B01001_001",832,126
"9606","48393","Roberts County, Texas","B01001_002",411,64
"9607","48393","Roberts County, Texas","B01001_003",10,15
"9608","48393","Roberts County, Texas","B01001_004",60,19
"9609","48393","Roberts County, Texas","B01001_005",44,21
"9610","48393","Roberts County, Texas","B01001_006",0,15
"9611","48393","Roberts County, Texas","B01001_007",6,8
"9612","48393","Roberts County, Texas","B01001_008",0,15
"9613","48393","Roberts County, Texas","B01001_009",13,17
"9614","48393","Roberts County, Texas","B01001_010",6,9
"9615","48393","Roberts County, Texas","B01001_011",3,5
"9616","48393","Roberts County, Texas","B01001_012",8,7
"9617","48393","Roberts County, Texas","B01001_013",44,25
"9618","48393","Roberts County, Texas","B01001_014",51,22
"9619","48393","Roberts County, Texas","B01001_015",18,13
"9620","48393","Roberts County, Texas","B01001_016",25,12
"9621","48393","Roberts County, Texas","B01001_017",27,15
"9622","48393","Roberts County, Texas","B01001_018",20,17
"9623","48393","Roberts County, Texas","B01001_019",9,10
"9624","48393","Roberts County, Texas","B01001_020",9,10
"9625","48393","Roberts County, Texas","B01001_021",19,15
"9626","48393","Roberts County, Texas","B01001_022",26,13
"9627","48393","Roberts County, Texas","B01001_023",7,6
"9628","48393","Roberts County, Texas","B01001_024",0,15
"9629","48393","Roberts County, Texas","B01001_025",6,7
"9630","48393","Roberts County, Texas","B01001_026",421,92
"9631","48393","Roberts County, Texas","B01001_027",26,30
"9632","48393","Roberts County, Texas","B01001_028",53,25
"9633","48393","Roberts County, Texas","B01001_029",23,15
"9634","48393","Roberts County, Texas","B01001_030",10,12
"9635","48393","Roberts County, Texas","B01001_031",30,31
"9636","48393","Roberts County, Texas","B01001_032",0,15
"9637","48393","Roberts County, Texas","B01001_033",0,15
"9638","48393","Roberts County, Texas","B01001_034",0,15
"9639","48393","Roberts County, Texas","B01001_035",13,20
"9640","48393","Roberts County, Texas","B01001_036",22,15
"9641","48393","Roberts County, Texas","B01001_037",44,37
"9642","48393","Roberts County, Texas","B01001_038",55,25
"9643","48393","Roberts County, Texas","B01001_039",3,4
"9644","48393","Roberts County, Texas","B01001_040",19,12
"9645","48393","Roberts County, Texas","B01001_041",20,21
"9646","48393","Roberts County, Texas","B01001_042",7,7
"9647","48393","Roberts County, Texas","B01001_043",15,11
"9648","48393","Roberts County, Texas","B01001_044",12,10
"9649","48393","Roberts County, Texas","B01001_045",8,5
"9650","48393","Roberts County, Texas","B01001_046",33,20
"9651","48393","Roberts County, Texas","B01001_047",2,5
"9652","48393","Roberts County, Texas","B01001_048",12,15
"9653","48393","Roberts County, Texas","B01001_049",14,20
"9654","48395","Robertson County, Texas","B01001_001",17167,NA
"9655","48395","Robertson County, Texas","B01001_002",8478,122
"9656","48395","Robertson County, Texas","B01001_003",528,97
"9657","48395","Robertson County, Texas","B01001_004",484,136
"9658","48395","Robertson County, Texas","B01001_005",745,134
"9659","48395","Robertson County, Texas","B01001_006",424,57
"9660","48395","Robertson County, Texas","B01001_007",134,60
"9661","48395","Robertson County, Texas","B01001_008",81,74
"9662","48395","Robertson County, Texas","B01001_009",57,65
"9663","48395","Robertson County, Texas","B01001_010",393,102
"9664","48395","Robertson County, Texas","B01001_011",426,86
"9665","48395","Robertson County, Texas","B01001_012",478,149
"9666","48395","Robertson County, Texas","B01001_013",459,119
"9667","48395","Robertson County, Texas","B01001_014",467,164
"9668","48395","Robertson County, Texas","B01001_015",488,142
"9669","48395","Robertson County, Texas","B01001_016",525,115
"9670","48395","Robertson County, Texas","B01001_017",511,144
"9671","48395","Robertson County, Texas","B01001_018",203,88
"9672","48395","Robertson County, Texas","B01001_019",488,137
"9673","48395","Robertson County, Texas","B01001_020",270,99
"9674","48395","Robertson County, Texas","B01001_021",359,108
"9675","48395","Robertson County, Texas","B01001_022",354,92
"9676","48395","Robertson County, Texas","B01001_023",238,89
"9677","48395","Robertson County, Texas","B01001_024",146,59
"9678","48395","Robertson County, Texas","B01001_025",220,107
"9679","48395","Robertson County, Texas","B01001_026",8689,122
"9680","48395","Robertson County, Texas","B01001_027",541,97
"9681","48395","Robertson County, Texas","B01001_028",511,135
"9682","48395","Robertson County, Texas","B01001_029",605,136
"9683","48395","Robertson County, Texas","B01001_030",276,58
"9684","48395","Robertson County, Texas","B01001_031",210,92
"9685","48395","Robertson County, Texas","B01001_032",60,62
"9686","48395","Robertson County, Texas","B01001_033",54,54
"9687","48395","Robertson County, Texas","B01001_034",239,96
"9688","48395","Robertson County, Texas","B01001_035",490,102
"9689","48395","Robertson County, Texas","B01001_036",472,118
"9690","48395","Robertson County, Texas","B01001_037",562,145
"9691","48395","Robertson County, Texas","B01001_038",495,136
"9692","48395","Robertson County, Texas","B01001_039",526,116
"9693","48395","Robertson County, Texas","B01001_040",592,139
"9694","48395","Robertson County, Texas","B01001_041",480,102
"9695","48395","Robertson County, Texas","B01001_042",219,77
"9696","48395","Robertson County, Texas","B01001_043",368,107
"9697","48395","Robertson County, Texas","B01001_044",374,125
"9698","48395","Robertson County, Texas","B01001_045",433,122
"9699","48395","Robertson County, Texas","B01001_046",333,99
"9700","48395","Robertson County, Texas","B01001_047",318,102
"9701","48395","Robertson County, Texas","B01001_048",194,70
"9702","48395","Robertson County, Texas","B01001_049",337,88
"9703","48397","Rockwall County, Texas","B01001_001",123617,NA
"9704","48397","Rockwall County, Texas","B01001_002",61556,142
"9705","48397","Rockwall County, Texas","B01001_003",3730,81
"9706","48397","Rockwall County, Texas","B01001_004",4999,365
"9707","48397","Rockwall County, Texas","B01001_005",4759,365
"9708","48397","Rockwall County, Texas","B01001_006",3289,140
"9709","48397","Rockwall County, Texas","B01001_007",1502,106
"9710","48397","Rockwall County, Texas","B01001_008",917,314
"9711","48397","Rockwall County, Texas","B01001_009",536,281
"9712","48397","Rockwall County, Texas","B01001_010",2188,411
"9713","48397","Rockwall County, Texas","B01001_011",3485,210
"9714","48397","Rockwall County, Texas","B01001_012",3798,38
"9715","48397","Rockwall County, Texas","B01001_013",4687,483
"9716","48397","Rockwall County, Texas","B01001_014",4790,531
"9717","48397","Rockwall County, Texas","B01001_015",4291,117
"9718","48397","Rockwall County, Texas","B01001_016",4266,110
"9719","48397","Rockwall County, Texas","B01001_017",3910,371
"9720","48397","Rockwall County, Texas","B01001_018",1677,274
"9721","48397","Rockwall County, Texas","B01001_019",1718,298
"9722","48397","Rockwall County, Texas","B01001_020",1157,308
"9723","48397","Rockwall County, Texas","B01001_021",1241,195
"9724","48397","Rockwall County, Texas","B01001_022",2085,313
"9725","48397","Rockwall County, Texas","B01001_023",1354,187
"9726","48397","Rockwall County, Texas","B01001_024",557,141
"9727","48397","Rockwall County, Texas","B01001_025",620,179
"9728","48397","Rockwall County, Texas","B01001_026",62061,142
"9729","48397","Rockwall County, Texas","B01001_027",3674,79
"9730","48397","Rockwall County, Texas","B01001_028",4151,400
"9731","48397","Rockwall County, Texas","B01001_029",5089,400
"9732","48397","Rockwall County, Texas","B01001_030",3064,135
"9733","48397","Rockwall County, Texas","B01001_031",1342,65
"9734","48397","Rockwall County, Texas","B01001_032",981,281
"9735","48397","Rockwall County, Texas","B01001_033",674,243
"9736","48397","Rockwall County, Texas","B01001_034",1754,286
"9737","48397","Rockwall County, Texas","B01001_035",3371,189
"9738","48397","Rockwall County, Texas","B01001_036",4089,30
"9739","48397","Rockwall County, Texas","B01001_037",4511,469
"9740","48397","Rockwall County, Texas","B01001_038",4973,465
"9741","48397","Rockwall County, Texas","B01001_039",4373,14
"9742","48397","Rockwall County, Texas","B01001_040",4173,23
"9743","48397","Rockwall County, Texas","B01001_041",3657,429
"9744","48397","Rockwall County, Texas","B01001_042",1402,300
"9745","48397","Rockwall County, Texas","B01001_043",2184,311
"9746","48397","Rockwall County, Texas","B01001_044",1072,237
"9747","48397","Rockwall County, Texas","B01001_045",1856,295
"9748","48397","Rockwall County, Texas","B01001_046",2206,288
"9749","48397","Rockwall County, Texas","B01001_047",1676,257
"9750","48397","Rockwall County, Texas","B01001_048",1027,204
"9751","48397","Rockwall County, Texas","B01001_049",762,220
"9752","48399","Runnels County, Texas","B01001_001",9874,NA
"9753","48399","Runnels County, Texas","B01001_002",5011,121
"9754","48399","Runnels County, Texas","B01001_003",280,70
"9755","48399","Runnels County, Texas","B01001_004",324,113
"9756","48399","Runnels County, Texas","B01001_005",365,105
"9757","48399","Runnels County, Texas","B01001_006",188,95
"9758","48399","Runnels County, Texas","B01001_007",52,46
"9759","48399","Runnels County, Texas","B01001_008",122,68
"9760","48399","Runnels County, Texas","B01001_009",126,74
"9761","48399","Runnels County, Texas","B01001_010",95,48
"9762","48399","Runnels County, Texas","B01001_011",252,9
"9763","48399","Runnels County, Texas","B01001_012",293,84
"9764","48399","Runnels County, Texas","B01001_013",304,112
"9765","48399","Runnels County, Texas","B01001_014",364,101
"9766","48399","Runnels County, Texas","B01001_015",239,55
"9767","48399","Runnels County, Texas","B01001_016",339,85
"9768","48399","Runnels County, Texas","B01001_017",254,77
"9769","48399","Runnels County, Texas","B01001_018",119,54
"9770","48399","Runnels County, Texas","B01001_019",268,78
"9771","48399","Runnels County, Texas","B01001_020",152,69
"9772","48399","Runnels County, Texas","B01001_021",186,57
"9773","48399","Runnels County, Texas","B01001_022",263,61
"9774","48399","Runnels County, Texas","B01001_023",176,55
"9775","48399","Runnels County, Texas","B01001_024",115,53
"9776","48399","Runnels County, Texas","B01001_025",135,74
"9777","48399","Runnels County, Texas","B01001_026",4863,121
"9778","48399","Runnels County, Texas","B01001_027",284,70
"9779","48399","Runnels County, Texas","B01001_028",275,72
"9780","48399","Runnels County, Texas","B01001_029",333,71
"9781","48399","Runnels County, Texas","B01001_030",268,94
"9782","48399","Runnels County, Texas","B01001_031",185,80
"9783","48399","Runnels County, Texas","B01001_032",5,8
"9784","48399","Runnels County, Texas","B01001_033",42,42
"9785","48399","Runnels County, Texas","B01001_034",99,56
"9786","48399","Runnels County, Texas","B01001_035",245,55
"9787","48399","Runnels County, Texas","B01001_036",306,74
"9788","48399","Runnels County, Texas","B01001_037",300,112
"9789","48399","Runnels County, Texas","B01001_038",266,80
"9790","48399","Runnels County, Texas","B01001_039",299,47
"9791","48399","Runnels County, Texas","B01001_040",265,48
"9792","48399","Runnels County, Texas","B01001_041",314,58
"9793","48399","Runnels County, Texas","B01001_042",151,73
"9794","48399","Runnels County, Texas","B01001_043",140,61
"9795","48399","Runnels County, Texas","B01001_044",189,70
"9796","48399","Runnels County, Texas","B01001_045",192,79
"9797","48399","Runnels County, Texas","B01001_046",195,55
"9798","48399","Runnels County, Texas","B01001_047",209,51
"9799","48399","Runnels County, Texas","B01001_048",151,55
"9800","48399","Runnels County, Texas","B01001_049",150,60
"9801","48401","Rusk County, Texas","B01001_001",52842,NA
"9802","48401","Rusk County, Texas","B01001_002",27957,117
"9803","48401","Rusk County, Texas","B01001_003",1501,104
"9804","48401","Rusk County, Texas","B01001_004",1388,232
"9805","48401","Rusk County, Texas","B01001_005",2069,233
"9806","48401","Rusk County, Texas","B01001_006",1126,29
"9807","48401","Rusk County, Texas","B01001_007",572,120
"9808","48401","Rusk County, Texas","B01001_008",476,168
"9809","48401","Rusk County, Texas","B01001_009",322,135
"9810","48401","Rusk County, Texas","B01001_010",1307,203
"9811","48401","Rusk County, Texas","B01001_011",2050,174
"9812","48401","Rusk County, Texas","B01001_012",1917,30
"9813","48401","Rusk County, Texas","B01001_013",1981,268
"9814","48401","Rusk County, Texas","B01001_014",2058,266
"9815","48401","Rusk County, Texas","B01001_015",1752,86
"9816","48401","Rusk County, Texas","B01001_016",1753,40
"9817","48401","Rusk County, Texas","B01001_017",1661,196
"9818","48401","Rusk County, Texas","B01001_018",596,151
"9819","48401","Rusk County, Texas","B01001_019",1093,231
"9820","48401","Rusk County, Texas","B01001_020",657,144
"9821","48401","Rusk County, Texas","B01001_021",893,177
"9822","48401","Rusk County, Texas","B01001_022",1192,198
"9823","48401","Rusk County, Texas","B01001_023",701,149
"9824","48401","Rusk County, Texas","B01001_024",388,102
"9825","48401","Rusk County, Texas","B01001_025",504,139
"9826","48401","Rusk County, Texas","B01001_026",24885,117
"9827","48401","Rusk County, Texas","B01001_027",1364,111
"9828","48401","Rusk County, Texas","B01001_028",1588,275
"9829","48401","Rusk County, Texas","B01001_029",1791,275
"9830","48401","Rusk County, Texas","B01001_030",1103,31
"9831","48401","Rusk County, Texas","B01001_031",592,105
"9832","48401","Rusk County, Texas","B01001_032",351,119
"9833","48401","Rusk County, Texas","B01001_033",243,95
"9834","48401","Rusk County, Texas","B01001_034",673,139
"9835","48401","Rusk County, Texas","B01001_035",1480,132
"9836","48401","Rusk County, Texas","B01001_036",1518,26
"9837","48401","Rusk County, Texas","B01001_037",1719,231
"9838","48401","Rusk County, Texas","B01001_038",1394,229
"9839","48401","Rusk County, Texas","B01001_039",1499,36
"9840","48401","Rusk County, Texas","B01001_040",1452,7
"9841","48401","Rusk County, Texas","B01001_041",1412,186
"9842","48401","Rusk County, Texas","B01001_042",719,165
"9843","48401","Rusk County, Texas","B01001_043",1097,186
"9844","48401","Rusk County, Texas","B01001_044",813,160
"9845","48401","Rusk County, Texas","B01001_045",773,168
"9846","48401","Rusk County, Texas","B01001_046",1295,198
"9847","48401","Rusk County, Texas","B01001_047",821,150
"9848","48401","Rusk County, Texas","B01001_048",577,127
"9849","48401","Rusk County, Texas","B01001_049",611,124
"9850","48403","Sabine County, Texas","B01001_001",10023,NA
"9851","48403","Sabine County, Texas","B01001_002",5020,131
"9852","48403","Sabine County, Texas","B01001_003",218,148
"9853","48403","Sabine County, Texas","B01001_004",300,89
"9854","48403","Sabine County, Texas","B01001_005",194,89
"9855","48403","Sabine County, Texas","B01001_006",151,48
"9856","48403","Sabine County, Texas","B01001_007",68,71
"9857","48403","Sabine County, Texas","B01001_008",1,4
"9858","48403","Sabine County, Texas","B01001_009",13,25
"9859","48403","Sabine County, Texas","B01001_010",100,80
"9860","48403","Sabine County, Texas","B01001_011",279,91
"9861","48403","Sabine County, Texas","B01001_012",180,23
"9862","48403","Sabine County, Texas","B01001_013",312,122
"9863","48403","Sabine County, Texas","B01001_014",104,78
"9864","48403","Sabine County, Texas","B01001_015",359,108
"9865","48403","Sabine County, Texas","B01001_016",258,25
"9866","48403","Sabine County, Texas","B01001_017",382,140
"9867","48403","Sabine County, Texas","B01001_018",141,78
"9868","48403","Sabine County, Texas","B01001_019",412,127
"9869","48403","Sabine County, Texas","B01001_020",98,56
"9870","48403","Sabine County, Texas","B01001_021",416,116
"9871","48403","Sabine County, Texas","B01001_022",381,100
"9872","48403","Sabine County, Texas","B01001_023",213,91
"9873","48403","Sabine County, Texas","B01001_024",224,98
"9874","48403","Sabine County, Texas","B01001_025",216,119
"9875","48403","Sabine County, Texas","B01001_026",5003,131
"9876","48403","Sabine County, Texas","B01001_027",321,59
"9877","48403","Sabine County, Texas","B01001_028",320,104
"9878","48403","Sabine County, Texas","B01001_029",162,90
"9879","48403","Sabine County, Texas","B01001_030",118,48
"9880","48403","Sabine County, Texas","B01001_031",35,37
"9881","48403","Sabine County, Texas","B01001_032",2,5
"9882","48403","Sabine County, Texas","B01001_033",29,45
"9883","48403","Sabine County, Texas","B01001_034",185,72
"9884","48403","Sabine County, Texas","B01001_035",192,27
"9885","48403","Sabine County, Texas","B01001_036",173,100
"9886","48403","Sabine County, Texas","B01001_037",159,102
"9887","48403","Sabine County, Texas","B01001_038",338,107
"9888","48403","Sabine County, Texas","B01001_039",288,105
"9889","48403","Sabine County, Texas","B01001_040",304,56
"9890","48403","Sabine County, Texas","B01001_041",352,95
"9891","48403","Sabine County, Texas","B01001_042",183,103
"9892","48403","Sabine County, Texas","B01001_043",329,108
"9893","48403","Sabine County, Texas","B01001_044",272,123
"9894","48403","Sabine County, Texas","B01001_045",352,106
"9895","48403","Sabine County, Texas","B01001_046",243,98
"9896","48403","Sabine County, Texas","B01001_047",209,69
"9897","48403","Sabine County, Texas","B01001_048",241,89
"9898","48403","Sabine County, Texas","B01001_049",196,76
"9899","48405","San Augustine County, Texas","B01001_001",7874,NA
"9900","48405","San Augustine County, Texas","B01001_002",3781,140
"9901","48405","San Augustine County, Texas","B01001_003",132,90
"9902","48405","San Augustine County, Texas","B01001_004",258,86
"9903","48405","San Augustine County, Texas","B01001_005",208,68
"9904","48405","San Augustine County, Texas","B01001_006",105,79
"9905","48405","San Augustine County, Texas","B01001_007",81,71
"9906","48405","San Augustine County, Texas","B01001_008",0,21
"9907","48405","San Augustine County, Texas","B01001_009",64,61
"9908","48405","San Augustine County, Texas","B01001_010",156,120
"9909","48405","San Augustine County, Texas","B01001_011",163,69
"9910","48405","San Augustine County, Texas","B01001_012",128,21
"9911","48405","San Augustine County, Texas","B01001_013",154,91
"9912","48405","San Augustine County, Texas","B01001_014",198,101
"9913","48405","San Augustine County, Texas","B01001_015",193,100
"9914","48405","San Augustine County, Texas","B01001_016",292,84
"9915","48405","San Augustine County, Texas","B01001_017",303,91
"9916","48405","San Augustine County, Texas","B01001_018",132,67
"9917","48405","San Augustine County, Texas","B01001_019",202,86
"9918","48405","San Augustine County, Texas","B01001_020",54,39
"9919","48405","San Augustine County, Texas","B01001_021",228,99
"9920","48405","San Augustine County, Texas","B01001_022",344,113
"9921","48405","San Augustine County, Texas","B01001_023",248,58
"9922","48405","San Augustine County, Texas","B01001_024",42,36
"9923","48405","San Augustine County, Texas","B01001_025",96,59
"9924","48405","San Augustine County, Texas","B01001_026",4093,140
"9925","48405","San Augustine County, Texas","B01001_027",255,82
"9926","48405","San Augustine County, Texas","B01001_028",196,68
"9927","48405","San Augustine County, Texas","B01001_029",231,111
"9928","48405","San Augustine County, Texas","B01001_030",188,94
"9929","48405","San Augustine County, Texas","B01001_031",73,57
"9930","48405","San Augustine County, Texas","B01001_032",0,21
"9931","48405","San Augustine County, Texas","B01001_033",28,27
"9932","48405","San Augustine County, Texas","B01001_034",140,62
"9933","48405","San Augustine County, Texas","B01001_035",115,56
"9934","48405","San Augustine County, Texas","B01001_036",191,51
"9935","48405","San Augustine County, Texas","B01001_037",280,118
"9936","48405","San Augustine County, Texas","B01001_038",145,91
"9937","48405","San Augustine County, Texas","B01001_039",211,92
"9938","48405","San Augustine County, Texas","B01001_040",320,71
"9939","48405","San Augustine County, Texas","B01001_041",415,91
"9940","48405","San Augustine County, Texas","B01001_042",71,44
"9941","48405","San Augustine County, Texas","B01001_043",135,67
"9942","48405","San Augustine County, Texas","B01001_044",106,58
"9943","48405","San Augustine County, Texas","B01001_045",169,74
"9944","48405","San Augustine County, Texas","B01001_046",278,93
"9945","48405","San Augustine County, Texas","B01001_047",170,79
"9946","48405","San Augustine County, Texas","B01001_048",156,68
"9947","48405","San Augustine County, Texas","B01001_049",220,108
"9948","48407","San Jacinto County, Texas","B01001_001",28441,NA
"9949","48407","San Jacinto County, Texas","B01001_002",14343,109
"9950","48407","San Jacinto County, Texas","B01001_003",906,81
"9951","48407","San Jacinto County, Texas","B01001_004",946,145
"9952","48407","San Jacinto County, Texas","B01001_005",862,156
"9953","48407","San Jacinto County, Texas","B01001_006",534,89
"9954","48407","San Jacinto County, Texas","B01001_007",178,122
"9955","48407","San Jacinto County, Texas","B01001_008",367,157
"9956","48407","San Jacinto County, Texas","B01001_009",297,150
"9957","48407","San Jacinto County, Texas","B01001_010",391,178
"9958","48407","San Jacinto County, Texas","B01001_011",633,73
"9959","48407","San Jacinto County, Texas","B01001_012",749,63
"9960","48407","San Jacinto County, Texas","B01001_013",671,194
"9961","48407","San Jacinto County, Texas","B01001_014",870,193
"9962","48407","San Jacinto County, Texas","B01001_015",797,104
"9963","48407","San Jacinto County, Texas","B01001_016",821,90
"9964","48407","San Jacinto County, Texas","B01001_017",845,223
"9965","48407","San Jacinto County, Texas","B01001_018",644,204
"9966","48407","San Jacinto County, Texas","B01001_019",822,193
"9967","48407","San Jacinto County, Texas","B01001_020",584,216
"9968","48407","San Jacinto County, Texas","B01001_021",472,167
"9969","48407","San Jacinto County, Texas","B01001_022",788,182
"9970","48407","San Jacinto County, Texas","B01001_023",400,104
"9971","48407","San Jacinto County, Texas","B01001_024",437,135
"9972","48407","San Jacinto County, Texas","B01001_025",329,132
"9973","48407","San Jacinto County, Texas","B01001_026",14098,109
"9974","48407","San Jacinto County, Texas","B01001_027",557,92
"9975","48407","San Jacinto County, Texas","B01001_028",1064,182
"9976","48407","San Jacinto County, Texas","B01001_029",697,178
"9977","48407","San Jacinto County, Texas","B01001_030",554,83
"9978","48407","San Jacinto County, Texas","B01001_031",261,180
"9979","48407","San Jacinto County, Texas","B01001_032",236,114
"9980","48407","San Jacinto County, Texas","B01001_033",49,44
"9981","48407","San Jacinto County, Texas","B01001_034",507,195
"9982","48407","San Jacinto County, Texas","B01001_035",716,101
"9983","48407","San Jacinto County, Texas","B01001_036",825,74
"9984","48407","San Jacinto County, Texas","B01001_037",552,177
"9985","48407","San Jacinto County, Texas","B01001_038",993,174
"9986","48407","San Jacinto County, Texas","B01001_039",946,88
"9987","48407","San Jacinto County, Texas","B01001_040",769,87
"9988","48407","San Jacinto County, Texas","B01001_041",1378,222
"9989","48407","San Jacinto County, Texas","B01001_042",342,177
"9990","48407","San Jacinto County, Texas","B01001_043",532,131
"9991","48407","San Jacinto County, Texas","B01001_044",234,99
"9992","48407","San Jacinto County, Texas","B01001_045",645,209
"9993","48407","San Jacinto County, Texas","B01001_046",1012,240
"9994","48407","San Jacinto County, Texas","B01001_047",693,142
"9995","48407","San Jacinto County, Texas","B01001_048",320,140
"9996","48407","San Jacinto County, Texas","B01001_049",216,104
"9997","48409","San Patricio County, Texas","B01001_001",70181,NA
"9998","48409","San Patricio County, Texas","B01001_002",35636,161
"9999","48409","San Patricio County, Texas","B01001_003",2383,194
"10000","48409","San Patricio County, Texas","B01001_004",2514,338
"10001","48409","San Patricio County, Texas","B01001_005",2817,338
"10002","48409","San Patricio County, Texas","B01001_006",1690,107
"10003","48409","San Patricio County, Texas","B01001_007",937,34
"10004","48409","San Patricio County, Texas","B01001_008",695,199
"10005","48409","San Patricio County, Texas","B01001_009",367,203
"10006","48409","San Patricio County, Texas","B01001_010",1174,274
"10007","48409","San Patricio County, Texas","B01001_011",2325,53
"10008","48409","San Patricio County, Texas","B01001_012",2434,52
"10009","48409","San Patricio County, Texas","B01001_013",2336,326
"10010","48409","San Patricio County, Texas","B01001_014",2780,309
"10011","48409","San Patricio County, Texas","B01001_015",2148,68
"10012","48409","San Patricio County, Texas","B01001_016",1957,28
"10013","48409","San Patricio County, Texas","B01001_017",1823,210
"10014","48409","San Patricio County, Texas","B01001_018",947,196
"10015","48409","San Patricio County, Texas","B01001_019",1246,256
"10016","48409","San Patricio County, Texas","B01001_020",760,173
"10017","48409","San Patricio County, Texas","B01001_021",1025,193
"10018","48409","San Patricio County, Texas","B01001_022",1338,212
"10019","48409","San Patricio County, Texas","B01001_023",969,129
"10020","48409","San Patricio County, Texas","B01001_024",493,133
"10021","48409","San Patricio County, Texas","B01001_025",478,135
"10022","48409","San Patricio County, Texas","B01001_026",34545,161
"10023","48409","San Patricio County, Texas","B01001_027",2241,39
"10024","48409","San Patricio County, Texas","B01001_028",2263,288
"10025","48409","San Patricio County, Texas","B01001_029",2573,288
"10026","48409","San Patricio County, Texas","B01001_030",1555,99
"10027","48409","San Patricio County, Texas","B01001_031",888,174
"10028","48409","San Patricio County, Texas","B01001_032",255,139
"10029","48409","San Patricio County, Texas","B01001_033",554,255
"10030","48409","San Patricio County, Texas","B01001_034",1189,228
"10031","48409","San Patricio County, Texas","B01001_035",2056,31
"10032","48409","San Patricio County, Texas","B01001_036",2256,31
"10033","48409","San Patricio County, Texas","B01001_037",1993,284
"10034","48409","San Patricio County, Texas","B01001_038",2655,297
"10035","48409","San Patricio County, Texas","B01001_039",1972,51
"10036","48409","San Patricio County, Texas","B01001_040",2177,120
"10037","48409","San Patricio County, Texas","B01001_041",1913,237
"10038","48409","San Patricio County, Texas","B01001_042",667,208
"10039","48409","San Patricio County, Texas","B01001_043",1564,221
"10040","48409","San Patricio County, Texas","B01001_044",584,131
"10041","48409","San Patricio County, Texas","B01001_045",1179,191
"10042","48409","San Patricio County, Texas","B01001_046",1412,190
"10043","48409","San Patricio County, Texas","B01001_047",1065,215
"10044","48409","San Patricio County, Texas","B01001_048",883,231
"10045","48409","San Patricio County, Texas","B01001_049",651,166
"10046","48411","San Saba County, Texas","B01001_001",5696,NA
"10047","48411","San Saba County, Texas","B01001_002",2994,97
"10048","48411","San Saba County, Texas","B01001_003",128,26
"10049","48411","San Saba County, Texas","B01001_004",148,51
"10050","48411","San Saba County, Texas","B01001_005",156,51
"10051","48411","San Saba County, Texas","B01001_006",74,32
"10052","48411","San Saba County, Texas","B01001_007",51,38
"10053","48411","San Saba County, Texas","B01001_008",38,44
"10054","48411","San Saba County, Texas","B01001_009",41,49
"10055","48411","San Saba County, Texas","B01001_010",183,77
"10056","48411","San Saba County, Texas","B01001_011",328,85
"10057","48411","San Saba County, Texas","B01001_012",105,50
"10058","48411","San Saba County, Texas","B01001_013",227,81
"10059","48411","San Saba County, Texas","B01001_014",223,78
"10060","48411","San Saba County, Texas","B01001_015",133,42
"10061","48411","San Saba County, Texas","B01001_016",147,28
"10062","48411","San Saba County, Texas","B01001_017",153,60
"10063","48411","San Saba County, Texas","B01001_018",88,38
"10064","48411","San Saba County, Texas","B01001_019",125,35
"10065","48411","San Saba County, Texas","B01001_020",98,43
"10066","48411","San Saba County, Texas","B01001_021",120,55
"10067","48411","San Saba County, Texas","B01001_022",148,44
"10068","48411","San Saba County, Texas","B01001_023",151,44
"10069","48411","San Saba County, Texas","B01001_024",77,44
"10070","48411","San Saba County, Texas","B01001_025",52,35
"10071","48411","San Saba County, Texas","B01001_026",2702,97
"10072","48411","San Saba County, Texas","B01001_027",129,26
"10073","48411","San Saba County, Texas","B01001_028",174,64
"10074","48411","San Saba County, Texas","B01001_029",118,57
"10075","48411","San Saba County, Texas","B01001_030",163,62
"10076","48411","San Saba County, Texas","B01001_031",130,67
"10077","48411","San Saba County, Texas","B01001_032",14,18
"10078","48411","San Saba County, Texas","B01001_033",0,21
"10079","48411","San Saba County, Texas","B01001_034",25,24
"10080","48411","San Saba County, Texas","B01001_035",199,89
"10081","48411","San Saba County, Texas","B01001_036",211,80
"10082","48411","San Saba County, Texas","B01001_037",143,46
"10083","48411","San Saba County, Texas","B01001_038",141,72
"10084","48411","San Saba County, Texas","B01001_039",107,18
"10085","48411","San Saba County, Texas","B01001_040",127,18
"10086","48411","San Saba County, Texas","B01001_041",145,55
"10087","48411","San Saba County, Texas","B01001_042",123,58
"10088","48411","San Saba County, Texas","B01001_043",116,58
"10089","48411","San Saba County, Texas","B01001_044",51,32
"10090","48411","San Saba County, Texas","B01001_045",186,43
"10091","48411","San Saba County, Texas","B01001_046",122,41
"10092","48411","San Saba County, Texas","B01001_047",130,47
"10093","48411","San Saba County, Texas","B01001_048",54,35
"10094","48411","San Saba County, Texas","B01001_049",94,40
"10095","48413","Schleicher County, Texas","B01001_001",2381,NA
"10096","48413","Schleicher County, Texas","B01001_002",1114,58
"10097","48413","Schleicher County, Texas","B01001_003",63,33
"10098","48413","Schleicher County, Texas","B01001_004",22,21
"10099","48413","Schleicher County, Texas","B01001_005",56,30
"10100","48413","Schleicher County, Texas","B01001_006",49,25
"10101","48413","Schleicher County, Texas","B01001_007",18,21
"10102","48413","Schleicher County, Texas","B01001_008",7,12
"10103","48413","Schleicher County, Texas","B01001_009",1,6
"10104","48413","Schleicher County, Texas","B01001_010",30,25
"10105","48413","Schleicher County, Texas","B01001_011",82,55
"10106","48413","Schleicher County, Texas","B01001_012",58,34
"10107","48413","Schleicher County, Texas","B01001_013",132,52
"10108","48413","Schleicher County, Texas","B01001_014",58,47
"10109","48413","Schleicher County, Texas","B01001_015",74,46
"10110","48413","Schleicher County, Texas","B01001_016",52,31
"10111","48413","Schleicher County, Texas","B01001_017",75,36
"10112","48413","Schleicher County, Texas","B01001_018",19,18
"10113","48413","Schleicher County, Texas","B01001_019",47,39
"10114","48413","Schleicher County, Texas","B01001_020",13,19
"10115","48413","Schleicher County, Texas","B01001_021",65,39
"10116","48413","Schleicher County, Texas","B01001_022",89,49
"10117","48413","Schleicher County, Texas","B01001_023",71,46
"10118","48413","Schleicher County, Texas","B01001_024",33,42
"10119","48413","Schleicher County, Texas","B01001_025",0,15
"10120","48413","Schleicher County, Texas","B01001_026",1267,58
"10121","48413","Schleicher County, Texas","B01001_027",144,88
"10122","48413","Schleicher County, Texas","B01001_028",85,38
"10123","48413","Schleicher County, Texas","B01001_029",79,52
"10124","48413","Schleicher County, Texas","B01001_030",50,50
"10125","48413","Schleicher County, Texas","B01001_031",19,24
"10126","48413","Schleicher County, Texas","B01001_032",6,9
"10127","48413","Schleicher County, Texas","B01001_033",13,20
"10128","48413","Schleicher County, Texas","B01001_034",19,23
"10129","48413","Schleicher County, Texas","B01001_035",36,33
"10130","48413","Schleicher County, Texas","B01001_036",117,64
"10131","48413","Schleicher County, Texas","B01001_037",110,63
"10132","48413","Schleicher County, Texas","B01001_038",54,36
"10133","48413","Schleicher County, Texas","B01001_039",39,29
"10134","48413","Schleicher County, Texas","B01001_040",90,51
"10135","48413","Schleicher County, Texas","B01001_041",20,24
"10136","48413","Schleicher County, Texas","B01001_042",42,29
"10137","48413","Schleicher County, Texas","B01001_043",70,40
"10138","48413","Schleicher County, Texas","B01001_044",14,19
"10139","48413","Schleicher County, Texas","B01001_045",52,33
"10140","48413","Schleicher County, Texas","B01001_046",126,55
"10141","48413","Schleicher County, Texas","B01001_047",41,26
"10142","48413","Schleicher County, Texas","B01001_048",14,19
"10143","48413","Schleicher County, Texas","B01001_049",27,28
"10144","48415","Scurry County, Texas","B01001_001",16488,NA
"10145","48415","Scurry County, Texas","B01001_002",8575,192
"10146","48415","Scurry County, Texas","B01001_003",448,94
"10147","48415","Scurry County, Texas","B01001_004",498,158
"10148","48415","Scurry County, Texas","B01001_005",690,158
"10149","48415","Scurry County, Texas","B01001_006",239,139
"10150","48415","Scurry County, Texas","B01001_007",138,67
"10151","48415","Scurry County, Texas","B01001_008",73,61
"10152","48415","Scurry County, Texas","B01001_009",232,162
"10153","48415","Scurry County, Texas","B01001_010",304,118
"10154","48415","Scurry County, Texas","B01001_011",794,147
"10155","48415","Scurry County, Texas","B01001_012",699,221
"10156","48415","Scurry County, Texas","B01001_013",624,176
"10157","48415","Scurry County, Texas","B01001_014",722,221
"10158","48415","Scurry County, Texas","B01001_015",384,96
"10159","48415","Scurry County, Texas","B01001_016",485,99
"10160","48415","Scurry County, Texas","B01001_017",523,136
"10161","48415","Scurry County, Texas","B01001_018",202,100
"10162","48415","Scurry County, Texas","B01001_019",304,114
"10163","48415","Scurry County, Texas","B01001_020",210,86
"10164","48415","Scurry County, Texas","B01001_021",198,121
"10165","48415","Scurry County, Texas","B01001_022",445,122
"10166","48415","Scurry County, Texas","B01001_023",222,73
"10167","48415","Scurry County, Texas","B01001_024",71,65
"10168","48415","Scurry County, Texas","B01001_025",70,55
"10169","48415","Scurry County, Texas","B01001_026",7913,192
"10170","48415","Scurry County, Texas","B01001_027",616,85
"10171","48415","Scurry County, Texas","B01001_028",492,167
"10172","48415","Scurry County, Texas","B01001_029",675,171
"10173","48415","Scurry County, Texas","B01001_030",496,139
"10174","48415","Scurry County, Texas","B01001_031",227,90
"10175","48415","Scurry County, Texas","B01001_032",64,62
"10176","48415","Scurry County, Texas","B01001_033",26,38
"10177","48415","Scurry County, Texas","B01001_034",277,143
"10178","48415","Scurry County, Texas","B01001_035",589,184
"10179","48415","Scurry County, Texas","B01001_036",423,104
"10180","48415","Scurry County, Texas","B01001_037",217,144
"10181","48415","Scurry County, Texas","B01001_038",642,208
"10182","48415","Scurry County, Texas","B01001_039",357,97
"10183","48415","Scurry County, Texas","B01001_040",514,158
"10184","48415","Scurry County, Texas","B01001_041",537,129
"10185","48415","Scurry County, Texas","B01001_042",92,44
"10186","48415","Scurry County, Texas","B01001_043",321,120
"10187","48415","Scurry County, Texas","B01001_044",104,65
"10188","48415","Scurry County, Texas","B01001_045",207,94
"10189","48415","Scurry County, Texas","B01001_046",409,149
"10190","48415","Scurry County, Texas","B01001_047",271,156
"10191","48415","Scurry County, Texas","B01001_048",184,132
"10192","48415","Scurry County, Texas","B01001_049",173,101
"10193","48417","Shackelford County, Texas","B01001_001",3175,NA
"10194","48417","Shackelford County, Texas","B01001_002",1553,67
"10195","48417","Shackelford County, Texas","B01001_003",60,15
"10196","48417","Shackelford County, Texas","B01001_004",101,24
"10197","48417","Shackelford County, Texas","B01001_005",70,22
"10198","48417","Shackelford County, Texas","B01001_006",95,30
"10199","48417","Shackelford County, Texas","B01001_007",93,57
"10200","48417","Shackelford County, Texas","B01001_008",2,4
"10201","48417","Shackelford County, Texas","B01001_009",0,15
"10202","48417","Shackelford County, Texas","B01001_010",63,52
"10203","48417","Shackelford County, Texas","B01001_011",103,35
"10204","48417","Shackelford County, Texas","B01001_012",80,19
"10205","48417","Shackelford County, Texas","B01001_013",137,56
"10206","48417","Shackelford County, Texas","B01001_014",55,30
"10207","48417","Shackelford County, Texas","B01001_015",122,25
"10208","48417","Shackelford County, Texas","B01001_016",49,28
"10209","48417","Shackelford County, Texas","B01001_017",70,33
"10210","48417","Shackelford County, Texas","B01001_018",63,32
"10211","48417","Shackelford County, Texas","B01001_019",90,40
"10212","48417","Shackelford County, Texas","B01001_020",59,33
"10213","48417","Shackelford County, Texas","B01001_021",35,31
"10214","48417","Shackelford County, Texas","B01001_022",88,36
"10215","48417","Shackelford County, Texas","B01001_023",42,18
"10216","48417","Shackelford County, Texas","B01001_024",32,21
"10217","48417","Shackelford County, Texas","B01001_025",44,22
"10218","48417","Shackelford County, Texas","B01001_026",1622,67
"10219","48417","Shackelford County, Texas","B01001_027",92,28
"10220","48417","Shackelford County, Texas","B01001_028",111,41
"10221","48417","Shackelford County, Texas","B01001_029",90,43
"10222","48417","Shackelford County, Texas","B01001_030",37,28
"10223","48417","Shackelford County, Texas","B01001_031",25,24
"10224","48417","Shackelford County, Texas","B01001_032",0,15
"10225","48417","Shackelford County, Texas","B01001_033",13,12
"10226","48417","Shackelford County, Texas","B01001_034",52,34
"10227","48417","Shackelford County, Texas","B01001_035",101,32
"10228","48417","Shackelford County, Texas","B01001_036",76,15
"10229","48417","Shackelford County, Texas","B01001_037",103,43
"10230","48417","Shackelford County, Texas","B01001_038",109,45
"10231","48417","Shackelford County, Texas","B01001_039",92,13
"10232","48417","Shackelford County, Texas","B01001_040",104,25
"10233","48417","Shackelford County, Texas","B01001_041",125,50
"10234","48417","Shackelford County, Texas","B01001_042",61,34
"10235","48417","Shackelford County, Texas","B01001_043",93,42
"10236","48417","Shackelford County, Texas","B01001_044",43,30
"10237","48417","Shackelford County, Texas","B01001_045",30,27
"10238","48417","Shackelford County, Texas","B01001_046",124,33
"10239","48417","Shackelford County, Texas","B01001_047",24,19
"10240","48417","Shackelford County, Texas","B01001_048",46,33
"10241","48417","Shackelford County, Texas","B01001_049",71,33
"10242","48419","Shelby County, Texas","B01001_001",24155,NA
"10243","48419","Shelby County, Texas","B01001_002",11950,161
"10244","48419","Shelby County, Texas","B01001_003",791,142
"10245","48419","Shelby County, Texas","B01001_004",873,205
"10246","48419","Shelby County, Texas","B01001_005",970,189
"10247","48419","Shelby County, Texas","B01001_006",507,87
"10248","48419","Shelby County, Texas","B01001_007",247,138
"10249","48419","Shelby County, Texas","B01001_008",216,125
"10250","48419","Shelby County, Texas","B01001_009",175,102
"10251","48419","Shelby County, Texas","B01001_010",426,138
"10252","48419","Shelby County, Texas","B01001_011",647,126
"10253","48419","Shelby County, Texas","B01001_012",700,157
"10254","48419","Shelby County, Texas","B01001_013",507,146
"10255","48419","Shelby County, Texas","B01001_014",935,263
"10256","48419","Shelby County, Texas","B01001_015",579,131
"10257","48419","Shelby County, Texas","B01001_016",809,184
"10258","48419","Shelby County, Texas","B01001_017",703,150
"10259","48419","Shelby County, Texas","B01001_018",169,72
"10260","48419","Shelby County, Texas","B01001_019",600,154
"10261","48419","Shelby County, Texas","B01001_020",363,132
"10262","48419","Shelby County, Texas","B01001_021",395,126
"10263","48419","Shelby County, Texas","B01001_022",595,125
"10264","48419","Shelby County, Texas","B01001_023",365,113
"10265","48419","Shelby County, Texas","B01001_024",249,94
"10266","48419","Shelby County, Texas","B01001_025",129,66
"10267","48419","Shelby County, Texas","B01001_026",12205,161
"10268","48419","Shelby County, Texas","B01001_027",781,122
"10269","48419","Shelby County, Texas","B01001_028",753,167
"10270","48419","Shelby County, Texas","B01001_029",1088,169
"10271","48419","Shelby County, Texas","B01001_030",517,98
"10272","48419","Shelby County, Texas","B01001_031",379,113
"10273","48419","Shelby County, Texas","B01001_032",118,72
"10274","48419","Shelby County, Texas","B01001_033",119,84
"10275","48419","Shelby County, Texas","B01001_034",301,101
"10276","48419","Shelby County, Texas","B01001_035",705,89
"10277","48419","Shelby County, Texas","B01001_036",721,68
"10278","48419","Shelby County, Texas","B01001_037",647,146
"10279","48419","Shelby County, Texas","B01001_038",715,132
"10280","48419","Shelby County, Texas","B01001_039",710,97
"10281","48419","Shelby County, Texas","B01001_040",721,104
"10282","48419","Shelby County, Texas","B01001_041",703,139
"10283","48419","Shelby County, Texas","B01001_042",359,119
"10284","48419","Shelby County, Texas","B01001_043",507,134
"10285","48419","Shelby County, Texas","B01001_044",232,97
"10286","48419","Shelby County, Texas","B01001_045",395,110
"10287","48419","Shelby County, Texas","B01001_046",696,126
"10288","48419","Shelby County, Texas","B01001_047",489,97
"10289","48419","Shelby County, Texas","B01001_048",294,83
"10290","48419","Shelby County, Texas","B01001_049",255,91
"10291","48421","Sherman County, Texas","B01001_001",2295,227
"10292","48421","Sherman County, Texas","B01001_002",1236,153
"10293","48421","Sherman County, Texas","B01001_003",161,84
"10294","48421","Sherman County, Texas","B01001_004",29,39
"10295","48421","Sherman County, Texas","B01001_005",50,35
"10296","48421","Sherman County, Texas","B01001_006",26,22
"10297","48421","Sherman County, Texas","B01001_007",11,16
"10298","48421","Sherman County, Texas","B01001_008",59,38
"10299","48421","Sherman County, Texas","B01001_009",76,52
"10300","48421","Sherman County, Texas","B01001_010",1,2
"10301","48421","Sherman County, Texas","B01001_011",113,67
"10302","48421","Sherman County, Texas","B01001_012",46,31
"10303","48421","Sherman County, Texas","B01001_013",82,50
"10304","48421","Sherman County, Texas","B01001_014",102,47
"10305","48421","Sherman County, Texas","B01001_015",38,21
"10306","48421","Sherman County, Texas","B01001_016",58,14
"10307","48421","Sherman County, Texas","B01001_017",69,48
"10308","48421","Sherman County, Texas","B01001_018",51,39
"10309","48421","Sherman County, Texas","B01001_019",79,50
"10310","48421","Sherman County, Texas","B01001_020",16,14
"10311","48421","Sherman County, Texas","B01001_021",24,17
"10312","48421","Sherman County, Texas","B01001_022",33,24
"10313","48421","Sherman County, Texas","B01001_023",52,22
"10314","48421","Sherman County, Texas","B01001_024",40,45
"10315","48421","Sherman County, Texas","B01001_025",20,20
"10316","48421","Sherman County, Texas","B01001_026",1059,102
"10317","48421","Sherman County, Texas","B01001_027",22,12
"10318","48421","Sherman County, Texas","B01001_028",27,23
"10319","48421","Sherman County, Texas","B01001_029",19,28
"10320","48421","Sherman County, Texas","B01001_030",65,47
"10321","48421","Sherman County, Texas","B01001_031",96,77
"10322","48421","Sherman County, Texas","B01001_032",10,11
"10323","48421","Sherman County, Texas","B01001_033",110,90
"10324","48421","Sherman County, Texas","B01001_034",1,2
"10325","48421","Sherman County, Texas","B01001_035",51,22
"10326","48421","Sherman County, Texas","B01001_036",42,38
"10327","48421","Sherman County, Texas","B01001_037",66,31
"10328","48421","Sherman County, Texas","B01001_038",48,28
"10329","48421","Sherman County, Texas","B01001_039",45,35
"10330","48421","Sherman County, Texas","B01001_040",19,16
"10331","48421","Sherman County, Texas","B01001_041",123,37
"10332","48421","Sherman County, Texas","B01001_042",40,30
"10333","48421","Sherman County, Texas","B01001_043",38,20
"10334","48421","Sherman County, Texas","B01001_044",41,20
"10335","48421","Sherman County, Texas","B01001_045",21,14
"10336","48421","Sherman County, Texas","B01001_046",44,31
"10337","48421","Sherman County, Texas","B01001_047",54,25
"10338","48421","Sherman County, Texas","B01001_048",33,22
"10339","48421","Sherman County, Texas","B01001_049",44,29
"10340","48423","Smith County, Texas","B01001_001",241740,NA
"10341","48423","Smith County, Texas","B01001_002",117074,102
"10342","48423","Smith County, Texas","B01001_003",7732,66
"10343","48423","Smith County, Texas","B01001_004",9001,614
"10344","48423","Smith County, Texas","B01001_005",7950,618
"10345","48423","Smith County, Texas","B01001_006",5214,72
"10346","48423","Smith County, Texas","B01001_007",3476,37
"10347","48423","Smith County, Texas","B01001_008",1719,418
"10348","48423","Smith County, Texas","B01001_009",1843,436
"10349","48423","Smith County, Texas","B01001_010",4348,539
"10350","48423","Smith County, Texas","B01001_011",7782,40
"10351","48423","Smith County, Texas","B01001_012",7762,69
"10352","48423","Smith County, Texas","B01001_013",6473,565
"10353","48423","Smith County, Texas","B01001_014",8316,556
"10354","48423","Smith County, Texas","B01001_015",6468,72
"10355","48423","Smith County, Texas","B01001_016",6673,65
"10356","48423","Smith County, Texas","B01001_017",7180,550
"10357","48423","Smith County, Texas","B01001_018",2726,385
"10358","48423","Smith County, Texas","B01001_019",3705,491
"10359","48423","Smith County, Texas","B01001_020",2538,358
"10360","48423","Smith County, Texas","B01001_021",3509,394
"10361","48423","Smith County, Texas","B01001_022",5268,447
"10362","48423","Smith County, Texas","B01001_023",3132,288
"10363","48423","Smith County, Texas","B01001_024",2179,278
"10364","48423","Smith County, Texas","B01001_025",2080,257
"10365","48423","Smith County, Texas","B01001_026",124666,102
"10366","48423","Smith County, Texas","B01001_027",7422,66
"10367","48423","Smith County, Texas","B01001_028",7843,639
"10368","48423","Smith County, Texas","B01001_029",8311,634
"10369","48423","Smith County, Texas","B01001_030",5012,60
"10370","48423","Smith County, Texas","B01001_031",3477,100
"10371","48423","Smith County, Texas","B01001_032",1955,386
"10372","48423","Smith County, Texas","B01001_033",1349,328
"10373","48423","Smith County, Texas","B01001_034",4794,370
"10374","48423","Smith County, Texas","B01001_035",8177,79
"10375","48423","Smith County, Texas","B01001_036",8537,NA
"10376","48423","Smith County, Texas","B01001_037",7864,677
"10377","48423","Smith County, Texas","B01001_038",7684,677
"10378","48423","Smith County, Texas","B01001_039",6916,25
"10379","48423","Smith County, Texas","B01001_040",7164,15
"10380","48423","Smith County, Texas","B01001_041",6534,563
"10381","48423","Smith County, Texas","B01001_042",3132,464
"10382","48423","Smith County, Texas","B01001_043",5043,512
"10383","48423","Smith County, Texas","B01001_044",3159,433
"10384","48423","Smith County, Texas","B01001_045",4301,440
"10385","48423","Smith County, Texas","B01001_046",5686,527
"10386","48423","Smith County, Texas","B01001_047",4106,392
"10387","48423","Smith County, Texas","B01001_048",3246,456
"10388","48423","Smith County, Texas","B01001_049",2954,394
"10389","48425","Somervell County, Texas","B01001_001",9691,NA
"10390","48425","Somervell County, Texas","B01001_002",4877,99
"10391","48425","Somervell County, Texas","B01001_003",292,57
"10392","48425","Somervell County, Texas","B01001_004",272,97
"10393","48425","Somervell County, Texas","B01001_005",311,101
"10394","48425","Somervell County, Texas","B01001_006",212,65
"10395","48425","Somervell County, Texas","B01001_007",45,27
"10396","48425","Somervell County, Texas","B01001_008",15,25
"10397","48425","Somervell County, Texas","B01001_009",11,24
"10398","48425","Somervell County, Texas","B01001_010",273,134
"10399","48425","Somervell County, Texas","B01001_011",136,98
"10400","48425","Somervell County, Texas","B01001_012",403,152
"10401","48425","Somervell County, Texas","B01001_013",350,133
"10402","48425","Somervell County, Texas","B01001_014",273,133
"10403","48425","Somervell County, Texas","B01001_015",195,94
"10404","48425","Somervell County, Texas","B01001_016",435,107
"10405","48425","Somervell County, Texas","B01001_017",189,88
"10406","48425","Somervell County, Texas","B01001_018",306,99
"10407","48425","Somervell County, Texas","B01001_019",167,82
"10408","48425","Somervell County, Texas","B01001_020",90,59
"10409","48425","Somervell County, Texas","B01001_021",326,117
"10410","48425","Somervell County, Texas","B01001_022",226,93
"10411","48425","Somervell County, Texas","B01001_023",179,39
"10412","48425","Somervell County, Texas","B01001_024",86,44
"10413","48425","Somervell County, Texas","B01001_025",85,43
"10414","48425","Somervell County, Texas","B01001_026",4814,99
"10415","48425","Somervell County, Texas","B01001_027",159,21
"10416","48425","Somervell County, Texas","B01001_028",170,64
"10417","48425","Somervell County, Texas","B01001_029",395,73
"10418","48425","Somervell County, Texas","B01001_030",271,71
"10419","48425","Somervell County, Texas","B01001_031",104,70
"10420","48425","Somervell County, Texas","B01001_032",54,50
"10421","48425","Somervell County, Texas","B01001_033",104,66
"10422","48425","Somervell County, Texas","B01001_034",78,62
"10423","48425","Somervell County, Texas","B01001_035",157,107
"10424","48425","Somervell County, Texas","B01001_036",296,100
"10425","48425","Somervell County, Texas","B01001_037",295,129
"10426","48425","Somervell County, Texas","B01001_038",331,117
"10427","48425","Somervell County, Texas","B01001_039",288,61
"10428","48425","Somervell County, Texas","B01001_040",373,65
"10429","48425","Somervell County, Texas","B01001_041",234,110
"10430","48425","Somervell County, Texas","B01001_042",108,73
"10431","48425","Somervell County, Texas","B01001_043",443,110
"10432","48425","Somervell County, Texas","B01001_044",82,46
"10433","48425","Somervell County, Texas","B01001_045",190,83
"10434","48425","Somervell County, Texas","B01001_046",264,84
"10435","48425","Somervell County, Texas","B01001_047",133,70
"10436","48425","Somervell County, Texas","B01001_048",65,38
"10437","48425","Somervell County, Texas","B01001_049",220,73
"10438","48427","Starr County, Texas","B01001_001",66067,NA
"10439","48427","Starr County, Texas","B01001_002",32263,93
"10440","48427","Starr County, Texas","B01001_003",3062,77
"10441","48427","Starr County, Texas","B01001_004",2920,365
"10442","48427","Starr County, Texas","B01001_005",3134,364
"10443","48427","Starr County, Texas","B01001_006",1715,68
"10444","48427","Starr County, Texas","B01001_007",1018,35
"10445","48427","Starr County, Texas","B01001_008",338,157
"10446","48427","Starr County, Texas","B01001_009",680,235
"10447","48427","Starr County, Texas","B01001_010",1658,297
"10448","48427","Starr County, Texas","B01001_011",2410,68
"10449","48427","Starr County, Texas","B01001_012",2117,14
"10450","48427","Starr County, Texas","B01001_013",2052,239
"10451","48427","Starr County, Texas","B01001_014",1729,248
"10452","48427","Starr County, Texas","B01001_015",1819,60
"10453","48427","Starr County, Texas","B01001_016",1739,57
"10454","48427","Starr County, Texas","B01001_017",1222,172
"10455","48427","Starr County, Texas","B01001_018",689,182
"10456","48427","Starr County, Texas","B01001_019",709,188
"10457","48427","Starr County, Texas","B01001_020",470,153
"10458","48427","Starr County, Texas","B01001_021",767,176
"10459","48427","Starr County, Texas","B01001_022",733,198
"10460","48427","Starr County, Texas","B01001_023",635,123
"10461","48427","Starr County, Texas","B01001_024",283,113
"10462","48427","Starr County, Texas","B01001_025",364,144
"10463","48427","Starr County, Texas","B01001_026",33804,93
"10464","48427","Starr County, Texas","B01001_027",2879,87
"10465","48427","Starr County, Texas","B01001_028",2926,407
"10466","48427","Starr County, Texas","B01001_029",3149,423
"10467","48427","Starr County, Texas","B01001_030",1687,12
"10468","48427","Starr County, Texas","B01001_031",1082,35
"10469","48427","Starr County, Texas","B01001_032",478,205
"10470","48427","Starr County, Texas","B01001_033",524,211
"10471","48427","Starr County, Texas","B01001_034",1618,257
"10472","48427","Starr County, Texas","B01001_035",2449,118
"10473","48427","Starr County, Texas","B01001_036",1977,35
"10474","48427","Starr County, Texas","B01001_037",1759,347
"10475","48427","Starr County, Texas","B01001_038",2000,340
"10476","48427","Starr County, Texas","B01001_039",1894,48
"10477","48427","Starr County, Texas","B01001_040",1864,35
"10478","48427","Starr County, Texas","B01001_041",1631,239
"10479","48427","Starr County, Texas","B01001_042",641,196
"10480","48427","Starr County, Texas","B01001_043",979,231
"10481","48427","Starr County, Texas","B01001_044",663,181
"10482","48427","Starr County, Texas","B01001_045",814,183
"10483","48427","Starr County, Texas","B01001_046",870,175
"10484","48427","Starr County, Texas","B01001_047",571,130
"10485","48427","Starr County, Texas","B01001_048",649,156
"10486","48427","Starr County, Texas","B01001_049",700,177
"10487","48429","Stephens County, Texas","B01001_001",9351,NA
"10488","48429","Stephens County, Texas","B01001_002",5170,132
"10489","48429","Stephens County, Texas","B01001_003",276,75
"10490","48429","Stephens County, Texas","B01001_004",341,108
"10491","48429","Stephens County, Texas","B01001_005",301,97
"10492","48429","Stephens County, Texas","B01001_006",197,74
"10493","48429","Stephens County, Texas","B01001_007",106,91
"10494","48429","Stephens County, Texas","B01001_008",81,84
"10495","48429","Stephens County, Texas","B01001_009",166,89
"10496","48429","Stephens County, Texas","B01001_010",302,157
"10497","48429","Stephens County, Texas","B01001_011",159,100
"10498","48429","Stephens County, Texas","B01001_012",458,121
"10499","48429","Stephens County, Texas","B01001_013",340,129
"10500","48429","Stephens County, Texas","B01001_014",510,163
"10501","48429","Stephens County, Texas","B01001_015",195,95
"10502","48429","Stephens County, Texas","B01001_016",208,11
"10503","48429","Stephens County, Texas","B01001_017",256,74
"10504","48429","Stephens County, Texas","B01001_018",254,95
"10505","48429","Stephens County, Texas","B01001_019",143,83
"10506","48429","Stephens County, Texas","B01001_020",144,78
"10507","48429","Stephens County, Texas","B01001_021",141,61
"10508","48429","Stephens County, Texas","B01001_022",277,77
"10509","48429","Stephens County, Texas","B01001_023",102,53
"10510","48429","Stephens County, Texas","B01001_024",130,66
"10511","48429","Stephens County, Texas","B01001_025",83,83
"10512","48429","Stephens County, Texas","B01001_026",4181,132
"10513","48429","Stephens County, Texas","B01001_027",206,75
"10514","48429","Stephens County, Texas","B01001_028",195,110
"10515","48429","Stephens County, Texas","B01001_029",283,105
"10516","48429","Stephens County, Texas","B01001_030",142,57
"10517","48429","Stephens County, Texas","B01001_031",84,56
"10518","48429","Stephens County, Texas","B01001_032",61,58
"10519","48429","Stephens County, Texas","B01001_033",14,17
"10520","48429","Stephens County, Texas","B01001_034",167,90
"10521","48429","Stephens County, Texas","B01001_035",168,79
"10522","48429","Stephens County, Texas","B01001_036",218,62
"10523","48429","Stephens County, Texas","B01001_037",157,90
"10524","48429","Stephens County, Texas","B01001_038",246,90
"10525","48429","Stephens County, Texas","B01001_039",286,133
"10526","48429","Stephens County, Texas","B01001_040",274,142
"10527","48429","Stephens County, Texas","B01001_041",228,71
"10528","48429","Stephens County, Texas","B01001_042",132,77
"10529","48429","Stephens County, Texas","B01001_043",293,80
"10530","48429","Stephens County, Texas","B01001_044",41,41
"10531","48429","Stephens County, Texas","B01001_045",257,101
"10532","48429","Stephens County, Texas","B01001_046",261,85
"10533","48429","Stephens County, Texas","B01001_047",202,75
"10534","48429","Stephens County, Texas","B01001_048",157,62
"10535","48429","Stephens County, Texas","B01001_049",109,60
"10536","48431","Sterling County, Texas","B01001_001",1468,172
"10537","48431","Sterling County, Texas","B01001_002",711,149
"10538","48431","Sterling County, Texas","B01001_003",101,64
"10539","48431","Sterling County, Texas","B01001_004",38,40
"10540","48431","Sterling County, Texas","B01001_005",125,68
"10541","48431","Sterling County, Texas","B01001_006",19,19
"10542","48431","Sterling County, Texas","B01001_007",69,61
"10543","48431","Sterling County, Texas","B01001_008",3,4
"10544","48431","Sterling County, Texas","B01001_009",0,15
"10545","48431","Sterling County, Texas","B01001_010",21,31
"10546","48431","Sterling County, Texas","B01001_011",14,12
"10547","48431","Sterling County, Texas","B01001_012",49,24
"10548","48431","Sterling County, Texas","B01001_013",43,30
"10549","48431","Sterling County, Texas","B01001_014",36,29
"10550","48431","Sterling County, Texas","B01001_015",45,31
"10551","48431","Sterling County, Texas","B01001_016",39,24
"10552","48431","Sterling County, Texas","B01001_017",6,5
"10553","48431","Sterling County, Texas","B01001_018",17,23
"10554","48431","Sterling County, Texas","B01001_019",15,15
"10555","48431","Sterling County, Texas","B01001_020",3,5
"10556","48431","Sterling County, Texas","B01001_021",9,11
"10557","48431","Sterling County, Texas","B01001_022",27,26
"10558","48431","Sterling County, Texas","B01001_023",24,18
"10559","48431","Sterling County, Texas","B01001_024",8,14
"10560","48431","Sterling County, Texas","B01001_025",0,15
"10561","48431","Sterling County, Texas","B01001_026",757,109
"10562","48431","Sterling County, Texas","B01001_027",17,21
"10563","48431","Sterling County, Texas","B01001_028",86,46
"10564","48431","Sterling County, Texas","B01001_029",96,63
"10565","48431","Sterling County, Texas","B01001_030",27,22
"10566","48431","Sterling County, Texas","B01001_031",0,15
"10567","48431","Sterling County, Texas","B01001_032",3,5
"10568","48431","Sterling County, Texas","B01001_033",26,32
"10569","48431","Sterling County, Texas","B01001_034",0,15
"10570","48431","Sterling County, Texas","B01001_035",44,27
"10571","48431","Sterling County, Texas","B01001_036",85,48
"10572","48431","Sterling County, Texas","B01001_037",30,23
"10573","48431","Sterling County, Texas","B01001_038",73,35
"10574","48431","Sterling County, Texas","B01001_039",19,14
"10575","48431","Sterling County, Texas","B01001_040",35,25
"10576","48431","Sterling County, Texas","B01001_041",30,21
"10577","48431","Sterling County, Texas","B01001_042",19,18
"10578","48431","Sterling County, Texas","B01001_043",8,8
"10579","48431","Sterling County, Texas","B01001_044",7,7
"10580","48431","Sterling County, Texas","B01001_045",14,18
"10581","48431","Sterling County, Texas","B01001_046",26,23
"10582","48431","Sterling County, Texas","B01001_047",57,41
"10583","48431","Sterling County, Texas","B01001_048",43,45
"10584","48431","Sterling County, Texas","B01001_049",12,13
"10585","48433","Stonewall County, Texas","B01001_001",1227,117
"10586","48433","Stonewall County, Texas","B01001_002",615,77
"10587","48433","Stonewall County, Texas","B01001_003",26,17
"10588","48433","Stonewall County, Texas","B01001_004",42,23
"10589","48433","Stonewall County, Texas","B01001_005",55,26
"10590","48433","Stonewall County, Texas","B01001_006",28,16
"10591","48433","Stonewall County, Texas","B01001_007",0,15
"10592","48433","Stonewall County, Texas","B01001_008",18,23
"10593","48433","Stonewall County, Texas","B01001_009",0,15
"10594","48433","Stonewall County, Texas","B01001_010",4,6
"10595","48433","Stonewall County, Texas","B01001_011",7,9
"10596","48433","Stonewall County, Texas","B01001_012",50,52
"10597","48433","Stonewall County, Texas","B01001_013",9,9
"10598","48433","Stonewall County, Texas","B01001_014",40,22
"10599","48433","Stonewall County, Texas","B01001_015",16,14
"10600","48433","Stonewall County, Texas","B01001_016",72,45
"10601","48433","Stonewall County, Texas","B01001_017",43,30
"10602","48433","Stonewall County, Texas","B01001_018",7,11
"10603","48433","Stonewall County, Texas","B01001_019",34,29
"10604","48433","Stonewall County, Texas","B01001_020",16,22
"10605","48433","Stonewall County, Texas","B01001_021",47,22
"10606","48433","Stonewall County, Texas","B01001_022",33,31
"10607","48433","Stonewall County, Texas","B01001_023",40,31
"10608","48433","Stonewall County, Texas","B01001_024",19,15
"10609","48433","Stonewall County, Texas","B01001_025",9,14
"10610","48433","Stonewall County, Texas","B01001_026",612,98
"10611","48433","Stonewall County, Texas","B01001_027",40,28
"10612","48433","Stonewall County, Texas","B01001_028",14,16
"10613","48433","Stonewall County, Texas","B01001_029",51,40
"10614","48433","Stonewall County, Texas","B01001_030",52,26
"10615","48433","Stonewall County, Texas","B01001_031",18,16
"10616","48433","Stonewall County, Texas","B01001_032",0,15
"10617","48433","Stonewall County, Texas","B01001_033",0,15
"10618","48433","Stonewall County, Texas","B01001_034",31,31
"10619","48433","Stonewall County, Texas","B01001_035",5,8
"10620","48433","Stonewall County, Texas","B01001_036",28,23
"10621","48433","Stonewall County, Texas","B01001_037",10,11
"10622","48433","Stonewall County, Texas","B01001_038",21,13
"10623","48433","Stonewall County, Texas","B01001_039",16,15
"10624","48433","Stonewall County, Texas","B01001_040",50,34
"10625","48433","Stonewall County, Texas","B01001_041",4,5
"10626","48433","Stonewall County, Texas","B01001_042",19,17
"10627","48433","Stonewall County, Texas","B01001_043",74,36
"10628","48433","Stonewall County, Texas","B01001_044",30,18
"10629","48433","Stonewall County, Texas","B01001_045",17,14
"10630","48433","Stonewall County, Texas","B01001_046",56,31
"10631","48433","Stonewall County, Texas","B01001_047",26,23
"10632","48433","Stonewall County, Texas","B01001_048",21,20
"10633","48433","Stonewall County, Texas","B01001_049",29,23
"10634","48435","Sutton County, Texas","B01001_001",3277,NA
"10635","48435","Sutton County, Texas","B01001_002",1516,201
"10636","48435","Sutton County, Texas","B01001_003",27,35
"10637","48435","Sutton County, Texas","B01001_004",145,84
"10638","48435","Sutton County, Texas","B01001_005",114,96
"10639","48435","Sutton County, Texas","B01001_006",35,39
"10640","48435","Sutton County, Texas","B01001_007",62,56
"10641","48435","Sutton County, Texas","B01001_008",28,38
"10642","48435","Sutton County, Texas","B01001_009",25,34
"10643","48435","Sutton County, Texas","B01001_010",33,38
"10644","48435","Sutton County, Texas","B01001_011",180,102
"10645","48435","Sutton County, Texas","B01001_012",82,62
"10646","48435","Sutton County, Texas","B01001_013",34,40
"10647","48435","Sutton County, Texas","B01001_014",58,49
"10648","48435","Sutton County, Texas","B01001_015",123,72
"10649","48435","Sutton County, Texas","B01001_016",105,72
"10650","48435","Sutton County, Texas","B01001_017",138,81
"10651","48435","Sutton County, Texas","B01001_018",0,15
"10652","48435","Sutton County, Texas","B01001_019",17,16
"10653","48435","Sutton County, Texas","B01001_020",12,13
"10654","48435","Sutton County, Texas","B01001_021",16,20
"10655","48435","Sutton County, Texas","B01001_022",146,75
"10656","48435","Sutton County, Texas","B01001_023",90,55
"10657","48435","Sutton County, Texas","B01001_024",16,20
"10658","48435","Sutton County, Texas","B01001_025",30,28
"10659","48435","Sutton County, Texas","B01001_026",1761,201
"10660","48435","Sutton County, Texas","B01001_027",168,120
"10661","48435","Sutton County, Texas","B01001_028",214,114
"10662","48435","Sutton County, Texas","B01001_029",55,60
"10663","48435","Sutton County, Texas","B01001_030",11,19
"10664","48435","Sutton County, Texas","B01001_031",22,30
"10665","48435","Sutton County, Texas","B01001_032",0,15
"10666","48435","Sutton County, Texas","B01001_033",0,15
"10667","48435","Sutton County, Texas","B01001_034",39,41
"10668","48435","Sutton County, Texas","B01001_035",219,140
"10669","48435","Sutton County, Texas","B01001_036",47,39
"10670","48435","Sutton County, Texas","B01001_037",68,47
"10671","48435","Sutton County, Texas","B01001_038",77,54
"10672","48435","Sutton County, Texas","B01001_039",194,105
"10673","48435","Sutton County, Texas","B01001_040",93,84
"10674","48435","Sutton County, Texas","B01001_041",69,61
"10675","48435","Sutton County, Texas","B01001_042",129,95
"10676","48435","Sutton County, Texas","B01001_043",35,57
"10677","48435","Sutton County, Texas","B01001_044",15,16
"10678","48435","Sutton County, Texas","B01001_045",0,15
"10679","48435","Sutton County, Texas","B01001_046",119,63
"10680","48435","Sutton County, Texas","B01001_047",127,56
"10681","48435","Sutton County, Texas","B01001_048",44,43
"10682","48435","Sutton County, Texas","B01001_049",16,21
"10683","48437","Swisher County, Texas","B01001_001",6937,NA
"10684","48437","Swisher County, Texas","B01001_002",3940,166
"10685","48437","Swisher County, Texas","B01001_003",278,49
"10686","48437","Swisher County, Texas","B01001_004",277,123
"10687","48437","Swisher County, Texas","B01001_005",309,154
"10688","48437","Swisher County, Texas","B01001_006",186,37
"10689","48437","Swisher County, Texas","B01001_007",136,62
"10690","48437","Swisher County, Texas","B01001_008",54,49
"10691","48437","Swisher County, Texas","B01001_009",83,64
"10692","48437","Swisher County, Texas","B01001_010",145,124
"10693","48437","Swisher County, Texas","B01001_011",197,81
"10694","48437","Swisher County, Texas","B01001_012",396,115
"10695","48437","Swisher County, Texas","B01001_013",278,115
"10696","48437","Swisher County, Texas","B01001_014",212,81
"10697","48437","Swisher County, Texas","B01001_015",222,110
"10698","48437","Swisher County, Texas","B01001_016",212,104
"10699","48437","Swisher County, Texas","B01001_017",249,92
"10700","48437","Swisher County, Texas","B01001_018",120,65
"10701","48437","Swisher County, Texas","B01001_019",111,51
"10702","48437","Swisher County, Texas","B01001_020",43,35
"10703","48437","Swisher County, Texas","B01001_021",84,53
"10704","48437","Swisher County, Texas","B01001_022",150,43
"10705","48437","Swisher County, Texas","B01001_023",126,40
"10706","48437","Swisher County, Texas","B01001_024",22,27
"10707","48437","Swisher County, Texas","B01001_025",50,35
"10708","48437","Swisher County, Texas","B01001_026",2997,166
"10709","48437","Swisher County, Texas","B01001_027",131,53
"10710","48437","Swisher County, Texas","B01001_028",183,79
"10711","48437","Swisher County, Texas","B01001_029",184,111
"10712","48437","Swisher County, Texas","B01001_030",112,46
"10713","48437","Swisher County, Texas","B01001_031",30,36
"10714","48437","Swisher County, Texas","B01001_032",16,31
"10715","48437","Swisher County, Texas","B01001_033",19,31
"10716","48437","Swisher County, Texas","B01001_034",146,126
"10717","48437","Swisher County, Texas","B01001_035",194,118
"10718","48437","Swisher County, Texas","B01001_036",220,82
"10719","48437","Swisher County, Texas","B01001_037",272,112
"10720","48437","Swisher County, Texas","B01001_038",173,88
"10721","48437","Swisher County, Texas","B01001_039",158,96
"10722","48437","Swisher County, Texas","B01001_040",139,73
"10723","48437","Swisher County, Texas","B01001_041",238,58
"10724","48437","Swisher County, Texas","B01001_042",31,31
"10725","48437","Swisher County, Texas","B01001_043",99,56
"10726","48437","Swisher County, Texas","B01001_044",44,45
"10727","48437","Swisher County, Texas","B01001_045",177,68
"10728","48437","Swisher County, Texas","B01001_046",164,78
"10729","48437","Swisher County, Texas","B01001_047",98,48
"10730","48437","Swisher County, Texas","B01001_048",59,42
"10731","48437","Swisher County, Texas","B01001_049",110,38
"10732","48439","Tarrant County, Texas","B01001_001",2167390,NA
"10733","48439","Tarrant County, Texas","B01001_002",1064636,193
"10734","48439","Tarrant County, Texas","B01001_003",70815,118
"10735","48439","Tarrant County, Texas","B01001_004",75558,2147
"10736","48439","Tarrant County, Texas","B01001_005",83019,2160
"10737","48439","Tarrant County, Texas","B01001_006",50679,116
"10738","48439","Tarrant County, Texas","B01001_007",29727,64
"10739","48439","Tarrant County, Texas","B01001_008",13729,1128
"10740","48439","Tarrant County, Texas","B01001_009",13347,1158
"10741","48439","Tarrant County, Texas","B01001_010",45734,1473
"10742","48439","Tarrant County, Texas","B01001_011",79032,115
"10743","48439","Tarrant County, Texas","B01001_012",80268,152
"10744","48439","Tarrant County, Texas","B01001_013",77134,1883
"10745","48439","Tarrant County, Texas","B01001_014",73129,1898
"10746","48439","Tarrant County, Texas","B01001_015",65938,87
"10747","48439","Tarrant County, Texas","B01001_016",66299,72
"10748","48439","Tarrant County, Texas","B01001_017",62382,1744
"10749","48439","Tarrant County, Texas","B01001_018",26608,1353
"10750","48439","Tarrant County, Texas","B01001_019",32811,1459
"10751","48439","Tarrant County, Texas","B01001_020",19502,958
"10752","48439","Tarrant County, Texas","B01001_021",25705,1192
"10753","48439","Tarrant County, Texas","B01001_022",31768,1033
"10754","48439","Tarrant County, Texas","B01001_023",20480,920
"10755","48439","Tarrant County, Texas","B01001_024",11457,802
"10756","48439","Tarrant County, Texas","B01001_025",9515,787
"10757","48439","Tarrant County, Texas","B01001_026",1102754,193
"10758","48439","Tarrant County, Texas","B01001_027",67795,117
"10759","48439","Tarrant County, Texas","B01001_028",72024,1905
"10760","48439","Tarrant County, Texas","B01001_029",81087,1904
"10761","48439","Tarrant County, Texas","B01001_030",49040,78
"10762","48439","Tarrant County, Texas","B01001_031",29139,43
"10763","48439","Tarrant County, Texas","B01001_032",15248,1040
"10764","48439","Tarrant County, Texas","B01001_033",13876,1155
"10765","48439","Tarrant County, Texas","B01001_034",43811,1296
"10766","48439","Tarrant County, Texas","B01001_035",80308,85
"10767","48439","Tarrant County, Texas","B01001_036",82808,140
"10768","48439","Tarrant County, Texas","B01001_037",77600,1696
"10769","48439","Tarrant County, Texas","B01001_038",78548,1681
"10770","48439","Tarrant County, Texas","B01001_039",69857,57
"10771","48439","Tarrant County, Texas","B01001_040",68221,140
"10772","48439","Tarrant County, Texas","B01001_041",64553,1407
"10773","48439","Tarrant County, Texas","B01001_042",26559,1364
"10774","48439","Tarrant County, Texas","B01001_043",33818,1342
"10775","48439","Tarrant County, Texas","B01001_044",21700,1052
"10776","48439","Tarrant County, Texas","B01001_045",27722,1164
"10777","48439","Tarrant County, Texas","B01001_046",39426,1306
"10778","48439","Tarrant County, Texas","B01001_047",27355,789
"10779","48439","Tarrant County, Texas","B01001_048",16014,956
"10780","48439","Tarrant County, Texas","B01001_049",16245,870
"10781","48441","Taylor County, Texas","B01001_001",145863,NA
"10782","48441","Taylor County, Texas","B01001_002",71845,604
"10783","48441","Taylor County, Texas","B01001_003",4942,82
"10784","48441","Taylor County, Texas","B01001_004",5421,493
"10785","48441","Taylor County, Texas","B01001_005",4794,431
"10786","48441","Taylor County, Texas","B01001_006",3053,41
"10787","48441","Taylor County, Texas","B01001_007",2708,127
"10788","48441","Taylor County, Texas","B01001_008",1426,340
"10789","48441","Taylor County, Texas","B01001_009",1622,364
"10790","48441","Taylor County, Texas","B01001_010",4601,475
"10791","48441","Taylor County, Texas","B01001_011",5517,228
"10792","48441","Taylor County, Texas","B01001_012",5163,89
"10793","48441","Taylor County, Texas","B01001_013",4942,570
"10794","48441","Taylor County, Texas","B01001_014",4323,541
"10795","48441","Taylor County, Texas","B01001_015",3384,138
"10796","48441","Taylor County, Texas","B01001_016",3382,301
"10797","48441","Taylor County, Texas","B01001_017",3470,329
"10798","48441","Taylor County, Texas","B01001_018",1582,243
"10799","48441","Taylor County, Texas","B01001_019",2031,312
"10800","48441","Taylor County, Texas","B01001_020",1394,201
"10801","48441","Taylor County, Texas","B01001_021",1836,219
"10802","48441","Taylor County, Texas","B01001_022",2463,228
"10803","48441","Taylor County, Texas","B01001_023",1523,207
"10804","48441","Taylor County, Texas","B01001_024",1285,246
"10805","48441","Taylor County, Texas","B01001_025",983,234
"10806","48441","Taylor County, Texas","B01001_026",74018,604
"10807","48441","Taylor County, Texas","B01001_027",4902,466
"10808","48441","Taylor County, Texas","B01001_028",4540,472
"10809","48441","Taylor County, Texas","B01001_029",5225,469
"10810","48441","Taylor County, Texas","B01001_030",2789,43
"10811","48441","Taylor County, Texas","B01001_031",2832,140
"10812","48441","Taylor County, Texas","B01001_032",1564,309
"10813","48441","Taylor County, Texas","B01001_033",1725,333
"10814","48441","Taylor County, Texas","B01001_034",4056,390
"10815","48441","Taylor County, Texas","B01001_035",5295,78
"10816","48441","Taylor County, Texas","B01001_036",4923,27
"10817","48441","Taylor County, Texas","B01001_037",4543,432
"10818","48441","Taylor County, Texas","B01001_038",4620,436
"10819","48441","Taylor County, Texas","B01001_039",3412,108
"10820","48441","Taylor County, Texas","B01001_040",3489,57
"10821","48441","Taylor County, Texas","B01001_041",3755,338
"10822","48441","Taylor County, Texas","B01001_042",1557,296
"10823","48441","Taylor County, Texas","B01001_043",2463,292
"10824","48441","Taylor County, Texas","B01001_044",1272,230
"10825","48441","Taylor County, Texas","B01001_045",2402,359
"10826","48441","Taylor County, Texas","B01001_046",3046,292
"10827","48441","Taylor County, Texas","B01001_047",2066,263
"10828","48441","Taylor County, Texas","B01001_048",1598,290
"10829","48441","Taylor County, Texas","B01001_049",1944,293
"10830","48443","Terrell County, Texas","B01001_001",835,282
"10831","48443","Terrell County, Texas","B01001_002",441,159
"10832","48443","Terrell County, Texas","B01001_003",0,15
"10833","48443","Terrell County, Texas","B01001_004",8,7
"10834","48443","Terrell County, Texas","B01001_005",72,65
"10835","48443","Terrell County, Texas","B01001_006",0,15
"10836","48443","Terrell County, Texas","B01001_007",5,10
"10837","48443","Terrell County, Texas","B01001_008",0,15
"10838","48443","Terrell County, Texas","B01001_009",0,15
"10839","48443","Terrell County, Texas","B01001_010",16,23
"10840","48443","Terrell County, Texas","B01001_011",21,39
"10841","48443","Terrell County, Texas","B01001_012",0,15
"10842","48443","Terrell County, Texas","B01001_013",32,29
"10843","48443","Terrell County, Texas","B01001_014",13,17
"10844","48443","Terrell County, Texas","B01001_015",35,36
"10845","48443","Terrell County, Texas","B01001_016",6,8
"10846","48443","Terrell County, Texas","B01001_017",45,35
"10847","48443","Terrell County, Texas","B01001_018",31,27
"10848","48443","Terrell County, Texas","B01001_019",16,20
"10849","48443","Terrell County, Texas","B01001_020",0,15
"10850","48443","Terrell County, Texas","B01001_021",21,23
"10851","48443","Terrell County, Texas","B01001_022",75,42
"10852","48443","Terrell County, Texas","B01001_023",0,15
"10853","48443","Terrell County, Texas","B01001_024",44,50
"10854","48443","Terrell County, Texas","B01001_025",1,4
"10855","48443","Terrell County, Texas","B01001_026",394,162
"10856","48443","Terrell County, Texas","B01001_027",0,15
"10857","48443","Terrell County, Texas","B01001_028",56,58
"10858","48443","Terrell County, Texas","B01001_029",8,8
"10859","48443","Terrell County, Texas","B01001_030",0,15
"10860","48443","Terrell County, Texas","B01001_031",0,15
"10861","48443","Terrell County, Texas","B01001_032",0,15
"10862","48443","Terrell County, Texas","B01001_033",0,15
"10863","48443","Terrell County, Texas","B01001_034",0,15
"10864","48443","Terrell County, Texas","B01001_035",0,15
"10865","48443","Terrell County, Texas","B01001_036",6,6
"10866","48443","Terrell County, Texas","B01001_037",14,15
"10867","48443","Terrell County, Texas","B01001_038",0,15
"10868","48443","Terrell County, Texas","B01001_039",21,26
"10869","48443","Terrell County, Texas","B01001_040",12,13
"10870","48443","Terrell County, Texas","B01001_041",51,52
"10871","48443","Terrell County, Texas","B01001_042",22,24
"10872","48443","Terrell County, Texas","B01001_043",28,36
"10873","48443","Terrell County, Texas","B01001_044",23,25
"10874","48443","Terrell County, Texas","B01001_045",31,40
"10875","48443","Terrell County, Texas","B01001_046",50,32
"10876","48443","Terrell County, Texas","B01001_047",20,35
"10877","48443","Terrell County, Texas","B01001_048",22,23
"10878","48443","Terrell County, Texas","B01001_049",30,34
"10879","48445","Terry County, Texas","B01001_001",11629,NA
"10880","48445","Terry County, Texas","B01001_002",6358,202
"10881","48445","Terry County, Texas","B01001_003",606,59
"10882","48445","Terry County, Texas","B01001_004",550,147
"10883","48445","Terry County, Texas","B01001_005",361,146
"10884","48445","Terry County, Texas","B01001_006",326,80
"10885","48445","Terry County, Texas","B01001_007",159,112
"10886","48445","Terry County, Texas","B01001_008",122,90
"10887","48445","Terry County, Texas","B01001_009",60,55
"10888","48445","Terry County, Texas","B01001_010",212,120
"10889","48445","Terry County, Texas","B01001_011",425,88
"10890","48445","Terry County, Texas","B01001_012",312,153
"10891","48445","Terry County, Texas","B01001_013",374,159
"10892","48445","Terry County, Texas","B01001_014",539,141
"10893","48445","Terry County, Texas","B01001_015",407,129
"10894","48445","Terry County, Texas","B01001_016",274,88
"10895","48445","Terry County, Texas","B01001_017",383,92
"10896","48445","Terry County, Texas","B01001_018",118,65
"10897","48445","Terry County, Texas","B01001_019",195,78
"10898","48445","Terry County, Texas","B01001_020",165,90
"10899","48445","Terry County, Texas","B01001_021",163,95
"10900","48445","Terry County, Texas","B01001_022",163,71
"10901","48445","Terry County, Texas","B01001_023",203,130
"10902","48445","Terry County, Texas","B01001_024",127,104
"10903","48445","Terry County, Texas","B01001_025",114,74
"10904","48445","Terry County, Texas","B01001_026",5271,202
"10905","48445","Terry County, Texas","B01001_027",242,60
"10906","48445","Terry County, Texas","B01001_028",526,142
"10907","48445","Terry County, Texas","B01001_029",375,173
"10908","48445","Terry County, Texas","B01001_030",231,87
"10909","48445","Terry County, Texas","B01001_031",130,94
"10910","48445","Terry County, Texas","B01001_032",91,121
"10911","48445","Terry County, Texas","B01001_033",18,22
"10912","48445","Terry County, Texas","B01001_034",192,120
"10913","48445","Terry County, Texas","B01001_035",334,71
"10914","48445","Terry County, Texas","B01001_036",236,30
"10915","48445","Terry County, Texas","B01001_037",386,142
"10916","48445","Terry County, Texas","B01001_038",303,122
"10917","48445","Terry County, Texas","B01001_039",219,70
"10918","48445","Terry County, Texas","B01001_040",418,126
"10919","48445","Terry County, Texas","B01001_041",320,81
"10920","48445","Terry County, Texas","B01001_042",132,73
"10921","48445","Terry County, Texas","B01001_043",171,97
"10922","48445","Terry County, Texas","B01001_044",60,37
"10923","48445","Terry County, Texas","B01001_045",210,109
"10924","48445","Terry County, Texas","B01001_046",222,106
"10925","48445","Terry County, Texas","B01001_047",226,103
"10926","48445","Terry County, Texas","B01001_048",120,50
"10927","48445","Terry County, Texas","B01001_049",109,66
"10928","48447","Throckmorton County, Texas","B01001_001",1639,148
"10929","48447","Throckmorton County, Texas","B01001_002",726,78
"10930","48447","Throckmorton County, Texas","B01001_003",27,17
"10931","48447","Throckmorton County, Texas","B01001_004",23,16
"10932","48447","Throckmorton County, Texas","B01001_005",42,19
"10933","48447","Throckmorton County, Texas","B01001_006",9,13
"10934","48447","Throckmorton County, Texas","B01001_007",24,18
"10935","48447","Throckmorton County, Texas","B01001_008",19,16
"10936","48447","Throckmorton County, Texas","B01001_009",0,15
"10937","48447","Throckmorton County, Texas","B01001_010",50,42
"10938","48447","Throckmorton County, Texas","B01001_011",53,26
"10939","48447","Throckmorton County, Texas","B01001_012",26,22
"10940","48447","Throckmorton County, Texas","B01001_013",31,17
"10941","48447","Throckmorton County, Texas","B01001_014",41,26
"10942","48447","Throckmorton County, Texas","B01001_015",34,22
"10943","48447","Throckmorton County, Texas","B01001_016",36,24
"10944","48447","Throckmorton County, Texas","B01001_017",41,27
"10945","48447","Throckmorton County, Texas","B01001_018",31,22
"10946","48447","Throckmorton County, Texas","B01001_019",41,31
"10947","48447","Throckmorton County, Texas","B01001_020",10,9
"10948","48447","Throckmorton County, Texas","B01001_021",21,12
"10949","48447","Throckmorton County, Texas","B01001_022",47,19
"10950","48447","Throckmorton County, Texas","B01001_023",95,22
"10951","48447","Throckmorton County, Texas","B01001_024",15,11
"10952","48447","Throckmorton County, Texas","B01001_025",10,12
"10953","48447","Throckmorton County, Texas","B01001_026",913,111
"10954","48447","Throckmorton County, Texas","B01001_027",75,45
"10955","48447","Throckmorton County, Texas","B01001_028",68,44
"10956","48447","Throckmorton County, Texas","B01001_029",56,22
"10957","48447","Throckmorton County, Texas","B01001_030",47,31
"10958","48447","Throckmorton County, Texas","B01001_031",20,20
"10959","48447","Throckmorton County, Texas","B01001_032",0,15
"10960","48447","Throckmorton County, Texas","B01001_033",0,15
"10961","48447","Throckmorton County, Texas","B01001_034",6,7
"10962","48447","Throckmorton County, Texas","B01001_035",58,26
"10963","48447","Throckmorton County, Texas","B01001_036",65,29
"10964","48447","Throckmorton County, Texas","B01001_037",14,16
"10965","48447","Throckmorton County, Texas","B01001_038",66,25
"10966","48447","Throckmorton County, Texas","B01001_039",44,27
"10967","48447","Throckmorton County, Texas","B01001_040",43,28
"10968","48447","Throckmorton County, Texas","B01001_041",74,39
"10969","48447","Throckmorton County, Texas","B01001_042",24,15
"10970","48447","Throckmorton County, Texas","B01001_043",17,13
"10971","48447","Throckmorton County, Texas","B01001_044",24,18
"10972","48447","Throckmorton County, Texas","B01001_045",13,8
"10973","48447","Throckmorton County, Texas","B01001_046",47,17
"10974","48447","Throckmorton County, Texas","B01001_047",87,33
"10975","48447","Throckmorton County, Texas","B01001_048",11,8
"10976","48447","Throckmorton County, Texas","B01001_049",54,31
"10977","48449","Titus County, Texas","B01001_001",31363,NA
"10978","48449","Titus County, Texas","B01001_002",15604,76
"10979","48449","Titus County, Texas","B01001_003",1226,105
"10980","48449","Titus County, Texas","B01001_004",1270,190
"10981","48449","Titus County, Texas","B01001_005",1272,210
"10982","48449","Titus County, Texas","B01001_006",828,76
"10983","48449","Titus County, Texas","B01001_007",415,71
"10984","48449","Titus County, Texas","B01001_008",244,104
"10985","48449","Titus County, Texas","B01001_009",189,100
"10986","48449","Titus County, Texas","B01001_010",714,182
"10987","48449","Titus County, Texas","B01001_011",1025,111
"10988","48449","Titus County, Texas","B01001_012",882,84
"10989","48449","Titus County, Texas","B01001_013",911,149
"10990","48449","Titus County, Texas","B01001_014",782,142
"10991","48449","Titus County, Texas","B01001_015",888,63
"10992","48449","Titus County, Texas","B01001_016",973,58
"10993","48449","Titus County, Texas","B01001_017",854,139
"10994","48449","Titus County, Texas","B01001_018",425,105
"10995","48449","Titus County, Texas","B01001_019",539,130
"10996","48449","Titus County, Texas","B01001_020",315,116
"10997","48449","Titus County, Texas","B01001_021",461,126
"10998","48449","Titus County, Texas","B01001_022",690,114
"10999","48449","Titus County, Texas","B01001_023",271,83
"11000","48449","Titus County, Texas","B01001_024",251,93
"11001","48449","Titus County, Texas","B01001_025",179,94
"11002","48449","Titus County, Texas","B01001_026",15759,76
"11003","48449","Titus County, Texas","B01001_027",947,15
"11004","48449","Titus County, Texas","B01001_028",1102,167
"11005","48449","Titus County, Texas","B01001_029",1257,200
"11006","48449","Titus County, Texas","B01001_030",935,119
"11007","48449","Titus County, Texas","B01001_031",358,54
"11008","48449","Titus County, Texas","B01001_032",260,127
"11009","48449","Titus County, Texas","B01001_033",278,96
"11010","48449","Titus County, Texas","B01001_034",499,139
"11011","48449","Titus County, Texas","B01001_035",925,50
"11012","48449","Titus County, Texas","B01001_036",1124,111
"11013","48449","Titus County, Texas","B01001_037",923,160
"11014","48449","Titus County, Texas","B01001_038",918,166
"11015","48449","Titus County, Texas","B01001_039",968,98
"11016","48449","Titus County, Texas","B01001_040",877,52
"11017","48449","Titus County, Texas","B01001_041",863,136
"11018","48449","Titus County, Texas","B01001_042",471,112
"11019","48449","Titus County, Texas","B01001_043",458,125
"11020","48449","Titus County, Texas","B01001_044",421,102
"11021","48449","Titus County, Texas","B01001_045",544,124
"11022","48449","Titus County, Texas","B01001_046",563,103
"11023","48449","Titus County, Texas","B01001_047",434,104
"11024","48449","Titus County, Texas","B01001_048",314,96
"11025","48449","Titus County, Texas","B01001_049",320,97
"11026","48451","Tom Green County, Texas","B01001_001",119577,NA
"11027","48451","Tom Green County, Texas","B01001_002",59775,156
"11028","48451","Tom Green County, Texas","B01001_003",3831,103
"11029","48451","Tom Green County, Texas","B01001_004",4561,412
"11030","48451","Tom Green County, Texas","B01001_005",3737,399
"11031","48451","Tom Green County, Texas","B01001_006",2429,59
"11032","48451","Tom Green County, Texas","B01001_007",1970,86
"11033","48451","Tom Green County, Texas","B01001_008",1121,284
"11034","48451","Tom Green County, Texas","B01001_009",937,209
"11035","48451","Tom Green County, Texas","B01001_010",2563,363
"11036","48451","Tom Green County, Texas","B01001_011",4395,144
"11037","48451","Tom Green County, Texas","B01001_012",4364,137
"11038","48451","Tom Green County, Texas","B01001_013",4937,437
"11039","48451","Tom Green County, Texas","B01001_014",3348,424
"11040","48451","Tom Green County, Texas","B01001_015",2943,94
"11041","48451","Tom Green County, Texas","B01001_016",3003,120
"11042","48451","Tom Green County, Texas","B01001_017",3191,290
"11043","48451","Tom Green County, Texas","B01001_018",1096,323
"11044","48451","Tom Green County, Texas","B01001_019",2080,309
"11045","48451","Tom Green County, Texas","B01001_020",1135,226
"11046","48451","Tom Green County, Texas","B01001_021",1696,261
"11047","48451","Tom Green County, Texas","B01001_022",2837,300
"11048","48451","Tom Green County, Texas","B01001_023",1705,252
"11049","48451","Tom Green County, Texas","B01001_024",986,200
"11050","48451","Tom Green County, Texas","B01001_025",910,236
"11051","48451","Tom Green County, Texas","B01001_026",59802,156
"11052","48451","Tom Green County, Texas","B01001_027",3537,97
"11053","48451","Tom Green County, Texas","B01001_028",3927,461
"11054","48451","Tom Green County, Texas","B01001_029",3938,460
"11055","48451","Tom Green County, Texas","B01001_030",2436,60
"11056","48451","Tom Green County, Texas","B01001_031",1775,131
"11057","48451","Tom Green County, Texas","B01001_032",1041,319
"11058","48451","Tom Green County, Texas","B01001_033",813,332
"11059","48451","Tom Green County, Texas","B01001_034",2341,359
"11060","48451","Tom Green County, Texas","B01001_035",3989,95
"11061","48451","Tom Green County, Texas","B01001_036",4235,115
"11062","48451","Tom Green County, Texas","B01001_037",3770,393
"11063","48451","Tom Green County, Texas","B01001_038",3931,386
"11064","48451","Tom Green County, Texas","B01001_039",2944,94
"11065","48451","Tom Green County, Texas","B01001_040",3088,97
"11066","48451","Tom Green County, Texas","B01001_041",3459,391
"11067","48451","Tom Green County, Texas","B01001_042",1407,290
"11068","48451","Tom Green County, Texas","B01001_043",2145,310
"11069","48451","Tom Green County, Texas","B01001_044",1794,270
"11070","48451","Tom Green County, Texas","B01001_045",1534,210
"11071","48451","Tom Green County, Texas","B01001_046",3023,285
"11072","48451","Tom Green County, Texas","B01001_047",1759,290
"11073","48451","Tom Green County, Texas","B01001_048",1480,242
"11074","48451","Tom Green County, Texas","B01001_049",1436,246
"11075","48453","Travis County, Texas","B01001_001",1330015,NA
"11076","48453","Travis County, Texas","B01001_002",679147,118
"11077","48453","Travis County, Texas","B01001_003",37995,31
"11078","48453","Travis County, Texas","B01001_004",36057,1694
"11079","48453","Travis County, Texas","B01001_005",40059,1684
"11080","48453","Travis County, Texas","B01001_006",23330,13
"11081","48453","Travis County, Texas","B01001_007",17143,80
"11082","48453","Travis County, Texas","B01001_008",7153,1014
"11083","48453","Travis County, Texas","B01001_009",6900,684
"11084","48453","Travis County, Texas","B01001_010",28847,1045
"11085","48453","Travis County, Texas","B01001_011",64837,40
"11086","48453","Travis County, Texas","B01001_012",71201,75
"11087","48453","Travis County, Texas","B01001_013",64467,1962
"11088","48453","Travis County, Texas","B01001_014",53621,1955
"11089","48453","Travis County, Texas","B01001_015",47796,29
"11090","48453","Travis County, Texas","B01001_016",43824,69
"11091","48453","Travis County, Texas","B01001_017",37353,1284
"11092","48453","Travis County, Texas","B01001_018",13784,928
"11093","48453","Travis County, Texas","B01001_019",17636,1101
"11094","48453","Travis County, Texas","B01001_020",10303,811
"11095","48453","Travis County, Texas","B01001_021",14105,788
"11096","48453","Travis County, Texas","B01001_022",20456,910
"11097","48453","Travis County, Texas","B01001_023",11360,598
"11098","48453","Travis County, Texas","B01001_024",5966,541
"11099","48453","Travis County, Texas","B01001_025",4954,505
"11100","48453","Travis County, Texas","B01001_026",650868,118
"11101","48453","Travis County, Texas","B01001_027",36544,94
"11102","48453","Travis County, Texas","B01001_028",36668,1305
"11103","48453","Travis County, Texas","B01001_029",35015,1306
"11104","48453","Travis County, Texas","B01001_030",22470,21
"11105","48453","Travis County, Texas","B01001_031",16982,55
"11106","48453","Travis County, Texas","B01001_032",6784,855
"11107","48453","Travis County, Texas","B01001_033",6235,864
"11108","48453","Travis County, Texas","B01001_034",29858,1131
"11109","48453","Travis County, Texas","B01001_035",60724,81
"11110","48453","Travis County, Texas","B01001_036",63752,4
"11111","48453","Travis County, Texas","B01001_037",55555,1794
"11112","48453","Travis County, Texas","B01001_038",50121,1762
"11113","48453","Travis County, Texas","B01001_039",43529,70
"11114","48453","Travis County, Texas","B01001_040",39919,140
"11115","48453","Travis County, Texas","B01001_041",34649,1212
"11116","48453","Travis County, Texas","B01001_042",13282,1030
"11117","48453","Travis County, Texas","B01001_043",19520,1137
"11118","48453","Travis County, Texas","B01001_044",10409,924
"11119","48453","Travis County, Texas","B01001_045",16113,881
"11120","48453","Travis County, Texas","B01001_046",22895,966
"11121","48453","Travis County, Texas","B01001_047",13332,892
"11122","48453","Travis County, Texas","B01001_048",7938,588
"11123","48453","Travis County, Texas","B01001_049",8574,835
"11124","48455","Trinity County, Texas","B01001_001",14046,NA
"11125","48455","Trinity County, Texas","B01001_002",6866,108
"11126","48455","Trinity County, Texas","B01001_003",294,53
"11127","48455","Trinity County, Texas","B01001_004",401,165
"11128","48455","Trinity County, Texas","B01001_005",400,142
"11129","48455","Trinity County, Texas","B01001_006",327,63
"11130","48455","Trinity County, Texas","B01001_007",136,73
"11131","48455","Trinity County, Texas","B01001_008",48,49
"11132","48455","Trinity County, Texas","B01001_009",67,53
"11133","48455","Trinity County, Texas","B01001_010",270,123
"11134","48455","Trinity County, Texas","B01001_011",275,51
"11135","48455","Trinity County, Texas","B01001_012",298,58
"11136","48455","Trinity County, Texas","B01001_013",270,94
"11137","48455","Trinity County, Texas","B01001_014",397,132
"11138","48455","Trinity County, Texas","B01001_015",325,46
"11139","48455","Trinity County, Texas","B01001_016",479,110
"11140","48455","Trinity County, Texas","B01001_017",457,119
"11141","48455","Trinity County, Texas","B01001_018",270,110
"11142","48455","Trinity County, Texas","B01001_019",289,95
"11143","48455","Trinity County, Texas","B01001_020",304,120
"11144","48455","Trinity County, Texas","B01001_021",241,114
"11145","48455","Trinity County, Texas","B01001_022",500,109
"11146","48455","Trinity County, Texas","B01001_023",445,88
"11147","48455","Trinity County, Texas","B01001_024",216,74
"11148","48455","Trinity County, Texas","B01001_025",157,67
"11149","48455","Trinity County, Texas","B01001_026",7180,108
"11150","48455","Trinity County, Texas","B01001_027",343,61
"11151","48455","Trinity County, Texas","B01001_028",315,102
"11152","48455","Trinity County, Texas","B01001_029",461,100
"11153","48455","Trinity County, Texas","B01001_030",178,32
"11154","48455","Trinity County, Texas","B01001_031",133,84
"11155","48455","Trinity County, Texas","B01001_032",35,40
"11156","48455","Trinity County, Texas","B01001_033",57,50
"11157","48455","Trinity County, Texas","B01001_034",289,97
"11158","48455","Trinity County, Texas","B01001_035",390,132
"11159","48455","Trinity County, Texas","B01001_036",343,68
"11160","48455","Trinity County, Texas","B01001_037",353,97
"11161","48455","Trinity County, Texas","B01001_038",344,116
"11162","48455","Trinity County, Texas","B01001_039",379,55
"11163","48455","Trinity County, Texas","B01001_040",420,41
"11164","48455","Trinity County, Texas","B01001_041",581,151
"11165","48455","Trinity County, Texas","B01001_042",298,106
"11166","48455","Trinity County, Texas","B01001_043",309,101
"11167","48455","Trinity County, Texas","B01001_044",288,98
"11168","48455","Trinity County, Texas","B01001_045",417,102
"11169","48455","Trinity County, Texas","B01001_046",410,104
"11170","48455","Trinity County, Texas","B01001_047",354,83
"11171","48455","Trinity County, Texas","B01001_048",263,102
"11172","48455","Trinity County, Texas","B01001_049",220,81
"11173","48457","Tyler County, Texas","B01001_001",20238,NA
"11174","48457","Tyler County, Texas","B01001_002",11098,98
"11175","48457","Tyler County, Texas","B01001_003",372,34
"11176","48457","Tyler County, Texas","B01001_004",707,121
"11177","48457","Tyler County, Texas","B01001_005",574,128
"11178","48457","Tyler County, Texas","B01001_006",316,27
"11179","48457","Tyler County, Texas","B01001_007",183,38
"11180","48457","Tyler County, Texas","B01001_008",158,100
"11181","48457","Tyler County, Texas","B01001_009",62,70
"11182","48457","Tyler County, Texas","B01001_010",450,128
"11183","48457","Tyler County, Texas","B01001_011",1007,173
"11184","48457","Tyler County, Texas","B01001_012",732,128
"11185","48457","Tyler County, Texas","B01001_013",787,198
"11186","48457","Tyler County, Texas","B01001_014",878,177
"11187","48457","Tyler County, Texas","B01001_015",624,104
"11188","48457","Tyler County, Texas","B01001_016",644,97
"11189","48457","Tyler County, Texas","B01001_017",550,119
"11190","48457","Tyler County, Texas","B01001_018",303,104
"11191","48457","Tyler County, Texas","B01001_019",523,133
"11192","48457","Tyler County, Texas","B01001_020",291,117
"11193","48457","Tyler County, Texas","B01001_021",612,143
"11194","48457","Tyler County, Texas","B01001_022",427,114
"11195","48457","Tyler County, Texas","B01001_023",521,98
"11196","48457","Tyler County, Texas","B01001_024",203,71
"11197","48457","Tyler County, Texas","B01001_025",174,69
"11198","48457","Tyler County, Texas","B01001_026",9140,98
"11199","48457","Tyler County, Texas","B01001_027",401,41
"11200","48457","Tyler County, Texas","B01001_028",563,113
"11201","48457","Tyler County, Texas","B01001_029",571,103
"11202","48457","Tyler County, Texas","B01001_030",381,34
"11203","48457","Tyler County, Texas","B01001_031",175,92
"11204","48457","Tyler County, Texas","B01001_032",41,36
"11205","48457","Tyler County, Texas","B01001_033",131,85
"11206","48457","Tyler County, Texas","B01001_034",284,121
"11207","48457","Tyler County, Texas","B01001_035",427,51
"11208","48457","Tyler County, Texas","B01001_036",416,43
"11209","48457","Tyler County, Texas","B01001_037",504,118
"11210","48457","Tyler County, Texas","B01001_038",526,130
"11211","48457","Tyler County, Texas","B01001_039",476,41
"11212","48457","Tyler County, Texas","B01001_040",615,79
"11213","48457","Tyler County, Texas","B01001_041",646,134
"11214","48457","Tyler County, Texas","B01001_042",266,104
"11215","48457","Tyler County, Texas","B01001_043",407,111
"11216","48457","Tyler County, Texas","B01001_044",190,79
"11217","48457","Tyler County, Texas","B01001_045",364,107
"11218","48457","Tyler County, Texas","B01001_046",689,112
"11219","48457","Tyler County, Texas","B01001_047",470,114
"11220","48457","Tyler County, Texas","B01001_048",305,88
"11221","48457","Tyler County, Texas","B01001_049",292,110
"11222","48459","Upshur County, Texas","B01001_001",42567,NA
"11223","48459","Upshur County, Texas","B01001_002",21133,159
"11224","48459","Upshur County, Texas","B01001_003",1259,149
"11225","48459","Upshur County, Texas","B01001_004",1509,172
"11226","48459","Upshur County, Texas","B01001_005",1419,176
"11227","48459","Upshur County, Texas","B01001_006",945,82
"11228","48459","Upshur County, Texas","B01001_007",612,118
"11229","48459","Upshur County, Texas","B01001_008",450,171
"11230","48459","Upshur County, Texas","B01001_009",110,66
"11231","48459","Upshur County, Texas","B01001_010",741,192
"11232","48459","Upshur County, Texas","B01001_011",1078,87
"11233","48459","Upshur County, Texas","B01001_012",1337,150
"11234","48459","Upshur County, Texas","B01001_013",1261,184
"11235","48459","Upshur County, Texas","B01001_014",1303,256
"11236","48459","Upshur County, Texas","B01001_015",1098,59
"11237","48459","Upshur County, Texas","B01001_016",1370,105
"11238","48459","Upshur County, Texas","B01001_017",1662,256
"11239","48459","Upshur County, Texas","B01001_018",447,158
"11240","48459","Upshur County, Texas","B01001_019",864,198
"11241","48459","Upshur County, Texas","B01001_020",568,145
"11242","48459","Upshur County, Texas","B01001_021",755,185
"11243","48459","Upshur County, Texas","B01001_022",968,189
"11244","48459","Upshur County, Texas","B01001_023",696,127
"11245","48459","Upshur County, Texas","B01001_024",332,105
"11246","48459","Upshur County, Texas","B01001_025",349,116
"11247","48459","Upshur County, Texas","B01001_026",21434,159
"11248","48459","Upshur County, Texas","B01001_027",1271,139
"11249","48459","Upshur County, Texas","B01001_028",1297,224
"11250","48459","Upshur County, Texas","B01001_029",1493,230
"11251","48459","Upshur County, Texas","B01001_030",945,79
"11252","48459","Upshur County, Texas","B01001_031",421,191
"11253","48459","Upshur County, Texas","B01001_032",243,143
"11254","48459","Upshur County, Texas","B01001_033",71,64
"11255","48459","Upshur County, Texas","B01001_034",558,170
"11256","48459","Upshur County, Texas","B01001_035",1195,132
"11257","48459","Upshur County, Texas","B01001_036",1498,140
"11258","48459","Upshur County, Texas","B01001_037",1224,241
"11259","48459","Upshur County, Texas","B01001_038",1499,243
"11260","48459","Upshur County, Texas","B01001_039",1261,93
"11261","48459","Upshur County, Texas","B01001_040",1163,62
"11262","48459","Upshur County, Texas","B01001_041",1580,218
"11263","48459","Upshur County, Texas","B01001_042",540,137
"11264","48459","Upshur County, Texas","B01001_043",980,166
"11265","48459","Upshur County, Texas","B01001_044",610,138
"11266","48459","Upshur County, Texas","B01001_045",691,181
"11267","48459","Upshur County, Texas","B01001_046",1150,187
"11268","48459","Upshur County, Texas","B01001_047",713,162
"11269","48459","Upshur County, Texas","B01001_048",613,152
"11270","48459","Upshur County, Texas","B01001_049",418,127
"11271","48461","Upton County, Texas","B01001_001",3191,NA
"11272","48461","Upton County, Texas","B01001_002",1551,99
"11273","48461","Upton County, Texas","B01001_003",12,14
"11274","48461","Upton County, Texas","B01001_004",132,57
"11275","48461","Upton County, Texas","B01001_005",160,75
"11276","48461","Upton County, Texas","B01001_006",20,19
"11277","48461","Upton County, Texas","B01001_007",55,46
"11278","48461","Upton County, Texas","B01001_008",1,2
"11279","48461","Upton County, Texas","B01001_009",0,15
"11280","48461","Upton County, Texas","B01001_010",65,46
"11281","48461","Upton County, Texas","B01001_011",26,25
"11282","48461","Upton County, Texas","B01001_012",108,59
"11283","48461","Upton County, Texas","B01001_013",145,69
"11284","48461","Upton County, Texas","B01001_014",163,86
"11285","48461","Upton County, Texas","B01001_015",70,41
"11286","48461","Upton County, Texas","B01001_016",112,71
"11287","48461","Upton County, Texas","B01001_017",51,27
"11288","48461","Upton County, Texas","B01001_018",76,51
"11289","48461","Upton County, Texas","B01001_019",49,40
"11290","48461","Upton County, Texas","B01001_020",23,24
"11291","48461","Upton County, Texas","B01001_021",84,53
"11292","48461","Upton County, Texas","B01001_022",93,43
"11293","48461","Upton County, Texas","B01001_023",58,37
"11294","48461","Upton County, Texas","B01001_024",36,29
"11295","48461","Upton County, Texas","B01001_025",12,14
"11296","48461","Upton County, Texas","B01001_026",1640,99
"11297","48461","Upton County, Texas","B01001_027",94,44
"11298","48461","Upton County, Texas","B01001_028",90,46
"11299","48461","Upton County, Texas","B01001_029",155,56
"11300","48461","Upton County, Texas","B01001_030",88,61
"11301","48461","Upton County, Texas","B01001_031",20,26
"11302","48461","Upton County, Texas","B01001_032",0,15
"11303","48461","Upton County, Texas","B01001_033",0,15
"11304","48461","Upton County, Texas","B01001_034",82,55
"11305","48461","Upton County, Texas","B01001_035",118,78
"11306","48461","Upton County, Texas","B01001_036",41,30
"11307","48461","Upton County, Texas","B01001_037",82,56
"11308","48461","Upton County, Texas","B01001_038",141,56
"11309","48461","Upton County, Texas","B01001_039",135,47
"11310","48461","Upton County, Texas","B01001_040",78,44
"11311","48461","Upton County, Texas","B01001_041",94,57
"11312","48461","Upton County, Texas","B01001_042",81,75
"11313","48461","Upton County, Texas","B01001_043",36,37
"11314","48461","Upton County, Texas","B01001_044",70,49
"11315","48461","Upton County, Texas","B01001_045",76,49
"11316","48461","Upton County, Texas","B01001_046",33,35
"11317","48461","Upton County, Texas","B01001_047",19,26
"11318","48461","Upton County, Texas","B01001_048",32,36
"11319","48461","Upton County, Texas","B01001_049",75,47
"11320","48463","Uvalde County, Texas","B01001_001",24881,NA
"11321","48463","Uvalde County, Texas","B01001_002",12406,189
"11322","48463","Uvalde County, Texas","B01001_003",841,83
"11323","48463","Uvalde County, Texas","B01001_004",892,211
"11324","48463","Uvalde County, Texas","B01001_005",1001,199
"11325","48463","Uvalde County, Texas","B01001_006",746,140
"11326","48463","Uvalde County, Texas","B01001_007",550,227
"11327","48463","Uvalde County, Texas","B01001_008",199,114
"11328","48463","Uvalde County, Texas","B01001_009",48,76
"11329","48463","Uvalde County, Texas","B01001_010",686,217
"11330","48463","Uvalde County, Texas","B01001_011",788,111
"11331","48463","Uvalde County, Texas","B01001_012",814,12
"11332","48463","Uvalde County, Texas","B01001_013",544,216
"11333","48463","Uvalde County, Texas","B01001_014",1027,232
"11334","48463","Uvalde County, Texas","B01001_015",672,106
"11335","48463","Uvalde County, Texas","B01001_016",549,67
"11336","48463","Uvalde County, Texas","B01001_017",647,147
"11337","48463","Uvalde County, Texas","B01001_018",258,118
"11338","48463","Uvalde County, Texas","B01001_019",294,121
"11339","48463","Uvalde County, Texas","B01001_020",231,99
"11340","48463","Uvalde County, Texas","B01001_021",258,143
"11341","48463","Uvalde County, Texas","B01001_022",552,154
"11342","48463","Uvalde County, Texas","B01001_023",251,94
"11343","48463","Uvalde County, Texas","B01001_024",272,92
"11344","48463","Uvalde County, Texas","B01001_025",286,119
"11345","48463","Uvalde County, Texas","B01001_026",12475,189
"11346","48463","Uvalde County, Texas","B01001_027",973,83
"11347","48463","Uvalde County, Texas","B01001_028",930,185
"11348","48463","Uvalde County, Texas","B01001_029",819,187
"11349","48463","Uvalde County, Texas","B01001_030",393,170
"11350","48463","Uvalde County, Texas","B01001_031",341,186
"11351","48463","Uvalde County, Texas","B01001_032",86,80
"11352","48463","Uvalde County, Texas","B01001_033",136,159
"11353","48463","Uvalde County, Texas","B01001_034",679,244
"11354","48463","Uvalde County, Texas","B01001_035",766,99
"11355","48463","Uvalde County, Texas","B01001_036",960,127
"11356","48463","Uvalde County, Texas","B01001_037",753,252
"11357","48463","Uvalde County, Texas","B01001_038",746,237
"11358","48463","Uvalde County, Texas","B01001_039",606,74
"11359","48463","Uvalde County, Texas","B01001_040",702,4
"11360","48463","Uvalde County, Texas","B01001_041",740,208
"11361","48463","Uvalde County, Texas","B01001_042",292,155
"11362","48463","Uvalde County, Texas","B01001_043",305,159
"11363","48463","Uvalde County, Texas","B01001_044",286,116
"11364","48463","Uvalde County, Texas","B01001_045",362,145
"11365","48463","Uvalde County, Texas","B01001_046",529,151
"11366","48463","Uvalde County, Texas","B01001_047",269,106
"11367","48463","Uvalde County, Texas","B01001_048",321,111
"11368","48463","Uvalde County, Texas","B01001_049",481,125
"11369","48465","Val Verde County, Texas","B01001_001",47741,NA
"11370","48465","Val Verde County, Texas","B01001_002",24662,116
"11371","48465","Val Verde County, Texas","B01001_003",1848,18
"11372","48465","Val Verde County, Texas","B01001_004",2122,281
"11373","48465","Val Verde County, Texas","B01001_005",1606,280
"11374","48465","Val Verde County, Texas","B01001_006",1145,72
"11375","48465","Val Verde County, Texas","B01001_007",734,69
"11376","48465","Val Verde County, Texas","B01001_008",383,219
"11377","48465","Val Verde County, Texas","B01001_009",164,133
"11378","48465","Val Verde County, Texas","B01001_010",1742,259
"11379","48465","Val Verde County, Texas","B01001_011",2080,34
"11380","48465","Val Verde County, Texas","B01001_012",1936,68
"11381","48465","Val Verde County, Texas","B01001_013",1823,318
"11382","48465","Val Verde County, Texas","B01001_014",1365,296
"11383","48465","Val Verde County, Texas","B01001_015",1283,42
"11384","48465","Val Verde County, Texas","B01001_016",1237,40
"11385","48465","Val Verde County, Texas","B01001_017",1156,188
"11386","48465","Val Verde County, Texas","B01001_018",572,178
"11387","48465","Val Verde County, Texas","B01001_019",495,139
"11388","48465","Val Verde County, Texas","B01001_020",315,113
"11389","48465","Val Verde County, Texas","B01001_021",428,128
"11390","48465","Val Verde County, Texas","B01001_022",912,155
"11391","48465","Val Verde County, Texas","B01001_023",649,141
"11392","48465","Val Verde County, Texas","B01001_024",347,118
"11393","48465","Val Verde County, Texas","B01001_025",320,122
"11394","48465","Val Verde County, Texas","B01001_026",23079,116
"11395","48465","Val Verde County, Texas","B01001_027",1799,31
"11396","48465","Val Verde County, Texas","B01001_028",1823,267
"11397","48465","Val Verde County, Texas","B01001_029",1905,271
"11398","48465","Val Verde County, Texas","B01001_030",1040,54
"11399","48465","Val Verde County, Texas","B01001_031",654,39
"11400","48465","Val Verde County, Texas","B01001_032",145,90
"11401","48465","Val Verde County, Texas","B01001_033",446,182
"11402","48465","Val Verde County, Texas","B01001_034",1121,221
"11403","48465","Val Verde County, Texas","B01001_035",1548,4
"11404","48465","Val Verde County, Texas","B01001_036",1508,27
"11405","48465","Val Verde County, Texas","B01001_037",1254,199
"11406","48465","Val Verde County, Texas","B01001_038",1405,207
"11407","48465","Val Verde County, Texas","B01001_039",1236,27
"11408","48465","Val Verde County, Texas","B01001_040",1244,23
"11409","48465","Val Verde County, Texas","B01001_041",1466,159
"11410","48465","Val Verde County, Texas","B01001_042",332,93
"11411","48465","Val Verde County, Texas","B01001_043",477,142
"11412","48465","Val Verde County, Texas","B01001_044",378,120
"11413","48465","Val Verde County, Texas","B01001_045",492,139
"11414","48465","Val Verde County, Texas","B01001_046",1108,165
"11415","48465","Val Verde County, Texas","B01001_047",589,131
"11416","48465","Val Verde County, Texas","B01001_048",463,120
"11417","48465","Val Verde County, Texas","B01001_049",646,137
"11418","48467","Van Zandt County, Texas","B01001_001",62649,NA
"11419","48467","Van Zandt County, Texas","B01001_002",30643,177
"11420","48467","Van Zandt County, Texas","B01001_003",1772,59
"11421","48467","Van Zandt County, Texas","B01001_004",2111,245
"11422","48467","Van Zandt County, Texas","B01001_005",2020,258
"11423","48467","Van Zandt County, Texas","B01001_006",1210,95
"11424","48467","Van Zandt County, Texas","B01001_007",663,3
"11425","48467","Van Zandt County, Texas","B01001_008",306,159
"11426","48467","Van Zandt County, Texas","B01001_009",192,119
"11427","48467","Van Zandt County, Texas","B01001_010",1143,238
"11428","48467","Van Zandt County, Texas","B01001_011",1648,161
"11429","48467","Van Zandt County, Texas","B01001_012",1867,165
"11430","48467","Van Zandt County, Texas","B01001_013",1549,309
"11431","48467","Van Zandt County, Texas","B01001_014",2193,312
"11432","48467","Van Zandt County, Texas","B01001_015",1799,26
"11433","48467","Van Zandt County, Texas","B01001_016",1939,47
"11434","48467","Van Zandt County, Texas","B01001_017",2260,264
"11435","48467","Van Zandt County, Texas","B01001_018",767,221
"11436","48467","Van Zandt County, Texas","B01001_019",1399,274
"11437","48467","Van Zandt County, Texas","B01001_020",618,173
"11438","48467","Van Zandt County, Texas","B01001_021",1277,260
"11439","48467","Van Zandt County, Texas","B01001_022",1679,270
"11440","48467","Van Zandt County, Texas","B01001_023",1094,210
"11441","48467","Van Zandt County, Texas","B01001_024",681,203
"11442","48467","Van Zandt County, Texas","B01001_025",456,147
"11443","48467","Van Zandt County, Texas","B01001_026",32006,177
"11444","48467","Van Zandt County, Texas","B01001_027",1780,165
"11445","48467","Van Zandt County, Texas","B01001_028",1885,314
"11446","48467","Van Zandt County, Texas","B01001_029",2171,327
"11447","48467","Van Zandt County, Texas","B01001_030",1437,80
"11448","48467","Van Zandt County, Texas","B01001_031",595,88
"11449","48467","Van Zandt County, Texas","B01001_032",298,148
"11450","48467","Van Zandt County, Texas","B01001_033",447,186
"11451","48467","Van Zandt County, Texas","B01001_034",928,164
"11452","48467","Van Zandt County, Texas","B01001_035",1549,34
"11453","48467","Van Zandt County, Texas","B01001_036",1926,146
"11454","48467","Van Zandt County, Texas","B01001_037",2048,242
"11455","48467","Van Zandt County, Texas","B01001_038",1677,239
"11456","48467","Van Zandt County, Texas","B01001_039",1824,118
"11457","48467","Van Zandt County, Texas","B01001_040",2145,156
"11458","48467","Van Zandt County, Texas","B01001_041",2140,307
"11459","48467","Van Zandt County, Texas","B01001_042",1048,245
"11460","48467","Van Zandt County, Texas","B01001_043",1162,226
"11461","48467","Van Zandt County, Texas","B01001_044",674,191
"11462","48467","Van Zandt County, Texas","B01001_045",1487,234
"11463","48467","Van Zandt County, Texas","B01001_046",1782,256
"11464","48467","Van Zandt County, Texas","B01001_047",1270,203
"11465","48467","Van Zandt County, Texas","B01001_048",797,180
"11466","48467","Van Zandt County, Texas","B01001_049",936,210
"11467","48469","Victoria County, Texas","B01001_001",91413,NA
"11468","48469","Victoria County, Texas","B01001_002",45003,132
"11469","48469","Victoria County, Texas","B01001_003",3081,128
"11470","48469","Victoria County, Texas","B01001_004",3006,354
"11471","48469","Victoria County, Texas","B01001_005",3601,350
"11472","48469","Victoria County, Texas","B01001_006",2036,58
"11473","48469","Victoria County, Texas","B01001_007",1139,68
"11474","48469","Victoria County, Texas","B01001_008",420,163
"11475","48469","Victoria County, Texas","B01001_009",444,180
"11476","48469","Victoria County, Texas","B01001_010",2225,221
"11477","48469","Victoria County, Texas","B01001_011",2894,123
"11478","48469","Victoria County, Texas","B01001_012",3085,103
"11479","48469","Victoria County, Texas","B01001_013",3219,362
"11480","48469","Victoria County, Texas","B01001_014",2662,382
"11481","48469","Victoria County, Texas","B01001_015",2487,120
"11482","48469","Victoria County, Texas","B01001_016",2334,100
"11483","48469","Victoria County, Texas","B01001_017",2770,328
"11484","48469","Victoria County, Texas","B01001_018",874,239
"11485","48469","Victoria County, Texas","B01001_019",1667,248
"11486","48469","Victoria County, Texas","B01001_020",876,188
"11487","48469","Victoria County, Texas","B01001_021",1250,227
"11488","48469","Victoria County, Texas","B01001_022",2168,209
"11489","48469","Victoria County, Texas","B01001_023",1498,185
"11490","48469","Victoria County, Texas","B01001_024",654,158
"11491","48469","Victoria County, Texas","B01001_025",613,153
"11492","48469","Victoria County, Texas","B01001_026",46410,132
"11493","48469","Victoria County, Texas","B01001_027",2906,118
"11494","48469","Victoria County, Texas","B01001_028",3647,423
"11495","48469","Victoria County, Texas","B01001_029",2711,413
"11496","48469","Victoria County, Texas","B01001_030",1936,87
"11497","48469","Victoria County, Texas","B01001_031",1201,117
"11498","48469","Victoria County, Texas","B01001_032",184,100
"11499","48469","Victoria County, Texas","B01001_033",503,183
"11500","48469","Victoria County, Texas","B01001_034",2214,214
"11501","48469","Victoria County, Texas","B01001_035",3016,121
"11502","48469","Victoria County, Texas","B01001_036",3062,115
"11503","48469","Victoria County, Texas","B01001_037",3020,348
"11504","48469","Victoria County, Texas","B01001_038",2854,354
"11505","48469","Victoria County, Texas","B01001_039",2701,127
"11506","48469","Victoria County, Texas","B01001_040",2364,55
"11507","48469","Victoria County, Texas","B01001_041",2980,312
"11508","48469","Victoria County, Texas","B01001_042",1118,258
"11509","48469","Victoria County, Texas","B01001_043",1427,272
"11510","48469","Victoria County, Texas","B01001_044",1300,255
"11511","48469","Victoria County, Texas","B01001_045",1546,223
"11512","48469","Victoria County, Texas","B01001_046",2004,237
"11513","48469","Victoria County, Texas","B01001_047",1602,235
"11514","48469","Victoria County, Texas","B01001_048",928,167
"11515","48469","Victoria County, Texas","B01001_049",1186,222
"11516","48471","Walker County, Texas","B01001_001",80209,NA
"11517","48471","Walker County, Texas","B01001_002",47355,284
"11518","48471","Walker County, Texas","B01001_003",1686,231
"11519","48471","Walker County, Texas","B01001_004",1690,311
"11520","48471","Walker County, Texas","B01001_005",1687,307
"11521","48471","Walker County, Texas","B01001_006",1209,143
"11522","48471","Walker County, Texas","B01001_007",1994,353
"11523","48471","Walker County, Texas","B01001_008",1109,441
"11524","48471","Walker County, Texas","B01001_009",896,317
"11525","48471","Walker County, Texas","B01001_010",3150,490
"11526","48471","Walker County, Texas","B01001_011",3653,4
"11527","48471","Walker County, Texas","B01001_012",3874,51
"11528","48471","Walker County, Texas","B01001_013",4674,483
"11529","48471","Walker County, Texas","B01001_014",3593,464
"11530","48471","Walker County, Texas","B01001_015",4034,344
"11531","48471","Walker County, Texas","B01001_016",3546,342
"11532","48471","Walker County, Texas","B01001_017",2989,292
"11533","48471","Walker County, Texas","B01001_018",844,218
"11534","48471","Walker County, Texas","B01001_019",1404,258
"11535","48471","Walker County, Texas","B01001_020",1065,268
"11536","48471","Walker County, Texas","B01001_021",1030,261
"11537","48471","Walker County, Texas","B01001_022",1268,255
"11538","48471","Walker County, Texas","B01001_023",985,200
"11539","48471","Walker County, Texas","B01001_024",461,167
"11540","48471","Walker County, Texas","B01001_025",514,206
"11541","48471","Walker County, Texas","B01001_026",32854,284
"11542","48471","Walker County, Texas","B01001_027",1463,230
"11543","48471","Walker County, Texas","B01001_028",1811,297
"11544","48471","Walker County, Texas","B01001_029",1264,296
"11545","48471","Walker County, Texas","B01001_030",852,146
"11546","48471","Walker County, Texas","B01001_031",2735,284
"11547","48471","Walker County, Texas","B01001_032",1154,369
"11548","48471","Walker County, Texas","B01001_033",1511,353
"11549","48471","Walker County, Texas","B01001_034",2025,491
"11550","48471","Walker County, Texas","B01001_035",2062,2
"11551","48471","Walker County, Texas","B01001_036",1381,283
"11552","48471","Walker County, Texas","B01001_037",2119,383
"11553","48471","Walker County, Texas","B01001_038",1629,285
"11554","48471","Walker County, Texas","B01001_039",1504,217
"11555","48471","Walker County, Texas","B01001_040",1629,144
"11556","48471","Walker County, Texas","B01001_041",1660,316
"11557","48471","Walker County, Texas","B01001_042",862,300
"11558","48471","Walker County, Texas","B01001_043",1393,289
"11559","48471","Walker County, Texas","B01001_044",609,196
"11560","48471","Walker County, Texas","B01001_045",1041,310
"11561","48471","Walker County, Texas","B01001_046",1749,326
"11562","48471","Walker County, Texas","B01001_047",874,208
"11563","48471","Walker County, Texas","B01001_048",713,194
"11564","48471","Walker County, Texas","B01001_049",814,244
"11565","48473","Waller County, Texas","B01001_001",61552,NA
"11566","48473","Waller County, Texas","B01001_002",30668,140
"11567","48473","Waller County, Texas","B01001_003",2017,105
"11568","48473","Waller County, Texas","B01001_004",1897,397
"11569","48473","Waller County, Texas","B01001_005",2366,388
"11570","48473","Waller County, Texas","B01001_006",1244,91
"11571","48473","Waller County, Texas","B01001_007",1119,222
"11572","48473","Waller County, Texas","B01001_008",890,392
"11573","48473","Waller County, Texas","B01001_009",851,452
"11574","48473","Waller County, Texas","B01001_010",1894,454
"11575","48473","Waller County, Texas","B01001_011",1960,384
"11576","48473","Waller County, Texas","B01001_012",1790,309
"11577","48473","Waller County, Texas","B01001_013",2003,419
"11578","48473","Waller County, Texas","B01001_014",2902,695
"11579","48473","Waller County, Texas","B01001_015",1656,89
"11580","48473","Waller County, Texas","B01001_016",1467,91
"11581","48473","Waller County, Texas","B01001_017",1589,277
"11582","48473","Waller County, Texas","B01001_018",477,176
"11583","48473","Waller County, Texas","B01001_019",1099,253
"11584","48473","Waller County, Texas","B01001_020",399,127
"11585","48473","Waller County, Texas","B01001_021",916,201
"11586","48473","Waller County, Texas","B01001_022",969,209
"11587","48473","Waller County, Texas","B01001_023",583,126
"11588","48473","Waller County, Texas","B01001_024",359,117
"11589","48473","Waller County, Texas","B01001_025",221,88
"11590","48473","Waller County, Texas","B01001_026",30884,140
"11591","48473","Waller County, Texas","B01001_027",1761,103
"11592","48473","Waller County, Texas","B01001_028",2124,279
"11593","48473","Waller County, Texas","B01001_029",1893,286
"11594","48473","Waller County, Texas","B01001_030",1308,93
"11595","48473","Waller County, Texas","B01001_031",2147,394
"11596","48473","Waller County, Texas","B01001_032",1362,378
"11597","48473","Waller County, Texas","B01001_033",1201,373
"11598","48473","Waller County, Texas","B01001_034",1940,478
"11599","48473","Waller County, Texas","B01001_035",1969,346
"11600","48473","Waller County, Texas","B01001_036",1772,248
"11601","48473","Waller County, Texas","B01001_037",1663,284
"11602","48473","Waller County, Texas","B01001_038",1816,316
"11603","48473","Waller County, Texas","B01001_039",1573,82
"11604","48473","Waller County, Texas","B01001_040",1462,87
"11605","48473","Waller County, Texas","B01001_041",1134,187
"11606","48473","Waller County, Texas","B01001_042",870,233
"11607","48473","Waller County, Texas","B01001_043",1193,229
"11608","48473","Waller County, Texas","B01001_044",603,153
"11609","48473","Waller County, Texas","B01001_045",691,183
"11610","48473","Waller County, Texas","B01001_046",1021,156
"11611","48473","Waller County, Texas","B01001_047",830,152
"11612","48473","Waller County, Texas","B01001_048",227,84
"11613","48473","Waller County, Texas","B01001_049",324,119
"11614","48475","Ward County, Texas","B01001_001",11144,NA
"11615","48475","Ward County, Texas","B01001_002",5733,135
"11616","48475","Ward County, Texas","B01001_003",436,85
"11617","48475","Ward County, Texas","B01001_004",417,104
"11618","48475","Ward County, Texas","B01001_005",476,123
"11619","48475","Ward County, Texas","B01001_006",329,102
"11620","48475","Ward County, Texas","B01001_007",135,101
"11621","48475","Ward County, Texas","B01001_008",33,42
"11622","48475","Ward County, Texas","B01001_009",84,58
"11623","48475","Ward County, Texas","B01001_010",141,78
"11624","48475","Ward County, Texas","B01001_011",459,54
"11625","48475","Ward County, Texas","B01001_012",393,89
"11626","48475","Ward County, Texas","B01001_013",606,192
"11627","48475","Ward County, Texas","B01001_014",308,121
"11628","48475","Ward County, Texas","B01001_015",253,56
"11629","48475","Ward County, Texas","B01001_016",414,125
"11630","48475","Ward County, Texas","B01001_017",366,83
"11631","48475","Ward County, Texas","B01001_018",106,55
"11632","48475","Ward County, Texas","B01001_019",116,60
"11633","48475","Ward County, Texas","B01001_020",78,53
"11634","48475","Ward County, Texas","B01001_021",116,68
"11635","48475","Ward County, Texas","B01001_022",189,74
"11636","48475","Ward County, Texas","B01001_023",115,40
"11637","48475","Ward County, Texas","B01001_024",121,38
"11638","48475","Ward County, Texas","B01001_025",42,35
"11639","48475","Ward County, Texas","B01001_026",5411,135
"11640","48475","Ward County, Texas","B01001_027",409,83
"11641","48475","Ward County, Texas","B01001_028",467,74
"11642","48475","Ward County, Texas","B01001_029",445,99
"11643","48475","Ward County, Texas","B01001_030",276,90
"11644","48475","Ward County, Texas","B01001_031",40,37
"11645","48475","Ward County, Texas","B01001_032",55,50
"11646","48475","Ward County, Texas","B01001_033",73,69
"11647","48475","Ward County, Texas","B01001_034",91,52
"11648","48475","Ward County, Texas","B01001_035",542,107
"11649","48475","Ward County, Texas","B01001_036",344,136
"11650","48475","Ward County, Texas","B01001_037",280,119
"11651","48475","Ward County, Texas","B01001_038",435,136
"11652","48475","Ward County, Texas","B01001_039",229,125
"11653","48475","Ward County, Texas","B01001_040",297,58
"11654","48475","Ward County, Texas","B01001_041",221,97
"11655","48475","Ward County, Texas","B01001_042",139,83
"11656","48475","Ward County, Texas","B01001_043",219,81
"11657","48475","Ward County, Texas","B01001_044",50,33
"11658","48475","Ward County, Texas","B01001_045",150,56
"11659","48475","Ward County, Texas","B01001_046",222,58
"11660","48475","Ward County, Texas","B01001_047",223,50
"11661","48475","Ward County, Texas","B01001_048",154,100
"11662","48475","Ward County, Texas","B01001_049",50,35
"11663","48477","Washington County, Texas","B01001_001",36647,NA
"11664","48477","Washington County, Texas","B01001_002",18177,181
"11665","48477","Washington County, Texas","B01001_003",967,219
"11666","48477","Washington County, Texas","B01001_004",1134,253
"11667","48477","Washington County, Texas","B01001_005",1241,304
"11668","48477","Washington County, Texas","B01001_006",852,90
"11669","48477","Washington County, Texas","B01001_007",730,143
"11670","48477","Washington County, Texas","B01001_008",356,135
"11671","48477","Washington County, Texas","B01001_009",396,212
"11672","48477","Washington County, Texas","B01001_010",695,197
"11673","48477","Washington County, Texas","B01001_011",1016,232
"11674","48477","Washington County, Texas","B01001_012",952,186
"11675","48477","Washington County, Texas","B01001_013",977,224
"11676","48477","Washington County, Texas","B01001_014",907,165
"11677","48477","Washington County, Texas","B01001_015",759,173
"11678","48477","Washington County, Texas","B01001_016",1120,161
"11679","48477","Washington County, Texas","B01001_017",858,207
"11680","48477","Washington County, Texas","B01001_018",654,174
"11681","48477","Washington County, Texas","B01001_019",782,224
"11682","48477","Washington County, Texas","B01001_020",562,194
"11683","48477","Washington County, Texas","B01001_021",854,216
"11684","48477","Washington County, Texas","B01001_022",923,156
"11685","48477","Washington County, Texas","B01001_023",590,135
"11686","48477","Washington County, Texas","B01001_024",371,102
"11687","48477","Washington County, Texas","B01001_025",481,151
"11688","48477","Washington County, Texas","B01001_026",18470,181
"11689","48477","Washington County, Texas","B01001_027",819,66
"11690","48477","Washington County, Texas","B01001_028",1031,176
"11691","48477","Washington County, Texas","B01001_029",1144,186
"11692","48477","Washington County, Texas","B01001_030",569,88
"11693","48477","Washington County, Texas","B01001_031",851,211
"11694","48477","Washington County, Texas","B01001_032",243,94
"11695","48477","Washington County, Texas","B01001_033",239,154
"11696","48477","Washington County, Texas","B01001_034",545,201
"11697","48477","Washington County, Texas","B01001_035",995,219
"11698","48477","Washington County, Texas","B01001_036",987,163
"11699","48477","Washington County, Texas","B01001_037",983,201
"11700","48477","Washington County, Texas","B01001_038",965,161
"11701","48477","Washington County, Texas","B01001_039",842,176
"11702","48477","Washington County, Texas","B01001_040",1122,130
"11703","48477","Washington County, Texas","B01001_041",1121,224
"11704","48477","Washington County, Texas","B01001_042",512,177
"11705","48477","Washington County, Texas","B01001_043",819,216
"11706","48477","Washington County, Texas","B01001_044",659,150
"11707","48477","Washington County, Texas","B01001_045",872,202
"11708","48477","Washington County, Texas","B01001_046",1010,193
"11709","48477","Washington County, Texas","B01001_047",984,209
"11710","48477","Washington County, Texas","B01001_048",679,175
"11711","48477","Washington County, Texas","B01001_049",479,140
"11712","48479","Webb County, Texas","B01001_001",269294,NA
"11713","48479","Webb County, Texas","B01001_002",133726,198
"11714","48479","Webb County, Texas","B01001_003",11062,35
"11715","48479","Webb County, Texas","B01001_004",12878,768
"11716","48479","Webb County, Texas","B01001_005",11603,770
"11717","48479","Webb County, Texas","B01001_006",7271,91
"11718","48479","Webb County, Texas","B01001_007",4808,118
"11719","48479","Webb County, Texas","B01001_008",2580,395
"11720","48479","Webb County, Texas","B01001_009",2557,416
"11721","48479","Webb County, Texas","B01001_010",5721,503
"11722","48479","Webb County, Texas","B01001_011",10108,81
"11723","48479","Webb County, Texas","B01001_012",9210,72
"11724","48479","Webb County, Texas","B01001_013",8902,720
"11725","48479","Webb County, Texas","B01001_014",7926,681
"11726","48479","Webb County, Texas","B01001_015",8089,158
"11727","48479","Webb County, Texas","B01001_016",7388,73
"11728","48479","Webb County, Texas","B01001_017",6313,405
"11729","48479","Webb County, Texas","B01001_018",2062,358
"11730","48479","Webb County, Texas","B01001_019",3062,323
"11731","48479","Webb County, Texas","B01001_020",1849,309
"11732","48479","Webb County, Texas","B01001_021",2519,282
"11733","48479","Webb County, Texas","B01001_022",3301,342
"11734","48479","Webb County, Texas","B01001_023",2068,228
"11735","48479","Webb County, Texas","B01001_024",1062,213
"11736","48479","Webb County, Texas","B01001_025",1387,277
"11737","48479","Webb County, Texas","B01001_026",135568,198
"11738","48479","Webb County, Texas","B01001_027",10717,35
"11739","48479","Webb County, Texas","B01001_028",11060,727
"11740","48479","Webb County, Texas","B01001_029",12540,707
"11741","48479","Webb County, Texas","B01001_030",7058,43
"11742","48479","Webb County, Texas","B01001_031",4522,96
"11743","48479","Webb County, Texas","B01001_032",2337,367
"11744","48479","Webb County, Texas","B01001_033",2733,421
"11745","48479","Webb County, Texas","B01001_034",5582,485
"11746","48479","Webb County, Texas","B01001_035",9436,12
"11747","48479","Webb County, Texas","B01001_036",8611,66
"11748","48479","Webb County, Texas","B01001_037",8322,688
"11749","48479","Webb County, Texas","B01001_038",7929,648
"11750","48479","Webb County, Texas","B01001_039",8424,71
"11751","48479","Webb County, Texas","B01001_040",7860,59
"11752","48479","Webb County, Texas","B01001_041",6671,520
"11753","48479","Webb County, Texas","B01001_042",2361,314
"11754","48479","Webb County, Texas","B01001_043",3850,464
"11755","48479","Webb County, Texas","B01001_044",1749,293
"11756","48479","Webb County, Texas","B01001_045",3141,424
"11757","48479","Webb County, Texas","B01001_046",3977,386
"11758","48479","Webb County, Texas","B01001_047",2926,391
"11759","48479","Webb County, Texas","B01001_048",1893,297
"11760","48479","Webb County, Texas","B01001_049",1869,271
"11761","48481","Wharton County, Texas","B01001_001",41794,NA
"11762","48481","Wharton County, Texas","B01001_002",20854,245
"11763","48481","Wharton County, Texas","B01001_003",1395,110
"11764","48481","Wharton County, Texas","B01001_004",1516,290
"11765","48481","Wharton County, Texas","B01001_005",1686,323
"11766","48481","Wharton County, Texas","B01001_006",1043,279
"11767","48481","Wharton County, Texas","B01001_007",459,156
"11768","48481","Wharton County, Texas","B01001_008",254,115
"11769","48481","Wharton County, Texas","B01001_009",265,111
"11770","48481","Wharton County, Texas","B01001_010",982,195
"11771","48481","Wharton County, Texas","B01001_011",1246,110
"11772","48481","Wharton County, Texas","B01001_012",1255,107
"11773","48481","Wharton County, Texas","B01001_013",1128,243
"11774","48481","Wharton County, Texas","B01001_014",1410,257
"11775","48481","Wharton County, Texas","B01001_015",987,41
"11776","48481","Wharton County, Texas","B01001_016",1213,108
"11777","48481","Wharton County, Texas","B01001_017",1203,215
"11778","48481","Wharton County, Texas","B01001_018",385,157
"11779","48481","Wharton County, Texas","B01001_019",958,208
"11780","48481","Wharton County, Texas","B01001_020",516,148
"11781","48481","Wharton County, Texas","B01001_021",735,168
"11782","48481","Wharton County, Texas","B01001_022",1042,200
"11783","48481","Wharton County, Texas","B01001_023",465,154
"11784","48481","Wharton County, Texas","B01001_024",365,120
"11785","48481","Wharton County, Texas","B01001_025",346,123
"11786","48481","Wharton County, Texas","B01001_026",20940,245
"11787","48481","Wharton County, Texas","B01001_027",1423,111
"11788","48481","Wharton County, Texas","B01001_028",1293,288
"11789","48481","Wharton County, Texas","B01001_029",1347,255
"11790","48481","Wharton County, Texas","B01001_030",919,143
"11791","48481","Wharton County, Texas","B01001_031",408,157
"11792","48481","Wharton County, Texas","B01001_032",304,156
"11793","48481","Wharton County, Texas","B01001_033",266,154
"11794","48481","Wharton County, Texas","B01001_034",900,193
"11795","48481","Wharton County, Texas","B01001_035",1220,135
"11796","48481","Wharton County, Texas","B01001_036",1183,120
"11797","48481","Wharton County, Texas","B01001_037",1172,217
"11798","48481","Wharton County, Texas","B01001_038",1331,247
"11799","48481","Wharton County, Texas","B01001_039",1314,197
"11800","48481","Wharton County, Texas","B01001_040",1092,117
"11801","48481","Wharton County, Texas","B01001_041",1410,226
"11802","48481","Wharton County, Texas","B01001_042",530,148
"11803","48481","Wharton County, Texas","B01001_043",708,197
"11804","48481","Wharton County, Texas","B01001_044",431,111
"11805","48481","Wharton County, Texas","B01001_045",757,145
"11806","48481","Wharton County, Texas","B01001_046",1057,156
"11807","48481","Wharton County, Texas","B01001_047",700,158
"11808","48481","Wharton County, Texas","B01001_048",660,168
"11809","48481","Wharton County, Texas","B01001_049",515,168
"11810","48483","Wheeler County, Texas","B01001_001",4862,NA
"11811","48483","Wheeler County, Texas","B01001_002",2501,74
"11812","48483","Wheeler County, Texas","B01001_003",147,45
"11813","48483","Wheeler County, Texas","B01001_004",187,40
"11814","48483","Wheeler County, Texas","B01001_005",252,40
"11815","48483","Wheeler County, Texas","B01001_006",71,33
"11816","48483","Wheeler County, Texas","B01001_007",94,57
"11817","48483","Wheeler County, Texas","B01001_008",30,35
"11818","48483","Wheeler County, Texas","B01001_009",5,7
"11819","48483","Wheeler County, Texas","B01001_010",53,41
"11820","48483","Wheeler County, Texas","B01001_011",145,42
"11821","48483","Wheeler County, Texas","B01001_012",73,42
"11822","48483","Wheeler County, Texas","B01001_013",142,53
"11823","48483","Wheeler County, Texas","B01001_014",187,50
"11824","48483","Wheeler County, Texas","B01001_015",130,41
"11825","48483","Wheeler County, Texas","B01001_016",210,43
"11826","48483","Wheeler County, Texas","B01001_017",120,52
"11827","48483","Wheeler County, Texas","B01001_018",41,26
"11828","48483","Wheeler County, Texas","B01001_019",149,55
"11829","48483","Wheeler County, Texas","B01001_020",23,15
"11830","48483","Wheeler County, Texas","B01001_021",91,31
"11831","48483","Wheeler County, Texas","B01001_022",145,32
"11832","48483","Wheeler County, Texas","B01001_023",75,31
"11833","48483","Wheeler County, Texas","B01001_024",72,33
"11834","48483","Wheeler County, Texas","B01001_025",59,32
"11835","48483","Wheeler County, Texas","B01001_026",2361,74
"11836","48483","Wheeler County, Texas","B01001_027",59,34
"11837","48483","Wheeler County, Texas","B01001_028",168,55
"11838","48483","Wheeler County, Texas","B01001_029",161,53
"11839","48483","Wheeler County, Texas","B01001_030",132,39
"11840","48483","Wheeler County, Texas","B01001_031",64,66
"11841","48483","Wheeler County, Texas","B01001_032",4,7
"11842","48483","Wheeler County, Texas","B01001_033",4,9
"11843","48483","Wheeler County, Texas","B01001_034",29,24
"11844","48483","Wheeler County, Texas","B01001_035",151,50
"11845","48483","Wheeler County, Texas","B01001_036",91,49
"11846","48483","Wheeler County, Texas","B01001_037",219,52
"11847","48483","Wheeler County, Texas","B01001_038",168,65
"11848","48483","Wheeler County, Texas","B01001_039",131,35
"11849","48483","Wheeler County, Texas","B01001_040",129,37
"11850","48483","Wheeler County, Texas","B01001_041",103,42
"11851","48483","Wheeler County, Texas","B01001_042",73,46
"11852","48483","Wheeler County, Texas","B01001_043",135,68
"11853","48483","Wheeler County, Texas","B01001_044",107,36
"11854","48483","Wheeler County, Texas","B01001_045",113,50
"11855","48483","Wheeler County, Texas","B01001_046",95,39
"11856","48483","Wheeler County, Texas","B01001_047",115,38
"11857","48483","Wheeler County, Texas","B01001_048",75,31
"11858","48483","Wheeler County, Texas","B01001_049",35,17
"11859","48485","Wichita County, Texas","B01001_001",129996,NA
"11860","48485","Wichita County, Texas","B01001_002",67347,92
"11861","48485","Wichita County, Texas","B01001_003",4082,61
"11862","48485","Wichita County, Texas","B01001_004",4229,353
"11863","48485","Wichita County, Texas","B01001_005",4435,353
"11864","48485","Wichita County, Texas","B01001_006",2556,43
"11865","48485","Wichita County, Texas","B01001_007",3013,172
"11866","48485","Wichita County, Texas","B01001_008",1080,237
"11867","48485","Wichita County, Texas","B01001_009",1063,221
"11868","48485","Wichita County, Texas","B01001_010",4188,334
"11869","48485","Wichita County, Texas","B01001_011",5355,96
"11870","48485","Wichita County, Texas","B01001_012",5055,31
"11871","48485","Wichita County, Texas","B01001_013",4497,379
"11872","48485","Wichita County, Texas","B01001_014",4342,363
"11873","48485","Wichita County, Texas","B01001_015",3717,53
"11874","48485","Wichita County, Texas","B01001_016",3434,66
"11875","48485","Wichita County, Texas","B01001_017",3334,286
"11876","48485","Wichita County, Texas","B01001_018",1611,237
"11877","48485","Wichita County, Texas","B01001_019",2485,268
"11878","48485","Wichita County, Texas","B01001_020",1554,248
"11879","48485","Wichita County, Texas","B01001_021",1788,254
"11880","48485","Wichita County, Texas","B01001_022",2344,252
"11881","48485","Wichita County, Texas","B01001_023",1518,192
"11882","48485","Wichita County, Texas","B01001_024",901,157
"11883","48485","Wichita County, Texas","B01001_025",766,160
"11884","48485","Wichita County, Texas","B01001_026",62649,92
"11885","48485","Wichita County, Texas","B01001_027",3789,63
"11886","48485","Wichita County, Texas","B01001_028",4387,397
"11887","48485","Wichita County, Texas","B01001_029",3760,398
"11888","48485","Wichita County, Texas","B01001_030",2407,49
"11889","48485","Wichita County, Texas","B01001_031",2147,56
"11890","48485","Wichita County, Texas","B01001_032",783,262
"11891","48485","Wichita County, Texas","B01001_033",1114,230
"11892","48485","Wichita County, Texas","B01001_034",2661,303
"11893","48485","Wichita County, Texas","B01001_035",4266,80
"11894","48485","Wichita County, Texas","B01001_036",4257,27
"11895","48485","Wichita County, Texas","B01001_037",4140,318
"11896","48485","Wichita County, Texas","B01001_038",3637,330
"11897","48485","Wichita County, Texas","B01001_039",3281,93
"11898","48485","Wichita County, Texas","B01001_040",3232,2
"11899","48485","Wichita County, Texas","B01001_041",3566,295
"11900","48485","Wichita County, Texas","B01001_042",1384,270
"11901","48485","Wichita County, Texas","B01001_043",2703,314
"11902","48485","Wichita County, Texas","B01001_044",1599,242
"11903","48485","Wichita County, Texas","B01001_045",1912,179
"11904","48485","Wichita County, Texas","B01001_046",2684,265
"11905","48485","Wichita County, Texas","B01001_047",1941,240
"11906","48485","Wichita County, Texas","B01001_048",1528,253
"11907","48485","Wichita County, Texas","B01001_049",1471,239
"11908","48487","Wilbarger County, Texas","B01001_001",12616,NA
"11909","48487","Wilbarger County, Texas","B01001_002",6187,248
"11910","48487","Wilbarger County, Texas","B01001_003",341,129
"11911","48487","Wilbarger County, Texas","B01001_004",354,138
"11912","48487","Wilbarger County, Texas","B01001_005",306,132
"11913","48487","Wilbarger County, Texas","B01001_006",428,150
"11914","48487","Wilbarger County, Texas","B01001_007",67,45
"11915","48487","Wilbarger County, Texas","B01001_008",57,48
"11916","48487","Wilbarger County, Texas","B01001_009",27,35
"11917","48487","Wilbarger County, Texas","B01001_010",308,109
"11918","48487","Wilbarger County, Texas","B01001_011",676,173
"11919","48487","Wilbarger County, Texas","B01001_012",306,93
"11920","48487","Wilbarger County, Texas","B01001_013",369,156
"11921","48487","Wilbarger County, Texas","B01001_014",364,175
"11922","48487","Wilbarger County, Texas","B01001_015",253,42
"11923","48487","Wilbarger County, Texas","B01001_016",525,164
"11924","48487","Wilbarger County, Texas","B01001_017",314,107
"11925","48487","Wilbarger County, Texas","B01001_018",80,54
"11926","48487","Wilbarger County, Texas","B01001_019",242,118
"11927","48487","Wilbarger County, Texas","B01001_020",220,80
"11928","48487","Wilbarger County, Texas","B01001_021",328,143
"11929","48487","Wilbarger County, Texas","B01001_022",214,112
"11930","48487","Wilbarger County, Texas","B01001_023",246,85
"11931","48487","Wilbarger County, Texas","B01001_024",120,55
"11932","48487","Wilbarger County, Texas","B01001_025",42,43
"11933","48487","Wilbarger County, Texas","B01001_026",6429,248
"11934","48487","Wilbarger County, Texas","B01001_027",531,134
"11935","48487","Wilbarger County, Texas","B01001_028",254,90
"11936","48487","Wilbarger County, Texas","B01001_029",294,92
"11937","48487","Wilbarger County, Texas","B01001_030",200,86
"11938","48487","Wilbarger County, Texas","B01001_031",355,147
"11939","48487","Wilbarger County, Texas","B01001_032",19,13
"11940","48487","Wilbarger County, Texas","B01001_033",63,59
"11941","48487","Wilbarger County, Texas","B01001_034",258,110
"11942","48487","Wilbarger County, Texas","B01001_035",300,104
"11943","48487","Wilbarger County, Texas","B01001_036",281,136
"11944","48487","Wilbarger County, Texas","B01001_037",419,147
"11945","48487","Wilbarger County, Texas","B01001_038",624,139
"11946","48487","Wilbarger County, Texas","B01001_039",285,118
"11947","48487","Wilbarger County, Texas","B01001_040",345,89
"11948","48487","Wilbarger County, Texas","B01001_041",457,114
"11949","48487","Wilbarger County, Texas","B01001_042",194,93
"11950","48487","Wilbarger County, Texas","B01001_043",221,106
"11951","48487","Wilbarger County, Texas","B01001_044",230,118
"11952","48487","Wilbarger County, Texas","B01001_045",317,136
"11953","48487","Wilbarger County, Texas","B01001_046",234,91
"11954","48487","Wilbarger County, Texas","B01001_047",260,96
"11955","48487","Wilbarger County, Texas","B01001_048",180,82
"11956","48487","Wilbarger County, Texas","B01001_049",108,78
"11957","48489","Willacy County, Texas","B01001_001",20139,NA
"11958","48489","Willacy County, Texas","B01001_002",10932,78
"11959","48489","Willacy County, Texas","B01001_003",570,38
"11960","48489","Willacy County, Texas","B01001_004",569,139
"11961","48489","Willacy County, Texas","B01001_005",748,131
"11962","48489","Willacy County, Texas","B01001_006",408,29
"11963","48489","Willacy County, Texas","B01001_007",397,50
"11964","48489","Willacy County, Texas","B01001_008",303,179
"11965","48489","Willacy County, Texas","B01001_009",131,104
"11966","48489","Willacy County, Texas","B01001_010",644,207
"11967","48489","Willacy County, Texas","B01001_011",991,41
"11968","48489","Willacy County, Texas","B01001_012",985,89
"11969","48489","Willacy County, Texas","B01001_013",941,168
"11970","48489","Willacy County, Texas","B01001_014",724,157
"11971","48489","Willacy County, Texas","B01001_015",777,134
"11972","48489","Willacy County, Texas","B01001_016",493,26
"11973","48489","Willacy County, Texas","B01001_017",383,127
"11974","48489","Willacy County, Texas","B01001_018",264,118
"11975","48489","Willacy County, Texas","B01001_019",279,113
"11976","48489","Willacy County, Texas","B01001_020",133,65
"11977","48489","Willacy County, Texas","B01001_021",367,102
"11978","48489","Willacy County, Texas","B01001_022",301,91
"11979","48489","Willacy County, Texas","B01001_023",207,69
"11980","48489","Willacy County, Texas","B01001_024",200,82
"11981","48489","Willacy County, Texas","B01001_025",117,69
"11982","48489","Willacy County, Texas","B01001_026",9207,78
"11983","48489","Willacy County, Texas","B01001_027",583,32
"11984","48489","Willacy County, Texas","B01001_028",673,128
"11985","48489","Willacy County, Texas","B01001_029",731,146
"11986","48489","Willacy County, Texas","B01001_030",474,64
"11987","48489","Willacy County, Texas","B01001_031",254,28
"11988","48489","Willacy County, Texas","B01001_032",62,53
"11989","48489","Willacy County, Texas","B01001_033",232,121
"11990","48489","Willacy County, Texas","B01001_034",299,121
"11991","48489","Willacy County, Texas","B01001_035",586,21
"11992","48489","Willacy County, Texas","B01001_036",561,89
"11993","48489","Willacy County, Texas","B01001_037",545,197
"11994","48489","Willacy County, Texas","B01001_038",614,146
"11995","48489","Willacy County, Texas","B01001_039",505,46
"11996","48489","Willacy County, Texas","B01001_040",464,39
"11997","48489","Willacy County, Texas","B01001_041",439,80
"11998","48489","Willacy County, Texas","B01001_042",264,90
"11999","48489","Willacy County, Texas","B01001_043",279,76
"12000","48489","Willacy County, Texas","B01001_044",176,86
"12001","48489","Willacy County, Texas","B01001_045",257,101
"12002","48489","Willacy County, Texas","B01001_046",511,130
"12003","48489","Willacy County, Texas","B01001_047",380,89
"12004","48489","Willacy County, Texas","B01001_048",178,79
"12005","48489","Willacy County, Texas","B01001_049",140,73
"12006","48491","Williamson County, Texas","B01001_001",672688,NA
"12007","48491","Williamson County, Texas","B01001_002",335267,109
"12008","48491","Williamson County, Texas","B01001_003",20659,24
"12009","48491","Williamson County, Texas","B01001_004",23936,1175
"12010","48491","Williamson County, Texas","B01001_005",24076,1178
"12011","48491","Williamson County, Texas","B01001_006",14576,4
"12012","48491","Williamson County, Texas","B01001_007",7810,39
"12013","48491","Williamson County, Texas","B01001_008",3624,599
"12014","48491","Williamson County, Texas","B01001_009",3642,577
"12015","48491","Williamson County, Texas","B01001_010",11693,841
"12016","48491","Williamson County, Texas","B01001_011",21827,139
"12017","48491","Williamson County, Texas","B01001_012",26728,75
"12018","48491","Williamson County, Texas","B01001_013",28321,1276
"12019","48491","Williamson County, Texas","B01001_014",29864,1273
"12020","48491","Williamson County, Texas","B01001_015",24611,15
"12021","48491","Williamson County, Texas","B01001_016",21799,17
"12022","48491","Williamson County, Texas","B01001_017",17689,938
"12023","48491","Williamson County, Texas","B01001_018",6846,707
"12024","48491","Williamson County, Texas","B01001_019",9055,721
"12025","48491","Williamson County, Texas","B01001_020",5181,470
"12026","48491","Williamson County, Texas","B01001_021",7723,585
"12027","48491","Williamson County, Texas","B01001_022",10661,625
"12028","48491","Williamson County, Texas","B01001_023",7735,449
"12029","48491","Williamson County, Texas","B01001_024",4251,444
"12030","48491","Williamson County, Texas","B01001_025",2960,368
"12031","48491","Williamson County, Texas","B01001_026",337421,109
"12032","48491","Williamson County, Texas","B01001_027",19822,3
"12033","48491","Williamson County, Texas","B01001_028",22214,828
"12034","48491","Williamson County, Texas","B01001_029",22944,827
"12035","48491","Williamson County, Texas","B01001_030",13719,3
"12036","48491","Williamson County, Texas","B01001_031",7308,38
"12037","48491","Williamson County, Texas","B01001_032",3234,544
"12038","48491","Williamson County, Texas","B01001_033",3401,551
"12039","48491","Williamson County, Texas","B01001_034",11906,852
"12040","48491","Williamson County, Texas","B01001_035",21852,35
"12041","48491","Williamson County, Texas","B01001_036",26905,99
"12042","48491","Williamson County, Texas","B01001_037",28330,981
"12043","48491","Williamson County, Texas","B01001_038",27883,983
"12044","48491","Williamson County, Texas","B01001_039",23464,24
"12045","48491","Williamson County, Texas","B01001_040",20898,45
"12046","48491","Williamson County, Texas","B01001_041",16842,781
"12047","48491","Williamson County, Texas","B01001_042",7571,707
"12048","48491","Williamson County, Texas","B01001_043",10731,736
"12049","48491","Williamson County, Texas","B01001_044",6138,607
"12050","48491","Williamson County, Texas","B01001_045",8996,669
"12051","48491","Williamson County, Texas","B01001_046",13371,723
"12052","48491","Williamson County, Texas","B01001_047",9183,607
"12053","48491","Williamson County, Texas","B01001_048",5281,447
"12054","48491","Williamson County, Texas","B01001_049",5428,516
"12055","48493","Wilson County, Texas","B01001_001",52781,NA
"12056","48493","Wilson County, Texas","B01001_002",26584,110
"12057","48493","Wilson County, Texas","B01001_003",1427,24
"12058","48493","Wilson County, Texas","B01001_004",1780,220
"12059","48493","Wilson County, Texas","B01001_005",1917,217
"12060","48493","Wilson County, Texas","B01001_006",1160,34
"12061","48493","Wilson County, Texas","B01001_007",657,25
"12062","48493","Wilson County, Texas","B01001_008",343,185
"12063","48493","Wilson County, Texas","B01001_009",171,102
"12064","48493","Wilson County, Texas","B01001_010",972,191
"12065","48493","Wilson County, Texas","B01001_011",1357,33
"12066","48493","Wilson County, Texas","B01001_012",1515,36
"12067","48493","Wilson County, Texas","B01001_013",1863,260
"12068","48493","Wilson County, Texas","B01001_014",1730,254
"12069","48493","Wilson County, Texas","B01001_015",1878,67
"12070","48493","Wilson County, Texas","B01001_016",1809,34
"12071","48493","Wilson County, Texas","B01001_017",1612,222
"12072","48493","Wilson County, Texas","B01001_018",886,216
"12073","48493","Wilson County, Texas","B01001_019",1138,237
"12074","48493","Wilson County, Texas","B01001_020",622,148
"12075","48493","Wilson County, Texas","B01001_021",863,186
"12076","48493","Wilson County, Texas","B01001_022",1268,167
"12077","48493","Wilson County, Texas","B01001_023",878,115
"12078","48493","Wilson County, Texas","B01001_024",538,133
"12079","48493","Wilson County, Texas","B01001_025",200,72
"12080","48493","Wilson County, Texas","B01001_026",26197,110
"12081","48493","Wilson County, Texas","B01001_027",1388,79
"12082","48493","Wilson County, Texas","B01001_028",1832,236
"12083","48493","Wilson County, Texas","B01001_029",1815,238
"12084","48493","Wilson County, Texas","B01001_030",1076,20
"12085","48493","Wilson County, Texas","B01001_031",561,35
"12086","48493","Wilson County, Texas","B01001_032",151,91
"12087","48493","Wilson County, Texas","B01001_033",429,128
"12088","48493","Wilson County, Texas","B01001_034",784,135
"12089","48493","Wilson County, Texas","B01001_035",1279,23
"12090","48493","Wilson County, Texas","B01001_036",1537,77
"12091","48493","Wilson County, Texas","B01001_037",1992,234
"12092","48493","Wilson County, Texas","B01001_038",1631,250
"12093","48493","Wilson County, Texas","B01001_039",1633,29
"12094","48493","Wilson County, Texas","B01001_040",1811,50
"12095","48493","Wilson County, Texas","B01001_041",1897,179
"12096","48493","Wilson County, Texas","B01001_042",684,166
"12097","48493","Wilson County, Texas","B01001_043",1027,184
"12098","48493","Wilson County, Texas","B01001_044",696,141
"12099","48493","Wilson County, Texas","B01001_045",823,133
"12100","48493","Wilson County, Texas","B01001_046",1309,178
"12101","48493","Wilson County, Texas","B01001_047",908,179
"12102","48493","Wilson County, Texas","B01001_048",592,159
"12103","48493","Wilson County, Texas","B01001_049",342,133
"12104","48495","Winkler County, Texas","B01001_001",7454,NA
"12105","48495","Winkler County, Texas","B01001_002",3931,111
"12106","48495","Winkler County, Texas","B01001_003",271,22
"12107","48495","Winkler County, Texas","B01001_004",248,95
"12108","48495","Winkler County, Texas","B01001_005",331,95
"12109","48495","Winkler County, Texas","B01001_006",372,115
"12110","48495","Winkler County, Texas","B01001_007",40,43
"12111","48495","Winkler County, Texas","B01001_008",20,23
"12112","48495","Winkler County, Texas","B01001_009",99,80
"12113","48495","Winkler County, Texas","B01001_010",120,83
"12114","48495","Winkler County, Texas","B01001_011",327,91
"12115","48495","Winkler County, Texas","B01001_012",271,122
"12116","48495","Winkler County, Texas","B01001_013",252,127
"12117","48495","Winkler County, Texas","B01001_014",400,126
"12118","48495","Winkler County, Texas","B01001_015",145,87
"12119","48495","Winkler County, Texas","B01001_016",138,39
"12120","48495","Winkler County, Texas","B01001_017",276,62
"12121","48495","Winkler County, Texas","B01001_018",78,50
"12122","48495","Winkler County, Texas","B01001_019",113,47
"12123","48495","Winkler County, Texas","B01001_020",99,64
"12124","48495","Winkler County, Texas","B01001_021",44,35
"12125","48495","Winkler County, Texas","B01001_022",132,53
"12126","48495","Winkler County, Texas","B01001_023",96,57
"12127","48495","Winkler County, Texas","B01001_024",59,30
"12128","48495","Winkler County, Texas","B01001_025",0,21
"12129","48495","Winkler County, Texas","B01001_026",3523,111
"12130","48495","Winkler County, Texas","B01001_027",250,22
"12131","48495","Winkler County, Texas","B01001_028",275,108
"12132","48495","Winkler County, Texas","B01001_029",299,92
"12133","48495","Winkler County, Texas","B01001_030",134,70
"12134","48495","Winkler County, Texas","B01001_031",121,92
"12135","48495","Winkler County, Texas","B01001_032",5,8
"12136","48495","Winkler County, Texas","B01001_033",68,87
"12137","48495","Winkler County, Texas","B01001_034",133,93
"12138","48495","Winkler County, Texas","B01001_035",178,79
"12139","48495","Winkler County, Texas","B01001_036",155,26
"12140","48495","Winkler County, Texas","B01001_037",333,93
"12141","48495","Winkler County, Texas","B01001_038",244,92
"12142","48495","Winkler County, Texas","B01001_039",234,60
"12143","48495","Winkler County, Texas","B01001_040",196,7
"12144","48495","Winkler County, Texas","B01001_041",148,68
"12145","48495","Winkler County, Texas","B01001_042",176,61
"12146","48495","Winkler County, Texas","B01001_043",71,51
"12147","48495","Winkler County, Texas","B01001_044",82,49
"12148","48495","Winkler County, Texas","B01001_045",132,53
"12149","48495","Winkler County, Texas","B01001_046",110,35
"12150","48495","Winkler County, Texas","B01001_047",99,49
"12151","48495","Winkler County, Texas","B01001_048",31,41
"12152","48495","Winkler County, Texas","B01001_049",49,35
"12153","48497","Wise County, Texas","B01001_001",75005,NA
"12154","48497","Wise County, Texas","B01001_002",37887,81
"12155","48497","Wise County, Texas","B01001_003",2254,41
"12156","48497","Wise County, Texas","B01001_004",2886,291
"12157","48497","Wise County, Texas","B01001_005",2609,289
"12158","48497","Wise County, Texas","B01001_006",1792,77
"12159","48497","Wise County, Texas","B01001_007",878,29
"12160","48497","Wise County, Texas","B01001_008",651,195
"12161","48497","Wise County, Texas","B01001_009",314,131
"12162","48497","Wise County, Texas","B01001_010",1169,207
"12163","48497","Wise County, Texas","B01001_011",2144,52
"12164","48497","Wise County, Texas","B01001_012",2501,66
"12165","48497","Wise County, Texas","B01001_013",2454,323
"12166","48497","Wise County, Texas","B01001_014",2657,325
"12167","48497","Wise County, Texas","B01001_015",2299,37
"12168","48497","Wise County, Texas","B01001_016",2495,41
"12169","48497","Wise County, Texas","B01001_017",2543,303
"12170","48497","Wise County, Texas","B01001_018",1180,242
"12171","48497","Wise County, Texas","B01001_019",1515,291
"12172","48497","Wise County, Texas","B01001_020",810,179
"12173","48497","Wise County, Texas","B01001_021",1254,230
"12174","48497","Wise County, Texas","B01001_022",1458,230
"12175","48497","Wise County, Texas","B01001_023",1173,178
"12176","48497","Wise County, Texas","B01001_024",478,122
"12177","48497","Wise County, Texas","B01001_025",373,111
"12178","48497","Wise County, Texas","B01001_026",37118,81
"12179","48497","Wise County, Texas","B01001_027",2109,24
"12180","48497","Wise County, Texas","B01001_028",2509,261
"12181","48497","Wise County, Texas","B01001_029",2656,271
"12182","48497","Wise County, Texas","B01001_030",1590,44
"12183","48497","Wise County, Texas","B01001_031",796,27
"12184","48497","Wise County, Texas","B01001_032",373,140
"12185","48497","Wise County, Texas","B01001_033",400,159
"12186","48497","Wise County, Texas","B01001_034",1164,181
"12187","48497","Wise County, Texas","B01001_035",2102,45
"12188","48497","Wise County, Texas","B01001_036",2358,37
"12189","48497","Wise County, Texas","B01001_037",2216,224
"12190","48497","Wise County, Texas","B01001_038",2797,240
"12191","48497","Wise County, Texas","B01001_039",2262,80
"12192","48497","Wise County, Texas","B01001_040",2493,63
"12193","48497","Wise County, Texas","B01001_041",2411,264
"12194","48497","Wise County, Texas","B01001_042",1204,241
"12195","48497","Wise County, Texas","B01001_043",1566,256
"12196","48497","Wise County, Texas","B01001_044",937,171
"12197","48497","Wise County, Texas","B01001_045",1210,207
"12198","48497","Wise County, Texas","B01001_046",1569,208
"12199","48497","Wise County, Texas","B01001_047",951,177
"12200","48497","Wise County, Texas","B01001_048",668,168
"12201","48497","Wise County, Texas","B01001_049",777,200
"12202","48499","Wood County, Texas","B01001_001",46961,NA
"12203","48499","Wood County, Texas","B01001_002",23522,108
"12204","48499","Wood County, Texas","B01001_003",1026,86
"12205","48499","Wood County, Texas","B01001_004",1269,238
"12206","48499","Wood County, Texas","B01001_005",1332,237
"12207","48499","Wood County, Texas","B01001_006",805,75
"12208","48499","Wood County, Texas","B01001_007",482,59
"12209","48499","Wood County, Texas","B01001_008",191,102
"12210","48499","Wood County, Texas","B01001_009",498,214
"12211","48499","Wood County, Texas","B01001_010",786,177
"12212","48499","Wood County, Texas","B01001_011",1255,151
"12213","48499","Wood County, Texas","B01001_012",1186,129
"12214","48499","Wood County, Texas","B01001_013",1042,225
"12215","48499","Wood County, Texas","B01001_014",1443,236
"12216","48499","Wood County, Texas","B01001_015",1145,135
"12217","48499","Wood County, Texas","B01001_016",1524,160
"12218","48499","Wood County, Texas","B01001_017",1537,267
"12219","48499","Wood County, Texas","B01001_018",974,247
"12220","48499","Wood County, Texas","B01001_019",881,178
"12221","48499","Wood County, Texas","B01001_020",721,188
"12222","48499","Wood County, Texas","B01001_021",1326,246
"12223","48499","Wood County, Texas","B01001_022",1676,275
"12224","48499","Wood County, Texas","B01001_023",1196,217
"12225","48499","Wood County, Texas","B01001_024",712,147
"12226","48499","Wood County, Texas","B01001_025",515,161
"12227","48499","Wood County, Texas","B01001_026",23439,108
"12228","48499","Wood County, Texas","B01001_027",979,76
"12229","48499","Wood County, Texas","B01001_028",1159,209
"12230","48499","Wood County, Texas","B01001_029",1346,204
"12231","48499","Wood County, Texas","B01001_030",836,100
"12232","48499","Wood County, Texas","B01001_031",542,111
"12233","48499","Wood County, Texas","B01001_032",221,119
"12234","48499","Wood County, Texas","B01001_033",302,182
"12235","48499","Wood County, Texas","B01001_034",609,145
"12236","48499","Wood County, Texas","B01001_035",938,82
"12237","48499","Wood County, Texas","B01001_036",1172,77
"12238","48499","Wood County, Texas","B01001_037",1061,191
"12239","48499","Wood County, Texas","B01001_038",1302,197
"12240","48499","Wood County, Texas","B01001_039",1173,127
"12241","48499","Wood County, Texas","B01001_040",1312,101
"12242","48499","Wood County, Texas","B01001_041",1751,250
"12243","48499","Wood County, Texas","B01001_042",683,192
"12244","48499","Wood County, Texas","B01001_043",1245,213
"12245","48499","Wood County, Texas","B01001_044",1064,242
"12246","48499","Wood County, Texas","B01001_045",961,168
"12247","48499","Wood County, Texas","B01001_046",1762,256
"12248","48499","Wood County, Texas","B01001_047",1474,258
"12249","48499","Wood County, Texas","B01001_048",685,147
"12250","48499","Wood County, Texas","B01001_049",862,246
"12251","48501","Yoakum County, Texas","B01001_001",7571,NA
"12252","48501","Yoakum County, Texas","B01001_002",4019,223
"12253","48501","Yoakum County, Texas","B01001_003",551,185
"12254","48501","Yoakum County, Texas","B01001_004",390,206
"12255","48501","Yoakum County, Texas","B01001_005",317,172
"12256","48501","Yoakum County, Texas","B01001_006",160,84
"12257","48501","Yoakum County, Texas","B01001_007",213,149
"12258","48501","Yoakum County, Texas","B01001_008",76,78
"12259","48501","Yoakum County, Texas","B01001_009",8,18
"12260","48501","Yoakum County, Texas","B01001_010",139,119
"12261","48501","Yoakum County, Texas","B01001_011",201,103
"12262","48501","Yoakum County, Texas","B01001_012",226,182
"12263","48501","Yoakum County, Texas","B01001_013",131,142
"12264","48501","Yoakum County, Texas","B01001_014",180,129
"12265","48501","Yoakum County, Texas","B01001_015",269,153
"12266","48501","Yoakum County, Texas","B01001_016",265,142
"12267","48501","Yoakum County, Texas","B01001_017",249,73
"12268","48501","Yoakum County, Texas","B01001_018",45,33
"12269","48501","Yoakum County, Texas","B01001_019",162,107
"12270","48501","Yoakum County, Texas","B01001_020",104,72
"12271","48501","Yoakum County, Texas","B01001_021",24,34
"12272","48501","Yoakum County, Texas","B01001_022",123,88
"12273","48501","Yoakum County, Texas","B01001_023",107,67
"12274","48501","Yoakum County, Texas","B01001_024",72,60
"12275","48501","Yoakum County, Texas","B01001_025",7,13
"12276","48501","Yoakum County, Texas","B01001_026",3552,223
"12277","48501","Yoakum County, Texas","B01001_027",217,159
"12278","48501","Yoakum County, Texas","B01001_028",264,101
"12279","48501","Yoakum County, Texas","B01001_029",379,81
"12280","48501","Yoakum County, Texas","B01001_030",204,80
"12281","48501","Yoakum County, Texas","B01001_031",80,76
"12282","48501","Yoakum County, Texas","B01001_032",196,225
"12283","48501","Yoakum County, Texas","B01001_033",0,21
"12284","48501","Yoakum County, Texas","B01001_034",32,51
"12285","48501","Yoakum County, Texas","B01001_035",241,163
"12286","48501","Yoakum County, Texas","B01001_036",233,192
"12287","48501","Yoakum County, Texas","B01001_037",167,107
"12288","48501","Yoakum County, Texas","B01001_038",135,79
"12289","48501","Yoakum County, Texas","B01001_039",309,111
"12290","48501","Yoakum County, Texas","B01001_040",236,84
"12291","48501","Yoakum County, Texas","B01001_041",149,101
"12292","48501","Yoakum County, Texas","B01001_042",105,70
"12293","48501","Yoakum County, Texas","B01001_043",71,70
"12294","48501","Yoakum County, Texas","B01001_044",79,79
"12295","48501","Yoakum County, Texas","B01001_045",83,101
"12296","48501","Yoakum County, Texas","B01001_046",106,85
"12297","48501","Yoakum County, Texas","B01001_047",98,87
"12298","48501","Yoakum County, Texas","B01001_048",79,57
"12299","48501","Yoakum County, Texas","B01001_049",89,59
"12300","48503","Young County, Texas","B01001_001",18029,NA
"12301","48503","Young County, Texas","B01001_002",9403,171
"12302","48503","Young County, Texas","B01001_003",586,104
"12303","48503","Young County, Texas","B01001_004",576,137
"12304","48503","Young County, Texas","B01001_005",705,161
"12305","48503","Young County, Texas","B01001_006",572,138
"12306","48503","Young County, Texas","B01001_007",212,146
"12307","48503","Young County, Texas","B01001_008",174,120
"12308","48503","Young County, Texas","B01001_009",45,50
"12309","48503","Young County, Texas","B01001_010",204,115
"12310","48503","Young County, Texas","B01001_011",696,168
"12311","48503","Young County, Texas","B01001_012",401,43
"12312","48503","Young County, Texas","B01001_013",609,146
"12313","48503","Young County, Texas","B01001_014",495,182
"12314","48503","Young County, Texas","B01001_015",666,132
"12315","48503","Young County, Texas","B01001_016",420,25
"12316","48503","Young County, Texas","B01001_017",678,142
"12317","48503","Young County, Texas","B01001_018",225,105
"12318","48503","Young County, Texas","B01001_019",316,102
"12319","48503","Young County, Texas","B01001_020",169,118
"12320","48503","Young County, Texas","B01001_021",490,120
"12321","48503","Young County, Texas","B01001_022",508,126
"12322","48503","Young County, Texas","B01001_023",316,103
"12323","48503","Young County, Texas","B01001_024",112,45
"12324","48503","Young County, Texas","B01001_025",228,68
"12325","48503","Young County, Texas","B01001_026",8626,171
"12326","48503","Young County, Texas","B01001_027",378,49
"12327","48503","Young County, Texas","B01001_028",546,161
"12328","48503","Young County, Texas","B01001_029",626,144
"12329","48503","Young County, Texas","B01001_030",157,96
"12330","48503","Young County, Texas","B01001_031",256,118
"12331","48503","Young County, Texas","B01001_032",8,13
"12332","48503","Young County, Texas","B01001_033",38,43
"12333","48503","Young County, Texas","B01001_034",398,123
"12334","48503","Young County, Texas","B01001_035",447,79
"12335","48503","Young County, Texas","B01001_036",511,96
"12336","48503","Young County, Texas","B01001_037",455,136
"12337","48503","Young County, Texas","B01001_038",569,135
"12338","48503","Young County, Texas","B01001_039",626,110
"12339","48503","Young County, Texas","B01001_040",529,101
"12340","48503","Young County, Texas","B01001_041",462,120
"12341","48503","Young County, Texas","B01001_042",363,111
"12342","48503","Young County, Texas","B01001_043",253,79
"12343","48503","Young County, Texas","B01001_044",254,141
"12344","48503","Young County, Texas","B01001_045",256,91
"12345","48503","Young County, Texas","B01001_046",678,116
"12346","48503","Young County, Texas","B01001_047",329,90
"12347","48503","Young County, Texas","B01001_048",280,90
"12348","48503","Young County, Texas","B01001_049",207,87
"12349","48505","Zapata County, Texas","B01001_001",13841,NA
"12350","48505","Zapata County, Texas","B01001_002",6853,69
"12351","48505","Zapata County, Texas","B01001_003",510,24
"12352","48505","Zapata County, Texas","B01001_004",628,124
"12353","48505","Zapata County, Texas","B01001_005",731,125
"12354","48505","Zapata County, Texas","B01001_006",407,8
"12355","48505","Zapata County, Texas","B01001_007",256,32
"12356","48505","Zapata County, Texas","B01001_008",48,74
"12357","48505","Zapata County, Texas","B01001_009",109,120
"12358","48505","Zapata County, Texas","B01001_010",272,158
"12359","48505","Zapata County, Texas","B01001_011",528,174
"12360","48505","Zapata County, Texas","B01001_012",425,48
"12361","48505","Zapata County, Texas","B01001_013",478,124
"12362","48505","Zapata County, Texas","B01001_014",333,121
"12363","48505","Zapata County, Texas","B01001_015",364,2
"12364","48505","Zapata County, Texas","B01001_016",314,13
"12365","48505","Zapata County, Texas","B01001_017",385,84
"12366","48505","Zapata County, Texas","B01001_018",79,65
"12367","48505","Zapata County, Texas","B01001_019",102,61
"12368","48505","Zapata County, Texas","B01001_020",113,67
"12369","48505","Zapata County, Texas","B01001_021",202,69
"12370","48505","Zapata County, Texas","B01001_022",154,73
"12371","48505","Zapata County, Texas","B01001_023",125,87
"12372","48505","Zapata County, Texas","B01001_024",72,87
"12373","48505","Zapata County, Texas","B01001_025",218,100
"12374","48505","Zapata County, Texas","B01001_026",6988,69
"12375","48505","Zapata County, Texas","B01001_027",514,42
"12376","48505","Zapata County, Texas","B01001_028",529,160
"12377","48505","Zapata County, Texas","B01001_029",686,157
"12378","48505","Zapata County, Texas","B01001_030",374,21
"12379","48505","Zapata County, Texas","B01001_031",136,81
"12380","48505","Zapata County, Texas","B01001_032",117,84
"12381","48505","Zapata County, Texas","B01001_033",174,127
"12382","48505","Zapata County, Texas","B01001_034",260,109
"12383","48505","Zapata County, Texas","B01001_035",403,2
"12384","48505","Zapata County, Texas","B01001_036",426,37
"12385","48505","Zapata County, Texas","B01001_037",508,133
"12386","48505","Zapata County, Texas","B01001_038",371,135
"12387","48505","Zapata County, Texas","B01001_039",398,23
"12388","48505","Zapata County, Texas","B01001_040",400,26
"12389","48505","Zapata County, Texas","B01001_041",350,101
"12390","48505","Zapata County, Texas","B01001_042",63,54
"12391","48505","Zapata County, Texas","B01001_043",213,102
"12392","48505","Zapata County, Texas","B01001_044",131,69
"12393","48505","Zapata County, Texas","B01001_045",235,95
"12394","48505","Zapata County, Texas","B01001_046",227,89
"12395","48505","Zapata County, Texas","B01001_047",195,69
"12396","48505","Zapata County, Texas","B01001_048",161,91
"12397","48505","Zapata County, Texas","B01001_049",117,70
"12398","48507","Zavala County, Texas","B01001_001",9412,NA
"12399","48507","Zavala County, Texas","B01001_002",4947,140
"12400","48507","Zavala County, Texas","B01001_003",376,31
"12401","48507","Zavala County, Texas","B01001_004",300,260
"12402","48507","Zavala County, Texas","B01001_005",507,257
"12403","48507","Zavala County, Texas","B01001_006",405,154
"12404","48507","Zavala County, Texas","B01001_007",189,160
"12405","48507","Zavala County, Texas","B01001_008",0,21
"12406","48507","Zavala County, Texas","B01001_009",53,65
"12407","48507","Zavala County, Texas","B01001_010",146,95
"12408","48507","Zavala County, Texas","B01001_011",432,173
"12409","48507","Zavala County, Texas","B01001_012",389,239
"12410","48507","Zavala County, Texas","B01001_013",320,260
"12411","48507","Zavala County, Texas","B01001_014",171,109
"12412","48507","Zavala County, Texas","B01001_015",384,153
"12413","48507","Zavala County, Texas","B01001_016",178,118
"12414","48507","Zavala County, Texas","B01001_017",267,95
"12415","48507","Zavala County, Texas","B01001_018",111,75
"12416","48507","Zavala County, Texas","B01001_019",38,42
"12417","48507","Zavala County, Texas","B01001_020",140,80
"12418","48507","Zavala County, Texas","B01001_021",97,115
"12419","48507","Zavala County, Texas","B01001_022",210,116
"12420","48507","Zavala County, Texas","B01001_023",143,108
"12421","48507","Zavala County, Texas","B01001_024",10,14
"12422","48507","Zavala County, Texas","B01001_025",81,74
"12423","48507","Zavala County, Texas","B01001_026",4465,140
"12424","48507","Zavala County, Texas","B01001_027",295,21
"12425","48507","Zavala County, Texas","B01001_028",305,189
"12426","48507","Zavala County, Texas","B01001_029",424,194
"12427","48507","Zavala County, Texas","B01001_030",145,106
"12428","48507","Zavala County, Texas","B01001_031",198,133
"12429","48507","Zavala County, Texas","B01001_032",21,33
"12430","48507","Zavala County, Texas","B01001_033",81,85
"12431","48507","Zavala County, Texas","B01001_034",177,129
"12432","48507","Zavala County, Texas","B01001_035",290,146
"12433","48507","Zavala County, Texas","B01001_036",717,139
"12434","48507","Zavala County, Texas","B01001_037",113,88
"12435","48507","Zavala County, Texas","B01001_038",54,40
"12436","48507","Zavala County, Texas","B01001_039",162,115
"12437","48507","Zavala County, Texas","B01001_040",249,10
"12438","48507","Zavala County, Texas","B01001_041",374,75
"12439","48507","Zavala County, Texas","B01001_042",9,17
"12440","48507","Zavala County, Texas","B01001_043",55,71
"12441","48507","Zavala County, Texas","B01001_044",6,13
"12442","48507","Zavala County, Texas","B01001_045",192,105
"12443","48507","Zavala County, Texas","B01001_046",293,108
"12444","48507","Zavala County, Texas","B01001_047",76,68
"12445","48507","Zavala County, Texas","B01001_048",62,54
"12446","48507","Zavala County, Texas","B01001_049",167,62
