"","GEOID","NAME","variable","estimate","moe"
"1","48001","Anderson County, Texas","B02001_001",58439,NA
"2","48001","Anderson County, Texas","B02001_002",34060,641
"3","48001","Anderson County, Texas","B02001_003",10841,744
"4","48001","Anderson County, Texas","B02001_004",854,653
"5","48001","Anderson County, Texas","B02001_005",390,81
"6","48001","Anderson County, Texas","B02001_006",60,70
"7","48001","Anderson County, Texas","B02001_007",2296,501
"8","48001","Anderson County, Texas","B02001_008",9938,1001
"9","48001","Anderson County, Texas","B02001_009",7281,774
"10","48001","Anderson County, Texas","B02001_010",2657,694
"11","48003","Andrews County, Texas","B02001_001",18610,NA
"12","48003","Andrews County, Texas","B02001_002",10736,797
"13","48003","Andrews County, Texas","B02001_003",298,109
"14","48003","Andrews County, Texas","B02001_004",64,39
"15","48003","Andrews County, Texas","B02001_005",75,76
"16","48003","Andrews County, Texas","B02001_006",0,23
"17","48003","Andrews County, Texas","B02001_007",2734,748
"18","48003","Andrews County, Texas","B02001_008",4703,748
"19","48003","Andrews County, Texas","B02001_009",4410,766
"20","48003","Andrews County, Texas","B02001_010",293,146
"21","48005","Angelina County, Texas","B02001_001",87275,NA
"22","48005","Angelina County, Texas","B02001_002",55368,1096
"23","48005","Angelina County, Texas","B02001_003",10591,642
"24","48005","Angelina County, Texas","B02001_004",899,479
"25","48005","Angelina County, Texas","B02001_005",825,129
"26","48005","Angelina County, Texas","B02001_006",0,35
"27","48005","Angelina County, Texas","B02001_007",3304,842
"28","48005","Angelina County, Texas","B02001_008",16288,1477
"29","48005","Angelina County, Texas","B02001_009",11894,1360
"30","48005","Angelina County, Texas","B02001_010",4394,828
"31","48007","Aransas County, Texas","B02001_001",24876,NA
"32","48007","Aransas County, Texas","B02001_002",19140,731
"33","48007","Aransas County, Texas","B02001_003",321,179
"34","48007","Aransas County, Texas","B02001_004",330,233
"35","48007","Aransas County, Texas","B02001_005",331,120
"36","48007","Aransas County, Texas","B02001_006",0,28
"37","48007","Aransas County, Texas","B02001_007",1345,426
"38","48007","Aransas County, Texas","B02001_008",3409,683
"39","48007","Aransas County, Texas","B02001_009",2770,666
"40","48007","Aransas County, Texas","B02001_010",639,243
"41","48009","Archer County, Texas","B02001_001",8867,NA
"42","48009","Archer County, Texas","B02001_002",7883,109
"43","48009","Archer County, Texas","B02001_003",130,49
"44","48009","Archer County, Texas","B02001_004",85,44
"45","48009","Archer County, Texas","B02001_005",50,44
"46","48009","Archer County, Texas","B02001_006",0,21
"47","48009","Archer County, Texas","B02001_007",180,73
"48","48009","Archer County, Texas","B02001_008",539,116
"49","48009","Archer County, Texas","B02001_009",268,94
"50","48009","Archer County, Texas","B02001_010",271,64
"51","48011","Armstrong County, Texas","B02001_001",1822,126
"52","48011","Armstrong County, Texas","B02001_002",1638,136
"53","48011","Armstrong County, Texas","B02001_003",11,16
"54","48011","Armstrong County, Texas","B02001_004",19,13
"55","48011","Armstrong County, Texas","B02001_005",29,26
"56","48011","Armstrong County, Texas","B02001_006",0,15
"57","48011","Armstrong County, Texas","B02001_007",60,64
"58","48011","Armstrong County, Texas","B02001_008",65,42
"59","48011","Armstrong County, Texas","B02001_009",52,40
"60","48011","Armstrong County, Texas","B02001_010",13,12
"61","48013","Atascosa County, Texas","B02001_001",51008,NA
"62","48013","Atascosa County, Texas","B02001_002",23692,1274
"63","48013","Atascosa County, Texas","B02001_003",627,155
"64","48013","Atascosa County, Texas","B02001_004",441,196
"65","48013","Atascosa County, Texas","B02001_005",318,26
"66","48013","Atascosa County, Texas","B02001_006",0,35
"67","48013","Atascosa County, Texas","B02001_007",10045,1411
"68","48013","Atascosa County, Texas","B02001_008",15885,1747
"69","48013","Atascosa County, Texas","B02001_009",14577,1680
"70","48013","Atascosa County, Texas","B02001_010",1308,373
"71","48015","Austin County, Texas","B02001_001",31170,NA
"72","48015","Austin County, Texas","B02001_002",20766,604
"73","48015","Austin County, Texas","B02001_003",2463,251
"74","48015","Austin County, Texas","B02001_004",115,124
"75","48015","Austin County, Texas","B02001_005",257,55
"76","48015","Austin County, Texas","B02001_006",0,31
"77","48015","Austin County, Texas","B02001_007",3828,695
"78","48015","Austin County, Texas","B02001_008",3741,667
"79","48015","Austin County, Texas","B02001_009",2765,577
"80","48015","Austin County, Texas","B02001_010",976,341
"81","48017","Bailey County, Texas","B02001_001",6913,341
"82","48017","Bailey County, Texas","B02001_002",4929,681
"83","48017","Bailey County, Texas","B02001_003",61,93
"84","48017","Bailey County, Texas","B02001_004",0,21
"85","48017","Bailey County, Texas","B02001_005",52,86
"86","48017","Bailey County, Texas","B02001_006",0,21
"87","48017","Bailey County, Texas","B02001_007",967,441
"88","48017","Bailey County, Texas","B02001_008",904,429
"89","48017","Bailey County, Texas","B02001_009",676,444
"90","48017","Bailey County, Texas","B02001_010",228,143
"91","48019","Bandera County, Texas","B02001_001",22021,NA
"92","48019","Bandera County, Texas","B02001_002",16998,415
"93","48019","Bandera County, Texas","B02001_003",274,82
"94","48019","Bandera County, Texas","B02001_004",131,71
"95","48019","Bandera County, Texas","B02001_005",110,26
"96","48019","Bandera County, Texas","B02001_006",0,28
"97","48019","Bandera County, Texas","B02001_007",853,259
"98","48019","Bandera County, Texas","B02001_008",3655,426
"99","48019","Bandera County, Texas","B02001_009",3042,420
"100","48019","Bandera County, Texas","B02001_010",613,152
"101","48021","Bastrop County, Texas","B02001_001",106582,NA
"102","48021","Bastrop County, Texas","B02001_002",57769,1980
"103","48021","Bastrop County, Texas","B02001_003",6155,436
"104","48021","Bastrop County, Texas","B02001_004",1279,617
"105","48021","Bastrop County, Texas","B02001_005",856,145
"106","48021","Bastrop County, Texas","B02001_006",26,66
"107","48021","Bastrop County, Texas","B02001_007",11260,1762
"108","48021","Bastrop County, Texas","B02001_008",29237,2313
"109","48021","Bastrop County, Texas","B02001_009",25435,2309
"110","48021","Bastrop County, Texas","B02001_010",3802,661
"111","48023","Baylor County, Texas","B02001_001",3485,NA
"112","48023","Baylor County, Texas","B02001_002",2874,141
"113","48023","Baylor County, Texas","B02001_003",43,33
"114","48023","Baylor County, Texas","B02001_004",15,24
"115","48023","Baylor County, Texas","B02001_005",0,15
"116","48023","Baylor County, Texas","B02001_006",17,20
"117","48023","Baylor County, Texas","B02001_007",162,120
"118","48023","Baylor County, Texas","B02001_008",374,118
"119","48023","Baylor County, Texas","B02001_009",230,100
"120","48023","Baylor County, Texas","B02001_010",144,58
"121","48025","Bee County, Texas","B02001_001",31083,NA
"122","48025","Bee County, Texas","B02001_002",13725,920
"123","48025","Bee County, Texas","B02001_003",2262,288
"124","48025","Bee County, Texas","B02001_004",218,138
"125","48025","Bee County, Texas","B02001_005",156,89
"126","48025","Bee County, Texas","B02001_006",0,31
"127","48025","Bee County, Texas","B02001_007",2821,745
"128","48025","Bee County, Texas","B02001_008",11901,1052
"129","48025","Bee County, Texas","B02001_009",10925,963
"130","48025","Bee County, Texas","B02001_010",976,352
"131","48027","Bell County, Texas","B02001_001",386897,NA
"132","48027","Bell County, Texas","B02001_002",190153,2556
"133","48027","Bell County, Texas","B02001_003",88557,1972
"134","48027","Bell County, Texas","B02001_004",3317,700
"135","48027","Bell County, Texas","B02001_005",11766,715
"136","48027","Bell County, Texas","B02001_006",2485,367
"137","48027","Bell County, Texas","B02001_007",28263,2325
"138","48027","Bell County, Texas","B02001_008",62356,3246
"139","48027","Bell County, Texas","B02001_009",36441,2449
"140","48027","Bell County, Texas","B02001_010",25915,2085
"141","48029","Bexar County, Texas","B02001_001",2067341,NA
"142","48029","Bexar County, Texas","B02001_002",874523,8968
"143","48029","Bexar County, Texas","B02001_003",163786,3232
"144","48029","Bexar County, Texas","B02001_004",25205,2413
"145","48029","Bexar County, Texas","B02001_005",69327,1660
"146","48029","Bexar County, Texas","B02001_006",3285,535
"147","48029","Bexar County, Texas","B02001_007",228635,7583
"148","48029","Bexar County, Texas","B02001_008",702580,9641
"149","48029","Bexar County, Texas","B02001_009",610257,9952
"150","48029","Bexar County, Texas","B02001_010",92323,4364
"151","48031","Blanco County, Texas","B02001_001",12446,NA
"152","48031","Blanco County, Texas","B02001_002",10003,279
"153","48031","Blanco County, Texas","B02001_003",134,94
"154","48031","Blanco County, Texas","B02001_004",25,24
"155","48031","Blanco County, Texas","B02001_005",12,23
"156","48031","Blanco County, Texas","B02001_006",0,23
"157","48031","Blanco County, Texas","B02001_007",696,263
"158","48031","Blanco County, Texas","B02001_008",1576,257
"159","48031","Blanco County, Texas","B02001_009",1079,256
"160","48031","Blanco County, Texas","B02001_010",497,129
"161","48033","Borden County, Texas","B02001_001",713,135
"162","48033","Borden County, Texas","B02001_002",645,138
"163","48033","Borden County, Texas","B02001_003",4,6
"164","48033","Borden County, Texas","B02001_004",0,15
"165","48033","Borden County, Texas","B02001_005",0,15
"166","48033","Borden County, Texas","B02001_006",0,15
"167","48033","Borden County, Texas","B02001_007",4,6
"168","48033","Borden County, Texas","B02001_008",60,69
"169","48033","Borden County, Texas","B02001_009",57,69
"170","48033","Borden County, Texas","B02001_010",3,5
"171","48035","Bosque County, Texas","B02001_001",18687,NA
"172","48035","Bosque County, Texas","B02001_002",14409,233
"173","48035","Bosque County, Texas","B02001_003",230,105
"174","48035","Bosque County, Texas","B02001_004",41,22
"175","48035","Bosque County, Texas","B02001_005",81,37
"176","48035","Bosque County, Texas","B02001_006",0,23
"177","48035","Bosque County, Texas","B02001_007",1104,337
"178","48035","Bosque County, Texas","B02001_008",2822,325
"179","48035","Bosque County, Texas","B02001_009",2109,305
"180","48035","Bosque County, Texas","B02001_010",713,194
"181","48037","Bowie County, Texas","B02001_001",92115,NA
"182","48037","Bowie County, Texas","B02001_002",59018,646
"183","48037","Bowie County, Texas","B02001_003",22866,650
"184","48037","Bowie County, Texas","B02001_004",467,161
"185","48037","Bowie County, Texas","B02001_005",1273,156
"186","48037","Bowie County, Texas","B02001_006",168,219
"187","48037","Bowie County, Texas","B02001_007",2544,562
"188","48037","Bowie County, Texas","B02001_008",5779,823
"189","48037","Bowie County, Texas","B02001_009",2667,545
"190","48037","Bowie County, Texas","B02001_010",3112,612
"191","48039","Brazoria County, Texas","B02001_001",391255,NA
"192","48039","Brazoria County, Texas","B02001_002",186775,2735
"193","48039","Brazoria County, Texas","B02001_003",63338,895
"194","48039","Brazoria County, Texas","B02001_004",1831,465
"195","48039","Brazoria County, Texas","B02001_005",29076,721
"196","48039","Brazoria County, Texas","B02001_006",123,94
"197","48039","Brazoria County, Texas","B02001_007",27564,2314
"198","48039","Brazoria County, Texas","B02001_008",82548,3295
"199","48039","Brazoria County, Texas","B02001_009",70292,3376
"200","48039","Brazoria County, Texas","B02001_010",12256,1341
"201","48041","Brazos County, Texas","B02001_001",242311,NA
"202","48041","Brazos County, Texas","B02001_002",153237,1639
"203","48041","Brazos County, Texas","B02001_003",25439,678
"204","48041","Brazos County, Texas","B02001_004",1533,469
"205","48041","Brazos County, Texas","B02001_005",14486,390
"206","48041","Brazos County, Texas","B02001_006",235,106
"207","48041","Brazos County, Texas","B02001_007",13068,1334
"208","48041","Brazos County, Texas","B02001_008",34313,1944
"209","48041","Brazos County, Texas","B02001_009",27009,1783
"210","48041","Brazos County, Texas","B02001_010",7304,824
"211","48043","Brewster County, Texas","B02001_001",9503,NA
"212","48043","Brewster County, Texas","B02001_002",6547,607
"213","48043","Brewster County, Texas","B02001_003",56,38
"214","48043","Brewster County, Texas","B02001_004",0,21
"215","48043","Brewster County, Texas","B02001_005",177,174
"216","48043","Brewster County, Texas","B02001_006",18,29
"217","48043","Brewster County, Texas","B02001_007",784,299
"218","48043","Brewster County, Texas","B02001_008",1921,648
"219","48043","Brewster County, Texas","B02001_009",1667,580
"220","48043","Brewster County, Texas","B02001_010",254,166
"221","48045","Briscoe County, Texas","B02001_001",1301,136
"222","48045","Briscoe County, Texas","B02001_002",1089,144
"223","48045","Briscoe County, Texas","B02001_003",79,51
"224","48045","Briscoe County, Texas","B02001_004",1,3
"225","48045","Briscoe County, Texas","B02001_005",0,15
"226","48045","Briscoe County, Texas","B02001_006",0,15
"227","48045","Briscoe County, Texas","B02001_007",39,23
"228","48045","Briscoe County, Texas","B02001_008",93,57
"229","48045","Briscoe County, Texas","B02001_009",89,57
"230","48045","Briscoe County, Texas","B02001_010",4,5
"231","48047","Brooks County, Texas","B02001_001",6943,NA
"232","48047","Brooks County, Texas","B02001_002",1672,545
"233","48047","Brooks County, Texas","B02001_003",40,43
"234","48047","Brooks County, Texas","B02001_004",62,80
"235","48047","Brooks County, Texas","B02001_005",0,21
"236","48047","Brooks County, Texas","B02001_006",19,34
"237","48047","Brooks County, Texas","B02001_007",753,478
"238","48047","Brooks County, Texas","B02001_008",4397,788
"239","48047","Brooks County, Texas","B02001_009",4367,785
"240","48047","Brooks County, Texas","B02001_010",30,41
"241","48049","Brown County, Texas","B02001_001",38347,NA
"242","48049","Brown County, Texas","B02001_002",28670,477
"243","48049","Brown County, Texas","B02001_003",1408,179
"244","48049","Brown County, Texas","B02001_004",69,46
"245","48049","Brown County, Texas","B02001_005",228,61
"246","48049","Brown County, Texas","B02001_006",11,18
"247","48049","Brown County, Texas","B02001_007",1362,398
"248","48049","Brown County, Texas","B02001_008",6599,595
"249","48049","Brown County, Texas","B02001_009",5706,567
"250","48049","Brown County, Texas","B02001_010",893,165
"251","48051","Burleson County, Texas","B02001_001",18857,NA
"252","48051","Burleson County, Texas","B02001_002",13131,451
"253","48051","Burleson County, Texas","B02001_003",2002,160
"254","48051","Burleson County, Texas","B02001_004",128,103
"255","48051","Burleson County, Texas","B02001_005",180,80
"256","48051","Burleson County, Texas","B02001_006",0,23
"257","48051","Burleson County, Texas","B02001_007",780,348
"258","48051","Burleson County, Texas","B02001_008",2636,503
"259","48051","Burleson County, Texas","B02001_009",2050,478
"260","48051","Burleson County, Texas","B02001_010",586,194
"261","48053","Burnet County, Texas","B02001_001",52652,NA
"262","48053","Burnet County, Texas","B02001_002",41755,788
"263","48053","Burnet County, Texas","B02001_003",656,184
"264","48053","Burnet County, Texas","B02001_004",356,348
"265","48053","Burnet County, Texas","B02001_005",377,119
"266","48053","Burnet County, Texas","B02001_006",28,41
"267","48053","Burnet County, Texas","B02001_007",2896,654
"268","48053","Burnet County, Texas","B02001_008",6584,818
"269","48053","Burnet County, Texas","B02001_009",4950,819
"270","48053","Burnet County, Texas","B02001_010",1634,314
"271","48055","Caldwell County, Texas","B02001_001",48669,NA
"272","48055","Caldwell County, Texas","B02001_002",22908,986
"273","48055","Caldwell County, Texas","B02001_003",2372,372
"274","48055","Caldwell County, Texas","B02001_004",575,351
"275","48055","Caldwell County, Texas","B02001_005",370,38
"276","48055","Caldwell County, Texas","B02001_006",53,67
"277","48055","Caldwell County, Texas","B02001_007",6303,1251
"278","48055","Caldwell County, Texas","B02001_008",16088,1388
"279","48055","Caldwell County, Texas","B02001_009",14660,1385
"280","48055","Caldwell County, Texas","B02001_010",1428,388
"281","48057","Calhoun County, Texas","B02001_001",19868,NA
"282","48057","Calhoun County, Texas","B02001_002",11034,685
"283","48057","Calhoun County, Texas","B02001_003",517,57
"284","48057","Calhoun County, Texas","B02001_004",60,44
"285","48057","Calhoun County, Texas","B02001_005",824,116
"286","48057","Calhoun County, Texas","B02001_006",0,23
"287","48057","Calhoun County, Texas","B02001_007",1791,758
"288","48057","Calhoun County, Texas","B02001_008",5642,781
"289","48057","Calhoun County, Texas","B02001_009",5183,839
"290","48057","Calhoun County, Texas","B02001_010",459,215
"291","48059","Callahan County, Texas","B02001_001",14241,NA
"292","48059","Callahan County, Texas","B02001_002",11886,298
"293","48059","Callahan County, Texas","B02001_003",165,95
"294","48059","Callahan County, Texas","B02001_004",5,9
"295","48059","Callahan County, Texas","B02001_005",82,58
"296","48059","Callahan County, Texas","B02001_006",8,19
"297","48059","Callahan County, Texas","B02001_007",241,175
"298","48059","Callahan County, Texas","B02001_008",1854,326
"299","48059","Callahan County, Texas","B02001_009",1410,304
"300","48059","Callahan County, Texas","B02001_010",444,113
"301","48061","Cameron County, Texas","B02001_001",426120,NA
"302","48061","Cameron County, Texas","B02001_002",150891,4688
"303","48061","Cameron County, Texas","B02001_003",2563,414
"304","48061","Cameron County, Texas","B02001_004",2250,682
"305","48061","Cameron County, Texas","B02001_005",3463,264
"306","48061","Cameron County, Texas","B02001_006",225,207
"307","48061","Cameron County, Texas","B02001_007",42760,2910
"308","48061","Cameron County, Texas","B02001_008",223968,5366
"309","48061","Cameron County, Texas","B02001_009",219646,5342
"310","48061","Cameron County, Texas","B02001_010",4322,759
"311","48063","Camp County, Texas","B02001_001",12798,NA
"312","48063","Camp County, Texas","B02001_002",7564,264
"313","48063","Camp County, Texas","B02001_003",2002,138
"314","48063","Camp County, Texas","B02001_004",0,23
"315","48063","Camp County, Texas","B02001_005",173,19
"316","48063","Camp County, Texas","B02001_006",0,23
"317","48063","Camp County, Texas","B02001_007",928,425
"318","48063","Camp County, Texas","B02001_008",2131,448
"319","48063","Camp County, Texas","B02001_009",1673,472
"320","48063","Camp County, Texas","B02001_010",458,217
"321","48065","Carson County, Texas","B02001_001",5801,NA
"322","48065","Carson County, Texas","B02001_002",5237,123
"323","48065","Carson County, Texas","B02001_003",40,29
"324","48065","Carson County, Texas","B02001_004",23,34
"325","48065","Carson County, Texas","B02001_005",16,22
"326","48065","Carson County, Texas","B02001_006",37,40
"327","48065","Carson County, Texas","B02001_007",147,109
"328","48065","Carson County, Texas","B02001_008",301,88
"329","48065","Carson County, Texas","B02001_009",93,69
"330","48065","Carson County, Texas","B02001_010",208,67
"331","48067","Cass County, Texas","B02001_001",28568,NA
"332","48067","Cass County, Texas","B02001_002",21831,270
"333","48067","Cass County, Texas","B02001_003",4640,177
"334","48067","Cass County, Texas","B02001_004",180,118
"335","48067","Cass County, Texas","B02001_005",210,56
"336","48067","Cass County, Texas","B02001_006",0,28
"337","48067","Cass County, Texas","B02001_007",185,96
"338","48067","Cass County, Texas","B02001_008",1522,318
"339","48067","Cass County, Texas","B02001_009",905,281
"340","48067","Cass County, Texas","B02001_010",617,193
"341","48069","Castro County, Texas","B02001_001",7344,NA
"342","48069","Castro County, Texas","B02001_002",3000,312
"343","48069","Castro County, Texas","B02001_003",86,120
"344","48069","Castro County, Texas","B02001_004",60,76
"345","48069","Castro County, Texas","B02001_005",66,78
"346","48069","Castro County, Texas","B02001_006",0,21
"347","48069","Castro County, Texas","B02001_007",947,428
"348","48069","Castro County, Texas","B02001_008",3185,512
"349","48069","Castro County, Texas","B02001_009",3069,517
"350","48069","Castro County, Texas","B02001_010",116,49
"351","48071","Chambers County, Texas","B02001_001",51498,NA
"352","48071","Chambers County, Texas","B02001_002",35031,1075
"353","48071","Chambers County, Texas","B02001_003",4198,334
"354","48071","Chambers County, Texas","B02001_004",85,55
"355","48071","Chambers County, Texas","B02001_005",779,113
"356","48071","Chambers County, Texas","B02001_006",0,35
"357","48071","Chambers County, Texas","B02001_007",4338,1113
"358","48071","Chambers County, Texas","B02001_008",7067,1118
"359","48071","Chambers County, Texas","B02001_009",5826,992
"360","48071","Chambers County, Texas","B02001_010",1241,399
"361","48073","Cherokee County, Texas","B02001_001",51886,NA
"362","48073","Cherokee County, Texas","B02001_002",33771,715
"363","48073","Cherokee County, Texas","B02001_003",6666,303
"364","48073","Cherokee County, Texas","B02001_004",791,547
"365","48073","Cherokee County, Texas","B02001_005",231,75
"366","48073","Cherokee County, Texas","B02001_006",0,35
"367","48073","Cherokee County, Texas","B02001_007",2771,689
"368","48073","Cherokee County, Texas","B02001_008",7656,660
"369","48073","Cherokee County, Texas","B02001_009",6295,624
"370","48073","Cherokee County, Texas","B02001_010",1361,287
"371","48075","Childress County, Texas","B02001_001",6743,NA
"372","48075","Childress County, Texas","B02001_002",4309,431
"373","48075","Childress County, Texas","B02001_003",454,120
"374","48075","Childress County, Texas","B02001_004",100,106
"375","48075","Childress County, Texas","B02001_005",13,33
"376","48075","Childress County, Texas","B02001_006",0,21
"377","48075","Childress County, Texas","B02001_007",610,263
"378","48075","Childress County, Texas","B02001_008",1257,422
"379","48075","Childress County, Texas","B02001_009",1004,421
"380","48075","Childress County, Texas","B02001_010",253,105
"381","48077","Clay County, Texas","B02001_001",10495,NA
"382","48077","Clay County, Texas","B02001_002",9426,113
"383","48077","Clay County, Texas","B02001_003",104,59
"384","48077","Clay County, Texas","B02001_004",61,43
"385","48077","Clay County, Texas","B02001_005",84,31
"386","48077","Clay County, Texas","B02001_006",7,7
"387","48077","Clay County, Texas","B02001_007",69,51
"388","48077","Clay County, Texas","B02001_008",744,147
"389","48077","Clay County, Texas","B02001_009",417,121
"390","48077","Clay County, Texas","B02001_010",327,84
"391","48079","Cochran County, Texas","B02001_001",2550,NA
"392","48079","Cochran County, Texas","B02001_002",1089,93
"393","48079","Cochran County, Texas","B02001_003",125,34
"394","48079","Cochran County, Texas","B02001_004",10,12
"395","48079","Cochran County, Texas","B02001_005",1,2
"396","48079","Cochran County, Texas","B02001_006",0,15
"397","48079","Cochran County, Texas","B02001_007",158,54
"398","48079","Cochran County, Texas","B02001_008",1167,122
"399","48079","Cochran County, Texas","B02001_009",1106,128
"400","48079","Cochran County, Texas","B02001_010",61,47
"401","48081","Coke County, Texas","B02001_001",3353,NA
"402","48081","Coke County, Texas","B02001_002",2826,68
"403","48081","Coke County, Texas","B02001_003",42,36
"404","48081","Coke County, Texas","B02001_004",14,16
"405","48081","Coke County, Texas","B02001_005",8,13
"406","48081","Coke County, Texas","B02001_006",0,15
"407","48081","Coke County, Texas","B02001_007",121,76
"408","48081","Coke County, Texas","B02001_008",342,94
"409","48081","Coke County, Texas","B02001_009",244,81
"410","48081","Coke County, Texas","B02001_010",98,42
"411","48083","Coleman County, Texas","B02001_001",7833,NA
"412","48083","Coleman County, Texas","B02001_002",6085,92
"413","48083","Coleman County, Texas","B02001_003",360,41
"414","48083","Coleman County, Texas","B02001_004",12,18
"415","48083","Coleman County, Texas","B02001_005",44,37
"416","48083","Coleman County, Texas","B02001_006",0,21
"417","48083","Coleman County, Texas","B02001_007",189,133
"418","48083","Coleman County, Texas","B02001_008",1143,181
"419","48083","Coleman County, Texas","B02001_009",1014,185
"420","48083","Coleman County, Texas","B02001_010",129,34
"421","48085","Collin County, Texas","B02001_001",1163337,NA
"422","48085","Collin County, Texas","B02001_002",621943,3435
"423","48085","Collin County, Texas","B02001_003",127684,2062
"424","48085","Collin County, Texas","B02001_004",5198,1025
"425","48085","Collin County, Texas","B02001_005",218741,1823
"426","48085","Collin County, Texas","B02001_006",676,198
"427","48085","Collin County, Texas","B02001_007",44181,3401
"428","48085","Collin County, Texas","B02001_008",144914,4377
"429","48085","Collin County, Texas","B02001_009",99991,3793
"430","48085","Collin County, Texas","B02001_010",44923,3095
"431","48087","Collingsworth County, Texas","B02001_001",2588,156
"432","48087","Collingsworth County, Texas","B02001_002",1482,155
"433","48087","Collingsworth County, Texas","B02001_003",115,81
"434","48087","Collingsworth County, Texas","B02001_004",49,69
"435","48087","Collingsworth County, Texas","B02001_005",0,15
"436","48087","Collingsworth County, Texas","B02001_006",32,46
"437","48087","Collingsworth County, Texas","B02001_007",286,130
"438","48087","Collingsworth County, Texas","B02001_008",624,206
"439","48087","Collingsworth County, Texas","B02001_009",449,154
"440","48087","Collingsworth County, Texas","B02001_010",175,103
"441","48089","Colorado County, Texas","B02001_001",21006,NA
"442","48089","Colorado County, Texas","B02001_002",12532,601
"443","48089","Colorado County, Texas","B02001_003",2159,353
"444","48089","Colorado County, Texas","B02001_004",106,93
"445","48089","Colorado County, Texas","B02001_005",141,118
"446","48089","Colorado County, Texas","B02001_006",0,28
"447","48089","Colorado County, Texas","B02001_007",2192,669
"448","48089","Colorado County, Texas","B02001_008",3876,692
"449","48089","Colorado County, Texas","B02001_009",3051,601
"450","48089","Colorado County, Texas","B02001_010",825,282
"451","48091","Comal County, Texas","B02001_001",183826,NA
"452","48091","Comal County, Texas","B02001_002",130763,1721
"453","48091","Comal County, Texas","B02001_003",4872,558
"454","48091","Comal County, Texas","B02001_004",825,302
"455","48091","Comal County, Texas","B02001_005",2947,448
"456","48091","Comal County, Texas","B02001_006",15,21
"457","48091","Comal County, Texas","B02001_007",9701,1190
"458","48091","Comal County, Texas","B02001_008",34703,2089
"459","48091","Comal County, Texas","B02001_009",27857,1873
"460","48091","Comal County, Texas","B02001_010",6846,895
"461","48093","Comanche County, Texas","B02001_001",13950,NA
"462","48093","Comanche County, Texas","B02001_002",9727,236
"463","48093","Comanche County, Texas","B02001_003",60,39
"464","48093","Comanche County, Texas","B02001_004",69,67
"465","48093","Comanche County, Texas","B02001_005",47,28
"466","48093","Comanche County, Texas","B02001_006",0,23
"467","48093","Comanche County, Texas","B02001_007",314,135
"468","48093","Comanche County, Texas","B02001_008",3733,292
"469","48093","Comanche County, Texas","B02001_009",3309,308
"470","48093","Comanche County, Texas","B02001_010",424,108
"471","48095","Concho County, Texas","B02001_001",3328,NA
"472","48095","Concho County, Texas","B02001_002",2248,199
"473","48095","Concho County, Texas","B02001_003",158,65
"474","48095","Concho County, Texas","B02001_004",0,15
"475","48095","Concho County, Texas","B02001_005",56,39
"476","48095","Concho County, Texas","B02001_006",0,15
"477","48095","Concho County, Texas","B02001_007",69,53
"478","48095","Concho County, Texas","B02001_008",797,163
"479","48095","Concho County, Texas","B02001_009",752,144
"480","48095","Concho County, Texas","B02001_010",45,52
"481","48097","Cooke County, Texas","B02001_001",43046,NA
"482","48097","Cooke County, Texas","B02001_002",33253,800
"483","48097","Cooke County, Texas","B02001_003",1378,183
"484","48097","Cooke County, Texas","B02001_004",156,72
"485","48097","Cooke County, Texas","B02001_005",313,202
"486","48097","Cooke County, Texas","B02001_006",0,31
"487","48097","Cooke County, Texas","B02001_007",2067,630
"488","48097","Cooke County, Texas","B02001_008",5879,869
"489","48097","Cooke County, Texas","B02001_009",4728,830
"490","48097","Cooke County, Texas","B02001_010",1151,296
"491","48099","Coryell County, Texas","B02001_001",84748,NA
"492","48099","Coryell County, Texas","B02001_002",49672,656
"493","48099","Coryell County, Texas","B02001_003",12161,823
"494","48099","Coryell County, Texas","B02001_004",764,280
"495","48099","Coryell County, Texas","B02001_005",1665,209
"496","48099","Coryell County, Texas","B02001_006",658,118
"497","48099","Coryell County, Texas","B02001_007",3517,635
"498","48099","Coryell County, Texas","B02001_008",16311,1165
"499","48099","Coryell County, Texas","B02001_009",8556,917
"500","48099","Coryell County, Texas","B02001_010",7755,811
"501","48101","Cottle County, Texas","B02001_001",1368,210
"502","48101","Cottle County, Texas","B02001_002",694,179
"503","48101","Cottle County, Texas","B02001_003",32,33
"504","48101","Cottle County, Texas","B02001_004",0,15
"505","48101","Cottle County, Texas","B02001_005",0,15
"506","48101","Cottle County, Texas","B02001_006",0,15
"507","48101","Cottle County, Texas","B02001_007",216,165
"508","48101","Cottle County, Texas","B02001_008",426,162
"509","48101","Cottle County, Texas","B02001_009",258,137
"510","48101","Cottle County, Texas","B02001_010",168,124
"511","48103","Crane County, Texas","B02001_001",4610,NA
"512","48103","Crane County, Texas","B02001_002",1849,401
"513","48103","Crane County, Texas","B02001_003",145,111
"514","48103","Crane County, Texas","B02001_004",8,12
"515","48103","Crane County, Texas","B02001_005",72,73
"516","48103","Crane County, Texas","B02001_006",8,18
"517","48103","Crane County, Texas","B02001_007",1767,446
"518","48103","Crane County, Texas","B02001_008",761,317
"519","48103","Crane County, Texas","B02001_009",685,290
"520","48103","Crane County, Texas","B02001_010",76,74
"521","48105","Crockett County, Texas","B02001_001",2822,282
"522","48105","Crockett County, Texas","B02001_002",930,337
"523","48105","Crockett County, Texas","B02001_003",7,18
"524","48105","Crockett County, Texas","B02001_004",0,15
"525","48105","Crockett County, Texas","B02001_005",0,15
"526","48105","Crockett County, Texas","B02001_006",0,15
"527","48105","Crockett County, Texas","B02001_007",1376,472
"528","48105","Crockett County, Texas","B02001_008",509,445
"529","48105","Crockett County, Texas","B02001_009",507,445
"530","48105","Crockett County, Texas","B02001_010",2,4
"531","48107","Crosby County, Texas","B02001_001",5041,NA
"532","48107","Crosby County, Texas","B02001_002",3319,238
"533","48107","Crosby County, Texas","B02001_003",175,71
"534","48107","Crosby County, Texas","B02001_004",11,12
"535","48107","Crosby County, Texas","B02001_005",35,40
"536","48107","Crosby County, Texas","B02001_006",0,21
"537","48107","Crosby County, Texas","B02001_007",667,216
"538","48107","Crosby County, Texas","B02001_008",834,188
"539","48107","Crosby County, Texas","B02001_009",629,181
"540","48107","Crosby County, Texas","B02001_010",205,88
"541","48109","Culberson County, Texas","B02001_001",2195,NA
"542","48109","Culberson County, Texas","B02001_002",1127,369
"543","48109","Culberson County, Texas","B02001_003",5,6
"544","48109","Culberson County, Texas","B02001_004",64,76
"545","48109","Culberson County, Texas","B02001_005",27,41
"546","48109","Culberson County, Texas","B02001_006",0,15
"547","48109","Culberson County, Texas","B02001_007",123,111
"548","48109","Culberson County, Texas","B02001_008",849,323
"549","48109","Culberson County, Texas","B02001_009",831,322
"550","48109","Culberson County, Texas","B02001_010",18,38
"551","48111","Dallam County, Texas","B02001_001",7298,NA
"552","48111","Dallam County, Texas","B02001_002",3717,469
"553","48111","Dallam County, Texas","B02001_003",15,26
"554","48111","Dallam County, Texas","B02001_004",264,286
"555","48111","Dallam County, Texas","B02001_005",3,5
"556","48111","Dallam County, Texas","B02001_006",0,21
"557","48111","Dallam County, Texas","B02001_007",1116,513
"558","48111","Dallam County, Texas","B02001_008",2183,520
"559","48111","Dallam County, Texas","B02001_009",1813,501
"560","48111","Dallam County, Texas","B02001_010",370,223
"561","48113","Dallas County, Texas","B02001_001",2621179,NA
"562","48113","Dallas County, Texas","B02001_002",910742,7918
"563","48113","Dallas County, Texas","B02001_003",587065,3106
"564","48113","Dallas County, Texas","B02001_004",23770,2778
"565","48113","Dallas County, Texas","B02001_005",185198,1586
"566","48113","Dallas County, Texas","B02001_006",1294,255
"567","48113","Dallas County, Texas","B02001_007",353767,8590
"568","48113","Dallas County, Texas","B02001_008",559343,10218
"569","48113","Dallas County, Texas","B02001_009",474056,9367
"570","48113","Dallas County, Texas","B02001_010",85287,4583
"571","48115","Dawson County, Texas","B02001_001",12134,NA
"572","48115","Dawson County, Texas","B02001_002",6001,432
"573","48115","Dawson County, Texas","B02001_003",815,102
"574","48115","Dawson County, Texas","B02001_004",23,28
"575","48115","Dawson County, Texas","B02001_005",63,76
"576","48115","Dawson County, Texas","B02001_006",4,10
"577","48115","Dawson County, Texas","B02001_007",1892,578
"578","48115","Dawson County, Texas","B02001_008",3336,622
"579","48115","Dawson County, Texas","B02001_009",3131,616
"580","48115","Dawson County, Texas","B02001_010",205,107
"581","48117","Deaf Smith County, Texas","B02001_001",18460,NA
"582","48117","Deaf Smith County, Texas","B02001_002",7469,860
"583","48117","Deaf Smith County, Texas","B02001_003",479,461
"584","48117","Deaf Smith County, Texas","B02001_004",113,52
"585","48117","Deaf Smith County, Texas","B02001_005",12,20
"586","48117","Deaf Smith County, Texas","B02001_006",0,23
"587","48117","Deaf Smith County, Texas","B02001_007",3125,806
"588","48117","Deaf Smith County, Texas","B02001_008",7262,1091
"589","48117","Deaf Smith County, Texas","B02001_009",6913,1087
"590","48117","Deaf Smith County, Texas","B02001_010",349,155
"591","48119","Delta County, Texas","B02001_001",5438,NA
"592","48119","Delta County, Texas","B02001_002",4419,82
"593","48119","Delta County, Texas","B02001_003",440,42
"594","48119","Delta County, Texas","B02001_004",13,23
"595","48119","Delta County, Texas","B02001_005",24,33
"596","48119","Delta County, Texas","B02001_006",0,21
"597","48119","Delta County, Texas","B02001_007",81,75
"598","48119","Delta County, Texas","B02001_008",461,96
"599","48119","Delta County, Texas","B02001_009",65,58
"600","48119","Delta County, Texas","B02001_010",396,101
"601","48121","Denton County, Texas","B02001_001",979561,NA
"602","48121","Denton County, Texas","B02001_002",557664,3607
"603","48121","Denton County, Texas","B02001_003",107302,1675
"604","48121","Denton County, Texas","B02001_004",6852,1437
"605","48121","Denton County, Texas","B02001_005",108976,1465
"606","48121","Denton County, Texas","B02001_006",830,205
"607","48121","Denton County, Texas","B02001_007",49642,2835
"608","48121","Denton County, Texas","B02001_008",148295,4758
"609","48121","Denton County, Texas","B02001_009",104733,4050
"610","48121","Denton County, Texas","B02001_010",43562,3308
"611","48123","DeWitt County, Texas","B02001_001",20016,NA
"612","48123","DeWitt County, Texas","B02001_002",11786,462
"613","48123","DeWitt County, Texas","B02001_003",1214,235
"614","48123","DeWitt County, Texas","B02001_004",163,84
"615","48123","DeWitt County, Texas","B02001_005",133,178
"616","48123","DeWitt County, Texas","B02001_006",0,28
"617","48123","DeWitt County, Texas","B02001_007",3616,574
"618","48123","DeWitt County, Texas","B02001_008",3104,541
"619","48123","DeWitt County, Texas","B02001_009",2388,473
"620","48123","DeWitt County, Texas","B02001_010",716,222
"621","48125","Dickens County, Texas","B02001_001",1747,156
"622","48125","Dickens County, Texas","B02001_002",1303,137
"623","48125","Dickens County, Texas","B02001_003",24,26
"624","48125","Dickens County, Texas","B02001_004",22,17
"625","48125","Dickens County, Texas","B02001_005",27,38
"626","48125","Dickens County, Texas","B02001_006",8,12
"627","48125","Dickens County, Texas","B02001_007",243,82
"628","48125","Dickens County, Texas","B02001_008",120,55
"629","48125","Dickens County, Texas","B02001_009",97,52
"630","48125","Dickens County, Texas","B02001_010",23,16
"631","48127","Dimmit County, Texas","B02001_001",8380,NA
"632","48127","Dimmit County, Texas","B02001_002",1203,365
"633","48127","Dimmit County, Texas","B02001_003",94,78
"634","48127","Dimmit County, Texas","B02001_004",234,187
"635","48127","Dimmit County, Texas","B02001_005",46,56
"636","48127","Dimmit County, Texas","B02001_006",0,21
"637","48127","Dimmit County, Texas","B02001_007",768,404
"638","48127","Dimmit County, Texas","B02001_008",6035,540
"639","48127","Dimmit County, Texas","B02001_009",5969,544
"640","48127","Dimmit County, Texas","B02001_010",66,74
"641","48129","Donley County, Texas","B02001_001",3257,NA
"642","48129","Donley County, Texas","B02001_002",2742,94
"643","48129","Donley County, Texas","B02001_003",168,63
"644","48129","Donley County, Texas","B02001_004",6,7
"645","48129","Donley County, Texas","B02001_005",83,48
"646","48129","Donley County, Texas","B02001_006",0,15
"647","48129","Donley County, Texas","B02001_007",52,40
"648","48129","Donley County, Texas","B02001_008",206,91
"649","48129","Donley County, Texas","B02001_009",157,90
"650","48129","Donley County, Texas","B02001_010",49,40
"651","48131","Duval County, Texas","B02001_001",9742,NA
"652","48131","Duval County, Texas","B02001_002",5401,706
"653","48131","Duval County, Texas","B02001_003",69,47
"654","48131","Duval County, Texas","B02001_004",82,117
"655","48131","Duval County, Texas","B02001_005",117,147
"656","48131","Duval County, Texas","B02001_006",0,21
"657","48131","Duval County, Texas","B02001_007",392,285
"658","48131","Duval County, Texas","B02001_008",3681,619
"659","48131","Duval County, Texas","B02001_009",3606,605
"660","48131","Duval County, Texas","B02001_010",75,52
"661","48133","Eastland County, Texas","B02001_001",18011,NA
"662","48133","Eastland County, Texas","B02001_002",14545,247
"663","48133","Eastland County, Texas","B02001_003",388,93
"664","48133","Eastland County, Texas","B02001_004",90,70
"665","48133","Eastland County, Texas","B02001_005",85,54
"666","48133","Eastland County, Texas","B02001_006",7,10
"667","48133","Eastland County, Texas","B02001_007",225,121
"668","48133","Eastland County, Texas","B02001_008",2671,253
"669","48133","Eastland County, Texas","B02001_009",2141,237
"670","48133","Eastland County, Texas","B02001_010",530,129
"671","48135","Ector County, Texas","B02001_001",164654,NA
"672","48135","Ector County, Texas","B02001_002",79219,2818
"673","48135","Ector County, Texas","B02001_003",7352,643
"674","48135","Ector County, Texas","B02001_004",942,362
"675","48135","Ector County, Texas","B02001_005",2015,396
"676","48135","Ector County, Texas","B02001_006",346,40
"677","48135","Ector County, Texas","B02001_007",32878,3084
"678","48135","Ector County, Texas","B02001_008",41902,3065
"679","48135","Ector County, Texas","B02001_009",36657,3106
"680","48135","Ector County, Texas","B02001_010",5245,960
"681","48137","Edwards County, Texas","B02001_001",1290,280
"682","48137","Edwards County, Texas","B02001_002",960,264
"683","48137","Edwards County, Texas","B02001_003",27,40
"684","48137","Edwards County, Texas","B02001_004",2,4
"685","48137","Edwards County, Texas","B02001_005",0,15
"686","48137","Edwards County, Texas","B02001_006",0,15
"687","48137","Edwards County, Texas","B02001_007",240,273
"688","48137","Edwards County, Texas","B02001_008",61,38
"689","48137","Edwards County, Texas","B02001_009",48,35
"690","48137","Edwards County, Texas","B02001_010",13,13
"691","48139","Ellis County, Texas","B02001_001",213160,NA
"692","48139","Ellis County, Texas","B02001_002",126957,1907
"693","48139","Ellis County, Texas","B02001_003",30976,845
"694","48139","Ellis County, Texas","B02001_004",1111,391
"695","48139","Ellis County, Texas","B02001_005",1820,293
"696","48139","Ellis County, Texas","B02001_006",375,229
"697","48139","Ellis County, Texas","B02001_007",19591,2031
"698","48139","Ellis County, Texas","B02001_008",32330,2378
"699","48139","Ellis County, Texas","B02001_009",23639,2023
"700","48139","Ellis County, Texas","B02001_010",8691,1132
"701","48141","El Paso County, Texas","B02001_001",870779,NA
"702","48141","El Paso County, Texas","B02001_002",257683,6676
"703","48141","El Paso County, Texas","B02001_003",29487,1487
"704","48141","El Paso County, Texas","B02001_004",8239,1249
"705","48141","El Paso County, Texas","B02001_005",11128,789
"706","48141","El Paso County, Texas","B02001_006",1460,185
"707","48141","El Paso County, Texas","B02001_007",158197,6471
"708","48141","El Paso County, Texas","B02001_008",404585,8516
"709","48141","El Paso County, Texas","B02001_009",381534,8497
"710","48141","El Paso County, Texas","B02001_010",23051,1730
"711","48143","Erath County, Texas","B02001_001",43794,NA
"712","48143","Erath County, Texas","B02001_002",34730,684
"713","48143","Erath County, Texas","B02001_003",835,185
"714","48143","Erath County, Texas","B02001_004",335,155
"715","48143","Erath County, Texas","B02001_005",441,120
"716","48143","Erath County, Texas","B02001_006",0,31
"717","48143","Erath County, Texas","B02001_007",3236,642
"718","48143","Erath County, Texas","B02001_008",4217,642
"719","48143","Erath County, Texas","B02001_009",3044,623
"720","48143","Erath County, Texas","B02001_010",1173,268
"721","48145","Falls County, Texas","B02001_001",17291,NA
"722","48145","Falls County, Texas","B02001_002",10009,400
"723","48145","Falls County, Texas","B02001_003",3230,342
"724","48145","Falls County, Texas","B02001_004",69,78
"725","48145","Falls County, Texas","B02001_005",961,566
"726","48145","Falls County, Texas","B02001_006",0,23
"727","48145","Falls County, Texas","B02001_007",571,190
"728","48145","Falls County, Texas","B02001_008",2451,475
"729","48145","Falls County, Texas","B02001_009",1571,341
"730","48145","Falls County, Texas","B02001_010",880,301
"731","48147","Fannin County, Texas","B02001_001",37326,NA
"732","48147","Fannin County, Texas","B02001_002",30313,524
"733","48147","Fannin County, Texas","B02001_003",2200,195
"734","48147","Fannin County, Texas","B02001_004",162,98
"735","48147","Fannin County, Texas","B02001_005",187,77
"736","48147","Fannin County, Texas","B02001_006",25,27
"737","48147","Fannin County, Texas","B02001_007",1230,339
"738","48147","Fannin County, Texas","B02001_008",3209,518
"739","48147","Fannin County, Texas","B02001_009",1468,429
"740","48147","Fannin County, Texas","B02001_010",1741,297
"741","48149","Fayette County, Texas","B02001_001",25042,NA
"742","48149","Fayette County, Texas","B02001_002",19022,473
"743","48149","Fayette County, Texas","B02001_003",1458,135
"744","48149","Fayette County, Texas","B02001_004",90,108
"745","48149","Fayette County, Texas","B02001_005",69,21
"746","48149","Fayette County, Texas","B02001_006",16,26
"747","48149","Fayette County, Texas","B02001_007",1132,345
"748","48149","Fayette County, Texas","B02001_008",3255,509
"749","48149","Fayette County, Texas","B02001_009",2741,460
"750","48149","Fayette County, Texas","B02001_010",514,161
"751","48151","Fisher County, Texas","B02001_001",3655,NA
"752","48151","Fisher County, Texas","B02001_002",2762,131
"753","48151","Fisher County, Texas","B02001_003",126,50
"754","48151","Fisher County, Texas","B02001_004",9,10
"755","48151","Fisher County, Texas","B02001_005",7,17
"756","48151","Fisher County, Texas","B02001_006",0,15
"757","48151","Fisher County, Texas","B02001_007",224,62
"758","48151","Fisher County, Texas","B02001_008",527,134
"759","48151","Fisher County, Texas","B02001_009",403,132
"760","48151","Fisher County, Texas","B02001_010",124,37
"761","48153","Floyd County, Texas","B02001_001",5216,NA
"762","48153","Floyd County, Texas","B02001_002",3260,298
"763","48153","Floyd County, Texas","B02001_003",126,44
"764","48153","Floyd County, Texas","B02001_004",35,25
"765","48153","Floyd County, Texas","B02001_005",10,14
"766","48153","Floyd County, Texas","B02001_006",0,21
"767","48153","Floyd County, Texas","B02001_007",984,290
"768","48153","Floyd County, Texas","B02001_008",801,223
"769","48153","Floyd County, Texas","B02001_009",606,214
"770","48153","Floyd County, Texas","B02001_010",195,55
"771","48155","Foard County, Texas","B02001_001",991,172
"772","48155","Foard County, Texas","B02001_002",829,165
"773","48155","Foard County, Texas","B02001_003",3,10
"774","48155","Foard County, Texas","B02001_004",0,15
"775","48155","Foard County, Texas","B02001_005",3,4
"776","48155","Foard County, Texas","B02001_006",0,15
"777","48155","Foard County, Texas","B02001_007",57,43
"778","48155","Foard County, Texas","B02001_008",99,57
"779","48155","Foard County, Texas","B02001_009",39,41
"780","48155","Foard County, Texas","B02001_010",60,45
"781","48157","Fort Bend County, Texas","B02001_001",893767,NA
"782","48157","Fort Bend County, Texas","B02001_002",300429,3837
"783","48157","Fort Bend County, Texas","B02001_003",186159,2732
"784","48157","Fort Bend County, Texas","B02001_004",3781,1130
"785","48157","Fort Bend County, Texas","B02001_005",197513,1918
"786","48157","Fort Bend County, Texas","B02001_006",539,143
"787","48157","Fort Bend County, Texas","B02001_007",62878,4327
"788","48157","Fort Bend County, Texas","B02001_008",142468,5934
"789","48157","Fort Bend County, Texas","B02001_009",110678,4801
"790","48157","Fort Bend County, Texas","B02001_010",31790,3371
"791","48159","Franklin County, Texas","B02001_001",10632,NA
"792","48159","Franklin County, Texas","B02001_002",8261,66
"793","48159","Franklin County, Texas","B02001_003",578,108
"794","48159","Franklin County, Texas","B02001_004",18,19
"795","48159","Franklin County, Texas","B02001_005",33,45
"796","48159","Franklin County, Texas","B02001_006",0,23
"797","48159","Franklin County, Texas","B02001_007",335,254
"798","48159","Franklin County, Texas","B02001_008",1407,286
"799","48159","Franklin County, Texas","B02001_009",1148,268
"800","48159","Franklin County, Texas","B02001_010",259,103
"801","48161","Freestone County, Texas","B02001_001",20049,NA
"802","48161","Freestone County, Texas","B02001_002",13164,398
"803","48161","Freestone County, Texas","B02001_003",2908,173
"804","48161","Freestone County, Texas","B02001_004",92,96
"805","48161","Freestone County, Texas","B02001_005",44,37
"806","48161","Freestone County, Texas","B02001_006",0,28
"807","48161","Freestone County, Texas","B02001_007",615,247
"808","48161","Freestone County, Texas","B02001_008",3226,506
"809","48161","Freestone County, Texas","B02001_009",2732,444
"810","48161","Freestone County, Texas","B02001_010",494,176
"811","48163","Frio County, Texas","B02001_001",18582,NA
"812","48163","Frio County, Texas","B02001_002",6136,849
"813","48163","Frio County, Texas","B02001_003",950,262
"814","48163","Frio County, Texas","B02001_004",53,66
"815","48163","Frio County, Texas","B02001_005",330,286
"816","48163","Frio County, Texas","B02001_006",7,15
"817","48163","Frio County, Texas","B02001_007",3132,791
"818","48163","Frio County, Texas","B02001_008",7974,944
"819","48163","Frio County, Texas","B02001_009",7737,943
"820","48163","Frio County, Texas","B02001_010",237,167
"821","48165","Gaines County, Texas","B02001_001",22232,NA
"822","48165","Gaines County, Texas","B02001_002",15601,811
"823","48165","Gaines County, Texas","B02001_003",460,168
"824","48165","Gaines County, Texas","B02001_004",0,28
"825","48165","Gaines County, Texas","B02001_005",124,133
"826","48165","Gaines County, Texas","B02001_006",0,28
"827","48165","Gaines County, Texas","B02001_007",1211,516
"828","48165","Gaines County, Texas","B02001_008",4836,845
"829","48165","Gaines County, Texas","B02001_009",4731,847
"830","48165","Gaines County, Texas","B02001_010",105,91
"831","48167","Galveston County, Texas","B02001_001",358990,NA
"832","48167","Galveston County, Texas","B02001_002",216591,2247
"833","48167","Galveston County, Texas","B02001_003",44109,1103
"834","48167","Galveston County, Texas","B02001_004",1950,583
"835","48167","Galveston County, Texas","B02001_005",12211,533
"836","48167","Galveston County, Texas","B02001_006",297,91
"837","48167","Galveston County, Texas","B02001_007",17948,1719
"838","48167","Galveston County, Texas","B02001_008",65884,2865
"839","48167","Galveston County, Texas","B02001_009",51483,2583
"840","48167","Galveston County, Texas","B02001_010",14401,1370
"841","48169","Garza County, Texas","B02001_001",5118,210
"842","48169","Garza County, Texas","B02001_002",2495,348
"843","48169","Garza County, Texas","B02001_003",516,177
"844","48169","Garza County, Texas","B02001_004",183,199
"845","48169","Garza County, Texas","B02001_005",3,5
"846","48169","Garza County, Texas","B02001_006",0,21
"847","48169","Garza County, Texas","B02001_007",625,313
"848","48169","Garza County, Texas","B02001_008",1296,344
"849","48169","Garza County, Texas","B02001_009",1120,323
"850","48169","Garza County, Texas","B02001_010",176,125
"851","48171","Gillespie County, Texas","B02001_001",27524,NA
"852","48171","Gillespie County, Texas","B02001_002",22545,674
"853","48171","Gillespie County, Texas","B02001_003",86,78
"854","48171","Gillespie County, Texas","B02001_004",124,114
"855","48171","Gillespie County, Texas","B02001_005",116,57
"856","48171","Gillespie County, Texas","B02001_006",45,63
"857","48171","Gillespie County, Texas","B02001_007",1591,456
"858","48171","Gillespie County, Texas","B02001_008",3017,665
"859","48171","Gillespie County, Texas","B02001_009",2430,644
"860","48171","Gillespie County, Texas","B02001_010",587,137
"861","48173","Glasscock County, Texas","B02001_001",1068,146
"862","48173","Glasscock County, Texas","B02001_002",756,141
"863","48173","Glasscock County, Texas","B02001_003",0,15
"864","48173","Glasscock County, Texas","B02001_004",0,15
"865","48173","Glasscock County, Texas","B02001_005",0,15
"866","48173","Glasscock County, Texas","B02001_006",0,15
"867","48173","Glasscock County, Texas","B02001_007",8,12
"868","48173","Glasscock County, Texas","B02001_008",304,144
"869","48173","Glasscock County, Texas","B02001_009",299,144
"870","48173","Glasscock County, Texas","B02001_010",5,8
"871","48175","Goliad County, Texas","B02001_001",7141,NA
"872","48175","Goliad County, Texas","B02001_002",5242,207
"873","48175","Goliad County, Texas","B02001_003",382,106
"874","48175","Goliad County, Texas","B02001_004",31,26
"875","48175","Goliad County, Texas","B02001_005",1,3
"876","48175","Goliad County, Texas","B02001_006",0,21
"877","48175","Goliad County, Texas","B02001_007",155,78
"878","48175","Goliad County, Texas","B02001_008",1330,232
"879","48175","Goliad County, Texas","B02001_009",1183,209
"880","48175","Goliad County, Texas","B02001_010",147,93
"881","48177","Gonzales County, Texas","B02001_001",19851,NA
"882","48177","Gonzales County, Texas","B02001_002",10687,777
"883","48177","Gonzales County, Texas","B02001_003",1281,212
"884","48177","Gonzales County, Texas","B02001_004",244,188
"885","48177","Gonzales County, Texas","B02001_005",84,56
"886","48177","Gonzales County, Texas","B02001_006",116,171
"887","48177","Gonzales County, Texas","B02001_007",2571,705
"888","48177","Gonzales County, Texas","B02001_008",4868,706
"889","48177","Gonzales County, Texas","B02001_009",4275,637
"890","48177","Gonzales County, Texas","B02001_010",593,238
"891","48179","Gray County, Texas","B02001_001",21045,NA
"892","48179","Gray County, Texas","B02001_002",16229,558
"893","48179","Gray County, Texas","B02001_003",960,92
"894","48179","Gray County, Texas","B02001_004",300,115
"895","48179","Gray County, Texas","B02001_005",225,61
"896","48179","Gray County, Texas","B02001_006",0,28
"897","48179","Gray County, Texas","B02001_007",1851,466
"898","48179","Gray County, Texas","B02001_008",1480,348
"899","48179","Gray County, Texas","B02001_009",934,305
"900","48179","Gray County, Texas","B02001_010",546,166
"901","48181","Grayson County, Texas","B02001_001",143337,NA
"902","48181","Grayson County, Texas","B02001_002",109325,1212
"903","48181","Grayson County, Texas","B02001_003",7432,580
"904","48181","Grayson County, Texas","B02001_004",1050,258
"905","48181","Grayson County, Texas","B02001_005",2168,300
"906","48181","Grayson County, Texas","B02001_006",175,139
"907","48181","Grayson County, Texas","B02001_007",6060,1145
"908","48181","Grayson County, Texas","B02001_008",17127,1526
"909","48181","Grayson County, Texas","B02001_009",10477,1358
"910","48181","Grayson County, Texas","B02001_010",6650,817
"911","48183","Gregg County, Texas","B02001_001",125480,NA
"912","48183","Gregg County, Texas","B02001_002",72261,821
"913","48183","Gregg County, Texas","B02001_003",22555,942
"914","48183","Gregg County, Texas","B02001_004",624,259
"915","48183","Gregg County, Texas","B02001_005",1656,218
"916","48183","Gregg County, Texas","B02001_006",42,53
"917","48183","Gregg County, Texas","B02001_007",3675,930
"918","48183","Gregg County, Texas","B02001_008",24667,1368
"919","48183","Gregg County, Texas","B02001_009",18090,1186
"920","48183","Gregg County, Texas","B02001_010",6577,961
"921","48185","Grimes County, Texas","B02001_001",31340,NA
"922","48185","Grimes County, Texas","B02001_002",19177,735
"923","48185","Grimes County, Texas","B02001_003",3586,397
"924","48185","Grimes County, Texas","B02001_004",175,152
"925","48185","Grimes County, Texas","B02001_005",116,65
"926","48185","Grimes County, Texas","B02001_006",51,62
"927","48185","Grimes County, Texas","B02001_007",3243,889
"928","48185","Grimes County, Texas","B02001_008",4992,882
"929","48185","Grimes County, Texas","B02001_009",3629,775
"930","48185","Grimes County, Texas","B02001_010",1363,402
"931","48187","Guadalupe County, Texas","B02001_001",183642,NA
"932","48187","Guadalupe County, Texas","B02001_002",101276,1964
"933","48187","Guadalupe County, Texas","B02001_003",14514,923
"934","48187","Guadalupe County, Texas","B02001_004",983,507
"935","48187","Guadalupe County, Texas","B02001_005",3140,431
"936","48187","Guadalupe County, Texas","B02001_006",77,60
"937","48187","Guadalupe County, Texas","B02001_007",15565,1877
"938","48187","Guadalupe County, Texas","B02001_008",48087,2507
"939","48187","Guadalupe County, Texas","B02001_009",38120,2369
"940","48187","Guadalupe County, Texas","B02001_010",9967,1087
"941","48189","Hale County, Texas","B02001_001",32131,NA
"942","48189","Hale County, Texas","B02001_002",16893,1008
"943","48189","Hale County, Texas","B02001_003",1489,245
"944","48189","Hale County, Texas","B02001_004",523,333
"945","48189","Hale County, Texas","B02001_005",288,250
"946","48189","Hale County, Texas","B02001_006",10,16
"947","48189","Hale County, Texas","B02001_007",6050,826
"948","48189","Hale County, Texas","B02001_008",6878,1055
"949","48189","Hale County, Texas","B02001_009",6251,1027
"950","48189","Hale County, Texas","B02001_010",627,238
"951","48191","Hall County, Texas","B02001_001",2820,NA
"952","48191","Hall County, Texas","B02001_002",1698,112
"953","48191","Hall County, Texas","B02001_003",116,45
"954","48191","Hall County, Texas","B02001_004",31,30
"955","48191","Hall County, Texas","B02001_005",12,14
"956","48191","Hall County, Texas","B02001_006",0,15
"957","48191","Hall County, Texas","B02001_007",311,132
"958","48191","Hall County, Texas","B02001_008",652,138
"959","48191","Hall County, Texas","B02001_009",464,127
"960","48191","Hall County, Texas","B02001_010",188,73
"961","48193","Hamilton County, Texas","B02001_001",8406,NA
"962","48193","Hamilton County, Texas","B02001_002",7082,138
"963","48193","Hamilton County, Texas","B02001_003",165,41
"964","48193","Hamilton County, Texas","B02001_004",15,16
"965","48193","Hamilton County, Texas","B02001_005",3,5
"966","48193","Hamilton County, Texas","B02001_006",2,7
"967","48193","Hamilton County, Texas","B02001_007",147,94
"968","48193","Hamilton County, Texas","B02001_008",992,152
"969","48193","Hamilton County, Texas","B02001_009",865,153
"970","48193","Hamilton County, Texas","B02001_010",127,54
"971","48195","Hansford County, Texas","B02001_001",5119,NA
"972","48195","Hansford County, Texas","B02001_002",3321,264
"973","48195","Hansford County, Texas","B02001_003",7,22
"974","48195","Hansford County, Texas","B02001_004",57,60
"975","48195","Hansford County, Texas","B02001_005",15,22
"976","48195","Hansford County, Texas","B02001_006",8,15
"977","48195","Hansford County, Texas","B02001_007",460,211
"978","48195","Hansford County, Texas","B02001_008",1251,335
"979","48195","Hansford County, Texas","B02001_009",1112,324
"980","48195","Hansford County, Texas","B02001_010",139,56
"981","48197","Hardeman County, Texas","B02001_001",3501,NA
"982","48197","Hardeman County, Texas","B02001_002",2575,168
"983","48197","Hardeman County, Texas","B02001_003",118,62
"984","48197","Hardeman County, Texas","B02001_004",39,36
"985","48197","Hardeman County, Texas","B02001_005",48,10
"986","48197","Hardeman County, Texas","B02001_006",0,15
"987","48197","Hardeman County, Texas","B02001_007",136,91
"988","48197","Hardeman County, Texas","B02001_008",585,173
"989","48197","Hardeman County, Texas","B02001_009",187,110
"990","48197","Hardeman County, Texas","B02001_010",398,126
"991","48199","Hardin County, Texas","B02001_001",57642,NA
"992","48199","Hardin County, Texas","B02001_002",48357,454
"993","48199","Hardin County, Texas","B02001_003",3304,242
"994","48199","Hardin County, Texas","B02001_004",147,169
"995","48199","Hardin County, Texas","B02001_005",317,110
"996","48199","Hardin County, Texas","B02001_006",2,6
"997","48199","Hardin County, Texas","B02001_007",754,344
"998","48199","Hardin County, Texas","B02001_008",4761,628
"999","48199","Hardin County, Texas","B02001_009",3108,613
"1000","48199","Hardin County, Texas","B02001_010",1653,303
"1001","48201","Harris County, Texas","B02001_001",4838303,NA
"1002","48201","Harris County, Texas","B02001_002",1666127,12966
"1003","48201","Harris County, Texas","B02001_003",919291,4447
"1004","48201","Harris County, Texas","B02001_004",49729,3603
"1005","48201","Harris County, Texas","B02001_005",355427,2437
"1006","48201","Harris County, Texas","B02001_006",4249,1046
"1007","48201","Harris County, Texas","B02001_007",675377,13332
"1008","48201","Harris County, Texas","B02001_008",1168103,16320
"1009","48201","Harris County, Texas","B02001_009",1011994,15450
"1010","48201","Harris County, Texas","B02001_010",156109,5903
"1011","48203","Harrison County, Texas","B02001_001",70155,NA
"1012","48203","Harrison County, Texas","B02001_002",43784,692
"1013","48203","Harrison County, Texas","B02001_003",14260,366
"1014","48203","Harrison County, Texas","B02001_004",233,160
"1015","48203","Harrison County, Texas","B02001_005",337,129
"1016","48203","Harrison County, Texas","B02001_006",29,43
"1017","48203","Harrison County, Texas","B02001_007",3514,713
"1018","48203","Harrison County, Texas","B02001_008",7998,1030
"1019","48203","Harrison County, Texas","B02001_009",5892,864
"1020","48203","Harrison County, Texas","B02001_010",2106,489
"1021","48205","Hartley County, Texas","B02001_001",5215,NA
"1022","48205","Hartley County, Texas","B02001_002",3631,279
"1023","48205","Hartley County, Texas","B02001_003",315,220
"1024","48205","Hartley County, Texas","B02001_004",10,18
"1025","48205","Hartley County, Texas","B02001_005",9,14
"1026","48205","Hartley County, Texas","B02001_006",13,22
"1027","48205","Hartley County, Texas","B02001_007",250,134
"1028","48205","Hartley County, Texas","B02001_008",987,318
"1029","48205","Hartley County, Texas","B02001_009",786,263
"1030","48205","Hartley County, Texas","B02001_010",201,134
"1031","48207","Haskell County, Texas","B02001_001",5421,NA
"1032","48207","Haskell County, Texas","B02001_002",4152,184
"1033","48207","Haskell County, Texas","B02001_003",321,39
"1034","48207","Haskell County, Texas","B02001_004",9,9
"1035","48207","Haskell County, Texas","B02001_005",10,15
"1036","48207","Haskell County, Texas","B02001_006",0,21
"1037","48207","Haskell County, Texas","B02001_007",399,202
"1038","48207","Haskell County, Texas","B02001_008",530,161
"1039","48207","Haskell County, Texas","B02001_009",366,135
"1040","48207","Haskell County, Texas","B02001_010",164,67
"1041","48209","Hays County, Texas","B02001_001",268638,NA
"1042","48209","Hays County, Texas","B02001_002",162563,2847
"1043","48209","Hays County, Texas","B02001_003",11062,671
"1044","48209","Hays County, Texas","B02001_004",1966,818
"1045","48209","Hays County, Texas","B02001_005",5497,372
"1046","48209","Hays County, Texas","B02001_006",375,260
"1047","48209","Hays County, Texas","B02001_007",20290,2593
"1048","48209","Hays County, Texas","B02001_008",66885,3504
"1049","48209","Hays County, Texas","B02001_009",56326,3642
"1050","48209","Hays County, Texas","B02001_010",10559,1386
"1051","48211","Hemphill County, Texas","B02001_001",3234,NA
"1052","48211","Hemphill County, Texas","B02001_002",2552,220
"1053","48211","Hemphill County, Texas","B02001_003",115,101
"1054","48211","Hemphill County, Texas","B02001_004",19,32
"1055","48211","Hemphill County, Texas","B02001_005",0,15
"1056","48211","Hemphill County, Texas","B02001_006",0,15
"1057","48211","Hemphill County, Texas","B02001_007",314,143
"1058","48211","Hemphill County, Texas","B02001_008",234,141
"1059","48211","Hemphill County, Texas","B02001_009",157,110
"1060","48211","Hemphill County, Texas","B02001_010",77,74
"1061","48213","Henderson County, Texas","B02001_001",84862,NA
"1062","48213","Henderson County, Texas","B02001_002",65819,770
"1063","48213","Henderson County, Texas","B02001_003",4308,367
"1064","48213","Henderson County, Texas","B02001_004",259,100
"1065","48213","Henderson County, Texas","B02001_005",667,108
"1066","48213","Henderson County, Texas","B02001_006",75,64
"1067","48213","Henderson County, Texas","B02001_007",2401,583
"1068","48213","Henderson County, Texas","B02001_008",11333,970
"1069","48213","Henderson County, Texas","B02001_009",8287,918
"1070","48213","Henderson County, Texas","B02001_010",3046,470
"1071","48215","Hidalgo County, Texas","B02001_001",891977,NA
"1072","48215","Hidalgo County, Texas","B02001_002",247551,7310
"1073","48215","Hidalgo County, Texas","B02001_003",6207,633
"1074","48215","Hidalgo County, Texas","B02001_004",3751,893
"1075","48215","Hidalgo County, Texas","B02001_005",9202,346
"1076","48215","Hidalgo County, Texas","B02001_006",301,139
"1077","48215","Hidalgo County, Texas","B02001_007",96007,5370
"1078","48215","Hidalgo County, Texas","B02001_008",528958,8689
"1079","48215","Hidalgo County, Texas","B02001_009",522441,8789
"1080","48215","Hidalgo County, Texas","B02001_010",6517,928
"1081","48217","Hill County, Texas","B02001_001",37328,NA
"1082","48217","Hill County, Texas","B02001_002",28005,416
"1083","48217","Hill County, Texas","B02001_003",2093,250
"1084","48217","Hill County, Texas","B02001_004",300,155
"1085","48217","Hill County, Texas","B02001_005",285,97
"1086","48217","Hill County, Texas","B02001_006",0,31
"1087","48217","Hill County, Texas","B02001_007",3338,538
"1088","48217","Hill County, Texas","B02001_008",3307,423
"1089","48217","Hill County, Texas","B02001_009",1840,383
"1090","48217","Hill County, Texas","B02001_010",1467,235
"1091","48219","Hockley County, Texas","B02001_001",21363,NA
"1092","48219","Hockley County, Texas","B02001_002",12211,477
"1093","48219","Hockley County, Texas","B02001_003",736,160
"1094","48219","Hockley County, Texas","B02001_004",76,46
"1095","48219","Hockley County, Texas","B02001_005",29,35
"1096","48219","Hockley County, Texas","B02001_006",0,28
"1097","48219","Hockley County, Texas","B02001_007",1893,390
"1098","48219","Hockley County, Texas","B02001_008",6418,551
"1099","48219","Hockley County, Texas","B02001_009",5800,543
"1100","48219","Hockley County, Texas","B02001_010",618,170
"1101","48221","Hood County, Texas","B02001_001",65894,NA
"1102","48221","Hood County, Texas","B02001_002",55776,496
"1103","48221","Hood County, Texas","B02001_003",737,183
"1104","48221","Hood County, Texas","B02001_004",275,119
"1105","48221","Hood County, Texas","B02001_005",520,131
"1106","48221","Hood County, Texas","B02001_006",37,38
"1107","48221","Hood County, Texas","B02001_007",1792,451
"1108","48221","Hood County, Texas","B02001_008",6757,628
"1109","48221","Hood County, Texas","B02001_009",5173,589
"1110","48221","Hood County, Texas","B02001_010",1584,363
"1111","48223","Hopkins County, Texas","B02001_001",37784,NA
"1112","48223","Hopkins County, Texas","B02001_002",30095,523
"1113","48223","Hopkins County, Texas","B02001_003",2652,141
"1114","48223","Hopkins County, Texas","B02001_004",227,93
"1115","48223","Hopkins County, Texas","B02001_005",327,59
"1116","48223","Hopkins County, Texas","B02001_006",34,36
"1117","48223","Hopkins County, Texas","B02001_007",1427,358
"1118","48223","Hopkins County, Texas","B02001_008",3022,587
"1119","48223","Hopkins County, Texas","B02001_009",2151,545
"1120","48223","Hopkins County, Texas","B02001_010",871,239
"1121","48225","Houston County, Texas","B02001_001",22051,NA
"1122","48225","Houston County, Texas","B02001_002",13511,287
"1123","48225","Houston County, Texas","B02001_003",4609,238
"1124","48225","Houston County, Texas","B02001_004",216,134
"1125","48225","Houston County, Texas","B02001_005",84,58
"1126","48225","Houston County, Texas","B02001_006",5,9
"1127","48225","Houston County, Texas","B02001_007",953,224
"1128","48225","Houston County, Texas","B02001_008",2673,455
"1129","48225","Houston County, Texas","B02001_009",1697,356
"1130","48225","Houston County, Texas","B02001_010",976,228
"1131","48227","Howard County, Texas","B02001_001",32290,NA
"1132","48227","Howard County, Texas","B02001_002",20696,799
"1133","48227","Howard County, Texas","B02001_003",1660,233
"1134","48227","Howard County, Texas","B02001_004",125,67
"1135","48227","Howard County, Texas","B02001_005",429,98
"1136","48227","Howard County, Texas","B02001_006",11,20
"1137","48227","Howard County, Texas","B02001_007",2545,507
"1138","48227","Howard County, Texas","B02001_008",6824,826
"1139","48227","Howard County, Texas","B02001_009",5841,849
"1140","48227","Howard County, Texas","B02001_010",983,227
"1141","48229","Hudspeth County, Texas","B02001_001",3403,NA
"1142","48229","Hudspeth County, Texas","B02001_002",1092,165
"1143","48229","Hudspeth County, Texas","B02001_003",51,34
"1144","48229","Hudspeth County, Texas","B02001_004",20,29
"1145","48229","Hudspeth County, Texas","B02001_005",0,15
"1146","48229","Hudspeth County, Texas","B02001_006",0,15
"1147","48229","Hudspeth County, Texas","B02001_007",160,167
"1148","48229","Hudspeth County, Texas","B02001_008",2080,227
"1149","48229","Hudspeth County, Texas","B02001_009",1935,220
"1150","48229","Hudspeth County, Texas","B02001_010",145,91
"1151","48231","Hunt County, Texas","B02001_001",108972,NA
"1152","48231","Hunt County, Texas","B02001_002",76656,1106
"1153","48231","Hunt County, Texas","B02001_003",8728,511
"1154","48231","Hunt County, Texas","B02001_004",920,326
"1155","48231","Hunt County, Texas","B02001_005",1514,236
"1156","48231","Hunt County, Texas","B02001_006",14,23
"1157","48231","Hunt County, Texas","B02001_007",8711,1112
"1158","48231","Hunt County, Texas","B02001_008",12429,1388
"1159","48231","Hunt County, Texas","B02001_009",8151,1131
"1160","48231","Hunt County, Texas","B02001_010",4278,746
"1161","48233","Hutchinson County, Texas","B02001_001",20184,NA
"1162","48233","Hutchinson County, Texas","B02001_002",14205,292
"1163","48233","Hutchinson County, Texas","B02001_003",434,193
"1164","48233","Hutchinson County, Texas","B02001_004",404,122
"1165","48233","Hutchinson County, Texas","B02001_005",127,28
"1166","48233","Hutchinson County, Texas","B02001_006",53,84
"1167","48233","Hutchinson County, Texas","B02001_007",1222,426
"1168","48233","Hutchinson County, Texas","B02001_008",3739,481
"1169","48233","Hutchinson County, Texas","B02001_009",2896,463
"1170","48233","Hutchinson County, Texas","B02001_010",843,286
"1171","48235","Irion County, Texas","B02001_001",1409,148
"1172","48235","Irion County, Texas","B02001_002",1022,149
"1173","48235","Irion County, Texas","B02001_003",1,1
"1174","48235","Irion County, Texas","B02001_004",40,34
"1175","48235","Irion County, Texas","B02001_005",0,15
"1176","48235","Irion County, Texas","B02001_006",0,15
"1177","48235","Irion County, Texas","B02001_007",239,91
"1178","48235","Irion County, Texas","B02001_008",107,65
"1179","48235","Irion County, Texas","B02001_009",90,62
"1180","48235","Irion County, Texas","B02001_010",17,21
"1181","48237","Jack County, Texas","B02001_001",8882,NA
"1182","48237","Jack County, Texas","B02001_002",7598,248
"1183","48237","Jack County, Texas","B02001_003",259,105
"1184","48237","Jack County, Texas","B02001_004",4,7
"1185","48237","Jack County, Texas","B02001_005",42,49
"1186","48237","Jack County, Texas","B02001_006",0,21
"1187","48237","Jack County, Texas","B02001_007",282,242
"1188","48237","Jack County, Texas","B02001_008",697,172
"1189","48237","Jack County, Texas","B02001_009",373,154
"1190","48237","Jack County, Texas","B02001_010",324,119
"1191","48239","Jackson County, Texas","B02001_001",15152,NA
"1192","48239","Jackson County, Texas","B02001_002",10216,543
"1193","48239","Jackson County, Texas","B02001_003",994,235
"1194","48239","Jackson County, Texas","B02001_004",16,18
"1195","48239","Jackson County, Texas","B02001_005",214,235
"1196","48239","Jackson County, Texas","B02001_006",0,23
"1197","48239","Jackson County, Texas","B02001_007",1530,598
"1198","48239","Jackson County, Texas","B02001_008",2182,498
"1199","48239","Jackson County, Texas","B02001_009",1945,507
"1200","48239","Jackson County, Texas","B02001_010",237,121
"1201","48241","Jasper County, Texas","B02001_001",32727,NA
"1202","48241","Jasper County, Texas","B02001_002",24241,347
"1203","48241","Jasper County, Texas","B02001_003",5001,262
"1204","48241","Jasper County, Texas","B02001_004",26,21
"1205","48241","Jasper County, Texas","B02001_005",147,84
"1206","48241","Jasper County, Texas","B02001_006",13,26
"1207","48241","Jasper County, Texas","B02001_007",871,329
"1208","48241","Jasper County, Texas","B02001_008",2428,448
"1209","48241","Jasper County, Texas","B02001_009",1441,372
"1210","48241","Jasper County, Texas","B02001_010",987,290
"1211","48243","Jeff Davis County, Texas","B02001_001",1865,341
"1212","48243","Jeff Davis County, Texas","B02001_002",1280,311
"1213","48243","Jeff Davis County, Texas","B02001_003",0,15
"1214","48243","Jeff Davis County, Texas","B02001_004",0,15
"1215","48243","Jeff Davis County, Texas","B02001_005",0,15
"1216","48243","Jeff Davis County, Texas","B02001_006",0,15
"1217","48243","Jeff Davis County, Texas","B02001_007",101,91
"1218","48243","Jeff Davis County, Texas","B02001_008",484,229
"1219","48243","Jeff Davis County, Texas","B02001_009",388,216
"1220","48243","Jeff Davis County, Texas","B02001_010",96,82
"1221","48245","Jefferson County, Texas","B02001_001",253878,NA
"1222","48245","Jefferson County, Texas","B02001_002",101964,1467
"1223","48245","Jefferson County, Texas","B02001_003",83680,851
"1224","48245","Jefferson County, Texas","B02001_004",1566,664
"1225","48245","Jefferson County, Texas","B02001_005",9630,334
"1226","48245","Jefferson County, Texas","B02001_006",77,84
"1227","48245","Jefferson County, Texas","B02001_007",20763,2115
"1228","48245","Jefferson County, Texas","B02001_008",36198,2376
"1229","48245","Jefferson County, Texas","B02001_009",29931,2289
"1230","48245","Jefferson County, Texas","B02001_010",6267,1139
"1231","48247","Jim Hogg County, Texas","B02001_001",4727,NA
"1232","48247","Jim Hogg County, Texas","B02001_002",1585,465
"1233","48247","Jim Hogg County, Texas","B02001_003",16,18
"1234","48247","Jim Hogg County, Texas","B02001_004",0,15
"1235","48247","Jim Hogg County, Texas","B02001_005",103,114
"1236","48247","Jim Hogg County, Texas","B02001_006",0,15
"1237","48247","Jim Hogg County, Texas","B02001_007",165,145
"1238","48247","Jim Hogg County, Texas","B02001_008",2858,489
"1239","48247","Jim Hogg County, Texas","B02001_009",2708,435
"1240","48247","Jim Hogg County, Texas","B02001_010",150,181
"1241","48249","Jim Wells County, Texas","B02001_001",38850,NA
"1242","48249","Jim Wells County, Texas","B02001_002",26412,1505
"1243","48249","Jim Wells County, Texas","B02001_003",548,248
"1244","48249","Jim Wells County, Texas","B02001_004",204,127
"1245","48249","Jim Wells County, Texas","B02001_005",197,30
"1246","48249","Jim Wells County, Texas","B02001_006",48,68
"1247","48249","Jim Wells County, Texas","B02001_007",2598,702
"1248","48249","Jim Wells County, Texas","B02001_008",8843,1342
"1249","48249","Jim Wells County, Texas","B02001_009",8523,1299
"1250","48249","Jim Wells County, Texas","B02001_010",320,137
"1251","48251","Johnson County, Texas","B02001_001",195597,NA
"1252","48251","Johnson County, Texas","B02001_002",140616,1853
"1253","48251","Johnson County, Texas","B02001_003",10634,605
"1254","48251","Johnson County, Texas","B02001_004",1532,499
"1255","48251","Johnson County, Texas","B02001_005",2396,414
"1256","48251","Johnson County, Texas","B02001_006",169,240
"1257","48251","Johnson County, Texas","B02001_007",11065,1535
"1258","48251","Johnson County, Texas","B02001_008",29185,1848
"1259","48251","Johnson County, Texas","B02001_009",22201,1806
"1260","48251","Johnson County, Texas","B02001_010",6984,872
"1261","48253","Jones County, Texas","B02001_001",20304,NA
"1262","48253","Jones County, Texas","B02001_002",12860,384
"1263","48253","Jones County, Texas","B02001_003",2059,200
"1264","48253","Jones County, Texas","B02001_004",164,99
"1265","48253","Jones County, Texas","B02001_005",116,31
"1266","48253","Jones County, Texas","B02001_006",0,28
"1267","48253","Jones County, Texas","B02001_007",1734,344
"1268","48253","Jones County, Texas","B02001_008",3371,477
"1269","48253","Jones County, Texas","B02001_009",2373,440
"1270","48253","Jones County, Texas","B02001_010",998,230
"1271","48255","Karnes County, Texas","B02001_001",14968,NA
"1272","48255","Karnes County, Texas","B02001_002",7630,748
"1273","48255","Karnes County, Texas","B02001_003",1424,197
"1274","48255","Karnes County, Texas","B02001_004",28,36
"1275","48255","Karnes County, Texas","B02001_005",45,66
"1276","48255","Karnes County, Texas","B02001_006",7,10
"1277","48255","Karnes County, Texas","B02001_007",1581,436
"1278","48255","Karnes County, Texas","B02001_008",4253,780
"1279","48255","Karnes County, Texas","B02001_009",3774,695
"1280","48255","Karnes County, Texas","B02001_010",479,349
"1281","48257","Kaufman County, Texas","B02001_001",172604,NA
"1282","48257","Kaufman County, Texas","B02001_002",93550,1361
"1283","48257","Kaufman County, Texas","B02001_003",32086,776
"1284","48257","Kaufman County, Texas","B02001_004",1450,816
"1285","48257","Kaufman County, Texas","B02001_005",3293,372
"1286","48257","Kaufman County, Texas","B02001_006",30,34
"1287","48257","Kaufman County, Texas","B02001_007",10401,1808
"1288","48257","Kaufman County, Texas","B02001_008",31794,2162
"1289","48257","Kaufman County, Texas","B02001_009",24332,2069
"1290","48257","Kaufman County, Texas","B02001_010",7462,1327
"1291","48259","Kendall County, Texas","B02001_001",48567,NA
"1292","48259","Kendall County, Texas","B02001_002",36503,844
"1293","48259","Kendall County, Texas","B02001_003",455,282
"1294","48259","Kendall County, Texas","B02001_004",107,67
"1295","48259","Kendall County, Texas","B02001_005",800,169
"1296","48259","Kendall County, Texas","B02001_006",6,12
"1297","48259","Kendall County, Texas","B02001_007",3327,878
"1298","48259","Kendall County, Texas","B02001_008",7369,944
"1299","48259","Kendall County, Texas","B02001_009",5816,853
"1300","48259","Kendall County, Texas","B02001_010",1553,436
"1301","48261","Kenedy County, Texas","B02001_001",145,90
"1302","48261","Kenedy County, Texas","B02001_002",29,27
"1303","48261","Kenedy County, Texas","B02001_003",1,3
"1304","48261","Kenedy County, Texas","B02001_004",1,2
"1305","48261","Kenedy County, Texas","B02001_005",1,2
"1306","48261","Kenedy County, Texas","B02001_006",0,15
"1307","48261","Kenedy County, Texas","B02001_007",0,15
"1308","48261","Kenedy County, Texas","B02001_008",113,84
"1309","48261","Kenedy County, Texas","B02001_009",110,84
"1310","48261","Kenedy County, Texas","B02001_010",3,4
"1311","48263","Kent County, Texas","B02001_001",734,117
"1312","48263","Kent County, Texas","B02001_002",624,123
"1313","48263","Kent County, Texas","B02001_003",7,19
"1314","48263","Kent County, Texas","B02001_004",0,15
"1315","48263","Kent County, Texas","B02001_005",0,15
"1316","48263","Kent County, Texas","B02001_006",0,15
"1317","48263","Kent County, Texas","B02001_007",17,25
"1318","48263","Kent County, Texas","B02001_008",86,46
"1319","48263","Kent County, Texas","B02001_009",38,21
"1320","48263","Kent County, Texas","B02001_010",48,35
"1321","48265","Kerr County, Texas","B02001_001",53489,NA
"1322","48265","Kerr County, Texas","B02001_002",39539,719
"1323","48265","Kerr County, Texas","B02001_003",850,155
"1324","48265","Kerr County, Texas","B02001_004",368,181
"1325","48265","Kerr County, Texas","B02001_005",618,105
"1326","48265","Kerr County, Texas","B02001_006",8,15
"1327","48265","Kerr County, Texas","B02001_007",3244,777
"1328","48265","Kerr County, Texas","B02001_008",8862,962
"1329","48265","Kerr County, Texas","B02001_009",7406,989
"1330","48265","Kerr County, Texas","B02001_010",1456,383
"1331","48267","Kimble County, Texas","B02001_001",4389,NA
"1332","48267","Kimble County, Texas","B02001_002",3247,164
"1333","48267","Kimble County, Texas","B02001_003",62,58
"1334","48267","Kimble County, Texas","B02001_004",50,54
"1335","48267","Kimble County, Texas","B02001_005",0,15
"1336","48267","Kimble County, Texas","B02001_006",0,15
"1337","48267","Kimble County, Texas","B02001_007",155,111
"1338","48267","Kimble County, Texas","B02001_008",875,197
"1339","48267","Kimble County, Texas","B02001_009",795,196
"1340","48267","Kimble County, Texas","B02001_010",80,62
"1341","48269","King County, Texas","B02001_001",211,83
"1342","48269","King County, Texas","B02001_002",146,65
"1343","48269","King County, Texas","B02001_003",0,15
"1344","48269","King County, Texas","B02001_004",0,15
"1345","48269","King County, Texas","B02001_005",0,15
"1346","48269","King County, Texas","B02001_006",0,15
"1347","48269","King County, Texas","B02001_007",2,5
"1348","48269","King County, Texas","B02001_008",63,44
"1349","48269","King County, Texas","B02001_009",33,31
"1350","48269","King County, Texas","B02001_010",30,35
"1351","48271","Kinney County, Texas","B02001_001",3157,NA
"1352","48271","Kinney County, Texas","B02001_002",1993,321
"1353","48271","Kinney County, Texas","B02001_003",2,6
"1354","48271","Kinney County, Texas","B02001_004",65,74
"1355","48271","Kinney County, Texas","B02001_005",0,15
"1356","48271","Kinney County, Texas","B02001_006",0,15
"1357","48271","Kinney County, Texas","B02001_007",242,243
"1358","48271","Kinney County, Texas","B02001_008",855,319
"1359","48271","Kinney County, Texas","B02001_009",796,315
"1360","48271","Kinney County, Texas","B02001_010",59,86
"1361","48273","Kleberg County, Texas","B02001_001",30579,NA
"1362","48273","Kleberg County, Texas","B02001_002",12881,1015
"1363","48273","Kleberg County, Texas","B02001_003",1159,139
"1364","48273","Kleberg County, Texas","B02001_004",208,120
"1365","48273","Kleberg County, Texas","B02001_005",395,176
"1366","48273","Kleberg County, Texas","B02001_006",0,31
"1367","48273","Kleberg County, Texas","B02001_007",1495,443
"1368","48273","Kleberg County, Texas","B02001_008",14441,1273
"1369","48273","Kleberg County, Texas","B02001_009",13587,1242
"1370","48273","Kleberg County, Texas","B02001_010",854,230
"1371","48275","Knox County, Texas","B02001_001",3307,NA
"1372","48275","Knox County, Texas","B02001_002",2251,96
"1373","48275","Knox County, Texas","B02001_003",162,58
"1374","48275","Knox County, Texas","B02001_004",6,6
"1375","48275","Knox County, Texas","B02001_005",10,14
"1376","48275","Knox County, Texas","B02001_006",0,15
"1377","48275","Knox County, Texas","B02001_007",217,89
"1378","48275","Knox County, Texas","B02001_008",661,152
"1379","48275","Knox County, Texas","B02001_009",500,140
"1380","48275","Knox County, Texas","B02001_010",161,31
"1381","48277","Lamar County, Texas","B02001_001",50669,NA
"1382","48277","Lamar County, Texas","B02001_002",38037,575
"1383","48277","Lamar County, Texas","B02001_003",6146,444
"1384","48277","Lamar County, Texas","B02001_004",368,121
"1385","48277","Lamar County, Texas","B02001_005",470,87
"1386","48277","Lamar County, Texas","B02001_006",250,231
"1387","48277","Lamar County, Texas","B02001_007",1162,434
"1388","48277","Lamar County, Texas","B02001_008",4236,681
"1389","48277","Lamar County, Texas","B02001_009",2129,620
"1390","48277","Lamar County, Texas","B02001_010",2107,389
"1391","48279","Lamb County, Texas","B02001_001",12828,NA
"1392","48279","Lamb County, Texas","B02001_002",8771,570
"1393","48279","Lamb County, Texas","B02001_003",473,140
"1394","48279","Lamb County, Texas","B02001_004",52,55
"1395","48279","Lamb County, Texas","B02001_005",101,86
"1396","48279","Lamb County, Texas","B02001_006",45,68
"1397","48279","Lamb County, Texas","B02001_007",603,295
"1398","48279","Lamb County, Texas","B02001_008",2783,498
"1399","48279","Lamb County, Texas","B02001_009",2507,491
"1400","48279","Lamb County, Texas","B02001_010",276,102
"1401","48281","Lampasas County, Texas","B02001_001",22715,NA
"1402","48281","Lampasas County, Texas","B02001_002",17448,430
"1403","48281","Lampasas County, Texas","B02001_003",911,115
"1404","48281","Lampasas County, Texas","B02001_004",159,92
"1405","48281","Lampasas County, Texas","B02001_005",268,86
"1406","48281","Lampasas County, Texas","B02001_006",0,28
"1407","48281","Lampasas County, Texas","B02001_007",752,213
"1408","48281","Lampasas County, Texas","B02001_008",3177,443
"1409","48281","Lampasas County, Texas","B02001_009",2115,413
"1410","48281","Lampasas County, Texas","B02001_010",1062,176
"1411","48283","La Salle County, Texas","B02001_001",6839,90
"1412","48283","La Salle County, Texas","B02001_002",2277,459
"1413","48283","La Salle County, Texas","B02001_003",400,157
"1414","48283","La Salle County, Texas","B02001_004",36,56
"1415","48283","La Salle County, Texas","B02001_005",6,15
"1416","48283","La Salle County, Texas","B02001_006",0,21
"1417","48283","La Salle County, Texas","B02001_007",1604,520
"1418","48283","La Salle County, Texas","B02001_008",2516,543
"1419","48283","La Salle County, Texas","B02001_009",2480,540
"1420","48283","La Salle County, Texas","B02001_010",36,40
"1421","48285","Lavaca County, Texas","B02001_001",20552,NA
"1422","48285","Lavaca County, Texas","B02001_002",15211,235
"1423","48285","Lavaca County, Texas","B02001_003",749,123
"1424","48285","Lavaca County, Texas","B02001_004",16,19
"1425","48285","Lavaca County, Texas","B02001_005",71,47
"1426","48285","Lavaca County, Texas","B02001_006",0,28
"1427","48285","Lavaca County, Texas","B02001_007",2114,365
"1428","48285","Lavaca County, Texas","B02001_008",2391,376
"1429","48285","Lavaca County, Texas","B02001_009",1519,341
"1430","48285","Lavaca County, Texas","B02001_010",872,193
"1431","48287","Lee County, Texas","B02001_001",17971,NA
"1432","48287","Lee County, Texas","B02001_002",11832,567
"1433","48287","Lee County, Texas","B02001_003",1731,117
"1434","48287","Lee County, Texas","B02001_004",353,234
"1435","48287","Lee County, Texas","B02001_005",47,58
"1436","48287","Lee County, Texas","B02001_006",0,23
"1437","48287","Lee County, Texas","B02001_007",921,511
"1438","48287","Lee County, Texas","B02001_008",3087,677
"1439","48287","Lee County, Texas","B02001_009",2667,671
"1440","48287","Lee County, Texas","B02001_010",420,179
"1441","48289","Leon County, Texas","B02001_001",16263,NA
"1442","48289","Leon County, Texas","B02001_002",12350,398
"1443","48289","Leon County, Texas","B02001_003",1168,67
"1444","48289","Leon County, Texas","B02001_004",175,102
"1445","48289","Leon County, Texas","B02001_005",24,21
"1446","48289","Leon County, Texas","B02001_006",0,23
"1447","48289","Leon County, Texas","B02001_007",1072,302
"1448","48289","Leon County, Texas","B02001_008",1474,376
"1449","48289","Leon County, Texas","B02001_009",1167,369
"1450","48289","Leon County, Texas","B02001_010",307,73
"1451","48291","Liberty County, Texas","B02001_001",103380,NA
"1452","48291","Liberty County, Texas","B02001_002",58688,2220
"1453","48291","Liberty County, Texas","B02001_003",7853,515
"1454","48291","Liberty County, Texas","B02001_004",1060,872
"1455","48291","Liberty County, Texas","B02001_005",582,172
"1456","48291","Liberty County, Texas","B02001_006",23,30
"1457","48291","Liberty County, Texas","B02001_007",17826,2835
"1458","48291","Liberty County, Texas","B02001_008",17348,2499
"1459","48291","Liberty County, Texas","B02001_009",14810,2546
"1460","48291","Liberty County, Texas","B02001_010",2538,517
"1461","48293","Limestone County, Texas","B02001_001",22283,NA
"1462","48293","Limestone County, Texas","B02001_002",13176,430
"1463","48293","Limestone County, Texas","B02001_003",3811,77
"1464","48293","Limestone County, Texas","B02001_004",16,14
"1465","48293","Limestone County, Texas","B02001_005",219,41
"1466","48293","Limestone County, Texas","B02001_006",0,28
"1467","48293","Limestone County, Texas","B02001_007",478,212
"1468","48293","Limestone County, Texas","B02001_008",4583,464
"1469","48293","Limestone County, Texas","B02001_009",4233,472
"1470","48293","Limestone County, Texas","B02001_010",350,83
"1471","48295","Lipscomb County, Texas","B02001_001",2918,NA
"1472","48295","Lipscomb County, Texas","B02001_002",2069,149
"1473","48295","Lipscomb County, Texas","B02001_003",1,5
"1474","48295","Lipscomb County, Texas","B02001_004",7,9
"1475","48295","Lipscomb County, Texas","B02001_005",0,15
"1476","48295","Lipscomb County, Texas","B02001_006",23,37
"1477","48295","Lipscomb County, Texas","B02001_007",463,122
"1478","48295","Lipscomb County, Texas","B02001_008",355,124
"1479","48295","Lipscomb County, Texas","B02001_009",235,107
"1480","48295","Lipscomb County, Texas","B02001_010",120,63
"1481","48297","Live Oak County, Texas","B02001_001",11620,NA
"1482","48297","Live Oak County, Texas","B02001_002",8104,451
"1483","48297","Live Oak County, Texas","B02001_003",262,66
"1484","48297","Live Oak County, Texas","B02001_004",0,23
"1485","48297","Live Oak County, Texas","B02001_005",84,89
"1486","48297","Live Oak County, Texas","B02001_006",76,114
"1487","48297","Live Oak County, Texas","B02001_007",586,242
"1488","48297","Live Oak County, Texas","B02001_008",2508,473
"1489","48297","Live Oak County, Texas","B02001_009",1792,444
"1490","48297","Live Oak County, Texas","B02001_010",716,154
"1491","48299","Llano County, Texas","B02001_001",22424,NA
"1492","48299","Llano County, Texas","B02001_002",19606,418
"1493","48299","Llano County, Texas","B02001_003",65,45
"1494","48299","Llano County, Texas","B02001_004",53,45
"1495","48299","Llano County, Texas","B02001_005",142,40
"1496","48299","Llano County, Texas","B02001_006",0,28
"1497","48299","Llano County, Texas","B02001_007",674,356
"1498","48299","Llano County, Texas","B02001_008",1884,411
"1499","48299","Llano County, Texas","B02001_009",1225,371
"1500","48299","Llano County, Texas","B02001_010",659,133
"1501","48301","Loving County, Texas","B02001_001",33,30
"1502","48301","Loving County, Texas","B02001_002",31,30
"1503","48301","Loving County, Texas","B02001_003",0,15
"1504","48301","Loving County, Texas","B02001_004",0,15
"1505","48301","Loving County, Texas","B02001_005",2,2
"1506","48301","Loving County, Texas","B02001_006",0,15
"1507","48301","Loving County, Texas","B02001_007",0,15
"1508","48301","Loving County, Texas","B02001_008",0,15
"1509","48301","Loving County, Texas","B02001_009",0,15
"1510","48301","Loving County, Texas","B02001_010",0,15
"1511","48303","Lubbock County, Texas","B02001_001",318884,NA
"1512","48303","Lubbock County, Texas","B02001_002",200827,2352
"1513","48303","Lubbock County, Texas","B02001_003",23567,1201
"1514","48303","Lubbock County, Texas","B02001_004",1836,399
"1515","48303","Lubbock County, Texas","B02001_005",7734,376
"1516","48303","Lubbock County, Texas","B02001_006",266,87
"1517","48303","Lubbock County, Texas","B02001_007",24488,2072
"1518","48303","Lubbock County, Texas","B02001_008",60166,2609
"1519","48303","Lubbock County, Texas","B02001_009",50166,2391
"1520","48303","Lubbock County, Texas","B02001_010",10000,1200
"1521","48305","Lynn County, Texas","B02001_001",5752,NA
"1522","48305","Lynn County, Texas","B02001_002",3558,222
"1523","48305","Lynn County, Texas","B02001_003",103,58
"1524","48305","Lynn County, Texas","B02001_004",88,75
"1525","48305","Lynn County, Texas","B02001_005",28,31
"1526","48305","Lynn County, Texas","B02001_006",8,12
"1527","48305","Lynn County, Texas","B02001_007",388,126
"1528","48305","Lynn County, Texas","B02001_008",1579,214
"1529","48305","Lynn County, Texas","B02001_009",1470,212
"1530","48305","Lynn County, Texas","B02001_010",109,47
"1531","48307","McCulloch County, Texas","B02001_001",7514,NA
"1532","48307","McCulloch County, Texas","B02001_002",5186,230
"1533","48307","McCulloch County, Texas","B02001_003",71,18
"1534","48307","McCulloch County, Texas","B02001_004",36,29
"1535","48307","McCulloch County, Texas","B02001_005",10,15
"1536","48307","McCulloch County, Texas","B02001_006",0,21
"1537","48307","McCulloch County, Texas","B02001_007",288,165
"1538","48307","McCulloch County, Texas","B02001_008",1923,257
"1539","48307","McCulloch County, Texas","B02001_009",1441,285
"1540","48307","McCulloch County, Texas","B02001_010",482,216
"1541","48309","McLennan County, Texas","B02001_001",266067,NA
"1542","48309","McLennan County, Texas","B02001_002",156288,1670
"1543","48309","McLennan County, Texas","B02001_003",37090,857
"1544","48309","McLennan County, Texas","B02001_004",1097,297
"1545","48309","McLennan County, Texas","B02001_005",4595,295
"1546","48309","McLennan County, Texas","B02001_006",129,120
"1547","48309","McLennan County, Texas","B02001_007",10429,1312
"1548","48309","McLennan County, Texas","B02001_008",56439,2275
"1549","48309","McLennan County, Texas","B02001_009",47672,2353
"1550","48309","McLennan County, Texas","B02001_010",8767,1010
"1551","48311","McMullen County, Texas","B02001_001",700,280
"1552","48311","McMullen County, Texas","B02001_002",306,164
"1553","48311","McMullen County, Texas","B02001_003",0,15
"1554","48311","McMullen County, Texas","B02001_004",3,4
"1555","48311","McMullen County, Texas","B02001_005",0,15
"1556","48311","McMullen County, Texas","B02001_006",0,15
"1557","48311","McMullen County, Texas","B02001_007",50,49
"1558","48311","McMullen County, Texas","B02001_008",341,183
"1559","48311","McMullen County, Texas","B02001_009",326,186
"1560","48311","McMullen County, Texas","B02001_010",15,27
"1561","48313","Madison County, Texas","B02001_001",13648,NA
"1562","48313","Madison County, Texas","B02001_002",8080,357
"1563","48313","Madison County, Texas","B02001_003",2111,255
"1564","48313","Madison County, Texas","B02001_004",36,36
"1565","48313","Madison County, Texas","B02001_005",155,28
"1566","48313","Madison County, Texas","B02001_006",19,31
"1567","48313","Madison County, Texas","B02001_007",878,418
"1568","48313","Madison County, Texas","B02001_008",2369,631
"1569","48313","Madison County, Texas","B02001_009",1776,526
"1570","48313","Madison County, Texas","B02001_010",593,220
"1571","48315","Marion County, Texas","B02001_001",9737,NA
"1572","48315","Marion County, Texas","B02001_002",6854,111
"1573","48315","Marion County, Texas","B02001_003",2135,65
"1574","48315","Marion County, Texas","B02001_004",40,27
"1575","48315","Marion County, Texas","B02001_005",16,23
"1576","48315","Marion County, Texas","B02001_006",0,21
"1577","48315","Marion County, Texas","B02001_007",137,92
"1578","48315","Marion County, Texas","B02001_008",555,151
"1579","48315","Marion County, Texas","B02001_009",290,122
"1580","48315","Marion County, Texas","B02001_010",265,117
"1581","48317","Martin County, Texas","B02001_001",5218,NA
"1582","48317","Martin County, Texas","B02001_002",3505,355
"1583","48317","Martin County, Texas","B02001_003",146,92
"1584","48317","Martin County, Texas","B02001_004",0,21
"1585","48317","Martin County, Texas","B02001_005",5,9
"1586","48317","Martin County, Texas","B02001_006",0,21
"1587","48317","Martin County, Texas","B02001_007",490,288
"1588","48317","Martin County, Texas","B02001_008",1072,246
"1589","48317","Martin County, Texas","B02001_009",830,188
"1590","48317","Martin County, Texas","B02001_010",242,155
"1591","48319","Mason County, Texas","B02001_001",3955,NA
"1592","48319","Mason County, Texas","B02001_002",3340,235
"1593","48319","Mason County, Texas","B02001_003",2,5
"1594","48319","Mason County, Texas","B02001_004",0,15
"1595","48319","Mason County, Texas","B02001_005",8,13
"1596","48319","Mason County, Texas","B02001_006",0,15
"1597","48319","Mason County, Texas","B02001_007",265,169
"1598","48319","Mason County, Texas","B02001_008",340,194
"1599","48319","Mason County, Texas","B02001_009",309,197
"1600","48319","Mason County, Texas","B02001_010",31,25
"1601","48321","Matagorda County, Texas","B02001_001",36329,NA
"1602","48321","Matagorda County, Texas","B02001_002",19089,914
"1603","48321","Matagorda County, Texas","B02001_003",3750,363
"1604","48321","Matagorda County, Texas","B02001_004",128,92
"1605","48321","Matagorda County, Texas","B02001_005",650,128
"1606","48321","Matagorda County, Texas","B02001_006",16,31
"1607","48321","Matagorda County, Texas","B02001_007",5979,1108
"1608","48321","Matagorda County, Texas","B02001_008",6717,1210
"1609","48321","Matagorda County, Texas","B02001_009",5585,1166
"1610","48321","Matagorda County, Texas","B02001_010",1132,340
"1611","48323","Maverick County, Texas","B02001_001",58082,NA
"1612","48323","Maverick County, Texas","B02001_002",9998,1481
"1613","48323","Maverick County, Texas","B02001_003",103,91
"1614","48323","Maverick County, Texas","B02001_004",1005,201
"1615","48323","Maverick County, Texas","B02001_005",270,40
"1616","48323","Maverick County, Texas","B02001_006",44,53
"1617","48323","Maverick County, Texas","B02001_007",6003,1163
"1618","48323","Maverick County, Texas","B02001_008",40659,2096
"1619","48323","Maverick County, Texas","B02001_009",40267,2090
"1620","48323","Maverick County, Texas","B02001_010",392,273
"1621","48325","Medina County, Texas","B02001_001",53547,NA
"1622","48325","Medina County, Texas","B02001_002",31173,1386
"1623","48325","Medina County, Texas","B02001_003",1567,259
"1624","48325","Medina County, Texas","B02001_004",305,133
"1625","48325","Medina County, Texas","B02001_005",487,112
"1626","48325","Medina County, Texas","B02001_006",52,62
"1627","48325","Medina County, Texas","B02001_007",4942,935
"1628","48325","Medina County, Texas","B02001_008",15021,1271
"1629","48325","Medina County, Texas","B02001_009",13584,1303
"1630","48325","Medina County, Texas","B02001_010",1437,385
"1631","48327","Menard County, Texas","B02001_001",1955,NA
"1632","48327","Menard County, Texas","B02001_002",1469,162
"1633","48327","Menard County, Texas","B02001_003",8,17
"1634","48327","Menard County, Texas","B02001_004",29,45
"1635","48327","Menard County, Texas","B02001_005",0,15
"1636","48327","Menard County, Texas","B02001_006",0,15
"1637","48327","Menard County, Texas","B02001_007",81,74
"1638","48327","Menard County, Texas","B02001_008",368,163
"1639","48327","Menard County, Texas","B02001_009",283,159
"1640","48327","Menard County, Texas","B02001_010",85,69
"1641","48329","Midland County, Texas","B02001_001",174801,NA
"1642","48329","Midland County, Texas","B02001_002",97750,2329
"1643","48329","Midland County, Texas","B02001_003",12602,917
"1644","48329","Midland County, Texas","B02001_004",988,364
"1645","48329","Midland County, Texas","B02001_005",4197,153
"1646","48329","Midland County, Texas","B02001_006",45,70
"1647","48329","Midland County, Texas","B02001_007",21630,3052
"1648","48329","Midland County, Texas","B02001_008",37589,3019
"1649","48329","Midland County, Texas","B02001_009",32941,2886
"1650","48329","Midland County, Texas","B02001_010",4648,1059
"1651","48331","Milam County, Texas","B02001_001",25567,NA
"1652","48331","Milam County, Texas","B02001_002",17667,456
"1653","48331","Milam County, Texas","B02001_003",2129,204
"1654","48331","Milam County, Texas","B02001_004",40,34
"1655","48331","Milam County, Texas","B02001_005",129,100
"1656","48331","Milam County, Texas","B02001_006",52,87
"1657","48331","Milam County, Texas","B02001_007",1900,454
"1658","48331","Milam County, Texas","B02001_008",3650,651
"1659","48331","Milam County, Texas","B02001_009",2737,672
"1660","48331","Milam County, Texas","B02001_010",913,254
"1661","48333","Mills County, Texas","B02001_001",4511,NA
"1662","48333","Mills County, Texas","B02001_002",3474,222
"1663","48333","Mills County, Texas","B02001_003",30,27
"1664","48333","Mills County, Texas","B02001_004",1,2
"1665","48333","Mills County, Texas","B02001_005",30,16
"1666","48333","Mills County, Texas","B02001_006",0,15
"1667","48333","Mills County, Texas","B02001_007",156,118
"1668","48333","Mills County, Texas","B02001_008",820,210
"1669","48333","Mills County, Texas","B02001_009",627,206
"1670","48333","Mills County, Texas","B02001_010",193,53
"1671","48335","Mitchell County, Texas","B02001_001",9018,NA
"1672","48335","Mitchell County, Texas","B02001_002",5534,369
"1673","48335","Mitchell County, Texas","B02001_003",764,144
"1674","48335","Mitchell County, Texas","B02001_004",73,53
"1675","48335","Mitchell County, Texas","B02001_005",87,112
"1676","48335","Mitchell County, Texas","B02001_006",0,21
"1677","48335","Mitchell County, Texas","B02001_007",725,272
"1678","48335","Mitchell County, Texas","B02001_008",1835,327
"1679","48335","Mitchell County, Texas","B02001_009",1331,287
"1680","48335","Mitchell County, Texas","B02001_010",504,148
"1681","48337","Montague County, Texas","B02001_001",21046,NA
"1682","48337","Montague County, Texas","B02001_002",18901,294
"1683","48337","Montague County, Texas","B02001_003",14,21
"1684","48337","Montague County, Texas","B02001_004",105,42
"1685","48337","Montague County, Texas","B02001_005",35,50
"1686","48337","Montague County, Texas","B02001_006",4,7
"1687","48337","Montague County, Texas","B02001_007",694,317
"1688","48337","Montague County, Texas","B02001_008",1293,221
"1689","48337","Montague County, Texas","B02001_009",558,207
"1690","48337","Montague County, Texas","B02001_010",735,98
"1691","48339","Montgomery County, Texas","B02001_001",684432,NA
"1692","48339","Montgomery County, Texas","B02001_002",456971,4381
"1693","48339","Montgomery County, Texas","B02001_003",43569,1683
"1694","48339","Montgomery County, Texas","B02001_004",3486,858
"1695","48339","Montgomery County, Texas","B02001_005",23374,1003
"1696","48339","Montgomery County, Texas","B02001_006",508,173
"1697","48339","Montgomery County, Texas","B02001_007",35100,3073
"1698","48339","Montgomery County, Texas","B02001_008",121424,5349
"1699","48339","Montgomery County, Texas","B02001_009",99530,4905
"1700","48339","Montgomery County, Texas","B02001_010",21894,1702
"1701","48341","Moore County, Texas","B02001_001",21373,NA
"1702","48341","Moore County, Texas","B02001_002",10415,754
"1703","48341","Moore County, Texas","B02001_003",1053,110
"1704","48341","Moore County, Texas","B02001_004",589,432
"1705","48341","Moore County, Texas","B02001_005",449,329
"1706","48341","Moore County, Texas","B02001_006",0,28
"1707","48341","Moore County, Texas","B02001_007",1318,389
"1708","48341","Moore County, Texas","B02001_008",7549,803
"1709","48341","Moore County, Texas","B02001_009",6793,732
"1710","48341","Moore County, Texas","B02001_010",756,368
"1711","48343","Morris County, Texas","B02001_001",12076,NA
"1712","48343","Morris County, Texas","B02001_002",7586,116
"1713","48343","Morris County, Texas","B02001_003",2701,71
"1714","48343","Morris County, Texas","B02001_004",88,64
"1715","48343","Morris County, Texas","B02001_005",144,23
"1716","48343","Morris County, Texas","B02001_006",5,8
"1717","48343","Morris County, Texas","B02001_007",706,194
"1718","48343","Morris County, Texas","B02001_008",846,191
"1719","48343","Morris County, Texas","B02001_009",550,201
"1720","48343","Morris County, Texas","B02001_010",296,88
"1721","48345","Motley County, Texas","B02001_001",1183,136
"1722","48345","Motley County, Texas","B02001_002",952,132
"1723","48345","Motley County, Texas","B02001_003",63,47
"1724","48345","Motley County, Texas","B02001_004",1,3
"1725","48345","Motley County, Texas","B02001_005",0,15
"1726","48345","Motley County, Texas","B02001_006",0,15
"1727","48345","Motley County, Texas","B02001_007",9,15
"1728","48345","Motley County, Texas","B02001_008",158,68
"1729","48345","Motley County, Texas","B02001_009",126,65
"1730","48345","Motley County, Texas","B02001_010",32,16
"1731","48347","Nacogdoches County, Texas","B02001_001",65162,NA
"1732","48347","Nacogdoches County, Texas","B02001_002",40377,788
"1733","48347","Nacogdoches County, Texas","B02001_003",10903,379
"1734","48347","Nacogdoches County, Texas","B02001_004",299,180
"1735","48347","Nacogdoches County, Texas","B02001_005",554,142
"1736","48347","Nacogdoches County, Texas","B02001_006",26,39
"1737","48347","Nacogdoches County, Texas","B02001_007",3922,854
"1738","48347","Nacogdoches County, Texas","B02001_008",9081,888
"1739","48347","Nacogdoches County, Texas","B02001_009",6826,850
"1740","48347","Nacogdoches County, Texas","B02001_010",2255,425
"1741","48349","Navarro County, Texas","B02001_001",54711,NA
"1742","48349","Navarro County, Texas","B02001_002",31901,974
"1743","48349","Navarro County, Texas","B02001_003",5149,617
"1744","48349","Navarro County, Texas","B02001_004",297,162
"1745","48349","Navarro County, Texas","B02001_005",496,88
"1746","48349","Navarro County, Texas","B02001_006",364,352
"1747","48349","Navarro County, Texas","B02001_007",5245,969
"1748","48349","Navarro County, Texas","B02001_008",11259,1215
"1749","48349","Navarro County, Texas","B02001_009",8292,1125
"1750","48349","Navarro County, Texas","B02001_010",2967,469
"1751","48351","Newton County, Texas","B02001_001",12093,NA
"1752","48351","Newton County, Texas","B02001_002",9019,142
"1753","48351","Newton County, Texas","B02001_003",2097,275
"1754","48351","Newton County, Texas","B02001_004",111,89
"1755","48351","Newton County, Texas","B02001_005",86,54
"1756","48351","Newton County, Texas","B02001_006",21,34
"1757","48351","Newton County, Texas","B02001_007",48,49
"1758","48351","Newton County, Texas","B02001_008",711,294
"1759","48351","Newton County, Texas","B02001_009",348,188
"1760","48351","Newton County, Texas","B02001_010",363,259
"1761","48353","Nolan County, Texas","B02001_001",14454,NA
"1762","48353","Nolan County, Texas","B02001_002",9596,421
"1763","48353","Nolan County, Texas","B02001_003",388,138
"1764","48353","Nolan County, Texas","B02001_004",195,141
"1765","48353","Nolan County, Texas","B02001_005",13,24
"1766","48353","Nolan County, Texas","B02001_006",0,23
"1767","48353","Nolan County, Texas","B02001_007",1193,354
"1768","48353","Nolan County, Texas","B02001_008",3069,441
"1769","48353","Nolan County, Texas","B02001_009",2408,414
"1770","48353","Nolan County, Texas","B02001_010",661,194
"1771","48355","Nueces County, Texas","B02001_001",352955,NA
"1772","48355","Nueces County, Texas","B02001_002",161750,3104
"1773","48355","Nueces County, Texas","B02001_003",13625,668
"1774","48355","Nueces County, Texas","B02001_004",1665,490
"1775","48355","Nueces County, Texas","B02001_005",8171,458
"1776","48355","Nueces County, Texas","B02001_006",277,136
"1777","48355","Nueces County, Texas","B02001_007",22013,1964
"1778","48355","Nueces County, Texas","B02001_008",145454,3687
"1779","48355","Nueces County, Texas","B02001_009",137288,3869
"1780","48355","Nueces County, Texas","B02001_010",8166,988
"1781","48357","Ochiltree County, Texas","B02001_001",9786,NA
"1782","48357","Ochiltree County, Texas","B02001_002",6617,529
"1783","48357","Ochiltree County, Texas","B02001_003",4,13
"1784","48357","Ochiltree County, Texas","B02001_004",143,131
"1785","48357","Ochiltree County, Texas","B02001_005",28,46
"1786","48357","Ochiltree County, Texas","B02001_006",0,21
"1787","48357","Ochiltree County, Texas","B02001_007",1477,464
"1788","48357","Ochiltree County, Texas","B02001_008",1517,433
"1789","48357","Ochiltree County, Texas","B02001_009",1332,407
"1790","48357","Ochiltree County, Texas","B02001_010",185,167
"1791","48359","Oldham County, Texas","B02001_001",2249,227
"1792","48359","Oldham County, Texas","B02001_002",1592,156
"1793","48359","Oldham County, Texas","B02001_003",197,133
"1794","48359","Oldham County, Texas","B02001_004",0,15
"1795","48359","Oldham County, Texas","B02001_005",7,21
"1796","48359","Oldham County, Texas","B02001_006",0,15
"1797","48359","Oldham County, Texas","B02001_007",46,43
"1798","48359","Oldham County, Texas","B02001_008",407,194
"1799","48359","Oldham County, Texas","B02001_009",391,193
"1800","48359","Oldham County, Texas","B02001_010",16,23
"1801","48361","Orange County, Texas","B02001_001",85307,NA
"1802","48361","Orange County, Texas","B02001_002",67656,688
"1803","48361","Orange County, Texas","B02001_003",6635,516
"1804","48361","Orange County, Texas","B02001_004",148,57
"1805","48361","Orange County, Texas","B02001_005",953,190
"1806","48361","Orange County, Texas","B02001_006",88,95
"1807","48361","Orange County, Texas","B02001_007",1916,614
"1808","48361","Orange County, Texas","B02001_008",7911,823
"1809","48361","Orange County, Texas","B02001_009",4977,679
"1810","48361","Orange County, Texas","B02001_010",2934,508
"1811","48363","Palo Pinto County, Texas","B02001_001",29295,NA
"1812","48363","Palo Pinto County, Texas","B02001_002",23144,397
"1813","48363","Palo Pinto County, Texas","B02001_003",698,126
"1814","48363","Palo Pinto County, Texas","B02001_004",370,266
"1815","48363","Palo Pinto County, Texas","B02001_005",255,108
"1816","48363","Palo Pinto County, Texas","B02001_006",0,28
"1817","48363","Palo Pinto County, Texas","B02001_007",1492,447
"1818","48363","Palo Pinto County, Texas","B02001_008",3336,531
"1819","48363","Palo Pinto County, Texas","B02001_009",2442,466
"1820","48363","Palo Pinto County, Texas","B02001_010",894,193
"1821","48365","Panola County, Texas","B02001_001",22726,NA
"1822","48365","Panola County, Texas","B02001_002",16526,249
"1823","48365","Panola County, Texas","B02001_003",2575,289
"1824","48365","Panola County, Texas","B02001_004",6,7
"1825","48365","Panola County, Texas","B02001_005",121,42
"1826","48365","Panola County, Texas","B02001_006",3,6
"1827","48365","Panola County, Texas","B02001_007",320,160
"1828","48365","Panola County, Texas","B02001_008",3175,376
"1829","48365","Panola County, Texas","B02001_009",1720,290
"1830","48365","Panola County, Texas","B02001_010",1455,303
"1831","48367","Parker County, Texas","B02001_001",165168,NA
"1832","48367","Parker County, Texas","B02001_002",137359,1096
"1833","48367","Parker County, Texas","B02001_003",2158,359
"1834","48367","Parker County, Texas","B02001_004",744,363
"1835","48367","Parker County, Texas","B02001_005",1443,240
"1836","48367","Parker County, Texas","B02001_006",126,107
"1837","48367","Parker County, Texas","B02001_007",3958,796
"1838","48367","Parker County, Texas","B02001_008",19380,1376
"1839","48367","Parker County, Texas","B02001_009",13592,1250
"1840","48367","Parker County, Texas","B02001_010",5788,699
"1841","48369","Parmer County, Texas","B02001_001",9731,NA
"1842","48369","Parmer County, Texas","B02001_002",6231,558
"1843","48369","Parmer County, Texas","B02001_003",28,28
"1844","48369","Parmer County, Texas","B02001_004",56,85
"1845","48369","Parmer County, Texas","B02001_005",0,21
"1846","48369","Parmer County, Texas","B02001_006",0,21
"1847","48369","Parmer County, Texas","B02001_007",744,395
"1848","48369","Parmer County, Texas","B02001_008",2672,568
"1849","48369","Parmer County, Texas","B02001_009",2090,507
"1850","48369","Parmer County, Texas","B02001_010",582,294
"1851","48371","Pecos County, Texas","B02001_001",14896,NA
"1852","48371","Pecos County, Texas","B02001_002",7482,732
"1853","48371","Pecos County, Texas","B02001_003",678,231
"1854","48371","Pecos County, Texas","B02001_004",63,54
"1855","48371","Pecos County, Texas","B02001_005",386,159
"1856","48371","Pecos County, Texas","B02001_006",7,16
"1857","48371","Pecos County, Texas","B02001_007",1871,561
"1858","48371","Pecos County, Texas","B02001_008",4409,766
"1859","48371","Pecos County, Texas","B02001_009",4231,763
"1860","48371","Pecos County, Texas","B02001_010",178,118
"1861","48373","Polk County, Texas","B02001_001",52800,NA
"1862","48373","Polk County, Texas","B02001_002",39355,537
"1863","48373","Polk County, Texas","B02001_003",4087,356
"1864","48373","Polk County, Texas","B02001_004",741,232
"1865","48373","Polk County, Texas","B02001_005",314,145
"1866","48373","Polk County, Texas","B02001_006",10,24
"1867","48373","Polk County, Texas","B02001_007",1158,408
"1868","48373","Polk County, Texas","B02001_008",7135,791
"1869","48373","Polk County, Texas","B02001_009",4783,657
"1870","48373","Polk County, Texas","B02001_010",2352,416
"1871","48375","Potter County, Texas","B02001_001",115975,NA
"1872","48375","Potter County, Texas","B02001_002",64757,1737
"1873","48375","Potter County, Texas","B02001_003",12321,562
"1874","48375","Potter County, Texas","B02001_004",854,255
"1875","48375","Potter County, Texas","B02001_005",5599,272
"1876","48375","Potter County, Texas","B02001_006",174,107
"1877","48375","Potter County, Texas","B02001_007",7792,1015
"1878","48375","Potter County, Texas","B02001_008",24478,1964
"1879","48375","Potter County, Texas","B02001_009",20677,1825
"1880","48375","Potter County, Texas","B02001_010",3801,830
"1881","48377","Presidio County, Texas","B02001_001",5930,NA
"1882","48377","Presidio County, Texas","B02001_002",2683,588
"1883","48377","Presidio County, Texas","B02001_003",42,78
"1884","48377","Presidio County, Texas","B02001_004",45,55
"1885","48377","Presidio County, Texas","B02001_005",1,2
"1886","48377","Presidio County, Texas","B02001_006",0,21
"1887","48377","Presidio County, Texas","B02001_007",105,133
"1888","48377","Presidio County, Texas","B02001_008",3054,557
"1889","48377","Presidio County, Texas","B02001_009",3011,555
"1890","48377","Presidio County, Texas","B02001_010",43,59
"1891","48379","Rains County, Texas","B02001_001",12775,NA
"1892","48379","Rains County, Texas","B02001_002",10773,211
"1893","48379","Rains County, Texas","B02001_003",319,67
"1894","48379","Rains County, Texas","B02001_004",61,31
"1895","48379","Rains County, Texas","B02001_005",128,54
"1896","48379","Rains County, Texas","B02001_006",0,23
"1897","48379","Rains County, Texas","B02001_007",179,191
"1898","48379","Rains County, Texas","B02001_008",1315,303
"1899","48379","Rains County, Texas","B02001_009",741,341
"1900","48379","Rains County, Texas","B02001_010",574,202
"1901","48381","Randall County, Texas","B02001_001",146070,NA
"1902","48381","Randall County, Texas","B02001_002",108479,1316
"1903","48381","Randall County, Texas","B02001_003",5068,596
"1904","48381","Randall County, Texas","B02001_004",997,519
"1905","48381","Randall County, Texas","B02001_005",2586,422
"1906","48381","Randall County, Texas","B02001_006",270,344
"1907","48381","Randall County, Texas","B02001_007",6024,1014
"1908","48381","Randall County, Texas","B02001_008",22646,1597
"1909","48381","Randall County, Texas","B02001_009",17193,1590
"1910","48381","Randall County, Texas","B02001_010",5453,951
"1911","48383","Reagan County, Texas","B02001_001",3232,NA
"1912","48383","Reagan County, Texas","B02001_002",1235,282
"1913","48383","Reagan County, Texas","B02001_003",188,96
"1914","48383","Reagan County, Texas","B02001_004",35,46
"1915","48383","Reagan County, Texas","B02001_005",46,56
"1916","48383","Reagan County, Texas","B02001_006",0,15
"1917","48383","Reagan County, Texas","B02001_007",771,287
"1918","48383","Reagan County, Texas","B02001_008",957,307
"1919","48383","Reagan County, Texas","B02001_009",886,314
"1920","48383","Reagan County, Texas","B02001_010",71,58
"1921","48385","Real County, Texas","B02001_001",2802,NA
"1922","48385","Real County, Texas","B02001_002",2613,116
"1923","48385","Real County, Texas","B02001_003",21,27
"1924","48385","Real County, Texas","B02001_004",0,15
"1925","48385","Real County, Texas","B02001_005",0,15
"1926","48385","Real County, Texas","B02001_006",0,15
"1927","48385","Real County, Texas","B02001_007",25,34
"1928","48385","Real County, Texas","B02001_008",143,105
"1929","48385","Real County, Texas","B02001_009",124,100
"1930","48385","Real County, Texas","B02001_010",19,32
"1931","48387","Red River County, Texas","B02001_001",11611,NA
"1932","48387","Red River County, Texas","B02001_002",8694,161
"1933","48387","Red River County, Texas","B02001_003",1892,36
"1934","48387","Red River County, Texas","B02001_004",524,207
"1935","48387","Red River County, Texas","B02001_005",39,30
"1936","48387","Red River County, Texas","B02001_006",5,9
"1937","48387","Red River County, Texas","B02001_007",56,57
"1938","48387","Red River County, Texas","B02001_008",401,151
"1939","48387","Red River County, Texas","B02001_009",193,119
"1940","48387","Red River County, Texas","B02001_010",208,67
"1941","48389","Reeves County, Texas","B02001_001",12664,NA
"1942","48389","Reeves County, Texas","B02001_002",4910,893
"1943","48389","Reeves County, Texas","B02001_003",226,132
"1944","48389","Reeves County, Texas","B02001_004",166,136
"1945","48389","Reeves County, Texas","B02001_005",23,30
"1946","48389","Reeves County, Texas","B02001_006",0,23
"1947","48389","Reeves County, Texas","B02001_007",3720,848
"1948","48389","Reeves County, Texas","B02001_008",3619,823
"1949","48389","Reeves County, Texas","B02001_009",3541,825
"1950","48389","Reeves County, Texas","B02001_010",78,73
"1951","48391","Refugio County, Texas","B02001_001",6707,NA
"1952","48391","Refugio County, Texas","B02001_002",3799,312
"1953","48391","Refugio County, Texas","B02001_003",480,101
"1954","48391","Refugio County, Texas","B02001_004",19,21
"1955","48391","Refugio County, Texas","B02001_005",0,21
"1956","48391","Refugio County, Texas","B02001_006",0,21
"1957","48391","Refugio County, Texas","B02001_007",389,193
"1958","48391","Refugio County, Texas","B02001_008",2020,303
"1959","48391","Refugio County, Texas","B02001_009",1844,310
"1960","48391","Refugio County, Texas","B02001_010",176,110
"1961","48393","Roberts County, Texas","B02001_001",832,126
"1962","48393","Roberts County, Texas","B02001_002",778,130
"1963","48393","Roberts County, Texas","B02001_003",3,4
"1964","48393","Roberts County, Texas","B02001_004",2,4
"1965","48393","Roberts County, Texas","B02001_005",0,15
"1966","48393","Roberts County, Texas","B02001_006",0,15
"1967","48393","Roberts County, Texas","B02001_007",8,10
"1968","48393","Roberts County, Texas","B02001_008",41,28
"1969","48393","Roberts County, Texas","B02001_009",4,6
"1970","48393","Roberts County, Texas","B02001_010",37,27
"1971","48395","Robertson County, Texas","B02001_001",17167,NA
"1972","48395","Robertson County, Texas","B02001_002",10556,387
"1973","48395","Robertson County, Texas","B02001_003",2950,226
"1974","48395","Robertson County, Texas","B02001_004",68,71
"1975","48395","Robertson County, Texas","B02001_005",110,49
"1976","48395","Robertson County, Texas","B02001_006",0,23
"1977","48395","Robertson County, Texas","B02001_007",549,235
"1978","48395","Robertson County, Texas","B02001_008",2934,527
"1979","48395","Robertson County, Texas","B02001_009",2320,489
"1980","48395","Robertson County, Texas","B02001_010",614,248
"1981","48397","Rockwall County, Texas","B02001_001",123617,NA
"1982","48397","Rockwall County, Texas","B02001_002",83523,1230
"1983","48397","Rockwall County, Texas","B02001_003",11479,476
"1984","48397","Rockwall County, Texas","B02001_004",559,273
"1985","48397","Rockwall County, Texas","B02001_005",4322,311
"1986","48397","Rockwall County, Texas","B02001_006",81,116
"1987","48397","Rockwall County, Texas","B02001_007",6314,1298
"1988","48397","Rockwall County, Texas","B02001_008",17339,1456
"1989","48397","Rockwall County, Texas","B02001_009",13012,1358
"1990","48397","Rockwall County, Texas","B02001_010",4327,673
"1991","48399","Runnels County, Texas","B02001_001",9874,NA
"1992","48399","Runnels County, Texas","B02001_002",6360,197
"1993","48399","Runnels County, Texas","B02001_003",290,49
"1994","48399","Runnels County, Texas","B02001_004",23,29
"1995","48399","Runnels County, Texas","B02001_005",11,27
"1996","48399","Runnels County, Texas","B02001_006",0,21
"1997","48399","Runnels County, Texas","B02001_007",635,255
"1998","48399","Runnels County, Texas","B02001_008",2555,358
"1999","48399","Runnels County, Texas","B02001_009",2302,364
"2000","48399","Runnels County, Texas","B02001_010",253,74
"2001","48401","Rusk County, Texas","B02001_001",52842,NA
"2002","48401","Rusk County, Texas","B02001_002",34666,644
"2003","48401","Rusk County, Texas","B02001_003",6976,446
"2004","48401","Rusk County, Texas","B02001_004",68,47
"2005","48401","Rusk County, Texas","B02001_005",195,79
"2006","48401","Rusk County, Texas","B02001_006",48,72
"2007","48401","Rusk County, Texas","B02001_007",1695,507
"2008","48401","Rusk County, Texas","B02001_008",9194,995
"2009","48401","Rusk County, Texas","B02001_009",5948,830
"2010","48401","Rusk County, Texas","B02001_010",3246,535
"2011","48403","Sabine County, Texas","B02001_001",10023,NA
"2012","48403","Sabine County, Texas","B02001_002",8590,152
"2013","48403","Sabine County, Texas","B02001_003",685,223
"2014","48403","Sabine County, Texas","B02001_004",4,8
"2015","48403","Sabine County, Texas","B02001_005",71,86
"2016","48403","Sabine County, Texas","B02001_006",48,72
"2017","48403","Sabine County, Texas","B02001_007",88,81
"2018","48403","Sabine County, Texas","B02001_008",537,199
"2019","48403","Sabine County, Texas","B02001_009",37,42
"2020","48403","Sabine County, Texas","B02001_010",500,201
"2021","48405","San Augustine County, Texas","B02001_001",7874,NA
"2022","48405","San Augustine County, Texas","B02001_002",5468,121
"2023","48405","San Augustine County, Texas","B02001_003",1696,159
"2024","48405","San Augustine County, Texas","B02001_004",39,37
"2025","48405","San Augustine County, Texas","B02001_005",0,21
"2026","48405","San Augustine County, Texas","B02001_006",0,21
"2027","48405","San Augustine County, Texas","B02001_007",359,167
"2028","48405","San Augustine County, Texas","B02001_008",312,191
"2029","48405","San Augustine County, Texas","B02001_009",189,134
"2030","48405","San Augustine County, Texas","B02001_010",123,153
"2031","48407","San Jacinto County, Texas","B02001_001",28441,NA
"2032","48407","San Jacinto County, Texas","B02001_002",20618,412
"2033","48407","San Jacinto County, Texas","B02001_003",2504,171
"2034","48407","San Jacinto County, Texas","B02001_004",164,124
"2035","48407","San Jacinto County, Texas","B02001_005",98,79
"2036","48407","San Jacinto County, Texas","B02001_006",0,28
"2037","48407","San Jacinto County, Texas","B02001_007",1513,518
"2038","48407","San Jacinto County, Texas","B02001_008",3544,605
"2039","48407","San Jacinto County, Texas","B02001_009",2734,614
"2040","48407","San Jacinto County, Texas","B02001_010",810,181
"2041","48409","San Patricio County, Texas","B02001_001",70181,NA
"2042","48409","San Patricio County, Texas","B02001_002",39142,1503
"2043","48409","San Patricio County, Texas","B02001_003",1050,188
"2044","48409","San Patricio County, Texas","B02001_004",872,398
"2045","48409","San Patricio County, Texas","B02001_005",754,100
"2046","48409","San Patricio County, Texas","B02001_006",127,116
"2047","48409","San Patricio County, Texas","B02001_007",4957,1008
"2048","48409","San Patricio County, Texas","B02001_008",23279,1645
"2049","48409","San Patricio County, Texas","B02001_009",21538,1649
"2050","48409","San Patricio County, Texas","B02001_010",1741,369
"2051","48411","San Saba County, Texas","B02001_001",5696,NA
"2052","48411","San Saba County, Texas","B02001_002",4128,189
"2053","48411","San Saba County, Texas","B02001_003",141,93
"2054","48411","San Saba County, Texas","B02001_004",18,37
"2055","48411","San Saba County, Texas","B02001_005",14,24
"2056","48411","San Saba County, Texas","B02001_006",9,18
"2057","48411","San Saba County, Texas","B02001_007",224,102
"2058","48411","San Saba County, Texas","B02001_008",1162,201
"2059","48411","San Saba County, Texas","B02001_009",937,190
"2060","48411","San Saba County, Texas","B02001_010",225,79
"2061","48413","Schleicher County, Texas","B02001_001",2381,NA
"2062","48413","Schleicher County, Texas","B02001_002",1162,138
"2063","48413","Schleicher County, Texas","B02001_003",13,20
"2064","48413","Schleicher County, Texas","B02001_004",1,2
"2065","48413","Schleicher County, Texas","B02001_005",0,15
"2066","48413","Schleicher County, Texas","B02001_006",11,16
"2067","48413","Schleicher County, Texas","B02001_007",656,166
"2068","48413","Schleicher County, Texas","B02001_008",538,179
"2069","48413","Schleicher County, Texas","B02001_009",456,173
"2070","48413","Schleicher County, Texas","B02001_010",82,69
"2071","48415","Scurry County, Texas","B02001_001",16488,NA
"2072","48415","Scurry County, Texas","B02001_002",10628,618
"2073","48415","Scurry County, Texas","B02001_003",537,147
"2074","48415","Scurry County, Texas","B02001_004",121,105
"2075","48415","Scurry County, Texas","B02001_005",137,6
"2076","48415","Scurry County, Texas","B02001_006",0,23
"2077","48415","Scurry County, Texas","B02001_007",2356,793
"2078","48415","Scurry County, Texas","B02001_008",2709,633
"2079","48415","Scurry County, Texas","B02001_009",2165,594
"2080","48415","Scurry County, Texas","B02001_010",544,248
"2081","48417","Shackelford County, Texas","B02001_001",3175,NA
"2082","48417","Shackelford County, Texas","B02001_002",2657,84
"2083","48417","Shackelford County, Texas","B02001_003",27,22
"2084","48417","Shackelford County, Texas","B02001_004",14,21
"2085","48417","Shackelford County, Texas","B02001_005",1,3
"2086","48417","Shackelford County, Texas","B02001_006",0,15
"2087","48417","Shackelford County, Texas","B02001_007",172,106
"2088","48417","Shackelford County, Texas","B02001_008",304,101
"2089","48417","Shackelford County, Texas","B02001_009",201,101
"2090","48417","Shackelford County, Texas","B02001_010",103,23
"2091","48419","Shelby County, Texas","B02001_001",24155,NA
"2092","48419","Shelby County, Texas","B02001_002",15508,369
"2093","48419","Shelby County, Texas","B02001_003",3649,401
"2094","48419","Shelby County, Texas","B02001_004",493,294
"2095","48419","Shelby County, Texas","B02001_005",9,17
"2096","48419","Shelby County, Texas","B02001_006",177,259
"2097","48419","Shelby County, Texas","B02001_007",1695,476
"2098","48419","Shelby County, Texas","B02001_008",2624,483
"2099","48419","Shelby County, Texas","B02001_009",1727,371
"2100","48419","Shelby County, Texas","B02001_010",897,306
"2101","48421","Sherman County, Texas","B02001_001",2295,227
"2102","48421","Sherman County, Texas","B02001_002",1318,211
"2103","48421","Sherman County, Texas","B02001_003",3,6
"2104","48421","Sherman County, Texas","B02001_004",1,3
"2105","48421","Sherman County, Texas","B02001_005",12,53
"2106","48421","Sherman County, Texas","B02001_006",0,15
"2107","48421","Sherman County, Texas","B02001_007",368,177
"2108","48421","Sherman County, Texas","B02001_008",593,191
"2109","48421","Sherman County, Texas","B02001_009",577,181
"2110","48421","Sherman County, Texas","B02001_010",16,51
"2111","48423","Smith County, Texas","B02001_001",241740,NA
"2112","48423","Smith County, Texas","B02001_002",160640,2350
"2113","48423","Smith County, Texas","B02001_003",39393,837
"2114","48423","Smith County, Texas","B02001_004",991,438
"2115","48423","Smith County, Texas","B02001_005",4265,213
"2116","48423","Smith County, Texas","B02001_006",98,121
"2117","48423","Smith County, Texas","B02001_007",11099,1651
"2118","48423","Smith County, Texas","B02001_008",25254,2431
"2119","48423","Smith County, Texas","B02001_009",17757,2112
"2120","48423","Smith County, Texas","B02001_010",7497,936
"2121","48425","Somervell County, Texas","B02001_001",9691,NA
"2122","48425","Somervell County, Texas","B02001_002",8066,280
"2123","48425","Somervell County, Texas","B02001_003",126,66
"2124","48425","Somervell County, Texas","B02001_004",41,58
"2125","48425","Somervell County, Texas","B02001_005",0,21
"2126","48425","Somervell County, Texas","B02001_006",0,21
"2127","48425","Somervell County, Texas","B02001_007",380,225
"2128","48425","Somervell County, Texas","B02001_008",1078,266
"2129","48425","Somervell County, Texas","B02001_009",667,158
"2130","48425","Somervell County, Texas","B02001_010",411,168
"2131","48427","Starr County, Texas","B02001_001",66067,NA
"2132","48427","Starr County, Texas","B02001_002",21731,2145
"2133","48427","Starr County, Texas","B02001_003",280,304
"2134","48427","Starr County, Texas","B02001_004",90,97
"2135","48427","Starr County, Texas","B02001_005",38,43
"2136","48427","Starr County, Texas","B02001_006",0,35
"2137","48427","Starr County, Texas","B02001_007",8907,1536
"2138","48427","Starr County, Texas","B02001_008",35021,2177
"2139","48427","Starr County, Texas","B02001_009",34972,2170
"2140","48427","Starr County, Texas","B02001_010",49,36
"2141","48429","Stephens County, Texas","B02001_001",9351,NA
"2142","48429","Stephens County, Texas","B02001_002",7308,328
"2143","48429","Stephens County, Texas","B02001_003",289,126
"2144","48429","Stephens County, Texas","B02001_004",55,62
"2145","48429","Stephens County, Texas","B02001_005",98,9
"2146","48429","Stephens County, Texas","B02001_006",0,21
"2147","48429","Stephens County, Texas","B02001_007",448,246
"2148","48429","Stephens County, Texas","B02001_008",1153,337
"2149","48429","Stephens County, Texas","B02001_009",962,352
"2150","48429","Stephens County, Texas","B02001_010",191,125
"2151","48431","Sterling County, Texas","B02001_001",1468,172
"2152","48431","Sterling County, Texas","B02001_002",1064,232
"2153","48431","Sterling County, Texas","B02001_003",2,12
"2154","48431","Sterling County, Texas","B02001_004",4,4
"2155","48431","Sterling County, Texas","B02001_005",2,5
"2156","48431","Sterling County, Texas","B02001_006",0,15
"2157","48431","Sterling County, Texas","B02001_007",94,114
"2158","48431","Sterling County, Texas","B02001_008",302,171
"2159","48431","Sterling County, Texas","B02001_009",299,171
"2160","48431","Sterling County, Texas","B02001_010",3,6
"2161","48433","Stonewall County, Texas","B02001_001",1227,117
"2162","48433","Stonewall County, Texas","B02001_002",1088,130
"2163","48433","Stonewall County, Texas","B02001_003",5,31
"2164","48433","Stonewall County, Texas","B02001_004",0,15
"2165","48433","Stonewall County, Texas","B02001_005",0,15
"2166","48433","Stonewall County, Texas","B02001_006",0,15
"2167","48433","Stonewall County, Texas","B02001_007",32,23
"2168","48433","Stonewall County, Texas","B02001_008",102,52
"2169","48433","Stonewall County, Texas","B02001_009",102,52
"2170","48433","Stonewall County, Texas","B02001_010",0,15
"2171","48435","Sutton County, Texas","B02001_001",3277,NA
"2172","48435","Sutton County, Texas","B02001_002",1489,318
"2173","48435","Sutton County, Texas","B02001_003",4,30
"2174","48435","Sutton County, Texas","B02001_004",22,25
"2175","48435","Sutton County, Texas","B02001_005",0,15
"2176","48435","Sutton County, Texas","B02001_006",0,15
"2177","48435","Sutton County, Texas","B02001_007",1367,360
"2178","48435","Sutton County, Texas","B02001_008",395,165
"2179","48435","Sutton County, Texas","B02001_009",334,165
"2180","48435","Sutton County, Texas","B02001_010",61,49
"2181","48437","Swisher County, Texas","B02001_001",6937,NA
"2182","48437","Swisher County, Texas","B02001_002",4126,438
"2183","48437","Swisher County, Texas","B02001_003",543,101
"2184","48437","Swisher County, Texas","B02001_004",43,63
"2185","48437","Swisher County, Texas","B02001_005",120,153
"2186","48437","Swisher County, Texas","B02001_006",41,58
"2187","48437","Swisher County, Texas","B02001_007",499,269
"2188","48437","Swisher County, Texas","B02001_008",1565,415
"2189","48437","Swisher County, Texas","B02001_009",1431,412
"2190","48437","Swisher County, Texas","B02001_010",134,82
"2191","48439","Tarrant County, Texas","B02001_001",2167390,NA
"2192","48439","Tarrant County, Texas","B02001_002",1044807,6225
"2193","48439","Tarrant County, Texas","B02001_003",383072,3808
"2194","48439","Tarrant County, Texas","B02001_004",12664,1633
"2195","48439","Tarrant County, Texas","B02001_005",132937,1766
"2196","48439","Tarrant County, Texas","B02001_006",4144,627
"2197","48439","Tarrant County, Texas","B02001_007",182220,5972
"2198","48439","Tarrant County, Texas","B02001_008",407546,8416
"2199","48439","Tarrant County, Texas","B02001_009",319915,7941
"2200","48439","Tarrant County, Texas","B02001_010",87631,5047
"2201","48441","Taylor County, Texas","B02001_001",145863,NA
"2202","48441","Taylor County, Texas","B02001_002",98072,1273
"2203","48441","Taylor County, Texas","B02001_003",11843,594
"2204","48441","Taylor County, Texas","B02001_004",534,251
"2205","48441","Taylor County, Texas","B02001_005",3304,370
"2206","48441","Taylor County, Texas","B02001_006",116,353
"2207","48441","Taylor County, Texas","B02001_007",7807,1077
"2208","48441","Taylor County, Texas","B02001_008",24187,1649
"2209","48441","Taylor County, Texas","B02001_009",18841,1462
"2210","48441","Taylor County, Texas","B02001_010",5346,741
"2211","48443","Terrell County, Texas","B02001_001",835,282
"2212","48443","Terrell County, Texas","B02001_002",583,219
"2213","48443","Terrell County, Texas","B02001_003",0,15
"2214","48443","Terrell County, Texas","B02001_004",0,15
"2215","48443","Terrell County, Texas","B02001_005",0,15
"2216","48443","Terrell County, Texas","B02001_006",0,15
"2217","48443","Terrell County, Texas","B02001_007",39,32
"2218","48443","Terrell County, Texas","B02001_008",213,103
"2219","48443","Terrell County, Texas","B02001_009",196,99
"2220","48443","Terrell County, Texas","B02001_010",17,22
"2221","48445","Terry County, Texas","B02001_001",11629,NA
"2222","48445","Terry County, Texas","B02001_002",5475,454
"2223","48445","Terry County, Texas","B02001_003",389,158
"2224","48445","Terry County, Texas","B02001_004",76,99
"2225","48445","Terry County, Texas","B02001_005",20,26
"2226","48445","Terry County, Texas","B02001_006",0,23
"2227","48445","Terry County, Texas","B02001_007",1242,476
"2228","48445","Terry County, Texas","B02001_008",4427,548
"2229","48445","Terry County, Texas","B02001_009",4100,542
"2230","48445","Terry County, Texas","B02001_010",327,191
"2231","48447","Throckmorton County, Texas","B02001_001",1639,148
"2232","48447","Throckmorton County, Texas","B02001_002",1456,132
"2233","48447","Throckmorton County, Texas","B02001_003",0,15
"2234","48447","Throckmorton County, Texas","B02001_004",0,15
"2235","48447","Throckmorton County, Texas","B02001_005",13,15
"2236","48447","Throckmorton County, Texas","B02001_006",0,15
"2237","48447","Throckmorton County, Texas","B02001_007",14,15
"2238","48447","Throckmorton County, Texas","B02001_008",156,56
"2239","48447","Throckmorton County, Texas","B02001_009",95,48
"2240","48447","Throckmorton County, Texas","B02001_010",61,33
"2241","48449","Titus County, Texas","B02001_001",31363,NA
"2242","48449","Titus County, Texas","B02001_002",16774,725
"2243","48449","Titus County, Texas","B02001_003",3222,174
"2244","48449","Titus County, Texas","B02001_004",210,104
"2245","48449","Titus County, Texas","B02001_005",0,31
"2246","48449","Titus County, Texas","B02001_006",0,31
"2247","48449","Titus County, Texas","B02001_007",5534,756
"2248","48449","Titus County, Texas","B02001_008",5623,941
"2249","48449","Titus County, Texas","B02001_009",4981,899
"2250","48449","Titus County, Texas","B02001_010",642,220
"2251","48451","Tom Green County, Texas","B02001_001",119577,NA
"2252","48451","Tom Green County, Texas","B02001_002",75400,1607
"2253","48451","Tom Green County, Texas","B02001_003",4703,432
"2254","48451","Tom Green County, Texas","B02001_004",549,201
"2255","48451","Tom Green County, Texas","B02001_005",1669,217
"2256","48451","Tom Green County, Texas","B02001_006",74,87
"2257","48451","Tom Green County, Texas","B02001_007",8468,1193
"2258","48451","Tom Green County, Texas","B02001_008",28714,2020
"2259","48451","Tom Green County, Texas","B02001_009",25099,2098
"2260","48451","Tom Green County, Texas","B02001_010",3615,586
"2261","48453","Travis County, Texas","B02001_001",1330015,NA
"2262","48453","Travis County, Texas","B02001_002",729783,5630
"2263","48453","Travis County, Texas","B02001_003",108536,2381
"2264","48453","Travis County, Texas","B02001_004",10618,1604
"2265","48453","Travis County, Texas","B02001_005",106667,1868
"2266","48453","Travis County, Texas","B02001_006",845,268
"2267","48453","Travis County, Texas","B02001_007",108995,5365
"2268","48453","Travis County, Texas","B02001_008",264571,6268
"2269","48453","Travis County, Texas","B02001_009",204056,6374
"2270","48453","Travis County, Texas","B02001_010",60515,3887
"2271","48455","Trinity County, Texas","B02001_001",14046,NA
"2272","48455","Trinity County, Texas","B02001_002",11070,174
"2273","48455","Trinity County, Texas","B02001_003",1141,126
"2274","48455","Trinity County, Texas","B02001_004",22,31
"2275","48455","Trinity County, Texas","B02001_005",26,20
"2276","48455","Trinity County, Texas","B02001_006",0,23
"2277","48455","Trinity County, Texas","B02001_007",776,284
"2278","48455","Trinity County, Texas","B02001_008",1011,230
"2279","48455","Trinity County, Texas","B02001_009",453,176
"2280","48455","Trinity County, Texas","B02001_010",558,124
"2281","48457","Tyler County, Texas","B02001_001",20238,NA
"2282","48457","Tyler County, Texas","B02001_002",15775,226
"2283","48457","Tyler County, Texas","B02001_003",2157,121
"2284","48457","Tyler County, Texas","B02001_004",24,20
"2285","48457","Tyler County, Texas","B02001_005",98,43
"2286","48457","Tyler County, Texas","B02001_006",0,28
"2287","48457","Tyler County, Texas","B02001_007",329,147
"2288","48457","Tyler County, Texas","B02001_008",1855,265
"2289","48457","Tyler County, Texas","B02001_009",1154,249
"2290","48457","Tyler County, Texas","B02001_010",701,169
"2291","48459","Upshur County, Texas","B02001_001",42567,NA
"2292","48459","Upshur County, Texas","B02001_002",33744,356
"2293","48459","Upshur County, Texas","B02001_003",3052,254
"2294","48459","Upshur County, Texas","B02001_004",87,68
"2295","48459","Upshur County, Texas","B02001_005",251,105
"2296","48459","Upshur County, Texas","B02001_006",15,24
"2297","48459","Upshur County, Texas","B02001_007",1344,430
"2298","48459","Upshur County, Texas","B02001_008",4074,538
"2299","48459","Upshur County, Texas","B02001_009",2319,524
"2300","48459","Upshur County, Texas","B02001_010",1755,335
"2301","48461","Upton County, Texas","B02001_001",3191,NA
"2302","48461","Upton County, Texas","B02001_002",1497,185
"2303","48461","Upton County, Texas","B02001_003",38,35
"2304","48461","Upton County, Texas","B02001_004",5,10
"2305","48461","Upton County, Texas","B02001_005",36,47
"2306","48461","Upton County, Texas","B02001_006",0,15
"2307","48461","Upton County, Texas","B02001_007",1272,244
"2308","48461","Upton County, Texas","B02001_008",343,177
"2309","48461","Upton County, Texas","B02001_009",314,169
"2310","48461","Upton County, Texas","B02001_010",29,24
"2311","48463","Uvalde County, Texas","B02001_001",24881,NA
"2312","48463","Uvalde County, Texas","B02001_002",14609,1037
"2313","48463","Uvalde County, Texas","B02001_003",86,73
"2314","48463","Uvalde County, Texas","B02001_004",367,262
"2315","48463","Uvalde County, Texas","B02001_005",425,208
"2316","48463","Uvalde County, Texas","B02001_006",0,28
"2317","48463","Uvalde County, Texas","B02001_007",3677,777
"2318","48463","Uvalde County, Texas","B02001_008",5717,815
"2319","48463","Uvalde County, Texas","B02001_009",5196,843
"2320","48463","Uvalde County, Texas","B02001_010",521,266
"2321","48465","Val Verde County, Texas","B02001_001",47741,NA
"2322","48465","Val Verde County, Texas","B02001_002",23381,1865
"2323","48465","Val Verde County, Texas","B02001_003",672,127
"2324","48465","Val Verde County, Texas","B02001_004",242,153
"2325","48465","Val Verde County, Texas","B02001_005",381,136
"2326","48465","Val Verde County, Texas","B02001_006",8,14
"2327","48465","Val Verde County, Texas","B02001_007",6833,1284
"2328","48465","Val Verde County, Texas","B02001_008",16224,1784
"2329","48465","Val Verde County, Texas","B02001_009",14979,1761
"2330","48465","Val Verde County, Texas","B02001_010",1245,297
"2331","48467","Van Zandt County, Texas","B02001_001",62649,NA
"2332","48467","Van Zandt County, Texas","B02001_002",52813,503
"2333","48467","Van Zandt County, Texas","B02001_003",1456,301
"2334","48467","Van Zandt County, Texas","B02001_004",226,92
"2335","48467","Van Zandt County, Texas","B02001_005",301,72
"2336","48467","Van Zandt County, Texas","B02001_006",8,17
"2337","48467","Van Zandt County, Texas","B02001_007",1858,535
"2338","48467","Van Zandt County, Texas","B02001_008",5987,728
"2339","48467","Van Zandt County, Texas","B02001_009",4050,651
"2340","48467","Van Zandt County, Texas","B02001_010",1937,434
"2341","48469","Victoria County, Texas","B02001_001",91413,NA
"2342","48469","Victoria County, Texas","B02001_002",51754,1839
"2343","48469","Victoria County, Texas","B02001_003",5430,514
"2344","48469","Victoria County, Texas","B02001_004",223,116
"2345","48469","Victoria County, Texas","B02001_005",1160,153
"2346","48469","Victoria County, Texas","B02001_006",67,90
"2347","48469","Victoria County, Texas","B02001_007",6922,1174
"2348","48469","Victoria County, Texas","B02001_008",25857,1769
"2349","48469","Victoria County, Texas","B02001_009",23248,1787
"2350","48469","Victoria County, Texas","B02001_010",2609,643
"2351","48471","Walker County, Texas","B02001_001",80209,NA
"2352","48471","Walker County, Texas","B02001_002",46673,844
"2353","48471","Walker County, Texas","B02001_003",16167,848
"2354","48471","Walker County, Texas","B02001_004",335,159
"2355","48471","Walker County, Texas","B02001_005",906,180
"2356","48471","Walker County, Texas","B02001_006",263,363
"2357","48471","Walker County, Texas","B02001_007",3831,828
"2358","48471","Walker County, Texas","B02001_008",12034,1065
"2359","48471","Walker County, Texas","B02001_009",8846,770
"2360","48471","Walker County, Texas","B02001_010",3188,690
"2361","48473","Waller County, Texas","B02001_001",61552,NA
"2362","48473","Waller County, Texas","B02001_002",27463,950
"2363","48473","Waller County, Texas","B02001_003",14538,549
"2364","48473","Waller County, Texas","B02001_004",823,514
"2365","48473","Waller County, Texas","B02001_005",1239,126
"2366","48473","Waller County, Texas","B02001_006",35,41
"2367","48473","Waller County, Texas","B02001_007",8904,1409
"2368","48473","Waller County, Texas","B02001_008",8550,1247
"2369","48473","Waller County, Texas","B02001_009",6454,1083
"2370","48473","Waller County, Texas","B02001_010",2096,677
"2371","48475","Ward County, Texas","B02001_001",11144,NA
"2372","48475","Ward County, Texas","B02001_002",6717,672
"2373","48475","Ward County, Texas","B02001_003",734,200
"2374","48475","Ward County, Texas","B02001_004",97,85
"2375","48475","Ward County, Texas","B02001_005",92,3
"2376","48475","Ward County, Texas","B02001_006",0,23
"2377","48475","Ward County, Texas","B02001_007",1949,599
"2378","48475","Ward County, Texas","B02001_008",1555,404
"2379","48475","Ward County, Texas","B02001_009",1468,421
"2380","48475","Ward County, Texas","B02001_010",87,103
"2381","48477","Washington County, Texas","B02001_001",36647,NA
"2382","48477","Washington County, Texas","B02001_002",24488,764
"2383","48477","Washington County, Texas","B02001_003",5218,329
"2384","48477","Washington County, Texas","B02001_004",258,183
"2385","48477","Washington County, Texas","B02001_005",529,83
"2386","48477","Washington County, Texas","B02001_006",0,31
"2387","48477","Washington County, Texas","B02001_007",1516,445
"2388","48477","Washington County, Texas","B02001_008",4638,820
"2389","48477","Washington County, Texas","B02001_009",2989,626
"2390","48477","Washington County, Texas","B02001_010",1649,537
"2391","48479","Webb County, Texas","B02001_001",269294,NA
"2392","48479","Webb County, Texas","B02001_002",55703,3090
"2393","48479","Webb County, Texas","B02001_003",1282,187
"2394","48479","Webb County, Texas","B02001_004",909,400
"2395","48479","Webb County, Texas","B02001_005",1339,143
"2396","48479","Webb County, Texas","B02001_006",3,6
"2397","48479","Webb County, Texas","B02001_007",28285,2803
"2398","48479","Webb County, Texas","B02001_008",181773,4279
"2399","48479","Webb County, Texas","B02001_009",180405,4300
"2400","48479","Webb County, Texas","B02001_010",1368,378
"2401","48481","Wharton County, Texas","B02001_001",41794,NA
"2402","48481","Wharton County, Texas","B02001_002",24009,1070
"2403","48481","Wharton County, Texas","B02001_003",4779,332
"2404","48481","Wharton County, Texas","B02001_004",122,116
"2405","48481","Wharton County, Texas","B02001_005",209,64
"2406","48481","Wharton County, Texas","B02001_006",0,31
"2407","48481","Wharton County, Texas","B02001_007",4514,1098
"2408","48481","Wharton County, Texas","B02001_008",8161,1221
"2409","48481","Wharton County, Texas","B02001_009",6997,1159
"2410","48481","Wharton County, Texas","B02001_010",1164,311
"2411","48483","Wheeler County, Texas","B02001_001",4862,NA
"2412","48483","Wheeler County, Texas","B02001_002",3929,203
"2413","48483","Wheeler County, Texas","B02001_003",69,40
"2414","48483","Wheeler County, Texas","B02001_004",82,68
"2415","48483","Wheeler County, Texas","B02001_005",56,56
"2416","48483","Wheeler County, Texas","B02001_006",0,15
"2417","48483","Wheeler County, Texas","B02001_007",354,159
"2418","48483","Wheeler County, Texas","B02001_008",372,112
"2419","48483","Wheeler County, Texas","B02001_009",179,101
"2420","48483","Wheeler County, Texas","B02001_010",193,59
"2421","48485","Wichita County, Texas","B02001_001",129996,NA
"2422","48485","Wichita County, Texas","B02001_002",92184,1149
"2423","48485","Wichita County, Texas","B02001_003",13745,555
"2424","48485","Wichita County, Texas","B02001_004",947,286
"2425","48485","Wichita County, Texas","B02001_005",2976,179
"2426","48485","Wichita County, Texas","B02001_006",189,69
"2427","48485","Wichita County, Texas","B02001_007",4746,576
"2428","48485","Wichita County, Texas","B02001_008",15209,1187
"2429","48485","Wichita County, Texas","B02001_009",10031,1044
"2430","48485","Wichita County, Texas","B02001_010",5178,692
"2431","48487","Wilbarger County, Texas","B02001_001",12616,NA
"2432","48487","Wilbarger County, Texas","B02001_002",7892,395
"2433","48487","Wilbarger County, Texas","B02001_003",740,172
"2434","48487","Wilbarger County, Texas","B02001_004",31,31
"2435","48487","Wilbarger County, Texas","B02001_005",389,83
"2436","48487","Wilbarger County, Texas","B02001_006",0,23
"2437","48487","Wilbarger County, Texas","B02001_007",1002,360
"2438","48487","Wilbarger County, Texas","B02001_008",2562,465
"2439","48487","Wilbarger County, Texas","B02001_009",1535,366
"2440","48487","Wilbarger County, Texas","B02001_010",1027,279
"2441","48489","Willacy County, Texas","B02001_001",20139,NA
"2442","48489","Willacy County, Texas","B02001_002",8023,1000
"2443","48489","Willacy County, Texas","B02001_003",307,154
"2444","48489","Willacy County, Texas","B02001_004",35,46
"2445","48489","Willacy County, Texas","B02001_005",32,41
"2446","48489","Willacy County, Texas","B02001_006",0,28
"2447","48489","Willacy County, Texas","B02001_007",1388,631
"2448","48489","Willacy County, Texas","B02001_008",10354,1197
"2449","48489","Willacy County, Texas","B02001_009",10087,1190
"2450","48489","Willacy County, Texas","B02001_010",267,206
"2451","48491","Williamson County, Texas","B02001_001",672688,NA
"2452","48491","Williamson County, Texas","B02001_002",400958,3237
"2453","48491","Williamson County, Texas","B02001_003",46889,1591
"2454","48491","Williamson County, Texas","B02001_004",2935,641
"2455","48491","Williamson County, Texas","B02001_005",67402,1067
"2456","48491","Williamson County, Texas","B02001_006",791,182
"2457","48491","Williamson County, Texas","B02001_007",40426,2601
"2458","48491","Williamson County, Texas","B02001_008",113287,4635
"2459","48491","Williamson County, Texas","B02001_009",81461,3511
"2460","48491","Williamson County, Texas","B02001_010",31826,2596
"2461","48493","Wilson County, Texas","B02001_001",52781,NA
"2462","48493","Wilson County, Texas","B02001_002",35805,1206
"2463","48493","Wilson County, Texas","B02001_003",1041,97
"2464","48493","Wilson County, Texas","B02001_004",263,143
"2465","48493","Wilson County, Texas","B02001_005",336,94
"2466","48493","Wilson County, Texas","B02001_006",10,23
"2467","48493","Wilson County, Texas","B02001_007",3419,826
"2468","48493","Wilson County, Texas","B02001_008",11907,1158
"2469","48493","Wilson County, Texas","B02001_009",10718,1087
"2470","48493","Wilson County, Texas","B02001_010",1189,299
"2471","48495","Winkler County, Texas","B02001_001",7454,NA
"2472","48495","Winkler County, Texas","B02001_002",3773,448
"2473","48495","Winkler County, Texas","B02001_003",294,61
"2474","48495","Winkler County, Texas","B02001_004",181,137
"2475","48495","Winkler County, Texas","B02001_005",41,52
"2476","48495","Winkler County, Texas","B02001_006",4,9
"2477","48495","Winkler County, Texas","B02001_007",1382,478
"2478","48495","Winkler County, Texas","B02001_008",1779,506
"2479","48495","Winkler County, Texas","B02001_009",1725,506
"2480","48495","Winkler County, Texas","B02001_010",54,40
"2481","48497","Wise County, Texas","B02001_001",75005,NA
"2482","48497","Wise County, Texas","B02001_002",60127,972
"2483","48497","Wise County, Texas","B02001_003",1273,223
"2484","48497","Wise County, Texas","B02001_004",568,261
"2485","48497","Wise County, Texas","B02001_005",559,103
"2486","48497","Wise County, Texas","B02001_006",21,26
"2487","48497","Wise County, Texas","B02001_007",4845,942
"2488","48497","Wise County, Texas","B02001_008",7612,956
"2489","48497","Wise County, Texas","B02001_009",5586,914
"2490","48497","Wise County, Texas","B02001_010",2026,292
"2491","48499","Wood County, Texas","B02001_001",46961,NA
"2492","48499","Wood County, Texas","B02001_002",38481,388
"2493","48499","Wood County, Texas","B02001_003",1792,204
"2494","48499","Wood County, Texas","B02001_004",15,12
"2495","48499","Wood County, Texas","B02001_005",256,67
"2496","48499","Wood County, Texas","B02001_006",5,9
"2497","48499","Wood County, Texas","B02001_007",1921,635
"2498","48499","Wood County, Texas","B02001_008",4491,585
"2499","48499","Wood County, Texas","B02001_009",3111,530
"2500","48499","Wood County, Texas","B02001_010",1380,254
"2501","48501","Yoakum County, Texas","B02001_001",7571,NA
"2502","48501","Yoakum County, Texas","B02001_002",3425,437
"2503","48501","Yoakum County, Texas","B02001_003",11,27
"2504","48501","Yoakum County, Texas","B02001_004",98,115
"2505","48501","Yoakum County, Texas","B02001_005",71,58
"2506","48501","Yoakum County, Texas","B02001_006",0,21
"2507","48501","Yoakum County, Texas","B02001_007",869,594
"2508","48501","Yoakum County, Texas","B02001_008",3097,599
"2509","48501","Yoakum County, Texas","B02001_009",2903,570
"2510","48501","Yoakum County, Texas","B02001_010",194,84
"2511","48503","Young County, Texas","B02001_001",18029,NA
"2512","48503","Young County, Texas","B02001_002",14716,374
"2513","48503","Young County, Texas","B02001_003",142,116
"2514","48503","Young County, Texas","B02001_004",47,43
"2515","48503","Young County, Texas","B02001_005",194,135
"2516","48503","Young County, Texas","B02001_006",0,23
"2517","48503","Young County, Texas","B02001_007",903,281
"2518","48503","Young County, Texas","B02001_008",2027,394
"2519","48503","Young County, Texas","B02001_009",1466,344
"2520","48503","Young County, Texas","B02001_010",561,251
"2521","48505","Zapata County, Texas","B02001_001",13841,NA
"2522","48505","Zapata County, Texas","B02001_002",2924,706
"2523","48505","Zapata County, Texas","B02001_003",20,30
"2524","48505","Zapata County, Texas","B02001_004",0,23
"2525","48505","Zapata County, Texas","B02001_005",84,72
"2526","48505","Zapata County, Texas","B02001_006",0,23
"2527","48505","Zapata County, Texas","B02001_007",1064,513
"2528","48505","Zapata County, Texas","B02001_008",9749,910
"2529","48505","Zapata County, Texas","B02001_009",9658,904
"2530","48505","Zapata County, Texas","B02001_010",91,77
"2531","48507","Zavala County, Texas","B02001_001",9412,NA
"2532","48507","Zavala County, Texas","B02001_002",2079,665
"2533","48507","Zavala County, Texas","B02001_003",79,96
"2534","48507","Zavala County, Texas","B02001_004",9,15
"2535","48507","Zavala County, Texas","B02001_005",47,66
"2536","48507","Zavala County, Texas","B02001_006",0,21
"2537","48507","Zavala County, Texas","B02001_007",480,212
"2538","48507","Zavala County, Texas","B02001_008",6718,731
"2539","48507","Zavala County, Texas","B02001_009",6690,735
"2540","48507","Zavala County, Texas","B02001_010",28,48
