"","GEOID","NAME","variable","estimate","moe"
"1","48001","Anderson County, Texas","B27001_001",48174,222
"2","48001","Anderson County, Texas","B27001_002",25721,283
"3","48001","Anderson County, Texas","B27001_003",1920,188
"4","48001","Anderson County, Texas","B27001_004",1662,225
"5","48001","Anderson County, Texas","B27001_005",258,137
"6","48001","Anderson County, Texas","B27001_006",4466,242
"7","48001","Anderson County, Texas","B27001_007",3873,317
"8","48001","Anderson County, Texas","B27001_008",593,217
"9","48001","Anderson County, Texas","B27001_009",2140,305
"10","48001","Anderson County, Texas","B27001_010",1362,334
"11","48001","Anderson County, Texas","B27001_011",778,320
"12","48001","Anderson County, Texas","B27001_012",3738,430
"13","48001","Anderson County, Texas","B27001_013",2506,482
"14","48001","Anderson County, Texas","B27001_014",1232,455
"15","48001","Anderson County, Texas","B27001_015",3998,421
"16","48001","Anderson County, Texas","B27001_016",2792,559
"17","48001","Anderson County, Texas","B27001_017",1206,433
"18","48001","Anderson County, Texas","B27001_018",3432,426
"19","48001","Anderson County, Texas","B27001_019",2855,439
"20","48001","Anderson County, Texas","B27001_020",577,185
"21","48001","Anderson County, Texas","B27001_021",2282,216
"22","48001","Anderson County, Texas","B27001_022",1943,208
"23","48001","Anderson County, Texas","B27001_023",339,131
"24","48001","Anderson County, Texas","B27001_024",2344,122
"25","48001","Anderson County, Texas","B27001_025",2333,120
"26","48001","Anderson County, Texas","B27001_026",11,21
"27","48001","Anderson County, Texas","B27001_027",1401,69
"28","48001","Anderson County, Texas","B27001_028",1401,69
"29","48001","Anderson County, Texas","B27001_029",0,35
"30","48001","Anderson County, Texas","B27001_030",22453,186
"31","48001","Anderson County, Texas","B27001_031",1683,190
"32","48001","Anderson County, Texas","B27001_032",1452,204
"33","48001","Anderson County, Texas","B27001_033",231,121
"34","48001","Anderson County, Texas","B27001_034",3864,230
"35","48001","Anderson County, Texas","B27001_035",3335,293
"36","48001","Anderson County, Texas","B27001_036",529,226
"37","48001","Anderson County, Texas","B27001_037",1646,225
"38","48001","Anderson County, Texas","B27001_038",1354,222
"39","48001","Anderson County, Texas","B27001_039",292,184
"40","48001","Anderson County, Texas","B27001_040",2454,241
"41","48001","Anderson County, Texas","B27001_041",1661,219
"42","48001","Anderson County, Texas","B27001_042",793,277
"43","48001","Anderson County, Texas","B27001_043",2637,120
"44","48001","Anderson County, Texas","B27001_044",1820,221
"45","48001","Anderson County, Texas","B27001_045",817,208
"46","48001","Anderson County, Texas","B27001_046",2709,25
"47","48001","Anderson County, Texas","B27001_047",2201,179
"48","48001","Anderson County, Texas","B27001_048",508,173
"49","48001","Anderson County, Texas","B27001_049",2783,106
"50","48001","Anderson County, Texas","B27001_050",2079,232
"51","48001","Anderson County, Texas","B27001_051",704,210
"52","48001","Anderson County, Texas","B27001_052",2722,86
"53","48001","Anderson County, Texas","B27001_053",2671,96
"54","48001","Anderson County, Texas","B27001_054",51,45
"55","48001","Anderson County, Texas","B27001_055",1955,104
"56","48001","Anderson County, Texas","B27001_056",1943,106
"57","48001","Anderson County, Texas","B27001_057",12,14
"58","48003","Andrews County, Texas","B27001_001",18419,17
"59","48003","Andrews County, Texas","B27001_002",8983,217
"60","48003","Andrews County, Texas","B27001_003",566,204
"61","48003","Andrews County, Texas","B27001_004",521,198
"62","48003","Andrews County, Texas","B27001_005",45,55
"63","48003","Andrews County, Texas","B27001_006",2049,108
"64","48003","Andrews County, Texas","B27001_007",1635,196
"65","48003","Andrews County, Texas","B27001_008",414,158
"66","48003","Andrews County, Texas","B27001_009",1058,218
"67","48003","Andrews County, Texas","B27001_010",889,215
"68","48003","Andrews County, Texas","B27001_011",169,124
"69","48003","Andrews County, Texas","B27001_012",1100,215
"70","48003","Andrews County, Texas","B27001_013",797,254
"71","48003","Andrews County, Texas","B27001_014",303,158
"72","48003","Andrews County, Texas","B27001_015",1475,172
"73","48003","Andrews County, Texas","B27001_016",835,214
"74","48003","Andrews County, Texas","B27001_017",640,195
"75","48003","Andrews County, Texas","B27001_018",939,167
"76","48003","Andrews County, Texas","B27001_019",876,183
"77","48003","Andrews County, Texas","B27001_020",63,66
"78","48003","Andrews County, Texas","B27001_021",959,10
"79","48003","Andrews County, Texas","B27001_022",713,123
"80","48003","Andrews County, Texas","B27001_023",246,122
"81","48003","Andrews County, Texas","B27001_024",613,75
"82","48003","Andrews County, Texas","B27001_025",613,75
"83","48003","Andrews County, Texas","B27001_026",0,23
"84","48003","Andrews County, Texas","B27001_027",224,67
"85","48003","Andrews County, Texas","B27001_028",224,67
"86","48003","Andrews County, Texas","B27001_029",0,23
"87","48003","Andrews County, Texas","B27001_030",9436,218
"88","48003","Andrews County, Texas","B27001_031",1026,196
"89","48003","Andrews County, Texas","B27001_032",956,201
"90","48003","Andrews County, Texas","B27001_033",70,69
"91","48003","Andrews County, Texas","B27001_034",2256,119
"92","48003","Andrews County, Texas","B27001_035",1600,246
"93","48003","Andrews County, Texas","B27001_036",656,231
"94","48003","Andrews County, Texas","B27001_037",695,131
"95","48003","Andrews County, Texas","B27001_038",483,152
"96","48003","Andrews County, Texas","B27001_039",212,132
"97","48003","Andrews County, Texas","B27001_040",1198,126
"98","48003","Andrews County, Texas","B27001_041",731,173
"99","48003","Andrews County, Texas","B27001_042",467,194
"100","48003","Andrews County, Texas","B27001_043",1212,55
"101","48003","Andrews County, Texas","B27001_044",845,147
"102","48003","Andrews County, Texas","B27001_045",367,139
"103","48003","Andrews County, Texas","B27001_046",1083,109
"104","48003","Andrews County, Texas","B27001_047",769,181
"105","48003","Andrews County, Texas","B27001_048",314,139
"106","48003","Andrews County, Texas","B27001_049",1058,119
"107","48003","Andrews County, Texas","B27001_050",958,131
"108","48003","Andrews County, Texas","B27001_051",100,62
"109","48003","Andrews County, Texas","B27001_052",578,68
"110","48003","Andrews County, Texas","B27001_053",561,69
"111","48003","Andrews County, Texas","B27001_054",17,27
"112","48003","Andrews County, Texas","B27001_055",330,80
"113","48003","Andrews County, Texas","B27001_056",280,39
"114","48003","Andrews County, Texas","B27001_057",50,65
"115","48005","Angelina County, Texas","B27001_001",85235,50
"116","48005","Angelina County, Texas","B27001_002",41295,155
"117","48005","Angelina County, Texas","B27001_003",3296,176
"118","48005","Angelina County, Texas","B27001_004",3034,246
"119","48005","Angelina County, Texas","B27001_005",262,156
"120","48005","Angelina County, Texas","B27001_006",8552,192
"121","48005","Angelina County, Texas","B27001_007",7406,382
"122","48005","Angelina County, Texas","B27001_008",1146,363
"123","48005","Angelina County, Texas","B27001_009",3591,235
"124","48005","Angelina County, Texas","B27001_010",2494,340
"125","48005","Angelina County, Texas","B27001_011",1097,308
"126","48005","Angelina County, Texas","B27001_012",4812,175
"127","48005","Angelina County, Texas","B27001_013",3354,336
"128","48005","Angelina County, Texas","B27001_014",1458,317
"129","48005","Angelina County, Texas","B27001_015",5040,111
"130","48005","Angelina County, Texas","B27001_016",3464,355
"131","48005","Angelina County, Texas","B27001_017",1576,354
"132","48005","Angelina County, Texas","B27001_018",4788,125
"133","48005","Angelina County, Texas","B27001_019",3586,317
"134","48005","Angelina County, Texas","B27001_020",1202,309
"135","48005","Angelina County, Texas","B27001_021",5221,121
"136","48005","Angelina County, Texas","B27001_022",4371,263
"137","48005","Angelina County, Texas","B27001_023",850,243
"138","48005","Angelina County, Texas","B27001_024",3606,186
"139","48005","Angelina County, Texas","B27001_025",3559,180
"140","48005","Angelina County, Texas","B27001_026",47,43
"141","48005","Angelina County, Texas","B27001_027",2389,89
"142","48005","Angelina County, Texas","B27001_028",2389,89
"143","48005","Angelina County, Texas","B27001_029",0,35
"144","48005","Angelina County, Texas","B27001_030",43940,150
"145","48005","Angelina County, Texas","B27001_031",3191,174
"146","48005","Angelina County, Texas","B27001_032",2798,233
"147","48005","Angelina County, Texas","B27001_033",393,187
"148","48005","Angelina County, Texas","B27001_034",8117,179
"149","48005","Angelina County, Texas","B27001_035",6823,397
"150","48005","Angelina County, Texas","B27001_036",1294,369
"151","48005","Angelina County, Texas","B27001_037",3889,217
"152","48005","Angelina County, Texas","B27001_038",3179,257
"153","48005","Angelina County, Texas","B27001_039",710,199
"154","48005","Angelina County, Texas","B27001_040",5073,184
"155","48005","Angelina County, Texas","B27001_041",3601,423
"156","48005","Angelina County, Texas","B27001_042",1472,420
"157","48005","Angelina County, Texas","B27001_043",5372,51
"158","48005","Angelina County, Texas","B27001_044",4123,269
"159","48005","Angelina County, Texas","B27001_045",1249,263
"160","48005","Angelina County, Texas","B27001_046",5250,97
"161","48005","Angelina County, Texas","B27001_047",3998,323
"162","48005","Angelina County, Texas","B27001_048",1252,319
"163","48005","Angelina County, Texas","B27001_049",5293,82
"164","48005","Angelina County, Texas","B27001_050",4260,190
"165","48005","Angelina County, Texas","B27001_051",1033,197
"166","48005","Angelina County, Texas","B27001_052",4532,65
"167","48005","Angelina County, Texas","B27001_053",4501,72
"168","48005","Angelina County, Texas","B27001_054",31,42
"169","48005","Angelina County, Texas","B27001_055",3223,115
"170","48005","Angelina County, Texas","B27001_056",3212,120
"171","48005","Angelina County, Texas","B27001_057",11,17
"172","48007","Aransas County, Texas","B27001_001",24669,7
"173","48007","Aransas County, Texas","B27001_002",12121,299
"174","48007","Aransas County, Texas","B27001_003",573,224
"175","48007","Aransas County, Texas","B27001_004",458,224
"176","48007","Aransas County, Texas","B27001_005",115,123
"177","48007","Aransas County, Texas","B27001_006",1520,224
"178","48007","Aransas County, Texas","B27001_007",1467,236
"179","48007","Aransas County, Texas","B27001_008",53,63
"180","48007","Aransas County, Texas","B27001_009",814,253
"181","48007","Aransas County, Texas","B27001_010",513,362
"182","48007","Aransas County, Texas","B27001_011",301,204
"183","48007","Aransas County, Texas","B27001_012",1344,268
"184","48007","Aransas County, Texas","B27001_013",1161,309
"185","48007","Aransas County, Texas","B27001_014",183,116
"186","48007","Aransas County, Texas","B27001_015",1544,221
"187","48007","Aransas County, Texas","B27001_016",1013,256
"188","48007","Aransas County, Texas","B27001_017",531,217
"189","48007","Aransas County, Texas","B27001_018",1195,149
"190","48007","Aransas County, Texas","B27001_019",1079,173
"191","48007","Aransas County, Texas","B27001_020",116,90
"192","48007","Aransas County, Texas","B27001_021",1754,39
"193","48007","Aransas County, Texas","B27001_022",1501,145
"194","48007","Aransas County, Texas","B27001_023",253,138
"195","48007","Aransas County, Texas","B27001_024",1967,74
"196","48007","Aransas County, Texas","B27001_025",1954,75
"197","48007","Aransas County, Texas","B27001_026",13,21
"198","48007","Aransas County, Texas","B27001_027",1410,71
"199","48007","Aransas County, Texas","B27001_028",1410,71
"200","48007","Aransas County, Texas","B27001_029",0,28
"201","48007","Aransas County, Texas","B27001_030",12548,298
"202","48007","Aransas County, Texas","B27001_031",781,240
"203","48007","Aransas County, Texas","B27001_032",520,219
"204","48007","Aransas County, Texas","B27001_033",261,165
"205","48007","Aransas County, Texas","B27001_034",1287,140
"206","48007","Aransas County, Texas","B27001_035",1035,177
"207","48007","Aransas County, Texas","B27001_036",252,114
"208","48007","Aransas County, Texas","B27001_037",636,284
"209","48007","Aransas County, Texas","B27001_038",501,282
"210","48007","Aransas County, Texas","B27001_039",135,128
"211","48007","Aransas County, Texas","B27001_040",1434,275
"212","48007","Aransas County, Texas","B27001_041",1280,257
"213","48007","Aransas County, Texas","B27001_042",154,113
"214","48007","Aransas County, Texas","B27001_043",1418,202
"215","48007","Aransas County, Texas","B27001_044",1066,229
"216","48007","Aransas County, Texas","B27001_045",352,191
"217","48007","Aransas County, Texas","B27001_046",1368,157
"218","48007","Aransas County, Texas","B27001_047",1241,175
"219","48007","Aransas County, Texas","B27001_048",127,100
"220","48007","Aransas County, Texas","B27001_049",2083,51
"221","48007","Aransas County, Texas","B27001_050",1767,152
"222","48007","Aransas County, Texas","B27001_051",316,153
"223","48007","Aransas County, Texas","B27001_052",2072,52
"224","48007","Aransas County, Texas","B27001_053",2072,52
"225","48007","Aransas County, Texas","B27001_054",0,28
"226","48007","Aransas County, Texas","B27001_055",1469,57
"227","48007","Aransas County, Texas","B27001_056",1469,57
"228","48007","Aransas County, Texas","B27001_057",0,28
"229","48009","Archer County, Texas","B27001_001",8801,21
"230","48009","Archer County, Texas","B27001_002",4431,65
"231","48009","Archer County, Texas","B27001_003",293,47
"232","48009","Archer County, Texas","B27001_004",259,38
"233","48009","Archer County, Texas","B27001_005",34,38
"234","48009","Archer County, Texas","B27001_006",755,58
"235","48009","Archer County, Texas","B27001_007",640,64
"236","48009","Archer County, Texas","B27001_008",115,54
"237","48009","Archer County, Texas","B27001_009",304,41
"238","48009","Archer County, Texas","B27001_010",201,38
"239","48009","Archer County, Texas","B27001_011",103,48
"240","48009","Archer County, Texas","B27001_012",481,36
"241","48009","Archer County, Texas","B27001_013",360,65
"242","48009","Archer County, Texas","B27001_014",121,61
"243","48009","Archer County, Texas","B27001_015",579,60
"244","48009","Archer County, Texas","B27001_016",467,82
"245","48009","Archer County, Texas","B27001_017",112,55
"246","48009","Archer County, Texas","B27001_018",495,29
"247","48009","Archer County, Texas","B27001_019",421,44
"248","48009","Archer County, Texas","B27001_020",74,35
"249","48009","Archer County, Texas","B27001_021",636,36
"250","48009","Archer County, Texas","B27001_022",562,63
"251","48009","Archer County, Texas","B27001_023",74,51
"252","48009","Archer County, Texas","B27001_024",517,21
"253","48009","Archer County, Texas","B27001_025",503,29
"254","48009","Archer County, Texas","B27001_026",14,18
"255","48009","Archer County, Texas","B27001_027",371,21
"256","48009","Archer County, Texas","B27001_028",329,51
"257","48009","Archer County, Texas","B27001_029",42,46
"258","48009","Archer County, Texas","B27001_030",4370,66
"259","48009","Archer County, Texas","B27001_031",265,46
"260","48009","Archer County, Texas","B27001_032",244,53
"261","48009","Archer County, Texas","B27001_033",21,18
"262","48009","Archer County, Texas","B27001_034",744,66
"263","48009","Archer County, Texas","B27001_035",600,71
"264","48009","Archer County, Texas","B27001_036",144,67
"265","48009","Archer County, Texas","B27001_037",240,53
"266","48009","Archer County, Texas","B27001_038",193,52
"267","48009","Archer County, Texas","B27001_039",47,30
"268","48009","Archer County, Texas","B27001_040",388,42
"269","48009","Archer County, Texas","B27001_041",311,48
"270","48009","Archer County, Texas","B27001_042",77,38
"271","48009","Archer County, Texas","B27001_043",516,27
"272","48009","Archer County, Texas","B27001_044",389,46
"273","48009","Archer County, Texas","B27001_045",127,46
"274","48009","Archer County, Texas","B27001_046",529,31
"275","48009","Archer County, Texas","B27001_047",453,54
"276","48009","Archer County, Texas","B27001_048",76,38
"277","48009","Archer County, Texas","B27001_049",659,32
"278","48009","Archer County, Texas","B27001_050",621,41
"279","48009","Archer County, Texas","B27001_051",38,29
"280","48009","Archer County, Texas","B27001_052",643,59
"281","48009","Archer County, Texas","B27001_053",639,60
"282","48009","Archer County, Texas","B27001_054",4,7
"283","48009","Archer County, Texas","B27001_055",386,4
"284","48009","Archer County, Texas","B27001_056",386,4
"285","48009","Archer County, Texas","B27001_057",0,21
"286","48011","Armstrong County, Texas","B27001_001",1771,126
"287","48011","Armstrong County, Texas","B27001_002",810,70
"288","48011","Armstrong County, Texas","B27001_003",65,33
"289","48011","Armstrong County, Texas","B27001_004",65,33
"290","48011","Armstrong County, Texas","B27001_005",0,15
"291","48011","Armstrong County, Texas","B27001_006",88,36
"292","48011","Armstrong County, Texas","B27001_007",87,36
"293","48011","Armstrong County, Texas","B27001_008",1,4
"294","48011","Armstrong County, Texas","B27001_009",95,36
"295","48011","Armstrong County, Texas","B27001_010",51,30
"296","48011","Armstrong County, Texas","B27001_011",44,35
"297","48011","Armstrong County, Texas","B27001_012",54,31
"298","48011","Armstrong County, Texas","B27001_013",52,32
"299","48011","Armstrong County, Texas","B27001_014",2,3
"300","48011","Armstrong County, Texas","B27001_015",125,27
"301","48011","Armstrong County, Texas","B27001_016",125,27
"302","48011","Armstrong County, Texas","B27001_017",0,15
"303","48011","Armstrong County, Texas","B27001_018",55,23
"304","48011","Armstrong County, Texas","B27001_019",53,23
"305","48011","Armstrong County, Texas","B27001_020",2,3
"306","48011","Armstrong County, Texas","B27001_021",114,22
"307","48011","Armstrong County, Texas","B27001_022",114,22
"308","48011","Armstrong County, Texas","B27001_023",0,15
"309","48011","Armstrong County, Texas","B27001_024",124,22
"310","48011","Armstrong County, Texas","B27001_025",124,22
"311","48011","Armstrong County, Texas","B27001_026",0,15
"312","48011","Armstrong County, Texas","B27001_027",90,17
"313","48011","Armstrong County, Texas","B27001_028",90,17
"314","48011","Armstrong County, Texas","B27001_029",0,15
"315","48011","Armstrong County, Texas","B27001_030",961,93
"316","48011","Armstrong County, Texas","B27001_031",45,22
"317","48011","Armstrong County, Texas","B27001_032",45,22
"318","48011","Armstrong County, Texas","B27001_033",0,15
"319","48011","Armstrong County, Texas","B27001_034",178,46
"320","48011","Armstrong County, Texas","B27001_035",178,46
"321","48011","Armstrong County, Texas","B27001_036",0,15
"322","48011","Armstrong County, Texas","B27001_037",99,45
"323","48011","Armstrong County, Texas","B27001_038",83,43
"324","48011","Armstrong County, Texas","B27001_039",16,24
"325","48011","Armstrong County, Texas","B27001_040",68,31
"326","48011","Armstrong County, Texas","B27001_041",68,31
"327","48011","Armstrong County, Texas","B27001_042",0,15
"328","48011","Armstrong County, Texas","B27001_043",111,25
"329","48011","Armstrong County, Texas","B27001_044",105,25
"330","48011","Armstrong County, Texas","B27001_045",6,7
"331","48011","Armstrong County, Texas","B27001_046",81,22
"332","48011","Armstrong County, Texas","B27001_047",78,24
"333","48011","Armstrong County, Texas","B27001_048",3,5
"334","48011","Armstrong County, Texas","B27001_049",174,38
"335","48011","Armstrong County, Texas","B27001_050",174,38
"336","48011","Armstrong County, Texas","B27001_051",0,15
"337","48011","Armstrong County, Texas","B27001_052",108,27
"338","48011","Armstrong County, Texas","B27001_053",108,27
"339","48011","Armstrong County, Texas","B27001_054",0,15
"340","48011","Armstrong County, Texas","B27001_055",97,29
"341","48011","Armstrong County, Texas","B27001_056",97,29
"342","48011","Armstrong County, Texas","B27001_057",0,15
"343","48013","Atascosa County, Texas","B27001_001",50412,65
"344","48013","Atascosa County, Texas","B27001_002",25138,141
"345","48013","Atascosa County, Texas","B27001_003",2065,149
"346","48013","Atascosa County, Texas","B27001_004",1780,214
"347","48013","Atascosa County, Texas","B27001_005",285,139
"348","48013","Atascosa County, Texas","B27001_006",5262,221
"349","48013","Atascosa County, Texas","B27001_007",4440,314
"350","48013","Atascosa County, Texas","B27001_008",822,267
"351","48013","Atascosa County, Texas","B27001_009",2146,195
"352","48013","Atascosa County, Texas","B27001_010",1309,248
"353","48013","Atascosa County, Texas","B27001_011",837,301
"354","48013","Atascosa County, Texas","B27001_012",3000,125
"355","48013","Atascosa County, Texas","B27001_013",1876,270
"356","48013","Atascosa County, Texas","B27001_014",1124,274
"357","48013","Atascosa County, Texas","B27001_015",3362,119
"358","48013","Atascosa County, Texas","B27001_016",2414,303
"359","48013","Atascosa County, Texas","B27001_017",948,253
"360","48013","Atascosa County, Texas","B27001_018",3050,59
"361","48013","Atascosa County, Texas","B27001_019",2134,244
"362","48013","Atascosa County, Texas","B27001_020",916,244
"363","48013","Atascosa County, Texas","B27001_021",2801,68
"364","48013","Atascosa County, Texas","B27001_022",2398,227
"365","48013","Atascosa County, Texas","B27001_023",403,210
"366","48013","Atascosa County, Texas","B27001_024",2159,45
"367","48013","Atascosa County, Texas","B27001_025",2121,67
"368","48013","Atascosa County, Texas","B27001_026",38,52
"369","48013","Atascosa County, Texas","B27001_027",1293,36
"370","48013","Atascosa County, Texas","B27001_028",1293,36
"371","48013","Atascosa County, Texas","B27001_029",0,35
"372","48013","Atascosa County, Texas","B27001_030",25274,128
"373","48013","Atascosa County, Texas","B27001_031",1943,134
"374","48013","Atascosa County, Texas","B27001_032",1721,233
"375","48013","Atascosa County, Texas","B27001_033",222,161
"376","48013","Atascosa County, Texas","B27001_034",4785,236
"377","48013","Atascosa County, Texas","B27001_035",4174,302
"378","48013","Atascosa County, Texas","B27001_036",611,250
"379","48013","Atascosa County, Texas","B27001_037",2412,200
"380","48013","Atascosa County, Texas","B27001_038",1415,259
"381","48013","Atascosa County, Texas","B27001_039",997,257
"382","48013","Atascosa County, Texas","B27001_040",2908,129
"383","48013","Atascosa County, Texas","B27001_041",2177,241
"384","48013","Atascosa County, Texas","B27001_042",731,221
"385","48013","Atascosa County, Texas","B27001_043",3259,67
"386","48013","Atascosa County, Texas","B27001_044",2680,204
"387","48013","Atascosa County, Texas","B27001_045",579,197
"388","48013","Atascosa County, Texas","B27001_046",3042,51
"389","48013","Atascosa County, Texas","B27001_047",2321,221
"390","48013","Atascosa County, Texas","B27001_048",721,206
"391","48013","Atascosa County, Texas","B27001_049",2942,83
"392","48013","Atascosa County, Texas","B27001_050",2453,173
"393","48013","Atascosa County, Texas","B27001_051",489,152
"394","48013","Atascosa County, Texas","B27001_052",2346,88
"395","48013","Atascosa County, Texas","B27001_053",2307,107
"396","48013","Atascosa County, Texas","B27001_054",39,55
"397","48013","Atascosa County, Texas","B27001_055",1637,101
"398","48013","Atascosa County, Texas","B27001_056",1589,119
"399","48013","Atascosa County, Texas","B27001_057",48,59
"400","48015","Austin County, Texas","B27001_001",30945,15
"401","48015","Austin County, Texas","B27001_002",15797,115
"402","48015","Austin County, Texas","B27001_003",1278,122
"403","48015","Austin County, Texas","B27001_004",1166,129
"404","48015","Austin County, Texas","B27001_005",112,82
"405","48015","Austin County, Texas","B27001_006",3135,174
"406","48015","Austin County, Texas","B27001_007",2468,207
"407","48015","Austin County, Texas","B27001_008",667,168
"408","48015","Austin County, Texas","B27001_009",985,189
"409","48015","Austin County, Texas","B27001_010",618,199
"410","48015","Austin County, Texas","B27001_011",367,94
"411","48015","Austin County, Texas","B27001_012",1611,98
"412","48015","Austin County, Texas","B27001_013",1185,146
"413","48015","Austin County, Texas","B27001_014",426,139
"414","48015","Austin County, Texas","B27001_015",1833,116
"415","48015","Austin County, Texas","B27001_016",1273,232
"416","48015","Austin County, Texas","B27001_017",560,179
"417","48015","Austin County, Texas","B27001_018",1763,110
"418","48015","Austin County, Texas","B27001_019",1477,180
"419","48015","Austin County, Texas","B27001_020",286,127
"420","48015","Austin County, Texas","B27001_021",2184,105
"421","48015","Austin County, Texas","B27001_022",1829,159
"422","48015","Austin County, Texas","B27001_023",355,124
"423","48015","Austin County, Texas","B27001_024",1724,84
"424","48015","Austin County, Texas","B27001_025",1717,85
"425","48015","Austin County, Texas","B27001_026",7,12
"426","48015","Austin County, Texas","B27001_027",1284,129
"427","48015","Austin County, Texas","B27001_028",1206,129
"428","48015","Austin County, Texas","B27001_029",78,71
"429","48015","Austin County, Texas","B27001_030",15148,116
"430","48015","Austin County, Texas","B27001_031",835,133
"431","48015","Austin County, Texas","B27001_032",788,145
"432","48015","Austin County, Texas","B27001_033",47,49
"433","48015","Austin County, Texas","B27001_034",2512,133
"434","48015","Austin County, Texas","B27001_035",2020,199
"435","48015","Austin County, Texas","B27001_036",492,180
"436","48015","Austin County, Texas","B27001_037",1401,145
"437","48015","Austin County, Texas","B27001_038",1013,236
"438","48015","Austin County, Texas","B27001_039",388,179
"439","48015","Austin County, Texas","B27001_040",1370,111
"440","48015","Austin County, Texas","B27001_041",1068,157
"441","48015","Austin County, Texas","B27001_042",302,100
"442","48015","Austin County, Texas","B27001_043",1725,62
"443","48015","Austin County, Texas","B27001_044",1376,146
"444","48015","Austin County, Texas","B27001_045",349,143
"445","48015","Austin County, Texas","B27001_046",1853,64
"446","48015","Austin County, Texas","B27001_047",1568,135
"447","48015","Austin County, Texas","B27001_048",285,113
"448","48015","Austin County, Texas","B27001_049",2044,114
"449","48015","Austin County, Texas","B27001_050",1747,154
"450","48015","Austin County, Texas","B27001_051",297,101
"451","48015","Austin County, Texas","B27001_052",1916,133
"452","48015","Austin County, Texas","B27001_053",1916,133
"453","48015","Austin County, Texas","B27001_054",0,31
"454","48015","Austin County, Texas","B27001_055",1492,148
"455","48015","Austin County, Texas","B27001_056",1355,142
"456","48015","Austin County, Texas","B27001_057",137,91
"457","48017","Bailey County, Texas","B27001_001",6762,342
"458","48017","Bailey County, Texas","B27001_002",3397,251
"459","48017","Bailey County, Texas","B27001_003",411,104
"460","48017","Bailey County, Texas","B27001_004",318,114
"461","48017","Bailey County, Texas","B27001_005",93,73
"462","48017","Bailey County, Texas","B27001_006",667,117
"463","48017","Bailey County, Texas","B27001_007",390,163
"464","48017","Bailey County, Texas","B27001_008",277,125
"465","48017","Bailey County, Texas","B27001_009",378,132
"466","48017","Bailey County, Texas","B27001_010",262,103
"467","48017","Bailey County, Texas","B27001_011",116,74
"468","48017","Bailey County, Texas","B27001_012",440,145
"469","48017","Bailey County, Texas","B27001_013",349,136
"470","48017","Bailey County, Texas","B27001_014",91,67
"471","48017","Bailey County, Texas","B27001_015",476,164
"472","48017","Bailey County, Texas","B27001_016",358,153
"473","48017","Bailey County, Texas","B27001_017",118,99
"474","48017","Bailey County, Texas","B27001_018",200,104
"475","48017","Bailey County, Texas","B27001_019",112,69
"476","48017","Bailey County, Texas","B27001_020",88,86
"477","48017","Bailey County, Texas","B27001_021",102,89
"478","48017","Bailey County, Texas","B27001_022",102,89
"479","48017","Bailey County, Texas","B27001_023",0,21
"480","48017","Bailey County, Texas","B27001_024",375,130
"481","48017","Bailey County, Texas","B27001_025",375,130
"482","48017","Bailey County, Texas","B27001_026",0,21
"483","48017","Bailey County, Texas","B27001_027",348,140
"484","48017","Bailey County, Texas","B27001_028",348,140
"485","48017","Bailey County, Texas","B27001_029",0,21
"486","48017","Bailey County, Texas","B27001_030",3365,232
"487","48017","Bailey County, Texas","B27001_031",159,96
"488","48017","Bailey County, Texas","B27001_032",148,97
"489","48017","Bailey County, Texas","B27001_033",11,17
"490","48017","Bailey County, Texas","B27001_034",733,156
"491","48017","Bailey County, Texas","B27001_035",416,186
"492","48017","Bailey County, Texas","B27001_036",317,176
"493","48017","Bailey County, Texas","B27001_037",378,124
"494","48017","Bailey County, Texas","B27001_038",182,97
"495","48017","Bailey County, Texas","B27001_039",196,97
"496","48017","Bailey County, Texas","B27001_040",450,135
"497","48017","Bailey County, Texas","B27001_041",233,117
"498","48017","Bailey County, Texas","B27001_042",217,134
"499","48017","Bailey County, Texas","B27001_043",476,158
"500","48017","Bailey County, Texas","B27001_044",185,84
"501","48017","Bailey County, Texas","B27001_045",291,161
"502","48017","Bailey County, Texas","B27001_046",262,99
"503","48017","Bailey County, Texas","B27001_047",195,106
"504","48017","Bailey County, Texas","B27001_048",67,57
"505","48017","Bailey County, Texas","B27001_049",294,110
"506","48017","Bailey County, Texas","B27001_050",240,92
"507","48017","Bailey County, Texas","B27001_051",54,61
"508","48017","Bailey County, Texas","B27001_052",302,121
"509","48017","Bailey County, Texas","B27001_053",302,121
"510","48017","Bailey County, Texas","B27001_054",0,21
"511","48017","Bailey County, Texas","B27001_055",311,157
"512","48017","Bailey County, Texas","B27001_056",311,157
"513","48017","Bailey County, Texas","B27001_057",0,21
"514","48019","Bandera County, Texas","B27001_001",21885,7
"515","48019","Bandera County, Texas","B27001_002",10734,220
"516","48019","Bandera County, Texas","B27001_003",504,95
"517","48019","Bandera County, Texas","B27001_004",504,95
"518","48019","Bandera County, Texas","B27001_005",0,28
"519","48019","Bandera County, Texas","B27001_006",1336,164
"520","48019","Bandera County, Texas","B27001_007",1069,209
"521","48019","Bandera County, Texas","B27001_008",267,163
"522","48019","Bandera County, Texas","B27001_009",698,87
"523","48019","Bandera County, Texas","B27001_010",359,126
"524","48019","Bandera County, Texas","B27001_011",339,108
"525","48019","Bandera County, Texas","B27001_012",756,150
"526","48019","Bandera County, Texas","B27001_013",440,155
"527","48019","Bandera County, Texas","B27001_014",316,116
"528","48019","Bandera County, Texas","B27001_015",1032,157
"529","48019","Bandera County, Texas","B27001_016",617,178
"530","48019","Bandera County, Texas","B27001_017",415,188
"531","48019","Bandera County, Texas","B27001_018",1344,154
"532","48019","Bandera County, Texas","B27001_019",1057,207
"533","48019","Bandera County, Texas","B27001_020",287,144
"534","48019","Bandera County, Texas","B27001_021",1812,44
"535","48019","Bandera County, Texas","B27001_022",1678,75
"536","48019","Bandera County, Texas","B27001_023",134,69
"537","48019","Bandera County, Texas","B27001_024",1966,112
"538","48019","Bandera County, Texas","B27001_025",1936,117
"539","48019","Bandera County, Texas","B27001_026",30,37
"540","48019","Bandera County, Texas","B27001_027",1286,35
"541","48019","Bandera County, Texas","B27001_028",1286,35
"542","48019","Bandera County, Texas","B27001_029",0,28
"543","48019","Bandera County, Texas","B27001_030",11151,220
"544","48019","Bandera County, Texas","B27001_031",499,93
"545","48019","Bandera County, Texas","B27001_032",489,93
"546","48019","Bandera County, Texas","B27001_033",10,18
"547","48019","Bandera County, Texas","B27001_034",1415,206
"548","48019","Bandera County, Texas","B27001_035",1236,197
"549","48019","Bandera County, Texas","B27001_036",179,125
"550","48019","Bandera County, Texas","B27001_037",514,148
"551","48019","Bandera County, Texas","B27001_038",360,125
"552","48019","Bandera County, Texas","B27001_039",154,124
"553","48019","Bandera County, Texas","B27001_040",795,150
"554","48019","Bandera County, Texas","B27001_041",533,137
"555","48019","Bandera County, Texas","B27001_042",262,146
"556","48019","Bandera County, Texas","B27001_043",1098,129
"557","48019","Bandera County, Texas","B27001_044",1029,108
"558","48019","Bandera County, Texas","B27001_045",69,94
"559","48019","Bandera County, Texas","B27001_046",1461,145
"560","48019","Bandera County, Texas","B27001_047",1304,172
"561","48019","Bandera County, Texas","B27001_048",157,96
"562","48019","Bandera County, Texas","B27001_049",2101,49
"563","48019","Bandera County, Texas","B27001_050",1806,143
"564","48019","Bandera County, Texas","B27001_051",295,132
"565","48019","Bandera County, Texas","B27001_052",2021,117
"566","48019","Bandera County, Texas","B27001_053",2014,117
"567","48019","Bandera County, Texas","B27001_054",7,11
"568","48019","Bandera County, Texas","B27001_055",1247,79
"569","48019","Bandera County, Texas","B27001_056",1247,79
"570","48019","Bandera County, Texas","B27001_057",0,28
"571","48021","Bastrop County, Texas","B27001_001",103684,246
"572","48021","Bastrop County, Texas","B27001_002",51633,369
"573","48021","Bastrop County, Texas","B27001_003",3918,259
"574","48021","Bastrop County, Texas","B27001_004",3316,337
"575","48021","Bastrop County, Texas","B27001_005",602,288
"576","48021","Bastrop County, Texas","B27001_006",10314,400
"577","48021","Bastrop County, Texas","B27001_007",7758,695
"578","48021","Bastrop County, Texas","B27001_008",2556,634
"579","48021","Bastrop County, Texas","B27001_009",3982,312
"580","48021","Bastrop County, Texas","B27001_010",2231,451
"581","48021","Bastrop County, Texas","B27001_011",1751,353
"582","48021","Bastrop County, Texas","B27001_012",6022,289
"583","48021","Bastrop County, Texas","B27001_013",3820,446
"584","48021","Bastrop County, Texas","B27001_014",2202,382
"585","48021","Bastrop County, Texas","B27001_015",6655,232
"586","48021","Bastrop County, Texas","B27001_016",3959,498
"587","48021","Bastrop County, Texas","B27001_017",2696,445
"588","48021","Bastrop County, Texas","B27001_018",6216,240
"589","48021","Bastrop County, Texas","B27001_019",4808,452
"590","48021","Bastrop County, Texas","B27001_020",1408,372
"591","48021","Bastrop County, Texas","B27001_021",6775,92
"592","48021","Bastrop County, Texas","B27001_022",5727,266
"593","48021","Bastrop County, Texas","B27001_023",1048,248
"594","48021","Bastrop County, Texas","B27001_024",5191,160
"595","48021","Bastrop County, Texas","B27001_025",4856,248
"596","48021","Bastrop County, Texas","B27001_026",335,202
"597","48021","Bastrop County, Texas","B27001_027",2560,124
"598","48021","Bastrop County, Texas","B27001_028",2533,136
"599","48021","Bastrop County, Texas","B27001_029",27,44
"600","48021","Bastrop County, Texas","B27001_030",52051,277
"601","48021","Bastrop County, Texas","B27001_031",4408,291
"602","48021","Bastrop County, Texas","B27001_032",3972,387
"603","48021","Bastrop County, Texas","B27001_033",436,231
"604","48021","Bastrop County, Texas","B27001_034",10384,458
"605","48021","Bastrop County, Texas","B27001_035",8176,739
"606","48021","Bastrop County, Texas","B27001_036",2208,604
"607","48021","Bastrop County, Texas","B27001_037",4040,338
"608","48021","Bastrop County, Texas","B27001_038",2250,475
"609","48021","Bastrop County, Texas","B27001_039",1790,447
"610","48021","Bastrop County, Texas","B27001_040",5818,268
"611","48021","Bastrop County, Texas","B27001_041",3916,407
"612","48021","Bastrop County, Texas","B27001_042",1902,408
"613","48021","Bastrop County, Texas","B27001_043",6417,219
"614","48021","Bastrop County, Texas","B27001_044",4989,466
"615","48021","Bastrop County, Texas","B27001_045",1428,396
"616","48021","Bastrop County, Texas","B27001_046",6170,273
"617","48021","Bastrop County, Texas","B27001_047",4909,388
"618","48021","Bastrop County, Texas","B27001_048",1261,335
"619","48021","Bastrop County, Texas","B27001_049",6705,97
"620","48021","Bastrop County, Texas","B27001_050",6005,253
"621","48021","Bastrop County, Texas","B27001_051",700,232
"622","48021","Bastrop County, Texas","B27001_052",5151,76
"623","48021","Bastrop County, Texas","B27001_053",4916,203
"624","48021","Bastrop County, Texas","B27001_054",235,187
"625","48021","Bastrop County, Texas","B27001_055",2958,83
"626","48021","Bastrop County, Texas","B27001_056",2913,112
"627","48021","Bastrop County, Texas","B27001_057",45,74
"628","48023","Baylor County, Texas","B27001_001",3415,4
"629","48023","Baylor County, Texas","B27001_002",1745,92
"630","48023","Baylor County, Texas","B27001_003",92,34
"631","48023","Baylor County, Texas","B27001_004",92,34
"632","48023","Baylor County, Texas","B27001_005",0,15
"633","48023","Baylor County, Texas","B27001_006",359,61
"634","48023","Baylor County, Texas","B27001_007",283,69
"635","48023","Baylor County, Texas","B27001_008",76,52
"636","48023","Baylor County, Texas","B27001_009",76,42
"637","48023","Baylor County, Texas","B27001_010",64,40
"638","48023","Baylor County, Texas","B27001_011",12,21
"639","48023","Baylor County, Texas","B27001_012",143,53
"640","48023","Baylor County, Texas","B27001_013",91,50
"641","48023","Baylor County, Texas","B27001_014",52,43
"642","48023","Baylor County, Texas","B27001_015",186,42
"643","48023","Baylor County, Texas","B27001_016",101,40
"644","48023","Baylor County, Texas","B27001_017",85,38
"645","48023","Baylor County, Texas","B27001_018",171,48
"646","48023","Baylor County, Texas","B27001_019",123,42
"647","48023","Baylor County, Texas","B27001_020",48,37
"648","48023","Baylor County, Texas","B27001_021",266,45
"649","48023","Baylor County, Texas","B27001_022",210,52
"650","48023","Baylor County, Texas","B27001_023",56,34
"651","48023","Baylor County, Texas","B27001_024",284,47
"652","48023","Baylor County, Texas","B27001_025",277,47
"653","48023","Baylor County, Texas","B27001_026",7,13
"654","48023","Baylor County, Texas","B27001_027",168,32
"655","48023","Baylor County, Texas","B27001_028",168,32
"656","48023","Baylor County, Texas","B27001_029",0,15
"657","48023","Baylor County, Texas","B27001_030",1670,92
"658","48023","Baylor County, Texas","B27001_031",88,35
"659","48023","Baylor County, Texas","B27001_032",67,32
"660","48023","Baylor County, Texas","B27001_033",21,24
"661","48023","Baylor County, Texas","B27001_034",247,66
"662","48023","Baylor County, Texas","B27001_035",183,71
"663","48023","Baylor County, Texas","B27001_036",64,40
"664","48023","Baylor County, Texas","B27001_037",113,56
"665","48023","Baylor County, Texas","B27001_038",78,55
"666","48023","Baylor County, Texas","B27001_039",35,39
"667","48023","Baylor County, Texas","B27001_040",145,41
"668","48023","Baylor County, Texas","B27001_041",78,48
"669","48023","Baylor County, Texas","B27001_042",67,45
"670","48023","Baylor County, Texas","B27001_043",137,61
"671","48023","Baylor County, Texas","B27001_044",71,54
"672","48023","Baylor County, Texas","B27001_045",66,42
"673","48023","Baylor County, Texas","B27001_046",242,56
"674","48023","Baylor County, Texas","B27001_047",226,59
"675","48023","Baylor County, Texas","B27001_048",16,16
"676","48023","Baylor County, Texas","B27001_049",262,31
"677","48023","Baylor County, Texas","B27001_050",164,44
"678","48023","Baylor County, Texas","B27001_051",98,41
"679","48023","Baylor County, Texas","B27001_052",213,31
"680","48023","Baylor County, Texas","B27001_053",213,31
"681","48023","Baylor County, Texas","B27001_054",0,15
"682","48023","Baylor County, Texas","B27001_055",223,54
"683","48023","Baylor County, Texas","B27001_056",223,54
"684","48023","Baylor County, Texas","B27001_057",0,15
"685","48025","Bee County, Texas","B27001_001",24362,232
"686","48025","Bee County, Texas","B27001_002",12919,286
"687","48025","Bee County, Texas","B27001_003",1123,153
"688","48025","Bee County, Texas","B27001_004",1100,155
"689","48025","Bee County, Texas","B27001_005",23,40
"690","48025","Bee County, Texas","B27001_006",2296,230
"691","48025","Bee County, Texas","B27001_007",1942,233
"692","48025","Bee County, Texas","B27001_008",354,187
"693","48025","Bee County, Texas","B27001_009",2022,445
"694","48025","Bee County, Texas","B27001_010",1429,480
"695","48025","Bee County, Texas","B27001_011",593,289
"696","48025","Bee County, Texas","B27001_012",1785,282
"697","48025","Bee County, Texas","B27001_013",1258,256
"698","48025","Bee County, Texas","B27001_014",527,252
"699","48025","Bee County, Texas","B27001_015",1646,312
"700","48025","Bee County, Texas","B27001_016",1084,269
"701","48025","Bee County, Texas","B27001_017",562,258
"702","48025","Bee County, Texas","B27001_018",1530,382
"703","48025","Bee County, Texas","B27001_019",1172,414
"704","48025","Bee County, Texas","B27001_020",358,164
"705","48025","Bee County, Texas","B27001_021",892,180
"706","48025","Bee County, Texas","B27001_022",736,197
"707","48025","Bee County, Texas","B27001_023",156,78
"708","48025","Bee County, Texas","B27001_024",962,100
"709","48025","Bee County, Texas","B27001_025",961,100
"710","48025","Bee County, Texas","B27001_026",1,4
"711","48025","Bee County, Texas","B27001_027",663,29
"712","48025","Bee County, Texas","B27001_028",663,29
"713","48025","Bee County, Texas","B27001_029",0,31
"714","48025","Bee County, Texas","B27001_030",11443,163
"715","48025","Bee County, Texas","B27001_031",742,67
"716","48025","Bee County, Texas","B27001_032",686,71
"717","48025","Bee County, Texas","B27001_033",56,52
"718","48025","Bee County, Texas","B27001_034",2468,221
"719","48025","Bee County, Texas","B27001_035",2116,275
"720","48025","Bee County, Texas","B27001_036",352,183
"721","48025","Bee County, Texas","B27001_037",921,196
"722","48025","Bee County, Texas","B27001_038",637,244
"723","48025","Bee County, Texas","B27001_039",284,154
"724","48025","Bee County, Texas","B27001_040",1315,118
"725","48025","Bee County, Texas","B27001_041",795,202
"726","48025","Bee County, Texas","B27001_042",520,201
"727","48025","Bee County, Texas","B27001_043",1559,54
"728","48025","Bee County, Texas","B27001_044",1044,192
"729","48025","Bee County, Texas","B27001_045",515,196
"730","48025","Bee County, Texas","B27001_046",1132,48
"731","48025","Bee County, Texas","B27001_047",1001,79
"732","48025","Bee County, Texas","B27001_048",131,66
"733","48025","Bee County, Texas","B27001_049",1302,56
"734","48025","Bee County, Texas","B27001_050",1142,113
"735","48025","Bee County, Texas","B27001_051",160,101
"736","48025","Bee County, Texas","B27001_052",1154,40
"737","48025","Bee County, Texas","B27001_053",1154,40
"738","48025","Bee County, Texas","B27001_054",0,31
"739","48025","Bee County, Texas","B27001_055",850,30
"740","48025","Bee County, Texas","B27001_056",850,30
"741","48025","Bee County, Texas","B27001_057",0,31
"742","48027","Bell County, Texas","B27001_001",362876,1338
"743","48027","Bell County, Texas","B27001_002",173618,1155
"744","48027","Bell County, Texas","B27001_003",18304,549
"745","48027","Bell County, Texas","B27001_004",17508,680
"746","48027","Bell County, Texas","B27001_005",796,248
"747","48027","Bell County, Texas","B27001_006",37819,755
"748","48027","Bell County, Texas","B27001_007",34528,857
"749","48027","Bell County, Texas","B27001_008",3291,589
"750","48027","Bell County, Texas","B27001_009",16314,729
"751","48027","Bell County, Texas","B27001_010",11502,714
"752","48027","Bell County, Texas","B27001_011",4812,586
"753","48027","Bell County, Texas","B27001_012",21743,705
"754","48027","Bell County, Texas","B27001_013",14597,865
"755","48027","Bell County, Texas","B27001_014",7146,874
"756","48027","Bell County, Texas","B27001_015",22589,629
"757","48027","Bell County, Texas","B27001_016",17289,790
"758","48027","Bell County, Texas","B27001_017",5300,613
"759","48027","Bell County, Texas","B27001_018",18942,319
"760","48027","Bell County, Texas","B27001_019",16023,584
"761","48027","Bell County, Texas","B27001_020",2919,449
"762","48027","Bell County, Texas","B27001_021",17710,189
"763","48027","Bell County, Texas","B27001_022",15382,455
"764","48027","Bell County, Texas","B27001_023",2328,412
"765","48027","Bell County, Texas","B27001_024",12893,153
"766","48027","Bell County, Texas","B27001_025",12640,187
"767","48027","Bell County, Texas","B27001_026",253,130
"768","48027","Bell County, Texas","B27001_027",7304,138
"769","48027","Bell County, Texas","B27001_028",7254,138
"770","48027","Bell County, Texas","B27001_029",50,50
"771","48027","Bell County, Texas","B27001_030",189258,629
"772","48027","Bell County, Texas","B27001_031",16631,452
"773","48027","Bell County, Texas","B27001_032",15763,540
"774","48027","Bell County, Texas","B27001_033",868,331
"775","48027","Bell County, Texas","B27001_034",37815,570
"776","48027","Bell County, Texas","B27001_035",35035,678
"777","48027","Bell County, Texas","B27001_036",2780,510
"778","48027","Bell County, Texas","B27001_037",17796,840
"779","48027","Bell County, Texas","B27001_038",14079,883
"780","48027","Bell County, Texas","B27001_039",3717,539
"781","48027","Bell County, Texas","B27001_040",25937,672
"782","48027","Bell County, Texas","B27001_041",20334,901
"783","48027","Bell County, Texas","B27001_042",5603,821
"784","48027","Bell County, Texas","B27001_043",26204,230
"785","48027","Bell County, Texas","B27001_044",21763,630
"786","48027","Bell County, Texas","B27001_045",4441,614
"787","48027","Bell County, Texas","B27001_046",20766,171
"788","48027","Bell County, Texas","B27001_047",17084,527
"789","48027","Bell County, Texas","B27001_048",3682,488
"790","48027","Bell County, Texas","B27001_049",19593,125
"791","48027","Bell County, Texas","B27001_050",17112,403
"792","48027","Bell County, Texas","B27001_051",2481,378
"793","48027","Bell County, Texas","B27001_052",14896,131
"794","48027","Bell County, Texas","B27001_053",14766,152
"795","48027","Bell County, Texas","B27001_054",130,71
"796","48027","Bell County, Texas","B27001_055",9620,150
"797","48027","Bell County, Texas","B27001_056",9431,176
"798","48027","Bell County, Texas","B27001_057",189,111
"799","48029","Bexar County, Texas","B27001_001",2023493,1841
"800","48029","Bexar County, Texas","B27001_002",995749,1769
"801","48029","Bexar County, Texas","B27001_003",80866,991
"802","48029","Bexar County, Texas","B27001_004",74416,1333
"803","48029","Bexar County, Texas","B27001_005",6450,1044
"804","48029","Bexar County, Texas","B27001_006",193052,1425
"805","48029","Bexar County, Texas","B27001_007",172331,2065
"806","48029","Bexar County, Texas","B27001_008",20721,1570
"807","48029","Bexar County, Texas","B27001_009",100549,2066
"808","48029","Bexar County, Texas","B27001_010",70981,2187
"809","48029","Bexar County, Texas","B27001_011",29568,1877
"810","48029","Bexar County, Texas","B27001_012",138717,1670
"811","48029","Bexar County, Texas","B27001_013",99470,2187
"812","48029","Bexar County, Texas","B27001_014",39247,1977
"813","48029","Bexar County, Texas","B27001_015",145030,753
"814","48029","Bexar County, Texas","B27001_016",108028,1733
"815","48029","Bexar County, Texas","B27001_017",37002,1744
"816","48029","Bexar County, Texas","B27001_018",118843,382
"817","48029","Bexar County, Texas","B27001_019",94551,1470
"818","48029","Bexar County, Texas","B27001_020",24292,1454
"819","48029","Bexar County, Texas","B27001_021",103765,275
"820","48029","Bexar County, Texas","B27001_022",88912,1097
"821","48029","Bexar County, Texas","B27001_023",14853,1077
"822","48029","Bexar County, Texas","B27001_024",72507,219
"823","48029","Bexar County, Texas","B27001_025",71355,382
"824","48029","Bexar County, Texas","B27001_026",1152,306
"825","48029","Bexar County, Texas","B27001_027",42420,215
"826","48029","Bexar County, Texas","B27001_028",42062,260
"827","48029","Bexar County, Texas","B27001_029",358,168
"828","48029","Bexar County, Texas","B27001_030",1027744,1201
"829","48029","Bexar County, Texas","B27001_031",77181,1118
"830","48029","Bexar County, Texas","B27001_032",71913,1492
"831","48029","Bexar County, Texas","B27001_033",5268,950
"832","48029","Bexar County, Texas","B27001_034",186311,1469
"833","48029","Bexar County, Texas","B27001_035",165788,2346
"834","48029","Bexar County, Texas","B27001_036",20523,1909
"835","48029","Bexar County, Texas","B27001_037",99206,1533
"836","48029","Bexar County, Texas","B27001_038",74904,1961
"837","48029","Bexar County, Texas","B27001_039",24302,1674
"838","48029","Bexar County, Texas","B27001_040",138227,1326
"839","48029","Bexar County, Texas","B27001_041",106018,1933
"840","48029","Bexar County, Texas","B27001_042",32209,1541
"841","48029","Bexar County, Texas","B27001_043",144882,442
"842","48029","Bexar County, Texas","B27001_044",116842,1782
"843","48029","Bexar County, Texas","B27001_045",28040,1794
"844","48029","Bexar County, Texas","B27001_046",124419,209
"845","48029","Bexar County, Texas","B27001_047",103096,1262
"846","48029","Bexar County, Texas","B27001_048",21323,1251
"847","48029","Bexar County, Texas","B27001_049",111259,223
"848","48029","Bexar County, Texas","B27001_050",95804,1168
"849","48029","Bexar County, Texas","B27001_051",15455,1124
"850","48029","Bexar County, Texas","B27001_052",87041,204
"851","48029","Bexar County, Texas","B27001_053",85468,434
"852","48029","Bexar County, Texas","B27001_054",1573,374
"853","48029","Bexar County, Texas","B27001_055",59218,354
"854","48029","Bexar County, Texas","B27001_056",58480,445
"855","48029","Bexar County, Texas","B27001_057",738,259
"856","48031","Blanco County, Texas","B27001_001",12321,46
"857","48031","Blanco County, Texas","B27001_002",5997,100
"858","48031","Blanco County, Texas","B27001_003",265,59
"859","48031","Blanco County, Texas","B27001_004",216,65
"860","48031","Blanco County, Texas","B27001_005",49,57
"861","48031","Blanco County, Texas","B27001_006",811,101
"862","48031","Blanco County, Texas","B27001_007",712,96
"863","48031","Blanco County, Texas","B27001_008",99,48
"864","48031","Blanco County, Texas","B27001_009",273,114
"865","48031","Blanco County, Texas","B27001_010",212,101
"866","48031","Blanco County, Texas","B27001_011",61,59
"867","48031","Blanco County, Texas","B27001_012",634,127
"868","48031","Blanco County, Texas","B27001_013",360,115
"869","48031","Blanco County, Texas","B27001_014",274,80
"870","48031","Blanco County, Texas","B27001_015",630,75
"871","48031","Blanco County, Texas","B27001_016",464,89
"872","48031","Blanco County, Texas","B27001_017",166,78
"873","48031","Blanco County, Texas","B27001_018",757,91
"874","48031","Blanco County, Texas","B27001_019",626,72
"875","48031","Blanco County, Texas","B27001_020",131,80
"876","48031","Blanco County, Texas","B27001_021",1084,45
"877","48031","Blanco County, Texas","B27001_022",845,89
"878","48031","Blanco County, Texas","B27001_023",239,82
"879","48031","Blanco County, Texas","B27001_024",999,71
"880","48031","Blanco County, Texas","B27001_025",999,71
"881","48031","Blanco County, Texas","B27001_026",0,23
"882","48031","Blanco County, Texas","B27001_027",544,37
"883","48031","Blanco County, Texas","B27001_028",544,37
"884","48031","Blanco County, Texas","B27001_029",0,23
"885","48031","Blanco County, Texas","B27001_030",6324,93
"886","48031","Blanco County, Texas","B27001_031",333,89
"887","48031","Blanco County, Texas","B27001_032",298,99
"888","48031","Blanco County, Texas","B27001_033",35,42
"889","48031","Blanco County, Texas","B27001_034",911,100
"890","48031","Blanco County, Texas","B27001_035",787,117
"891","48031","Blanco County, Texas","B27001_036",124,88
"892","48031","Blanco County, Texas","B27001_037",245,83
"893","48031","Blanco County, Texas","B27001_038",228,78
"894","48031","Blanco County, Texas","B27001_039",17,26
"895","48031","Blanco County, Texas","B27001_040",546,45
"896","48031","Blanco County, Texas","B27001_041",394,73
"897","48031","Blanco County, Texas","B27001_042",152,67
"898","48031","Blanco County, Texas","B27001_043",581,75
"899","48031","Blanco County, Texas","B27001_044",466,84
"900","48031","Blanco County, Texas","B27001_045",115,47
"901","48031","Blanco County, Texas","B27001_046",819,81
"902","48031","Blanco County, Texas","B27001_047",681,105
"903","48031","Blanco County, Texas","B27001_048",138,77
"904","48031","Blanco County, Texas","B27001_049",1216,47
"905","48031","Blanco County, Texas","B27001_050",1014,82
"906","48031","Blanco County, Texas","B27001_051",202,86
"907","48031","Blanco County, Texas","B27001_052",1046,43
"908","48031","Blanco County, Texas","B27001_053",1046,43
"909","48031","Blanco County, Texas","B27001_054",0,23
"910","48031","Blanco County, Texas","B27001_055",627,34
"911","48031","Blanco County, Texas","B27001_056",614,38
"912","48031","Blanco County, Texas","B27001_057",13,19
"913","48033","Borden County, Texas","B27001_001",713,135
"914","48033","Borden County, Texas","B27001_002",317,60
"915","48033","Borden County, Texas","B27001_003",23,15
"916","48033","Borden County, Texas","B27001_004",23,15
"917","48033","Borden County, Texas","B27001_005",0,15
"918","48033","Borden County, Texas","B27001_006",77,34
"919","48033","Borden County, Texas","B27001_007",77,34
"920","48033","Borden County, Texas","B27001_008",0,15
"921","48033","Borden County, Texas","B27001_009",7,8
"922","48033","Borden County, Texas","B27001_010",7,8
"923","48033","Borden County, Texas","B27001_011",0,15
"924","48033","Borden County, Texas","B27001_012",36,34
"925","48033","Borden County, Texas","B27001_013",36,34
"926","48033","Borden County, Texas","B27001_014",0,15
"927","48033","Borden County, Texas","B27001_015",47,26
"928","48033","Borden County, Texas","B27001_016",34,23
"929","48033","Borden County, Texas","B27001_017",13,13
"930","48033","Borden County, Texas","B27001_018",29,21
"931","48033","Borden County, Texas","B27001_019",29,21
"932","48033","Borden County, Texas","B27001_020",0,15
"933","48033","Borden County, Texas","B27001_021",38,16
"934","48033","Borden County, Texas","B27001_022",35,13
"935","48033","Borden County, Texas","B27001_023",3,6
"936","48033","Borden County, Texas","B27001_024",33,18
"937","48033","Borden County, Texas","B27001_025",33,18
"938","48033","Borden County, Texas","B27001_026",0,15
"939","48033","Borden County, Texas","B27001_027",27,17
"940","48033","Borden County, Texas","B27001_028",27,17
"941","48033","Borden County, Texas","B27001_029",0,15
"942","48033","Borden County, Texas","B27001_030",396,95
"943","48033","Borden County, Texas","B27001_031",57,33
"944","48033","Borden County, Texas","B27001_032",57,33
"945","48033","Borden County, Texas","B27001_033",0,15
"946","48033","Borden County, Texas","B27001_034",96,52
"947","48033","Borden County, Texas","B27001_035",96,52
"948","48033","Borden County, Texas","B27001_036",0,15
"949","48033","Borden County, Texas","B27001_037",43,40
"950","48033","Borden County, Texas","B27001_038",43,40
"951","48033","Borden County, Texas","B27001_039",0,15
"952","48033","Borden County, Texas","B27001_040",44,28
"953","48033","Borden County, Texas","B27001_041",44,28
"954","48033","Borden County, Texas","B27001_042",0,15
"955","48033","Borden County, Texas","B27001_043",35,24
"956","48033","Borden County, Texas","B27001_044",32,23
"957","48033","Borden County, Texas","B27001_045",3,4
"958","48033","Borden County, Texas","B27001_046",40,19
"959","48033","Borden County, Texas","B27001_047",40,19
"960","48033","Borden County, Texas","B27001_048",0,15
"961","48033","Borden County, Texas","B27001_049",18,9
"962","48033","Borden County, Texas","B27001_050",18,9
"963","48033","Borden County, Texas","B27001_051",0,15
"964","48033","Borden County, Texas","B27001_052",41,23
"965","48033","Borden County, Texas","B27001_053",41,23
"966","48033","Borden County, Texas","B27001_054",0,15
"967","48033","Borden County, Texas","B27001_055",22,15
"968","48033","Borden County, Texas","B27001_056",22,15
"969","48033","Borden County, Texas","B27001_057",0,15
"970","48035","Bosque County, Texas","B27001_001",18337,41
"971","48035","Bosque County, Texas","B27001_002",9000,90
"972","48035","Bosque County, Texas","B27001_003",654,82
"973","48035","Bosque County, Texas","B27001_004",551,89
"974","48035","Bosque County, Texas","B27001_005",103,98
"975","48035","Bosque County, Texas","B27001_006",1355,103
"976","48035","Bosque County, Texas","B27001_007",1275,105
"977","48035","Bosque County, Texas","B27001_008",80,39
"978","48035","Bosque County, Texas","B27001_009",663,70
"979","48035","Bosque County, Texas","B27001_010",339,75
"980","48035","Bosque County, Texas","B27001_011",324,94
"981","48035","Bosque County, Texas","B27001_012",737,58
"982","48035","Bosque County, Texas","B27001_013",406,78
"983","48035","Bosque County, Texas","B27001_014",331,84
"984","48035","Bosque County, Texas","B27001_015",1069,90
"985","48035","Bosque County, Texas","B27001_016",680,114
"986","48035","Bosque County, Texas","B27001_017",389,109
"987","48035","Bosque County, Texas","B27001_018",986,73
"988","48035","Bosque County, Texas","B27001_019",777,88
"989","48035","Bosque County, Texas","B27001_020",209,60
"990","48035","Bosque County, Texas","B27001_021",1360,43
"991","48035","Bosque County, Texas","B27001_022",1005,102
"992","48035","Bosque County, Texas","B27001_023",355,99
"993","48035","Bosque County, Texas","B27001_024",1306,44
"994","48035","Bosque County, Texas","B27001_025",1300,45
"995","48035","Bosque County, Texas","B27001_026",6,6
"996","48035","Bosque County, Texas","B27001_027",870,57
"997","48035","Bosque County, Texas","B27001_028",867,57
"998","48035","Bosque County, Texas","B27001_029",3,5
"999","48035","Bosque County, Texas","B27001_030",9337,83
"1000","48035","Bosque County, Texas","B27001_031",489,51
"1001","48035","Bosque County, Texas","B27001_032",449,56
"1002","48035","Bosque County, Texas","B27001_033",40,27
"1003","48035","Bosque County, Texas","B27001_034",1564,89
"1004","48035","Bosque County, Texas","B27001_035",1228,122
"1005","48035","Bosque County, Texas","B27001_036",336,133
"1006","48035","Bosque County, Texas","B27001_037",613,56
"1007","48035","Bosque County, Texas","B27001_038",440,75
"1008","48035","Bosque County, Texas","B27001_039",173,79
"1009","48035","Bosque County, Texas","B27001_040",838,44
"1010","48035","Bosque County, Texas","B27001_041",704,71
"1011","48035","Bosque County, Texas","B27001_042",134,53
"1012","48035","Bosque County, Texas","B27001_043",1020,57
"1013","48035","Bosque County, Texas","B27001_044",789,117
"1014","48035","Bosque County, Texas","B27001_045",231,106
"1015","48035","Bosque County, Texas","B27001_046",1086,64
"1016","48035","Bosque County, Texas","B27001_047",831,98
"1017","48035","Bosque County, Texas","B27001_048",255,81
"1018","48035","Bosque County, Texas","B27001_049",1376,13
"1019","48035","Bosque County, Texas","B27001_050",1149,75
"1020","48035","Bosque County, Texas","B27001_051",227,74
"1021","48035","Bosque County, Texas","B27001_052",1377,52
"1022","48035","Bosque County, Texas","B27001_053",1357,57
"1023","48035","Bosque County, Texas","B27001_054",20,18
"1024","48035","Bosque County, Texas","B27001_055",974,59
"1025","48035","Bosque County, Texas","B27001_056",968,59
"1026","48035","Bosque County, Texas","B27001_057",6,10
"1027","48037","Bowie County, Texas","B27001_001",86531,110
"1028","48037","Bowie County, Texas","B27001_002",41158,184
"1029","48037","Bowie County, Texas","B27001_003",3264,228
"1030","48037","Bowie County, Texas","B27001_004",3042,270
"1031","48037","Bowie County, Texas","B27001_005",222,102
"1032","48037","Bowie County, Texas","B27001_006",8460,307
"1033","48037","Bowie County, Texas","B27001_007",7606,363
"1034","48037","Bowie County, Texas","B27001_008",854,329
"1035","48037","Bowie County, Texas","B27001_009",3820,291
"1036","48037","Bowie County, Texas","B27001_010",2817,357
"1037","48037","Bowie County, Texas","B27001_011",1003,309
"1038","48037","Bowie County, Texas","B27001_012",5068,308
"1039","48037","Bowie County, Texas","B27001_013",3749,387
"1040","48037","Bowie County, Texas","B27001_014",1319,356
"1041","48037","Bowie County, Texas","B27001_015",4523,251
"1042","48037","Bowie County, Texas","B27001_016",3619,323
"1043","48037","Bowie County, Texas","B27001_017",904,255
"1044","48037","Bowie County, Texas","B27001_018",4502,207
"1045","48037","Bowie County, Texas","B27001_019",3722,295
"1046","48037","Bowie County, Texas","B27001_020",780,248
"1047","48037","Bowie County, Texas","B27001_021",4831,215
"1048","48037","Bowie County, Texas","B27001_022",4111,300
"1049","48037","Bowie County, Texas","B27001_023",720,230
"1050","48037","Bowie County, Texas","B27001_024",4125,150
"1051","48037","Bowie County, Texas","B27001_025",4104,152
"1052","48037","Bowie County, Texas","B27001_026",21,22
"1053","48037","Bowie County, Texas","B27001_027",2565,136
"1054","48037","Bowie County, Texas","B27001_028",2518,158
"1055","48037","Bowie County, Texas","B27001_029",47,67
"1056","48037","Bowie County, Texas","B27001_030",45373,160
"1057","48037","Bowie County, Texas","B27001_031",3180,178
"1058","48037","Bowie County, Texas","B27001_032",2987,214
"1059","48037","Bowie County, Texas","B27001_033",193,141
"1060","48037","Bowie County, Texas","B27001_034",7807,193
"1061","48037","Bowie County, Texas","B27001_035",7010,325
"1062","48037","Bowie County, Texas","B27001_036",797,292
"1063","48037","Bowie County, Texas","B27001_037",3696,251
"1064","48037","Bowie County, Texas","B27001_038",2595,287
"1065","48037","Bowie County, Texas","B27001_039",1101,221
"1066","48037","Bowie County, Texas","B27001_040",5251,228
"1067","48037","Bowie County, Texas","B27001_041",4206,326
"1068","48037","Bowie County, Texas","B27001_042",1045,260
"1069","48037","Bowie County, Texas","B27001_043",5742,111
"1070","48037","Bowie County, Texas","B27001_044",4557,307
"1071","48037","Bowie County, Texas","B27001_045",1185,275
"1072","48037","Bowie County, Texas","B27001_046",5333,39
"1073","48037","Bowie County, Texas","B27001_047",4491,228
"1074","48037","Bowie County, Texas","B27001_048",842,228
"1075","48037","Bowie County, Texas","B27001_049",5548,100
"1076","48037","Bowie County, Texas","B27001_050",5076,176
"1077","48037","Bowie County, Texas","B27001_051",472,154
"1078","48037","Bowie County, Texas","B27001_052",5057,105
"1079","48037","Bowie County, Texas","B27001_053",5009,105
"1080","48037","Bowie County, Texas","B27001_054",48,74
"1081","48037","Bowie County, Texas","B27001_055",3759,122
"1082","48037","Bowie County, Texas","B27001_056",3749,123
"1083","48037","Bowie County, Texas","B27001_057",10,19
"1084","48039","Brazoria County, Texas","B27001_001",378252,406
"1085","48039","Brazoria County, Texas","B27001_002",185050,467
"1086","48039","Brazoria County, Texas","B27001_003",15692,623
"1087","48039","Brazoria County, Texas","B27001_004",14882,643
"1088","48039","Brazoria County, Texas","B27001_005",810,291
"1089","48039","Brazoria County, Texas","B27001_006",38452,636
"1090","48039","Brazoria County, Texas","B27001_007",34934,945
"1091","48039","Brazoria County, Texas","B27001_008",3518,605
"1092","48039","Brazoria County, Texas","B27001_009",15462,665
"1093","48039","Brazoria County, Texas","B27001_010",11440,738
"1094","48039","Brazoria County, Texas","B27001_011",4022,590
"1095","48039","Brazoria County, Texas","B27001_012",20975,550
"1096","48039","Brazoria County, Texas","B27001_013",15924,745
"1097","48039","Brazoria County, Texas","B27001_014",5051,638
"1098","48039","Brazoria County, Texas","B27001_015",27582,330
"1099","48039","Brazoria County, Texas","B27001_016",22661,827
"1100","48039","Brazoria County, Texas","B27001_017",4921,810
"1101","48039","Brazoria County, Texas","B27001_018",23881,449
"1102","48039","Brazoria County, Texas","B27001_019",20780,590
"1103","48039","Brazoria County, Texas","B27001_020",3101,497
"1104","48039","Brazoria County, Texas","B27001_021",20625,312
"1105","48039","Brazoria County, Texas","B27001_022",17409,645
"1106","48039","Brazoria County, Texas","B27001_023",3216,622
"1107","48039","Brazoria County, Texas","B27001_024",14738,188
"1108","48039","Brazoria County, Texas","B27001_025",14502,228
"1109","48039","Brazoria County, Texas","B27001_026",236,116
"1110","48039","Brazoria County, Texas","B27001_027",7643,147
"1111","48039","Brazoria County, Texas","B27001_028",7640,147
"1112","48039","Brazoria County, Texas","B27001_029",3,5
"1113","48039","Brazoria County, Texas","B27001_030",193202,183
"1114","48039","Brazoria County, Texas","B27001_031",14598,548
"1115","48039","Brazoria County, Texas","B27001_032",13728,588
"1116","48039","Brazoria County, Texas","B27001_033",870,348
"1117","48039","Brazoria County, Texas","B27001_034",36870,670
"1118","48039","Brazoria County, Texas","B27001_035",33786,792
"1119","48039","Brazoria County, Texas","B27001_036",3084,627
"1120","48039","Brazoria County, Texas","B27001_037",14821,624
"1121","48039","Brazoria County, Texas","B27001_038",11759,705
"1122","48039","Brazoria County, Texas","B27001_039",3062,522
"1123","48039","Brazoria County, Texas","B27001_040",23771,448
"1124","48039","Brazoria County, Texas","B27001_041",19007,782
"1125","48039","Brazoria County, Texas","B27001_042",4764,693
"1126","48039","Brazoria County, Texas","B27001_043",29496,66
"1127","48039","Brazoria County, Texas","B27001_044",25026,655
"1128","48039","Brazoria County, Texas","B27001_045",4470,645
"1129","48039","Brazoria County, Texas","B27001_046",25184,57
"1130","48039","Brazoria County, Texas","B27001_047",21419,483
"1131","48039","Brazoria County, Texas","B27001_048",3765,474
"1132","48039","Brazoria County, Texas","B27001_049",21997,71
"1133","48039","Brazoria County, Texas","B27001_050",19041,446
"1134","48039","Brazoria County, Texas","B27001_051",2956,445
"1135","48039","Brazoria County, Texas","B27001_052",16180,86
"1136","48039","Brazoria County, Texas","B27001_053",15953,148
"1137","48039","Brazoria County, Texas","B27001_054",227,118
"1138","48039","Brazoria County, Texas","B27001_055",10285,122
"1139","48039","Brazoria County, Texas","B27001_056",10244,126
"1140","48039","Brazoria County, Texas","B27001_057",41,31
"1141","48041","Brazos County, Texas","B27001_001",238575,202
"1142","48041","Brazos County, Texas","B27001_002",119800,303
"1143","48041","Brazos County, Texas","B27001_003",8721,418
"1144","48041","Brazos County, Texas","B27001_004",8323,475
"1145","48041","Brazos County, Texas","B27001_005",398,190
"1146","48041","Brazos County, Texas","B27001_006",19894,687
"1147","48041","Brazos County, Texas","B27001_007",18459,695
"1148","48041","Brazos County, Texas","B27001_008",1435,312
"1149","48041","Brazos County, Texas","B27001_009",31844,658
"1150","48041","Brazos County, Texas","B27001_010",27573,826
"1151","48041","Brazos County, Texas","B27001_011",4271,559
"1152","48041","Brazos County, Texas","B27001_012",14902,505
"1153","48041","Brazos County, Texas","B27001_013",12251,580
"1154","48041","Brazos County, Texas","B27001_014",2651,417
"1155","48041","Brazos County, Texas","B27001_015",13806,151
"1156","48041","Brazos County, Texas","B27001_016",10587,497
"1157","48041","Brazos County, Texas","B27001_017",3219,480
"1158","48041","Brazos County, Texas","B27001_018",10415,91
"1159","48041","Brazos County, Texas","B27001_019",8190,287
"1160","48041","Brazos County, Texas","B27001_020",2225,280
"1161","48041","Brazos County, Texas","B27001_021",9281,100
"1162","48041","Brazos County, Texas","B27001_022",8046,263
"1163","48041","Brazos County, Texas","B27001_023",1235,238
"1164","48041","Brazos County, Texas","B27001_024",7052,113
"1165","48041","Brazos County, Texas","B27001_025",6993,115
"1166","48041","Brazos County, Texas","B27001_026",59,56
"1167","48041","Brazos County, Texas","B27001_027",3885,119
"1168","48041","Brazos County, Texas","B27001_028",3850,124
"1169","48041","Brazos County, Texas","B27001_029",35,39
"1170","48041","Brazos County, Texas","B27001_030",118775,295
"1171","48041","Brazos County, Texas","B27001_031",8132,368
"1172","48041","Brazos County, Texas","B27001_032",7628,426
"1173","48041","Brazos County, Texas","B27001_033",504,212
"1174","48041","Brazos County, Texas","B27001_034",19747,494
"1175","48041","Brazos County, Texas","B27001_035",17878,619
"1176","48041","Brazos County, Texas","B27001_036",1869,438
"1177","48041","Brazos County, Texas","B27001_037",29146,622
"1178","48041","Brazos County, Texas","B27001_038",25891,728
"1179","48041","Brazos County, Texas","B27001_039",3255,447
"1180","48041","Brazos County, Texas","B27001_040",14246,482
"1181","48041","Brazos County, Texas","B27001_041",12319,569
"1182","48041","Brazos County, Texas","B27001_042",1927,333
"1183","48041","Brazos County, Texas","B27001_043",13561,102
"1184","48041","Brazos County, Texas","B27001_044",10725,414
"1185","48041","Brazos County, Texas","B27001_045",2836,426
"1186","48041","Brazos County, Texas","B27001_046",10752,69
"1187","48041","Brazos County, Texas","B27001_047",8778,356
"1188","48041","Brazos County, Texas","B27001_048",1974,339
"1189","48041","Brazos County, Texas","B27001_049",10017,62
"1190","48041","Brazos County, Texas","B27001_050",8941,241
"1191","48041","Brazos County, Texas","B27001_051",1076,236
"1192","48041","Brazos County, Texas","B27001_052",7869,122
"1193","48041","Brazos County, Texas","B27001_053",7807,131
"1194","48041","Brazos County, Texas","B27001_054",62,63
"1195","48041","Brazos County, Texas","B27001_055",5305,110
"1196","48041","Brazos County, Texas","B27001_056",5209,148
"1197","48041","Brazos County, Texas","B27001_057",96,78
"1198","48043","Brewster County, Texas","B27001_001",9441,4
"1199","48043","Brewster County, Texas","B27001_002",4709,153
"1200","48043","Brewster County, Texas","B27001_003",193,118
"1201","48043","Brewster County, Texas","B27001_004",133,100
"1202","48043","Brewster County, Texas","B27001_005",60,101
"1203","48043","Brewster County, Texas","B27001_006",571,155
"1204","48043","Brewster County, Texas","B27001_007",426,163
"1205","48043","Brewster County, Texas","B27001_008",145,122
"1206","48043","Brewster County, Texas","B27001_009",344,154
"1207","48043","Brewster County, Texas","B27001_010",337,156
"1208","48043","Brewster County, Texas","B27001_011",7,19
"1209","48043","Brewster County, Texas","B27001_012",944,245
"1210","48043","Brewster County, Texas","B27001_013",639,251
"1211","48043","Brewster County, Texas","B27001_014",305,123
"1212","48043","Brewster County, Texas","B27001_015",495,178
"1213","48043","Brewster County, Texas","B27001_016",485,180
"1214","48043","Brewster County, Texas","B27001_017",10,13
"1215","48043","Brewster County, Texas","B27001_018",458,147
"1216","48043","Brewster County, Texas","B27001_019",388,154
"1217","48043","Brewster County, Texas","B27001_020",70,68
"1218","48043","Brewster County, Texas","B27001_021",512,84
"1219","48043","Brewster County, Texas","B27001_022",353,124
"1220","48043","Brewster County, Texas","B27001_023",159,116
"1221","48043","Brewster County, Texas","B27001_024",746,111
"1222","48043","Brewster County, Texas","B27001_025",746,111
"1223","48043","Brewster County, Texas","B27001_026",0,21
"1224","48043","Brewster County, Texas","B27001_027",446,76
"1225","48043","Brewster County, Texas","B27001_028",446,76
"1226","48043","Brewster County, Texas","B27001_029",0,21
"1227","48043","Brewster County, Texas","B27001_030",4732,153
"1228","48043","Brewster County, Texas","B27001_031",211,108
"1229","48043","Brewster County, Texas","B27001_032",202,109
"1230","48043","Brewster County, Texas","B27001_033",9,16
"1231","48043","Brewster County, Texas","B27001_034",699,136
"1232","48043","Brewster County, Texas","B27001_035",561,154
"1233","48043","Brewster County, Texas","B27001_036",138,121
"1234","48043","Brewster County, Texas","B27001_037",477,123
"1235","48043","Brewster County, Texas","B27001_038",309,160
"1236","48043","Brewster County, Texas","B27001_039",168,115
"1237","48043","Brewster County, Texas","B27001_040",634,175
"1238","48043","Brewster County, Texas","B27001_041",510,138
"1239","48043","Brewster County, Texas","B27001_042",124,121
"1240","48043","Brewster County, Texas","B27001_043",533,137
"1241","48043","Brewster County, Texas","B27001_044",485,148
"1242","48043","Brewster County, Texas","B27001_045",48,54
"1243","48043","Brewster County, Texas","B27001_046",436,142
"1244","48043","Brewster County, Texas","B27001_047",349,144
"1245","48043","Brewster County, Texas","B27001_048",87,98
"1246","48043","Brewster County, Texas","B27001_049",432,61
"1247","48043","Brewster County, Texas","B27001_050",311,82
"1248","48043","Brewster County, Texas","B27001_051",121,83
"1249","48043","Brewster County, Texas","B27001_052",857,125
"1250","48043","Brewster County, Texas","B27001_053",857,125
"1251","48043","Brewster County, Texas","B27001_054",0,21
"1252","48043","Brewster County, Texas","B27001_055",453,106
"1253","48043","Brewster County, Texas","B27001_056",453,106
"1254","48043","Brewster County, Texas","B27001_057",0,21
"1255","48045","Briscoe County, Texas","B27001_001",1301,136
"1256","48045","Briscoe County, Texas","B27001_002",680,83
"1257","48045","Briscoe County, Texas","B27001_003",73,35
"1258","48045","Briscoe County, Texas","B27001_004",49,25
"1259","48045","Briscoe County, Texas","B27001_005",24,25
"1260","48045","Briscoe County, Texas","B27001_006",72,28
"1261","48045","Briscoe County, Texas","B27001_007",69,27
"1262","48045","Briscoe County, Texas","B27001_008",3,3
"1263","48045","Briscoe County, Texas","B27001_009",25,18
"1264","48045","Briscoe County, Texas","B27001_010",19,16
"1265","48045","Briscoe County, Texas","B27001_011",6,9
"1266","48045","Briscoe County, Texas","B27001_012",96,45
"1267","48045","Briscoe County, Texas","B27001_013",89,47
"1268","48045","Briscoe County, Texas","B27001_014",7,7
"1269","48045","Briscoe County, Texas","B27001_015",66,37
"1270","48045","Briscoe County, Texas","B27001_016",31,14
"1271","48045","Briscoe County, Texas","B27001_017",35,36
"1272","48045","Briscoe County, Texas","B27001_018",103,41
"1273","48045","Briscoe County, Texas","B27001_019",41,19
"1274","48045","Briscoe County, Texas","B27001_020",62,45
"1275","48045","Briscoe County, Texas","B27001_021",105,34
"1276","48045","Briscoe County, Texas","B27001_022",105,34
"1277","48045","Briscoe County, Texas","B27001_023",0,15
"1278","48045","Briscoe County, Texas","B27001_024",77,25
"1279","48045","Briscoe County, Texas","B27001_025",77,25
"1280","48045","Briscoe County, Texas","B27001_026",0,15
"1281","48045","Briscoe County, Texas","B27001_027",63,26
"1282","48045","Briscoe County, Texas","B27001_028",63,26
"1283","48045","Briscoe County, Texas","B27001_029",0,15
"1284","48045","Briscoe County, Texas","B27001_030",621,81
"1285","48045","Briscoe County, Texas","B27001_031",41,26
"1286","48045","Briscoe County, Texas","B27001_032",41,26
"1287","48045","Briscoe County, Texas","B27001_033",0,15
"1288","48045","Briscoe County, Texas","B27001_034",84,25
"1289","48045","Briscoe County, Texas","B27001_035",70,23
"1290","48045","Briscoe County, Texas","B27001_036",14,14
"1291","48045","Briscoe County, Texas","B27001_037",33,19
"1292","48045","Briscoe County, Texas","B27001_038",32,19
"1293","48045","Briscoe County, Texas","B27001_039",1,2
"1294","48045","Briscoe County, Texas","B27001_040",43,22
"1295","48045","Briscoe County, Texas","B27001_041",13,9
"1296","48045","Briscoe County, Texas","B27001_042",30,17
"1297","48045","Briscoe County, Texas","B27001_043",91,37
"1298","48045","Briscoe County, Texas","B27001_044",56,22
"1299","48045","Briscoe County, Texas","B27001_045",35,36
"1300","48045","Briscoe County, Texas","B27001_046",62,28
"1301","48045","Briscoe County, Texas","B27001_047",34,18
"1302","48045","Briscoe County, Texas","B27001_048",28,22
"1303","48045","Briscoe County, Texas","B27001_049",87,32
"1304","48045","Briscoe County, Texas","B27001_050",74,29
"1305","48045","Briscoe County, Texas","B27001_051",13,11
"1306","48045","Briscoe County, Texas","B27001_052",105,40
"1307","48045","Briscoe County, Texas","B27001_053",105,40
"1308","48045","Briscoe County, Texas","B27001_054",0,15
"1309","48045","Briscoe County, Texas","B27001_055",75,29
"1310","48045","Briscoe County, Texas","B27001_056",75,29
"1311","48045","Briscoe County, Texas","B27001_057",0,15
"1312","48047","Brooks County, Texas","B27001_001",6624,129
"1313","48047","Brooks County, Texas","B27001_002",3244,243
"1314","48047","Brooks County, Texas","B27001_003",124,120
"1315","48047","Brooks County, Texas","B27001_004",113,120
"1316","48047","Brooks County, Texas","B27001_005",11,20
"1317","48047","Brooks County, Texas","B27001_006",647,183
"1318","48047","Brooks County, Texas","B27001_007",625,183
"1319","48047","Brooks County, Texas","B27001_008",22,31
"1320","48047","Brooks County, Texas","B27001_009",446,281
"1321","48047","Brooks County, Texas","B27001_010",92,106
"1322","48047","Brooks County, Texas","B27001_011",354,233
"1323","48047","Brooks County, Texas","B27001_012",241,112
"1324","48047","Brooks County, Texas","B27001_013",187,110
"1325","48047","Brooks County, Texas","B27001_014",54,67
"1326","48047","Brooks County, Texas","B27001_015",463,195
"1327","48047","Brooks County, Texas","B27001_016",78,89
"1328","48047","Brooks County, Texas","B27001_017",385,249
"1329","48047","Brooks County, Texas","B27001_018",325,122
"1330","48047","Brooks County, Texas","B27001_019",264,116
"1331","48047","Brooks County, Texas","B27001_020",61,106
"1332","48047","Brooks County, Texas","B27001_021",407,124
"1333","48047","Brooks County, Texas","B27001_022",407,124
"1334","48047","Brooks County, Texas","B27001_023",0,21
"1335","48047","Brooks County, Texas","B27001_024",303,101
"1336","48047","Brooks County, Texas","B27001_025",303,101
"1337","48047","Brooks County, Texas","B27001_026",0,21
"1338","48047","Brooks County, Texas","B27001_027",288,84
"1339","48047","Brooks County, Texas","B27001_028",288,84
"1340","48047","Brooks County, Texas","B27001_029",0,21
"1341","48047","Brooks County, Texas","B27001_030",3380,232
"1342","48047","Brooks County, Texas","B27001_031",126,110
"1343","48047","Brooks County, Texas","B27001_032",116,110
"1344","48047","Brooks County, Texas","B27001_033",10,15
"1345","48047","Brooks County, Texas","B27001_034",561,181
"1346","48047","Brooks County, Texas","B27001_035",480,227
"1347","48047","Brooks County, Texas","B27001_036",81,127
"1348","48047","Brooks County, Texas","B27001_037",134,123
"1349","48047","Brooks County, Texas","B27001_038",134,123
"1350","48047","Brooks County, Texas","B27001_039",0,21
"1351","48047","Brooks County, Texas","B27001_040",446,145
"1352","48047","Brooks County, Texas","B27001_041",193,151
"1353","48047","Brooks County, Texas","B27001_042",253,133
"1354","48047","Brooks County, Texas","B27001_043",415,159
"1355","48047","Brooks County, Texas","B27001_044",314,183
"1356","48047","Brooks County, Texas","B27001_045",101,73
"1357","48047","Brooks County, Texas","B27001_046",393,120
"1358","48047","Brooks County, Texas","B27001_047",385,121
"1359","48047","Brooks County, Texas","B27001_048",8,14
"1360","48047","Brooks County, Texas","B27001_049",449,117
"1361","48047","Brooks County, Texas","B27001_050",373,115
"1362","48047","Brooks County, Texas","B27001_051",76,69
"1363","48047","Brooks County, Texas","B27001_052",470,113
"1364","48047","Brooks County, Texas","B27001_053",470,113
"1365","48047","Brooks County, Texas","B27001_054",0,21
"1366","48047","Brooks County, Texas","B27001_055",386,77
"1367","48047","Brooks County, Texas","B27001_056",386,77
"1368","48047","Brooks County, Texas","B27001_057",0,21
"1369","48049","Brown County, Texas","B27001_001",37270,57
"1370","48049","Brown County, Texas","B27001_002",18351,118
"1371","48049","Brown County, Texas","B27001_003",1099,89
"1372","48049","Brown County, Texas","B27001_004",1060,83
"1373","48049","Brown County, Texas","B27001_005",39,46
"1374","48049","Brown County, Texas","B27001_006",3048,132
"1375","48049","Brown County, Texas","B27001_007",2822,149
"1376","48049","Brown County, Texas","B27001_008",226,86
"1377","48049","Brown County, Texas","B27001_009",1762,151
"1378","48049","Brown County, Texas","B27001_010",1131,173
"1379","48049","Brown County, Texas","B27001_011",631,178
"1380","48049","Brown County, Texas","B27001_012",2001,127
"1381","48049","Brown County, Texas","B27001_013",1149,262
"1382","48049","Brown County, Texas","B27001_014",852,215
"1383","48049","Brown County, Texas","B27001_015",2314,100
"1384","48049","Brown County, Texas","B27001_016",1750,206
"1385","48049","Brown County, Texas","B27001_017",564,187
"1386","48049","Brown County, Texas","B27001_018",2151,79
"1387","48049","Brown County, Texas","B27001_019",1793,119
"1388","48049","Brown County, Texas","B27001_020",358,108
"1389","48049","Brown County, Texas","B27001_021",2533,74
"1390","48049","Brown County, Texas","B27001_022",2119,161
"1391","48049","Brown County, Texas","B27001_023",414,159
"1392","48049","Brown County, Texas","B27001_024",2088,67
"1393","48049","Brown County, Texas","B27001_025",2077,69
"1394","48049","Brown County, Texas","B27001_026",11,17
"1395","48049","Brown County, Texas","B27001_027",1355,100
"1396","48049","Brown County, Texas","B27001_028",1351,99
"1397","48049","Brown County, Texas","B27001_029",4,7
"1398","48049","Brown County, Texas","B27001_030",18919,114
"1399","48049","Brown County, Texas","B27001_031",1182,151
"1400","48049","Brown County, Texas","B27001_032",1081,167
"1401","48049","Brown County, Texas","B27001_033",101,86
"1402","48049","Brown County, Texas","B27001_034",2912,178
"1403","48049","Brown County, Texas","B27001_035",2610,213
"1404","48049","Brown County, Texas","B27001_036",302,140
"1405","48049","Brown County, Texas","B27001_037",1480,125
"1406","48049","Brown County, Texas","B27001_038",1017,147
"1407","48049","Brown County, Texas","B27001_039",463,124
"1408","48049","Brown County, Texas","B27001_040",1967,115
"1409","48049","Brown County, Texas","B27001_041",1373,195
"1410","48049","Brown County, Texas","B27001_042",594,153
"1411","48049","Brown County, Texas","B27001_043",2354,74
"1412","48049","Brown County, Texas","B27001_044",1921,163
"1413","48049","Brown County, Texas","B27001_045",433,141
"1414","48049","Brown County, Texas","B27001_046",2265,53
"1415","48049","Brown County, Texas","B27001_047",1856,110
"1416","48049","Brown County, Texas","B27001_048",409,102
"1417","48049","Brown County, Texas","B27001_049",2594,50
"1418","48049","Brown County, Texas","B27001_050",2230,133
"1419","48049","Brown County, Texas","B27001_051",364,123
"1420","48049","Brown County, Texas","B27001_052",2397,66
"1421","48049","Brown County, Texas","B27001_053",2397,66
"1422","48049","Brown County, Texas","B27001_054",0,31
"1423","48049","Brown County, Texas","B27001_055",1768,77
"1424","48049","Brown County, Texas","B27001_056",1767,76
"1425","48049","Brown County, Texas","B27001_057",1,4
"1426","48051","Burleson County, Texas","B27001_001",18659,45
"1427","48051","Burleson County, Texas","B27001_002",9061,195
"1428","48051","Burleson County, Texas","B27001_003",488,107
"1429","48051","Burleson County, Texas","B27001_004",434,105
"1430","48051","Burleson County, Texas","B27001_005",54,47
"1431","48051","Burleson County, Texas","B27001_006",1530,159
"1432","48051","Burleson County, Texas","B27001_007",1387,192
"1433","48051","Burleson County, Texas","B27001_008",143,94
"1434","48051","Burleson County, Texas","B27001_009",738,61
"1435","48051","Burleson County, Texas","B27001_010",308,83
"1436","48051","Burleson County, Texas","B27001_011",430,68
"1437","48051","Burleson County, Texas","B27001_012",676,161
"1438","48051","Burleson County, Texas","B27001_013",538,130
"1439","48051","Burleson County, Texas","B27001_014",138,109
"1440","48051","Burleson County, Texas","B27001_015",1314,163
"1441","48051","Burleson County, Texas","B27001_016",929,103
"1442","48051","Burleson County, Texas","B27001_017",385,141
"1443","48051","Burleson County, Texas","B27001_018",1067,161
"1444","48051","Burleson County, Texas","B27001_019",896,160
"1445","48051","Burleson County, Texas","B27001_020",171,80
"1446","48051","Burleson County, Texas","B27001_021",1341,52
"1447","48051","Burleson County, Texas","B27001_022",1218,110
"1448","48051","Burleson County, Texas","B27001_023",123,100
"1449","48051","Burleson County, Texas","B27001_024",1279,68
"1450","48051","Burleson County, Texas","B27001_025",1255,74
"1451","48051","Burleson County, Texas","B27001_026",24,36
"1452","48051","Burleson County, Texas","B27001_027",628,62
"1453","48051","Burleson County, Texas","B27001_028",628,62
"1454","48051","Burleson County, Texas","B27001_029",0,23
"1455","48051","Burleson County, Texas","B27001_030",9598,193
"1456","48051","Burleson County, Texas","B27001_031",696,129
"1457","48051","Burleson County, Texas","B27001_032",696,129
"1458","48051","Burleson County, Texas","B27001_033",0,23
"1459","48051","Burleson County, Texas","B27001_034",1545,179
"1460","48051","Burleson County, Texas","B27001_035",1464,178
"1461","48051","Burleson County, Texas","B27001_036",81,60
"1462","48051","Burleson County, Texas","B27001_037",529,173
"1463","48051","Burleson County, Texas","B27001_038",484,172
"1464","48051","Burleson County, Texas","B27001_039",45,44
"1465","48051","Burleson County, Texas","B27001_040",1031,207
"1466","48051","Burleson County, Texas","B27001_041",925,211
"1467","48051","Burleson County, Texas","B27001_042",106,84
"1468","48051","Burleson County, Texas","B27001_043",1118,161
"1469","48051","Burleson County, Texas","B27001_044",888,173
"1470","48051","Burleson County, Texas","B27001_045",230,80
"1471","48051","Burleson County, Texas","B27001_046",1214,150
"1472","48051","Burleson County, Texas","B27001_047",962,128
"1473","48051","Burleson County, Texas","B27001_048",252,111
"1474","48051","Burleson County, Texas","B27001_049",1317,103
"1475","48051","Burleson County, Texas","B27001_050",1182,111
"1476","48051","Burleson County, Texas","B27001_051",135,75
"1477","48051","Burleson County, Texas","B27001_052",1404,98
"1478","48051","Burleson County, Texas","B27001_053",1373,101
"1479","48051","Burleson County, Texas","B27001_054",31,35
"1480","48051","Burleson County, Texas","B27001_055",744,53
"1481","48051","Burleson County, Texas","B27001_056",744,53
"1482","48051","Burleson County, Texas","B27001_057",0,23
"1483","48053","Burnet County, Texas","B27001_001",51693,39
"1484","48053","Burnet County, Texas","B27001_002",25586,223
"1485","48053","Burnet County, Texas","B27001_003",1730,142
"1486","48053","Burnet County, Texas","B27001_004",1284,197
"1487","48053","Burnet County, Texas","B27001_005",446,165
"1488","48053","Burnet County, Texas","B27001_006",4081,144
"1489","48053","Burnet County, Texas","B27001_007",3290,232
"1490","48053","Burnet County, Texas","B27001_008",791,200
"1491","48053","Burnet County, Texas","B27001_009",1885,190
"1492","48053","Burnet County, Texas","B27001_010",1070,184
"1493","48053","Burnet County, Texas","B27001_011",815,206
"1494","48053","Burnet County, Texas","B27001_012",2550,168
"1495","48053","Burnet County, Texas","B27001_013",1580,236
"1496","48053","Burnet County, Texas","B27001_014",970,194
"1497","48053","Burnet County, Texas","B27001_015",2865,102
"1498","48053","Burnet County, Texas","B27001_016",1910,214
"1499","48053","Burnet County, Texas","B27001_017",955,199
"1500","48053","Burnet County, Texas","B27001_018",2866,76
"1501","48053","Burnet County, Texas","B27001_019",2270,174
"1502","48053","Burnet County, Texas","B27001_020",596,162
"1503","48053","Burnet County, Texas","B27001_021",3792,67
"1504","48053","Burnet County, Texas","B27001_022",3275,151
"1505","48053","Burnet County, Texas","B27001_023",517,153
"1506","48053","Burnet County, Texas","B27001_024",3534,56
"1507","48053","Burnet County, Texas","B27001_025",3501,67
"1508","48053","Burnet County, Texas","B27001_026",33,36
"1509","48053","Burnet County, Texas","B27001_027",2283,68
"1510","48053","Burnet County, Texas","B27001_028",2278,66
"1511","48053","Burnet County, Texas","B27001_029",5,9
"1512","48053","Burnet County, Texas","B27001_030",26107,228
"1513","48053","Burnet County, Texas","B27001_031",1454,93
"1514","48053","Burnet County, Texas","B27001_032",1284,140
"1515","48053","Burnet County, Texas","B27001_033",170,112
"1516","48053","Burnet County, Texas","B27001_034",4065,136
"1517","48053","Burnet County, Texas","B27001_035",3215,334
"1518","48053","Burnet County, Texas","B27001_036",850,307
"1519","48053","Burnet County, Texas","B27001_037",1837,158
"1520","48053","Burnet County, Texas","B27001_038",1252,213
"1521","48053","Burnet County, Texas","B27001_039",585,161
"1522","48053","Burnet County, Texas","B27001_040",2525,155
"1523","48053","Burnet County, Texas","B27001_041",1566,227
"1524","48053","Burnet County, Texas","B27001_042",959,262
"1525","48053","Burnet County, Texas","B27001_043",3194,119
"1526","48053","Burnet County, Texas","B27001_044",2354,198
"1527","48053","Burnet County, Texas","B27001_045",840,181
"1528","48053","Burnet County, Texas","B27001_046",2641,87
"1529","48053","Burnet County, Texas","B27001_047",1918,175
"1530","48053","Burnet County, Texas","B27001_048",723,165
"1531","48053","Burnet County, Texas","B27001_049",3993,58
"1532","48053","Burnet County, Texas","B27001_050",3498,161
"1533","48053","Burnet County, Texas","B27001_051",495,151
"1534","48053","Burnet County, Texas","B27001_052",3827,60
"1535","48053","Burnet County, Texas","B27001_053",3810,63
"1536","48053","Burnet County, Texas","B27001_054",17,22
"1537","48053","Burnet County, Texas","B27001_055",2571,67
"1538","48053","Burnet County, Texas","B27001_056",2555,69
"1539","48053","Burnet County, Texas","B27001_057",16,20
"1540","48055","Caldwell County, Texas","B27001_001",46674,175
"1541","48055","Caldwell County, Texas","B27001_002",23387,324
"1542","48055","Caldwell County, Texas","B27001_003",1918,185
"1543","48055","Caldwell County, Texas","B27001_004",1669,221
"1544","48055","Caldwell County, Texas","B27001_005",249,128
"1545","48055","Caldwell County, Texas","B27001_006",4076,226
"1546","48055","Caldwell County, Texas","B27001_007",3241,370
"1547","48055","Caldwell County, Texas","B27001_008",835,269
"1548","48055","Caldwell County, Texas","B27001_009",2484,247
"1549","48055","Caldwell County, Texas","B27001_010",1303,223
"1550","48055","Caldwell County, Texas","B27001_011",1181,227
"1551","48055","Caldwell County, Texas","B27001_012",2906,153
"1552","48055","Caldwell County, Texas","B27001_013",2112,269
"1553","48055","Caldwell County, Texas","B27001_014",794,241
"1554","48055","Caldwell County, Texas","B27001_015",3228,126
"1555","48055","Caldwell County, Texas","B27001_016",1973,237
"1556","48055","Caldwell County, Texas","B27001_017",1255,251
"1557","48055","Caldwell County, Texas","B27001_018",2723,155
"1558","48055","Caldwell County, Texas","B27001_019",2133,266
"1559","48055","Caldwell County, Texas","B27001_020",590,221
"1560","48055","Caldwell County, Texas","B27001_021",2844,96
"1561","48055","Caldwell County, Texas","B27001_022",2195,238
"1562","48055","Caldwell County, Texas","B27001_023",649,229
"1563","48055","Caldwell County, Texas","B27001_024",2114,118
"1564","48055","Caldwell County, Texas","B27001_025",2102,121
"1565","48055","Caldwell County, Texas","B27001_026",12,20
"1566","48055","Caldwell County, Texas","B27001_027",1094,47
"1567","48055","Caldwell County, Texas","B27001_028",1094,47
"1568","48055","Caldwell County, Texas","B27001_029",0,31
"1569","48055","Caldwell County, Texas","B27001_030",23287,323
"1570","48055","Caldwell County, Texas","B27001_031",1740,141
"1571","48055","Caldwell County, Texas","B27001_032",1630,172
"1572","48055","Caldwell County, Texas","B27001_033",110,110
"1573","48055","Caldwell County, Texas","B27001_034",3994,161
"1574","48055","Caldwell County, Texas","B27001_035",3142,274
"1575","48055","Caldwell County, Texas","B27001_036",852,276
"1576","48055","Caldwell County, Texas","B27001_037",2374,212
"1577","48055","Caldwell County, Texas","B27001_038",1724,256
"1578","48055","Caldwell County, Texas","B27001_039",650,187
"1579","48055","Caldwell County, Texas","B27001_040",2542,182
"1580","48055","Caldwell County, Texas","B27001_041",1929,224
"1581","48055","Caldwell County, Texas","B27001_042",613,196
"1582","48055","Caldwell County, Texas","B27001_043",3049,180
"1583","48055","Caldwell County, Texas","B27001_044",2059,290
"1584","48055","Caldwell County, Texas","B27001_045",990,261
"1585","48055","Caldwell County, Texas","B27001_046",2830,106
"1586","48055","Caldwell County, Texas","B27001_047",2126,231
"1587","48055","Caldwell County, Texas","B27001_048",704,206
"1588","48055","Caldwell County, Texas","B27001_049",2865,101
"1589","48055","Caldwell County, Texas","B27001_050",2416,162
"1590","48055","Caldwell County, Texas","B27001_051",449,164
"1591","48055","Caldwell County, Texas","B27001_052",2243,80
"1592","48055","Caldwell County, Texas","B27001_053",2180,125
"1593","48055","Caldwell County, Texas","B27001_054",63,87
"1594","48055","Caldwell County, Texas","B27001_055",1650,124
"1595","48055","Caldwell County, Texas","B27001_056",1636,124
"1596","48055","Caldwell County, Texas","B27001_057",14,25
"1597","48057","Calhoun County, Texas","B27001_001",19618,7
"1598","48057","Calhoun County, Texas","B27001_002",10208,208
"1599","48057","Calhoun County, Texas","B27001_003",793,200
"1600","48057","Calhoun County, Texas","B27001_004",793,200
"1601","48057","Calhoun County, Texas","B27001_005",0,23
"1602","48057","Calhoun County, Texas","B27001_006",1691,160
"1603","48057","Calhoun County, Texas","B27001_007",1462,290
"1604","48057","Calhoun County, Texas","B27001_008",229,236
"1605","48057","Calhoun County, Texas","B27001_009",1043,157
"1606","48057","Calhoun County, Texas","B27001_010",899,211
"1607","48057","Calhoun County, Texas","B27001_011",144,129
"1608","48057","Calhoun County, Texas","B27001_012",1036,256
"1609","48057","Calhoun County, Texas","B27001_013",996,254
"1610","48057","Calhoun County, Texas","B27001_014",40,58
"1611","48057","Calhoun County, Texas","B27001_015",1144,251
"1612","48057","Calhoun County, Texas","B27001_016",914,210
"1613","48057","Calhoun County, Texas","B27001_017",230,206
"1614","48057","Calhoun County, Texas","B27001_018",1234,236
"1615","48057","Calhoun County, Texas","B27001_019",1111,240
"1616","48057","Calhoun County, Texas","B27001_020",123,96
"1617","48057","Calhoun County, Texas","B27001_021",1391,53
"1618","48057","Calhoun County, Texas","B27001_022",1335,74
"1619","48057","Calhoun County, Texas","B27001_023",56,52
"1620","48057","Calhoun County, Texas","B27001_024",1051,120
"1621","48057","Calhoun County, Texas","B27001_025",1045,118
"1622","48057","Calhoun County, Texas","B27001_026",6,11
"1623","48057","Calhoun County, Texas","B27001_027",825,85
"1624","48057","Calhoun County, Texas","B27001_028",825,85
"1625","48057","Calhoun County, Texas","B27001_029",0,23
"1626","48057","Calhoun County, Texas","B27001_030",9410,208
"1627","48057","Calhoun County, Texas","B27001_031",531,192
"1628","48057","Calhoun County, Texas","B27001_032",531,192
"1629","48057","Calhoun County, Texas","B27001_033",0,23
"1630","48057","Calhoun County, Texas","B27001_034",1541,169
"1631","48057","Calhoun County, Texas","B27001_035",1501,161
"1632","48057","Calhoun County, Texas","B27001_036",40,58
"1633","48057","Calhoun County, Texas","B27001_037",850,145
"1634","48057","Calhoun County, Texas","B27001_038",826,143
"1635","48057","Calhoun County, Texas","B27001_039",24,35
"1636","48057","Calhoun County, Texas","B27001_040",942,275
"1637","48057","Calhoun County, Texas","B27001_041",896,276
"1638","48057","Calhoun County, Texas","B27001_042",46,52
"1639","48057","Calhoun County, Texas","B27001_043",1039,226
"1640","48057","Calhoun County, Texas","B27001_044",878,215
"1641","48057","Calhoun County, Texas","B27001_045",161,130
"1642","48057","Calhoun County, Texas","B27001_046",1281,281
"1643","48057","Calhoun County, Texas","B27001_047",1156,266
"1644","48057","Calhoun County, Texas","B27001_048",125,89
"1645","48057","Calhoun County, Texas","B27001_049",1434,142
"1646","48057","Calhoun County, Texas","B27001_050",1318,161
"1647","48057","Calhoun County, Texas","B27001_051",116,93
"1648","48057","Calhoun County, Texas","B27001_052",947,181
"1649","48057","Calhoun County, Texas","B27001_053",947,181
"1650","48057","Calhoun County, Texas","B27001_054",0,23
"1651","48057","Calhoun County, Texas","B27001_055",845,180
"1652","48057","Calhoun County, Texas","B27001_056",845,180
"1653","48057","Calhoun County, Texas","B27001_057",0,23
"1654","48059","Callahan County, Texas","B27001_001",14129,26
"1655","48059","Callahan County, Texas","B27001_002",6945,95
"1656","48059","Callahan County, Texas","B27001_003",453,92
"1657","48059","Callahan County, Texas","B27001_004",447,94
"1658","48059","Callahan County, Texas","B27001_005",6,9
"1659","48059","Callahan County, Texas","B27001_006",1284,156
"1660","48059","Callahan County, Texas","B27001_007",1145,153
"1661","48059","Callahan County, Texas","B27001_008",139,62
"1662","48059","Callahan County, Texas","B27001_009",433,123
"1663","48059","Callahan County, Texas","B27001_010",322,136
"1664","48059","Callahan County, Texas","B27001_011",111,68
"1665","48059","Callahan County, Texas","B27001_012",698,70
"1666","48059","Callahan County, Texas","B27001_013",517,90
"1667","48059","Callahan County, Texas","B27001_014",181,73
"1668","48059","Callahan County, Texas","B27001_015",790,61
"1669","48059","Callahan County, Texas","B27001_016",524,114
"1670","48059","Callahan County, Texas","B27001_017",266,118
"1671","48059","Callahan County, Texas","B27001_018",906,61
"1672","48059","Callahan County, Texas","B27001_019",767,83
"1673","48059","Callahan County, Texas","B27001_020",139,57
"1674","48059","Callahan County, Texas","B27001_021",993,64
"1675","48059","Callahan County, Texas","B27001_022",820,107
"1676","48059","Callahan County, Texas","B27001_023",173,117
"1677","48059","Callahan County, Texas","B27001_024",871,62
"1678","48059","Callahan County, Texas","B27001_025",806,48
"1679","48059","Callahan County, Texas","B27001_026",65,72
"1680","48059","Callahan County, Texas","B27001_027",517,29
"1681","48059","Callahan County, Texas","B27001_028",517,29
"1682","48059","Callahan County, Texas","B27001_029",0,23
"1683","48059","Callahan County, Texas","B27001_030",7184,95
"1684","48059","Callahan County, Texas","B27001_031",565,128
"1685","48059","Callahan County, Texas","B27001_032",556,124
"1686","48059","Callahan County, Texas","B27001_033",9,17
"1687","48059","Callahan County, Texas","B27001_034",1219,186
"1688","48059","Callahan County, Texas","B27001_035",1137,187
"1689","48059","Callahan County, Texas","B27001_036",82,56
"1690","48059","Callahan County, Texas","B27001_037",461,154
"1691","48059","Callahan County, Texas","B27001_038",235,89
"1692","48059","Callahan County, Texas","B27001_039",226,143
"1693","48059","Callahan County, Texas","B27001_040",523,88
"1694","48059","Callahan County, Texas","B27001_041",229,113
"1695","48059","Callahan County, Texas","B27001_042",294,90
"1696","48059","Callahan County, Texas","B27001_043",925,95
"1697","48059","Callahan County, Texas","B27001_044",707,132
"1698","48059","Callahan County, Texas","B27001_045",218,93
"1699","48059","Callahan County, Texas","B27001_046",791,49
"1700","48059","Callahan County, Texas","B27001_047",610,80
"1701","48059","Callahan County, Texas","B27001_048",181,84
"1702","48059","Callahan County, Texas","B27001_049",1176,71
"1703","48059","Callahan County, Texas","B27001_050",1079,101
"1704","48059","Callahan County, Texas","B27001_051",97,63
"1705","48059","Callahan County, Texas","B27001_052",917,39
"1706","48059","Callahan County, Texas","B27001_053",917,39
"1707","48059","Callahan County, Texas","B27001_054",0,23
"1708","48059","Callahan County, Texas","B27001_055",607,33
"1709","48059","Callahan County, Texas","B27001_056",607,33
"1710","48059","Callahan County, Texas","B27001_057",0,23
"1711","48061","Cameron County, Texas","B27001_001",423712,134
"1712","48061","Cameron County, Texas","B27001_002",208881,224
"1713","48061","Cameron County, Texas","B27001_003",18411,488
"1714","48061","Cameron County, Texas","B27001_004",17177,557
"1715","48061","Cameron County, Texas","B27001_005",1234,303
"1716","48061","Cameron County, Texas","B27001_006",47655,555
"1717","48061","Cameron County, Texas","B27001_007",39640,1116
"1718","48061","Cameron County, Texas","B27001_008",8015,1059
"1719","48061","Cameron County, Texas","B27001_009",22996,591
"1720","48061","Cameron County, Texas","B27001_010",13097,902
"1721","48061","Cameron County, Texas","B27001_011",9899,842
"1722","48061","Cameron County, Texas","B27001_012",25696,488
"1723","48061","Cameron County, Texas","B27001_013",13493,705
"1724","48061","Cameron County, Texas","B27001_014",12203,708
"1725","48061","Cameron County, Texas","B27001_015",24794,184
"1726","48061","Cameron County, Texas","B27001_016",15048,713
"1727","48061","Cameron County, Texas","B27001_017",9746,720
"1728","48061","Cameron County, Texas","B27001_018",23536,101
"1729","48061","Cameron County, Texas","B27001_019",16014,659
"1730","48061","Cameron County, Texas","B27001_020",7522,653
"1731","48061","Cameron County, Texas","B27001_021",19212,99
"1732","48061","Cameron County, Texas","B27001_022",13421,535
"1733","48061","Cameron County, Texas","B27001_023",5791,524
"1734","48061","Cameron County, Texas","B27001_024",15536,101
"1735","48061","Cameron County, Texas","B27001_025",14936,215
"1736","48061","Cameron County, Texas","B27001_026",600,212
"1737","48061","Cameron County, Texas","B27001_027",11045,104
"1738","48061","Cameron County, Texas","B27001_028",10789,179
"1739","48061","Cameron County, Texas","B27001_029",256,144
"1740","48061","Cameron County, Texas","B27001_030",214831,201
"1741","48061","Cameron County, Texas","B27001_031",17719,509
"1742","48061","Cameron County, Texas","B27001_032",16210,596
"1743","48061","Cameron County, Texas","B27001_033",1509,378
"1744","48061","Cameron County, Texas","B27001_034",45419,643
"1745","48061","Cameron County, Texas","B27001_035",37470,1182
"1746","48061","Cameron County, Texas","B27001_036",7949,967
"1747","48061","Cameron County, Texas","B27001_037",21330,595
"1748","48061","Cameron County, Texas","B27001_038",12645,940
"1749","48061","Cameron County, Texas","B27001_039",8685,756
"1750","48061","Cameron County, Texas","B27001_040",24061,523
"1751","48061","Cameron County, Texas","B27001_041",15113,683
"1752","48061","Cameron County, Texas","B27001_042",8948,730
"1753","48061","Cameron County, Texas","B27001_043",24844,171
"1754","48061","Cameron County, Texas","B27001_044",14266,650
"1755","48061","Cameron County, Texas","B27001_045",10578,646
"1756","48061","Cameron County, Texas","B27001_046",25728,149
"1757","48061","Cameron County, Texas","B27001_047",16985,594
"1758","48061","Cameron County, Texas","B27001_048",8743,581
"1759","48061","Cameron County, Texas","B27001_049",22298,97
"1760","48061","Cameron County, Texas","B27001_050",15577,545
"1761","48061","Cameron County, Texas","B27001_051",6721,550
"1762","48061","Cameron County, Texas","B27001_052",18791,104
"1763","48061","Cameron County, Texas","B27001_053",18301,208
"1764","48061","Cameron County, Texas","B27001_054",490,170
"1765","48061","Cameron County, Texas","B27001_055",14641,138
"1766","48061","Cameron County, Texas","B27001_056",14135,278
"1767","48061","Cameron County, Texas","B27001_057",506,261
"1768","48063","Camp County, Texas","B27001_001",12727,9
"1769","48063","Camp County, Texas","B27001_002",6309,171
"1770","48063","Camp County, Texas","B27001_003",598,177
"1771","48063","Camp County, Texas","B27001_004",588,177
"1772","48063","Camp County, Texas","B27001_005",10,17
"1773","48063","Camp County, Texas","B27001_006",1405,189
"1774","48063","Camp County, Texas","B27001_007",1181,159
"1775","48063","Camp County, Texas","B27001_008",224,126
"1776","48063","Camp County, Texas","B27001_009",325,125
"1777","48063","Camp County, Texas","B27001_010",210,101
"1778","48063","Camp County, Texas","B27001_011",115,75
"1779","48063","Camp County, Texas","B27001_012",589,147
"1780","48063","Camp County, Texas","B27001_013",298,108
"1781","48063","Camp County, Texas","B27001_014",291,119
"1782","48063","Camp County, Texas","B27001_015",866,165
"1783","48063","Camp County, Texas","B27001_016",538,136
"1784","48063","Camp County, Texas","B27001_017",328,134
"1785","48063","Camp County, Texas","B27001_018",568,120
"1786","48063","Camp County, Texas","B27001_019",412,69
"1787","48063","Camp County, Texas","B27001_020",156,92
"1788","48063","Camp County, Texas","B27001_021",825,119
"1789","48063","Camp County, Texas","B27001_022",537,116
"1790","48063","Camp County, Texas","B27001_023",288,127
"1791","48063","Camp County, Texas","B27001_024",730,73
"1792","48063","Camp County, Texas","B27001_025",716,75
"1793","48063","Camp County, Texas","B27001_026",14,24
"1794","48063","Camp County, Texas","B27001_027",403,43
"1795","48063","Camp County, Texas","B27001_028",403,43
"1796","48063","Camp County, Texas","B27001_029",0,23
"1797","48063","Camp County, Texas","B27001_030",6418,171
"1798","48063","Camp County, Texas","B27001_031",454,196
"1799","48063","Camp County, Texas","B27001_032",352,134
"1800","48063","Camp County, Texas","B27001_033",102,153
"1801","48063","Camp County, Texas","B27001_034",1215,159
"1802","48063","Camp County, Texas","B27001_035",1062,171
"1803","48063","Camp County, Texas","B27001_036",153,87
"1804","48063","Camp County, Texas","B27001_037",556,124
"1805","48063","Camp County, Texas","B27001_038",476,115
"1806","48063","Camp County, Texas","B27001_039",80,67
"1807","48063","Camp County, Texas","B27001_040",648,158
"1808","48063","Camp County, Texas","B27001_041",499,136
"1809","48063","Camp County, Texas","B27001_042",149,88
"1810","48063","Camp County, Texas","B27001_043",843,143
"1811","48063","Camp County, Texas","B27001_044",612,138
"1812","48063","Camp County, Texas","B27001_045",231,89
"1813","48063","Camp County, Texas","B27001_046",704,89
"1814","48063","Camp County, Texas","B27001_047",565,92
"1815","48063","Camp County, Texas","B27001_048",139,54
"1816","48063","Camp County, Texas","B27001_049",771,79
"1817","48063","Camp County, Texas","B27001_050",634,67
"1818","48063","Camp County, Texas","B27001_051",137,80
"1819","48063","Camp County, Texas","B27001_052",739,95
"1820","48063","Camp County, Texas","B27001_053",674,60
"1821","48063","Camp County, Texas","B27001_054",65,76
"1822","48063","Camp County, Texas","B27001_055",488,66
"1823","48063","Camp County, Texas","B27001_056",488,66
"1824","48063","Camp County, Texas","B27001_057",0,23
"1825","48065","Carson County, Texas","B27001_001",5754,48
"1826","48065","Carson County, Texas","B27001_002",2827,97
"1827","48065","Carson County, Texas","B27001_003",162,32
"1828","48065","Carson County, Texas","B27001_004",154,29
"1829","48065","Carson County, Texas","B27001_005",8,12
"1830","48065","Carson County, Texas","B27001_006",542,55
"1831","48065","Carson County, Texas","B27001_007",475,83
"1832","48065","Carson County, Texas","B27001_008",67,57
"1833","48065","Carson County, Texas","B27001_009",297,99
"1834","48065","Carson County, Texas","B27001_010",246,92
"1835","48065","Carson County, Texas","B27001_011",51,34
"1836","48065","Carson County, Texas","B27001_012",212,31
"1837","48065","Carson County, Texas","B27001_013",120,52
"1838","48065","Carson County, Texas","B27001_014",92,53
"1839","48065","Carson County, Texas","B27001_015",343,16
"1840","48065","Carson County, Texas","B27001_016",234,63
"1841","48065","Carson County, Texas","B27001_017",109,59
"1842","48065","Carson County, Texas","B27001_018",318,4
"1843","48065","Carson County, Texas","B27001_019",252,44
"1844","48065","Carson County, Texas","B27001_020",66,45
"1845","48065","Carson County, Texas","B27001_021",355,41
"1846","48065","Carson County, Texas","B27001_022",304,55
"1847","48065","Carson County, Texas","B27001_023",51,42
"1848","48065","Carson County, Texas","B27001_024",402,43
"1849","48065","Carson County, Texas","B27001_025",402,43
"1850","48065","Carson County, Texas","B27001_026",0,21
"1851","48065","Carson County, Texas","B27001_027",196,8
"1852","48065","Carson County, Texas","B27001_028",185,12
"1853","48065","Carson County, Texas","B27001_029",11,14
"1854","48065","Carson County, Texas","B27001_030",2927,87
"1855","48065","Carson County, Texas","B27001_031",161,51
"1856","48065","Carson County, Texas","B27001_032",159,51
"1857","48065","Carson County, Texas","B27001_033",2,3
"1858","48065","Carson County, Texas","B27001_034",647,78
"1859","48065","Carson County, Texas","B27001_035",620,82
"1860","48065","Carson County, Texas","B27001_036",27,22
"1861","48065","Carson County, Texas","B27001_037",170,74
"1862","48065","Carson County, Texas","B27001_038",146,68
"1863","48065","Carson County, Texas","B27001_039",24,33
"1864","48065","Carson County, Texas","B27001_040",262,78
"1865","48065","Carson County, Texas","B27001_041",259,78
"1866","48065","Carson County, Texas","B27001_042",3,5
"1867","48065","Carson County, Texas","B27001_043",409,53
"1868","48065","Carson County, Texas","B27001_044",322,51
"1869","48065","Carson County, Texas","B27001_045",87,54
"1870","48065","Carson County, Texas","B27001_046",333,50
"1871","48065","Carson County, Texas","B27001_047",314,54
"1872","48065","Carson County, Texas","B27001_048",19,17
"1873","48065","Carson County, Texas","B27001_049",348,41
"1874","48065","Carson County, Texas","B27001_050",293,59
"1875","48065","Carson County, Texas","B27001_051",55,40
"1876","48065","Carson County, Texas","B27001_052",332,7
"1877","48065","Carson County, Texas","B27001_053",332,7
"1878","48065","Carson County, Texas","B27001_054",0,21
"1879","48065","Carson County, Texas","B27001_055",265,34
"1880","48065","Carson County, Texas","B27001_056",265,34
"1881","48065","Carson County, Texas","B27001_057",0,21
"1882","48067","Cass County, Texas","B27001_001",28225,7
"1883","48067","Cass County, Texas","B27001_002",13740,228
"1884","48067","Cass County, Texas","B27001_003",958,156
"1885","48067","Cass County, Texas","B27001_004",912,162
"1886","48067","Cass County, Texas","B27001_005",46,36
"1887","48067","Cass County, Texas","B27001_006",2657,197
"1888","48067","Cass County, Texas","B27001_007",2347,211
"1889","48067","Cass County, Texas","B27001_008",310,185
"1890","48067","Cass County, Texas","B27001_009",967,122
"1891","48067","Cass County, Texas","B27001_010",675,164
"1892","48067","Cass County, Texas","B27001_011",292,103
"1893","48067","Cass County, Texas","B27001_012",1335,179
"1894","48067","Cass County, Texas","B27001_013",930,171
"1895","48067","Cass County, Texas","B27001_014",405,130
"1896","48067","Cass County, Texas","B27001_015",1403,103
"1897","48067","Cass County, Texas","B27001_016",1093,122
"1898","48067","Cass County, Texas","B27001_017",310,134
"1899","48067","Cass County, Texas","B27001_018",1633,126
"1900","48067","Cass County, Texas","B27001_019",1284,181
"1901","48067","Cass County, Texas","B27001_020",349,132
"1902","48067","Cass County, Texas","B27001_021",1963,42
"1903","48067","Cass County, Texas","B27001_022",1621,129
"1904","48067","Cass County, Texas","B27001_023",342,130
"1905","48067","Cass County, Texas","B27001_024",1693,46
"1906","48067","Cass County, Texas","B27001_025",1693,46
"1907","48067","Cass County, Texas","B27001_026",0,28
"1908","48067","Cass County, Texas","B27001_027",1131,48
"1909","48067","Cass County, Texas","B27001_028",1131,48
"1910","48067","Cass County, Texas","B27001_029",0,28
"1911","48067","Cass County, Texas","B27001_030",14485,228
"1912","48067","Cass County, Texas","B27001_031",1096,195
"1913","48067","Cass County, Texas","B27001_032",1083,196
"1914","48067","Cass County, Texas","B27001_033",13,22
"1915","48067","Cass County, Texas","B27001_034",2115,147
"1916","48067","Cass County, Texas","B27001_035",1905,164
"1917","48067","Cass County, Texas","B27001_036",210,128
"1918","48067","Cass County, Texas","B27001_037",995,196
"1919","48067","Cass County, Texas","B27001_038",744,176
"1920","48067","Cass County, Texas","B27001_039",251,117
"1921","48067","Cass County, Texas","B27001_040",1404,190
"1922","48067","Cass County, Texas","B27001_041",937,194
"1923","48067","Cass County, Texas","B27001_042",467,144
"1924","48067","Cass County, Texas","B27001_043",1522,109
"1925","48067","Cass County, Texas","B27001_044",1266,130
"1926","48067","Cass County, Texas","B27001_045",256,101
"1927","48067","Cass County, Texas","B27001_046",1920,87
"1928","48067","Cass County, Texas","B27001_047",1539,135
"1929","48067","Cass County, Texas","B27001_048",381,122
"1930","48067","Cass County, Texas","B27001_049",2063,54
"1931","48067","Cass County, Texas","B27001_050",1886,86
"1932","48067","Cass County, Texas","B27001_051",177,76
"1933","48067","Cass County, Texas","B27001_052",1861,46
"1934","48067","Cass County, Texas","B27001_053",1847,50
"1935","48067","Cass County, Texas","B27001_054",14,19
"1936","48067","Cass County, Texas","B27001_055",1509,47
"1937","48067","Cass County, Texas","B27001_056",1509,47
"1938","48067","Cass County, Texas","B27001_057",0,28
"1939","48069","Castro County, Texas","B27001_001",7232,31
"1940","48069","Castro County, Texas","B27001_002",3677,123
"1941","48069","Castro County, Texas","B27001_003",361,91
"1942","48069","Castro County, Texas","B27001_004",343,90
"1943","48069","Castro County, Texas","B27001_005",18,24
"1944","48069","Castro County, Texas","B27001_006",886,106
"1945","48069","Castro County, Texas","B27001_007",687,97
"1946","48069","Castro County, Texas","B27001_008",199,114
"1947","48069","Castro County, Texas","B27001_009",229,95
"1948","48069","Castro County, Texas","B27001_010",164,79
"1949","48069","Castro County, Texas","B27001_011",65,53
"1950","48069","Castro County, Texas","B27001_012",385,95
"1951","48069","Castro County, Texas","B27001_013",182,66
"1952","48069","Castro County, Texas","B27001_014",203,80
"1953","48069","Castro County, Texas","B27001_015",379,128
"1954","48069","Castro County, Texas","B27001_016",111,52
"1955","48069","Castro County, Texas","B27001_017",268,141
"1956","48069","Castro County, Texas","B27001_018",440,137
"1957","48069","Castro County, Texas","B27001_019",327,106
"1958","48069","Castro County, Texas","B27001_020",113,69
"1959","48069","Castro County, Texas","B27001_021",389,14
"1960","48069","Castro County, Texas","B27001_022",339,40
"1961","48069","Castro County, Texas","B27001_023",50,38
"1962","48069","Castro County, Texas","B27001_024",364,68
"1963","48069","Castro County, Texas","B27001_025",364,68
"1964","48069","Castro County, Texas","B27001_026",0,21
"1965","48069","Castro County, Texas","B27001_027",244,63
"1966","48069","Castro County, Texas","B27001_028",244,63
"1967","48069","Castro County, Texas","B27001_029",0,21
"1968","48069","Castro County, Texas","B27001_030",3555,124
"1969","48069","Castro County, Texas","B27001_031",404,93
"1970","48069","Castro County, Texas","B27001_032",390,95
"1971","48069","Castro County, Texas","B27001_033",14,19
"1972","48069","Castro County, Texas","B27001_034",691,115
"1973","48069","Castro County, Texas","B27001_035",560,134
"1974","48069","Castro County, Texas","B27001_036",131,74
"1975","48069","Castro County, Texas","B27001_037",359,85
"1976","48069","Castro County, Texas","B27001_038",230,80
"1977","48069","Castro County, Texas","B27001_039",129,66
"1978","48069","Castro County, Texas","B27001_040",383,144
"1979","48069","Castro County, Texas","B27001_041",273,128
"1980","48069","Castro County, Texas","B27001_042",110,58
"1981","48069","Castro County, Texas","B27001_043",418,79
"1982","48069","Castro County, Texas","B27001_044",262,71
"1983","48069","Castro County, Texas","B27001_045",156,84
"1984","48069","Castro County, Texas","B27001_046",334,26
"1985","48069","Castro County, Texas","B27001_047",201,58
"1986","48069","Castro County, Texas","B27001_048",133,53
"1987","48069","Castro County, Texas","B27001_049",249,58
"1988","48069","Castro County, Texas","B27001_050",243,62
"1989","48069","Castro County, Texas","B27001_051",6,16
"1990","48069","Castro County, Texas","B27001_052",460,105
"1991","48069","Castro County, Texas","B27001_053",460,105
"1992","48069","Castro County, Texas","B27001_054",0,21
"1993","48069","Castro County, Texas","B27001_055",257,78
"1994","48069","Castro County, Texas","B27001_056",250,74
"1995","48069","Castro County, Texas","B27001_057",7,11
"1996","48071","Chambers County, Texas","B27001_001",51091,130
"1997","48071","Chambers County, Texas","B27001_002",25573,187
"1998","48071","Chambers County, Texas","B27001_003",2080,171
"1999","48071","Chambers County, Texas","B27001_004",1988,167
"2000","48071","Chambers County, Texas","B27001_005",92,96
"2001","48071","Chambers County, Texas","B27001_006",5391,225
"2002","48071","Chambers County, Texas","B27001_007",4697,444
"2003","48071","Chambers County, Texas","B27001_008",694,412
"2004","48071","Chambers County, Texas","B27001_009",2698,196
"2005","48071","Chambers County, Texas","B27001_010",1841,243
"2006","48071","Chambers County, Texas","B27001_011",857,196
"2007","48071","Chambers County, Texas","B27001_012",2779,207
"2008","48071","Chambers County, Texas","B27001_013",1868,274
"2009","48071","Chambers County, Texas","B27001_014",911,252
"2010","48071","Chambers County, Texas","B27001_015",3650,176
"2011","48071","Chambers County, Texas","B27001_016",2760,377
"2012","48071","Chambers County, Texas","B27001_017",890,361
"2013","48071","Chambers County, Texas","B27001_018",3279,202
"2014","48071","Chambers County, Texas","B27001_019",2734,335
"2015","48071","Chambers County, Texas","B27001_020",545,253
"2016","48071","Chambers County, Texas","B27001_021",2730,60
"2017","48071","Chambers County, Texas","B27001_022",2479,164
"2018","48071","Chambers County, Texas","B27001_023",251,166
"2019","48071","Chambers County, Texas","B27001_024",2057,142
"2020","48071","Chambers County, Texas","B27001_025",2057,142
"2021","48071","Chambers County, Texas","B27001_026",0,35
"2022","48071","Chambers County, Texas","B27001_027",909,94
"2023","48071","Chambers County, Texas","B27001_028",909,94
"2024","48071","Chambers County, Texas","B27001_029",0,35
"2025","48071","Chambers County, Texas","B27001_030",25518,157
"2026","48071","Chambers County, Texas","B27001_031",2171,268
"2027","48071","Chambers County, Texas","B27001_032",2081,283
"2028","48071","Chambers County, Texas","B27001_033",90,82
"2029","48071","Chambers County, Texas","B27001_034",4994,304
"2030","48071","Chambers County, Texas","B27001_035",4592,400
"2031","48071","Chambers County, Texas","B27001_036",402,218
"2032","48071","Chambers County, Texas","B27001_037",2457,292
"2033","48071","Chambers County, Texas","B27001_038",1420,311
"2034","48071","Chambers County, Texas","B27001_039",1037,267
"2035","48071","Chambers County, Texas","B27001_040",3079,371
"2036","48071","Chambers County, Texas","B27001_041",2491,387
"2037","48071","Chambers County, Texas","B27001_042",588,292
"2038","48071","Chambers County, Texas","B27001_043",3936,389
"2039","48071","Chambers County, Texas","B27001_044",3028,462
"2040","48071","Chambers County, Texas","B27001_045",908,349
"2041","48071","Chambers County, Texas","B27001_046",3214,274
"2042","48071","Chambers County, Texas","B27001_047",2707,414
"2043","48071","Chambers County, Texas","B27001_048",507,285
"2044","48071","Chambers County, Texas","B27001_049",2297,146
"2045","48071","Chambers County, Texas","B27001_050",2059,147
"2046","48071","Chambers County, Texas","B27001_051",238,149
"2047","48071","Chambers County, Texas","B27001_052",2186,244
"2048","48071","Chambers County, Texas","B27001_053",2048,231
"2049","48071","Chambers County, Texas","B27001_054",138,160
"2050","48071","Chambers County, Texas","B27001_055",1184,169
"2051","48071","Chambers County, Texas","B27001_056",1184,169
"2052","48071","Chambers County, Texas","B27001_057",0,35
"2053","48073","Cherokee County, Texas","B27001_001",48845,111
"2054","48073","Cherokee County, Texas","B27001_002",23836,206
"2055","48073","Cherokee County, Texas","B27001_003",1952,112
"2056","48073","Cherokee County, Texas","B27001_004",1826,144
"2057","48073","Cherokee County, Texas","B27001_005",126,97
"2058","48073","Cherokee County, Texas","B27001_006",4975,161
"2059","48073","Cherokee County, Texas","B27001_007",4110,260
"2060","48073","Cherokee County, Texas","B27001_008",865,247
"2061","48073","Cherokee County, Texas","B27001_009",2117,198
"2062","48073","Cherokee County, Texas","B27001_010",1145,222
"2063","48073","Cherokee County, Texas","B27001_011",972,203
"2064","48073","Cherokee County, Texas","B27001_012",2394,224
"2065","48073","Cherokee County, Texas","B27001_013",1640,263
"2066","48073","Cherokee County, Texas","B27001_014",754,214
"2067","48073","Cherokee County, Texas","B27001_015",2685,200
"2068","48073","Cherokee County, Texas","B27001_016",1657,244
"2069","48073","Cherokee County, Texas","B27001_017",1028,208
"2070","48073","Cherokee County, Texas","B27001_018",2876,181
"2071","48073","Cherokee County, Texas","B27001_019",1995,236
"2072","48073","Cherokee County, Texas","B27001_020",881,221
"2073","48073","Cherokee County, Texas","B27001_021",2714,142
"2074","48073","Cherokee County, Texas","B27001_022",2200,189
"2075","48073","Cherokee County, Texas","B27001_023",514,161
"2076","48073","Cherokee County, Texas","B27001_024",2475,127
"2077","48073","Cherokee County, Texas","B27001_025",2417,135
"2078","48073","Cherokee County, Texas","B27001_026",58,43
"2079","48073","Cherokee County, Texas","B27001_027",1648,87
"2080","48073","Cherokee County, Texas","B27001_028",1643,88
"2081","48073","Cherokee County, Texas","B27001_029",5,6
"2082","48073","Cherokee County, Texas","B27001_030",25009,174
"2083","48073","Cherokee County, Texas","B27001_031",1972,124
"2084","48073","Cherokee County, Texas","B27001_032",1860,154
"2085","48073","Cherokee County, Texas","B27001_033",112,85
"2086","48073","Cherokee County, Texas","B27001_034",4621,154
"2087","48073","Cherokee County, Texas","B27001_035",4016,280
"2088","48073","Cherokee County, Texas","B27001_036",605,269
"2089","48073","Cherokee County, Texas","B27001_037",1844,155
"2090","48073","Cherokee County, Texas","B27001_038",1233,196
"2091","48073","Cherokee County, Texas","B27001_039",611,170
"2092","48073","Cherokee County, Texas","B27001_040",2820,154
"2093","48073","Cherokee County, Texas","B27001_041",1808,305
"2094","48073","Cherokee County, Texas","B27001_042",1012,334
"2095","48073","Cherokee County, Texas","B27001_043",3151,111
"2096","48073","Cherokee County, Texas","B27001_044",2178,239
"2097","48073","Cherokee County, Texas","B27001_045",973,209
"2098","48073","Cherokee County, Texas","B27001_046",2711,72
"2099","48073","Cherokee County, Texas","B27001_047",2057,211
"2100","48073","Cherokee County, Texas","B27001_048",654,213
"2101","48073","Cherokee County, Texas","B27001_049",2997,80
"2102","48073","Cherokee County, Texas","B27001_050",2457,196
"2103","48073","Cherokee County, Texas","B27001_051",540,185
"2104","48073","Cherokee County, Texas","B27001_052",2940,78
"2105","48073","Cherokee County, Texas","B27001_053",2922,79
"2106","48073","Cherokee County, Texas","B27001_054",18,22
"2107","48073","Cherokee County, Texas","B27001_055",1953,105
"2108","48073","Cherokee County, Texas","B27001_056",1942,103
"2109","48073","Cherokee County, Texas","B27001_057",11,18
"2110","48075","Childress County, Texas","B27001_001",5311,39
"2111","48075","Childress County, Texas","B27001_002",2619,239
"2112","48075","Childress County, Texas","B27001_003",176,92
"2113","48075","Childress County, Texas","B27001_004",176,92
"2114","48075","Childress County, Texas","B27001_005",0,21
"2115","48075","Childress County, Texas","B27001_006",464,136
"2116","48075","Childress County, Texas","B27001_007",414,125
"2117","48075","Childress County, Texas","B27001_008",50,62
"2118","48075","Childress County, Texas","B27001_009",241,188
"2119","48075","Childress County, Texas","B27001_010",233,188
"2120","48075","Childress County, Texas","B27001_011",8,15
"2121","48075","Childress County, Texas","B27001_012",435,277
"2122","48075","Childress County, Texas","B27001_013",163,97
"2123","48075","Childress County, Texas","B27001_014",272,261
"2124","48075","Childress County, Texas","B27001_015",206,89
"2125","48075","Childress County, Texas","B27001_016",143,71
"2126","48075","Childress County, Texas","B27001_017",63,62
"2127","48075","Childress County, Texas","B27001_018",283,103
"2128","48075","Childress County, Texas","B27001_019",283,103
"2129","48075","Childress County, Texas","B27001_020",0,21
"2130","48075","Childress County, Texas","B27001_021",289,89
"2131","48075","Childress County, Texas","B27001_022",289,89
"2132","48075","Childress County, Texas","B27001_023",0,21
"2133","48075","Childress County, Texas","B27001_024",232,71
"2134","48075","Childress County, Texas","B27001_025",232,71
"2135","48075","Childress County, Texas","B27001_026",0,21
"2136","48075","Childress County, Texas","B27001_027",293,93
"2137","48075","Childress County, Texas","B27001_028",293,93
"2138","48075","Childress County, Texas","B27001_029",0,21
"2139","48075","Childress County, Texas","B27001_030",2692,245
"2140","48075","Childress County, Texas","B27001_031",195,89
"2141","48075","Childress County, Texas","B27001_032",195,89
"2142","48075","Childress County, Texas","B27001_033",0,21
"2143","48075","Childress County, Texas","B27001_034",593,156
"2144","48075","Childress County, Texas","B27001_035",466,168
"2145","48075","Childress County, Texas","B27001_036",127,123
"2146","48075","Childress County, Texas","B27001_037",187,102
"2147","48075","Childress County, Texas","B27001_038",157,87
"2148","48075","Childress County, Texas","B27001_039",30,59
"2149","48075","Childress County, Texas","B27001_040",200,76
"2150","48075","Childress County, Texas","B27001_041",87,71
"2151","48075","Childress County, Texas","B27001_042",113,89
"2152","48075","Childress County, Texas","B27001_043",437,123
"2153","48075","Childress County, Texas","B27001_044",350,163
"2154","48075","Childress County, Texas","B27001_045",87,89
"2155","48075","Childress County, Texas","B27001_046",339,86
"2156","48075","Childress County, Texas","B27001_047",339,86
"2157","48075","Childress County, Texas","B27001_048",0,21
"2158","48075","Childress County, Texas","B27001_049",189,89
"2159","48075","Childress County, Texas","B27001_050",185,88
"2160","48075","Childress County, Texas","B27001_051",4,8
"2161","48075","Childress County, Texas","B27001_052",363,104
"2162","48075","Childress County, Texas","B27001_053",363,104
"2163","48075","Childress County, Texas","B27001_054",0,21
"2164","48075","Childress County, Texas","B27001_055",189,83
"2165","48075","Childress County, Texas","B27001_056",189,83
"2166","48075","Childress County, Texas","B27001_057",0,21
"2167","48077","Clay County, Texas","B27001_001",10404,49
"2168","48077","Clay County, Texas","B27001_002",5191,76
"2169","48077","Clay County, Texas","B27001_003",261,31
"2170","48077","Clay County, Texas","B27001_004",214,35
"2171","48077","Clay County, Texas","B27001_005",47,33
"2172","48077","Clay County, Texas","B27001_006",832,43
"2173","48077","Clay County, Texas","B27001_007",569,93
"2174","48077","Clay County, Texas","B27001_008",263,91
"2175","48077","Clay County, Texas","B27001_009",340,43
"2176","48077","Clay County, Texas","B27001_010",198,70
"2177","48077","Clay County, Texas","B27001_011",142,61
"2178","48077","Clay County, Texas","B27001_012",500,32
"2179","48077","Clay County, Texas","B27001_013",223,69
"2180","48077","Clay County, Texas","B27001_014",277,70
"2181","48077","Clay County, Texas","B27001_015",612,54
"2182","48077","Clay County, Texas","B27001_016",394,74
"2183","48077","Clay County, Texas","B27001_017",218,79
"2184","48077","Clay County, Texas","B27001_018",602,51
"2185","48077","Clay County, Texas","B27001_019",523,62
"2186","48077","Clay County, Texas","B27001_020",79,40
"2187","48077","Clay County, Texas","B27001_021",860,44
"2188","48077","Clay County, Texas","B27001_022",803,52
"2189","48077","Clay County, Texas","B27001_023",57,30
"2190","48077","Clay County, Texas","B27001_024",717,23
"2191","48077","Clay County, Texas","B27001_025",717,23
"2192","48077","Clay County, Texas","B27001_026",0,23
"2193","48077","Clay County, Texas","B27001_027",467,32
"2194","48077","Clay County, Texas","B27001_028",467,32
"2195","48077","Clay County, Texas","B27001_029",0,23
"2196","48077","Clay County, Texas","B27001_030",5213,63
"2197","48077","Clay County, Texas","B27001_031",282,51
"2198","48077","Clay County, Texas","B27001_032",233,92
"2199","48077","Clay County, Texas","B27001_033",49,62
"2200","48077","Clay County, Texas","B27001_034",710,55
"2201","48077","Clay County, Texas","B27001_035",593,70
"2202","48077","Clay County, Texas","B27001_036",117,46
"2203","48077","Clay County, Texas","B27001_037",384,62
"2204","48077","Clay County, Texas","B27001_038",312,59
"2205","48077","Clay County, Texas","B27001_039",72,36
"2206","48077","Clay County, Texas","B27001_040",475,60
"2207","48077","Clay County, Texas","B27001_041",236,74
"2208","48077","Clay County, Texas","B27001_042",239,73
"2209","48077","Clay County, Texas","B27001_043",550,32
"2210","48077","Clay County, Texas","B27001_044",401,70
"2211","48077","Clay County, Texas","B27001_045",149,61
"2212","48077","Clay County, Texas","B27001_046",649,56
"2213","48077","Clay County, Texas","B27001_047",628,58
"2214","48077","Clay County, Texas","B27001_048",21,14
"2215","48077","Clay County, Texas","B27001_049",939,70
"2216","48077","Clay County, Texas","B27001_050",845,77
"2217","48077","Clay County, Texas","B27001_051",94,35
"2218","48077","Clay County, Texas","B27001_052",750,36
"2219","48077","Clay County, Texas","B27001_053",742,33
"2220","48077","Clay County, Texas","B27001_054",8,12
"2221","48077","Clay County, Texas","B27001_055",474,34
"2222","48077","Clay County, Texas","B27001_056",472,34
"2223","48077","Clay County, Texas","B27001_057",2,5
"2224","48079","Cochran County, Texas","B27001_001",2442,30
"2225","48079","Cochran County, Texas","B27001_002",1225,55
"2226","48079","Cochran County, Texas","B27001_003",95,31
"2227","48079","Cochran County, Texas","B27001_004",85,29
"2228","48079","Cochran County, Texas","B27001_005",10,10
"2229","48079","Cochran County, Texas","B27001_006",227,34
"2230","48079","Cochran County, Texas","B27001_007",166,40
"2231","48079","Cochran County, Texas","B27001_008",61,38
"2232","48079","Cochran County, Texas","B27001_009",135,37
"2233","48079","Cochran County, Texas","B27001_010",77,35
"2234","48079","Cochran County, Texas","B27001_011",58,32
"2235","48079","Cochran County, Texas","B27001_012",92,44
"2236","48079","Cochran County, Texas","B27001_013",42,32
"2237","48079","Cochran County, Texas","B27001_014",50,27
"2238","48079","Cochran County, Texas","B27001_015",238,83
"2239","48079","Cochran County, Texas","B27001_016",99,58
"2240","48079","Cochran County, Texas","B27001_017",139,58
"2241","48079","Cochran County, Texas","B27001_018",116,49
"2242","48079","Cochran County, Texas","B27001_019",71,43
"2243","48079","Cochran County, Texas","B27001_020",45,28
"2244","48079","Cochran County, Texas","B27001_021",154,30
"2245","48079","Cochran County, Texas","B27001_022",100,35
"2246","48079","Cochran County, Texas","B27001_023",54,25
"2247","48079","Cochran County, Texas","B27001_024",102,25
"2248","48079","Cochran County, Texas","B27001_025",102,25
"2249","48079","Cochran County, Texas","B27001_026",0,15
"2250","48079","Cochran County, Texas","B27001_027",66,19
"2251","48079","Cochran County, Texas","B27001_028",66,19
"2252","48079","Cochran County, Texas","B27001_029",0,15
"2253","48079","Cochran County, Texas","B27001_030",1217,49
"2254","48079","Cochran County, Texas","B27001_031",123,33
"2255","48079","Cochran County, Texas","B27001_032",119,33
"2256","48079","Cochran County, Texas","B27001_033",4,5
"2257","48079","Cochran County, Texas","B27001_034",238,36
"2258","48079","Cochran County, Texas","B27001_035",194,42
"2259","48079","Cochran County, Texas","B27001_036",44,24
"2260","48079","Cochran County, Texas","B27001_037",89,30
"2261","48079","Cochran County, Texas","B27001_038",32,23
"2262","48079","Cochran County, Texas","B27001_039",57,25
"2263","48079","Cochran County, Texas","B27001_040",129,28
"2264","48079","Cochran County, Texas","B27001_041",91,21
"2265","48079","Cochran County, Texas","B27001_042",38,22
"2266","48079","Cochran County, Texas","B27001_043",173,41
"2267","48079","Cochran County, Texas","B27001_044",139,39
"2268","48079","Cochran County, Texas","B27001_045",34,20
"2269","48079","Cochran County, Texas","B27001_046",135,42
"2270","48079","Cochran County, Texas","B27001_047",99,32
"2271","48079","Cochran County, Texas","B27001_048",36,31
"2272","48079","Cochran County, Texas","B27001_049",135,10
"2273","48079","Cochran County, Texas","B27001_050",102,20
"2274","48079","Cochran County, Texas","B27001_051",33,18
"2275","48079","Cochran County, Texas","B27001_052",115,25
"2276","48079","Cochran County, Texas","B27001_053",113,25
"2277","48079","Cochran County, Texas","B27001_054",2,4
"2278","48079","Cochran County, Texas","B27001_055",80,18
"2279","48079","Cochran County, Texas","B27001_056",80,18
"2280","48079","Cochran County, Texas","B27001_057",0,15
"2281","48081","Coke County, Texas","B27001_001",3216,15
"2282","48081","Coke County, Texas","B27001_002",1615,68
"2283","48081","Coke County, Texas","B27001_003",104,33
"2284","48081","Coke County, Texas","B27001_004",94,32
"2285","48081","Coke County, Texas","B27001_005",10,16
"2286","48081","Coke County, Texas","B27001_006",285,53
"2287","48081","Coke County, Texas","B27001_007",255,54
"2288","48081","Coke County, Texas","B27001_008",30,28
"2289","48081","Coke County, Texas","B27001_009",19,17
"2290","48081","Coke County, Texas","B27001_010",15,17
"2291","48081","Coke County, Texas","B27001_011",4,6
"2292","48081","Coke County, Texas","B27001_012",182,16
"2293","48081","Coke County, Texas","B27001_013",118,42
"2294","48081","Coke County, Texas","B27001_014",64,42
"2295","48081","Coke County, Texas","B27001_015",182,35
"2296","48081","Coke County, Texas","B27001_016",135,28
"2297","48081","Coke County, Texas","B27001_017",47,38
"2298","48081","Coke County, Texas","B27001_018",176,33
"2299","48081","Coke County, Texas","B27001_019",165,34
"2300","48081","Coke County, Texas","B27001_020",11,11
"2301","48081","Coke County, Texas","B27001_021",266,37
"2302","48081","Coke County, Texas","B27001_022",211,45
"2303","48081","Coke County, Texas","B27001_023",55,33
"2304","48081","Coke County, Texas","B27001_024",237,19
"2305","48081","Coke County, Texas","B27001_025",237,19
"2306","48081","Coke County, Texas","B27001_026",0,15
"2307","48081","Coke County, Texas","B27001_027",164,34
"2308","48081","Coke County, Texas","B27001_028",164,34
"2309","48081","Coke County, Texas","B27001_029",0,15
"2310","48081","Coke County, Texas","B27001_030",1601,68
"2311","48081","Coke County, Texas","B27001_031",58,33
"2312","48081","Coke County, Texas","B27001_032",58,33
"2313","48081","Coke County, Texas","B27001_033",0,15
"2314","48081","Coke County, Texas","B27001_034",228,40
"2315","48081","Coke County, Texas","B27001_035",225,39
"2316","48081","Coke County, Texas","B27001_036",3,7
"2317","48081","Coke County, Texas","B27001_037",157,32
"2318","48081","Coke County, Texas","B27001_038",115,36
"2319","48081","Coke County, Texas","B27001_039",42,30
"2320","48081","Coke County, Texas","B27001_040",116,44
"2321","48081","Coke County, Texas","B27001_041",116,44
"2322","48081","Coke County, Texas","B27001_042",0,15
"2323","48081","Coke County, Texas","B27001_043",201,54
"2324","48081","Coke County, Texas","B27001_044",162,54
"2325","48081","Coke County, Texas","B27001_045",39,33
"2326","48081","Coke County, Texas","B27001_046",148,37
"2327","48081","Coke County, Texas","B27001_047",123,38
"2328","48081","Coke County, Texas","B27001_048",25,24
"2329","48081","Coke County, Texas","B27001_049",245,45
"2330","48081","Coke County, Texas","B27001_050",216,45
"2331","48081","Coke County, Texas","B27001_051",29,22
"2332","48081","Coke County, Texas","B27001_052",229,25
"2333","48081","Coke County, Texas","B27001_053",229,25
"2334","48081","Coke County, Texas","B27001_054",0,15
"2335","48081","Coke County, Texas","B27001_055",219,32
"2336","48081","Coke County, Texas","B27001_056",219,32
"2337","48081","Coke County, Texas","B27001_057",0,15
"2338","48083","Coleman County, Texas","B27001_001",7794,3
"2339","48083","Coleman County, Texas","B27001_002",3904,107
"2340","48083","Coleman County, Texas","B27001_003",183,53
"2341","48083","Coleman County, Texas","B27001_004",167,54
"2342","48083","Coleman County, Texas","B27001_005",16,31
"2343","48083","Coleman County, Texas","B27001_006",766,165
"2344","48083","Coleman County, Texas","B27001_007",655,166
"2345","48083","Coleman County, Texas","B27001_008",111,94
"2346","48083","Coleman County, Texas","B27001_009",249,83
"2347","48083","Coleman County, Texas","B27001_010",124,80
"2348","48083","Coleman County, Texas","B27001_011",125,59
"2349","48083","Coleman County, Texas","B27001_012",175,90
"2350","48083","Coleman County, Texas","B27001_013",108,66
"2351","48083","Coleman County, Texas","B27001_014",67,70
"2352","48083","Coleman County, Texas","B27001_015",453,112
"2353","48083","Coleman County, Texas","B27001_016",195,86
"2354","48083","Coleman County, Texas","B27001_017",258,143
"2355","48083","Coleman County, Texas","B27001_018",463,65
"2356","48083","Coleman County, Texas","B27001_019",224,59
"2357","48083","Coleman County, Texas","B27001_020",239,90
"2358","48083","Coleman County, Texas","B27001_021",645,54
"2359","48083","Coleman County, Texas","B27001_022",381,101
"2360","48083","Coleman County, Texas","B27001_023",264,114
"2361","48083","Coleman County, Texas","B27001_024",536,17
"2362","48083","Coleman County, Texas","B27001_025",536,17
"2363","48083","Coleman County, Texas","B27001_026",0,21
"2364","48083","Coleman County, Texas","B27001_027",434,57
"2365","48083","Coleman County, Texas","B27001_028",434,57
"2366","48083","Coleman County, Texas","B27001_029",0,21
"2367","48083","Coleman County, Texas","B27001_030",3890,107
"2368","48083","Coleman County, Texas","B27001_031",297,162
"2369","48083","Coleman County, Texas","B27001_032",290,161
"2370","48083","Coleman County, Texas","B27001_033",7,14
"2371","48083","Coleman County, Texas","B27001_034",479,118
"2372","48083","Coleman County, Texas","B27001_035",453,120
"2373","48083","Coleman County, Texas","B27001_036",26,24
"2374","48083","Coleman County, Texas","B27001_037",187,88
"2375","48083","Coleman County, Texas","B27001_038",109,90
"2376","48083","Coleman County, Texas","B27001_039",78,39
"2377","48083","Coleman County, Texas","B27001_040",431,103
"2378","48083","Coleman County, Texas","B27001_041",263,112
"2379","48083","Coleman County, Texas","B27001_042",168,106
"2380","48083","Coleman County, Texas","B27001_043",448,33
"2381","48083","Coleman County, Texas","B27001_044",342,74
"2382","48083","Coleman County, Texas","B27001_045",106,67
"2383","48083","Coleman County, Texas","B27001_046",406,37
"2384","48083","Coleman County, Texas","B27001_047",373,41
"2385","48083","Coleman County, Texas","B27001_048",33,27
"2386","48083","Coleman County, Texas","B27001_049",586,42
"2387","48083","Coleman County, Texas","B27001_050",423,77
"2388","48083","Coleman County, Texas","B27001_051",163,73
"2389","48083","Coleman County, Texas","B27001_052",595,42
"2390","48083","Coleman County, Texas","B27001_053",593,43
"2391","48083","Coleman County, Texas","B27001_054",2,4
"2392","48083","Coleman County, Texas","B27001_055",461,40
"2393","48083","Coleman County, Texas","B27001_056",461,40
"2394","48083","Coleman County, Texas","B27001_057",0,21
"2395","48085","Collin County, Texas","B27001_001",1159049,307
"2396","48085","Collin County, Texas","B27001_002",576371,364
"2397","48085","Collin County, Texas","B27001_003",41679,812
"2398","48085","Collin County, Texas","B27001_004",39164,936
"2399","48085","Collin County, Texas","B27001_005",2515,507
"2400","48085","Collin County, Texas","B27001_006",113580,1155
"2401","48085","Collin County, Texas","B27001_007",104804,1382
"2402","48085","Collin County, Texas","B27001_008",8776,1128
"2403","48085","Collin County, Texas","B27001_009",49505,997
"2404","48085","Collin County, Texas","B27001_010",39774,1210
"2405","48085","Collin County, Texas","B27001_011",9731,1022
"2406","48085","Collin County, Texas","B27001_012",68164,772
"2407","48085","Collin County, Texas","B27001_013",56922,1084
"2408","48085","Collin County, Texas","B27001_014",11242,966
"2409","48085","Collin County, Texas","B27001_015",91685,156
"2410","48085","Collin County, Texas","B27001_016",81211,1167
"2411","48085","Collin County, Texas","B27001_017",10474,1165
"2412","48085","Collin County, Texas","B27001_018",86509,179
"2413","48085","Collin County, Texas","B27001_019",78815,839
"2414","48085","Collin County, Texas","B27001_020",7694,847
"2415","48085","Collin County, Texas","B27001_021",65522,87
"2416","48085","Collin County, Texas","B27001_022",59119,783
"2417","48085","Collin County, Texas","B27001_023",6403,776
"2418","48085","Collin County, Texas","B27001_024",37749,137
"2419","48085","Collin County, Texas","B27001_025",37110,282
"2420","48085","Collin County, Texas","B27001_026",639,232
"2421","48085","Collin County, Texas","B27001_027",21978,126
"2422","48085","Collin County, Texas","B27001_028",21673,246
"2423","48085","Collin County, Texas","B27001_029",305,196
"2424","48085","Collin County, Texas","B27001_030",582678,218
"2425","48085","Collin County, Texas","B27001_031",40811,853
"2426","48085","Collin County, Texas","B27001_032",38352,965
"2427","48085","Collin County, Texas","B27001_033",2459,539
"2428","48085","Collin County, Texas","B27001_034",108187,1093
"2429","48085","Collin County, Texas","B27001_035",100427,1195
"2430","48085","Collin County, Texas","B27001_036",7760,879
"2431","48085","Collin County, Texas","B27001_037",47247,1059
"2432","48085","Collin County, Texas","B27001_038",39775,1499
"2433","48085","Collin County, Texas","B27001_039",7472,1044
"2434","48085","Collin County, Texas","B27001_040",69835,721
"2435","48085","Collin County, Texas","B27001_041",59769,1292
"2436","48085","Collin County, Texas","B27001_042",10066,1173
"2437","48085","Collin County, Texas","B27001_043",93912,126
"2438","48085","Collin County, Texas","B27001_044",85323,1021
"2439","48085","Collin County, Texas","B27001_045",8589,1008
"2440","48085","Collin County, Texas","B27001_046",84931,163
"2441","48085","Collin County, Texas","B27001_047",76091,912
"2442","48085","Collin County, Texas","B27001_048",8840,878
"2443","48085","Collin County, Texas","B27001_049",64743,74
"2444","48085","Collin County, Texas","B27001_050",58938,841
"2445","48085","Collin County, Texas","B27001_051",5805,836
"2446","48085","Collin County, Texas","B27001_052",43841,130
"2447","48085","Collin County, Texas","B27001_053",42934,317
"2448","48085","Collin County, Texas","B27001_054",907,277
"2449","48085","Collin County, Texas","B27001_055",29171,175
"2450","48085","Collin County, Texas","B27001_056",28535,330
"2451","48085","Collin County, Texas","B27001_057",636,302
"2452","48087","Collingsworth County, Texas","B27001_001",2533,159
"2453","48087","Collingsworth County, Texas","B27001_002",1242,127
"2454","48087","Collingsworth County, Texas","B27001_003",140,86
"2455","48087","Collingsworth County, Texas","B27001_004",135,87
"2456","48087","Collingsworth County, Texas","B27001_005",5,9
"2457","48087","Collingsworth County, Texas","B27001_006",302,66
"2458","48087","Collingsworth County, Texas","B27001_007",175,72
"2459","48087","Collingsworth County, Texas","B27001_008",127,60
"2460","48087","Collingsworth County, Texas","B27001_009",36,29
"2461","48087","Collingsworth County, Texas","B27001_010",24,23
"2462","48087","Collingsworth County, Texas","B27001_011",12,18
"2463","48087","Collingsworth County, Texas","B27001_012",43,28
"2464","48087","Collingsworth County, Texas","B27001_013",33,26
"2465","48087","Collingsworth County, Texas","B27001_014",10,12
"2466","48087","Collingsworth County, Texas","B27001_015",162,59
"2467","48087","Collingsworth County, Texas","B27001_016",99,59
"2468","48087","Collingsworth County, Texas","B27001_017",63,38
"2469","48087","Collingsworth County, Texas","B27001_018",134,41
"2470","48087","Collingsworth County, Texas","B27001_019",103,39
"2471","48087","Collingsworth County, Texas","B27001_020",31,28
"2472","48087","Collingsworth County, Texas","B27001_021",102,39
"2473","48087","Collingsworth County, Texas","B27001_022",55,27
"2474","48087","Collingsworth County, Texas","B27001_023",47,33
"2475","48087","Collingsworth County, Texas","B27001_024",247,77
"2476","48087","Collingsworth County, Texas","B27001_025",247,77
"2477","48087","Collingsworth County, Texas","B27001_026",0,15
"2478","48087","Collingsworth County, Texas","B27001_027",76,34
"2479","48087","Collingsworth County, Texas","B27001_028",76,34
"2480","48087","Collingsworth County, Texas","B27001_029",0,15
"2481","48087","Collingsworth County, Texas","B27001_030",1291,127
"2482","48087","Collingsworth County, Texas","B27001_031",65,30
"2483","48087","Collingsworth County, Texas","B27001_032",65,30
"2484","48087","Collingsworth County, Texas","B27001_033",0,15
"2485","48087","Collingsworth County, Texas","B27001_034",247,53
"2486","48087","Collingsworth County, Texas","B27001_035",160,51
"2487","48087","Collingsworth County, Texas","B27001_036",87,41
"2488","48087","Collingsworth County, Texas","B27001_037",97,46
"2489","48087","Collingsworth County, Texas","B27001_038",87,45
"2490","48087","Collingsworth County, Texas","B27001_039",10,13
"2491","48087","Collingsworth County, Texas","B27001_040",171,63
"2492","48087","Collingsworth County, Texas","B27001_041",115,56
"2493","48087","Collingsworth County, Texas","B27001_042",56,38
"2494","48087","Collingsworth County, Texas","B27001_043",112,40
"2495","48087","Collingsworth County, Texas","B27001_044",107,39
"2496","48087","Collingsworth County, Texas","B27001_045",5,7
"2497","48087","Collingsworth County, Texas","B27001_046",134,46
"2498","48087","Collingsworth County, Texas","B27001_047",119,47
"2499","48087","Collingsworth County, Texas","B27001_048",15,16
"2500","48087","Collingsworth County, Texas","B27001_049",193,63
"2501","48087","Collingsworth County, Texas","B27001_050",101,57
"2502","48087","Collingsworth County, Texas","B27001_051",92,37
"2503","48087","Collingsworth County, Texas","B27001_052",173,55
"2504","48087","Collingsworth County, Texas","B27001_053",173,55
"2505","48087","Collingsworth County, Texas","B27001_054",0,15
"2506","48087","Collingsworth County, Texas","B27001_055",99,37
"2507","48087","Collingsworth County, Texas","B27001_056",99,37
"2508","48087","Collingsworth County, Texas","B27001_057",0,15
"2509","48089","Colorado County, Texas","B27001_001",20620,15
"2510","48089","Colorado County, Texas","B27001_002",10540,219
"2511","48089","Colorado County, Texas","B27001_003",886,201
"2512","48089","Colorado County, Texas","B27001_004",787,192
"2513","48089","Colorado County, Texas","B27001_005",99,80
"2514","48089","Colorado County, Texas","B27001_006",1913,249
"2515","48089","Colorado County, Texas","B27001_007",1718,255
"2516","48089","Colorado County, Texas","B27001_008",195,150
"2517","48089","Colorado County, Texas","B27001_009",905,166
"2518","48089","Colorado County, Texas","B27001_010",410,142
"2519","48089","Colorado County, Texas","B27001_011",495,208
"2520","48089","Colorado County, Texas","B27001_012",960,169
"2521","48089","Colorado County, Texas","B27001_013",647,204
"2522","48089","Colorado County, Texas","B27001_014",313,131
"2523","48089","Colorado County, Texas","B27001_015",1050,168
"2524","48089","Colorado County, Texas","B27001_016",856,179
"2525","48089","Colorado County, Texas","B27001_017",194,101
"2526","48089","Colorado County, Texas","B27001_018",1159,116
"2527","48089","Colorado County, Texas","B27001_019",1024,133
"2528","48089","Colorado County, Texas","B27001_020",135,90
"2529","48089","Colorado County, Texas","B27001_021",1470,23
"2530","48089","Colorado County, Texas","B27001_022",1350,71
"2531","48089","Colorado County, Texas","B27001_023",120,64
"2532","48089","Colorado County, Texas","B27001_024",1368,85
"2533","48089","Colorado County, Texas","B27001_025",1314,110
"2534","48089","Colorado County, Texas","B27001_026",54,73
"2535","48089","Colorado County, Texas","B27001_027",829,81
"2536","48089","Colorado County, Texas","B27001_028",829,81
"2537","48089","Colorado County, Texas","B27001_029",0,28
"2538","48089","Colorado County, Texas","B27001_030",10080,220
"2539","48089","Colorado County, Texas","B27001_031",715,146
"2540","48089","Colorado County, Texas","B27001_032",670,143
"2541","48089","Colorado County, Texas","B27001_033",45,50
"2542","48089","Colorado County, Texas","B27001_034",1551,199
"2543","48089","Colorado County, Texas","B27001_035",1398,225
"2544","48089","Colorado County, Texas","B27001_036",153,129
"2545","48089","Colorado County, Texas","B27001_037",727,183
"2546","48089","Colorado County, Texas","B27001_038",560,195
"2547","48089","Colorado County, Texas","B27001_039",167,133
"2548","48089","Colorado County, Texas","B27001_040",997,184
"2549","48089","Colorado County, Texas","B27001_041",807,182
"2550","48089","Colorado County, Texas","B27001_042",190,121
"2551","48089","Colorado County, Texas","B27001_043",1017,169
"2552","48089","Colorado County, Texas","B27001_044",805,157
"2553","48089","Colorado County, Texas","B27001_045",212,123
"2554","48089","Colorado County, Texas","B27001_046",1172,170
"2555","48089","Colorado County, Texas","B27001_047",1078,168
"2556","48089","Colorado County, Texas","B27001_048",94,69
"2557","48089","Colorado County, Texas","B27001_049",1423,4
"2558","48089","Colorado County, Texas","B27001_050",1295,69
"2559","48089","Colorado County, Texas","B27001_051",128,69
"2560","48089","Colorado County, Texas","B27001_052",1389,62
"2561","48089","Colorado County, Texas","B27001_053",1389,62
"2562","48089","Colorado County, Texas","B27001_054",0,28
"2563","48089","Colorado County, Texas","B27001_055",1089,74
"2564","48089","Colorado County, Texas","B27001_056",1089,74
"2565","48089","Colorado County, Texas","B27001_057",0,28
"2566","48091","Comal County, Texas","B27001_001",182239,196
"2567","48091","Comal County, Texas","B27001_002",90482,291
"2568","48091","Comal County, Texas","B27001_003",5740,216
"2569","48091","Comal County, Texas","B27001_004",5352,324
"2570","48091","Comal County, Texas","B27001_005",388,203
"2571","48091","Comal County, Texas","B27001_006",16181,342
"2572","48091","Comal County, Texas","B27001_007",14687,593
"2573","48091","Comal County, Texas","B27001_008",1494,535
"2574","48091","Comal County, Texas","B27001_009",6840,322
"2575","48091","Comal County, Texas","B27001_010",5441,385
"2576","48091","Comal County, Texas","B27001_011",1399,307
"2577","48091","Comal County, Texas","B27001_012",9386,336
"2578","48091","Comal County, Texas","B27001_013",7527,467
"2579","48091","Comal County, Texas","B27001_014",1859,414
"2580","48091","Comal County, Texas","B27001_015",12194,242
"2581","48091","Comal County, Texas","B27001_016",10284,439
"2582","48091","Comal County, Texas","B27001_017",1910,394
"2583","48091","Comal County, Texas","B27001_018",11707,270
"2584","48091","Comal County, Texas","B27001_019",10226,465
"2585","48091","Comal County, Texas","B27001_020",1481,405
"2586","48091","Comal County, Texas","B27001_021",12523,108
"2587","48091","Comal County, Texas","B27001_022",11194,390
"2588","48091","Comal County, Texas","B27001_023",1329,381
"2589","48091","Comal County, Texas","B27001_024",10481,114
"2590","48091","Comal County, Texas","B27001_025",10481,114
"2591","48091","Comal County, Texas","B27001_026",0,35
"2592","48091","Comal County, Texas","B27001_027",5430,100
"2593","48091","Comal County, Texas","B27001_028",5430,100
"2594","48091","Comal County, Texas","B27001_029",0,35
"2595","48091","Comal County, Texas","B27001_030",91757,221
"2596","48091","Comal County, Texas","B27001_031",5923,311
"2597","48091","Comal County, Texas","B27001_032",5397,325
"2598","48091","Comal County, Texas","B27001_033",526,226
"2599","48091","Comal County, Texas","B27001_034",15025,380
"2600","48091","Comal County, Texas","B27001_035",13776,543
"2601","48091","Comal County, Texas","B27001_036",1249,409
"2602","48091","Comal County, Texas","B27001_037",6335,429
"2603","48091","Comal County, Texas","B27001_038",5110,500
"2604","48091","Comal County, Texas","B27001_039",1225,287
"2605","48091","Comal County, Texas","B27001_040",9388,347
"2606","48091","Comal County, Texas","B27001_041",7457,547
"2607","48091","Comal County, Texas","B27001_042",1931,469
"2608","48091","Comal County, Texas","B27001_043",12311,203
"2609","48091","Comal County, Texas","B27001_044",10216,560
"2610","48091","Comal County, Texas","B27001_045",2095,531
"2611","48091","Comal County, Texas","B27001_046",11716,137
"2612","48091","Comal County, Texas","B27001_047",10437,350
"2613","48091","Comal County, Texas","B27001_048",1279,358
"2614","48091","Comal County, Texas","B27001_049",13243,21
"2615","48091","Comal County, Texas","B27001_050",12326,251
"2616","48091","Comal County, Texas","B27001_051",917,250
"2617","48091","Comal County, Texas","B27001_052",11114,121
"2618","48091","Comal County, Texas","B27001_053",11076,128
"2619","48091","Comal County, Texas","B27001_054",38,40
"2620","48091","Comal County, Texas","B27001_055",6702,137
"2621","48091","Comal County, Texas","B27001_056",6695,136
"2622","48091","Comal County, Texas","B27001_057",7,11
"2623","48093","Comanche County, Texas","B27001_001",13794,4
"2624","48093","Comanche County, Texas","B27001_002",6888,94
"2625","48093","Comanche County, Texas","B27001_003",492,97
"2626","48093","Comanche County, Texas","B27001_004",424,103
"2627","48093","Comanche County, Texas","B27001_005",68,44
"2628","48093","Comanche County, Texas","B27001_006",1228,109
"2629","48093","Comanche County, Texas","B27001_007",1002,129
"2630","48093","Comanche County, Texas","B27001_008",226,97
"2631","48093","Comanche County, Texas","B27001_009",453,84
"2632","48093","Comanche County, Texas","B27001_010",240,95
"2633","48093","Comanche County, Texas","B27001_011",213,113
"2634","48093","Comanche County, Texas","B27001_012",677,56
"2635","48093","Comanche County, Texas","B27001_013",346,104
"2636","48093","Comanche County, Texas","B27001_014",331,97
"2637","48093","Comanche County, Texas","B27001_015",696,31
"2638","48093","Comanche County, Texas","B27001_016",462,80
"2639","48093","Comanche County, Texas","B27001_017",234,79
"2640","48093","Comanche County, Texas","B27001_018",765,41
"2641","48093","Comanche County, Texas","B27001_019",490,118
"2642","48093","Comanche County, Texas","B27001_020",275,124
"2643","48093","Comanche County, Texas","B27001_021",1013,14
"2644","48093","Comanche County, Texas","B27001_022",738,97
"2645","48093","Comanche County, Texas","B27001_023",275,93
"2646","48093","Comanche County, Texas","B27001_024",936,39
"2647","48093","Comanche County, Texas","B27001_025",898,40
"2648","48093","Comanche County, Texas","B27001_026",38,30
"2649","48093","Comanche County, Texas","B27001_027",628,47
"2650","48093","Comanche County, Texas","B27001_028",628,47
"2651","48093","Comanche County, Texas","B27001_029",0,23
"2652","48093","Comanche County, Texas","B27001_030",6906,94
"2653","48093","Comanche County, Texas","B27001_031",451,77
"2654","48093","Comanche County, Texas","B27001_032",326,95
"2655","48093","Comanche County, Texas","B27001_033",125,114
"2656","48093","Comanche County, Texas","B27001_034",1222,53
"2657","48093","Comanche County, Texas","B27001_035",1083,75
"2658","48093","Comanche County, Texas","B27001_036",139,76
"2659","48093","Comanche County, Texas","B27001_037",554,71
"2660","48093","Comanche County, Texas","B27001_038",349,72
"2661","48093","Comanche County, Texas","B27001_039",205,85
"2662","48093","Comanche County, Texas","B27001_040",383,80
"2663","48093","Comanche County, Texas","B27001_041",269,97
"2664","48093","Comanche County, Texas","B27001_042",114,60
"2665","48093","Comanche County, Texas","B27001_043",871,47
"2666","48093","Comanche County, Texas","B27001_044",657,101
"2667","48093","Comanche County, Texas","B27001_045",214,95
"2668","48093","Comanche County, Texas","B27001_046",839,21
"2669","48093","Comanche County, Texas","B27001_047",678,71
"2670","48093","Comanche County, Texas","B27001_048",161,66
"2671","48093","Comanche County, Texas","B27001_049",896,82
"2672","48093","Comanche County, Texas","B27001_050",673,82
"2673","48093","Comanche County, Texas","B27001_051",223,109
"2674","48093","Comanche County, Texas","B27001_052",1005,89
"2675","48093","Comanche County, Texas","B27001_053",1000,87
"2676","48093","Comanche County, Texas","B27001_054",5,10
"2677","48093","Comanche County, Texas","B27001_055",685,45
"2678","48093","Comanche County, Texas","B27001_056",678,46
"2679","48093","Comanche County, Texas","B27001_057",7,12
"2680","48095","Concho County, Texas","B27001_001",2466,95
"2681","48095","Concho County, Texas","B27001_002",1315,121
"2682","48095","Concho County, Texas","B27001_003",60,26
"2683","48095","Concho County, Texas","B27001_004",60,26
"2684","48095","Concho County, Texas","B27001_005",0,15
"2685","48095","Concho County, Texas","B27001_006",174,52
"2686","48095","Concho County, Texas","B27001_007",162,53
"2687","48095","Concho County, Texas","B27001_008",12,17
"2688","48095","Concho County, Texas","B27001_009",52,52
"2689","48095","Concho County, Texas","B27001_010",34,39
"2690","48095","Concho County, Texas","B27001_011",18,33
"2691","48095","Concho County, Texas","B27001_012",145,92
"2692","48095","Concho County, Texas","B27001_013",126,87
"2693","48095","Concho County, Texas","B27001_014",19,23
"2694","48095","Concho County, Texas","B27001_015",158,103
"2695","48095","Concho County, Texas","B27001_016",82,52
"2696","48095","Concho County, Texas","B27001_017",76,83
"2697","48095","Concho County, Texas","B27001_018",196,43
"2698","48095","Concho County, Texas","B27001_019",187,43
"2699","48095","Concho County, Texas","B27001_020",9,15
"2700","48095","Concho County, Texas","B27001_021",256,25
"2701","48095","Concho County, Texas","B27001_022",168,54
"2702","48095","Concho County, Texas","B27001_023",88,48
"2703","48095","Concho County, Texas","B27001_024",137,42
"2704","48095","Concho County, Texas","B27001_025",137,42
"2705","48095","Concho County, Texas","B27001_026",0,15
"2706","48095","Concho County, Texas","B27001_027",137,12
"2707","48095","Concho County, Texas","B27001_028",137,12
"2708","48095","Concho County, Texas","B27001_029",0,15
"2709","48095","Concho County, Texas","B27001_030",1151,84
"2710","48095","Concho County, Texas","B27001_031",37,23
"2711","48095","Concho County, Texas","B27001_032",26,21
"2712","48095","Concho County, Texas","B27001_033",11,12
"2713","48095","Concho County, Texas","B27001_034",156,25
"2714","48095","Concho County, Texas","B27001_035",133,33
"2715","48095","Concho County, Texas","B27001_036",23,25
"2716","48095","Concho County, Texas","B27001_037",85,71
"2717","48095","Concho County, Texas","B27001_038",61,65
"2718","48095","Concho County, Texas","B27001_039",24,21
"2719","48095","Concho County, Texas","B27001_040",150,69
"2720","48095","Concho County, Texas","B27001_041",90,45
"2721","48095","Concho County, Texas","B27001_042",60,44
"2722","48095","Concho County, Texas","B27001_043",80,36
"2723","48095","Concho County, Texas","B27001_044",70,33
"2724","48095","Concho County, Texas","B27001_045",10,15
"2725","48095","Concho County, Texas","B27001_046",178,90
"2726","48095","Concho County, Texas","B27001_047",117,92
"2727","48095","Concho County, Texas","B27001_048",61,42
"2728","48095","Concho County, Texas","B27001_049",154,25
"2729","48095","Concho County, Texas","B27001_050",136,24
"2730","48095","Concho County, Texas","B27001_051",18,17
"2731","48095","Concho County, Texas","B27001_052",181,19
"2732","48095","Concho County, Texas","B27001_053",181,19
"2733","48095","Concho County, Texas","B27001_054",0,15
"2734","48095","Concho County, Texas","B27001_055",130,18
"2735","48095","Concho County, Texas","B27001_056",130,18
"2736","48095","Concho County, Texas","B27001_057",0,15
"2737","48097","Cooke County, Texas","B27001_001",42548,22
"2738","48097","Cooke County, Texas","B27001_002",21262,247
"2739","48097","Cooke County, Texas","B27001_003",1393,178
"2740","48097","Cooke County, Texas","B27001_004",1226,180
"2741","48097","Cooke County, Texas","B27001_005",167,91
"2742","48097","Cooke County, Texas","B27001_006",4023,178
"2743","48097","Cooke County, Texas","B27001_007",3625,231
"2744","48097","Cooke County, Texas","B27001_008",398,139
"2745","48097","Cooke County, Texas","B27001_009",1745,148
"2746","48097","Cooke County, Texas","B27001_010",1272,206
"2747","48097","Cooke County, Texas","B27001_011",473,159
"2748","48097","Cooke County, Texas","B27001_012",2351,97
"2749","48097","Cooke County, Texas","B27001_013",1496,221
"2750","48097","Cooke County, Texas","B27001_014",855,221
"2751","48097","Cooke County, Texas","B27001_015",2507,107
"2752","48097","Cooke County, Texas","B27001_016",1786,189
"2753","48097","Cooke County, Texas","B27001_017",721,173
"2754","48097","Cooke County, Texas","B27001_018",2557,171
"2755","48097","Cooke County, Texas","B27001_019",2096,177
"2756","48097","Cooke County, Texas","B27001_020",461,239
"2757","48097","Cooke County, Texas","B27001_021",2986,124
"2758","48097","Cooke County, Texas","B27001_022",2338,180
"2759","48097","Cooke County, Texas","B27001_023",648,169
"2760","48097","Cooke County, Texas","B27001_024",2362,106
"2761","48097","Cooke County, Texas","B27001_025",2353,104
"2762","48097","Cooke County, Texas","B27001_026",9,13
"2763","48097","Cooke County, Texas","B27001_027",1338,47
"2764","48097","Cooke County, Texas","B27001_028",1338,47
"2765","48097","Cooke County, Texas","B27001_029",0,31
"2766","48097","Cooke County, Texas","B27001_030",21286,249
"2767","48097","Cooke County, Texas","B27001_031",1711,212
"2768","48097","Cooke County, Texas","B27001_032",1539,225
"2769","48097","Cooke County, Texas","B27001_033",172,121
"2770","48097","Cooke County, Texas","B27001_034",3498,246
"2771","48097","Cooke County, Texas","B27001_035",3021,336
"2772","48097","Cooke County, Texas","B27001_036",477,173
"2773","48097","Cooke County, Texas","B27001_037",1773,220
"2774","48097","Cooke County, Texas","B27001_038",1228,224
"2775","48097","Cooke County, Texas","B27001_039",545,197
"2776","48097","Cooke County, Texas","B27001_040",2212,170
"2777","48097","Cooke County, Texas","B27001_041",1661,252
"2778","48097","Cooke County, Texas","B27001_042",551,184
"2779","48097","Cooke County, Texas","B27001_043",2438,82
"2780","48097","Cooke County, Texas","B27001_044",1846,173
"2781","48097","Cooke County, Texas","B27001_045",592,164
"2782","48097","Cooke County, Texas","B27001_046",2472,105
"2783","48097","Cooke County, Texas","B27001_047",2052,181
"2784","48097","Cooke County, Texas","B27001_048",420,139
"2785","48097","Cooke County, Texas","B27001_049",2986,77
"2786","48097","Cooke County, Texas","B27001_050",2618,143
"2787","48097","Cooke County, Texas","B27001_051",368,110
"2788","48097","Cooke County, Texas","B27001_052",2392,80
"2789","48097","Cooke County, Texas","B27001_053",2392,80
"2790","48097","Cooke County, Texas","B27001_054",0,31
"2791","48097","Cooke County, Texas","B27001_055",1804,87
"2792","48097","Cooke County, Texas","B27001_056",1800,88
"2793","48097","Cooke County, Texas","B27001_057",4,5
"2794","48099","Coryell County, Texas","B27001_001",63773,805
"2795","48099","Coryell County, Texas","B27001_002",28898,796
"2796","48099","Coryell County, Texas","B27001_003",3400,261
"2797","48099","Coryell County, Texas","B27001_004",3205,265
"2798","48099","Coryell County, Texas","B27001_005",195,137
"2799","48099","Coryell County, Texas","B27001_006",6423,251
"2800","48099","Coryell County, Texas","B27001_007",6088,299
"2801","48099","Coryell County, Texas","B27001_008",335,160
"2802","48099","Coryell County, Texas","B27001_009",1394,318
"2803","48099","Coryell County, Texas","B27001_010",1021,274
"2804","48099","Coryell County, Texas","B27001_011",373,137
"2805","48099","Coryell County, Texas","B27001_012",3542,394
"2806","48099","Coryell County, Texas","B27001_013",2553,406
"2807","48099","Coryell County, Texas","B27001_014",989,234
"2808","48099","Coryell County, Texas","B27001_015",3867,388
"2809","48099","Coryell County, Texas","B27001_016",3154,381
"2810","48099","Coryell County, Texas","B27001_017",713,218
"2811","48099","Coryell County, Texas","B27001_018",3350,220
"2812","48099","Coryell County, Texas","B27001_019",2986,220
"2813","48099","Coryell County, Texas","B27001_020",364,130
"2814","48099","Coryell County, Texas","B27001_021",2911,167
"2815","48099","Coryell County, Texas","B27001_022",2517,205
"2816","48099","Coryell County, Texas","B27001_023",394,163
"2817","48099","Coryell County, Texas","B27001_024",2575,116
"2818","48099","Coryell County, Texas","B27001_025",2565,119
"2819","48099","Coryell County, Texas","B27001_026",10,12
"2820","48099","Coryell County, Texas","B27001_027",1436,97
"2821","48099","Coryell County, Texas","B27001_028",1436,97
"2822","48099","Coryell County, Texas","B27001_029",0,35
"2823","48099","Coryell County, Texas","B27001_030",34875,852
"2824","48099","Coryell County, Texas","B27001_031",3202,181
"2825","48099","Coryell County, Texas","B27001_032",2997,207
"2826","48099","Coryell County, Texas","B27001_033",205,119
"2827","48099","Coryell County, Texas","B27001_034",6511,237
"2828","48099","Coryell County, Texas","B27001_035",6178,242
"2829","48099","Coryell County, Texas","B27001_036",333,114
"2830","48099","Coryell County, Texas","B27001_037",3311,402
"2831","48099","Coryell County, Texas","B27001_038",2346,442
"2832","48099","Coryell County, Texas","B27001_039",965,388
"2833","48099","Coryell County, Texas","B27001_040",5056,259
"2834","48099","Coryell County, Texas","B27001_041",4531,313
"2835","48099","Coryell County, Texas","B27001_042",525,198
"2836","48099","Coryell County, Texas","B27001_043",4494,346
"2837","48099","Coryell County, Texas","B27001_044",3881,353
"2838","48099","Coryell County, Texas","B27001_045",613,202
"2839","48099","Coryell County, Texas","B27001_046",3827,239
"2840","48099","Coryell County, Texas","B27001_047",3522,232
"2841","48099","Coryell County, Texas","B27001_048",305,110
"2842","48099","Coryell County, Texas","B27001_049",3284,399
"2843","48099","Coryell County, Texas","B27001_050",2863,332
"2844","48099","Coryell County, Texas","B27001_051",421,173
"2845","48099","Coryell County, Texas","B27001_052",2980,142
"2846","48099","Coryell County, Texas","B27001_053",2954,142
"2847","48099","Coryell County, Texas","B27001_054",26,30
"2848","48099","Coryell County, Texas","B27001_055",2210,112
"2849","48099","Coryell County, Texas","B27001_056",2208,112
"2850","48099","Coryell County, Texas","B27001_057",2,4
"2851","48101","Cottle County, Texas","B27001_001",1363,210
"2852","48101","Cottle County, Texas","B27001_002",658,145
"2853","48101","Cottle County, Texas","B27001_003",49,31
"2854","48101","Cottle County, Texas","B27001_004",49,31
"2855","48101","Cottle County, Texas","B27001_005",0,15
"2856","48101","Cottle County, Texas","B27001_006",131,73
"2857","48101","Cottle County, Texas","B27001_007",131,73
"2858","48101","Cottle County, Texas","B27001_008",0,15
"2859","48101","Cottle County, Texas","B27001_009",104,70
"2860","48101","Cottle County, Texas","B27001_010",104,70
"2861","48101","Cottle County, Texas","B27001_011",0,15
"2862","48101","Cottle County, Texas","B27001_012",0,15
"2863","48101","Cottle County, Texas","B27001_013",0,15
"2864","48101","Cottle County, Texas","B27001_014",0,15
"2865","48101","Cottle County, Texas","B27001_015",47,29
"2866","48101","Cottle County, Texas","B27001_016",35,25
"2867","48101","Cottle County, Texas","B27001_017",12,12
"2868","48101","Cottle County, Texas","B27001_018",55,35
"2869","48101","Cottle County, Texas","B27001_019",45,33
"2870","48101","Cottle County, Texas","B27001_020",10,13
"2871","48101","Cottle County, Texas","B27001_021",125,62
"2872","48101","Cottle County, Texas","B27001_022",66,36
"2873","48101","Cottle County, Texas","B27001_023",59,51
"2874","48101","Cottle County, Texas","B27001_024",122,48
"2875","48101","Cottle County, Texas","B27001_025",122,48
"2876","48101","Cottle County, Texas","B27001_026",0,15
"2877","48101","Cottle County, Texas","B27001_027",25,17
"2878","48101","Cottle County, Texas","B27001_028",25,17
"2879","48101","Cottle County, Texas","B27001_029",0,15
"2880","48101","Cottle County, Texas","B27001_030",705,145
"2881","48101","Cottle County, Texas","B27001_031",53,46
"2882","48101","Cottle County, Texas","B27001_032",53,46
"2883","48101","Cottle County, Texas","B27001_033",0,15
"2884","48101","Cottle County, Texas","B27001_034",98,48
"2885","48101","Cottle County, Texas","B27001_035",98,48
"2886","48101","Cottle County, Texas","B27001_036",0,15
"2887","48101","Cottle County, Texas","B27001_037",19,18
"2888","48101","Cottle County, Texas","B27001_038",19,18
"2889","48101","Cottle County, Texas","B27001_039",0,15
"2890","48101","Cottle County, Texas","B27001_040",39,30
"2891","48101","Cottle County, Texas","B27001_041",36,30
"2892","48101","Cottle County, Texas","B27001_042",3,7
"2893","48101","Cottle County, Texas","B27001_043",135,67
"2894","48101","Cottle County, Texas","B27001_044",107,62
"2895","48101","Cottle County, Texas","B27001_045",28,37
"2896","48101","Cottle County, Texas","B27001_046",74,37
"2897","48101","Cottle County, Texas","B27001_047",58,28
"2898","48101","Cottle County, Texas","B27001_048",16,29
"2899","48101","Cottle County, Texas","B27001_049",122,52
"2900","48101","Cottle County, Texas","B27001_050",98,48
"2901","48101","Cottle County, Texas","B27001_051",24,23
"2902","48101","Cottle County, Texas","B27001_052",100,48
"2903","48101","Cottle County, Texas","B27001_053",100,48
"2904","48101","Cottle County, Texas","B27001_054",0,15
"2905","48101","Cottle County, Texas","B27001_055",65,43
"2906","48101","Cottle County, Texas","B27001_056",65,43
"2907","48101","Cottle County, Texas","B27001_057",0,15
"2908","48103","Crane County, Texas","B27001_001",4484,46
"2909","48103","Crane County, Texas","B27001_002",2346,155
"2910","48103","Crane County, Texas","B27001_003",228,150
"2911","48103","Crane County, Texas","B27001_004",228,150
"2912","48103","Crane County, Texas","B27001_005",0,15
"2913","48103","Crane County, Texas","B27001_006",549,212
"2914","48103","Crane County, Texas","B27001_007",521,208
"2915","48103","Crane County, Texas","B27001_008",28,33
"2916","48103","Crane County, Texas","B27001_009",267,77
"2917","48103","Crane County, Texas","B27001_010",219,82
"2918","48103","Crane County, Texas","B27001_011",48,44
"2919","48103","Crane County, Texas","B27001_012",150,87
"2920","48103","Crane County, Texas","B27001_013",99,85
"2921","48103","Crane County, Texas","B27001_014",51,53
"2922","48103","Crane County, Texas","B27001_015",436,114
"2923","48103","Crane County, Texas","B27001_016",288,151
"2924","48103","Crane County, Texas","B27001_017",148,159
"2925","48103","Crane County, Texas","B27001_018",206,115
"2926","48103","Crane County, Texas","B27001_019",146,89
"2927","48103","Crane County, Texas","B27001_020",60,70
"2928","48103","Crane County, Texas","B27001_021",210,72
"2929","48103","Crane County, Texas","B27001_022",155,68
"2930","48103","Crane County, Texas","B27001_023",55,58
"2931","48103","Crane County, Texas","B27001_024",218,77
"2932","48103","Crane County, Texas","B27001_025",177,70
"2933","48103","Crane County, Texas","B27001_026",41,54
"2934","48103","Crane County, Texas","B27001_027",82,49
"2935","48103","Crane County, Texas","B27001_028",82,49
"2936","48103","Crane County, Texas","B27001_029",0,15
"2937","48103","Crane County, Texas","B27001_030",2138,146
"2938","48103","Crane County, Texas","B27001_031",119,102
"2939","48103","Crane County, Texas","B27001_032",119,102
"2940","48103","Crane County, Texas","B27001_033",0,15
"2941","48103","Crane County, Texas","B27001_034",493,97
"2942","48103","Crane County, Texas","B27001_035",453,121
"2943","48103","Crane County, Texas","B27001_036",40,59
"2944","48103","Crane County, Texas","B27001_037",187,107
"2945","48103","Crane County, Texas","B27001_038",107,68
"2946","48103","Crane County, Texas","B27001_039",80,94
"2947","48103","Crane County, Texas","B27001_040",294,105
"2948","48103","Crane County, Texas","B27001_041",239,111
"2949","48103","Crane County, Texas","B27001_042",55,74
"2950","48103","Crane County, Texas","B27001_043",261,84
"2951","48103","Crane County, Texas","B27001_044",222,89
"2952","48103","Crane County, Texas","B27001_045",39,46
"2953","48103","Crane County, Texas","B27001_046",288,87
"2954","48103","Crane County, Texas","B27001_047",155,64
"2955","48103","Crane County, Texas","B27001_048",133,67
"2956","48103","Crane County, Texas","B27001_049",146,74
"2957","48103","Crane County, Texas","B27001_050",110,59
"2958","48103","Crane County, Texas","B27001_051",36,49
"2959","48103","Crane County, Texas","B27001_052",193,87
"2960","48103","Crane County, Texas","B27001_053",175,84
"2961","48103","Crane County, Texas","B27001_054",18,38
"2962","48103","Crane County, Texas","B27001_055",157,82
"2963","48103","Crane County, Texas","B27001_056",157,82
"2964","48103","Crane County, Texas","B27001_057",0,15
"2965","48105","Crockett County, Texas","B27001_001",2767,282
"2966","48105","Crockett County, Texas","B27001_002",1578,238
"2967","48105","Crockett County, Texas","B27001_003",76,84
"2968","48105","Crockett County, Texas","B27001_004",69,87
"2969","48105","Crockett County, Texas","B27001_005",7,14
"2970","48105","Crockett County, Texas","B27001_006",422,227
"2971","48105","Crockett County, Texas","B27001_007",422,227
"2972","48105","Crockett County, Texas","B27001_008",0,15
"2973","48105","Crockett County, Texas","B27001_009",0,15
"2974","48105","Crockett County, Texas","B27001_010",0,15
"2975","48105","Crockett County, Texas","B27001_011",0,15
"2976","48105","Crockett County, Texas","B27001_012",316,143
"2977","48105","Crockett County, Texas","B27001_013",316,143
"2978","48105","Crockett County, Texas","B27001_014",0,15
"2979","48105","Crockett County, Texas","B27001_015",7,17
"2980","48105","Crockett County, Texas","B27001_016",0,15
"2981","48105","Crockett County, Texas","B27001_017",7,17
"2982","48105","Crockett County, Texas","B27001_018",287,121
"2983","48105","Crockett County, Texas","B27001_019",245,134
"2984","48105","Crockett County, Texas","B27001_020",42,55
"2985","48105","Crockett County, Texas","B27001_021",209,93
"2986","48105","Crockett County, Texas","B27001_022",209,93
"2987","48105","Crockett County, Texas","B27001_023",0,15
"2988","48105","Crockett County, Texas","B27001_024",240,119
"2989","48105","Crockett County, Texas","B27001_025",240,119
"2990","48105","Crockett County, Texas","B27001_026",0,15
"2991","48105","Crockett County, Texas","B27001_027",21,27
"2992","48105","Crockett County, Texas","B27001_028",21,27
"2993","48105","Crockett County, Texas","B27001_029",0,15
"2994","48105","Crockett County, Texas","B27001_030",1189,279
"2995","48105","Crockett County, Texas","B27001_031",42,85
"2996","48105","Crockett County, Texas","B27001_032",42,85
"2997","48105","Crockett County, Texas","B27001_033",0,15
"2998","48105","Crockett County, Texas","B27001_034",206,172
"2999","48105","Crockett County, Texas","B27001_035",206,172
"3000","48105","Crockett County, Texas","B27001_036",0,15
"3001","48105","Crockett County, Texas","B27001_037",0,15
"3002","48105","Crockett County, Texas","B27001_038",0,15
"3003","48105","Crockett County, Texas","B27001_039",0,15
"3004","48105","Crockett County, Texas","B27001_040",193,147
"3005","48105","Crockett County, Texas","B27001_041",193,147
"3006","48105","Crockett County, Texas","B27001_042",0,15
"3007","48105","Crockett County, Texas","B27001_043",187,157
"3008","48105","Crockett County, Texas","B27001_044",187,157
"3009","48105","Crockett County, Texas","B27001_045",0,15
"3010","48105","Crockett County, Texas","B27001_046",198,162
"3011","48105","Crockett County, Texas","B27001_047",198,162
"3012","48105","Crockett County, Texas","B27001_048",0,15
"3013","48105","Crockett County, Texas","B27001_049",116,69
"3014","48105","Crockett County, Texas","B27001_050",109,79
"3015","48105","Crockett County, Texas","B27001_051",7,29
"3016","48105","Crockett County, Texas","B27001_052",195,85
"3017","48105","Crockett County, Texas","B27001_053",195,85
"3018","48105","Crockett County, Texas","B27001_054",0,15
"3019","48105","Crockett County, Texas","B27001_055",52,49
"3020","48105","Crockett County, Texas","B27001_056",52,49
"3021","48105","Crockett County, Texas","B27001_057",0,15
"3022","48107","Crosby County, Texas","B27001_001",4948,34
"3023","48107","Crosby County, Texas","B27001_002",2512,50
"3024","48107","Crosby County, Texas","B27001_003",204,30
"3025","48107","Crosby County, Texas","B27001_004",190,32
"3026","48107","Crosby County, Texas","B27001_005",14,17
"3027","48107","Crosby County, Texas","B27001_006",497,37
"3028","48107","Crosby County, Texas","B27001_007",441,61
"3029","48107","Crosby County, Texas","B27001_008",56,51
"3030","48107","Crosby County, Texas","B27001_009",259,43
"3031","48107","Crosby County, Texas","B27001_010",131,57
"3032","48107","Crosby County, Texas","B27001_011",128,55
"3033","48107","Crosby County, Texas","B27001_012",301,83
"3034","48107","Crosby County, Texas","B27001_013",217,76
"3035","48107","Crosby County, Texas","B27001_014",84,59
"3036","48107","Crosby County, Texas","B27001_015",337,67
"3037","48107","Crosby County, Texas","B27001_016",213,67
"3038","48107","Crosby County, Texas","B27001_017",124,40
"3039","48107","Crosby County, Texas","B27001_018",211,41
"3040","48107","Crosby County, Texas","B27001_019",142,36
"3041","48107","Crosby County, Texas","B27001_020",69,34
"3042","48107","Crosby County, Texas","B27001_021",270,29
"3043","48107","Crosby County, Texas","B27001_022",223,36
"3044","48107","Crosby County, Texas","B27001_023",47,24
"3045","48107","Crosby County, Texas","B27001_024",283,40
"3046","48107","Crosby County, Texas","B27001_025",270,44
"3047","48107","Crosby County, Texas","B27001_026",13,17
"3048","48107","Crosby County, Texas","B27001_027",150,33
"3049","48107","Crosby County, Texas","B27001_028",150,33
"3050","48107","Crosby County, Texas","B27001_029",0,21
"3051","48107","Crosby County, Texas","B27001_030",2436,44
"3052","48107","Crosby County, Texas","B27001_031",159,25
"3053","48107","Crosby County, Texas","B27001_032",147,31
"3054","48107","Crosby County, Texas","B27001_033",12,18
"3055","48107","Crosby County, Texas","B27001_034",485,50
"3056","48107","Crosby County, Texas","B27001_035",400,51
"3057","48107","Crosby County, Texas","B27001_036",85,43
"3058","48107","Crosby County, Texas","B27001_037",190,38
"3059","48107","Crosby County, Texas","B27001_038",97,37
"3060","48107","Crosby County, Texas","B27001_039",93,36
"3061","48107","Crosby County, Texas","B27001_040",223,30
"3062","48107","Crosby County, Texas","B27001_041",132,35
"3063","48107","Crosby County, Texas","B27001_042",91,34
"3064","48107","Crosby County, Texas","B27001_043",297,12
"3065","48107","Crosby County, Texas","B27001_044",198,39
"3066","48107","Crosby County, Texas","B27001_045",99,38
"3067","48107","Crosby County, Texas","B27001_046",276,7
"3068","48107","Crosby County, Texas","B27001_047",232,24
"3069","48107","Crosby County, Texas","B27001_048",44,23
"3070","48107","Crosby County, Texas","B27001_049",312,7
"3071","48107","Crosby County, Texas","B27001_050",270,23
"3072","48107","Crosby County, Texas","B27001_051",42,24
"3073","48107","Crosby County, Texas","B27001_052",270,21
"3074","48107","Crosby County, Texas","B27001_053",270,21
"3075","48107","Crosby County, Texas","B27001_054",0,21
"3076","48107","Crosby County, Texas","B27001_055",224,15
"3077","48107","Crosby County, Texas","B27001_056",224,15
"3078","48107","Crosby County, Texas","B27001_057",0,21
"3079","48109","Culberson County, Texas","B27001_001",2177,18
"3080","48109","Culberson County, Texas","B27001_002",1170,190
"3081","48109","Culberson County, Texas","B27001_003",14,43
"3082","48109","Culberson County, Texas","B27001_004",0,15
"3083","48109","Culberson County, Texas","B27001_005",14,43
"3084","48109","Culberson County, Texas","B27001_006",305,188
"3085","48109","Culberson County, Texas","B27001_007",291,181
"3086","48109","Culberson County, Texas","B27001_008",14,42
"3087","48109","Culberson County, Texas","B27001_009",38,37
"3088","48109","Culberson County, Texas","B27001_010",38,37
"3089","48109","Culberson County, Texas","B27001_011",0,15
"3090","48109","Culberson County, Texas","B27001_012",121,130
"3091","48109","Culberson County, Texas","B27001_013",33,54
"3092","48109","Culberson County, Texas","B27001_014",88,113
"3093","48109","Culberson County, Texas","B27001_015",104,72
"3094","48109","Culberson County, Texas","B27001_016",34,35
"3095","48109","Culberson County, Texas","B27001_017",70,80
"3096","48109","Culberson County, Texas","B27001_018",115,77
"3097","48109","Culberson County, Texas","B27001_019",66,61
"3098","48109","Culberson County, Texas","B27001_020",49,75
"3099","48109","Culberson County, Texas","B27001_021",95,73
"3100","48109","Culberson County, Texas","B27001_022",91,73
"3101","48109","Culberson County, Texas","B27001_023",4,3
"3102","48109","Culberson County, Texas","B27001_024",264,136
"3103","48109","Culberson County, Texas","B27001_025",264,136
"3104","48109","Culberson County, Texas","B27001_026",0,15
"3105","48109","Culberson County, Texas","B27001_027",114,102
"3106","48109","Culberson County, Texas","B27001_028",87,87
"3107","48109","Culberson County, Texas","B27001_029",27,37
"3108","48109","Culberson County, Texas","B27001_030",1007,187
"3109","48109","Culberson County, Texas","B27001_031",156,133
"3110","48109","Culberson County, Texas","B27001_032",156,133
"3111","48109","Culberson County, Texas","B27001_033",0,15
"3112","48109","Culberson County, Texas","B27001_034",117,91
"3113","48109","Culberson County, Texas","B27001_035",117,91
"3114","48109","Culberson County, Texas","B27001_036",0,15
"3115","48109","Culberson County, Texas","B27001_037",83,57
"3116","48109","Culberson County, Texas","B27001_038",51,51
"3117","48109","Culberson County, Texas","B27001_039",32,48
"3118","48109","Culberson County, Texas","B27001_040",46,51
"3119","48109","Culberson County, Texas","B27001_041",4,28
"3120","48109","Culberson County, Texas","B27001_042",42,49
"3121","48109","Culberson County, Texas","B27001_043",97,62
"3122","48109","Culberson County, Texas","B27001_044",54,38
"3123","48109","Culberson County, Texas","B27001_045",43,58
"3124","48109","Culberson County, Texas","B27001_046",152,65
"3125","48109","Culberson County, Texas","B27001_047",117,61
"3126","48109","Culberson County, Texas","B27001_048",35,32
"3127","48109","Culberson County, Texas","B27001_049",93,62
"3128","48109","Culberson County, Texas","B27001_050",93,62
"3129","48109","Culberson County, Texas","B27001_051",0,15
"3130","48109","Culberson County, Texas","B27001_052",161,97
"3131","48109","Culberson County, Texas","B27001_053",161,97
"3132","48109","Culberson County, Texas","B27001_054",0,15
"3133","48109","Culberson County, Texas","B27001_055",102,72
"3134","48109","Culberson County, Texas","B27001_056",102,72
"3135","48109","Culberson County, Texas","B27001_057",0,15
"3136","48111","Dallam County, Texas","B27001_001",7264,3
"3137","48111","Dallam County, Texas","B27001_002",3998,177
"3138","48111","Dallam County, Texas","B27001_003",299,150
"3139","48111","Dallam County, Texas","B27001_004",139,156
"3140","48111","Dallam County, Texas","B27001_005",160,93
"3141","48111","Dallam County, Texas","B27001_006",1164,271
"3142","48111","Dallam County, Texas","B27001_007",944,124
"3143","48111","Dallam County, Texas","B27001_008",220,197
"3144","48111","Dallam County, Texas","B27001_009",197,207
"3145","48111","Dallam County, Texas","B27001_010",195,208
"3146","48111","Dallam County, Texas","B27001_011",2,4
"3147","48111","Dallam County, Texas","B27001_012",528,194
"3148","48111","Dallam County, Texas","B27001_013",381,174
"3149","48111","Dallam County, Texas","B27001_014",147,79
"3150","48111","Dallam County, Texas","B27001_015",667,131
"3151","48111","Dallam County, Texas","B27001_016",500,183
"3152","48111","Dallam County, Texas","B27001_017",167,138
"3153","48111","Dallam County, Texas","B27001_018",353,162
"3154","48111","Dallam County, Texas","B27001_019",246,135
"3155","48111","Dallam County, Texas","B27001_020",107,96
"3156","48111","Dallam County, Texas","B27001_021",375,184
"3157","48111","Dallam County, Texas","B27001_022",209,42
"3158","48111","Dallam County, Texas","B27001_023",166,194
"3159","48111","Dallam County, Texas","B27001_024",290,100
"3160","48111","Dallam County, Texas","B27001_025",290,100
"3161","48111","Dallam County, Texas","B27001_026",0,21
"3162","48111","Dallam County, Texas","B27001_027",125,53
"3163","48111","Dallam County, Texas","B27001_028",125,53
"3164","48111","Dallam County, Texas","B27001_029",0,21
"3165","48111","Dallam County, Texas","B27001_030",3266,177
"3166","48111","Dallam County, Texas","B27001_031",276,128
"3167","48111","Dallam County, Texas","B27001_032",191,102
"3168","48111","Dallam County, Texas","B27001_033",85,102
"3169","48111","Dallam County, Texas","B27001_034",829,126
"3170","48111","Dallam County, Texas","B27001_035",741,146
"3171","48111","Dallam County, Texas","B27001_036",88,99
"3172","48111","Dallam County, Texas","B27001_037",310,220
"3173","48111","Dallam County, Texas","B27001_038",21,43
"3174","48111","Dallam County, Texas","B27001_039",289,238
"3175","48111","Dallam County, Texas","B27001_040",377,219
"3176","48111","Dallam County, Texas","B27001_041",276,211
"3177","48111","Dallam County, Texas","B27001_042",101,121
"3178","48111","Dallam County, Texas","B27001_043",603,116
"3179","48111","Dallam County, Texas","B27001_044",466,144
"3180","48111","Dallam County, Texas","B27001_045",137,117
"3181","48111","Dallam County, Texas","B27001_046",182,105
"3182","48111","Dallam County, Texas","B27001_047",110,79
"3183","48111","Dallam County, Texas","B27001_048",72,72
"3184","48111","Dallam County, Texas","B27001_049",289,101
"3185","48111","Dallam County, Texas","B27001_050",255,98
"3186","48111","Dallam County, Texas","B27001_051",34,34
"3187","48111","Dallam County, Texas","B27001_052",272,117
"3188","48111","Dallam County, Texas","B27001_053",272,117
"3189","48111","Dallam County, Texas","B27001_054",0,21
"3190","48111","Dallam County, Texas","B27001_055",128,35
"3191","48111","Dallam County, Texas","B27001_056",128,35
"3192","48111","Dallam County, Texas","B27001_057",0,21
"3193","48113","Dallas County, Texas","B27001_001",2601589,947
"3194","48113","Dallas County, Texas","B27001_002",1286204,1034
"3195","48113","Dallas County, Texas","B27001_003",110028,1278
"3196","48113","Dallas County, Texas","B27001_004",98903,1782
"3197","48113","Dallas County, Texas","B27001_005",11125,1309
"3198","48113","Dallas County, Texas","B27001_006",245114,1815
"3199","48113","Dallas County, Texas","B27001_007",200719,3142
"3200","48113","Dallas County, Texas","B27001_008",44395,2563
"3201","48113","Dallas County, Texas","B27001_009",129640,1883
"3202","48113","Dallas County, Texas","B27001_010",82844,2295
"3203","48113","Dallas County, Texas","B27001_011",46796,1946
"3204","48113","Dallas County, Texas","B27001_012",192617,1616
"3205","48113","Dallas County, Texas","B27001_013",131771,2593
"3206","48113","Dallas County, Texas","B27001_014",60846,2479
"3207","48113","Dallas County, Texas","B27001_015",179397,417
"3208","48113","Dallas County, Texas","B27001_016",122909,2363
"3209","48113","Dallas County, Texas","B27001_017",56488,2333
"3210","48113","Dallas County, Texas","B27001_018",154014,484
"3211","48113","Dallas County, Texas","B27001_019",111104,2008
"3212","48113","Dallas County, Texas","B27001_020",42910,2016
"3213","48113","Dallas County, Texas","B27001_021",141313,317
"3214","48113","Dallas County, Texas","B27001_022",111364,1512
"3215","48113","Dallas County, Texas","B27001_023",29949,1485
"3216","48113","Dallas County, Texas","B27001_024",88201,237
"3217","48113","Dallas County, Texas","B27001_025",85519,531
"3218","48113","Dallas County, Texas","B27001_026",2682,494
"3219","48113","Dallas County, Texas","B27001_027",45880,257
"3220","48113","Dallas County, Texas","B27001_028",45041,418
"3221","48113","Dallas County, Texas","B27001_029",839,323
"3222","48113","Dallas County, Texas","B27001_030",1315385,415
"3223","48113","Dallas County, Texas","B27001_031",106606,1476
"3224","48113","Dallas County, Texas","B27001_032",96031,1683
"3225","48113","Dallas County, Texas","B27001_033",10575,1078
"3226","48113","Dallas County, Texas","B27001_034",231485,1795
"3227","48113","Dallas County, Texas","B27001_035",190382,3029
"3228","48113","Dallas County, Texas","B27001_036",41103,2419
"3229","48113","Dallas County, Texas","B27001_037",131312,1427
"3230","48113","Dallas County, Texas","B27001_038",91092,1960
"3231","48113","Dallas County, Texas","B27001_039",40220,1905
"3232","48113","Dallas County, Texas","B27001_040",194321,1135
"3233","48113","Dallas County, Texas","B27001_041",143621,2048
"3234","48113","Dallas County, Texas","B27001_042",50700,1927
"3235","48113","Dallas County, Texas","B27001_043",178533,124
"3236","48113","Dallas County, Texas","B27001_044",129557,1478
"3237","48113","Dallas County, Texas","B27001_045",48976,1489
"3238","48113","Dallas County, Texas","B27001_046",160125,146
"3239","48113","Dallas County, Texas","B27001_047",120531,1814
"3240","48113","Dallas County, Texas","B27001_048",39594,1811
"3241","48113","Dallas County, Texas","B27001_049",144027,202
"3242","48113","Dallas County, Texas","B27001_050",117498,1481
"3243","48113","Dallas County, Texas","B27001_051",26529,1473
"3244","48113","Dallas County, Texas","B27001_052",102517,207
"3245","48113","Dallas County, Texas","B27001_053",99135,564
"3246","48113","Dallas County, Texas","B27001_054",3382,546
"3247","48113","Dallas County, Texas","B27001_055",66459,308
"3248","48113","Dallas County, Texas","B27001_056",65382,383
"3249","48113","Dallas County, Texas","B27001_057",1077,267
"3250","48115","Dawson County, Texas","B27001_001",10289,65
"3251","48115","Dawson County, Texas","B27001_002",5172,165
"3252","48115","Dawson County, Texas","B27001_003",428,83
"3253","48115","Dawson County, Texas","B27001_004",400,69
"3254","48115","Dawson County, Texas","B27001_005",28,36
"3255","48115","Dawson County, Texas","B27001_006",1233,159
"3256","48115","Dawson County, Texas","B27001_007",1026,153
"3257","48115","Dawson County, Texas","B27001_008",207,91
"3258","48115","Dawson County, Texas","B27001_009",632,151
"3259","48115","Dawson County, Texas","B27001_010",374,158
"3260","48115","Dawson County, Texas","B27001_011",258,133
"3261","48115","Dawson County, Texas","B27001_012",675,109
"3262","48115","Dawson County, Texas","B27001_013",449,94
"3263","48115","Dawson County, Texas","B27001_014",226,102
"3264","48115","Dawson County, Texas","B27001_015",674,98
"3265","48115","Dawson County, Texas","B27001_016",401,113
"3266","48115","Dawson County, Texas","B27001_017",273,110
"3267","48115","Dawson County, Texas","B27001_018",411,118
"3268","48115","Dawson County, Texas","B27001_019",202,94
"3269","48115","Dawson County, Texas","B27001_020",209,74
"3270","48115","Dawson County, Texas","B27001_021",497,80
"3271","48115","Dawson County, Texas","B27001_022",407,81
"3272","48115","Dawson County, Texas","B27001_023",90,56
"3273","48115","Dawson County, Texas","B27001_024",351,92
"3274","48115","Dawson County, Texas","B27001_025",346,91
"3275","48115","Dawson County, Texas","B27001_026",5,8
"3276","48115","Dawson County, Texas","B27001_027",271,62
"3277","48115","Dawson County, Texas","B27001_028",271,62
"3278","48115","Dawson County, Texas","B27001_029",0,23
"3279","48115","Dawson County, Texas","B27001_030",5117,156
"3280","48115","Dawson County, Texas","B27001_031",496,95
"3281","48115","Dawson County, Texas","B27001_032",309,100
"3282","48115","Dawson County, Texas","B27001_033",187,147
"3283","48115","Dawson County, Texas","B27001_034",1014,137
"3284","48115","Dawson County, Texas","B27001_035",743,178
"3285","48115","Dawson County, Texas","B27001_036",271,134
"3286","48115","Dawson County, Texas","B27001_037",432,103
"3287","48115","Dawson County, Texas","B27001_038",399,106
"3288","48115","Dawson County, Texas","B27001_039",33,29
"3289","48115","Dawson County, Texas","B27001_040",560,166
"3290","48115","Dawson County, Texas","B27001_041",363,128
"3291","48115","Dawson County, Texas","B27001_042",197,122
"3292","48115","Dawson County, Texas","B27001_043",631,137
"3293","48115","Dawson County, Texas","B27001_044",479,136
"3294","48115","Dawson County, Texas","B27001_045",152,105
"3295","48115","Dawson County, Texas","B27001_046",493,51
"3296","48115","Dawson County, Texas","B27001_047",389,71
"3297","48115","Dawson County, Texas","B27001_048",104,44
"3298","48115","Dawson County, Texas","B27001_049",591,38
"3299","48115","Dawson County, Texas","B27001_050",517,65
"3300","48115","Dawson County, Texas","B27001_051",74,46
"3301","48115","Dawson County, Texas","B27001_052",494,16
"3302","48115","Dawson County, Texas","B27001_053",494,16
"3303","48115","Dawson County, Texas","B27001_054",0,23
"3304","48115","Dawson County, Texas","B27001_055",406,34
"3305","48115","Dawson County, Texas","B27001_056",406,34
"3306","48115","Dawson County, Texas","B27001_057",0,23
"3307","48117","Deaf Smith County, Texas","B27001_001",18257,18
"3308","48117","Deaf Smith County, Texas","B27001_002",9452,132
"3309","48117","Deaf Smith County, Texas","B27001_003",1144,200
"3310","48117","Deaf Smith County, Texas","B27001_004",1042,212
"3311","48117","Deaf Smith County, Texas","B27001_005",102,73
"3312","48117","Deaf Smith County, Texas","B27001_006",2137,234
"3313","48117","Deaf Smith County, Texas","B27001_007",1871,244
"3314","48117","Deaf Smith County, Texas","B27001_008",266,121
"3315","48117","Deaf Smith County, Texas","B27001_009",963,105
"3316","48117","Deaf Smith County, Texas","B27001_010",616,194
"3317","48117","Deaf Smith County, Texas","B27001_011",347,185
"3318","48117","Deaf Smith County, Texas","B27001_012",1123,89
"3319","48117","Deaf Smith County, Texas","B27001_013",933,120
"3320","48117","Deaf Smith County, Texas","B27001_014",190,122
"3321","48117","Deaf Smith County, Texas","B27001_015",1139,104
"3322","48117","Deaf Smith County, Texas","B27001_016",590,181
"3323","48117","Deaf Smith County, Texas","B27001_017",549,218
"3324","48117","Deaf Smith County, Texas","B27001_018",936,51
"3325","48117","Deaf Smith County, Texas","B27001_019",675,139
"3326","48117","Deaf Smith County, Texas","B27001_020",261,125
"3327","48117","Deaf Smith County, Texas","B27001_021",923,20
"3328","48117","Deaf Smith County, Texas","B27001_022",693,150
"3329","48117","Deaf Smith County, Texas","B27001_023",230,153
"3330","48117","Deaf Smith County, Texas","B27001_024",769,83
"3331","48117","Deaf Smith County, Texas","B27001_025",748,84
"3332","48117","Deaf Smith County, Texas","B27001_026",21,31
"3333","48117","Deaf Smith County, Texas","B27001_027",318,81
"3334","48117","Deaf Smith County, Texas","B27001_028",318,81
"3335","48117","Deaf Smith County, Texas","B27001_029",0,23
"3336","48117","Deaf Smith County, Texas","B27001_030",8805,131
"3337","48117","Deaf Smith County, Texas","B27001_031",870,85
"3338","48117","Deaf Smith County, Texas","B27001_032",825,102
"3339","48117","Deaf Smith County, Texas","B27001_033",45,61
"3340","48117","Deaf Smith County, Texas","B27001_034",1881,160
"3341","48117","Deaf Smith County, Texas","B27001_035",1558,246
"3342","48117","Deaf Smith County, Texas","B27001_036",323,194
"3343","48117","Deaf Smith County, Texas","B27001_037",804,79
"3344","48117","Deaf Smith County, Texas","B27001_038",627,134
"3345","48117","Deaf Smith County, Texas","B27001_039",177,114
"3346","48117","Deaf Smith County, Texas","B27001_040",1136,104
"3347","48117","Deaf Smith County, Texas","B27001_041",701,178
"3348","48117","Deaf Smith County, Texas","B27001_042",435,157
"3349","48117","Deaf Smith County, Texas","B27001_043",1036,72
"3350","48117","Deaf Smith County, Texas","B27001_044",641,169
"3351","48117","Deaf Smith County, Texas","B27001_045",395,164
"3352","48117","Deaf Smith County, Texas","B27001_046",968,67
"3353","48117","Deaf Smith County, Texas","B27001_047",728,118
"3354","48117","Deaf Smith County, Texas","B27001_048",240,111
"3355","48117","Deaf Smith County, Texas","B27001_049",865,29
"3356","48117","Deaf Smith County, Texas","B27001_050",611,106
"3357","48117","Deaf Smith County, Texas","B27001_051",254,108
"3358","48117","Deaf Smith County, Texas","B27001_052",752,47
"3359","48117","Deaf Smith County, Texas","B27001_053",752,47
"3360","48117","Deaf Smith County, Texas","B27001_054",0,23
"3361","48117","Deaf Smith County, Texas","B27001_055",493,29
"3362","48117","Deaf Smith County, Texas","B27001_056",493,29
"3363","48117","Deaf Smith County, Texas","B27001_057",0,23
"3364","48119","Delta County, Texas","B27001_001",5385,2
"3365","48119","Delta County, Texas","B27001_002",2434,132
"3366","48119","Delta County, Texas","B27001_003",184,82
"3367","48119","Delta County, Texas","B27001_004",184,82
"3368","48119","Delta County, Texas","B27001_005",0,21
"3369","48119","Delta County, Texas","B27001_006",335,58
"3370","48119","Delta County, Texas","B27001_007",306,56
"3371","48119","Delta County, Texas","B27001_008",29,26
"3372","48119","Delta County, Texas","B27001_009",190,51
"3373","48119","Delta County, Texas","B27001_010",114,41
"3374","48119","Delta County, Texas","B27001_011",76,48
"3375","48119","Delta County, Texas","B27001_012",274,69
"3376","48119","Delta County, Texas","B27001_013",200,76
"3377","48119","Delta County, Texas","B27001_014",74,52
"3378","48119","Delta County, Texas","B27001_015",279,41
"3379","48119","Delta County, Texas","B27001_016",198,61
"3380","48119","Delta County, Texas","B27001_017",81,61
"3381","48119","Delta County, Texas","B27001_018",300,45
"3382","48119","Delta County, Texas","B27001_019",278,45
"3383","48119","Delta County, Texas","B27001_020",22,21
"3384","48119","Delta County, Texas","B27001_021",372,39
"3385","48119","Delta County, Texas","B27001_022",332,40
"3386","48119","Delta County, Texas","B27001_023",40,30
"3387","48119","Delta County, Texas","B27001_024",311,29
"3388","48119","Delta County, Texas","B27001_025",308,28
"3389","48119","Delta County, Texas","B27001_026",3,5
"3390","48119","Delta County, Texas","B27001_027",189,41
"3391","48119","Delta County, Texas","B27001_028",189,41
"3392","48119","Delta County, Texas","B27001_029",0,21
"3393","48119","Delta County, Texas","B27001_030",2951,132
"3394","48119","Delta County, Texas","B27001_031",292,112
"3395","48119","Delta County, Texas","B27001_032",292,112
"3396","48119","Delta County, Texas","B27001_033",0,21
"3397","48119","Delta County, Texas","B27001_034",513,52
"3398","48119","Delta County, Texas","B27001_035",495,49
"3399","48119","Delta County, Texas","B27001_036",18,26
"3400","48119","Delta County, Texas","B27001_037",112,57
"3401","48119","Delta County, Texas","B27001_038",106,57
"3402","48119","Delta County, Texas","B27001_039",6,8
"3403","48119","Delta County, Texas","B27001_040",451,106
"3404","48119","Delta County, Texas","B27001_041",407,103
"3405","48119","Delta County, Texas","B27001_042",44,47
"3406","48119","Delta County, Texas","B27001_043",433,82
"3407","48119","Delta County, Texas","B27001_044",359,99
"3408","48119","Delta County, Texas","B27001_045",74,75
"3409","48119","Delta County, Texas","B27001_046",216,40
"3410","48119","Delta County, Texas","B27001_047",190,41
"3411","48119","Delta County, Texas","B27001_048",26,24
"3412","48119","Delta County, Texas","B27001_049",369,30
"3413","48119","Delta County, Texas","B27001_050",354,33
"3414","48119","Delta County, Texas","B27001_051",15,18
"3415","48119","Delta County, Texas","B27001_052",325,31
"3416","48119","Delta County, Texas","B27001_053",319,31
"3417","48119","Delta County, Texas","B27001_054",6,10
"3418","48119","Delta County, Texas","B27001_055",240,41
"3419","48119","Delta County, Texas","B27001_056",240,41
"3420","48119","Delta County, Texas","B27001_057",0,21
"3421","48121","Denton County, Texas","B27001_001",975783,220
"3422","48121","Denton County, Texas","B27001_002",482991,321
"3423","48121","Denton County, Texas","B27001_003",34703,757
"3424","48121","Denton County, Texas","B27001_004",31383,921
"3425","48121","Denton County, Texas","B27001_005",3320,635
"3426","48121","Denton County, Texas","B27001_006",88407,865
"3427","48121","Denton County, Texas","B27001_007",80478,1104
"3428","48121","Denton County, Texas","B27001_008",7929,750
"3429","48121","Denton County, Texas","B27001_009",44414,955
"3430","48121","Denton County, Texas","B27001_010",35567,1046
"3431","48121","Denton County, Texas","B27001_011",8847,1063
"3432","48121","Denton County, Texas","B27001_012",63199,932
"3433","48121","Denton County, Texas","B27001_013",51901,1196
"3434","48121","Denton County, Texas","B27001_014",11298,1129
"3435","48121","Denton County, Texas","B27001_015",75971,180
"3436","48121","Denton County, Texas","B27001_016",65671,784
"3437","48121","Denton County, Texas","B27001_017",10300,782
"3438","48121","Denton County, Texas","B27001_018",70160,83
"3439","48121","Denton County, Texas","B27001_019",62514,944
"3440","48121","Denton County, Texas","B27001_020",7646,932
"3441","48121","Denton County, Texas","B27001_021",56018,80
"3442","48121","Denton County, Texas","B27001_022",51557,569
"3443","48121","Denton County, Texas","B27001_023",4461,569
"3444","48121","Denton County, Texas","B27001_024",32574,90
"3445","48121","Denton County, Texas","B27001_025",32023,209
"3446","48121","Denton County, Texas","B27001_026",551,196
"3447","48121","Denton County, Texas","B27001_027",17545,162
"3448","48121","Denton County, Texas","B27001_028",17375,193
"3449","48121","Denton County, Texas","B27001_029",170,85
"3450","48121","Denton County, Texas","B27001_030",492792,282
"3451","48121","Denton County, Texas","B27001_031",33449,856
"3452","48121","Denton County, Texas","B27001_032",31457,1022
"3453","48121","Denton County, Texas","B27001_033",1992,393
"3454","48121","Denton County, Texas","B27001_034",84904,1042
"3455","48121","Denton County, Texas","B27001_035",78224,1288
"3456","48121","Denton County, Texas","B27001_036",6680,809
"3457","48121","Denton County, Texas","B27001_037",45058,943
"3458","48121","Denton County, Texas","B27001_038",37684,1044
"3459","48121","Denton County, Texas","B27001_039",7374,863
"3460","48121","Denton County, Texas","B27001_040",64390,815
"3461","48121","Denton County, Texas","B27001_041",54918,1287
"3462","48121","Denton County, Texas","B27001_042",9472,1129
"3463","48121","Denton County, Texas","B27001_043",77448,81
"3464","48121","Denton County, Texas","B27001_044",67825,1145
"3465","48121","Denton County, Texas","B27001_045",9623,1140
"3466","48121","Denton County, Texas","B27001_046",69878,89
"3467","48121","Denton County, Texas","B27001_047",62855,719
"3468","48121","Denton County, Texas","B27001_048",7023,729
"3469","48121","Denton County, Texas","B27001_049",56499,88
"3470","48121","Denton County, Texas","B27001_050",50737,722
"3471","48121","Denton County, Texas","B27001_051",5762,728
"3472","48121","Denton County, Texas","B27001_052",37785,109
"3473","48121","Denton County, Texas","B27001_053",37113,233
"3474","48121","Denton County, Texas","B27001_054",672,216
"3475","48121","Denton County, Texas","B27001_055",23381,203
"3476","48121","Denton County, Texas","B27001_056",23087,251
"3477","48121","Denton County, Texas","B27001_057",294,142
"3478","48123","DeWitt County, Texas","B27001_001",18243,65
"3479","48123","DeWitt County, Texas","B27001_002",8941,216
"3480","48123","DeWitt County, Texas","B27001_003",774,131
"3481","48123","DeWitt County, Texas","B27001_004",679,150
"3482","48123","DeWitt County, Texas","B27001_005",95,63
"3483","48123","DeWitt County, Texas","B27001_006",1555,154
"3484","48123","DeWitt County, Texas","B27001_007",1368,158
"3485","48123","DeWitt County, Texas","B27001_008",187,130
"3486","48123","DeWitt County, Texas","B27001_009",901,142
"3487","48123","DeWitt County, Texas","B27001_010",359,180
"3488","48123","DeWitt County, Texas","B27001_011",542,160
"3489","48123","DeWitt County, Texas","B27001_012",666,155
"3490","48123","DeWitt County, Texas","B27001_013",461,120
"3491","48123","DeWitt County, Texas","B27001_014",205,108
"3492","48123","DeWitt County, Texas","B27001_015",1263,165
"3493","48123","DeWitt County, Texas","B27001_016",1035,167
"3494","48123","DeWitt County, Texas","B27001_017",228,130
"3495","48123","DeWitt County, Texas","B27001_018",878,168
"3496","48123","DeWitt County, Texas","B27001_019",797,157
"3497","48123","DeWitt County, Texas","B27001_020",81,60
"3498","48123","DeWitt County, Texas","B27001_021",1281,68
"3499","48123","DeWitt County, Texas","B27001_022",1099,90
"3500","48123","DeWitt County, Texas","B27001_023",182,81
"3501","48123","DeWitt County, Texas","B27001_024",1077,61
"3502","48123","DeWitt County, Texas","B27001_025",1065,66
"3503","48123","DeWitt County, Texas","B27001_026",12,17
"3504","48123","DeWitt County, Texas","B27001_027",546,54
"3505","48123","DeWitt County, Texas","B27001_028",506,75
"3506","48123","DeWitt County, Texas","B27001_029",40,57
"3507","48123","DeWitt County, Texas","B27001_030",9302,198
"3508","48123","DeWitt County, Texas","B27001_031",762,158
"3509","48123","DeWitt County, Texas","B27001_032",698,163
"3510","48123","DeWitt County, Texas","B27001_033",64,47
"3511","48123","DeWitt County, Texas","B27001_034",1557,282
"3512","48123","DeWitt County, Texas","B27001_035",1356,231
"3513","48123","DeWitt County, Texas","B27001_036",201,131
"3514","48123","DeWitt County, Texas","B27001_037",703,136
"3515","48123","DeWitt County, Texas","B27001_038",369,124
"3516","48123","DeWitt County, Texas","B27001_039",334,124
"3517","48123","DeWitt County, Texas","B27001_040",780,125
"3518","48123","DeWitt County, Texas","B27001_041",638,143
"3519","48123","DeWitt County, Texas","B27001_042",142,75
"3520","48123","DeWitt County, Texas","B27001_043",1068,66
"3521","48123","DeWitt County, Texas","B27001_044",725,115
"3522","48123","DeWitt County, Texas","B27001_045",343,103
"3523","48123","DeWitt County, Texas","B27001_046",1066,72
"3524","48123","DeWitt County, Texas","B27001_047",851,130
"3525","48123","DeWitt County, Texas","B27001_048",215,121
"3526","48123","DeWitt County, Texas","B27001_049",1274,14
"3527","48123","DeWitt County, Texas","B27001_050",1086,88
"3528","48123","DeWitt County, Texas","B27001_051",188,86
"3529","48123","DeWitt County, Texas","B27001_052",1240,20
"3530","48123","DeWitt County, Texas","B27001_053",1195,46
"3531","48123","DeWitt County, Texas","B27001_054",45,42
"3532","48123","DeWitt County, Texas","B27001_055",852,41
"3533","48123","DeWitt County, Texas","B27001_056",852,41
"3534","48123","DeWitt County, Texas","B27001_057",0,28
"3535","48125","Dickens County, Texas","B27001_001",1711,155
"3536","48125","Dickens County, Texas","B27001_002",808,98
"3537","48125","Dickens County, Texas","B27001_003",28,17
"3538","48125","Dickens County, Texas","B27001_004",26,17
"3539","48125","Dickens County, Texas","B27001_005",2,3
"3540","48125","Dickens County, Texas","B27001_006",151,46
"3541","48125","Dickens County, Texas","B27001_007",141,46
"3542","48125","Dickens County, Texas","B27001_008",10,11
"3543","48125","Dickens County, Texas","B27001_009",67,33
"3544","48125","Dickens County, Texas","B27001_010",57,32
"3545","48125","Dickens County, Texas","B27001_011",10,16
"3546","48125","Dickens County, Texas","B27001_012",79,43
"3547","48125","Dickens County, Texas","B27001_013",57,34
"3548","48125","Dickens County, Texas","B27001_014",22,26
"3549","48125","Dickens County, Texas","B27001_015",86,38
"3550","48125","Dickens County, Texas","B27001_016",75,33
"3551","48125","Dickens County, Texas","B27001_017",11,12
"3552","48125","Dickens County, Texas","B27001_018",69,31
"3553","48125","Dickens County, Texas","B27001_019",55,28
"3554","48125","Dickens County, Texas","B27001_020",14,14
"3555","48125","Dickens County, Texas","B27001_021",143,38
"3556","48125","Dickens County, Texas","B27001_022",115,36
"3557","48125","Dickens County, Texas","B27001_023",28,16
"3558","48125","Dickens County, Texas","B27001_024",86,28
"3559","48125","Dickens County, Texas","B27001_025",86,28
"3560","48125","Dickens County, Texas","B27001_026",0,15
"3561","48125","Dickens County, Texas","B27001_027",99,27
"3562","48125","Dickens County, Texas","B27001_028",99,27
"3563","48125","Dickens County, Texas","B27001_029",0,15
"3564","48125","Dickens County, Texas","B27001_030",903,99
"3565","48125","Dickens County, Texas","B27001_031",98,31
"3566","48125","Dickens County, Texas","B27001_032",52,29
"3567","48125","Dickens County, Texas","B27001_033",46,34
"3568","48125","Dickens County, Texas","B27001_034",117,38
"3569","48125","Dickens County, Texas","B27001_035",115,38
"3570","48125","Dickens County, Texas","B27001_036",2,4
"3571","48125","Dickens County, Texas","B27001_037",37,24
"3572","48125","Dickens County, Texas","B27001_038",34,24
"3573","48125","Dickens County, Texas","B27001_039",3,4
"3574","48125","Dickens County, Texas","B27001_040",33,18
"3575","48125","Dickens County, Texas","B27001_041",30,16
"3576","48125","Dickens County, Texas","B27001_042",3,6
"3577","48125","Dickens County, Texas","B27001_043",128,40
"3578","48125","Dickens County, Texas","B27001_044",112,36
"3579","48125","Dickens County, Texas","B27001_045",16,18
"3580","48125","Dickens County, Texas","B27001_046",83,31
"3581","48125","Dickens County, Texas","B27001_047",58,28
"3582","48125","Dickens County, Texas","B27001_048",25,15
"3583","48125","Dickens County, Texas","B27001_049",125,44
"3584","48125","Dickens County, Texas","B27001_050",112,38
"3585","48125","Dickens County, Texas","B27001_051",13,16
"3586","48125","Dickens County, Texas","B27001_052",160,44
"3587","48125","Dickens County, Texas","B27001_053",160,44
"3588","48125","Dickens County, Texas","B27001_054",0,15
"3589","48125","Dickens County, Texas","B27001_055",122,29
"3590","48125","Dickens County, Texas","B27001_056",122,29
"3591","48125","Dickens County, Texas","B27001_057",0,15
"3592","48127","Dimmit County, Texas","B27001_001",8247,7
"3593","48127","Dimmit County, Texas","B27001_002",4394,153
"3594","48127","Dimmit County, Texas","B27001_003",506,81
"3595","48127","Dimmit County, Texas","B27001_004",506,81
"3596","48127","Dimmit County, Texas","B27001_005",0,21
"3597","48127","Dimmit County, Texas","B27001_006",761,81
"3598","48127","Dimmit County, Texas","B27001_007",734,81
"3599","48127","Dimmit County, Texas","B27001_008",27,47
"3600","48127","Dimmit County, Texas","B27001_009",375,115
"3601","48127","Dimmit County, Texas","B27001_010",345,114
"3602","48127","Dimmit County, Texas","B27001_011",30,29
"3603","48127","Dimmit County, Texas","B27001_012",594,236
"3604","48127","Dimmit County, Texas","B27001_013",515,222
"3605","48127","Dimmit County, Texas","B27001_014",79,64
"3606","48127","Dimmit County, Texas","B27001_015",666,228
"3607","48127","Dimmit County, Texas","B27001_016",472,218
"3608","48127","Dimmit County, Texas","B27001_017",194,136
"3609","48127","Dimmit County, Texas","B27001_018",440,192
"3610","48127","Dimmit County, Texas","B27001_019",370,204
"3611","48127","Dimmit County, Texas","B27001_020",70,72
"3612","48127","Dimmit County, Texas","B27001_021",482,66
"3613","48127","Dimmit County, Texas","B27001_022",363,102
"3614","48127","Dimmit County, Texas","B27001_023",119,72
"3615","48127","Dimmit County, Texas","B27001_024",364,111
"3616","48127","Dimmit County, Texas","B27001_025",364,111
"3617","48127","Dimmit County, Texas","B27001_026",0,21
"3618","48127","Dimmit County, Texas","B27001_027",206,100
"3619","48127","Dimmit County, Texas","B27001_028",206,100
"3620","48127","Dimmit County, Texas","B27001_029",0,21
"3621","48127","Dimmit County, Texas","B27001_030",3853,153
"3622","48127","Dimmit County, Texas","B27001_031",161,109
"3623","48127","Dimmit County, Texas","B27001_032",161,109
"3624","48127","Dimmit County, Texas","B27001_033",0,21
"3625","48127","Dimmit County, Texas","B27001_034",983,144
"3626","48127","Dimmit County, Texas","B27001_035",979,145
"3627","48127","Dimmit County, Texas","B27001_036",4,9
"3628","48127","Dimmit County, Texas","B27001_037",264,147
"3629","48127","Dimmit County, Texas","B27001_038",128,114
"3630","48127","Dimmit County, Texas","B27001_039",136,115
"3631","48127","Dimmit County, Texas","B27001_040",347,102
"3632","48127","Dimmit County, Texas","B27001_041",247,82
"3633","48127","Dimmit County, Texas","B27001_042",100,73
"3634","48127","Dimmit County, Texas","B27001_043",688,162
"3635","48127","Dimmit County, Texas","B27001_044",517,201
"3636","48127","Dimmit County, Texas","B27001_045",171,153
"3637","48127","Dimmit County, Texas","B27001_046",256,123
"3638","48127","Dimmit County, Texas","B27001_047",165,92
"3639","48127","Dimmit County, Texas","B27001_048",91,94
"3640","48127","Dimmit County, Texas","B27001_049",418,46
"3641","48127","Dimmit County, Texas","B27001_050",311,67
"3642","48127","Dimmit County, Texas","B27001_051",107,49
"3643","48127","Dimmit County, Texas","B27001_052",446,57
"3644","48127","Dimmit County, Texas","B27001_053",401,87
"3645","48127","Dimmit County, Texas","B27001_054",45,59
"3646","48127","Dimmit County, Texas","B27001_055",290,33
"3647","48127","Dimmit County, Texas","B27001_056",268,47
"3648","48127","Dimmit County, Texas","B27001_057",22,38
"3649","48129","Donley County, Texas","B27001_001",3135,22
"3650","48129","Donley County, Texas","B27001_002",1475,78
"3651","48129","Donley County, Texas","B27001_003",87,37
"3652","48129","Donley County, Texas","B27001_004",85,37
"3653","48129","Donley County, Texas","B27001_005",2,4
"3654","48129","Donley County, Texas","B27001_006",287,86
"3655","48129","Donley County, Texas","B27001_007",249,76
"3656","48129","Donley County, Texas","B27001_008",38,39
"3657","48129","Donley County, Texas","B27001_009",235,76
"3658","48129","Donley County, Texas","B27001_010",198,66
"3659","48129","Donley County, Texas","B27001_011",37,54
"3660","48129","Donley County, Texas","B27001_012",81,53
"3661","48129","Donley County, Texas","B27001_013",72,53
"3662","48129","Donley County, Texas","B27001_014",9,16
"3663","48129","Donley County, Texas","B27001_015",153,54
"3664","48129","Donley County, Texas","B27001_016",126,52
"3665","48129","Donley County, Texas","B27001_017",27,40
"3666","48129","Donley County, Texas","B27001_018",145,60
"3667","48129","Donley County, Texas","B27001_019",59,23
"3668","48129","Donley County, Texas","B27001_020",86,63
"3669","48129","Donley County, Texas","B27001_021",193,12
"3670","48129","Donley County, Texas","B27001_022",159,33
"3671","48129","Donley County, Texas","B27001_023",34,27
"3672","48129","Donley County, Texas","B27001_024",190,31
"3673","48129","Donley County, Texas","B27001_025",190,31
"3674","48129","Donley County, Texas","B27001_026",0,15
"3675","48129","Donley County, Texas","B27001_027",104,37
"3676","48129","Donley County, Texas","B27001_028",104,37
"3677","48129","Donley County, Texas","B27001_029",0,15
"3678","48129","Donley County, Texas","B27001_030",1660,81
"3679","48129","Donley County, Texas","B27001_031",71,30
"3680","48129","Donley County, Texas","B27001_032",63,30
"3681","48129","Donley County, Texas","B27001_033",8,9
"3682","48129","Donley County, Texas","B27001_034",266,73
"3683","48129","Donley County, Texas","B27001_035",204,62
"3684","48129","Donley County, Texas","B27001_036",62,56
"3685","48129","Donley County, Texas","B27001_037",184,70
"3686","48129","Donley County, Texas","B27001_038",169,68
"3687","48129","Donley County, Texas","B27001_039",15,23
"3688","48129","Donley County, Texas","B27001_040",138,65
"3689","48129","Donley County, Texas","B27001_041",55,29
"3690","48129","Donley County, Texas","B27001_042",83,62
"3691","48129","Donley County, Texas","B27001_043",245,49
"3692","48129","Donley County, Texas","B27001_044",161,43
"3693","48129","Donley County, Texas","B27001_045",84,61
"3694","48129","Donley County, Texas","B27001_046",118,45
"3695","48129","Donley County, Texas","B27001_047",106,47
"3696","48129","Donley County, Texas","B27001_048",12,15
"3697","48129","Donley County, Texas","B27001_049",194,45
"3698","48129","Donley County, Texas","B27001_050",143,43
"3699","48129","Donley County, Texas","B27001_051",51,28
"3700","48129","Donley County, Texas","B27001_052",243,23
"3701","48129","Donley County, Texas","B27001_053",243,23
"3702","48129","Donley County, Texas","B27001_054",0,15
"3703","48129","Donley County, Texas","B27001_055",201,48
"3704","48129","Donley County, Texas","B27001_056",188,46
"3705","48129","Donley County, Texas","B27001_057",13,22
"3706","48131","Duval County, Texas","B27001_001",9125,27
"3707","48131","Duval County, Texas","B27001_002",4518,206
"3708","48131","Duval County, Texas","B27001_003",331,146
"3709","48131","Duval County, Texas","B27001_004",234,127
"3710","48131","Duval County, Texas","B27001_005",97,90
"3711","48131","Duval County, Texas","B27001_006",865,142
"3712","48131","Duval County, Texas","B27001_007",567,176
"3713","48131","Duval County, Texas","B27001_008",298,161
"3714","48131","Duval County, Texas","B27001_009",519,139
"3715","48131","Duval County, Texas","B27001_010",373,167
"3716","48131","Duval County, Texas","B27001_011",146,177
"3717","48131","Duval County, Texas","B27001_012",679,276
"3718","48131","Duval County, Texas","B27001_013",370,199
"3719","48131","Duval County, Texas","B27001_014",309,268
"3720","48131","Duval County, Texas","B27001_015",383,195
"3721","48131","Duval County, Texas","B27001_016",235,171
"3722","48131","Duval County, Texas","B27001_017",148,104
"3723","48131","Duval County, Texas","B27001_018",268,77
"3724","48131","Duval County, Texas","B27001_019",202,80
"3725","48131","Duval County, Texas","B27001_020",66,55
"3726","48131","Duval County, Texas","B27001_021",580,158
"3727","48131","Duval County, Texas","B27001_022",496,173
"3728","48131","Duval County, Texas","B27001_023",84,62
"3729","48131","Duval County, Texas","B27001_024",494,166
"3730","48131","Duval County, Texas","B27001_025",494,166
"3731","48131","Duval County, Texas","B27001_026",0,21
"3732","48131","Duval County, Texas","B27001_027",399,113
"3733","48131","Duval County, Texas","B27001_028",399,113
"3734","48131","Duval County, Texas","B27001_029",0,21
"3735","48131","Duval County, Texas","B27001_030",4607,200
"3736","48131","Duval County, Texas","B27001_031",483,114
"3737","48131","Duval County, Texas","B27001_032",483,114
"3738","48131","Duval County, Texas","B27001_033",0,21
"3739","48131","Duval County, Texas","B27001_034",995,237
"3740","48131","Duval County, Texas","B27001_035",884,266
"3741","48131","Duval County, Texas","B27001_036",111,89
"3742","48131","Duval County, Texas","B27001_037",315,145
"3743","48131","Duval County, Texas","B27001_038",221,128
"3744","48131","Duval County, Texas","B27001_039",94,79
"3745","48131","Duval County, Texas","B27001_040",617,213
"3746","48131","Duval County, Texas","B27001_041",477,189
"3747","48131","Duval County, Texas","B27001_042",140,107
"3748","48131","Duval County, Texas","B27001_043",365,221
"3749","48131","Duval County, Texas","B27001_044",138,158
"3750","48131","Duval County, Texas","B27001_045",227,168
"3751","48131","Duval County, Texas","B27001_046",638,133
"3752","48131","Duval County, Texas","B27001_047",438,166
"3753","48131","Duval County, Texas","B27001_048",200,88
"3754","48131","Duval County, Texas","B27001_049",460,35
"3755","48131","Duval County, Texas","B27001_050",355,85
"3756","48131","Duval County, Texas","B27001_051",105,77
"3757","48131","Duval County, Texas","B27001_052",346,8
"3758","48131","Duval County, Texas","B27001_053",346,8
"3759","48131","Duval County, Texas","B27001_054",0,21
"3760","48131","Duval County, Texas","B27001_055",388,70
"3761","48131","Duval County, Texas","B27001_056",388,70
"3762","48131","Duval County, Texas","B27001_057",0,21
"3763","48133","Eastland County, Texas","B27001_001",17779,24
"3764","48133","Eastland County, Texas","B27001_002",8775,128
"3765","48133","Eastland County, Texas","B27001_003",677,114
"3766","48133","Eastland County, Texas","B27001_004",677,114
"3767","48133","Eastland County, Texas","B27001_005",0,23
"3768","48133","Eastland County, Texas","B27001_006",1314,134
"3769","48133","Eastland County, Texas","B27001_007",1213,124
"3770","48133","Eastland County, Texas","B27001_008",101,75
"3771","48133","Eastland County, Texas","B27001_009",997,127
"3772","48133","Eastland County, Texas","B27001_010",658,125
"3773","48133","Eastland County, Texas","B27001_011",339,111
"3774","48133","Eastland County, Texas","B27001_012",804,103
"3775","48133","Eastland County, Texas","B27001_013",623,144
"3776","48133","Eastland County, Texas","B27001_014",181,98
"3777","48133","Eastland County, Texas","B27001_015",905,70
"3778","48133","Eastland County, Texas","B27001_016",680,98
"3779","48133","Eastland County, Texas","B27001_017",225,103
"3780","48133","Eastland County, Texas","B27001_018",1048,80
"3781","48133","Eastland County, Texas","B27001_019",811,104
"3782","48133","Eastland County, Texas","B27001_020",237,118
"3783","48133","Eastland County, Texas","B27001_021",1238,33
"3784","48133","Eastland County, Texas","B27001_022",1150,54
"3785","48133","Eastland County, Texas","B27001_023",88,55
"3786","48133","Eastland County, Texas","B27001_024",1130,36
"3787","48133","Eastland County, Texas","B27001_025",1105,42
"3788","48133","Eastland County, Texas","B27001_026",25,41
"3789","48133","Eastland County, Texas","B27001_027",662,30
"3790","48133","Eastland County, Texas","B27001_028",662,30
"3791","48133","Eastland County, Texas","B27001_029",0,23
"3792","48133","Eastland County, Texas","B27001_030",9004,129
"3793","48133","Eastland County, Texas","B27001_031",731,96
"3794","48133","Eastland County, Texas","B27001_032",598,114
"3795","48133","Eastland County, Texas","B27001_033",133,69
"3796","48133","Eastland County, Texas","B27001_034",1425,134
"3797","48133","Eastland County, Texas","B27001_035",1199,159
"3798","48133","Eastland County, Texas","B27001_036",226,105
"3799","48133","Eastland County, Texas","B27001_037",709,86
"3800","48133","Eastland County, Texas","B27001_038",546,120
"3801","48133","Eastland County, Texas","B27001_039",163,105
"3802","48133","Eastland County, Texas","B27001_040",836,87
"3803","48133","Eastland County, Texas","B27001_041",550,95
"3804","48133","Eastland County, Texas","B27001_042",286,107
"3805","48133","Eastland County, Texas","B27001_043",1009,131
"3806","48133","Eastland County, Texas","B27001_044",731,109
"3807","48133","Eastland County, Texas","B27001_045",278,133
"3808","48133","Eastland County, Texas","B27001_046",1042,135
"3809","48133","Eastland County, Texas","B27001_047",786,91
"3810","48133","Eastland County, Texas","B27001_048",256,136
"3811","48133","Eastland County, Texas","B27001_049",1228,59
"3812","48133","Eastland County, Texas","B27001_050",1048,80
"3813","48133","Eastland County, Texas","B27001_051",180,77
"3814","48133","Eastland County, Texas","B27001_052",1124,67
"3815","48133","Eastland County, Texas","B27001_053",1124,67
"3816","48133","Eastland County, Texas","B27001_054",0,23
"3817","48133","Eastland County, Texas","B27001_055",900,53
"3818","48133","Eastland County, Texas","B27001_056",892,57
"3819","48133","Eastland County, Texas","B27001_057",8,15
"3820","48135","Ector County, Texas","B27001_001",162871,313
"3821","48135","Ector County, Texas","B27001_002",83061,376
"3822","48135","Ector County, Texas","B27001_003",8676,538
"3823","48135","Ector County, Texas","B27001_004",7545,674
"3824","48135","Ector County, Texas","B27001_005",1131,355
"3825","48135","Ector County, Texas","B27001_006",17534,655
"3826","48135","Ector County, Texas","B27001_007",13076,947
"3827","48135","Ector County, Texas","B27001_008",4458,801
"3828","48135","Ector County, Texas","B27001_009",8144,483
"3829","48135","Ector County, Texas","B27001_010",5963,560
"3830","48135","Ector County, Texas","B27001_011",2181,507
"3831","48135","Ector County, Texas","B27001_012",12803,493
"3832","48135","Ector County, Texas","B27001_013",9696,738
"3833","48135","Ector County, Texas","B27001_014",3107,599
"3834","48135","Ector County, Texas","B27001_015",12248,272
"3835","48135","Ector County, Texas","B27001_016",8733,656
"3836","48135","Ector County, Texas","B27001_017",3515,579
"3837","48135","Ector County, Texas","B27001_018",8888,248
"3838","48135","Ector County, Texas","B27001_019",6827,518
"3839","48135","Ector County, Texas","B27001_020",2061,457
"3840","48135","Ector County, Texas","B27001_021",7618,97
"3841","48135","Ector County, Texas","B27001_022",6047,423
"3842","48135","Ector County, Texas","B27001_023",1571,405
"3843","48135","Ector County, Texas","B27001_024",4729,101
"3844","48135","Ector County, Texas","B27001_025",4710,107
"3845","48135","Ector County, Texas","B27001_026",19,26
"3846","48135","Ector County, Texas","B27001_027",2421,121
"3847","48135","Ector County, Texas","B27001_028",2421,121
"3848","48135","Ector County, Texas","B27001_029",0,35
"3849","48135","Ector County, Texas","B27001_030",79810,262
"3850","48135","Ector County, Texas","B27001_031",8336,405
"3851","48135","Ector County, Texas","B27001_032",6753,551
"3852","48135","Ector County, Texas","B27001_033",1583,399
"3853","48135","Ector County, Texas","B27001_034",17010,459
"3854","48135","Ector County, Texas","B27001_035",13028,886
"3855","48135","Ector County, Texas","B27001_036",3982,733
"3856","48135","Ector County, Texas","B27001_037",7789,479
"3857","48135","Ector County, Texas","B27001_038",5637,632
"3858","48135","Ector County, Texas","B27001_039",2152,529
"3859","48135","Ector County, Texas","B27001_040",11377,478
"3860","48135","Ector County, Texas","B27001_041",7868,642
"3861","48135","Ector County, Texas","B27001_042",3509,591
"3862","48135","Ector County, Texas","B27001_043",10556,271
"3863","48135","Ector County, Texas","B27001_044",7321,643
"3864","48135","Ector County, Texas","B27001_045",3235,576
"3865","48135","Ector County, Texas","B27001_046",8449,174
"3866","48135","Ector County, Texas","B27001_047",6760,362
"3867","48135","Ector County, Texas","B27001_048",1689,351
"3868","48135","Ector County, Texas","B27001_049",7565,78
"3869","48135","Ector County, Texas","B27001_050",5945,362
"3870","48135","Ector County, Texas","B27001_051",1620,355
"3871","48135","Ector County, Texas","B27001_052",5139,103
"3872","48135","Ector County, Texas","B27001_053",4961,166
"3873","48135","Ector County, Texas","B27001_054",178,130
"3874","48135","Ector County, Texas","B27001_055",3589,169
"3875","48135","Ector County, Texas","B27001_056",3581,168
"3876","48135","Ector County, Texas","B27001_057",8,14
"3877","48137","Edwards County, Texas","B27001_001",1249,283
"3878","48137","Edwards County, Texas","B27001_002",667,237
"3879","48137","Edwards County, Texas","B27001_003",4,39
"3880","48137","Edwards County, Texas","B27001_004",0,15
"3881","48137","Edwards County, Texas","B27001_005",4,39
"3882","48137","Edwards County, Texas","B27001_006",228,161
"3883","48137","Edwards County, Texas","B27001_007",228,161
"3884","48137","Edwards County, Texas","B27001_008",0,15
"3885","48137","Edwards County, Texas","B27001_009",88,99
"3886","48137","Edwards County, Texas","B27001_010",0,15
"3887","48137","Edwards County, Texas","B27001_011",88,99
"3888","48137","Edwards County, Texas","B27001_012",1,7
"3889","48137","Edwards County, Texas","B27001_013",0,15
"3890","48137","Edwards County, Texas","B27001_014",1,7
"3891","48137","Edwards County, Texas","B27001_015",55,58
"3892","48137","Edwards County, Texas","B27001_016",55,58
"3893","48137","Edwards County, Texas","B27001_017",0,15
"3894","48137","Edwards County, Texas","B27001_018",90,80
"3895","48137","Edwards County, Texas","B27001_019",31,26
"3896","48137","Edwards County, Texas","B27001_020",59,83
"3897","48137","Edwards County, Texas","B27001_021",73,41
"3898","48137","Edwards County, Texas","B27001_022",62,39
"3899","48137","Edwards County, Texas","B27001_023",11,15
"3900","48137","Edwards County, Texas","B27001_024",46,36
"3901","48137","Edwards County, Texas","B27001_025",46,36
"3902","48137","Edwards County, Texas","B27001_026",0,15
"3903","48137","Edwards County, Texas","B27001_027",82,58
"3904","48137","Edwards County, Texas","B27001_028",82,58
"3905","48137","Edwards County, Texas","B27001_029",0,15
"3906","48137","Edwards County, Texas","B27001_030",582,168
"3907","48137","Edwards County, Texas","B27001_031",55,50
"3908","48137","Edwards County, Texas","B27001_032",55,50
"3909","48137","Edwards County, Texas","B27001_033",0,15
"3910","48137","Edwards County, Texas","B27001_034",193,158
"3911","48137","Edwards County, Texas","B27001_035",193,158
"3912","48137","Edwards County, Texas","B27001_036",0,15
"3913","48137","Edwards County, Texas","B27001_037",1,7
"3914","48137","Edwards County, Texas","B27001_038",0,15
"3915","48137","Edwards County, Texas","B27001_039",1,7
"3916","48137","Edwards County, Texas","B27001_040",0,15
"3917","48137","Edwards County, Texas","B27001_041",0,15
"3918","48137","Edwards County, Texas","B27001_042",0,15
"3919","48137","Edwards County, Texas","B27001_043",118,94
"3920","48137","Edwards County, Texas","B27001_044",42,68
"3921","48137","Edwards County, Texas","B27001_045",76,80
"3922","48137","Edwards County, Texas","B27001_046",31,28
"3923","48137","Edwards County, Texas","B27001_047",31,28
"3924","48137","Edwards County, Texas","B27001_048",0,15
"3925","48137","Edwards County, Texas","B27001_049",74,46
"3926","48137","Edwards County, Texas","B27001_050",74,46
"3927","48137","Edwards County, Texas","B27001_051",0,15
"3928","48137","Edwards County, Texas","B27001_052",79,48
"3929","48137","Edwards County, Texas","B27001_053",79,48
"3930","48137","Edwards County, Texas","B27001_054",0,15
"3931","48137","Edwards County, Texas","B27001_055",31,26
"3932","48137","Edwards County, Texas","B27001_056",31,26
"3933","48137","Edwards County, Texas","B27001_057",0,15
"3934","48139","Ellis County, Texas","B27001_001",211671,118
"3935","48139","Ellis County, Texas","B27001_002",104584,199
"3936","48139","Ellis County, Texas","B27001_003",8423,377
"3937","48139","Ellis County, Texas","B27001_004",7462,426
"3938","48139","Ellis County, Texas","B27001_005",961,300
"3939","48139","Ellis County, Texas","B27001_006",21842,421
"3940","48139","Ellis County, Texas","B27001_007",18289,786
"3941","48139","Ellis County, Texas","B27001_008",3553,687
"3942","48139","Ellis County, Texas","B27001_009",9299,360
"3943","48139","Ellis County, Texas","B27001_010",6883,553
"3944","48139","Ellis County, Texas","B27001_011",2416,457
"3945","48139","Ellis County, Texas","B27001_012",12295,340
"3946","48139","Ellis County, Texas","B27001_013",9329,634
"3947","48139","Ellis County, Texas","B27001_014",2966,519
"3948","48139","Ellis County, Texas","B27001_015",14786,175
"3949","48139","Ellis County, Texas","B27001_016",12224,408
"3950","48139","Ellis County, Texas","B27001_017",2562,370
"3951","48139","Ellis County, Texas","B27001_018",13344,70
"3952","48139","Ellis County, Texas","B27001_019",11010,397
"3953","48139","Ellis County, Texas","B27001_020",2334,382
"3954","48139","Ellis County, Texas","B27001_021",12222,90
"3955","48139","Ellis County, Texas","B27001_022",10567,303
"3956","48139","Ellis County, Texas","B27001_023",1655,287
"3957","48139","Ellis County, Texas","B27001_024",8159,90
"3958","48139","Ellis County, Texas","B27001_025",7966,180
"3959","48139","Ellis County, Texas","B27001_026",193,153
"3960","48139","Ellis County, Texas","B27001_027",4214,101
"3961","48139","Ellis County, Texas","B27001_028",4168,105
"3962","48139","Ellis County, Texas","B27001_029",46,39
"3963","48139","Ellis County, Texas","B27001_030",107087,156
"3964","48139","Ellis County, Texas","B27001_031",7859,289
"3965","48139","Ellis County, Texas","B27001_032",6784,418
"3966","48139","Ellis County, Texas","B27001_033",1075,383
"3967","48139","Ellis County, Texas","B27001_034",20867,371
"3968","48139","Ellis County, Texas","B27001_035",17969,736
"3969","48139","Ellis County, Texas","B27001_036",2898,529
"3970","48139","Ellis County, Texas","B27001_037",8680,359
"3971","48139","Ellis County, Texas","B27001_038",6976,442
"3972","48139","Ellis County, Texas","B27001_039",1704,324
"3973","48139","Ellis County, Texas","B27001_040",13038,324
"3974","48139","Ellis County, Texas","B27001_041",10249,541
"3975","48139","Ellis County, Texas","B27001_042",2789,433
"3976","48139","Ellis County, Texas","B27001_043",15335,106
"3977","48139","Ellis County, Texas","B27001_044",12492,533
"3978","48139","Ellis County, Texas","B27001_045",2843,532
"3979","48139","Ellis County, Texas","B27001_046",13871,120
"3980","48139","Ellis County, Texas","B27001_047",12015,417
"3981","48139","Ellis County, Texas","B27001_048",1856,383
"3982","48139","Ellis County, Texas","B27001_049",12651,56
"3983","48139","Ellis County, Texas","B27001_050",10979,328
"3984","48139","Ellis County, Texas","B27001_051",1672,310
"3985","48139","Ellis County, Texas","B27001_052",9117,91
"3986","48139","Ellis County, Texas","B27001_053",8938,120
"3987","48139","Ellis County, Texas","B27001_054",179,88
"3988","48139","Ellis County, Texas","B27001_055",5669,92
"3989","48139","Ellis County, Texas","B27001_056",5633,100
"3990","48139","Ellis County, Texas","B27001_057",36,41
"3991","48141","El Paso County, Texas","B27001_001",844384,1137
"3992","48141","El Paso County, Texas","B27001_002",410544,1090
"3993","48141","El Paso County, Texas","B27001_003",35373,816
"3994","48141","El Paso County, Texas","B27001_004",31715,1012
"3995","48141","El Paso County, Texas","B27001_005",3658,773
"3996","48141","El Paso County, Texas","B27001_006",87238,982
"3997","48141","El Paso County, Texas","B27001_007",75702,1418
"3998","48141","El Paso County, Texas","B27001_008",11536,1170
"3999","48141","El Paso County, Texas","B27001_009",43743,1100
"4000","48141","El Paso County, Texas","B27001_010",24312,1199
"4001","48141","El Paso County, Texas","B27001_011",19431,1081
"4002","48141","El Paso County, Texas","B27001_012",54098,1050
"4003","48141","El Paso County, Texas","B27001_013",32591,1490
"4004","48141","El Paso County, Texas","B27001_014",21507,1324
"4005","48141","El Paso County, Texas","B27001_015",53706,548
"4006","48141","El Paso County, Texas","B27001_016",39050,1267
"4007","48141","El Paso County, Texas","B27001_017",14656,1179
"4008","48141","El Paso County, Texas","B27001_018",46492,331
"4009","48141","El Paso County, Texas","B27001_019",34457,965
"4010","48141","El Paso County, Texas","B27001_020",12035,940
"4011","48141","El Paso County, Texas","B27001_021",41803,152
"4012","48141","El Paso County, Texas","B27001_022",32565,762
"4013","48141","El Paso County, Texas","B27001_023",9238,735
"4014","48141","El Paso County, Texas","B27001_024",30140,218
"4015","48141","El Paso County, Texas","B27001_025",29337,268
"4016","48141","El Paso County, Texas","B27001_026",803,184
"4017","48141","El Paso County, Texas","B27001_027",17951,173
"4018","48141","El Paso County, Texas","B27001_028",17477,268
"4019","48141","El Paso County, Texas","B27001_029",474,202
"4020","48141","El Paso County, Texas","B27001_030",433840,486
"4021","48141","El Paso County, Texas","B27001_031",33718,761
"4022","48141","El Paso County, Texas","B27001_032",29956,934
"4023","48141","El Paso County, Texas","B27001_033",3762,714
"4024","48141","El Paso County, Texas","B27001_034",84240,913
"4025","48141","El Paso County, Texas","B27001_035",73079,1451
"4026","48141","El Paso County, Texas","B27001_036",11161,1370
"4027","48141","El Paso County, Texas","B27001_037",43211,964
"4028","48141","El Paso County, Texas","B27001_038",27730,1010
"4029","48141","El Paso County, Texas","B27001_039",15481,972
"4030","48141","El Paso County, Texas","B27001_040",55479,833
"4031","48141","El Paso County, Texas","B27001_041",38696,1224
"4032","48141","El Paso County, Texas","B27001_042",16783,1080
"4033","48141","El Paso County, Texas","B27001_043",54378,264
"4034","48141","El Paso County, Texas","B27001_044",40618,1030
"4035","48141","El Paso County, Texas","B27001_045",13760,1004
"4036","48141","El Paso County, Texas","B27001_046",51000,149
"4037","48141","El Paso County, Texas","B27001_047",36355,1038
"4038","48141","El Paso County, Texas","B27001_048",14645,1027
"4039","48141","El Paso County, Texas","B27001_049",47765,68
"4040","48141","El Paso County, Texas","B27001_050",35496,882
"4041","48141","El Paso County, Texas","B27001_051",12269,880
"4042","48141","El Paso County, Texas","B27001_052",36615,98
"4043","48141","El Paso County, Texas","B27001_053",35710,245
"4044","48141","El Paso County, Texas","B27001_054",905,238
"4045","48141","El Paso County, Texas","B27001_055",27434,168
"4046","48141","El Paso County, Texas","B27001_056",26741,309
"4047","48141","El Paso County, Texas","B27001_057",693,267
"4048","48143","Erath County, Texas","B27001_001",43335,25
"4049","48143","Erath County, Texas","B27001_002",21168,266
"4050","48143","Erath County, Texas","B27001_003",1349,209
"4051","48143","Erath County, Texas","B27001_004",1141,270
"4052","48143","Erath County, Texas","B27001_005",208,157
"4053","48143","Erath County, Texas","B27001_006",3775,205
"4054","48143","Erath County, Texas","B27001_007",3297,262
"4055","48143","Erath County, Texas","B27001_008",478,181
"4056","48143","Erath County, Texas","B27001_009",3664,220
"4057","48143","Erath County, Texas","B27001_010",3220,273
"4058","48143","Erath County, Texas","B27001_011",444,181
"4059","48143","Erath County, Texas","B27001_012",2545,150
"4060","48143","Erath County, Texas","B27001_013",1955,191
"4061","48143","Erath County, Texas","B27001_014",590,193
"4062","48143","Erath County, Texas","B27001_015",2342,68
"4063","48143","Erath County, Texas","B27001_016",1876,201
"4064","48143","Erath County, Texas","B27001_017",466,182
"4065","48143","Erath County, Texas","B27001_018",2229,71
"4066","48143","Erath County, Texas","B27001_019",1692,150
"4067","48143","Erath County, Texas","B27001_020",537,150
"4068","48143","Erath County, Texas","B27001_021",2362,49
"4069","48143","Erath County, Texas","B27001_022",1869,161
"4070","48143","Erath County, Texas","B27001_023",493,159
"4071","48143","Erath County, Texas","B27001_024",1831,76
"4072","48143","Erath County, Texas","B27001_025",1827,75
"4073","48143","Erath County, Texas","B27001_026",4,7
"4074","48143","Erath County, Texas","B27001_027",1071,81
"4075","48143","Erath County, Texas","B27001_028",1071,81
"4076","48143","Erath County, Texas","B27001_029",0,31
"4077","48143","Erath County, Texas","B27001_030",22167,262
"4078","48143","Erath County, Texas","B27001_031",1447,256
"4079","48143","Erath County, Texas","B27001_032",1356,268
"4080","48143","Erath County, Texas","B27001_033",91,63
"4081","48143","Erath County, Texas","B27001_034",4075,255
"4082","48143","Erath County, Texas","B27001_035",3283,363
"4083","48143","Erath County, Texas","B27001_036",792,305
"4084","48143","Erath County, Texas","B27001_037",3835,219
"4085","48143","Erath County, Texas","B27001_038",3230,236
"4086","48143","Erath County, Texas","B27001_039",605,167
"4087","48143","Erath County, Texas","B27001_040",2534,112
"4088","48143","Erath County, Texas","B27001_041",1955,191
"4089","48143","Erath County, Texas","B27001_042",579,175
"4090","48143","Erath County, Texas","B27001_043",2357,52
"4091","48143","Erath County, Texas","B27001_044",1873,167
"4092","48143","Erath County, Texas","B27001_045",484,151
"4093","48143","Erath County, Texas","B27001_046",2207,62
"4094","48143","Erath County, Texas","B27001_047",1821,154
"4095","48143","Erath County, Texas","B27001_048",386,154
"4096","48143","Erath County, Texas","B27001_049",2403,43
"4097","48143","Erath County, Texas","B27001_050",1984,149
"4098","48143","Erath County, Texas","B27001_051",419,151
"4099","48143","Erath County, Texas","B27001_052",1962,57
"4100","48143","Erath County, Texas","B27001_053",1940,55
"4101","48143","Erath County, Texas","B27001_054",22,34
"4102","48143","Erath County, Texas","B27001_055",1347,84
"4103","48143","Erath County, Texas","B27001_056",1347,84
"4104","48143","Erath County, Texas","B27001_057",0,31
"4105","48145","Falls County, Texas","B27001_001",15350,91
"4106","48145","Falls County, Texas","B27001_002",7790,274
"4107","48145","Falls County, Texas","B27001_003",410,112
"4108","48145","Falls County, Texas","B27001_004",315,106
"4109","48145","Falls County, Texas","B27001_005",95,67
"4110","48145","Falls County, Texas","B27001_006",1435,150
"4111","48145","Falls County, Texas","B27001_007",1166,135
"4112","48145","Falls County, Texas","B27001_008",269,156
"4113","48145","Falls County, Texas","B27001_009",813,162
"4114","48145","Falls County, Texas","B27001_010",594,178
"4115","48145","Falls County, Texas","B27001_011",219,141
"4116","48145","Falls County, Texas","B27001_012",763,200
"4117","48145","Falls County, Texas","B27001_013",455,157
"4118","48145","Falls County, Texas","B27001_014",308,199
"4119","48145","Falls County, Texas","B27001_015",666,143
"4120","48145","Falls County, Texas","B27001_016",486,166
"4121","48145","Falls County, Texas","B27001_017",180,126
"4122","48145","Falls County, Texas","B27001_018",1112,257
"4123","48145","Falls County, Texas","B27001_019",955,266
"4124","48145","Falls County, Texas","B27001_020",157,114
"4125","48145","Falls County, Texas","B27001_021",1044,63
"4126","48145","Falls County, Texas","B27001_022",950,82
"4127","48145","Falls County, Texas","B27001_023",94,57
"4128","48145","Falls County, Texas","B27001_024",895,91
"4129","48145","Falls County, Texas","B27001_025",895,91
"4130","48145","Falls County, Texas","B27001_026",0,23
"4131","48145","Falls County, Texas","B27001_027",652,85
"4132","48145","Falls County, Texas","B27001_028",652,85
"4133","48145","Falls County, Texas","B27001_029",0,23
"4134","48145","Falls County, Texas","B27001_030",7560,275
"4135","48145","Falls County, Texas","B27001_031",612,105
"4136","48145","Falls County, Texas","B27001_032",509,130
"4137","48145","Falls County, Texas","B27001_033",103,78
"4138","48145","Falls County, Texas","B27001_034",1361,115
"4139","48145","Falls County, Texas","B27001_035",1034,187
"4140","48145","Falls County, Texas","B27001_036",327,111
"4141","48145","Falls County, Texas","B27001_037",574,174
"4142","48145","Falls County, Texas","B27001_038",379,167
"4143","48145","Falls County, Texas","B27001_039",195,124
"4144","48145","Falls County, Texas","B27001_040",775,194
"4145","48145","Falls County, Texas","B27001_041",590,173
"4146","48145","Falls County, Texas","B27001_042",185,96
"4147","48145","Falls County, Texas","B27001_043",656,186
"4148","48145","Falls County, Texas","B27001_044",445,154
"4149","48145","Falls County, Texas","B27001_045",211,104
"4150","48145","Falls County, Texas","B27001_046",848,175
"4151","48145","Falls County, Texas","B27001_047",708,166
"4152","48145","Falls County, Texas","B27001_048",140,89
"4153","48145","Falls County, Texas","B27001_049",1063,69
"4154","48145","Falls County, Texas","B27001_050",985,67
"4155","48145","Falls County, Texas","B27001_051",78,52
"4156","48145","Falls County, Texas","B27001_052",989,106
"4157","48145","Falls County, Texas","B27001_053",969,105
"4158","48145","Falls County, Texas","B27001_054",20,28
"4159","48145","Falls County, Texas","B27001_055",682,99
"4160","48145","Falls County, Texas","B27001_056",665,103
"4161","48145","Falls County, Texas","B27001_057",17,17
"4162","48147","Fannin County, Texas","B27001_001",34432,103
"4163","48147","Fannin County, Texas","B27001_002",17363,173
"4164","48147","Fannin County, Texas","B27001_003",1254,159
"4165","48147","Fannin County, Texas","B27001_004",1214,165
"4166","48147","Fannin County, Texas","B27001_005",40,32
"4167","48147","Fannin County, Texas","B27001_006",3050,179
"4168","48147","Fannin County, Texas","B27001_007",2703,200
"4169","48147","Fannin County, Texas","B27001_008",347,137
"4170","48147","Fannin County, Texas","B27001_009",1554,174
"4171","48147","Fannin County, Texas","B27001_010",1036,172
"4172","48147","Fannin County, Texas","B27001_011",518,127
"4173","48147","Fannin County, Texas","B27001_012",1811,160
"4174","48147","Fannin County, Texas","B27001_013",1346,160
"4175","48147","Fannin County, Texas","B27001_014",465,165
"4176","48147","Fannin County, Texas","B27001_015",2254,205
"4177","48147","Fannin County, Texas","B27001_016",1710,220
"4178","48147","Fannin County, Texas","B27001_017",544,155
"4179","48147","Fannin County, Texas","B27001_018",2071,207
"4180","48147","Fannin County, Texas","B27001_019",1695,201
"4181","48147","Fannin County, Texas","B27001_020",376,156
"4182","48147","Fannin County, Texas","B27001_021",2318,130
"4183","48147","Fannin County, Texas","B27001_022",2032,153
"4184","48147","Fannin County, Texas","B27001_023",286,101
"4185","48147","Fannin County, Texas","B27001_024",1894,78
"4186","48147","Fannin County, Texas","B27001_025",1876,81
"4187","48147","Fannin County, Texas","B27001_026",18,21
"4188","48147","Fannin County, Texas","B27001_027",1157,73
"4189","48147","Fannin County, Texas","B27001_028",1149,73
"4190","48147","Fannin County, Texas","B27001_029",8,12
"4191","48147","Fannin County, Texas","B27001_030",17069,137
"4192","48147","Fannin County, Texas","B27001_031",1210,104
"4193","48147","Fannin County, Texas","B27001_032",1096,121
"4194","48147","Fannin County, Texas","B27001_033",114,87
"4195","48147","Fannin County, Texas","B27001_034",2780,144
"4196","48147","Fannin County, Texas","B27001_035",2531,130
"4197","48147","Fannin County, Texas","B27001_036",249,99
"4198","48147","Fannin County, Texas","B27001_037",1150,113
"4199","48147","Fannin County, Texas","B27001_038",875,136
"4200","48147","Fannin County, Texas","B27001_039",275,101
"4201","48147","Fannin County, Texas","B27001_040",1861,102
"4202","48147","Fannin County, Texas","B27001_041",1330,169
"4203","48147","Fannin County, Texas","B27001_042",531,157
"4204","48147","Fannin County, Texas","B27001_043",2126,86
"4205","48147","Fannin County, Texas","B27001_044",1572,129
"4206","48147","Fannin County, Texas","B27001_045",554,118
"4207","48147","Fannin County, Texas","B27001_046",2122,101
"4208","48147","Fannin County, Texas","B27001_047",1802,115
"4209","48147","Fannin County, Texas","B27001_048",320,101
"4210","48147","Fannin County, Texas","B27001_049",2493,71
"4211","48147","Fannin County, Texas","B27001_050",2221,116
"4212","48147","Fannin County, Texas","B27001_051",272,106
"4213","48147","Fannin County, Texas","B27001_052",1937,70
"4214","48147","Fannin County, Texas","B27001_053",1937,70
"4215","48147","Fannin County, Texas","B27001_054",0,31
"4216","48147","Fannin County, Texas","B27001_055",1390,99
"4217","48147","Fannin County, Texas","B27001_056",1369,99
"4218","48147","Fannin County, Texas","B27001_057",21,18
"4219","48149","Fayette County, Texas","B27001_001",24639,30
"4220","48149","Fayette County, Texas","B27001_002",12237,121
"4221","48149","Fayette County, Texas","B27001_003",767,90
"4222","48149","Fayette County, Texas","B27001_004",654,98
"4223","48149","Fayette County, Texas","B27001_005",113,60
"4224","48149","Fayette County, Texas","B27001_006",1978,161
"4225","48149","Fayette County, Texas","B27001_007",1861,181
"4226","48149","Fayette County, Texas","B27001_008",117,73
"4227","48149","Fayette County, Texas","B27001_009",615,90
"4228","48149","Fayette County, Texas","B27001_010",544,87
"4229","48149","Fayette County, Texas","B27001_011",71,54
"4230","48149","Fayette County, Texas","B27001_012",1332,184
"4231","48149","Fayette County, Texas","B27001_013",1199,197
"4232","48149","Fayette County, Texas","B27001_014",133,97
"4233","48149","Fayette County, Texas","B27001_015",1377,138
"4234","48149","Fayette County, Texas","B27001_016",1055,160
"4235","48149","Fayette County, Texas","B27001_017",322,162
"4236","48149","Fayette County, Texas","B27001_018",1300,124
"4237","48149","Fayette County, Texas","B27001_019",1097,132
"4238","48149","Fayette County, Texas","B27001_020",203,98
"4239","48149","Fayette County, Texas","B27001_021",1805,70
"4240","48149","Fayette County, Texas","B27001_022",1521,114
"4241","48149","Fayette County, Texas","B27001_023",284,119
"4242","48149","Fayette County, Texas","B27001_024",1842,77
"4243","48149","Fayette County, Texas","B27001_025",1842,77
"4244","48149","Fayette County, Texas","B27001_026",0,28
"4245","48149","Fayette County, Texas","B27001_027",1221,52
"4246","48149","Fayette County, Texas","B27001_028",1221,52
"4247","48149","Fayette County, Texas","B27001_029",0,28
"4248","48149","Fayette County, Texas","B27001_030",12402,120
"4249","48149","Fayette County, Texas","B27001_031",800,118
"4250","48149","Fayette County, Texas","B27001_032",664,125
"4251","48149","Fayette County, Texas","B27001_033",136,109
"4252","48149","Fayette County, Texas","B27001_034",1734,148
"4253","48149","Fayette County, Texas","B27001_035",1557,147
"4254","48149","Fayette County, Texas","B27001_036",177,82
"4255","48149","Fayette County, Texas","B27001_037",832,90
"4256","48149","Fayette County, Texas","B27001_038",746,101
"4257","48149","Fayette County, Texas","B27001_039",86,71
"4258","48149","Fayette County, Texas","B27001_040",1113,113
"4259","48149","Fayette County, Texas","B27001_041",944,152
"4260","48149","Fayette County, Texas","B27001_042",169,96
"4261","48149","Fayette County, Texas","B27001_043",1288,121
"4262","48149","Fayette County, Texas","B27001_044",1085,141
"4263","48149","Fayette County, Texas","B27001_045",203,84
"4264","48149","Fayette County, Texas","B27001_046",1341,146
"4265","48149","Fayette County, Texas","B27001_047",1059,167
"4266","48149","Fayette County, Texas","B27001_048",282,179
"4267","48149","Fayette County, Texas","B27001_049",1892,76
"4268","48149","Fayette County, Texas","B27001_050",1750,96
"4269","48149","Fayette County, Texas","B27001_051",142,63
"4270","48149","Fayette County, Texas","B27001_052",1940,89
"4271","48149","Fayette County, Texas","B27001_053",1931,89
"4272","48149","Fayette County, Texas","B27001_054",9,10
"4273","48149","Fayette County, Texas","B27001_055",1462,96
"4274","48149","Fayette County, Texas","B27001_056",1462,96
"4275","48149","Fayette County, Texas","B27001_057",0,28
"4276","48151","Fisher County, Texas","B27001_001",3629,8
"4277","48151","Fisher County, Texas","B27001_002",1846,69
"4278","48151","Fisher County, Texas","B27001_003",137,29
"4279","48151","Fisher County, Texas","B27001_004",137,29
"4280","48151","Fisher County, Texas","B27001_005",0,15
"4281","48151","Fisher County, Texas","B27001_006",325,54
"4282","48151","Fisher County, Texas","B27001_007",294,62
"4283","48151","Fisher County, Texas","B27001_008",31,21
"4284","48151","Fisher County, Texas","B27001_009",85,47
"4285","48151","Fisher County, Texas","B27001_010",80,47
"4286","48151","Fisher County, Texas","B27001_011",5,8
"4287","48151","Fisher County, Texas","B27001_012",248,62
"4288","48151","Fisher County, Texas","B27001_013",180,59
"4289","48151","Fisher County, Texas","B27001_014",68,34
"4290","48151","Fisher County, Texas","B27001_015",223,49
"4291","48151","Fisher County, Texas","B27001_016",195,45
"4292","48151","Fisher County, Texas","B27001_017",28,18
"4293","48151","Fisher County, Texas","B27001_018",209,45
"4294","48151","Fisher County, Texas","B27001_019",180,48
"4295","48151","Fisher County, Texas","B27001_020",29,22
"4296","48151","Fisher County, Texas","B27001_021",270,53
"4297","48151","Fisher County, Texas","B27001_022",198,52
"4298","48151","Fisher County, Texas","B27001_023",72,34
"4299","48151","Fisher County, Texas","B27001_024",238,38
"4300","48151","Fisher County, Texas","B27001_025",238,38
"4301","48151","Fisher County, Texas","B27001_026",0,15
"4302","48151","Fisher County, Texas","B27001_027",111,29
"4303","48151","Fisher County, Texas","B27001_028",111,29
"4304","48151","Fisher County, Texas","B27001_029",0,15
"4305","48151","Fisher County, Texas","B27001_030",1783,69
"4306","48151","Fisher County, Texas","B27001_031",120,33
"4307","48151","Fisher County, Texas","B27001_032",120,33
"4308","48151","Fisher County, Texas","B27001_033",0,15
"4309","48151","Fisher County, Texas","B27001_034",266,49
"4310","48151","Fisher County, Texas","B27001_035",249,46
"4311","48151","Fisher County, Texas","B27001_036",17,15
"4312","48151","Fisher County, Texas","B27001_037",126,49
"4313","48151","Fisher County, Texas","B27001_038",91,52
"4314","48151","Fisher County, Texas","B27001_039",35,30
"4315","48151","Fisher County, Texas","B27001_040",220,53
"4316","48151","Fisher County, Texas","B27001_041",185,46
"4317","48151","Fisher County, Texas","B27001_042",35,24
"4318","48151","Fisher County, Texas","B27001_043",268,56
"4319","48151","Fisher County, Texas","B27001_044",242,53
"4320","48151","Fisher County, Texas","B27001_045",26,18
"4321","48151","Fisher County, Texas","B27001_046",184,49
"4322","48151","Fisher County, Texas","B27001_047",113,42
"4323","48151","Fisher County, Texas","B27001_048",71,32
"4324","48151","Fisher County, Texas","B27001_049",187,31
"4325","48151","Fisher County, Texas","B27001_050",181,28
"4326","48151","Fisher County, Texas","B27001_051",6,7
"4327","48151","Fisher County, Texas","B27001_052",247,43
"4328","48151","Fisher County, Texas","B27001_053",247,43
"4329","48151","Fisher County, Texas","B27001_054",0,15
"4330","48151","Fisher County, Texas","B27001_055",165,46
"4331","48151","Fisher County, Texas","B27001_056",165,46
"4332","48151","Fisher County, Texas","B27001_057",0,15
"4333","48153","Floyd County, Texas","B27001_001",5196,1
"4334","48153","Floyd County, Texas","B27001_002",2540,108
"4335","48153","Floyd County, Texas","B27001_003",178,77
"4336","48153","Floyd County, Texas","B27001_004",129,68
"4337","48153","Floyd County, Texas","B27001_005",49,33
"4338","48153","Floyd County, Texas","B27001_006",480,103
"4339","48153","Floyd County, Texas","B27001_007",363,102
"4340","48153","Floyd County, Texas","B27001_008",117,67
"4341","48153","Floyd County, Texas","B27001_009",158,83
"4342","48153","Floyd County, Texas","B27001_010",83,62
"4343","48153","Floyd County, Texas","B27001_011",75,62
"4344","48153","Floyd County, Texas","B27001_012",331,89
"4345","48153","Floyd County, Texas","B27001_013",218,75
"4346","48153","Floyd County, Texas","B27001_014",113,71
"4347","48153","Floyd County, Texas","B27001_015",329,69
"4348","48153","Floyd County, Texas","B27001_016",200,69
"4349","48153","Floyd County, Texas","B27001_017",129,54
"4350","48153","Floyd County, Texas","B27001_018",283,60
"4351","48153","Floyd County, Texas","B27001_019",208,67
"4352","48153","Floyd County, Texas","B27001_020",75,41
"4353","48153","Floyd County, Texas","B27001_021",309,16
"4354","48153","Floyd County, Texas","B27001_022",182,52
"4355","48153","Floyd County, Texas","B27001_023",127,52
"4356","48153","Floyd County, Texas","B27001_024",260,42
"4357","48153","Floyd County, Texas","B27001_025",260,42
"4358","48153","Floyd County, Texas","B27001_026",0,21
"4359","48153","Floyd County, Texas","B27001_027",212,48
"4360","48153","Floyd County, Texas","B27001_028",212,48
"4361","48153","Floyd County, Texas","B27001_029",0,21
"4362","48153","Floyd County, Texas","B27001_030",2656,107
"4363","48153","Floyd County, Texas","B27001_031",255,92
"4364","48153","Floyd County, Texas","B27001_032",196,88
"4365","48153","Floyd County, Texas","B27001_033",59,54
"4366","48153","Floyd County, Texas","B27001_034",486,98
"4367","48153","Floyd County, Texas","B27001_035",448,98
"4368","48153","Floyd County, Texas","B27001_036",38,34
"4369","48153","Floyd County, Texas","B27001_037",143,60
"4370","48153","Floyd County, Texas","B27001_038",91,55
"4371","48153","Floyd County, Texas","B27001_039",52,55
"4372","48153","Floyd County, Texas","B27001_040",354,63
"4373","48153","Floyd County, Texas","B27001_041",184,46
"4374","48153","Floyd County, Texas","B27001_042",170,62
"4375","48153","Floyd County, Texas","B27001_043",326,81
"4376","48153","Floyd County, Texas","B27001_044",229,78
"4377","48153","Floyd County, Texas","B27001_045",97,55
"4378","48153","Floyd County, Texas","B27001_046",267,81
"4379","48153","Floyd County, Texas","B27001_047",245,80
"4380","48153","Floyd County, Texas","B27001_048",22,36
"4381","48153","Floyd County, Texas","B27001_049",322,16
"4382","48153","Floyd County, Texas","B27001_050",257,42
"4383","48153","Floyd County, Texas","B27001_051",65,41
"4384","48153","Floyd County, Texas","B27001_052",291,34
"4385","48153","Floyd County, Texas","B27001_053",266,43
"4386","48153","Floyd County, Texas","B27001_054",25,33
"4387","48153","Floyd County, Texas","B27001_055",212,31
"4388","48153","Floyd County, Texas","B27001_056",212,31
"4389","48153","Floyd County, Texas","B27001_057",0,21
"4390","48155","Foard County, Texas","B27001_001",947,172
"4391","48155","Foard County, Texas","B27001_002",463,108
"4392","48155","Foard County, Texas","B27001_003",20,22
"4393","48155","Foard County, Texas","B27001_004",12,19
"4394","48155","Foard County, Texas","B27001_005",8,11
"4395","48155","Foard County, Texas","B27001_006",81,58
"4396","48155","Foard County, Texas","B27001_007",73,57
"4397","48155","Foard County, Texas","B27001_008",8,15
"4398","48155","Foard County, Texas","B27001_009",30,40
"4399","48155","Foard County, Texas","B27001_010",27,40
"4400","48155","Foard County, Texas","B27001_011",3,5
"4401","48155","Foard County, Texas","B27001_012",15,13
"4402","48155","Foard County, Texas","B27001_013",4,6
"4403","48155","Foard County, Texas","B27001_014",11,12
"4404","48155","Foard County, Texas","B27001_015",91,42
"4405","48155","Foard County, Texas","B27001_016",10,12
"4406","48155","Foard County, Texas","B27001_017",81,42
"4407","48155","Foard County, Texas","B27001_018",33,22
"4408","48155","Foard County, Texas","B27001_019",23,16
"4409","48155","Foard County, Texas","B27001_020",10,15
"4410","48155","Foard County, Texas","B27001_021",36,27
"4411","48155","Foard County, Texas","B27001_022",19,20
"4412","48155","Foard County, Texas","B27001_023",17,22
"4413","48155","Foard County, Texas","B27001_024",92,39
"4414","48155","Foard County, Texas","B27001_025",92,39
"4415","48155","Foard County, Texas","B27001_026",0,15
"4416","48155","Foard County, Texas","B27001_027",65,30
"4417","48155","Foard County, Texas","B27001_028",65,30
"4418","48155","Foard County, Texas","B27001_029",0,15
"4419","48155","Foard County, Texas","B27001_030",484,94
"4420","48155","Foard County, Texas","B27001_031",32,28
"4421","48155","Foard County, Texas","B27001_032",32,28
"4422","48155","Foard County, Texas","B27001_033",0,15
"4423","48155","Foard County, Texas","B27001_034",58,41
"4424","48155","Foard County, Texas","B27001_035",51,38
"4425","48155","Foard County, Texas","B27001_036",7,15
"4426","48155","Foard County, Texas","B27001_037",23,18
"4427","48155","Foard County, Texas","B27001_038",23,18
"4428","48155","Foard County, Texas","B27001_039",0,15
"4429","48155","Foard County, Texas","B27001_040",45,28
"4430","48155","Foard County, Texas","B27001_041",42,28
"4431","48155","Foard County, Texas","B27001_042",3,7
"4432","48155","Foard County, Texas","B27001_043",77,38
"4433","48155","Foard County, Texas","B27001_044",66,31
"4434","48155","Foard County, Texas","B27001_045",11,16
"4435","48155","Foard County, Texas","B27001_046",53,29
"4436","48155","Foard County, Texas","B27001_047",31,20
"4437","48155","Foard County, Texas","B27001_048",22,24
"4438","48155","Foard County, Texas","B27001_049",70,51
"4439","48155","Foard County, Texas","B27001_050",70,51
"4440","48155","Foard County, Texas","B27001_051",0,15
"4441","48155","Foard County, Texas","B27001_052",26,19
"4442","48155","Foard County, Texas","B27001_053",26,19
"4443","48155","Foard County, Texas","B27001_054",0,15
"4444","48155","Foard County, Texas","B27001_055",100,44
"4445","48155","Foard County, Texas","B27001_056",100,44
"4446","48155","Foard County, Texas","B27001_057",0,15
"4447","48157","Fort Bend County, Texas","B27001_001",888286,279
"4448","48157","Fort Bend County, Texas","B27001_002",435813,279
"4449","48157","Fort Bend County, Texas","B27001_003",33619,990
"4450","48157","Fort Bend County, Texas","B27001_004",31256,1181
"4451","48157","Fort Bend County, Texas","B27001_005",2363,746
"4452","48157","Fort Bend County, Texas","B27001_006",94264,1065
"4453","48157","Fort Bend County, Texas","B27001_007",85593,1555
"4454","48157","Fort Bend County, Texas","B27001_008",8671,1194
"4455","48157","Fort Bend County, Texas","B27001_009",37593,1067
"4456","48157","Fort Bend County, Texas","B27001_010",29556,1450
"4457","48157","Fort Bend County, Texas","B27001_011",8037,1034
"4458","48157","Fort Bend County, Texas","B27001_012",42347,940
"4459","48157","Fort Bend County, Texas","B27001_013",32735,1115
"4460","48157","Fort Bend County, Texas","B27001_014",9612,978
"4461","48157","Fort Bend County, Texas","B27001_015",66179,222
"4462","48157","Fort Bend County, Texas","B27001_016",56776,1151
"4463","48157","Fort Bend County, Texas","B27001_017",9403,1113
"4464","48157","Fort Bend County, Texas","B27001_018",62173,202
"4465","48157","Fort Bend County, Texas","B27001_019",54735,836
"4466","48157","Fort Bend County, Texas","B27001_020",7438,781
"4467","48157","Fort Bend County, Texas","B27001_021",48331,200
"4468","48157","Fort Bend County, Texas","B27001_022",43079,799
"4469","48157","Fort Bend County, Texas","B27001_023",5252,834
"4470","48157","Fort Bend County, Texas","B27001_024",34543,113
"4471","48157","Fort Bend County, Texas","B27001_025",33724,404
"4472","48157","Fort Bend County, Texas","B27001_026",819,356
"4473","48157","Fort Bend County, Texas","B27001_027",16764,97
"4474","48157","Fort Bend County, Texas","B27001_028",16450,202
"4475","48157","Fort Bend County, Texas","B27001_029",314,175
"4476","48157","Fort Bend County, Texas","B27001_030",452473,207
"4477","48157","Fort Bend County, Texas","B27001_031",31977,884
"4478","48157","Fort Bend County, Texas","B27001_032",29848,1129
"4479","48157","Fort Bend County, Texas","B27001_033",2129,652
"4480","48157","Fort Bend County, Texas","B27001_034",90361,1242
"4481","48157","Fort Bend County, Texas","B27001_035",81765,1665
"4482","48157","Fort Bend County, Texas","B27001_036",8596,1237
"4483","48157","Fort Bend County, Texas","B27001_037",35168,972
"4484","48157","Fort Bend County, Texas","B27001_038",27611,1451
"4485","48157","Fort Bend County, Texas","B27001_039",7557,987
"4486","48157","Fort Bend County, Texas","B27001_040",48669,694
"4487","48157","Fort Bend County, Texas","B27001_041",40454,1154
"4488","48157","Fort Bend County, Texas","B27001_042",8215,940
"4489","48157","Fort Bend County, Texas","B27001_043",72065,106
"4490","48157","Fort Bend County, Texas","B27001_044",61081,1383
"4491","48157","Fort Bend County, Texas","B27001_045",10984,1384
"4492","48157","Fort Bend County, Texas","B27001_046",63824,99
"4493","48157","Fort Bend County, Texas","B27001_047",56411,1073
"4494","48157","Fort Bend County, Texas","B27001_048",7413,1067
"4495","48157","Fort Bend County, Texas","B27001_049",50666,106
"4496","48157","Fort Bend County, Texas","B27001_050",45581,789
"4497","48157","Fort Bend County, Texas","B27001_051",5085,769
"4498","48157","Fort Bend County, Texas","B27001_052",38875,67
"4499","48157","Fort Bend County, Texas","B27001_053",37782,384
"4500","48157","Fort Bend County, Texas","B27001_054",1093,383
"4501","48157","Fort Bend County, Texas","B27001_055",20868,126
"4502","48157","Fort Bend County, Texas","B27001_056",20357,289
"4503","48157","Fort Bend County, Texas","B27001_057",511,244
"4504","48159","Franklin County, Texas","B27001_001",10532,5
"4505","48159","Franklin County, Texas","B27001_002",5273,139
"4506","48159","Franklin County, Texas","B27001_003",397,126
"4507","48159","Franklin County, Texas","B27001_004",396,128
"4508","48159","Franklin County, Texas","B27001_005",1,9
"4509","48159","Franklin County, Texas","B27001_006",966,152
"4510","48159","Franklin County, Texas","B27001_007",785,157
"4511","48159","Franklin County, Texas","B27001_008",181,96
"4512","48159","Franklin County, Texas","B27001_009",425,127
"4513","48159","Franklin County, Texas","B27001_010",278,115
"4514","48159","Franklin County, Texas","B27001_011",147,81
"4515","48159","Franklin County, Texas","B27001_012",436,116
"4516","48159","Franklin County, Texas","B27001_013",213,77
"4517","48159","Franklin County, Texas","B27001_014",223,125
"4518","48159","Franklin County, Texas","B27001_015",640,108
"4519","48159","Franklin County, Texas","B27001_016",478,111
"4520","48159","Franklin County, Texas","B27001_017",162,89
"4521","48159","Franklin County, Texas","B27001_018",586,59
"4522","48159","Franklin County, Texas","B27001_019",432,72
"4523","48159","Franklin County, Texas","B27001_020",154,77
"4524","48159","Franklin County, Texas","B27001_021",663,43
"4525","48159","Franklin County, Texas","B27001_022",628,58
"4526","48159","Franklin County, Texas","B27001_023",35,34
"4527","48159","Franklin County, Texas","B27001_024",705,74
"4528","48159","Franklin County, Texas","B27001_025",695,77
"4529","48159","Franklin County, Texas","B27001_026",10,16
"4530","48159","Franklin County, Texas","B27001_027",455,39
"4531","48159","Franklin County, Texas","B27001_028",414,67
"4532","48159","Franklin County, Texas","B27001_029",41,51
"4533","48159","Franklin County, Texas","B27001_030",5259,140
"4534","48159","Franklin County, Texas","B27001_031",318,61
"4535","48159","Franklin County, Texas","B27001_032",302,61
"4536","48159","Franklin County, Texas","B27001_033",16,24
"4537","48159","Franklin County, Texas","B27001_034",852,149
"4538","48159","Franklin County, Texas","B27001_035",721,117
"4539","48159","Franklin County, Texas","B27001_036",131,107
"4540","48159","Franklin County, Texas","B27001_037",306,96
"4541","48159","Franklin County, Texas","B27001_038",268,106
"4542","48159","Franklin County, Texas","B27001_039",38,44
"4543","48159","Franklin County, Texas","B27001_040",519,140
"4544","48159","Franklin County, Texas","B27001_041",424,134
"4545","48159","Franklin County, Texas","B27001_042",95,50
"4546","48159","Franklin County, Texas","B27001_043",645,68
"4547","48159","Franklin County, Texas","B27001_044",545,74
"4548","48159","Franklin County, Texas","B27001_045",100,60
"4549","48159","Franklin County, Texas","B27001_046",665,96
"4550","48159","Franklin County, Texas","B27001_047",506,110
"4551","48159","Franklin County, Texas","B27001_048",159,85
"4552","48159","Franklin County, Texas","B27001_049",775,73
"4553","48159","Franklin County, Texas","B27001_050",687,87
"4554","48159","Franklin County, Texas","B27001_051",88,62
"4555","48159","Franklin County, Texas","B27001_052",647,28
"4556","48159","Franklin County, Texas","B27001_053",647,28
"4557","48159","Franklin County, Texas","B27001_054",0,23
"4558","48159","Franklin County, Texas","B27001_055",532,37
"4559","48159","Franklin County, Texas","B27001_056",532,37
"4560","48159","Franklin County, Texas","B27001_057",0,23
"4561","48161","Freestone County, Texas","B27001_001",18586,48
"4562","48161","Freestone County, Texas","B27001_002",9171,133
"4563","48161","Freestone County, Texas","B27001_003",639,91
"4564","48161","Freestone County, Texas","B27001_004",598,96
"4565","48161","Freestone County, Texas","B27001_005",41,32
"4566","48161","Freestone County, Texas","B27001_006",1813,177
"4567","48161","Freestone County, Texas","B27001_007",1552,192
"4568","48161","Freestone County, Texas","B27001_008",261,99
"4569","48161","Freestone County, Texas","B27001_009",589,124
"4570","48161","Freestone County, Texas","B27001_010",473,125
"4571","48161","Freestone County, Texas","B27001_011",116,91
"4572","48161","Freestone County, Texas","B27001_012",1017,131
"4573","48161","Freestone County, Texas","B27001_013",846,109
"4574","48161","Freestone County, Texas","B27001_014",171,112
"4575","48161","Freestone County, Texas","B27001_015",1154,120
"4576","48161","Freestone County, Texas","B27001_016",888,121
"4577","48161","Freestone County, Texas","B27001_017",266,101
"4578","48161","Freestone County, Texas","B27001_018",1120,137
"4579","48161","Freestone County, Texas","B27001_019",954,130
"4580","48161","Freestone County, Texas","B27001_020",166,82
"4581","48161","Freestone County, Texas","B27001_021",1040,119
"4582","48161","Freestone County, Texas","B27001_022",934,127
"4583","48161","Freestone County, Texas","B27001_023",106,58
"4584","48161","Freestone County, Texas","B27001_024",1106,50
"4585","48161","Freestone County, Texas","B27001_025",1106,50
"4586","48161","Freestone County, Texas","B27001_026",0,28
"4587","48161","Freestone County, Texas","B27001_027",693,32
"4588","48161","Freestone County, Texas","B27001_028",693,32
"4589","48161","Freestone County, Texas","B27001_029",0,28
"4590","48161","Freestone County, Texas","B27001_030",9415,123
"4591","48161","Freestone County, Texas","B27001_031",608,132
"4592","48161","Freestone County, Texas","B27001_032",534,92
"4593","48161","Freestone County, Texas","B27001_033",74,109
"4594","48161","Freestone County, Texas","B27001_034",1663,106
"4595","48161","Freestone County, Texas","B27001_035",1503,133
"4596","48161","Freestone County, Texas","B27001_036",160,84
"4597","48161","Freestone County, Texas","B27001_037",567,125
"4598","48161","Freestone County, Texas","B27001_038",472,118
"4599","48161","Freestone County, Texas","B27001_039",95,72
"4600","48161","Freestone County, Texas","B27001_040",1180,143
"4601","48161","Freestone County, Texas","B27001_041",835,118
"4602","48161","Freestone County, Texas","B27001_042",345,134
"4603","48161","Freestone County, Texas","B27001_043",1067,100
"4604","48161","Freestone County, Texas","B27001_044",789,119
"4605","48161","Freestone County, Texas","B27001_045",278,110
"4606","48161","Freestone County, Texas","B27001_046",1008,96
"4607","48161","Freestone County, Texas","B27001_047",910,90
"4608","48161","Freestone County, Texas","B27001_048",98,52
"4609","48161","Freestone County, Texas","B27001_049",1228,44
"4610","48161","Freestone County, Texas","B27001_050",1071,71
"4611","48161","Freestone County, Texas","B27001_051",157,72
"4612","48161","Freestone County, Texas","B27001_052",1167,31
"4613","48161","Freestone County, Texas","B27001_053",1159,36
"4614","48161","Freestone County, Texas","B27001_054",8,11
"4615","48161","Freestone County, Texas","B27001_055",927,50
"4616","48161","Freestone County, Texas","B27001_056",927,50
"4617","48161","Freestone County, Texas","B27001_057",0,28
"4618","48163","Frio County, Texas","B27001_001",16422,362
"4619","48163","Frio County, Texas","B27001_002",9309,493
"4620","48163","Frio County, Texas","B27001_003",739,197
"4621","48163","Frio County, Texas","B27001_004",730,196
"4622","48163","Frio County, Texas","B27001_005",9,25
"4623","48163","Frio County, Texas","B27001_006",2229,309
"4624","48163","Frio County, Texas","B27001_007",2119,353
"4625","48163","Frio County, Texas","B27001_008",110,120
"4626","48163","Frio County, Texas","B27001_009",1017,370
"4627","48163","Frio County, Texas","B27001_010",562,311
"4628","48163","Frio County, Texas","B27001_011",455,261
"4629","48163","Frio County, Texas","B27001_012",1543,359
"4630","48163","Frio County, Texas","B27001_013",1288,358
"4631","48163","Frio County, Texas","B27001_014",255,197
"4632","48163","Frio County, Texas","B27001_015",1199,243
"4633","48163","Frio County, Texas","B27001_016",869,180
"4634","48163","Frio County, Texas","B27001_017",330,168
"4635","48163","Frio County, Texas","B27001_018",801,94
"4636","48163","Frio County, Texas","B27001_019",522,183
"4637","48163","Frio County, Texas","B27001_020",279,159
"4638","48163","Frio County, Texas","B27001_021",840,153
"4639","48163","Frio County, Texas","B27001_022",599,179
"4640","48163","Frio County, Texas","B27001_023",241,115
"4641","48163","Frio County, Texas","B27001_024",573,78
"4642","48163","Frio County, Texas","B27001_025",573,78
"4643","48163","Frio County, Texas","B27001_026",0,23
"4644","48163","Frio County, Texas","B27001_027",368,50
"4645","48163","Frio County, Texas","B27001_028",368,50
"4646","48163","Frio County, Texas","B27001_029",0,23
"4647","48163","Frio County, Texas","B27001_030",7113,376
"4648","48163","Frio County, Texas","B27001_031",445,203
"4649","48163","Frio County, Texas","B27001_032",425,194
"4650","48163","Frio County, Texas","B27001_033",20,30
"4651","48163","Frio County, Texas","B27001_034",1606,348
"4652","48163","Frio County, Texas","B27001_035",1493,329
"4653","48163","Frio County, Texas","B27001_036",113,108
"4654","48163","Frio County, Texas","B27001_037",630,254
"4655","48163","Frio County, Texas","B27001_038",508,262
"4656","48163","Frio County, Texas","B27001_039",122,89
"4657","48163","Frio County, Texas","B27001_040",714,233
"4658","48163","Frio County, Texas","B27001_041",546,218
"4659","48163","Frio County, Texas","B27001_042",168,143
"4660","48163","Frio County, Texas","B27001_043",953,146
"4661","48163","Frio County, Texas","B27001_044",805,134
"4662","48163","Frio County, Texas","B27001_045",148,113
"4663","48163","Frio County, Texas","B27001_046",758,89
"4664","48163","Frio County, Texas","B27001_047",612,123
"4665","48163","Frio County, Texas","B27001_048",146,79
"4666","48163","Frio County, Texas","B27001_049",828,69
"4667","48163","Frio County, Texas","B27001_050",745,87
"4668","48163","Frio County, Texas","B27001_051",83,61
"4669","48163","Frio County, Texas","B27001_052",585,71
"4670","48163","Frio County, Texas","B27001_053",585,71
"4671","48163","Frio County, Texas","B27001_054",0,23
"4672","48163","Frio County, Texas","B27001_055",594,122
"4673","48163","Frio County, Texas","B27001_056",594,122
"4674","48163","Frio County, Texas","B27001_057",0,23
"4675","48165","Gaines County, Texas","B27001_001",22037,15
"4676","48165","Gaines County, Texas","B27001_002",11163,149
"4677","48165","Gaines County, Texas","B27001_003",1431,156
"4678","48165","Gaines County, Texas","B27001_004",1078,237
"4679","48165","Gaines County, Texas","B27001_005",353,151
"4680","48165","Gaines County, Texas","B27001_006",2757,215
"4681","48165","Gaines County, Texas","B27001_007",1528,345
"4682","48165","Gaines County, Texas","B27001_008",1229,282
"4683","48165","Gaines County, Texas","B27001_009",1237,122
"4684","48165","Gaines County, Texas","B27001_010",491,239
"4685","48165","Gaines County, Texas","B27001_011",746,264
"4686","48165","Gaines County, Texas","B27001_012",915,99
"4687","48165","Gaines County, Texas","B27001_013",506,134
"4688","48165","Gaines County, Texas","B27001_014",409,151
"4689","48165","Gaines County, Texas","B27001_015",1467,159
"4690","48165","Gaines County, Texas","B27001_016",691,167
"4691","48165","Gaines County, Texas","B27001_017",776,201
"4692","48165","Gaines County, Texas","B27001_018",1251,185
"4693","48165","Gaines County, Texas","B27001_019",768,218
"4694","48165","Gaines County, Texas","B27001_020",483,161
"4695","48165","Gaines County, Texas","B27001_021",1159,79
"4696","48165","Gaines County, Texas","B27001_022",923,161
"4697","48165","Gaines County, Texas","B27001_023",236,135
"4698","48165","Gaines County, Texas","B27001_024",551,163
"4699","48165","Gaines County, Texas","B27001_025",537,160
"4700","48165","Gaines County, Texas","B27001_026",14,25
"4701","48165","Gaines County, Texas","B27001_027",395,153
"4702","48165","Gaines County, Texas","B27001_028",395,153
"4703","48165","Gaines County, Texas","B27001_029",0,28
"4704","48165","Gaines County, Texas","B27001_030",10874,146
"4705","48165","Gaines County, Texas","B27001_031",1201,89
"4706","48165","Gaines County, Texas","B27001_032",804,157
"4707","48165","Gaines County, Texas","B27001_033",397,153
"4708","48165","Gaines County, Texas","B27001_034",2796,158
"4709","48165","Gaines County, Texas","B27001_035",1846,258
"4710","48165","Gaines County, Texas","B27001_036",950,231
"4711","48165","Gaines County, Texas","B27001_037",1192,161
"4712","48165","Gaines County, Texas","B27001_038",466,229
"4713","48165","Gaines County, Texas","B27001_039",726,194
"4714","48165","Gaines County, Texas","B27001_040",1079,183
"4715","48165","Gaines County, Texas","B27001_041",709,217
"4716","48165","Gaines County, Texas","B27001_042",370,144
"4717","48165","Gaines County, Texas","B27001_043",1394,149
"4718","48165","Gaines County, Texas","B27001_044",528,192
"4719","48165","Gaines County, Texas","B27001_045",866,194
"4720","48165","Gaines County, Texas","B27001_046",1002,113
"4721","48165","Gaines County, Texas","B27001_047",762,160
"4722","48165","Gaines County, Texas","B27001_048",240,132
"4723","48165","Gaines County, Texas","B27001_049",1093,88
"4724","48165","Gaines County, Texas","B27001_050",818,174
"4725","48165","Gaines County, Texas","B27001_051",275,129
"4726","48165","Gaines County, Texas","B27001_052",734,175
"4727","48165","Gaines County, Texas","B27001_053",724,175
"4728","48165","Gaines County, Texas","B27001_054",10,20
"4729","48165","Gaines County, Texas","B27001_055",383,100
"4730","48165","Gaines County, Texas","B27001_056",383,100
"4731","48165","Gaines County, Texas","B27001_057",0,28
"4732","48167","Galveston County, Texas","B27001_001",354411,299
"4733","48167","Galveston County, Texas","B27001_002",174389,338
"4734","48167","Galveston County, Texas","B27001_003",13326,638
"4735","48167","Galveston County, Texas","B27001_004",11935,785
"4736","48167","Galveston County, Texas","B27001_005",1391,359
"4737","48167","Galveston County, Texas","B27001_006",32557,691
"4738","48167","Galveston County, Texas","B27001_007",29361,875
"4739","48167","Galveston County, Texas","B27001_008",3196,483
"4740","48167","Galveston County, Texas","B27001_009",14334,687
"4741","48167","Galveston County, Texas","B27001_010",11194,729
"4742","48167","Galveston County, Texas","B27001_011",3140,480
"4743","48167","Galveston County, Texas","B27001_012",19953,497
"4744","48167","Galveston County, Texas","B27001_013",14902,760
"4745","48167","Galveston County, Texas","B27001_014",5051,615
"4746","48167","Galveston County, Texas","B27001_015",23489,182
"4747","48167","Galveston County, Texas","B27001_016",18069,706
"4748","48167","Galveston County, Texas","B27001_017",5420,670
"4749","48167","Galveston County, Texas","B27001_018",22279,120
"4750","48167","Galveston County, Texas","B27001_019",18187,519
"4751","48167","Galveston County, Texas","B27001_020",4092,512
"4752","48167","Galveston County, Texas","B27001_021",22695,70
"4753","48167","Galveston County, Texas","B27001_022",20079,433
"4754","48167","Galveston County, Texas","B27001_023",2616,426
"4755","48167","Galveston County, Texas","B27001_024",16945,85
"4756","48167","Galveston County, Texas","B27001_025",16770,131
"4757","48167","Galveston County, Texas","B27001_026",175,108
"4758","48167","Galveston County, Texas","B27001_027",8811,93
"4759","48167","Galveston County, Texas","B27001_028",8764,102
"4760","48167","Galveston County, Texas","B27001_029",47,56
"4761","48167","Galveston County, Texas","B27001_030",180022,193
"4762","48167","Galveston County, Texas","B27001_031",11839,411
"4763","48167","Galveston County, Texas","B27001_032",11152,551
"4764","48167","Galveston County, Texas","B27001_033",687,300
"4765","48167","Galveston County, Texas","B27001_034",31951,504
"4766","48167","Galveston County, Texas","B27001_035",28220,825
"4767","48167","Galveston County, Texas","B27001_036",3731,728
"4768","48167","Galveston County, Texas","B27001_037",14557,685
"4769","48167","Galveston County, Texas","B27001_038",11312,794
"4770","48167","Galveston County, Texas","B27001_039",3245,452
"4771","48167","Galveston County, Texas","B27001_040",20527,541
"4772","48167","Galveston County, Texas","B27001_041",15931,729
"4773","48167","Galveston County, Texas","B27001_042",4596,604
"4774","48167","Galveston County, Texas","B27001_043",25004,83
"4775","48167","Galveston County, Texas","B27001_044",20252,566
"4776","48167","Galveston County, Texas","B27001_045",4752,567
"4777","48167","Galveston County, Texas","B27001_046",22899,163
"4778","48167","Galveston County, Texas","B27001_047",19298,544
"4779","48167","Galveston County, Texas","B27001_048",3601,512
"4780","48167","Galveston County, Texas","B27001_049",23762,103
"4781","48167","Galveston County, Texas","B27001_050",21562,408
"4782","48167","Galveston County, Texas","B27001_051",2200,380
"4783","48167","Galveston County, Texas","B27001_052",18330,91
"4784","48167","Galveston County, Texas","B27001_053",18140,118
"4785","48167","Galveston County, Texas","B27001_054",190,75
"4786","48167","Galveston County, Texas","B27001_055",11153,130
"4787","48167","Galveston County, Texas","B27001_056",11029,155
"4788","48167","Galveston County, Texas","B27001_057",124,74
"4789","48169","Garza County, Texas","B27001_001",3802,218
"4790","48169","Garza County, Texas","B27001_002",2062,206
"4791","48169","Garza County, Texas","B27001_003",120,55
"4792","48169","Garza County, Texas","B27001_004",120,55
"4793","48169","Garza County, Texas","B27001_005",0,21
"4794","48169","Garza County, Texas","B27001_006",367,117
"4795","48169","Garza County, Texas","B27001_007",332,110
"4796","48169","Garza County, Texas","B27001_008",35,38
"4797","48169","Garza County, Texas","B27001_009",353,159
"4798","48169","Garza County, Texas","B27001_010",279,133
"4799","48169","Garza County, Texas","B27001_011",74,101
"4800","48169","Garza County, Texas","B27001_012",325,139
"4801","48169","Garza County, Texas","B27001_013",117,58
"4802","48169","Garza County, Texas","B27001_014",208,124
"4803","48169","Garza County, Texas","B27001_015",108,75
"4804","48169","Garza County, Texas","B27001_016",99,70
"4805","48169","Garza County, Texas","B27001_017",9,19
"4806","48169","Garza County, Texas","B27001_018",255,114
"4807","48169","Garza County, Texas","B27001_019",207,107
"4808","48169","Garza County, Texas","B27001_020",48,63
"4809","48169","Garza County, Texas","B27001_021",172,76
"4810","48169","Garza County, Texas","B27001_022",161,75
"4811","48169","Garza County, Texas","B27001_023",11,16
"4812","48169","Garza County, Texas","B27001_024",148,69
"4813","48169","Garza County, Texas","B27001_025",148,69
"4814","48169","Garza County, Texas","B27001_026",0,21
"4815","48169","Garza County, Texas","B27001_027",214,100
"4816","48169","Garza County, Texas","B27001_028",214,100
"4817","48169","Garza County, Texas","B27001_029",0,21
"4818","48169","Garza County, Texas","B27001_030",1740,177
"4819","48169","Garza County, Texas","B27001_031",73,29
"4820","48169","Garza County, Texas","B27001_032",73,29
"4821","48169","Garza County, Texas","B27001_033",0,21
"4822","48169","Garza County, Texas","B27001_034",270,108
"4823","48169","Garza County, Texas","B27001_035",247,115
"4824","48169","Garza County, Texas","B27001_036",23,24
"4825","48169","Garza County, Texas","B27001_037",209,80
"4826","48169","Garza County, Texas","B27001_038",188,83
"4827","48169","Garza County, Texas","B27001_039",21,29
"4828","48169","Garza County, Texas","B27001_040",244,104
"4829","48169","Garza County, Texas","B27001_041",142,66
"4830","48169","Garza County, Texas","B27001_042",102,71
"4831","48169","Garza County, Texas","B27001_043",204,103
"4832","48169","Garza County, Texas","B27001_044",148,85
"4833","48169","Garza County, Texas","B27001_045",56,64
"4834","48169","Garza County, Texas","B27001_046",186,81
"4835","48169","Garza County, Texas","B27001_047",130,70
"4836","48169","Garza County, Texas","B27001_048",56,47
"4837","48169","Garza County, Texas","B27001_049",195,76
"4838","48169","Garza County, Texas","B27001_050",154,74
"4839","48169","Garza County, Texas","B27001_051",41,50
"4840","48169","Garza County, Texas","B27001_052",155,70
"4841","48169","Garza County, Texas","B27001_053",155,70
"4842","48169","Garza County, Texas","B27001_054",0,21
"4843","48169","Garza County, Texas","B27001_055",204,92
"4844","48169","Garza County, Texas","B27001_056",204,92
"4845","48169","Garza County, Texas","B27001_057",0,21
"4846","48171","Gillespie County, Texas","B27001_001",27167,9
"4847","48171","Gillespie County, Texas","B27001_002",13402,146
"4848","48171","Gillespie County, Texas","B27001_003",764,126
"4849","48171","Gillespie County, Texas","B27001_004",701,136
"4850","48171","Gillespie County, Texas","B27001_005",63,56
"4851","48171","Gillespie County, Texas","B27001_006",2269,102
"4852","48171","Gillespie County, Texas","B27001_007",1761,197
"4853","48171","Gillespie County, Texas","B27001_008",508,167
"4854","48171","Gillespie County, Texas","B27001_009",680,162
"4855","48171","Gillespie County, Texas","B27001_010",326,154
"4856","48171","Gillespie County, Texas","B27001_011",354,180
"4857","48171","Gillespie County, Texas","B27001_012",1248,196
"4858","48171","Gillespie County, Texas","B27001_013",946,194
"4859","48171","Gillespie County, Texas","B27001_014",302,115
"4860","48171","Gillespie County, Texas","B27001_015",1336,128
"4861","48171","Gillespie County, Texas","B27001_016",979,157
"4862","48171","Gillespie County, Texas","B27001_017",357,208
"4863","48171","Gillespie County, Texas","B27001_018",1335,134
"4864","48171","Gillespie County, Texas","B27001_019",1118,136
"4865","48171","Gillespie County, Texas","B27001_020",217,115
"4866","48171","Gillespie County, Texas","B27001_021",1999,100
"4867","48171","Gillespie County, Texas","B27001_022",1735,126
"4868","48171","Gillespie County, Texas","B27001_023",264,126
"4869","48171","Gillespie County, Texas","B27001_024",2038,68
"4870","48171","Gillespie County, Texas","B27001_025",2017,73
"4871","48171","Gillespie County, Texas","B27001_026",21,32
"4872","48171","Gillespie County, Texas","B27001_027",1733,105
"4873","48171","Gillespie County, Texas","B27001_028",1700,107
"4874","48171","Gillespie County, Texas","B27001_029",33,36
"4875","48171","Gillespie County, Texas","B27001_030",13765,144
"4876","48171","Gillespie County, Texas","B27001_031",953,168
"4877","48171","Gillespie County, Texas","B27001_032",894,172
"4878","48171","Gillespie County, Texas","B27001_033",59,59
"4879","48171","Gillespie County, Texas","B27001_034",1668,172
"4880","48171","Gillespie County, Texas","B27001_035",1455,194
"4881","48171","Gillespie County, Texas","B27001_036",213,119
"4882","48171","Gillespie County, Texas","B27001_037",1013,170
"4883","48171","Gillespie County, Texas","B27001_038",645,182
"4884","48171","Gillespie County, Texas","B27001_039",368,117
"4885","48171","Gillespie County, Texas","B27001_040",903,151
"4886","48171","Gillespie County, Texas","B27001_041",699,117
"4887","48171","Gillespie County, Texas","B27001_042",204,92
"4888","48171","Gillespie County, Texas","B27001_043",1511,173
"4889","48171","Gillespie County, Texas","B27001_044",1250,206
"4890","48171","Gillespie County, Texas","B27001_045",261,117
"4891","48171","Gillespie County, Texas","B27001_046",1319,119
"4892","48171","Gillespie County, Texas","B27001_047",1026,129
"4893","48171","Gillespie County, Texas","B27001_048",293,157
"4894","48171","Gillespie County, Texas","B27001_049",2088,142
"4895","48171","Gillespie County, Texas","B27001_050",1878,184
"4896","48171","Gillespie County, Texas","B27001_051",210,128
"4897","48171","Gillespie County, Texas","B27001_052",2303,107
"4898","48171","Gillespie County, Texas","B27001_053",2248,121
"4899","48171","Gillespie County, Texas","B27001_054",55,65
"4900","48171","Gillespie County, Texas","B27001_055",2007,109
"4901","48171","Gillespie County, Texas","B27001_056",2001,108
"4902","48171","Gillespie County, Texas","B27001_057",6,11
"4903","48173","Glasscock County, Texas","B27001_001",1068,146
"4904","48173","Glasscock County, Texas","B27001_002",599,106
"4905","48173","Glasscock County, Texas","B27001_003",49,32
"4906","48173","Glasscock County, Texas","B27001_004",28,29
"4907","48173","Glasscock County, Texas","B27001_005",21,17
"4908","48173","Glasscock County, Texas","B27001_006",125,63
"4909","48173","Glasscock County, Texas","B27001_007",98,60
"4910","48173","Glasscock County, Texas","B27001_008",27,31
"4911","48173","Glasscock County, Texas","B27001_009",32,30
"4912","48173","Glasscock County, Texas","B27001_010",32,30
"4913","48173","Glasscock County, Texas","B27001_011",0,15
"4914","48173","Glasscock County, Texas","B27001_012",59,41
"4915","48173","Glasscock County, Texas","B27001_013",32,31
"4916","48173","Glasscock County, Texas","B27001_014",27,31
"4917","48173","Glasscock County, Texas","B27001_015",79,45
"4918","48173","Glasscock County, Texas","B27001_016",45,27
"4919","48173","Glasscock County, Texas","B27001_017",34,37
"4920","48173","Glasscock County, Texas","B27001_018",112,62
"4921","48173","Glasscock County, Texas","B27001_019",92,57
"4922","48173","Glasscock County, Texas","B27001_020",20,27
"4923","48173","Glasscock County, Texas","B27001_021",65,31
"4924","48173","Glasscock County, Texas","B27001_022",65,31
"4925","48173","Glasscock County, Texas","B27001_023",0,15
"4926","48173","Glasscock County, Texas","B27001_024",32,17
"4927","48173","Glasscock County, Texas","B27001_025",32,17
"4928","48173","Glasscock County, Texas","B27001_026",0,15
"4929","48173","Glasscock County, Texas","B27001_027",46,31
"4930","48173","Glasscock County, Texas","B27001_028",46,31
"4931","48173","Glasscock County, Texas","B27001_029",0,15
"4932","48173","Glasscock County, Texas","B27001_030",469,75
"4933","48173","Glasscock County, Texas","B27001_031",47,35
"4934","48173","Glasscock County, Texas","B27001_032",10,12
"4935","48173","Glasscock County, Texas","B27001_033",37,34
"4936","48173","Glasscock County, Texas","B27001_034",32,28
"4937","48173","Glasscock County, Texas","B27001_035",16,18
"4938","48173","Glasscock County, Texas","B27001_036",16,23
"4939","48173","Glasscock County, Texas","B27001_037",29,27
"4940","48173","Glasscock County, Texas","B27001_038",29,27
"4941","48173","Glasscock County, Texas","B27001_039",0,15
"4942","48173","Glasscock County, Texas","B27001_040",78,46
"4943","48173","Glasscock County, Texas","B27001_041",27,29
"4944","48173","Glasscock County, Texas","B27001_042",51,43
"4945","48173","Glasscock County, Texas","B27001_043",91,48
"4946","48173","Glasscock County, Texas","B27001_044",81,42
"4947","48173","Glasscock County, Texas","B27001_045",10,19
"4948","48173","Glasscock County, Texas","B27001_046",51,30
"4949","48173","Glasscock County, Texas","B27001_047",30,21
"4950","48173","Glasscock County, Texas","B27001_048",21,26
"4951","48173","Glasscock County, Texas","B27001_049",60,32
"4952","48173","Glasscock County, Texas","B27001_050",56,32
"4953","48173","Glasscock County, Texas","B27001_051",4,5
"4954","48173","Glasscock County, Texas","B27001_052",44,23
"4955","48173","Glasscock County, Texas","B27001_053",44,23
"4956","48173","Glasscock County, Texas","B27001_054",0,15
"4957","48173","Glasscock County, Texas","B27001_055",37,27
"4958","48173","Glasscock County, Texas","B27001_056",37,27
"4959","48173","Glasscock County, Texas","B27001_057",0,15
"4960","48175","Goliad County, Texas","B27001_001",7050,42
"4961","48175","Goliad County, Texas","B27001_002",3534,85
"4962","48175","Goliad County, Texas","B27001_003",287,74
"4963","48175","Goliad County, Texas","B27001_004",287,74
"4964","48175","Goliad County, Texas","B27001_005",0,21
"4965","48175","Goliad County, Texas","B27001_006",506,76
"4966","48175","Goliad County, Texas","B27001_007",465,84
"4967","48175","Goliad County, Texas","B27001_008",41,33
"4968","48175","Goliad County, Texas","B27001_009",284,70
"4969","48175","Goliad County, Texas","B27001_010",222,69
"4970","48175","Goliad County, Texas","B27001_011",62,58
"4971","48175","Goliad County, Texas","B27001_012",320,117
"4972","48175","Goliad County, Texas","B27001_013",197,97
"4973","48175","Goliad County, Texas","B27001_014",123,83
"4974","48175","Goliad County, Texas","B27001_015",412,118
"4975","48175","Goliad County, Texas","B27001_016",362,115
"4976","48175","Goliad County, Texas","B27001_017",50,44
"4977","48175","Goliad County, Texas","B27001_018",347,90
"4978","48175","Goliad County, Texas","B27001_019",317,83
"4979","48175","Goliad County, Texas","B27001_020",30,32
"4980","48175","Goliad County, Texas","B27001_021",558,61
"4981","48175","Goliad County, Texas","B27001_022",394,86
"4982","48175","Goliad County, Texas","B27001_023",164,81
"4983","48175","Goliad County, Texas","B27001_024",485,49
"4984","48175","Goliad County, Texas","B27001_025",485,49
"4985","48175","Goliad County, Texas","B27001_026",0,21
"4986","48175","Goliad County, Texas","B27001_027",335,34
"4987","48175","Goliad County, Texas","B27001_028",335,34
"4988","48175","Goliad County, Texas","B27001_029",0,21
"4989","48175","Goliad County, Texas","B27001_030",3516,72
"4990","48175","Goliad County, Texas","B27001_031",211,75
"4991","48175","Goliad County, Texas","B27001_032",194,78
"4992","48175","Goliad County, Texas","B27001_033",17,22
"4993","48175","Goliad County, Texas","B27001_034",472,72
"4994","48175","Goliad County, Texas","B27001_035",434,82
"4995","48175","Goliad County, Texas","B27001_036",38,51
"4996","48175","Goliad County, Texas","B27001_037",216,77
"4997","48175","Goliad County, Texas","B27001_038",152,73
"4998","48175","Goliad County, Texas","B27001_039",64,54
"4999","48175","Goliad County, Texas","B27001_040",566,165
"5000","48175","Goliad County, Texas","B27001_041",457,193
"5001","48175","Goliad County, Texas","B27001_042",109,115
"5002","48175","Goliad County, Texas","B27001_043",306,97
"5003","48175","Goliad County, Texas","B27001_044",223,92
"5004","48175","Goliad County, Texas","B27001_045",83,66
"5005","48175","Goliad County, Texas","B27001_046",357,80
"5006","48175","Goliad County, Texas","B27001_047",317,72
"5007","48175","Goliad County, Texas","B27001_048",40,36
"5008","48175","Goliad County, Texas","B27001_049",498,12
"5009","48175","Goliad County, Texas","B27001_050",373,56
"5010","48175","Goliad County, Texas","B27001_051",125,55
"5011","48175","Goliad County, Texas","B27001_052",534,25
"5012","48175","Goliad County, Texas","B27001_053",534,25
"5013","48175","Goliad County, Texas","B27001_054",0,21
"5014","48175","Goliad County, Texas","B27001_055",356,25
"5015","48175","Goliad County, Texas","B27001_056",356,25
"5016","48175","Goliad County, Texas","B27001_057",0,21
"5017","48177","Gonzales County, Texas","B27001_001",19546,9
"5018","48177","Gonzales County, Texas","B27001_002",9767,196
"5019","48177","Gonzales County, Texas","B27001_003",817,155
"5020","48177","Gonzales County, Texas","B27001_004",619,113
"5021","48177","Gonzales County, Texas","B27001_005",198,151
"5022","48177","Gonzales County, Texas","B27001_006",2036,208
"5023","48177","Gonzales County, Texas","B27001_007",1735,320
"5024","48177","Gonzales County, Texas","B27001_008",301,163
"5025","48177","Gonzales County, Texas","B27001_009",669,75
"5026","48177","Gonzales County, Texas","B27001_010",321,119
"5027","48177","Gonzales County, Texas","B27001_011",348,116
"5028","48177","Gonzales County, Texas","B27001_012",1068,130
"5029","48177","Gonzales County, Texas","B27001_013",818,132
"5030","48177","Gonzales County, Texas","B27001_014",250,135
"5031","48177","Gonzales County, Texas","B27001_015",1266,188
"5032","48177","Gonzales County, Texas","B27001_016",804,219
"5033","48177","Gonzales County, Texas","B27001_017",462,215
"5034","48177","Gonzales County, Texas","B27001_018",1015,31
"5035","48177","Gonzales County, Texas","B27001_019",906,68
"5036","48177","Gonzales County, Texas","B27001_020",109,62
"5037","48177","Gonzales County, Texas","B27001_021",1302,74
"5038","48177","Gonzales County, Texas","B27001_022",1046,146
"5039","48177","Gonzales County, Texas","B27001_023",256,115
"5040","48177","Gonzales County, Texas","B27001_024",962,59
"5041","48177","Gonzales County, Texas","B27001_025",962,59
"5042","48177","Gonzales County, Texas","B27001_026",0,23
"5043","48177","Gonzales County, Texas","B27001_027",632,56
"5044","48177","Gonzales County, Texas","B27001_028",632,56
"5045","48177","Gonzales County, Texas","B27001_029",0,23
"5046","48177","Gonzales County, Texas","B27001_030",9779,194
"5047","48177","Gonzales County, Texas","B27001_031",852,135
"5048","48177","Gonzales County, Texas","B27001_032",826,129
"5049","48177","Gonzales County, Texas","B27001_033",26,32
"5050","48177","Gonzales County, Texas","B27001_034",1775,156
"5051","48177","Gonzales County, Texas","B27001_035",1610,181
"5052","48177","Gonzales County, Texas","B27001_036",165,88
"5053","48177","Gonzales County, Texas","B27001_037",615,138
"5054","48177","Gonzales County, Texas","B27001_038",427,141
"5055","48177","Gonzales County, Texas","B27001_039",188,99
"5056","48177","Gonzales County, Texas","B27001_040",834,157
"5057","48177","Gonzales County, Texas","B27001_041",696,153
"5058","48177","Gonzales County, Texas","B27001_042",138,84
"5059","48177","Gonzales County, Texas","B27001_043",1220,160
"5060","48177","Gonzales County, Texas","B27001_044",710,208
"5061","48177","Gonzales County, Texas","B27001_045",510,205
"5062","48177","Gonzales County, Texas","B27001_046",1195,142
"5063","48177","Gonzales County, Texas","B27001_047",874,161
"5064","48177","Gonzales County, Texas","B27001_048",321,147
"5065","48177","Gonzales County, Texas","B27001_049",1471,215
"5066","48177","Gonzales County, Texas","B27001_050",1274,224
"5067","48177","Gonzales County, Texas","B27001_051",197,76
"5068","48177","Gonzales County, Texas","B27001_052",1059,68
"5069","48177","Gonzales County, Texas","B27001_053",1024,86
"5070","48177","Gonzales County, Texas","B27001_054",35,49
"5071","48177","Gonzales County, Texas","B27001_055",758,70
"5072","48177","Gonzales County, Texas","B27001_056",751,71
"5073","48177","Gonzales County, Texas","B27001_057",7,11
"5074","48179","Gray County, Texas","B27001_001",19374,63
"5075","48179","Gray County, Texas","B27001_002",9670,137
"5076","48179","Gray County, Texas","B27001_003",693,70
"5077","48179","Gray County, Texas","B27001_004",634,86
"5078","48179","Gray County, Texas","B27001_005",59,53
"5079","48179","Gray County, Texas","B27001_006",2174,135
"5080","48179","Gray County, Texas","B27001_007",1845,192
"5081","48179","Gray County, Texas","B27001_008",329,149
"5082","48179","Gray County, Texas","B27001_009",973,165
"5083","48179","Gray County, Texas","B27001_010",561,193
"5084","48179","Gray County, Texas","B27001_011",412,183
"5085","48179","Gray County, Texas","B27001_012",1007,160
"5086","48179","Gray County, Texas","B27001_013",791,168
"5087","48179","Gray County, Texas","B27001_014",216,113
"5088","48179","Gray County, Texas","B27001_015",1116,128
"5089","48179","Gray County, Texas","B27001_016",840,138
"5090","48179","Gray County, Texas","B27001_017",276,98
"5091","48179","Gray County, Texas","B27001_018",1068,125
"5092","48179","Gray County, Texas","B27001_019",929,103
"5093","48179","Gray County, Texas","B27001_020",139,71
"5094","48179","Gray County, Texas","B27001_021",1137,100
"5095","48179","Gray County, Texas","B27001_022",853,104
"5096","48179","Gray County, Texas","B27001_023",284,105
"5097","48179","Gray County, Texas","B27001_024",946,37
"5098","48179","Gray County, Texas","B27001_025",946,37
"5099","48179","Gray County, Texas","B27001_026",0,28
"5100","48179","Gray County, Texas","B27001_027",556,43
"5101","48179","Gray County, Texas","B27001_028",552,43
"5102","48179","Gray County, Texas","B27001_029",4,7
"5103","48179","Gray County, Texas","B27001_030",9704,128
"5104","48179","Gray County, Texas","B27001_031",707,82
"5105","48179","Gray County, Texas","B27001_032",682,78
"5106","48179","Gray County, Texas","B27001_033",25,31
"5107","48179","Gray County, Texas","B27001_034",1938,150
"5108","48179","Gray County, Texas","B27001_035",1605,196
"5109","48179","Gray County, Texas","B27001_036",333,121
"5110","48179","Gray County, Texas","B27001_037",730,116
"5111","48179","Gray County, Texas","B27001_038",499,119
"5112","48179","Gray County, Texas","B27001_039",231,75
"5113","48179","Gray County, Texas","B27001_040",1093,108
"5114","48179","Gray County, Texas","B27001_041",751,130
"5115","48179","Gray County, Texas","B27001_042",342,109
"5116","48179","Gray County, Texas","B27001_043",1226,32
"5117","48179","Gray County, Texas","B27001_044",890,106
"5118","48179","Gray County, Texas","B27001_045",336,101
"5119","48179","Gray County, Texas","B27001_046",1080,37
"5120","48179","Gray County, Texas","B27001_047",810,87
"5121","48179","Gray County, Texas","B27001_048",270,78
"5122","48179","Gray County, Texas","B27001_049",1067,12
"5123","48179","Gray County, Texas","B27001_050",902,76
"5124","48179","Gray County, Texas","B27001_051",165,74
"5125","48179","Gray County, Texas","B27001_052",1063,102
"5126","48179","Gray County, Texas","B27001_053",1060,101
"5127","48179","Gray County, Texas","B27001_054",3,7
"5128","48179","Gray County, Texas","B27001_055",800,59
"5129","48179","Gray County, Texas","B27001_056",800,59
"5130","48179","Gray County, Texas","B27001_057",0,28
"5131","48181","Grayson County, Texas","B27001_001",142031,48
"5132","48181","Grayson County, Texas","B27001_002",69446,199
"5133","48181","Grayson County, Texas","B27001_003",5162,199
"5134","48181","Grayson County, Texas","B27001_004",4485,297
"5135","48181","Grayson County, Texas","B27001_005",677,265
"5136","48181","Grayson County, Texas","B27001_006",13267,257
"5137","48181","Grayson County, Texas","B27001_007",11371,511
"5138","48181","Grayson County, Texas","B27001_008",1896,423
"5139","48181","Grayson County, Texas","B27001_009",5880,313
"5140","48181","Grayson County, Texas","B27001_010",4405,367
"5141","48181","Grayson County, Texas","B27001_011",1475,362
"5142","48181","Grayson County, Texas","B27001_012",7793,268
"5143","48181","Grayson County, Texas","B27001_013",5464,426
"5144","48181","Grayson County, Texas","B27001_014",2329,322
"5145","48181","Grayson County, Texas","B27001_015",8356,162
"5146","48181","Grayson County, Texas","B27001_016",6417,366
"5147","48181","Grayson County, Texas","B27001_017",1939,346
"5148","48181","Grayson County, Texas","B27001_018",8454,171
"5149","48181","Grayson County, Texas","B27001_019",6692,387
"5150","48181","Grayson County, Texas","B27001_020",1762,365
"5151","48181","Grayson County, Texas","B27001_021",9083,95
"5152","48181","Grayson County, Texas","B27001_022",7824,296
"5153","48181","Grayson County, Texas","B27001_023",1259,282
"5154","48181","Grayson County, Texas","B27001_024",7200,176
"5155","48181","Grayson County, Texas","B27001_025",7085,193
"5156","48181","Grayson County, Texas","B27001_026",115,98
"5157","48181","Grayson County, Texas","B27001_027",4251,171
"5158","48181","Grayson County, Texas","B27001_028",4239,173
"5159","48181","Grayson County, Texas","B27001_029",12,18
"5160","48181","Grayson County, Texas","B27001_030",72585,202
"5161","48181","Grayson County, Texas","B27001_031",5410,369
"5162","48181","Grayson County, Texas","B27001_032",5021,406
"5163","48181","Grayson County, Texas","B27001_033",389,135
"5164","48181","Grayson County, Texas","B27001_034",12379,401
"5165","48181","Grayson County, Texas","B27001_035",10340,490
"5166","48181","Grayson County, Texas","B27001_036",2039,406
"5167","48181","Grayson County, Texas","B27001_037",5660,264
"5168","48181","Grayson County, Texas","B27001_038",4062,423
"5169","48181","Grayson County, Texas","B27001_039",1598,371
"5170","48181","Grayson County, Texas","B27001_040",8330,237
"5171","48181","Grayson County, Texas","B27001_041",6406,423
"5172","48181","Grayson County, Texas","B27001_042",1924,366
"5173","48181","Grayson County, Texas","B27001_043",9000,186
"5174","48181","Grayson County, Texas","B27001_044",6996,413
"5175","48181","Grayson County, Texas","B27001_045",2004,384
"5176","48181","Grayson County, Texas","B27001_046",8466,184
"5177","48181","Grayson County, Texas","B27001_047",6933,366
"5178","48181","Grayson County, Texas","B27001_048",1533,335
"5179","48181","Grayson County, Texas","B27001_049",9598,81
"5180","48181","Grayson County, Texas","B27001_050",8420,314
"5181","48181","Grayson County, Texas","B27001_051",1178,312
"5182","48181","Grayson County, Texas","B27001_052",8099,139
"5183","48181","Grayson County, Texas","B27001_053",7949,185
"5184","48181","Grayson County, Texas","B27001_054",150,126
"5185","48181","Grayson County, Texas","B27001_055",5643,149
"5186","48181","Grayson County, Texas","B27001_056",5643,149
"5187","48181","Grayson County, Texas","B27001_057",0,35
"5188","48183","Gregg County, Texas","B27001_001",123439,104
"5189","48183","Gregg County, Texas","B27001_002",60124,200
"5190","48183","Gregg County, Texas","B27001_003",4869,205
"5191","48183","Gregg County, Texas","B27001_004",4566,248
"5192","48183","Gregg County, Texas","B27001_005",303,129
"5193","48183","Gregg County, Texas","B27001_006",12555,300
"5194","48183","Gregg County, Texas","B27001_007",10827,412
"5195","48183","Gregg County, Texas","B27001_008",1728,377
"5196","48183","Gregg County, Texas","B27001_009",5965,272
"5197","48183","Gregg County, Texas","B27001_010",4626,385
"5198","48183","Gregg County, Texas","B27001_011",1339,364
"5199","48183","Gregg County, Texas","B27001_012",7269,230
"5200","48183","Gregg County, Texas","B27001_013",5007,363
"5201","48183","Gregg County, Texas","B27001_014",2262,351
"5202","48183","Gregg County, Texas","B27001_015",7552,161
"5203","48183","Gregg County, Texas","B27001_016",5474,334
"5204","48183","Gregg County, Texas","B27001_017",2078,302
"5205","48183","Gregg County, Texas","B27001_018",6603,84
"5206","48183","Gregg County, Texas","B27001_019",5024,264
"5207","48183","Gregg County, Texas","B27001_020",1579,265
"5208","48183","Gregg County, Texas","B27001_021",6860,71
"5209","48183","Gregg County, Texas","B27001_022",5863,239
"5210","48183","Gregg County, Texas","B27001_023",997,230
"5211","48183","Gregg County, Texas","B27001_024",5531,93
"5212","48183","Gregg County, Texas","B27001_025",5363,124
"5213","48183","Gregg County, Texas","B27001_026",168,97
"5214","48183","Gregg County, Texas","B27001_027",2920,104
"5215","48183","Gregg County, Texas","B27001_028",2920,104
"5216","48183","Gregg County, Texas","B27001_029",0,35
"5217","48183","Gregg County, Texas","B27001_030",63315,156
"5218","48183","Gregg County, Texas","B27001_031",4829,254
"5219","48183","Gregg County, Texas","B27001_032",4439,316
"5220","48183","Gregg County, Texas","B27001_033",390,202
"5221","48183","Gregg County, Texas","B27001_034",11810,347
"5222","48183","Gregg County, Texas","B27001_035",10600,481
"5223","48183","Gregg County, Texas","B27001_036",1210,337
"5224","48183","Gregg County, Texas","B27001_037",5701,311
"5225","48183","Gregg County, Texas","B27001_038",3849,419
"5226","48183","Gregg County, Texas","B27001_039",1852,383
"5227","48183","Gregg County, Texas","B27001_040",7576,261
"5228","48183","Gregg County, Texas","B27001_041",5587,492
"5229","48183","Gregg County, Texas","B27001_042",1989,406
"5230","48183","Gregg County, Texas","B27001_043",7980,104
"5231","48183","Gregg County, Texas","B27001_044",6427,313
"5232","48183","Gregg County, Texas","B27001_045",1553,318
"5233","48183","Gregg County, Texas","B27001_046",7115,103
"5234","48183","Gregg County, Texas","B27001_047",5637,310
"5235","48183","Gregg County, Texas","B27001_048",1478,296
"5236","48183","Gregg County, Texas","B27001_049",7491,60
"5237","48183","Gregg County, Texas","B27001_050",6224,303
"5238","48183","Gregg County, Texas","B27001_051",1267,300
"5239","48183","Gregg County, Texas","B27001_052",6177,133
"5240","48183","Gregg County, Texas","B27001_053",5995,154
"5241","48183","Gregg County, Texas","B27001_054",182,131
"5242","48183","Gregg County, Texas","B27001_055",4636,181
"5243","48183","Gregg County, Texas","B27001_056",4636,181
"5244","48183","Gregg County, Texas","B27001_057",0,35
"5245","48185","Grimes County, Texas","B27001_001",27796,676
"5246","48185","Grimes County, Texas","B27001_002",13694,667
"5247","48185","Grimes County, Texas","B27001_003",932,96
"5248","48185","Grimes County, Texas","B27001_004",842,121
"5249","48185","Grimes County, Texas","B27001_005",90,79
"5250","48185","Grimes County, Texas","B27001_006",2977,224
"5251","48185","Grimes County, Texas","B27001_007",2335,257
"5252","48185","Grimes County, Texas","B27001_008",642,300
"5253","48185","Grimes County, Texas","B27001_009",1176,233
"5254","48185","Grimes County, Texas","B27001_010",822,219
"5255","48185","Grimes County, Texas","B27001_011",354,199
"5256","48185","Grimes County, Texas","B27001_012",1518,363
"5257","48185","Grimes County, Texas","B27001_013",811,221
"5258","48185","Grimes County, Texas","B27001_014",707,345
"5259","48185","Grimes County, Texas","B27001_015",1283,383
"5260","48185","Grimes County, Texas","B27001_016",1085,327
"5261","48185","Grimes County, Texas","B27001_017",198,118
"5262","48185","Grimes County, Texas","B27001_018",1722,186
"5263","48185","Grimes County, Texas","B27001_019",1129,255
"5264","48185","Grimes County, Texas","B27001_020",593,223
"5265","48185","Grimes County, Texas","B27001_021",1693,264
"5266","48185","Grimes County, Texas","B27001_022",1520,265
"5267","48185","Grimes County, Texas","B27001_023",173,99
"5268","48185","Grimes County, Texas","B27001_024",1516,279
"5269","48185","Grimes County, Texas","B27001_025",1516,279
"5270","48185","Grimes County, Texas","B27001_026",0,31
"5271","48185","Grimes County, Texas","B27001_027",877,64
"5272","48185","Grimes County, Texas","B27001_028",877,64
"5273","48185","Grimes County, Texas","B27001_029",0,31
"5274","48185","Grimes County, Texas","B27001_030",14102,188
"5275","48185","Grimes County, Texas","B27001_031",997,130
"5276","48185","Grimes County, Texas","B27001_032",959,136
"5277","48185","Grimes County, Texas","B27001_033",38,52
"5278","48185","Grimes County, Texas","B27001_034",2514,198
"5279","48185","Grimes County, Texas","B27001_035",2146,240
"5280","48185","Grimes County, Texas","B27001_036",368,186
"5281","48185","Grimes County, Texas","B27001_037",1315,200
"5282","48185","Grimes County, Texas","B27001_038",728,262
"5283","48185","Grimes County, Texas","B27001_039",587,274
"5284","48185","Grimes County, Texas","B27001_040",1150,200
"5285","48185","Grimes County, Texas","B27001_041",925,174
"5286","48185","Grimes County, Texas","B27001_042",225,149
"5287","48185","Grimes County, Texas","B27001_043",1789,166
"5288","48185","Grimes County, Texas","B27001_044",1431,231
"5289","48185","Grimes County, Texas","B27001_045",358,160
"5290","48185","Grimes County, Texas","B27001_046",1570,104
"5291","48185","Grimes County, Texas","B27001_047",1049,185
"5292","48185","Grimes County, Texas","B27001_048",521,149
"5293","48185","Grimes County, Texas","B27001_049",1868,24
"5294","48185","Grimes County, Texas","B27001_050",1624,119
"5295","48185","Grimes County, Texas","B27001_051",244,116
"5296","48185","Grimes County, Texas","B27001_052",1823,67
"5297","48185","Grimes County, Texas","B27001_053",1823,67
"5298","48185","Grimes County, Texas","B27001_054",0,31
"5299","48185","Grimes County, Texas","B27001_055",1076,60
"5300","48185","Grimes County, Texas","B27001_056",1076,60
"5301","48185","Grimes County, Texas","B27001_057",0,31
"5302","48187","Guadalupe County, Texas","B27001_001",180767,319
"5303","48187","Guadalupe County, Texas","B27001_002",89666,351
"5304","48187","Guadalupe County, Texas","B27001_003",7190,378
"5305","48187","Guadalupe County, Texas","B27001_004",6549,416
"5306","48187","Guadalupe County, Texas","B27001_005",641,242
"5307","48187","Guadalupe County, Texas","B27001_006",16915,444
"5308","48187","Guadalupe County, Texas","B27001_007",15945,549
"5309","48187","Guadalupe County, Texas","B27001_008",970,251
"5310","48187","Guadalupe County, Texas","B27001_009",7963,366
"5311","48187","Guadalupe County, Texas","B27001_010",6530,488
"5312","48187","Guadalupe County, Texas","B27001_011",1433,369
"5313","48187","Guadalupe County, Texas","B27001_012",9876,371
"5314","48187","Guadalupe County, Texas","B27001_013",7690,500
"5315","48187","Guadalupe County, Texas","B27001_014",2186,401
"5316","48187","Guadalupe County, Texas","B27001_015",13067,278
"5317","48187","Guadalupe County, Texas","B27001_016",11139,461
"5318","48187","Guadalupe County, Texas","B27001_017",1928,418
"5319","48187","Guadalupe County, Texas","B27001_018",11839,177
"5320","48187","Guadalupe County, Texas","B27001_019",9929,381
"5321","48187","Guadalupe County, Texas","B27001_020",1910,367
"5322","48187","Guadalupe County, Texas","B27001_021",10552,158
"5323","48187","Guadalupe County, Texas","B27001_022",9214,325
"5324","48187","Guadalupe County, Texas","B27001_023",1338,268
"5325","48187","Guadalupe County, Texas","B27001_024",7675,129
"5326","48187","Guadalupe County, Texas","B27001_025",7527,204
"5327","48187","Guadalupe County, Texas","B27001_026",148,144
"5328","48187","Guadalupe County, Texas","B27001_027",4589,121
"5329","48187","Guadalupe County, Texas","B27001_028",4454,192
"5330","48187","Guadalupe County, Texas","B27001_029",135,160
"5331","48187","Guadalupe County, Texas","B27001_030",91101,284
"5332","48187","Guadalupe County, Texas","B27001_031",6134,341
"5333","48187","Guadalupe County, Texas","B27001_032",5569,391
"5334","48187","Guadalupe County, Texas","B27001_033",565,239
"5335","48187","Guadalupe County, Texas","B27001_034",16490,396
"5336","48187","Guadalupe County, Texas","B27001_035",15392,469
"5337","48187","Guadalupe County, Texas","B27001_036",1098,313
"5338","48187","Guadalupe County, Texas","B27001_037",7127,293
"5339","48187","Guadalupe County, Texas","B27001_038",6121,374
"5340","48187","Guadalupe County, Texas","B27001_039",1006,348
"5341","48187","Guadalupe County, Texas","B27001_040",10894,316
"5342","48187","Guadalupe County, Texas","B27001_041",8680,427
"5343","48187","Guadalupe County, Texas","B27001_042",2214,400
"5344","48187","Guadalupe County, Texas","B27001_043",13192,214
"5345","48187","Guadalupe County, Texas","B27001_044",11485,444
"5346","48187","Guadalupe County, Texas","B27001_045",1707,360
"5347","48187","Guadalupe County, Texas","B27001_046",11800,91
"5348","48187","Guadalupe County, Texas","B27001_047",10755,269
"5349","48187","Guadalupe County, Texas","B27001_048",1045,240
"5350","48187","Guadalupe County, Texas","B27001_049",11053,59
"5351","48187","Guadalupe County, Texas","B27001_050",9600,339
"5352","48187","Guadalupe County, Texas","B27001_051",1453,328
"5353","48187","Guadalupe County, Texas","B27001_052",8629,39
"5354","48187","Guadalupe County, Texas","B27001_053",8493,98
"5355","48187","Guadalupe County, Texas","B27001_054",136,100
"5356","48187","Guadalupe County, Texas","B27001_055",5782,112
"5357","48187","Guadalupe County, Texas","B27001_056",5782,112
"5358","48187","Guadalupe County, Texas","B27001_057",0,35
"5359","48189","Hale County, Texas","B27001_001",30389,60
"5360","48189","Hale County, Texas","B27001_002",15061,136
"5361","48189","Hale County, Texas","B27001_003",1010,131
"5362","48189","Hale County, Texas","B27001_004",830,164
"5363","48189","Hale County, Texas","B27001_005",180,141
"5364","48189","Hale County, Texas","B27001_006",3445,155
"5365","48189","Hale County, Texas","B27001_007",2994,227
"5366","48189","Hale County, Texas","B27001_008",451,177
"5367","48189","Hale County, Texas","B27001_009",1913,193
"5368","48189","Hale County, Texas","B27001_010",1233,214
"5369","48189","Hale County, Texas","B27001_011",680,194
"5370","48189","Hale County, Texas","B27001_012",1555,157
"5371","48189","Hale County, Texas","B27001_013",999,183
"5372","48189","Hale County, Texas","B27001_014",556,198
"5373","48189","Hale County, Texas","B27001_015",1918,76
"5374","48189","Hale County, Texas","B27001_016",1267,153
"5375","48189","Hale County, Texas","B27001_017",651,158
"5376","48189","Hale County, Texas","B27001_018",1528,83
"5377","48189","Hale County, Texas","B27001_019",1249,168
"5378","48189","Hale County, Texas","B27001_020",279,142
"5379","48189","Hale County, Texas","B27001_021",1709,131
"5380","48189","Hale County, Texas","B27001_022",1162,143
"5381","48189","Hale County, Texas","B27001_023",547,145
"5382","48189","Hale County, Texas","B27001_024",1192,53
"5383","48189","Hale County, Texas","B27001_025",1163,66
"5384","48189","Hale County, Texas","B27001_026",29,43
"5385","48189","Hale County, Texas","B27001_027",791,31
"5386","48189","Hale County, Texas","B27001_028",791,31
"5387","48189","Hale County, Texas","B27001_029",0,31
"5388","48189","Hale County, Texas","B27001_030",15328,129
"5389","48189","Hale County, Texas","B27001_031",1356,115
"5390","48189","Hale County, Texas","B27001_032",1172,160
"5391","48189","Hale County, Texas","B27001_033",184,121
"5392","48189","Hale County, Texas","B27001_034",3133,142
"5393","48189","Hale County, Texas","B27001_035",2776,158
"5394","48189","Hale County, Texas","B27001_036",357,172
"5395","48189","Hale County, Texas","B27001_037",1585,161
"5396","48189","Hale County, Texas","B27001_038",1077,216
"5397","48189","Hale County, Texas","B27001_039",508,218
"5398","48189","Hale County, Texas","B27001_040",1619,124
"5399","48189","Hale County, Texas","B27001_041",1194,161
"5400","48189","Hale County, Texas","B27001_042",425,149
"5401","48189","Hale County, Texas","B27001_043",1903,71
"5402","48189","Hale County, Texas","B27001_044",1229,215
"5403","48189","Hale County, Texas","B27001_045",674,222
"5404","48189","Hale County, Texas","B27001_046",1620,43
"5405","48189","Hale County, Texas","B27001_047",1168,136
"5406","48189","Hale County, Texas","B27001_048",452,136
"5407","48189","Hale County, Texas","B27001_049",1706,43
"5408","48189","Hale County, Texas","B27001_050",1338,95
"5409","48189","Hale County, Texas","B27001_051",368,85
"5410","48189","Hale County, Texas","B27001_052",1329,63
"5411","48189","Hale County, Texas","B27001_053",1302,78
"5412","48189","Hale County, Texas","B27001_054",27,32
"5413","48189","Hale County, Texas","B27001_055",1077,72
"5414","48189","Hale County, Texas","B27001_056",1077,72
"5415","48189","Hale County, Texas","B27001_057",0,31
"5416","48191","Hall County, Texas","B27001_001",2775,7
"5417","48191","Hall County, Texas","B27001_002",1371,53
"5418","48191","Hall County, Texas","B27001_003",104,34
"5419","48191","Hall County, Texas","B27001_004",104,34
"5420","48191","Hall County, Texas","B27001_005",0,15
"5421","48191","Hall County, Texas","B27001_006",187,43
"5422","48191","Hall County, Texas","B27001_007",179,44
"5423","48191","Hall County, Texas","B27001_008",8,7
"5424","48191","Hall County, Texas","B27001_009",73,40
"5425","48191","Hall County, Texas","B27001_010",73,40
"5426","48191","Hall County, Texas","B27001_011",0,15
"5427","48191","Hall County, Texas","B27001_012",202,41
"5428","48191","Hall County, Texas","B27001_013",145,47
"5429","48191","Hall County, Texas","B27001_014",57,45
"5430","48191","Hall County, Texas","B27001_015",149,46
"5431","48191","Hall County, Texas","B27001_016",106,51
"5432","48191","Hall County, Texas","B27001_017",43,23
"5433","48191","Hall County, Texas","B27001_018",110,42
"5434","48191","Hall County, Texas","B27001_019",77,45
"5435","48191","Hall County, Texas","B27001_020",33,26
"5436","48191","Hall County, Texas","B27001_021",212,34
"5437","48191","Hall County, Texas","B27001_022",200,36
"5438","48191","Hall County, Texas","B27001_023",12,11
"5439","48191","Hall County, Texas","B27001_024",191,29
"5440","48191","Hall County, Texas","B27001_025",187,28
"5441","48191","Hall County, Texas","B27001_026",4,6
"5442","48191","Hall County, Texas","B27001_027",143,30
"5443","48191","Hall County, Texas","B27001_028",143,30
"5444","48191","Hall County, Texas","B27001_029",0,15
"5445","48191","Hall County, Texas","B27001_030",1404,54
"5446","48191","Hall County, Texas","B27001_031",72,37
"5447","48191","Hall County, Texas","B27001_032",68,36
"5448","48191","Hall County, Texas","B27001_033",4,6
"5449","48191","Hall County, Texas","B27001_034",247,30
"5450","48191","Hall County, Texas","B27001_035",233,31
"5451","48191","Hall County, Texas","B27001_036",14,17
"5452","48191","Hall County, Texas","B27001_037",91,33
"5453","48191","Hall County, Texas","B27001_038",63,30
"5454","48191","Hall County, Texas","B27001_039",28,26
"5455","48191","Hall County, Texas","B27001_040",171,35
"5456","48191","Hall County, Texas","B27001_041",104,45
"5457","48191","Hall County, Texas","B27001_042",67,41
"5458","48191","Hall County, Texas","B27001_043",130,46
"5459","48191","Hall County, Texas","B27001_044",57,30
"5460","48191","Hall County, Texas","B27001_045",73,33
"5461","48191","Hall County, Texas","B27001_046",182,45
"5462","48191","Hall County, Texas","B27001_047",118,39
"5463","48191","Hall County, Texas","B27001_048",64,33
"5464","48191","Hall County, Texas","B27001_049",186,28
"5465","48191","Hall County, Texas","B27001_050",161,40
"5466","48191","Hall County, Texas","B27001_051",25,29
"5467","48191","Hall County, Texas","B27001_052",192,36
"5468","48191","Hall County, Texas","B27001_053",192,36
"5469","48191","Hall County, Texas","B27001_054",0,15
"5470","48191","Hall County, Texas","B27001_055",133,20
"5471","48191","Hall County, Texas","B27001_056",133,20
"5472","48191","Hall County, Texas","B27001_057",0,15
"5473","48193","Hamilton County, Texas","B27001_001",8214,4
"5474","48193","Hamilton County, Texas","B27001_002",4095,116
"5475","48193","Hamilton County, Texas","B27001_003",249,52
"5476","48193","Hamilton County, Texas","B27001_004",224,56
"5477","48193","Hamilton County, Texas","B27001_005",25,28
"5478","48193","Hamilton County, Texas","B27001_006",760,89
"5479","48193","Hamilton County, Texas","B27001_007",721,91
"5480","48193","Hamilton County, Texas","B27001_008",39,33
"5481","48193","Hamilton County, Texas","B27001_009",243,75
"5482","48193","Hamilton County, Texas","B27001_010",151,63
"5483","48193","Hamilton County, Texas","B27001_011",92,51
"5484","48193","Hamilton County, Texas","B27001_012",444,51
"5485","48193","Hamilton County, Texas","B27001_013",332,60
"5486","48193","Hamilton County, Texas","B27001_014",112,64
"5487","48193","Hamilton County, Texas","B27001_015",490,36
"5488","48193","Hamilton County, Texas","B27001_016",362,76
"5489","48193","Hamilton County, Texas","B27001_017",128,75
"5490","48193","Hamilton County, Texas","B27001_018",407,36
"5491","48193","Hamilton County, Texas","B27001_019",358,19
"5492","48193","Hamilton County, Texas","B27001_020",49,44
"5493","48193","Hamilton County, Texas","B27001_021",564,36
"5494","48193","Hamilton County, Texas","B27001_022",421,94
"5495","48193","Hamilton County, Texas","B27001_023",143,87
"5496","48193","Hamilton County, Texas","B27001_024",554,46
"5497","48193","Hamilton County, Texas","B27001_025",554,46
"5498","48193","Hamilton County, Texas","B27001_026",0,21
"5499","48193","Hamilton County, Texas","B27001_027",384,27
"5500","48193","Hamilton County, Texas","B27001_028",384,27
"5501","48193","Hamilton County, Texas","B27001_029",0,21
"5502","48193","Hamilton County, Texas","B27001_030",4119,117
"5503","48193","Hamilton County, Texas","B27001_031",240,73
"5504","48193","Hamilton County, Texas","B27001_032",220,75
"5505","48193","Hamilton County, Texas","B27001_033",20,17
"5506","48193","Hamilton County, Texas","B27001_034",896,116
"5507","48193","Hamilton County, Texas","B27001_035",851,132
"5508","48193","Hamilton County, Texas","B27001_036",45,39
"5509","48193","Hamilton County, Texas","B27001_037",178,88
"5510","48193","Hamilton County, Texas","B27001_038",80,61
"5511","48193","Hamilton County, Texas","B27001_039",98,72
"5512","48193","Hamilton County, Texas","B27001_040",296,66
"5513","48193","Hamilton County, Texas","B27001_041",197,87
"5514","48193","Hamilton County, Texas","B27001_042",99,53
"5515","48193","Hamilton County, Texas","B27001_043",490,84
"5516","48193","Hamilton County, Texas","B27001_044",355,41
"5517","48193","Hamilton County, Texas","B27001_045",135,100
"5518","48193","Hamilton County, Texas","B27001_046",431,52
"5519","48193","Hamilton County, Texas","B27001_047",390,46
"5520","48193","Hamilton County, Texas","B27001_048",41,38
"5521","48193","Hamilton County, Texas","B27001_049",583,42
"5522","48193","Hamilton County, Texas","B27001_050",500,45
"5523","48193","Hamilton County, Texas","B27001_051",83,51
"5524","48193","Hamilton County, Texas","B27001_052",534,20
"5525","48193","Hamilton County, Texas","B27001_053",534,20
"5526","48193","Hamilton County, Texas","B27001_054",0,21
"5527","48193","Hamilton County, Texas","B27001_055",471,39
"5528","48193","Hamilton County, Texas","B27001_056",471,39
"5529","48193","Hamilton County, Texas","B27001_057",0,21
"5530","48195","Hansford County, Texas","B27001_001",5048,11
"5531","48195","Hansford County, Texas","B27001_002",2599,74
"5532","48195","Hansford County, Texas","B27001_003",178,56
"5533","48195","Hansford County, Texas","B27001_004",153,60
"5534","48195","Hansford County, Texas","B27001_005",25,21
"5535","48195","Hansford County, Texas","B27001_006",652,81
"5536","48195","Hansford County, Texas","B27001_007",527,104
"5537","48195","Hansford County, Texas","B27001_008",125,69
"5538","48195","Hansford County, Texas","B27001_009",255,58
"5539","48195","Hansford County, Texas","B27001_010",184,55
"5540","48195","Hansford County, Texas","B27001_011",71,70
"5541","48195","Hansford County, Texas","B27001_012",240,64
"5542","48195","Hansford County, Texas","B27001_013",154,60
"5543","48195","Hansford County, Texas","B27001_014",86,46
"5544","48195","Hansford County, Texas","B27001_015",307,68
"5545","48195","Hansford County, Texas","B27001_016",277,68
"5546","48195","Hansford County, Texas","B27001_017",30,27
"5547","48195","Hansford County, Texas","B27001_018",272,64
"5548","48195","Hansford County, Texas","B27001_019",182,53
"5549","48195","Hansford County, Texas","B27001_020",90,60
"5550","48195","Hansford County, Texas","B27001_021",345,62
"5551","48195","Hansford County, Texas","B27001_022",242,73
"5552","48195","Hansford County, Texas","B27001_023",103,73
"5553","48195","Hansford County, Texas","B27001_024",209,52
"5554","48195","Hansford County, Texas","B27001_025",209,52
"5555","48195","Hansford County, Texas","B27001_026",0,21
"5556","48195","Hansford County, Texas","B27001_027",141,32
"5557","48195","Hansford County, Texas","B27001_028",141,32
"5558","48195","Hansford County, Texas","B27001_029",0,21
"5559","48195","Hansford County, Texas","B27001_030",2449,73
"5560","48195","Hansford County, Texas","B27001_031",272,67
"5561","48195","Hansford County, Texas","B27001_032",261,69
"5562","48195","Hansford County, Texas","B27001_033",11,14
"5563","48195","Hansford County, Texas","B27001_034",450,84
"5564","48195","Hansford County, Texas","B27001_035",341,92
"5565","48195","Hansford County, Texas","B27001_036",109,48
"5566","48195","Hansford County, Texas","B27001_037",240,70
"5567","48195","Hansford County, Texas","B27001_038",164,84
"5568","48195","Hansford County, Texas","B27001_039",76,81
"5569","48195","Hansford County, Texas","B27001_040",231,75
"5570","48195","Hansford County, Texas","B27001_041",161,63
"5571","48195","Hansford County, Texas","B27001_042",70,48
"5572","48195","Hansford County, Texas","B27001_043",365,69
"5573","48195","Hansford County, Texas","B27001_044",251,64
"5574","48195","Hansford County, Texas","B27001_045",114,70
"5575","48195","Hansford County, Texas","B27001_046",227,62
"5576","48195","Hansford County, Texas","B27001_047",149,61
"5577","48195","Hansford County, Texas","B27001_048",78,57
"5578","48195","Hansford County, Texas","B27001_049",350,48
"5579","48195","Hansford County, Texas","B27001_050",263,57
"5580","48195","Hansford County, Texas","B27001_051",87,65
"5581","48195","Hansford County, Texas","B27001_052",177,32
"5582","48195","Hansford County, Texas","B27001_053",177,32
"5583","48195","Hansford County, Texas","B27001_054",0,21
"5584","48195","Hansford County, Texas","B27001_055",137,20
"5585","48195","Hansford County, Texas","B27001_056",137,20
"5586","48195","Hansford County, Texas","B27001_057",0,21
"5587","48197","Hardeman County, Texas","B27001_001",3493,11
"5588","48197","Hardeman County, Texas","B27001_002",1740,101
"5589","48197","Hardeman County, Texas","B27001_003",136,55
"5590","48197","Hardeman County, Texas","B27001_004",127,54
"5591","48197","Hardeman County, Texas","B27001_005",9,14
"5592","48197","Hardeman County, Texas","B27001_006",204,65
"5593","48197","Hardeman County, Texas","B27001_007",199,64
"5594","48197","Hardeman County, Texas","B27001_008",5,8
"5595","48197","Hardeman County, Texas","B27001_009",150,78
"5596","48197","Hardeman County, Texas","B27001_010",130,78
"5597","48197","Hardeman County, Texas","B27001_011",20,20
"5598","48197","Hardeman County, Texas","B27001_012",146,87
"5599","48197","Hardeman County, Texas","B27001_013",103,72
"5600","48197","Hardeman County, Texas","B27001_014",43,35
"5601","48197","Hardeman County, Texas","B27001_015",210,67
"5602","48197","Hardeman County, Texas","B27001_016",145,62
"5603","48197","Hardeman County, Texas","B27001_017",65,39
"5604","48197","Hardeman County, Texas","B27001_018",211,44
"5605","48197","Hardeman County, Texas","B27001_019",133,45
"5606","48197","Hardeman County, Texas","B27001_020",78,48
"5607","48197","Hardeman County, Texas","B27001_021",307,58
"5608","48197","Hardeman County, Texas","B27001_022",216,61
"5609","48197","Hardeman County, Texas","B27001_023",91,69
"5610","48197","Hardeman County, Texas","B27001_024",263,64
"5611","48197","Hardeman County, Texas","B27001_025",263,64
"5612","48197","Hardeman County, Texas","B27001_026",0,15
"5613","48197","Hardeman County, Texas","B27001_027",113,31
"5614","48197","Hardeman County, Texas","B27001_028",113,31
"5615","48197","Hardeman County, Texas","B27001_029",0,15
"5616","48197","Hardeman County, Texas","B27001_030",1753,101
"5617","48197","Hardeman County, Texas","B27001_031",107,57
"5618","48197","Hardeman County, Texas","B27001_032",72,39
"5619","48197","Hardeman County, Texas","B27001_033",35,48
"5620","48197","Hardeman County, Texas","B27001_034",365,87
"5621","48197","Hardeman County, Texas","B27001_035",264,70
"5622","48197","Hardeman County, Texas","B27001_036",101,65
"5623","48197","Hardeman County, Texas","B27001_037",125,62
"5624","48197","Hardeman County, Texas","B27001_038",89,47
"5625","48197","Hardeman County, Texas","B27001_039",36,40
"5626","48197","Hardeman County, Texas","B27001_040",176,69
"5627","48197","Hardeman County, Texas","B27001_041",158,66
"5628","48197","Hardeman County, Texas","B27001_042",18,29
"5629","48197","Hardeman County, Texas","B27001_043",137,43
"5630","48197","Hardeman County, Texas","B27001_044",104,47
"5631","48197","Hardeman County, Texas","B27001_045",33,27
"5632","48197","Hardeman County, Texas","B27001_046",237,47
"5633","48197","Hardeman County, Texas","B27001_047",227,49
"5634","48197","Hardeman County, Texas","B27001_048",10,14
"5635","48197","Hardeman County, Texas","B27001_049",223,54
"5636","48197","Hardeman County, Texas","B27001_050",222,54
"5637","48197","Hardeman County, Texas","B27001_051",1,2
"5638","48197","Hardeman County, Texas","B27001_052",265,39
"5639","48197","Hardeman County, Texas","B27001_053",265,39
"5640","48197","Hardeman County, Texas","B27001_054",0,15
"5641","48197","Hardeman County, Texas","B27001_055",118,46
"5642","48197","Hardeman County, Texas","B27001_056",118,46
"5643","48197","Hardeman County, Texas","B27001_057",0,15
"5644","48199","Hardin County, Texas","B27001_001",57162,55
"5645","48199","Hardin County, Texas","B27001_002",28238,239
"5646","48199","Hardin County, Texas","B27001_003",2116,240
"5647","48199","Hardin County, Texas","B27001_004",1940,259
"5648","48199","Hardin County, Texas","B27001_005",176,98
"5649","48199","Hardin County, Texas","B27001_006",5530,312
"5650","48199","Hardin County, Texas","B27001_007",4798,355
"5651","48199","Hardin County, Texas","B27001_008",732,294
"5652","48199","Hardin County, Texas","B27001_009",1992,180
"5653","48199","Hardin County, Texas","B27001_010",1486,229
"5654","48199","Hardin County, Texas","B27001_011",506,159
"5655","48199","Hardin County, Texas","B27001_012",3385,234
"5656","48199","Hardin County, Texas","B27001_013",2341,308
"5657","48199","Hardin County, Texas","B27001_014",1044,322
"5658","48199","Hardin County, Texas","B27001_015",3755,214
"5659","48199","Hardin County, Texas","B27001_016",3111,326
"5660","48199","Hardin County, Texas","B27001_017",644,255
"5661","48199","Hardin County, Texas","B27001_018",3459,154
"5662","48199","Hardin County, Texas","B27001_019",3001,185
"5663","48199","Hardin County, Texas","B27001_020",458,170
"5664","48199","Hardin County, Texas","B27001_021",3590,155
"5665","48199","Hardin County, Texas","B27001_022",3051,158
"5666","48199","Hardin County, Texas","B27001_023",539,182
"5667","48199","Hardin County, Texas","B27001_024",2765,121
"5668","48199","Hardin County, Texas","B27001_025",2765,121
"5669","48199","Hardin County, Texas","B27001_026",0,35
"5670","48199","Hardin County, Texas","B27001_027",1646,102
"5671","48199","Hardin County, Texas","B27001_028",1646,102
"5672","48199","Hardin County, Texas","B27001_029",0,35
"5673","48199","Hardin County, Texas","B27001_030",28924,252
"5674","48199","Hardin County, Texas","B27001_031",2223,316
"5675","48199","Hardin County, Texas","B27001_032",2012,364
"5676","48199","Hardin County, Texas","B27001_033",211,144
"5677","48199","Hardin County, Texas","B27001_034",5099,280
"5678","48199","Hardin County, Texas","B27001_035",4305,446
"5679","48199","Hardin County, Texas","B27001_036",794,319
"5680","48199","Hardin County, Texas","B27001_037",2086,206
"5681","48199","Hardin County, Texas","B27001_038",1407,291
"5682","48199","Hardin County, Texas","B27001_039",679,208
"5683","48199","Hardin County, Texas","B27001_040",3040,198
"5684","48199","Hardin County, Texas","B27001_041",1804,322
"5685","48199","Hardin County, Texas","B27001_042",1236,305
"5686","48199","Hardin County, Texas","B27001_043",3987,160
"5687","48199","Hardin County, Texas","B27001_044",3188,281
"5688","48199","Hardin County, Texas","B27001_045",799,297
"5689","48199","Hardin County, Texas","B27001_046",3405,145
"5690","48199","Hardin County, Texas","B27001_047",2743,241
"5691","48199","Hardin County, Texas","B27001_048",662,205
"5692","48199","Hardin County, Texas","B27001_049",3657,105
"5693","48199","Hardin County, Texas","B27001_050",3057,223
"5694","48199","Hardin County, Texas","B27001_051",600,189
"5695","48199","Hardin County, Texas","B27001_052",3185,129
"5696","48199","Hardin County, Texas","B27001_053",3185,129
"5697","48199","Hardin County, Texas","B27001_054",0,35
"5698","48199","Hardin County, Texas","B27001_055",2242,118
"5699","48199","Hardin County, Texas","B27001_056",2242,118
"5700","48199","Hardin County, Texas","B27001_057",0,35
"5701","48201","Harris County, Texas","B27001_001",4810498,1004
"5702","48201","Harris County, Texas","B27001_002",2385098,822
"5703","48201","Harris County, Texas","B27001_003",205276,2152
"5704","48201","Harris County, Texas","B27001_004",182861,2587
"5705","48201","Harris County, Texas","B27001_005",22415,1794
"5706","48201","Harris County, Texas","B27001_006",465277,2250
"5707","48201","Harris County, Texas","B27001_007",390674,3467
"5708","48201","Harris County, Texas","B27001_008",74603,3029
"5709","48201","Harris County, Texas","B27001_009",229549,2486
"5710","48201","Harris County, Texas","B27001_010",147007,2687
"5711","48201","Harris County, Texas","B27001_011",82542,2917
"5712","48201","Harris County, Texas","B27001_012",332571,2200
"5713","48201","Harris County, Texas","B27001_013",217842,3449
"5714","48201","Harris County, Texas","B27001_014",114729,3331
"5715","48201","Harris County, Texas","B27001_015",352322,651
"5716","48201","Harris County, Texas","B27001_016",246333,2596
"5717","48201","Harris County, Texas","B27001_017",105989,2486
"5718","48201","Harris County, Texas","B27001_018",297331,390
"5719","48201","Harris County, Texas","B27001_019",220548,2539
"5720","48201","Harris County, Texas","B27001_020",76783,2668
"5721","48201","Harris County, Texas","B27001_021",250965,315
"5722","48201","Harris County, Texas","B27001_022",204597,2121
"5723","48201","Harris County, Texas","B27001_023",46368,2063
"5724","48201","Harris County, Texas","B27001_024",166413,269
"5725","48201","Harris County, Texas","B27001_025",159514,797
"5726","48201","Harris County, Texas","B27001_026",6899,782
"5727","48201","Harris County, Texas","B27001_027",85394,290
"5728","48201","Harris County, Texas","B27001_028",83656,510
"5729","48201","Harris County, Texas","B27001_029",1738,426
"5730","48201","Harris County, Texas","B27001_030",2425400,651
"5731","48201","Harris County, Texas","B27001_031",195903,2096
"5732","48201","Harris County, Texas","B27001_032",175418,2628
"5733","48201","Harris County, Texas","B27001_033",20485,1687
"5734","48201","Harris County, Texas","B27001_034",450260,2457
"5735","48201","Harris County, Texas","B27001_035",377785,3590
"5736","48201","Harris County, Texas","B27001_036",72475,3459
"5737","48201","Harris County, Texas","B27001_037",225045,2317
"5738","48201","Harris County, Texas","B27001_038",155730,2627
"5739","48201","Harris County, Texas","B27001_039",69315,2177
"5740","48201","Harris County, Texas","B27001_040",339710,1957
"5741","48201","Harris County, Texas","B27001_041",241527,3025
"5742","48201","Harris County, Texas","B27001_042",98183,2650
"5743","48201","Harris County, Texas","B27001_043",347558,234
"5744","48201","Harris County, Texas","B27001_044",260853,2602
"5745","48201","Harris County, Texas","B27001_045",86705,2588
"5746","48201","Harris County, Texas","B27001_046",300488,160
"5747","48201","Harris County, Texas","B27001_047",230673,2028
"5748","48201","Harris County, Texas","B27001_048",69815,2024
"5749","48201","Harris County, Texas","B27001_049",259466,210
"5750","48201","Harris County, Texas","B27001_050",213380,2076
"5751","48201","Harris County, Texas","B27001_051",46086,2087
"5752","48201","Harris County, Texas","B27001_052",188595,248
"5753","48201","Harris County, Texas","B27001_053",181311,980
"5754","48201","Harris County, Texas","B27001_054",7284,899
"5755","48201","Harris County, Texas","B27001_055",118375,385
"5756","48201","Harris County, Texas","B27001_056",115447,601
"5757","48201","Harris County, Texas","B27001_057",2928,481
"5758","48203","Harrison County, Texas","B27001_001",69522,31
"5759","48203","Harrison County, Texas","B27001_002",33828,144
"5760","48203","Harrison County, Texas","B27001_003",2416,197
"5761","48203","Harrison County, Texas","B27001_004",2230,254
"5762","48203","Harrison County, Texas","B27001_005",186,150
"5763","48203","Harrison County, Texas","B27001_006",6559,301
"5764","48203","Harrison County, Texas","B27001_007",5731,372
"5765","48203","Harrison County, Texas","B27001_008",828,246
"5766","48203","Harrison County, Texas","B27001_009",3130,343
"5767","48203","Harrison County, Texas","B27001_010",2528,363
"5768","48203","Harrison County, Texas","B27001_011",602,254
"5769","48203","Harrison County, Texas","B27001_012",3514,292
"5770","48203","Harrison County, Texas","B27001_013",2608,351
"5771","48203","Harrison County, Texas","B27001_014",906,254
"5772","48203","Harrison County, Texas","B27001_015",4522,204
"5773","48203","Harrison County, Texas","B27001_016",3311,372
"5774","48203","Harrison County, Texas","B27001_017",1211,320
"5775","48203","Harrison County, Texas","B27001_018",3736,148
"5776","48203","Harrison County, Texas","B27001_019",2915,241
"5777","48203","Harrison County, Texas","B27001_020",821,268
"5778","48203","Harrison County, Texas","B27001_021",4395,41
"5779","48203","Harrison County, Texas","B27001_022",3838,214
"5780","48203","Harrison County, Texas","B27001_023",557,204
"5781","48203","Harrison County, Texas","B27001_024",3475,71
"5782","48203","Harrison County, Texas","B27001_025",3460,66
"5783","48203","Harrison County, Texas","B27001_026",15,39
"5784","48203","Harrison County, Texas","B27001_027",2081,57
"5785","48203","Harrison County, Texas","B27001_028",2055,55
"5786","48203","Harrison County, Texas","B27001_029",26,29
"5787","48203","Harrison County, Texas","B27001_030",35694,144
"5788","48203","Harrison County, Texas","B27001_031",2298,138
"5789","48203","Harrison County, Texas","B27001_032",2065,161
"5790","48203","Harrison County, Texas","B27001_033",233,148
"5791","48203","Harrison County, Texas","B27001_034",6856,373
"5792","48203","Harrison County, Texas","B27001_035",5646,502
"5793","48203","Harrison County, Texas","B27001_036",1210,347
"5794","48203","Harrison County, Texas","B27001_037",3106,339
"5795","48203","Harrison County, Texas","B27001_038",2761,345
"5796","48203","Harrison County, Texas","B27001_039",345,184
"5797","48203","Harrison County, Texas","B27001_040",3871,127
"5798","48203","Harrison County, Texas","B27001_041",2874,249
"5799","48203","Harrison County, Texas","B27001_042",997,241
"5800","48203","Harrison County, Texas","B27001_043",4548,168
"5801","48203","Harrison County, Texas","B27001_044",3688,174
"5802","48203","Harrison County, Texas","B27001_045",860,186
"5803","48203","Harrison County, Texas","B27001_046",3935,159
"5804","48203","Harrison County, Texas","B27001_047",3295,180
"5805","48203","Harrison County, Texas","B27001_048",640,188
"5806","48203","Harrison County, Texas","B27001_049",4628,84
"5807","48203","Harrison County, Texas","B27001_050",4285,144
"5808","48203","Harrison County, Texas","B27001_051",343,121
"5809","48203","Harrison County, Texas","B27001_052",3841,76
"5810","48203","Harrison County, Texas","B27001_053",3787,86
"5811","48203","Harrison County, Texas","B27001_054",54,65
"5812","48203","Harrison County, Texas","B27001_055",2611,94
"5813","48203","Harrison County, Texas","B27001_056",2611,94
"5814","48203","Harrison County, Texas","B27001_057",0,35
"5815","48205","Hartley County, Texas","B27001_001",3817,56
"5816","48205","Hartley County, Texas","B27001_002",1576,110
"5817","48205","Hartley County, Texas","B27001_003",179,88
"5818","48205","Hartley County, Texas","B27001_004",98,86
"5819","48205","Hartley County, Texas","B27001_005",81,104
"5820","48205","Hartley County, Texas","B27001_006",314,85
"5821","48205","Hartley County, Texas","B27001_007",290,87
"5822","48205","Hartley County, Texas","B27001_008",24,25
"5823","48205","Hartley County, Texas","B27001_009",31,32
"5824","48205","Hartley County, Texas","B27001_010",29,32
"5825","48205","Hartley County, Texas","B27001_011",2,7
"5826","48205","Hartley County, Texas","B27001_012",280,85
"5827","48205","Hartley County, Texas","B27001_013",201,85
"5828","48205","Hartley County, Texas","B27001_014",79,73
"5829","48205","Hartley County, Texas","B27001_015",132,86
"5830","48205","Hartley County, Texas","B27001_016",110,72
"5831","48205","Hartley County, Texas","B27001_017",22,26
"5832","48205","Hartley County, Texas","B27001_018",101,111
"5833","48205","Hartley County, Texas","B27001_019",85,91
"5834","48205","Hartley County, Texas","B27001_020",16,29
"5835","48205","Hartley County, Texas","B27001_021",199,90
"5836","48205","Hartley County, Texas","B27001_022",198,90
"5837","48205","Hartley County, Texas","B27001_023",1,3
"5838","48205","Hartley County, Texas","B27001_024",207,78
"5839","48205","Hartley County, Texas","B27001_025",189,79
"5840","48205","Hartley County, Texas","B27001_026",18,27
"5841","48205","Hartley County, Texas","B27001_027",133,71
"5842","48205","Hartley County, Texas","B27001_028",133,71
"5843","48205","Hartley County, Texas","B27001_029",0,21
"5844","48205","Hartley County, Texas","B27001_030",2241,102
"5845","48205","Hartley County, Texas","B27001_031",205,62
"5846","48205","Hartley County, Texas","B27001_032",169,59
"5847","48205","Hartley County, Texas","B27001_033",36,32
"5848","48205","Hartley County, Texas","B27001_034",467,50
"5849","48205","Hartley County, Texas","B27001_035",342,94
"5850","48205","Hartley County, Texas","B27001_036",125,83
"5851","48205","Hartley County, Texas","B27001_037",63,72
"5852","48205","Hartley County, Texas","B27001_038",61,74
"5853","48205","Hartley County, Texas","B27001_039",2,7
"5854","48205","Hartley County, Texas","B27001_040",389,119
"5855","48205","Hartley County, Texas","B27001_041",286,103
"5856","48205","Hartley County, Texas","B27001_042",103,86
"5857","48205","Hartley County, Texas","B27001_043",265,94
"5858","48205","Hartley County, Texas","B27001_044",197,81
"5859","48205","Hartley County, Texas","B27001_045",68,70
"5860","48205","Hartley County, Texas","B27001_046",226,114
"5861","48205","Hartley County, Texas","B27001_047",210,112
"5862","48205","Hartley County, Texas","B27001_048",16,22
"5863","48205","Hartley County, Texas","B27001_049",218,34
"5864","48205","Hartley County, Texas","B27001_050",182,47
"5865","48205","Hartley County, Texas","B27001_051",36,31
"5866","48205","Hartley County, Texas","B27001_052",210,22
"5867","48205","Hartley County, Texas","B27001_053",210,22
"5868","48205","Hartley County, Texas","B27001_054",0,21
"5869","48205","Hartley County, Texas","B27001_055",198,29
"5870","48205","Hartley County, Texas","B27001_056",198,29
"5871","48205","Hartley County, Texas","B27001_057",0,21
"5872","48207","Haskell County, Texas","B27001_001",5226,128
"5873","48207","Haskell County, Texas","B27001_002",2806,128
"5874","48207","Haskell County, Texas","B27001_003",169,28
"5875","48207","Haskell County, Texas","B27001_004",155,18
"5876","48207","Haskell County, Texas","B27001_005",14,24
"5877","48207","Haskell County, Texas","B27001_006",559,99
"5878","48207","Haskell County, Texas","B27001_007",458,81
"5879","48207","Haskell County, Texas","B27001_008",101,73
"5880","48207","Haskell County, Texas","B27001_009",247,73
"5881","48207","Haskell County, Texas","B27001_010",124,66
"5882","48207","Haskell County, Texas","B27001_011",123,62
"5883","48207","Haskell County, Texas","B27001_012",194,74
"5884","48207","Haskell County, Texas","B27001_013",180,71
"5885","48207","Haskell County, Texas","B27001_014",14,14
"5886","48207","Haskell County, Texas","B27001_015",423,90
"5887","48207","Haskell County, Texas","B27001_016",343,98
"5888","48207","Haskell County, Texas","B27001_017",80,55
"5889","48207","Haskell County, Texas","B27001_018",303,90
"5890","48207","Haskell County, Texas","B27001_019",276,89
"5891","48207","Haskell County, Texas","B27001_020",27,20
"5892","48207","Haskell County, Texas","B27001_021",342,39
"5893","48207","Haskell County, Texas","B27001_022",280,35
"5894","48207","Haskell County, Texas","B27001_023",62,35
"5895","48207","Haskell County, Texas","B27001_024",342,43
"5896","48207","Haskell County, Texas","B27001_025",342,43
"5897","48207","Haskell County, Texas","B27001_026",0,21
"5898","48207","Haskell County, Texas","B27001_027",227,18
"5899","48207","Haskell County, Texas","B27001_028",227,18
"5900","48207","Haskell County, Texas","B27001_029",0,21
"5901","48207","Haskell County, Texas","B27001_030",2420,72
"5902","48207","Haskell County, Texas","B27001_031",94,24
"5903","48207","Haskell County, Texas","B27001_032",87,26
"5904","48207","Haskell County, Texas","B27001_033",7,8
"5905","48207","Haskell County, Texas","B27001_034",363,58
"5906","48207","Haskell County, Texas","B27001_035",332,63
"5907","48207","Haskell County, Texas","B27001_036",31,28
"5908","48207","Haskell County, Texas","B27001_037",160,71
"5909","48207","Haskell County, Texas","B27001_038",73,39
"5910","48207","Haskell County, Texas","B27001_039",87,60
"5911","48207","Haskell County, Texas","B27001_040",236,66
"5912","48207","Haskell County, Texas","B27001_041",174,71
"5913","48207","Haskell County, Texas","B27001_042",62,29
"5914","48207","Haskell County, Texas","B27001_043",286,40
"5915","48207","Haskell County, Texas","B27001_044",236,44
"5916","48207","Haskell County, Texas","B27001_045",50,34
"5917","48207","Haskell County, Texas","B27001_046",259,41
"5918","48207","Haskell County, Texas","B27001_047",155,42
"5919","48207","Haskell County, Texas","B27001_048",104,48
"5920","48207","Haskell County, Texas","B27001_049",392,22
"5921","48207","Haskell County, Texas","B27001_050",307,28
"5922","48207","Haskell County, Texas","B27001_051",85,35
"5923","48207","Haskell County, Texas","B27001_052",384,30
"5924","48207","Haskell County, Texas","B27001_053",384,30
"5925","48207","Haskell County, Texas","B27001_054",0,21
"5926","48207","Haskell County, Texas","B27001_055",246,19
"5927","48207","Haskell County, Texas","B27001_056",246,19
"5928","48207","Haskell County, Texas","B27001_057",0,21
"5929","48209","Hays County, Texas","B27001_001",266465,286
"5930","48209","Hays County, Texas","B27001_002",132230,320
"5931","48209","Hays County, Texas","B27001_003",9319,349
"5932","48209","Hays County, Texas","B27001_004",8582,559
"5933","48209","Hays County, Texas","B27001_005",737,408
"5934","48209","Hays County, Texas","B27001_006",23885,515
"5935","48209","Hays County, Texas","B27001_007",21937,702
"5936","48209","Hays County, Texas","B27001_008",1948,590
"5937","48209","Hays County, Texas","B27001_009",18825,619
"5938","48209","Hays County, Texas","B27001_010",15564,875
"5939","48209","Hays County, Texas","B27001_011",3261,677
"5940","48209","Hays County, Texas","B27001_012",16868,526
"5941","48209","Hays County, Texas","B27001_013",13105,608
"5942","48209","Hays County, Texas","B27001_014",3763,695
"5943","48209","Hays County, Texas","B27001_015",20050,343
"5944","48209","Hays County, Texas","B27001_016",16696,711
"5945","48209","Hays County, Texas","B27001_017",3354,611
"5946","48209","Hays County, Texas","B27001_018",15513,307
"5947","48209","Hays County, Texas","B27001_019",13269,575
"5948","48209","Hays County, Texas","B27001_020",2244,474
"5949","48209","Hays County, Texas","B27001_021",12904,145
"5950","48209","Hays County, Texas","B27001_022",11601,368
"5951","48209","Hays County, Texas","B27001_023",1303,366
"5952","48209","Hays County, Texas","B27001_024",9910,148
"5953","48209","Hays County, Texas","B27001_025",9751,197
"5954","48209","Hays County, Texas","B27001_026",159,132
"5955","48209","Hays County, Texas","B27001_027",4956,114
"5956","48209","Hays County, Texas","B27001_028",4949,113
"5957","48209","Hays County, Texas","B27001_029",7,14
"5958","48209","Hays County, Texas","B27001_030",134235,247
"5959","48209","Hays County, Texas","B27001_031",9209,437
"5960","48209","Hays County, Texas","B27001_032",8659,457
"5961","48209","Hays County, Texas","B27001_033",550,249
"5962","48209","Hays County, Texas","B27001_034",22652,611
"5963","48209","Hays County, Texas","B27001_035",20946,740
"5964","48209","Hays County, Texas","B27001_036",1706,529
"5965","48209","Hays County, Texas","B27001_037",20399,530
"5966","48209","Hays County, Texas","B27001_038",17175,759
"5967","48209","Hays County, Texas","B27001_039",3224,700
"5968","48209","Hays County, Texas","B27001_040",15823,410
"5969","48209","Hays County, Texas","B27001_041",13305,609
"5970","48209","Hays County, Texas","B27001_042",2518,541
"5971","48209","Hays County, Texas","B27001_043",19895,151
"5972","48209","Hays County, Texas","B27001_044",17038,554
"5973","48209","Hays County, Texas","B27001_045",2857,560
"5974","48209","Hays County, Texas","B27001_046",15181,139
"5975","48209","Hays County, Texas","B27001_047",13221,501
"5976","48209","Hays County, Texas","B27001_048",1960,487
"5977","48209","Hays County, Texas","B27001_049",13704,35
"5978","48209","Hays County, Texas","B27001_050",12441,313
"5979","48209","Hays County, Texas","B27001_051",1263,312
"5980","48209","Hays County, Texas","B27001_052",11350,122
"5981","48209","Hays County, Texas","B27001_053",11170,201
"5982","48209","Hays County, Texas","B27001_054",180,172
"5983","48209","Hays County, Texas","B27001_055",6022,122
"5984","48209","Hays County, Texas","B27001_056",6022,122
"5985","48209","Hays County, Texas","B27001_057",0,35
"5986","48211","Hemphill County, Texas","B27001_001",3191,15
"5987","48211","Hemphill County, Texas","B27001_002",1757,84
"5988","48211","Hemphill County, Texas","B27001_003",105,38
"5989","48211","Hemphill County, Texas","B27001_004",100,36
"5990","48211","Hemphill County, Texas","B27001_005",5,10
"5991","48211","Hemphill County, Texas","B27001_006",315,65
"5992","48211","Hemphill County, Texas","B27001_007",291,62
"5993","48211","Hemphill County, Texas","B27001_008",24,28
"5994","48211","Hemphill County, Texas","B27001_009",115,52
"5995","48211","Hemphill County, Texas","B27001_010",102,47
"5996","48211","Hemphill County, Texas","B27001_011",13,19
"5997","48211","Hemphill County, Texas","B27001_012",184,73
"5998","48211","Hemphill County, Texas","B27001_013",72,34
"5999","48211","Hemphill County, Texas","B27001_014",112,68
"6000","48211","Hemphill County, Texas","B27001_015",227,46
"6001","48211","Hemphill County, Texas","B27001_016",193,49
"6002","48211","Hemphill County, Texas","B27001_017",34,33
"6003","48211","Hemphill County, Texas","B27001_018",228,40
"6004","48211","Hemphill County, Texas","B27001_019",180,49
"6005","48211","Hemphill County, Texas","B27001_020",48,36
"6006","48211","Hemphill County, Texas","B27001_021",216,43
"6007","48211","Hemphill County, Texas","B27001_022",110,52
"6008","48211","Hemphill County, Texas","B27001_023",106,69
"6009","48211","Hemphill County, Texas","B27001_024",265,77
"6010","48211","Hemphill County, Texas","B27001_025",240,76
"6011","48211","Hemphill County, Texas","B27001_026",25,36
"6012","48211","Hemphill County, Texas","B27001_027",102,19
"6013","48211","Hemphill County, Texas","B27001_028",102,19
"6014","48211","Hemphill County, Texas","B27001_029",0,15
"6015","48211","Hemphill County, Texas","B27001_030",1434,80
"6016","48211","Hemphill County, Texas","B27001_031",64,26
"6017","48211","Hemphill County, Texas","B27001_032",64,26
"6018","48211","Hemphill County, Texas","B27001_033",0,15
"6019","48211","Hemphill County, Texas","B27001_034",213,53
"6020","48211","Hemphill County, Texas","B27001_035",178,54
"6021","48211","Hemphill County, Texas","B27001_036",35,35
"6022","48211","Hemphill County, Texas","B27001_037",87,47
"6023","48211","Hemphill County, Texas","B27001_038",54,32
"6024","48211","Hemphill County, Texas","B27001_039",33,35
"6025","48211","Hemphill County, Texas","B27001_040",135,41
"6026","48211","Hemphill County, Texas","B27001_041",135,41
"6027","48211","Hemphill County, Texas","B27001_042",0,15
"6028","48211","Hemphill County, Texas","B27001_043",139,42
"6029","48211","Hemphill County, Texas","B27001_044",107,31
"6030","48211","Hemphill County, Texas","B27001_045",32,38
"6031","48211","Hemphill County, Texas","B27001_046",250,60
"6032","48211","Hemphill County, Texas","B27001_047",225,64
"6033","48211","Hemphill County, Texas","B27001_048",25,35
"6034","48211","Hemphill County, Texas","B27001_049",189,43
"6035","48211","Hemphill County, Texas","B27001_050",125,40
"6036","48211","Hemphill County, Texas","B27001_051",64,50
"6037","48211","Hemphill County, Texas","B27001_052",207,57
"6038","48211","Hemphill County, Texas","B27001_053",177,49
"6039","48211","Hemphill County, Texas","B27001_054",30,36
"6040","48211","Hemphill County, Texas","B27001_055",150,31
"6041","48211","Hemphill County, Texas","B27001_056",150,31
"6042","48211","Hemphill County, Texas","B27001_057",0,15
"6043","48213","Henderson County, Texas","B27001_001",83924,20
"6044","48213","Henderson County, Texas","B27001_002",41214,176
"6045","48213","Henderson County, Texas","B27001_003",3155,290
"6046","48213","Henderson County, Texas","B27001_004",2943,316
"6047","48213","Henderson County, Texas","B27001_005",212,115
"6048","48213","Henderson County, Texas","B27001_006",6849,323
"6049","48213","Henderson County, Texas","B27001_007",6005,352
"6050","48213","Henderson County, Texas","B27001_008",844,208
"6051","48213","Henderson County, Texas","B27001_009",3327,202
"6052","48213","Henderson County, Texas","B27001_010",2449,263
"6053","48213","Henderson County, Texas","B27001_011",878,229
"6054","48213","Henderson County, Texas","B27001_012",4162,201
"6055","48213","Henderson County, Texas","B27001_013",2815,264
"6056","48213","Henderson County, Texas","B27001_014",1347,212
"6057","48213","Henderson County, Texas","B27001_015",4452,182
"6058","48213","Henderson County, Texas","B27001_016",3203,266
"6059","48213","Henderson County, Texas","B27001_017",1249,204
"6060","48213","Henderson County, Texas","B27001_018",4672,119
"6061","48213","Henderson County, Texas","B27001_019",3424,212
"6062","48213","Henderson County, Texas","B27001_020",1248,216
"6063","48213","Henderson County, Texas","B27001_021",5813,66
"6064","48213","Henderson County, Texas","B27001_022",4894,207
"6065","48213","Henderson County, Texas","B27001_023",919,202
"6066","48213","Henderson County, Texas","B27001_024",5359,106
"6067","48213","Henderson County, Texas","B27001_025",5318,107
"6068","48213","Henderson County, Texas","B27001_026",41,31
"6069","48213","Henderson County, Texas","B27001_027",3425,85
"6070","48213","Henderson County, Texas","B27001_028",3422,84
"6071","48213","Henderson County, Texas","B27001_029",3,6
"6072","48213","Henderson County, Texas","B27001_030",42710,174
"6073","48213","Henderson County, Texas","B27001_031",2534,151
"6074","48213","Henderson County, Texas","B27001_032",2242,229
"6075","48213","Henderson County, Texas","B27001_033",292,145
"6076","48213","Henderson County, Texas","B27001_034",6509,220
"6077","48213","Henderson County, Texas","B27001_035",5636,315
"6078","48213","Henderson County, Texas","B27001_036",873,229
"6079","48213","Henderson County, Texas","B27001_037",3148,201
"6080","48213","Henderson County, Texas","B27001_038",2050,249
"6081","48213","Henderson County, Texas","B27001_039",1098,281
"6082","48213","Henderson County, Texas","B27001_040",4323,215
"6083","48213","Henderson County, Texas","B27001_041",3066,206
"6084","48213","Henderson County, Texas","B27001_042",1257,259
"6085","48213","Henderson County, Texas","B27001_043",4735,135
"6086","48213","Henderson County, Texas","B27001_044",3220,286
"6087","48213","Henderson County, Texas","B27001_045",1515,260
"6088","48213","Henderson County, Texas","B27001_046",5155,163
"6089","48213","Henderson County, Texas","B27001_047",3865,272
"6090","48213","Henderson County, Texas","B27001_048",1290,233
"6091","48213","Henderson County, Texas","B27001_049",6303,100
"6092","48213","Henderson County, Texas","B27001_050",5432,188
"6093","48213","Henderson County, Texas","B27001_051",871,173
"6094","48213","Henderson County, Texas","B27001_052",5874,74
"6095","48213","Henderson County, Texas","B27001_053",5827,84
"6096","48213","Henderson County, Texas","B27001_054",47,45
"6097","48213","Henderson County, Texas","B27001_055",4129,78
"6098","48213","Henderson County, Texas","B27001_056",4127,78
"6099","48213","Henderson County, Texas","B27001_057",2,3
"6100","48215","Hidalgo County, Texas","B27001_001",884598,429
"6101","48215","Hidalgo County, Texas","B27001_002",434746,365
"6102","48215","Hidalgo County, Texas","B27001_003",42898,1135
"6103","48215","Hidalgo County, Texas","B27001_004",39373,1190
"6104","48215","Hidalgo County, Texas","B27001_005",3525,779
"6105","48215","Hidalgo County, Texas","B27001_006",106147,1339
"6106","48215","Hidalgo County, Texas","B27001_007",87682,1951
"6107","48215","Hidalgo County, Texas","B27001_008",18465,1709
"6108","48215","Hidalgo County, Texas","B27001_009",47033,828
"6109","48215","Hidalgo County, Texas","B27001_010",23654,1380
"6110","48215","Hidalgo County, Texas","B27001_011",23379,1389
"6111","48215","Hidalgo County, Texas","B27001_012",54762,619
"6112","48215","Hidalgo County, Texas","B27001_013",28345,1480
"6113","48215","Hidalgo County, Texas","B27001_014",26417,1468
"6114","48215","Hidalgo County, Texas","B27001_015",53126,335
"6115","48215","Hidalgo County, Texas","B27001_016",29483,1062
"6116","48215","Hidalgo County, Texas","B27001_017",23643,1083
"6117","48215","Hidalgo County, Texas","B27001_018",48995,244
"6118","48215","Hidalgo County, Texas","B27001_019",29559,883
"6119","48215","Hidalgo County, Texas","B27001_020",19436,899
"6120","48215","Hidalgo County, Texas","B27001_021",36075,157
"6121","48215","Hidalgo County, Texas","B27001_022",25647,884
"6122","48215","Hidalgo County, Texas","B27001_023",10428,872
"6123","48215","Hidalgo County, Texas","B27001_024",26627,213
"6124","48215","Hidalgo County, Texas","B27001_025",25817,348
"6125","48215","Hidalgo County, Texas","B27001_026",810,271
"6126","48215","Hidalgo County, Texas","B27001_027",19083,194
"6127","48215","Hidalgo County, Texas","B27001_028",18730,241
"6128","48215","Hidalgo County, Texas","B27001_029",353,151
"6129","48215","Hidalgo County, Texas","B27001_030",449852,380
"6130","48215","Hidalgo County, Texas","B27001_031",41262,814
"6131","48215","Hidalgo County, Texas","B27001_032",37303,1086
"6132","48215","Hidalgo County, Texas","B27001_033",3959,850
"6133","48215","Hidalgo County, Texas","B27001_034",102873,1064
"6134","48215","Hidalgo County, Texas","B27001_035",84586,1743
"6135","48215","Hidalgo County, Texas","B27001_036",18287,1623
"6136","48215","Hidalgo County, Texas","B27001_037",46856,1098
"6137","48215","Hidalgo County, Texas","B27001_038",26939,1308
"6138","48215","Hidalgo County, Texas","B27001_039",19917,1114
"6139","48215","Hidalgo County, Texas","B27001_040",53616,835
"6140","48215","Hidalgo County, Texas","B27001_041",29482,1309
"6141","48215","Hidalgo County, Texas","B27001_042",24134,1206
"6142","48215","Hidalgo County, Texas","B27001_043",54518,163
"6143","48215","Hidalgo County, Texas","B27001_044",32148,1153
"6144","48215","Hidalgo County, Texas","B27001_045",22370,1149
"6145","48215","Hidalgo County, Texas","B27001_046",52613,117
"6146","48215","Hidalgo County, Texas","B27001_047",32776,1023
"6147","48215","Hidalgo County, Texas","B27001_048",19837,1011
"6148","48215","Hidalgo County, Texas","B27001_049",41080,87
"6149","48215","Hidalgo County, Texas","B27001_050",28934,832
"6150","48215","Hidalgo County, Texas","B27001_051",12146,832
"6151","48215","Hidalgo County, Texas","B27001_052",31638,103
"6152","48215","Hidalgo County, Texas","B27001_053",29765,565
"6153","48215","Hidalgo County, Texas","B27001_054",1873,539
"6154","48215","Hidalgo County, Texas","B27001_055",25396,177
"6155","48215","Hidalgo County, Texas","B27001_056",24492,324
"6156","48215","Hidalgo County, Texas","B27001_057",904,247
"6157","48217","Hill County, Texas","B27001_001",36760,17
"6158","48217","Hill County, Texas","B27001_002",18349,107
"6159","48217","Hill County, Texas","B27001_003",1409,111
"6160","48217","Hill County, Texas","B27001_004",1150,177
"6161","48217","Hill County, Texas","B27001_005",259,137
"6162","48217","Hill County, Texas","B27001_006",3167,141
"6163","48217","Hill County, Texas","B27001_007",2696,191
"6164","48217","Hill County, Texas","B27001_008",471,152
"6165","48217","Hill County, Texas","B27001_009",1643,147
"6166","48217","Hill County, Texas","B27001_010",1215,154
"6167","48217","Hill County, Texas","B27001_011",428,136
"6168","48217","Hill County, Texas","B27001_012",1787,121
"6169","48217","Hill County, Texas","B27001_013",1143,181
"6170","48217","Hill County, Texas","B27001_014",644,131
"6171","48217","Hill County, Texas","B27001_015",2193,57
"6172","48217","Hill County, Texas","B27001_016",1467,153
"6173","48217","Hill County, Texas","B27001_017",726,153
"6174","48217","Hill County, Texas","B27001_018",2084,52
"6175","48217","Hill County, Texas","B27001_019",1564,130
"6176","48217","Hill County, Texas","B27001_020",520,116
"6177","48217","Hill County, Texas","B27001_021",2535,42
"6178","48217","Hill County, Texas","B27001_022",2064,119
"6179","48217","Hill County, Texas","B27001_023",471,114
"6180","48217","Hill County, Texas","B27001_024",2123,69
"6181","48217","Hill County, Texas","B27001_025",2121,70
"6182","48217","Hill County, Texas","B27001_026",2,5
"6183","48217","Hill County, Texas","B27001_027",1408,64
"6184","48217","Hill County, Texas","B27001_028",1405,64
"6185","48217","Hill County, Texas","B27001_029",3,4
"6186","48217","Hill County, Texas","B27001_030",18411,106
"6187","48217","Hill County, Texas","B27001_031",1300,105
"6188","48217","Hill County, Texas","B27001_032",1204,114
"6189","48217","Hill County, Texas","B27001_033",96,54
"6190","48217","Hill County, Texas","B27001_034",3083,115
"6191","48217","Hill County, Texas","B27001_035",2622,159
"6192","48217","Hill County, Texas","B27001_036",461,123
"6193","48217","Hill County, Texas","B27001_037",1566,152
"6194","48217","Hill County, Texas","B27001_038",1187,146
"6195","48217","Hill County, Texas","B27001_039",379,136
"6196","48217","Hill County, Texas","B27001_040",1750,103
"6197","48217","Hill County, Texas","B27001_041",1175,154
"6198","48217","Hill County, Texas","B27001_042",575,139
"6199","48217","Hill County, Texas","B27001_043",2180,70
"6200","48217","Hill County, Texas","B27001_044",1510,146
"6201","48217","Hill County, Texas","B27001_045",670,145
"6202","48217","Hill County, Texas","B27001_046",2171,77
"6203","48217","Hill County, Texas","B27001_047",1631,126
"6204","48217","Hill County, Texas","B27001_048",540,115
"6205","48217","Hill County, Texas","B27001_049",2555,43
"6206","48217","Hill County, Texas","B27001_050",2008,129
"6207","48217","Hill County, Texas","B27001_051",547,133
"6208","48217","Hill County, Texas","B27001_052",2364,53
"6209","48217","Hill County, Texas","B27001_053",2314,58
"6210","48217","Hill County, Texas","B27001_054",50,36
"6211","48217","Hill County, Texas","B27001_055",1442,88
"6212","48217","Hill County, Texas","B27001_056",1442,88
"6213","48217","Hill County, Texas","B27001_057",0,31
"6214","48219","Hockley County, Texas","B27001_001",21168,7
"6215","48219","Hockley County, Texas","B27001_002",10463,108
"6216","48219","Hockley County, Texas","B27001_003",828,48
"6217","48219","Hockley County, Texas","B27001_004",784,49
"6218","48219","Hockley County, Texas","B27001_005",44,42
"6219","48219","Hockley County, Texas","B27001_006",2178,77
"6220","48219","Hockley County, Texas","B27001_007",1959,122
"6221","48219","Hockley County, Texas","B27001_008",219,88
"6222","48219","Hockley County, Texas","B27001_009",1081,110
"6223","48219","Hockley County, Texas","B27001_010",711,132
"6224","48219","Hockley County, Texas","B27001_011",370,108
"6225","48219","Hockley County, Texas","B27001_012",1158,92
"6226","48219","Hockley County, Texas","B27001_013",787,119
"6227","48219","Hockley County, Texas","B27001_014",371,111
"6228","48219","Hockley County, Texas","B27001_015",1420,68
"6229","48219","Hockley County, Texas","B27001_016",970,148
"6230","48219","Hockley County, Texas","B27001_017",450,129
"6231","48219","Hockley County, Texas","B27001_018",1095,13
"6232","48219","Hockley County, Texas","B27001_019",862,68
"6233","48219","Hockley County, Texas","B27001_020",233,66
"6234","48219","Hockley County, Texas","B27001_021",1224,56
"6235","48219","Hockley County, Texas","B27001_022",1004,88
"6236","48219","Hockley County, Texas","B27001_023",220,70
"6237","48219","Hockley County, Texas","B27001_024",969,52
"6238","48219","Hockley County, Texas","B27001_025",960,53
"6239","48219","Hockley County, Texas","B27001_026",9,11
"6240","48219","Hockley County, Texas","B27001_027",510,36
"6241","48219","Hockley County, Texas","B27001_028",485,47
"6242","48219","Hockley County, Texas","B27001_029",25,35
"6243","48219","Hockley County, Texas","B27001_030",10705,108
"6244","48219","Hockley County, Texas","B27001_031",994,106
"6245","48219","Hockley County, Texas","B27001_032",947,100
"6246","48219","Hockley County, Texas","B27001_033",47,41
"6247","48219","Hockley County, Texas","B27001_034",1927,117
"6248","48219","Hockley County, Texas","B27001_035",1561,140
"6249","48219","Hockley County, Texas","B27001_036",366,115
"6250","48219","Hockley County, Texas","B27001_037",1127,113
"6251","48219","Hockley County, Texas","B27001_038",662,127
"6252","48219","Hockley County, Texas","B27001_039",465,157
"6253","48219","Hockley County, Texas","B27001_040",1138,68
"6254","48219","Hockley County, Texas","B27001_041",874,112
"6255","48219","Hockley County, Texas","B27001_042",264,100
"6256","48219","Hockley County, Texas","B27001_043",1368,29
"6257","48219","Hockley County, Texas","B27001_044",912,120
"6258","48219","Hockley County, Texas","B27001_045",456,114
"6259","48219","Hockley County, Texas","B27001_046",1206,75
"6260","48219","Hockley County, Texas","B27001_047",998,127
"6261","48219","Hockley County, Texas","B27001_048",208,87
"6262","48219","Hockley County, Texas","B27001_049",1259,37
"6263","48219","Hockley County, Texas","B27001_050",974,80
"6264","48219","Hockley County, Texas","B27001_051",285,66
"6265","48219","Hockley County, Texas","B27001_052",954,44
"6266","48219","Hockley County, Texas","B27001_053",933,51
"6267","48219","Hockley County, Texas","B27001_054",21,24
"6268","48219","Hockley County, Texas","B27001_055",732,31
"6269","48219","Hockley County, Texas","B27001_056",732,31
"6270","48219","Hockley County, Texas","B27001_057",0,28
"6271","48221","Hood County, Texas","B27001_001",65074,21
"6272","48221","Hood County, Texas","B27001_002",31897,167
"6273","48221","Hood County, Texas","B27001_003",1946,116
"6274","48221","Hood County, Texas","B27001_004",1704,137
"6275","48221","Hood County, Texas","B27001_005",242,116
"6276","48221","Hood County, Texas","B27001_006",5418,188
"6277","48221","Hood County, Texas","B27001_007",4766,290
"6278","48221","Hood County, Texas","B27001_008",652,285
"6279","48221","Hood County, Texas","B27001_009",2244,198
"6280","48221","Hood County, Texas","B27001_010",1298,300
"6281","48221","Hood County, Texas","B27001_011",946,294
"6282","48221","Hood County, Texas","B27001_012",2724,226
"6283","48221","Hood County, Texas","B27001_013",1777,239
"6284","48221","Hood County, Texas","B27001_014",947,249
"6285","48221","Hood County, Texas","B27001_015",3777,75
"6286","48221","Hood County, Texas","B27001_016",2467,282
"6287","48221","Hood County, Texas","B27001_017",1310,275
"6288","48221","Hood County, Texas","B27001_018",3498,75
"6289","48221","Hood County, Texas","B27001_019",2714,231
"6290","48221","Hood County, Texas","B27001_020",784,222
"6291","48221","Hood County, Texas","B27001_021",4563,86
"6292","48221","Hood County, Texas","B27001_022",4033,160
"6293","48221","Hood County, Texas","B27001_023",530,157
"6294","48221","Hood County, Texas","B27001_024",4715,100
"6295","48221","Hood County, Texas","B27001_025",4688,106
"6296","48221","Hood County, Texas","B27001_026",27,29
"6297","48221","Hood County, Texas","B27001_027",3012,147
"6298","48221","Hood County, Texas","B27001_028",3012,147
"6299","48221","Hood County, Texas","B27001_029",0,35
"6300","48221","Hood County, Texas","B27001_030",33177,167
"6301","48221","Hood County, Texas","B27001_031",1988,158
"6302","48221","Hood County, Texas","B27001_032",1840,163
"6303","48221","Hood County, Texas","B27001_033",148,86
"6304","48221","Hood County, Texas","B27001_034",4704,193
"6305","48221","Hood County, Texas","B27001_035",3989,299
"6306","48221","Hood County, Texas","B27001_036",715,211
"6307","48221","Hood County, Texas","B27001_037",2148,183
"6308","48221","Hood County, Texas","B27001_038",1789,197
"6309","48221","Hood County, Texas","B27001_039",359,149
"6310","48221","Hood County, Texas","B27001_040",3284,141
"6311","48221","Hood County, Texas","B27001_041",2414,259
"6312","48221","Hood County, Texas","B27001_042",870,264
"6313","48221","Hood County, Texas","B27001_043",3722,85
"6314","48221","Hood County, Texas","B27001_044",3131,194
"6315","48221","Hood County, Texas","B27001_045",591,164
"6316","48221","Hood County, Texas","B27001_046",3622,125
"6317","48221","Hood County, Texas","B27001_047",3014,197
"6318","48221","Hood County, Texas","B27001_048",608,139
"6319","48221","Hood County, Texas","B27001_049",5086,66
"6320","48221","Hood County, Texas","B27001_050",4680,179
"6321","48221","Hood County, Texas","B27001_051",406,156
"6322","48221","Hood County, Texas","B27001_052",5043,80
"6323","48221","Hood County, Texas","B27001_053",4998,101
"6324","48221","Hood County, Texas","B27001_054",45,69
"6325","48221","Hood County, Texas","B27001_055",3580,113
"6326","48221","Hood County, Texas","B27001_056",3531,120
"6327","48221","Hood County, Texas","B27001_057",49,35
"6328","48223","Hopkins County, Texas","B27001_001",37228,21
"6329","48223","Hopkins County, Texas","B27001_002",18253,178
"6330","48223","Hopkins County, Texas","B27001_003",1493,180
"6331","48223","Hopkins County, Texas","B27001_004",1321,206
"6332","48223","Hopkins County, Texas","B27001_005",172,82
"6333","48223","Hopkins County, Texas","B27001_006",3353,177
"6334","48223","Hopkins County, Texas","B27001_007",2892,194
"6335","48223","Hopkins County, Texas","B27001_008",461,157
"6336","48223","Hopkins County, Texas","B27001_009",1501,108
"6337","48223","Hopkins County, Texas","B27001_010",947,143
"6338","48223","Hopkins County, Texas","B27001_011",554,125
"6339","48223","Hopkins County, Texas","B27001_012",2089,136
"6340","48223","Hopkins County, Texas","B27001_013",1249,162
"6341","48223","Hopkins County, Texas","B27001_014",840,172
"6342","48223","Hopkins County, Texas","B27001_015",2085,72
"6343","48223","Hopkins County, Texas","B27001_016",1389,172
"6344","48223","Hopkins County, Texas","B27001_017",696,172
"6345","48223","Hopkins County, Texas","B27001_018",2294,98
"6346","48223","Hopkins County, Texas","B27001_019",1843,160
"6347","48223","Hopkins County, Texas","B27001_020",451,122
"6348","48223","Hopkins County, Texas","B27001_021",2360,39
"6349","48223","Hopkins County, Texas","B27001_022",1840,131
"6350","48223","Hopkins County, Texas","B27001_023",520,140
"6351","48223","Hopkins County, Texas","B27001_024",1918,62
"6352","48223","Hopkins County, Texas","B27001_025",1849,101
"6353","48223","Hopkins County, Texas","B27001_026",69,71
"6354","48223","Hopkins County, Texas","B27001_027",1160,68
"6355","48223","Hopkins County, Texas","B27001_028",1147,67
"6356","48223","Hopkins County, Texas","B27001_029",13,20
"6357","48223","Hopkins County, Texas","B27001_030",18975,180
"6358","48223","Hopkins County, Texas","B27001_031",1421,125
"6359","48223","Hopkins County, Texas","B27001_032",1158,144
"6360","48223","Hopkins County, Texas","B27001_033",263,119
"6361","48223","Hopkins County, Texas","B27001_034",3338,131
"6362","48223","Hopkins County, Texas","B27001_035",2968,167
"6363","48223","Hopkins County, Texas","B27001_036",370,132
"6364","48223","Hopkins County, Texas","B27001_037",1558,128
"6365","48223","Hopkins County, Texas","B27001_038",1248,136
"6366","48223","Hopkins County, Texas","B27001_039",310,104
"6367","48223","Hopkins County, Texas","B27001_040",1918,106
"6368","48223","Hopkins County, Texas","B27001_041",1399,170
"6369","48223","Hopkins County, Texas","B27001_042",519,143
"6370","48223","Hopkins County, Texas","B27001_043",2217,82
"6371","48223","Hopkins County, Texas","B27001_044",1536,155
"6372","48223","Hopkins County, Texas","B27001_045",681,138
"6373","48223","Hopkins County, Texas","B27001_046",2412,89
"6374","48223","Hopkins County, Texas","B27001_047",1860,166
"6375","48223","Hopkins County, Texas","B27001_048",552,145
"6376","48223","Hopkins County, Texas","B27001_049",2429,95
"6377","48223","Hopkins County, Texas","B27001_050",1937,120
"6378","48223","Hopkins County, Texas","B27001_051",492,120
"6379","48223","Hopkins County, Texas","B27001_052",2127,101
"6380","48223","Hopkins County, Texas","B27001_053",2127,101
"6381","48223","Hopkins County, Texas","B27001_054",0,31
"6382","48223","Hopkins County, Texas","B27001_055",1555,69
"6383","48223","Hopkins County, Texas","B27001_056",1555,69
"6384","48223","Hopkins County, Texas","B27001_057",0,31
"6385","48225","Houston County, Texas","B27001_001",19477,66
"6386","48225","Houston County, Texas","B27001_002",9443,253
"6387","48225","Houston County, Texas","B27001_003",704,122
"6388","48225","Houston County, Texas","B27001_004",704,122
"6389","48225","Houston County, Texas","B27001_005",0,28
"6390","48225","Houston County, Texas","B27001_006",1844,197
"6391","48225","Houston County, Texas","B27001_007",1629,177
"6392","48225","Houston County, Texas","B27001_008",215,120
"6393","48225","Houston County, Texas","B27001_009",383,120
"6394","48225","Houston County, Texas","B27001_010",284,105
"6395","48225","Houston County, Texas","B27001_011",99,90
"6396","48225","Houston County, Texas","B27001_012",820,214
"6397","48225","Houston County, Texas","B27001_013",647,170
"6398","48225","Houston County, Texas","B27001_014",173,127
"6399","48225","Houston County, Texas","B27001_015",1117,174
"6400","48225","Houston County, Texas","B27001_016",822,189
"6401","48225","Houston County, Texas","B27001_017",295,144
"6402","48225","Houston County, Texas","B27001_018",1231,211
"6403","48225","Houston County, Texas","B27001_019",1080,212
"6404","48225","Houston County, Texas","B27001_020",151,110
"6405","48225","Houston County, Texas","B27001_021",1210,117
"6406","48225","Houston County, Texas","B27001_022",1015,146
"6407","48225","Houston County, Texas","B27001_023",195,87
"6408","48225","Houston County, Texas","B27001_024",1178,86
"6409","48225","Houston County, Texas","B27001_025",1176,86
"6410","48225","Houston County, Texas","B27001_026",2,5
"6411","48225","Houston County, Texas","B27001_027",956,48
"6412","48225","Houston County, Texas","B27001_028",956,48
"6413","48225","Houston County, Texas","B27001_029",0,28
"6414","48225","Houston County, Texas","B27001_030",10034,237
"6415","48225","Houston County, Texas","B27001_031",645,160
"6416","48225","Houston County, Texas","B27001_032",624,155
"6417","48225","Houston County, Texas","B27001_033",21,36
"6418","48225","Houston County, Texas","B27001_034",1623,180
"6419","48225","Houston County, Texas","B27001_035",1529,208
"6420","48225","Houston County, Texas","B27001_036",94,73
"6421","48225","Houston County, Texas","B27001_037",572,126
"6422","48225","Houston County, Texas","B27001_038",477,134
"6423","48225","Houston County, Texas","B27001_039",95,83
"6424","48225","Houston County, Texas","B27001_040",968,119
"6425","48225","Houston County, Texas","B27001_041",801,158
"6426","48225","Houston County, Texas","B27001_042",167,105
"6427","48225","Houston County, Texas","B27001_043",1192,152
"6428","48225","Houston County, Texas","B27001_044",973,150
"6429","48225","Houston County, Texas","B27001_045",219,105
"6430","48225","Houston County, Texas","B27001_046",1093,117
"6431","48225","Houston County, Texas","B27001_047",916,117
"6432","48225","Houston County, Texas","B27001_048",177,92
"6433","48225","Houston County, Texas","B27001_049",1419,51
"6434","48225","Houston County, Texas","B27001_050",1134,142
"6435","48225","Houston County, Texas","B27001_051",285,139
"6436","48225","Houston County, Texas","B27001_052",1410,34
"6437","48225","Houston County, Texas","B27001_053",1354,81
"6438","48225","Houston County, Texas","B27001_054",56,70
"6439","48225","Houston County, Texas","B27001_055",1112,66
"6440","48225","Houston County, Texas","B27001_056",1112,66
"6441","48225","Houston County, Texas","B27001_057",0,28
"6442","48227","Howard County, Texas","B27001_001",29403,436
"6443","48227","Howard County, Texas","B27001_002",15335,464
"6444","48227","Howard County, Texas","B27001_003",1266,127
"6445","48227","Howard County, Texas","B27001_004",1195,156
"6446","48227","Howard County, Texas","B27001_005",71,62
"6447","48227","Howard County, Texas","B27001_006",2865,181
"6448","48227","Howard County, Texas","B27001_007",2522,248
"6449","48227","Howard County, Texas","B27001_008",343,186
"6450","48227","Howard County, Texas","B27001_009",1464,185
"6451","48227","Howard County, Texas","B27001_010",1287,174
"6452","48227","Howard County, Texas","B27001_011",177,73
"6453","48227","Howard County, Texas","B27001_012",1965,250
"6454","48227","Howard County, Texas","B27001_013",1460,286
"6455","48227","Howard County, Texas","B27001_014",505,191
"6456","48227","Howard County, Texas","B27001_015",1881,225
"6457","48227","Howard County, Texas","B27001_016",1531,191
"6458","48227","Howard County, Texas","B27001_017",350,136
"6459","48227","Howard County, Texas","B27001_018",2331,155
"6460","48227","Howard County, Texas","B27001_019",1825,238
"6461","48227","Howard County, Texas","B27001_020",506,182
"6462","48227","Howard County, Texas","B27001_021",1611,117
"6463","48227","Howard County, Texas","B27001_022",1262,153
"6464","48227","Howard County, Texas","B27001_023",349,127
"6465","48227","Howard County, Texas","B27001_024",1251,127
"6466","48227","Howard County, Texas","B27001_025",1243,125
"6467","48227","Howard County, Texas","B27001_026",8,10
"6468","48227","Howard County, Texas","B27001_027",701,58
"6469","48227","Howard County, Texas","B27001_028",701,58
"6470","48227","Howard County, Texas","B27001_029",0,31
"6471","48227","Howard County, Texas","B27001_030",14068,125
"6472","48227","Howard County, Texas","B27001_031",1178,104
"6473","48227","Howard County, Texas","B27001_032",1090,122
"6474","48227","Howard County, Texas","B27001_033",88,60
"6475","48227","Howard County, Texas","B27001_034",2479,128
"6476","48227","Howard County, Texas","B27001_035",2378,120
"6477","48227","Howard County, Texas","B27001_036",101,75
"6478","48227","Howard County, Texas","B27001_037",1073,103
"6479","48227","Howard County, Texas","B27001_038",873,142
"6480","48227","Howard County, Texas","B27001_039",200,114
"6481","48227","Howard County, Texas","B27001_040",1896,85
"6482","48227","Howard County, Texas","B27001_041",1482,134
"6483","48227","Howard County, Texas","B27001_042",414,142
"6484","48227","Howard County, Texas","B27001_043",2064,88
"6485","48227","Howard County, Texas","B27001_044",1681,174
"6486","48227","Howard County, Texas","B27001_045",383,144
"6487","48227","Howard County, Texas","B27001_046",1683,71
"6488","48227","Howard County, Texas","B27001_047",1332,152
"6489","48227","Howard County, Texas","B27001_048",351,119
"6490","48227","Howard County, Texas","B27001_049",1662,54
"6491","48227","Howard County, Texas","B27001_050",1536,84
"6492","48227","Howard County, Texas","B27001_051",126,67
"6493","48227","Howard County, Texas","B27001_052",1279,37
"6494","48227","Howard County, Texas","B27001_053",1263,44
"6495","48227","Howard County, Texas","B27001_054",16,24
"6496","48227","Howard County, Texas","B27001_055",754,40
"6497","48227","Howard County, Texas","B27001_056",754,40
"6498","48227","Howard County, Texas","B27001_057",0,31
"6499","48229","Hudspeth County, Texas","B27001_001",2929,13
"6500","48229","Hudspeth County, Texas","B27001_002",1719,115
"6501","48229","Hudspeth County, Texas","B27001_003",0,15
"6502","48229","Hudspeth County, Texas","B27001_004",0,15
"6503","48229","Hudspeth County, Texas","B27001_005",0,15
"6504","48229","Hudspeth County, Texas","B27001_006",390,113
"6505","48229","Hudspeth County, Texas","B27001_007",292,133
"6506","48229","Hudspeth County, Texas","B27001_008",98,77
"6507","48229","Hudspeth County, Texas","B27001_009",326,138
"6508","48229","Hudspeth County, Texas","B27001_010",165,115
"6509","48229","Hudspeth County, Texas","B27001_011",161,117
"6510","48229","Hudspeth County, Texas","B27001_012",107,149
"6511","48229","Hudspeth County, Texas","B27001_013",7,12
"6512","48229","Hudspeth County, Texas","B27001_014",100,150
"6513","48229","Hudspeth County, Texas","B27001_015",173,126
"6514","48229","Hudspeth County, Texas","B27001_016",149,125
"6515","48229","Hudspeth County, Texas","B27001_017",24,23
"6516","48229","Hudspeth County, Texas","B27001_018",414,182
"6517","48229","Hudspeth County, Texas","B27001_019",161,84
"6518","48229","Hudspeth County, Texas","B27001_020",253,163
"6519","48229","Hudspeth County, Texas","B27001_021",145,36
"6520","48229","Hudspeth County, Texas","B27001_022",103,29
"6521","48229","Hudspeth County, Texas","B27001_023",42,30
"6522","48229","Hudspeth County, Texas","B27001_024",83,34
"6523","48229","Hudspeth County, Texas","B27001_025",83,34
"6524","48229","Hudspeth County, Texas","B27001_026",0,15
"6525","48229","Hudspeth County, Texas","B27001_027",81,29
"6526","48229","Hudspeth County, Texas","B27001_028",81,29
"6527","48229","Hudspeth County, Texas","B27001_029",0,15
"6528","48229","Hudspeth County, Texas","B27001_030",1210,112
"6529","48229","Hudspeth County, Texas","B27001_031",123,75
"6530","48229","Hudspeth County, Texas","B27001_032",108,87
"6531","48229","Hudspeth County, Texas","B27001_033",15,19
"6532","48229","Hudspeth County, Texas","B27001_034",165,95
"6533","48229","Hudspeth County, Texas","B27001_035",127,92
"6534","48229","Hudspeth County, Texas","B27001_036",38,31
"6535","48229","Hudspeth County, Texas","B27001_037",121,53
"6536","48229","Hudspeth County, Texas","B27001_038",109,60
"6537","48229","Hudspeth County, Texas","B27001_039",12,16
"6538","48229","Hudspeth County, Texas","B27001_040",93,63
"6539","48229","Hudspeth County, Texas","B27001_041",72,59
"6540","48229","Hudspeth County, Texas","B27001_042",21,20
"6541","48229","Hudspeth County, Texas","B27001_043",152,64
"6542","48229","Hudspeth County, Texas","B27001_044",75,44
"6543","48229","Hudspeth County, Texas","B27001_045",77,65
"6544","48229","Hudspeth County, Texas","B27001_046",165,62
"6545","48229","Hudspeth County, Texas","B27001_047",129,53
"6546","48229","Hudspeth County, Texas","B27001_048",36,34
"6547","48229","Hudspeth County, Texas","B27001_049",185,72
"6548","48229","Hudspeth County, Texas","B27001_050",144,62
"6549","48229","Hudspeth County, Texas","B27001_051",41,37
"6550","48229","Hudspeth County, Texas","B27001_052",157,57
"6551","48229","Hudspeth County, Texas","B27001_053",154,57
"6552","48229","Hudspeth County, Texas","B27001_054",3,5
"6553","48229","Hudspeth County, Texas","B27001_055",49,29
"6554","48229","Hudspeth County, Texas","B27001_056",49,29
"6555","48229","Hudspeth County, Texas","B27001_057",0,15
"6556","48231","Hunt County, Texas","B27001_001",108174,45
"6557","48231","Hunt County, Texas","B27001_002",53379,221
"6558","48231","Hunt County, Texas","B27001_003",4094,220
"6559","48231","Hunt County, Texas","B27001_004",3727,250
"6560","48231","Hunt County, Texas","B27001_005",367,153
"6561","48231","Hunt County, Texas","B27001_006",10636,315
"6562","48231","Hunt County, Texas","B27001_007",9481,398
"6563","48231","Hunt County, Texas","B27001_008",1155,270
"6564","48231","Hunt County, Texas","B27001_009",4799,203
"6565","48231","Hunt County, Texas","B27001_010",3661,299
"6566","48231","Hunt County, Texas","B27001_011",1138,258
"6567","48231","Hunt County, Texas","B27001_012",6403,308
"6568","48231","Hunt County, Texas","B27001_013",4354,458
"6569","48231","Hunt County, Texas","B27001_014",2049,455
"6570","48231","Hunt County, Texas","B27001_015",6601,207
"6571","48231","Hunt County, Texas","B27001_016",4884,372
"6572","48231","Hunt County, Texas","B27001_017",1717,321
"6573","48231","Hunt County, Texas","B27001_018",6442,166
"6574","48231","Hunt County, Texas","B27001_019",5033,287
"6575","48231","Hunt County, Texas","B27001_020",1409,270
"6576","48231","Hunt County, Texas","B27001_021",6724,46
"6577","48231","Hunt County, Texas","B27001_022",5573,250
"6578","48231","Hunt County, Texas","B27001_023",1151,247
"6579","48231","Hunt County, Texas","B27001_024",4809,125
"6580","48231","Hunt County, Texas","B27001_025",4775,121
"6581","48231","Hunt County, Texas","B27001_026",34,33
"6582","48231","Hunt County, Texas","B27001_027",2871,130
"6583","48231","Hunt County, Texas","B27001_028",2871,130
"6584","48231","Hunt County, Texas","B27001_029",0,35
"6585","48231","Hunt County, Texas","B27001_030",54795,218
"6586","48231","Hunt County, Texas","B27001_031",4220,304
"6587","48231","Hunt County, Texas","B27001_032",4006,307
"6588","48231","Hunt County, Texas","B27001_033",214,98
"6589","48231","Hunt County, Texas","B27001_034",9616,327
"6590","48231","Hunt County, Texas","B27001_035",8292,449
"6591","48231","Hunt County, Texas","B27001_036",1324,319
"6592","48231","Hunt County, Texas","B27001_037",5270,269
"6593","48231","Hunt County, Texas","B27001_038",4057,339
"6594","48231","Hunt County, Texas","B27001_039",1213,265
"6595","48231","Hunt County, Texas","B27001_040",6607,245
"6596","48231","Hunt County, Texas","B27001_041",4757,351
"6597","48231","Hunt County, Texas","B27001_042",1850,312
"6598","48231","Hunt County, Texas","B27001_043",6756,76
"6599","48231","Hunt County, Texas","B27001_044",5145,325
"6600","48231","Hunt County, Texas","B27001_045",1611,313
"6601","48231","Hunt County, Texas","B27001_046",6536,71
"6602","48231","Hunt County, Texas","B27001_047",4850,257
"6603","48231","Hunt County, Texas","B27001_048",1686,245
"6604","48231","Hunt County, Texas","B27001_049",6940,61
"6605","48231","Hunt County, Texas","B27001_050",5641,288
"6606","48231","Hunt County, Texas","B27001_051",1299,295
"6607","48231","Hunt County, Texas","B27001_052",5327,94
"6608","48231","Hunt County, Texas","B27001_053",5191,178
"6609","48231","Hunt County, Texas","B27001_054",136,155
"6610","48231","Hunt County, Texas","B27001_055",3523,103
"6611","48231","Hunt County, Texas","B27001_056",3490,110
"6612","48231","Hunt County, Texas","B27001_057",33,44
"6613","48233","Hutchinson County, Texas","B27001_001",20028,10
"6614","48233","Hutchinson County, Texas","B27001_002",9987,182
"6615","48233","Hutchinson County, Texas","B27001_003",649,128
"6616","48233","Hutchinson County, Texas","B27001_004",616,135
"6617","48233","Hutchinson County, Texas","B27001_005",33,41
"6618","48233","Hutchinson County, Texas","B27001_006",2140,219
"6619","48233","Hutchinson County, Texas","B27001_007",2064,241
"6620","48233","Hutchinson County, Texas","B27001_008",76,65
"6621","48233","Hutchinson County, Texas","B27001_009",723,203
"6622","48233","Hutchinson County, Texas","B27001_010",583,180
"6623","48233","Hutchinson County, Texas","B27001_011",140,113
"6624","48233","Hutchinson County, Texas","B27001_012",1001,100
"6625","48233","Hutchinson County, Texas","B27001_013",787,118
"6626","48233","Hutchinson County, Texas","B27001_014",214,105
"6627","48233","Hutchinson County, Texas","B27001_015",1461,159
"6628","48233","Hutchinson County, Texas","B27001_016",1018,168
"6629","48233","Hutchinson County, Texas","B27001_017",443,157
"6630","48233","Hutchinson County, Texas","B27001_018",1032,154
"6631","48233","Hutchinson County, Texas","B27001_019",900,169
"6632","48233","Hutchinson County, Texas","B27001_020",132,84
"6633","48233","Hutchinson County, Texas","B27001_021",1317,93
"6634","48233","Hutchinson County, Texas","B27001_022",1197,118
"6635","48233","Hutchinson County, Texas","B27001_023",120,68
"6636","48233","Hutchinson County, Texas","B27001_024",1126,39
"6637","48233","Hutchinson County, Texas","B27001_025",1084,47
"6638","48233","Hutchinson County, Texas","B27001_026",42,34
"6639","48233","Hutchinson County, Texas","B27001_027",538,26
"6640","48233","Hutchinson County, Texas","B27001_028",538,26
"6641","48233","Hutchinson County, Texas","B27001_029",0,28
"6642","48233","Hutchinson County, Texas","B27001_030",10041,182
"6643","48233","Hutchinson County, Texas","B27001_031",656,142
"6644","48233","Hutchinson County, Texas","B27001_032",537,141
"6645","48233","Hutchinson County, Texas","B27001_033",119,103
"6646","48233","Hutchinson County, Texas","B27001_034",1989,142
"6647","48233","Hutchinson County, Texas","B27001_035",1671,172
"6648","48233","Hutchinson County, Texas","B27001_036",318,151
"6649","48233","Hutchinson County, Texas","B27001_037",1001,115
"6650","48233","Hutchinson County, Texas","B27001_038",698,156
"6651","48233","Hutchinson County, Texas","B27001_039",303,175
"6652","48233","Hutchinson County, Texas","B27001_040",897,129
"6653","48233","Hutchinson County, Texas","B27001_041",785,121
"6654","48233","Hutchinson County, Texas","B27001_042",112,72
"6655","48233","Hutchinson County, Texas","B27001_043",1329,136
"6656","48233","Hutchinson County, Texas","B27001_044",1085,152
"6657","48233","Hutchinson County, Texas","B27001_045",244,112
"6658","48233","Hutchinson County, Texas","B27001_046",1028,77
"6659","48233","Hutchinson County, Texas","B27001_047",918,96
"6660","48233","Hutchinson County, Texas","B27001_048",110,58
"6661","48233","Hutchinson County, Texas","B27001_049",1266,62
"6662","48233","Hutchinson County, Texas","B27001_050",1056,132
"6663","48233","Hutchinson County, Texas","B27001_051",210,120
"6664","48233","Hutchinson County, Texas","B27001_052",1117,51
"6665","48233","Hutchinson County, Texas","B27001_053",1114,50
"6666","48233","Hutchinson County, Texas","B27001_054",3,6
"6667","48233","Hutchinson County, Texas","B27001_055",758,138
"6668","48233","Hutchinson County, Texas","B27001_056",758,138
"6669","48233","Hutchinson County, Texas","B27001_057",0,28
"6670","48235","Irion County, Texas","B27001_001",1409,148
"6671","48235","Irion County, Texas","B27001_002",705,85
"6672","48235","Irion County, Texas","B27001_003",41,33
"6673","48235","Irion County, Texas","B27001_004",41,33
"6674","48235","Irion County, Texas","B27001_005",0,15
"6675","48235","Irion County, Texas","B27001_006",109,50
"6676","48235","Irion County, Texas","B27001_007",103,52
"6677","48235","Irion County, Texas","B27001_008",6,9
"6678","48235","Irion County, Texas","B27001_009",36,29
"6679","48235","Irion County, Texas","B27001_010",9,12
"6680","48235","Irion County, Texas","B27001_011",27,29
"6681","48235","Irion County, Texas","B27001_012",92,60
"6682","48235","Irion County, Texas","B27001_013",75,62
"6683","48235","Irion County, Texas","B27001_014",17,15
"6684","48235","Irion County, Texas","B27001_015",79,47
"6685","48235","Irion County, Texas","B27001_016",65,48
"6686","48235","Irion County, Texas","B27001_017",14,15
"6687","48235","Irion County, Texas","B27001_018",101,51
"6688","48235","Irion County, Texas","B27001_019",59,42
"6689","48235","Irion County, Texas","B27001_020",42,36
"6690","48235","Irion County, Texas","B27001_021",115,38
"6691","48235","Irion County, Texas","B27001_022",98,39
"6692","48235","Irion County, Texas","B27001_023",17,20
"6693","48235","Irion County, Texas","B27001_024",98,25
"6694","48235","Irion County, Texas","B27001_025",80,28
"6695","48235","Irion County, Texas","B27001_026",18,20
"6696","48235","Irion County, Texas","B27001_027",34,19
"6697","48235","Irion County, Texas","B27001_028",34,19
"6698","48235","Irion County, Texas","B27001_029",0,15
"6699","48235","Irion County, Texas","B27001_030",704,108
"6700","48235","Irion County, Texas","B27001_031",48,29
"6701","48235","Irion County, Texas","B27001_032",39,27
"6702","48235","Irion County, Texas","B27001_033",9,13
"6703","48235","Irion County, Texas","B27001_034",147,79
"6704","48235","Irion County, Texas","B27001_035",131,82
"6705","48235","Irion County, Texas","B27001_036",16,23
"6706","48235","Irion County, Texas","B27001_037",35,28
"6707","48235","Irion County, Texas","B27001_038",35,28
"6708","48235","Irion County, Texas","B27001_039",0,15
"6709","48235","Irion County, Texas","B27001_040",70,48
"6710","48235","Irion County, Texas","B27001_041",63,48
"6711","48235","Irion County, Texas","B27001_042",7,10
"6712","48235","Irion County, Texas","B27001_043",66,53
"6713","48235","Irion County, Texas","B27001_044",66,53
"6714","48235","Irion County, Texas","B27001_045",0,15
"6715","48235","Irion County, Texas","B27001_046",42,32
"6716","48235","Irion County, Texas","B27001_047",42,32
"6717","48235","Irion County, Texas","B27001_048",0,15
"6718","48235","Irion County, Texas","B27001_049",119,30
"6719","48235","Irion County, Texas","B27001_050",93,30
"6720","48235","Irion County, Texas","B27001_051",26,19
"6721","48235","Irion County, Texas","B27001_052",110,20
"6722","48235","Irion County, Texas","B27001_053",100,25
"6723","48235","Irion County, Texas","B27001_054",10,13
"6724","48235","Irion County, Texas","B27001_055",67,28
"6725","48235","Irion County, Texas","B27001_056",67,28
"6726","48235","Irion County, Texas","B27001_057",0,15
"6727","48237","Jack County, Texas","B27001_001",7806,29
"6728","48237","Jack County, Texas","B27001_002",3779,167
"6729","48237","Jack County, Texas","B27001_003",313,99
"6730","48237","Jack County, Texas","B27001_004",265,103
"6731","48237","Jack County, Texas","B27001_005",48,47
"6732","48237","Jack County, Texas","B27001_006",698,111
"6733","48237","Jack County, Texas","B27001_007",612,114
"6734","48237","Jack County, Texas","B27001_008",86,57
"6735","48237","Jack County, Texas","B27001_009",384,101
"6736","48237","Jack County, Texas","B27001_010",299,95
"6737","48237","Jack County, Texas","B27001_011",85,60
"6738","48237","Jack County, Texas","B27001_012",440,154
"6739","48237","Jack County, Texas","B27001_013",294,138
"6740","48237","Jack County, Texas","B27001_014",146,101
"6741","48237","Jack County, Texas","B27001_015",353,105
"6742","48237","Jack County, Texas","B27001_016",194,81
"6743","48237","Jack County, Texas","B27001_017",159,97
"6744","48237","Jack County, Texas","B27001_018",395,101
"6745","48237","Jack County, Texas","B27001_019",309,89
"6746","48237","Jack County, Texas","B27001_020",86,62
"6747","48237","Jack County, Texas","B27001_021",509,71
"6748","48237","Jack County, Texas","B27001_022",365,84
"6749","48237","Jack County, Texas","B27001_023",144,65
"6750","48237","Jack County, Texas","B27001_024",373,25
"6751","48237","Jack County, Texas","B27001_025",373,25
"6752","48237","Jack County, Texas","B27001_026",0,21
"6753","48237","Jack County, Texas","B27001_027",314,57
"6754","48237","Jack County, Texas","B27001_028",314,57
"6755","48237","Jack County, Texas","B27001_029",0,21
"6756","48237","Jack County, Texas","B27001_030",4027,165
"6757","48237","Jack County, Texas","B27001_031",343,141
"6758","48237","Jack County, Texas","B27001_032",274,128
"6759","48237","Jack County, Texas","B27001_033",69,81
"6760","48237","Jack County, Texas","B27001_034",789,114
"6761","48237","Jack County, Texas","B27001_035",696,133
"6762","48237","Jack County, Texas","B27001_036",93,83
"6763","48237","Jack County, Texas","B27001_037",282,111
"6764","48237","Jack County, Texas","B27001_038",185,100
"6765","48237","Jack County, Texas","B27001_039",97,59
"6766","48237","Jack County, Texas","B27001_040",509,151
"6767","48237","Jack County, Texas","B27001_041",356,136
"6768","48237","Jack County, Texas","B27001_042",153,113
"6769","48237","Jack County, Texas","B27001_043",373,9
"6770","48237","Jack County, Texas","B27001_044",348,31
"6771","48237","Jack County, Texas","B27001_045",25,30
"6772","48237","Jack County, Texas","B27001_046",521,105
"6773","48237","Jack County, Texas","B27001_047",400,31
"6774","48237","Jack County, Texas","B27001_048",121,99
"6775","48237","Jack County, Texas","B27001_049",461,25
"6776","48237","Jack County, Texas","B27001_050",366,49
"6777","48237","Jack County, Texas","B27001_051",95,46
"6778","48237","Jack County, Texas","B27001_052",417,18
"6779","48237","Jack County, Texas","B27001_053",417,18
"6780","48237","Jack County, Texas","B27001_054",0,21
"6781","48237","Jack County, Texas","B27001_055",332,41
"6782","48237","Jack County, Texas","B27001_056",332,41
"6783","48237","Jack County, Texas","B27001_057",0,21
"6784","48239","Jackson County, Texas","B27001_001",14943,14
"6785","48239","Jackson County, Texas","B27001_002",7628,239
"6786","48239","Jackson County, Texas","B27001_003",519,100
"6787","48239","Jackson County, Texas","B27001_004",519,100
"6788","48239","Jackson County, Texas","B27001_005",0,23
"6789","48239","Jackson County, Texas","B27001_006",1311,226
"6790","48239","Jackson County, Texas","B27001_007",1123,244
"6791","48239","Jackson County, Texas","B27001_008",188,138
"6792","48239","Jackson County, Texas","B27001_009",559,162
"6793","48239","Jackson County, Texas","B27001_010",433,179
"6794","48239","Jackson County, Texas","B27001_011",126,98
"6795","48239","Jackson County, Texas","B27001_012",919,297
"6796","48239","Jackson County, Texas","B27001_013",551,179
"6797","48239","Jackson County, Texas","B27001_014",368,265
"6798","48239","Jackson County, Texas","B27001_015",1000,245
"6799","48239","Jackson County, Texas","B27001_016",626,158
"6800","48239","Jackson County, Texas","B27001_017",374,272
"6801","48239","Jackson County, Texas","B27001_018",962,181
"6802","48239","Jackson County, Texas","B27001_019",712,141
"6803","48239","Jackson County, Texas","B27001_020",250,141
"6804","48239","Jackson County, Texas","B27001_021",929,82
"6805","48239","Jackson County, Texas","B27001_022",839,114
"6806","48239","Jackson County, Texas","B27001_023",90,68
"6807","48239","Jackson County, Texas","B27001_024",840,82
"6808","48239","Jackson County, Texas","B27001_025",823,88
"6809","48239","Jackson County, Texas","B27001_026",17,34
"6810","48239","Jackson County, Texas","B27001_027",589,71
"6811","48239","Jackson County, Texas","B27001_028",589,71
"6812","48239","Jackson County, Texas","B27001_029",0,23
"6813","48239","Jackson County, Texas","B27001_030",7315,238
"6814","48239","Jackson County, Texas","B27001_031",687,114
"6815","48239","Jackson County, Texas","B27001_032",573,118
"6816","48239","Jackson County, Texas","B27001_033",114,112
"6817","48239","Jackson County, Texas","B27001_034",1258,174
"6818","48239","Jackson County, Texas","B27001_035",1081,203
"6819","48239","Jackson County, Texas","B27001_036",177,114
"6820","48239","Jackson County, Texas","B27001_037",382,106
"6821","48239","Jackson County, Texas","B27001_038",342,94
"6822","48239","Jackson County, Texas","B27001_039",40,45
"6823","48239","Jackson County, Texas","B27001_040",888,147
"6824","48239","Jackson County, Texas","B27001_041",663,179
"6825","48239","Jackson County, Texas","B27001_042",225,141
"6826","48239","Jackson County, Texas","B27001_043",814,102
"6827","48239","Jackson County, Texas","B27001_044",676,123
"6828","48239","Jackson County, Texas","B27001_045",138,93
"6829","48239","Jackson County, Texas","B27001_046",913,163
"6830","48239","Jackson County, Texas","B27001_047",673,150
"6831","48239","Jackson County, Texas","B27001_048",240,134
"6832","48239","Jackson County, Texas","B27001_049",912,58
"6833","48239","Jackson County, Texas","B27001_050",743,94
"6834","48239","Jackson County, Texas","B27001_051",169,79
"6835","48239","Jackson County, Texas","B27001_052",698,84
"6836","48239","Jackson County, Texas","B27001_053",698,84
"6837","48239","Jackson County, Texas","B27001_054",0,23
"6838","48239","Jackson County, Texas","B27001_055",763,98
"6839","48239","Jackson County, Texas","B27001_056",763,98
"6840","48239","Jackson County, Texas","B27001_057",0,23
"6841","48241","Jasper County, Texas","B27001_001",31480,103
"6842","48241","Jasper County, Texas","B27001_002",14990,218
"6843","48241","Jasper County, Texas","B27001_003",1179,142
"6844","48241","Jasper County, Texas","B27001_004",1040,170
"6845","48241","Jasper County, Texas","B27001_005",139,103
"6846","48241","Jasper County, Texas","B27001_006",2953,188
"6847","48241","Jasper County, Texas","B27001_007",2432,246
"6848","48241","Jasper County, Texas","B27001_008",521,220
"6849","48241","Jasper County, Texas","B27001_009",1043,93
"6850","48241","Jasper County, Texas","B27001_010",430,175
"6851","48241","Jasper County, Texas","B27001_011",613,163
"6852","48241","Jasper County, Texas","B27001_012",1276,93
"6853","48241","Jasper County, Texas","B27001_013",692,150
"6854","48241","Jasper County, Texas","B27001_014",584,169
"6855","48241","Jasper County, Texas","B27001_015",1612,151
"6856","48241","Jasper County, Texas","B27001_016",1262,173
"6857","48241","Jasper County, Texas","B27001_017",350,126
"6858","48241","Jasper County, Texas","B27001_018",1759,149
"6859","48241","Jasper County, Texas","B27001_019",1403,180
"6860","48241","Jasper County, Texas","B27001_020",356,148
"6861","48241","Jasper County, Texas","B27001_021",2127,110
"6862","48241","Jasper County, Texas","B27001_022",1686,226
"6863","48241","Jasper County, Texas","B27001_023",441,192
"6864","48241","Jasper County, Texas","B27001_024",1852,61
"6865","48241","Jasper County, Texas","B27001_025",1852,61
"6866","48241","Jasper County, Texas","B27001_026",0,31
"6867","48241","Jasper County, Texas","B27001_027",1189,56
"6868","48241","Jasper County, Texas","B27001_028",1180,58
"6869","48241","Jasper County, Texas","B27001_029",9,17
"6870","48241","Jasper County, Texas","B27001_030",16490,181
"6871","48241","Jasper County, Texas","B27001_031",970,120
"6872","48241","Jasper County, Texas","B27001_032",921,122
"6873","48241","Jasper County, Texas","B27001_033",49,58
"6874","48241","Jasper County, Texas","B27001_034",2787,165
"6875","48241","Jasper County, Texas","B27001_035",2436,187
"6876","48241","Jasper County, Texas","B27001_036",351,149
"6877","48241","Jasper County, Texas","B27001_037",1257,163
"6878","48241","Jasper County, Texas","B27001_038",756,231
"6879","48241","Jasper County, Texas","B27001_039",501,194
"6880","48241","Jasper County, Texas","B27001_040",1544,198
"6881","48241","Jasper County, Texas","B27001_041",1060,219
"6882","48241","Jasper County, Texas","B27001_042",484,231
"6883","48241","Jasper County, Texas","B27001_043",1979,196
"6884","48241","Jasper County, Texas","B27001_044",1609,205
"6885","48241","Jasper County, Texas","B27001_045",370,125
"6886","48241","Jasper County, Texas","B27001_046",1980,119
"6887","48241","Jasper County, Texas","B27001_047",1413,208
"6888","48241","Jasper County, Texas","B27001_048",567,207
"6889","48241","Jasper County, Texas","B27001_049",2324,111
"6890","48241","Jasper County, Texas","B27001_050",1785,193
"6891","48241","Jasper County, Texas","B27001_051",539,169
"6892","48241","Jasper County, Texas","B27001_052",2143,167
"6893","48241","Jasper County, Texas","B27001_053",2112,169
"6894","48241","Jasper County, Texas","B27001_054",31,33
"6895","48241","Jasper County, Texas","B27001_055",1506,69
"6896","48241","Jasper County, Texas","B27001_056",1491,73
"6897","48241","Jasper County, Texas","B27001_057",15,28
"6898","48243","Jeff Davis County, Texas","B27001_001",1850,341
"6899","48243","Jeff Davis County, Texas","B27001_002",975,218
"6900","48243","Jeff Davis County, Texas","B27001_003",55,51
"6901","48243","Jeff Davis County, Texas","B27001_004",27,40
"6902","48243","Jeff Davis County, Texas","B27001_005",28,35
"6903","48243","Jeff Davis County, Texas","B27001_006",112,108
"6904","48243","Jeff Davis County, Texas","B27001_007",112,108
"6905","48243","Jeff Davis County, Texas","B27001_008",0,15
"6906","48243","Jeff Davis County, Texas","B27001_009",0,15
"6907","48243","Jeff Davis County, Texas","B27001_010",0,15
"6908","48243","Jeff Davis County, Texas","B27001_011",0,15
"6909","48243","Jeff Davis County, Texas","B27001_012",50,67
"6910","48243","Jeff Davis County, Texas","B27001_013",50,67
"6911","48243","Jeff Davis County, Texas","B27001_014",0,15
"6912","48243","Jeff Davis County, Texas","B27001_015",65,55
"6913","48243","Jeff Davis County, Texas","B27001_016",22,25
"6914","48243","Jeff Davis County, Texas","B27001_017",43,49
"6915","48243","Jeff Davis County, Texas","B27001_018",116,61
"6916","48243","Jeff Davis County, Texas","B27001_019",116,61
"6917","48243","Jeff Davis County, Texas","B27001_020",0,15
"6918","48243","Jeff Davis County, Texas","B27001_021",294,85
"6919","48243","Jeff Davis County, Texas","B27001_022",178,113
"6920","48243","Jeff Davis County, Texas","B27001_023",116,78
"6921","48243","Jeff Davis County, Texas","B27001_024",143,58
"6922","48243","Jeff Davis County, Texas","B27001_025",132,59
"6923","48243","Jeff Davis County, Texas","B27001_026",11,17
"6924","48243","Jeff Davis County, Texas","B27001_027",140,96
"6925","48243","Jeff Davis County, Texas","B27001_028",140,96
"6926","48243","Jeff Davis County, Texas","B27001_029",0,15
"6927","48243","Jeff Davis County, Texas","B27001_030",875,168
"6928","48243","Jeff Davis County, Texas","B27001_031",78,73
"6929","48243","Jeff Davis County, Texas","B27001_032",78,73
"6930","48243","Jeff Davis County, Texas","B27001_033",0,15
"6931","48243","Jeff Davis County, Texas","B27001_034",76,60
"6932","48243","Jeff Davis County, Texas","B27001_035",76,60
"6933","48243","Jeff Davis County, Texas","B27001_036",0,15
"6934","48243","Jeff Davis County, Texas","B27001_037",0,15
"6935","48243","Jeff Davis County, Texas","B27001_038",0,15
"6936","48243","Jeff Davis County, Texas","B27001_039",0,15
"6937","48243","Jeff Davis County, Texas","B27001_040",87,69
"6938","48243","Jeff Davis County, Texas","B27001_041",87,69
"6939","48243","Jeff Davis County, Texas","B27001_042",0,15
"6940","48243","Jeff Davis County, Texas","B27001_043",100,69
"6941","48243","Jeff Davis County, Texas","B27001_044",53,34
"6942","48243","Jeff Davis County, Texas","B27001_045",47,56
"6943","48243","Jeff Davis County, Texas","B27001_046",44,34
"6944","48243","Jeff Davis County, Texas","B27001_047",44,34
"6945","48243","Jeff Davis County, Texas","B27001_048",0,15
"6946","48243","Jeff Davis County, Texas","B27001_049",141,60
"6947","48243","Jeff Davis County, Texas","B27001_050",117,55
"6948","48243","Jeff Davis County, Texas","B27001_051",24,23
"6949","48243","Jeff Davis County, Texas","B27001_052",214,70
"6950","48243","Jeff Davis County, Texas","B27001_053",214,70
"6951","48243","Jeff Davis County, Texas","B27001_054",0,15
"6952","48243","Jeff Davis County, Texas","B27001_055",135,117
"6953","48243","Jeff Davis County, Texas","B27001_056",135,117
"6954","48243","Jeff Davis County, Texas","B27001_057",0,15
"6955","48245","Jefferson County, Texas","B27001_001",239620,346
"6956","48245","Jefferson County, Texas","B27001_002",117830,390
"6957","48245","Jefferson County, Texas","B27001_003",10411,427
"6958","48245","Jefferson County, Texas","B27001_004",9223,495
"6959","48245","Jefferson County, Texas","B27001_005",1188,454
"6960","48245","Jefferson County, Texas","B27001_006",23121,503
"6961","48245","Jefferson County, Texas","B27001_007",19163,745
"6962","48245","Jefferson County, Texas","B27001_008",3958,564
"6963","48245","Jefferson County, Texas","B27001_009",10946,475
"6964","48245","Jefferson County, Texas","B27001_010",6911,557
"6965","48245","Jefferson County, Texas","B27001_011",4035,591
"6966","48245","Jefferson County, Texas","B27001_012",14775,481
"6967","48245","Jefferson County, Texas","B27001_013",9496,747
"6968","48245","Jefferson County, Texas","B27001_014",5279,698
"6969","48245","Jefferson County, Texas","B27001_015",14947,315
"6970","48245","Jefferson County, Texas","B27001_016",10298,552
"6971","48245","Jefferson County, Texas","B27001_017",4649,547
"6972","48245","Jefferson County, Texas","B27001_018",13303,295
"6973","48245","Jefferson County, Texas","B27001_019",9246,605
"6974","48245","Jefferson County, Texas","B27001_020",4057,518
"6975","48245","Jefferson County, Texas","B27001_021",13790,303
"6976","48245","Jefferson County, Texas","B27001_022",11502,469
"6977","48245","Jefferson County, Texas","B27001_023",2288,374
"6978","48245","Jefferson County, Texas","B27001_024",10501,184
"6979","48245","Jefferson County, Texas","B27001_025",10264,246
"6980","48245","Jefferson County, Texas","B27001_026",237,139
"6981","48245","Jefferson County, Texas","B27001_027",6036,118
"6982","48245","Jefferson County, Texas","B27001_028",6036,118
"6983","48245","Jefferson County, Texas","B27001_029",0,35
"6984","48245","Jefferson County, Texas","B27001_030",121790,218
"6985","48245","Jefferson County, Texas","B27001_031",9823,353
"6986","48245","Jefferson County, Texas","B27001_032",9048,423
"6987","48245","Jefferson County, Texas","B27001_033",775,246
"6988","48245","Jefferson County, Texas","B27001_034",21899,442
"6989","48245","Jefferson County, Texas","B27001_035",19253,657
"6990","48245","Jefferson County, Texas","B27001_036",2646,523
"6991","48245","Jefferson County, Texas","B27001_037",10409,399
"6992","48245","Jefferson County, Texas","B27001_038",6424,612
"6993","48245","Jefferson County, Texas","B27001_039",3985,453
"6994","48245","Jefferson County, Texas","B27001_040",14254,327
"6995","48245","Jefferson County, Texas","B27001_041",9578,579
"6996","48245","Jefferson County, Texas","B27001_042",4676,580
"6997","48245","Jefferson County, Texas","B27001_043",15527,84
"6998","48245","Jefferson County, Texas","B27001_044",10657,518
"6999","48245","Jefferson County, Texas","B27001_045",4870,517
"7000","48245","Jefferson County, Texas","B27001_046",13710,38
"7001","48245","Jefferson County, Texas","B27001_047",10166,473
"7002","48245","Jefferson County, Texas","B27001_048",3544,472
"7003","48245","Jefferson County, Texas","B27001_049",15178,86
"7004","48245","Jefferson County, Texas","B27001_050",12496,430
"7005","48245","Jefferson County, Texas","B27001_051",2682,439
"7006","48245","Jefferson County, Texas","B27001_052",12235,176
"7007","48245","Jefferson County, Texas","B27001_053",11890,233
"7008","48245","Jefferson County, Texas","B27001_054",345,198
"7009","48245","Jefferson County, Texas","B27001_055",8755,150
"7010","48245","Jefferson County, Texas","B27001_056",8691,169
"7011","48245","Jefferson County, Texas","B27001_057",64,89
"7012","48247","Jim Hogg County, Texas","B27001_001",4656,4
"7013","48247","Jim Hogg County, Texas","B27001_002",2634,209
"7014","48247","Jim Hogg County, Texas","B27001_003",466,133
"7015","48247","Jim Hogg County, Texas","B27001_004",390,100
"7016","48247","Jim Hogg County, Texas","B27001_005",76,88
"7017","48247","Jim Hogg County, Texas","B27001_006",331,99
"7018","48247","Jim Hogg County, Texas","B27001_007",277,93
"7019","48247","Jim Hogg County, Texas","B27001_008",54,63
"7020","48247","Jim Hogg County, Texas","B27001_009",539,372
"7021","48247","Jim Hogg County, Texas","B27001_010",115,132
"7022","48247","Jim Hogg County, Texas","B27001_011",424,380
"7023","48247","Jim Hogg County, Texas","B27001_012",368,216
"7024","48247","Jim Hogg County, Texas","B27001_013",167,182
"7025","48247","Jim Hogg County, Texas","B27001_014",201,135
"7026","48247","Jim Hogg County, Texas","B27001_015",204,97
"7027","48247","Jim Hogg County, Texas","B27001_016",135,83
"7028","48247","Jim Hogg County, Texas","B27001_017",69,63
"7029","48247","Jim Hogg County, Texas","B27001_018",296,113
"7030","48247","Jim Hogg County, Texas","B27001_019",186,82
"7031","48247","Jim Hogg County, Texas","B27001_020",110,79
"7032","48247","Jim Hogg County, Texas","B27001_021",243,99
"7033","48247","Jim Hogg County, Texas","B27001_022",138,70
"7034","48247","Jim Hogg County, Texas","B27001_023",105,86
"7035","48247","Jim Hogg County, Texas","B27001_024",164,79
"7036","48247","Jim Hogg County, Texas","B27001_025",164,79
"7037","48247","Jim Hogg County, Texas","B27001_026",0,15
"7038","48247","Jim Hogg County, Texas","B27001_027",23,19
"7039","48247","Jim Hogg County, Texas","B27001_028",23,19
"7040","48247","Jim Hogg County, Texas","B27001_029",0,15
"7041","48247","Jim Hogg County, Texas","B27001_030",2022,210
"7042","48247","Jim Hogg County, Texas","B27001_031",347,112
"7043","48247","Jim Hogg County, Texas","B27001_032",347,112
"7044","48247","Jim Hogg County, Texas","B27001_033",0,15
"7045","48247","Jim Hogg County, Texas","B27001_034",506,158
"7046","48247","Jim Hogg County, Texas","B27001_035",491,134
"7047","48247","Jim Hogg County, Texas","B27001_036",15,60
"7048","48247","Jim Hogg County, Texas","B27001_037",162,96
"7049","48247","Jim Hogg County, Texas","B27001_038",122,80
"7050","48247","Jim Hogg County, Texas","B27001_039",40,68
"7051","48247","Jim Hogg County, Texas","B27001_040",203,105
"7052","48247","Jim Hogg County, Texas","B27001_041",113,74
"7053","48247","Jim Hogg County, Texas","B27001_042",90,94
"7054","48247","Jim Hogg County, Texas","B27001_043",214,95
"7055","48247","Jim Hogg County, Texas","B27001_044",135,75
"7056","48247","Jim Hogg County, Texas","B27001_045",79,62
"7057","48247","Jim Hogg County, Texas","B27001_046",150,84
"7058","48247","Jim Hogg County, Texas","B27001_047",83,52
"7059","48247","Jim Hogg County, Texas","B27001_048",67,76
"7060","48247","Jim Hogg County, Texas","B27001_049",197,83
"7061","48247","Jim Hogg County, Texas","B27001_050",178,83
"7062","48247","Jim Hogg County, Texas","B27001_051",19,23
"7063","48247","Jim Hogg County, Texas","B27001_052",170,64
"7064","48247","Jim Hogg County, Texas","B27001_053",170,64
"7065","48247","Jim Hogg County, Texas","B27001_054",0,15
"7066","48247","Jim Hogg County, Texas","B27001_055",73,44
"7067","48247","Jim Hogg County, Texas","B27001_056",73,44
"7068","48247","Jim Hogg County, Texas","B27001_057",0,15
"7069","48249","Jim Wells County, Texas","B27001_001",38514,12
"7070","48249","Jim Wells County, Texas","B27001_002",19193,108
"7071","48249","Jim Wells County, Texas","B27001_003",1686,146
"7072","48249","Jim Wells County, Texas","B27001_004",1434,172
"7073","48249","Jim Wells County, Texas","B27001_005",252,148
"7074","48249","Jim Wells County, Texas","B27001_006",3995,170
"7075","48249","Jim Wells County, Texas","B27001_007",3260,361
"7076","48249","Jim Wells County, Texas","B27001_008",735,311
"7077","48249","Jim Wells County, Texas","B27001_009",2069,261
"7078","48249","Jim Wells County, Texas","B27001_010",1478,327
"7079","48249","Jim Wells County, Texas","B27001_011",591,203
"7080","48249","Jim Wells County, Texas","B27001_012",2049,244
"7081","48249","Jim Wells County, Texas","B27001_013",1451,268
"7082","48249","Jim Wells County, Texas","B27001_014",598,256
"7083","48249","Jim Wells County, Texas","B27001_015",2501,141
"7084","48249","Jim Wells County, Texas","B27001_016",1630,319
"7085","48249","Jim Wells County, Texas","B27001_017",871,300
"7086","48249","Jim Wells County, Texas","B27001_018",2038,120
"7087","48249","Jim Wells County, Texas","B27001_019",1627,233
"7088","48249","Jim Wells County, Texas","B27001_020",411,186
"7089","48249","Jim Wells County, Texas","B27001_021",2037,38
"7090","48249","Jim Wells County, Texas","B27001_022",1653,143
"7091","48249","Jim Wells County, Texas","B27001_023",384,135
"7092","48249","Jim Wells County, Texas","B27001_024",1734,41
"7093","48249","Jim Wells County, Texas","B27001_025",1686,90
"7094","48249","Jim Wells County, Texas","B27001_026",48,79
"7095","48249","Jim Wells County, Texas","B27001_027",1084,50
"7096","48249","Jim Wells County, Texas","B27001_028",1084,50
"7097","48249","Jim Wells County, Texas","B27001_029",0,31
"7098","48249","Jim Wells County, Texas","B27001_030",19321,107
"7099","48249","Jim Wells County, Texas","B27001_031",1292,102
"7100","48249","Jim Wells County, Texas","B27001_032",1193,119
"7101","48249","Jim Wells County, Texas","B27001_033",99,79
"7102","48249","Jim Wells County, Texas","B27001_034",4071,144
"7103","48249","Jim Wells County, Texas","B27001_035",3374,290
"7104","48249","Jim Wells County, Texas","B27001_036",697,255
"7105","48249","Jim Wells County, Texas","B27001_037",1588,231
"7106","48249","Jim Wells County, Texas","B27001_038",996,221
"7107","48249","Jim Wells County, Texas","B27001_039",592,179
"7108","48249","Jim Wells County, Texas","B27001_040",2126,205
"7109","48249","Jim Wells County, Texas","B27001_041",1489,296
"7110","48249","Jim Wells County, Texas","B27001_042",637,234
"7111","48249","Jim Wells County, Texas","B27001_043",2591,80
"7112","48249","Jim Wells County, Texas","B27001_044",1720,282
"7113","48249","Jim Wells County, Texas","B27001_045",871,266
"7114","48249","Jim Wells County, Texas","B27001_046",2081,58
"7115","48249","Jim Wells County, Texas","B27001_047",1448,216
"7116","48249","Jim Wells County, Texas","B27001_048",633,224
"7117","48249","Jim Wells County, Texas","B27001_049",2262,59
"7118","48249","Jim Wells County, Texas","B27001_050",1682,182
"7119","48249","Jim Wells County, Texas","B27001_051",580,179
"7120","48249","Jim Wells County, Texas","B27001_052",1888,67
"7121","48249","Jim Wells County, Texas","B27001_053",1841,90
"7122","48249","Jim Wells County, Texas","B27001_054",47,63
"7123","48249","Jim Wells County, Texas","B27001_055",1422,50
"7124","48249","Jim Wells County, Texas","B27001_056",1422,50
"7125","48249","Jim Wells County, Texas","B27001_057",0,31
"7126","48251","Johnson County, Texas","B27001_001",192808,215
"7127","48251","Johnson County, Texas","B27001_002",96211,277
"7128","48251","Johnson County, Texas","B27001_003",7175,215
"7129","48251","Johnson County, Texas","B27001_004",6534,264
"7130","48251","Johnson County, Texas","B27001_005",641,222
"7131","48251","Johnson County, Texas","B27001_006",20033,292
"7132","48251","Johnson County, Texas","B27001_007",17145,511
"7133","48251","Johnson County, Texas","B27001_008",2888,462
"7134","48251","Johnson County, Texas","B27001_009",8558,411
"7135","48251","Johnson County, Texas","B27001_010",6375,440
"7136","48251","Johnson County, Texas","B27001_011",2183,425
"7137","48251","Johnson County, Texas","B27001_012",11135,449
"7138","48251","Johnson County, Texas","B27001_013",8077,467
"7139","48251","Johnson County, Texas","B27001_014",3058,418
"7140","48251","Johnson County, Texas","B27001_015",13635,287
"7141","48251","Johnson County, Texas","B27001_016",10489,492
"7142","48251","Johnson County, Texas","B27001_017",3146,458
"7143","48251","Johnson County, Texas","B27001_018",11998,232
"7144","48251","Johnson County, Texas","B27001_019",9539,423
"7145","48251","Johnson County, Texas","B27001_020",2459,408
"7146","48251","Johnson County, Texas","B27001_021",11629,155
"7147","48251","Johnson County, Texas","B27001_022",9575,285
"7148","48251","Johnson County, Texas","B27001_023",2054,255
"7149","48251","Johnson County, Texas","B27001_024",7847,99
"7150","48251","Johnson County, Texas","B27001_025",7601,209
"7151","48251","Johnson County, Texas","B27001_026",246,196
"7152","48251","Johnson County, Texas","B27001_027",4201,92
"7153","48251","Johnson County, Texas","B27001_028",4182,96
"7154","48251","Johnson County, Texas","B27001_029",19,33
"7155","48251","Johnson County, Texas","B27001_030",96597,191
"7156","48251","Johnson County, Texas","B27001_031",7325,326
"7157","48251","Johnson County, Texas","B27001_032",6669,413
"7158","48251","Johnson County, Texas","B27001_033",656,222
"7159","48251","Johnson County, Texas","B27001_034",18236,382
"7160","48251","Johnson County, Texas","B27001_035",15907,537
"7161","48251","Johnson County, Texas","B27001_036",2329,450
"7162","48251","Johnson County, Texas","B27001_037",8799,346
"7163","48251","Johnson County, Texas","B27001_038",6271,565
"7164","48251","Johnson County, Texas","B27001_039",2528,395
"7165","48251","Johnson County, Texas","B27001_040",10842,292
"7166","48251","Johnson County, Texas","B27001_041",8518,447
"7167","48251","Johnson County, Texas","B27001_042",2324,359
"7168","48251","Johnson County, Texas","B27001_043",13351,98
"7169","48251","Johnson County, Texas","B27001_044",10714,417
"7170","48251","Johnson County, Texas","B27001_045",2637,405
"7171","48251","Johnson County, Texas","B27001_046",11922,147
"7172","48251","Johnson County, Texas","B27001_047",9737,359
"7173","48251","Johnson County, Texas","B27001_048",2185,376
"7174","48251","Johnson County, Texas","B27001_049",11443,35
"7175","48251","Johnson County, Texas","B27001_050",9446,314
"7176","48251","Johnson County, Texas","B27001_051",1997,314
"7177","48251","Johnson County, Texas","B27001_052",8836,106
"7178","48251","Johnson County, Texas","B27001_053",8691,152
"7179","48251","Johnson County, Texas","B27001_054",145,108
"7180","48251","Johnson County, Texas","B27001_055",5843,127
"7181","48251","Johnson County, Texas","B27001_056",5815,134
"7182","48251","Johnson County, Texas","B27001_057",28,46
"7183","48253","Jones County, Texas","B27001_001",14466,189
"7184","48253","Jones County, Texas","B27001_002",7334,194
"7185","48253","Jones County, Texas","B27001_003",582,91
"7186","48253","Jones County, Texas","B27001_004",353,108
"7187","48253","Jones County, Texas","B27001_005",229,81
"7188","48253","Jones County, Texas","B27001_006",1337,132
"7189","48253","Jones County, Texas","B27001_007",1150,151
"7190","48253","Jones County, Texas","B27001_008",187,76
"7191","48253","Jones County, Texas","B27001_009",821,216
"7192","48253","Jones County, Texas","B27001_010",710,221
"7193","48253","Jones County, Texas","B27001_011",111,82
"7194","48253","Jones County, Texas","B27001_012",749,246
"7195","48253","Jones County, Texas","B27001_013",539,224
"7196","48253","Jones County, Texas","B27001_014",210,113
"7197","48253","Jones County, Texas","B27001_015",770,176
"7198","48253","Jones County, Texas","B27001_016",554,151
"7199","48253","Jones County, Texas","B27001_017",216,87
"7200","48253","Jones County, Texas","B27001_018",805,125
"7201","48253","Jones County, Texas","B27001_019",586,115
"7202","48253","Jones County, Texas","B27001_020",219,98
"7203","48253","Jones County, Texas","B27001_021",784,104
"7204","48253","Jones County, Texas","B27001_022",650,127
"7205","48253","Jones County, Texas","B27001_023",134,77
"7206","48253","Jones County, Texas","B27001_024",994,79
"7207","48253","Jones County, Texas","B27001_025",992,79
"7208","48253","Jones County, Texas","B27001_026",2,4
"7209","48253","Jones County, Texas","B27001_027",492,41
"7210","48253","Jones County, Texas","B27001_028",492,41
"7211","48253","Jones County, Texas","B27001_029",0,28
"7212","48253","Jones County, Texas","B27001_030",7132,167
"7213","48253","Jones County, Texas","B27001_031",419,44
"7214","48253","Jones County, Texas","B27001_032",325,81
"7215","48253","Jones County, Texas","B27001_033",94,70
"7216","48253","Jones County, Texas","B27001_034",1295,76
"7217","48253","Jones County, Texas","B27001_035",1002,123
"7218","48253","Jones County, Texas","B27001_036",293,102
"7219","48253","Jones County, Texas","B27001_037",455,69
"7220","48253","Jones County, Texas","B27001_038",305,77
"7221","48253","Jones County, Texas","B27001_039",150,67
"7222","48253","Jones County, Texas","B27001_040",667,102
"7223","48253","Jones County, Texas","B27001_041",522,111
"7224","48253","Jones County, Texas","B27001_042",145,80
"7225","48253","Jones County, Texas","B27001_043",941,111
"7226","48253","Jones County, Texas","B27001_044",636,137
"7227","48253","Jones County, Texas","B27001_045",305,90
"7228","48253","Jones County, Texas","B27001_046",777,106
"7229","48253","Jones County, Texas","B27001_047",551,134
"7230","48253","Jones County, Texas","B27001_048",226,122
"7231","48253","Jones County, Texas","B27001_049",932,91
"7232","48253","Jones County, Texas","B27001_050",680,119
"7233","48253","Jones County, Texas","B27001_051",252,102
"7234","48253","Jones County, Texas","B27001_052",910,94
"7235","48253","Jones County, Texas","B27001_053",897,95
"7236","48253","Jones County, Texas","B27001_054",13,18
"7237","48253","Jones County, Texas","B27001_055",736,104
"7238","48253","Jones County, Texas","B27001_056",736,104
"7239","48253","Jones County, Texas","B27001_057",0,28
"7240","48255","Karnes County, Texas","B27001_001",11613,157
"7241","48255","Karnes County, Texas","B27001_002",5600,240
"7242","48255","Karnes County, Texas","B27001_003",320,176
"7243","48255","Karnes County, Texas","B27001_004",320,176
"7244","48255","Karnes County, Texas","B27001_005",0,23
"7245","48255","Karnes County, Texas","B27001_006",1102,98
"7246","48255","Karnes County, Texas","B27001_007",1067,97
"7247","48255","Karnes County, Texas","B27001_008",35,37
"7248","48255","Karnes County, Texas","B27001_009",743,167
"7249","48255","Karnes County, Texas","B27001_010",488,173
"7250","48255","Karnes County, Texas","B27001_011",255,190
"7251","48255","Karnes County, Texas","B27001_012",525,187
"7252","48255","Karnes County, Texas","B27001_013",290,110
"7253","48255","Karnes County, Texas","B27001_014",235,161
"7254","48255","Karnes County, Texas","B27001_015",851,282
"7255","48255","Karnes County, Texas","B27001_016",710,283
"7256","48255","Karnes County, Texas","B27001_017",141,110
"7257","48255","Karnes County, Texas","B27001_018",665,270
"7258","48255","Karnes County, Texas","B27001_019",493,187
"7259","48255","Karnes County, Texas","B27001_020",172,170
"7260","48255","Karnes County, Texas","B27001_021",561,127
"7261","48255","Karnes County, Texas","B27001_022",426,126
"7262","48255","Karnes County, Texas","B27001_023",135,68
"7263","48255","Karnes County, Texas","B27001_024",549,102
"7264","48255","Karnes County, Texas","B27001_025",549,102
"7265","48255","Karnes County, Texas","B27001_026",0,23
"7266","48255","Karnes County, Texas","B27001_027",284,77
"7267","48255","Karnes County, Texas","B27001_028",284,77
"7268","48255","Karnes County, Texas","B27001_029",0,23
"7269","48255","Karnes County, Texas","B27001_030",6013,218
"7270","48255","Karnes County, Texas","B27001_031",430,177
"7271","48255","Karnes County, Texas","B27001_032",384,167
"7272","48255","Karnes County, Texas","B27001_033",46,61
"7273","48255","Karnes County, Texas","B27001_034",1218,121
"7274","48255","Karnes County, Texas","B27001_035",1118,148
"7275","48255","Karnes County, Texas","B27001_036",100,84
"7276","48255","Karnes County, Texas","B27001_037",459,154
"7277","48255","Karnes County, Texas","B27001_038",237,117
"7278","48255","Karnes County, Texas","B27001_039",222,139
"7279","48255","Karnes County, Texas","B27001_040",502,167
"7280","48255","Karnes County, Texas","B27001_041",370,139
"7281","48255","Karnes County, Texas","B27001_042",132,121
"7282","48255","Karnes County, Texas","B27001_043",1043,182
"7283","48255","Karnes County, Texas","B27001_044",934,182
"7284","48255","Karnes County, Texas","B27001_045",109,81
"7285","48255","Karnes County, Texas","B27001_046",594,126
"7286","48255","Karnes County, Texas","B27001_047",367,116
"7287","48255","Karnes County, Texas","B27001_048",227,120
"7288","48255","Karnes County, Texas","B27001_049",652,36
"7289","48255","Karnes County, Texas","B27001_050",627,45
"7290","48255","Karnes County, Texas","B27001_051",25,34
"7291","48255","Karnes County, Texas","B27001_052",612,36
"7292","48255","Karnes County, Texas","B27001_053",612,36
"7293","48255","Karnes County, Texas","B27001_054",0,23
"7294","48255","Karnes County, Texas","B27001_055",503,77
"7295","48255","Karnes County, Texas","B27001_056",503,77
"7296","48255","Karnes County, Texas","B27001_057",0,23
"7297","48257","Kaufman County, Texas","B27001_001",171350,90
"7298","48257","Kaufman County, Texas","B27001_002",84295,183
"7299","48257","Kaufman County, Texas","B27001_003",7710,344
"7300","48257","Kaufman County, Texas","B27001_004",6911,459
"7301","48257","Kaufman County, Texas","B27001_005",799,274
"7302","48257","Kaufman County, Texas","B27001_006",19025,416
"7303","48257","Kaufman County, Texas","B27001_007",16548,487
"7304","48257","Kaufman County, Texas","B27001_008",2477,424
"7305","48257","Kaufman County, Texas","B27001_009",6891,416
"7306","48257","Kaufman County, Texas","B27001_010",5520,452
"7307","48257","Kaufman County, Texas","B27001_011",1371,335
"7308","48257","Kaufman County, Texas","B27001_012",10837,346
"7309","48257","Kaufman County, Texas","B27001_013",8239,525
"7310","48257","Kaufman County, Texas","B27001_014",2598,532
"7311","48257","Kaufman County, Texas","B27001_015",12805,123
"7312","48257","Kaufman County, Texas","B27001_016",9954,462
"7313","48257","Kaufman County, Texas","B27001_017",2851,475
"7314","48257","Kaufman County, Texas","B27001_018",10167,111
"7315","48257","Kaufman County, Texas","B27001_019",8442,369
"7316","48257","Kaufman County, Texas","B27001_020",1725,343
"7317","48257","Kaufman County, Texas","B27001_021",8696,106
"7318","48257","Kaufman County, Texas","B27001_022",7857,272
"7319","48257","Kaufman County, Texas","B27001_023",839,253
"7320","48257","Kaufman County, Texas","B27001_024",5522,98
"7321","48257","Kaufman County, Texas","B27001_025",5481,108
"7322","48257","Kaufman County, Texas","B27001_026",41,32
"7323","48257","Kaufman County, Texas","B27001_027",2642,67
"7324","48257","Kaufman County, Texas","B27001_028",2622,70
"7325","48257","Kaufman County, Texas","B27001_029",20,25
"7326","48257","Kaufman County, Texas","B27001_030",87055,172
"7327","48257","Kaufman County, Texas","B27001_031",7252,310
"7328","48257","Kaufman County, Texas","B27001_032",6678,279
"7329","48257","Kaufman County, Texas","B27001_033",574,219
"7330","48257","Kaufman County, Texas","B27001_034",17809,396
"7331","48257","Kaufman County, Texas","B27001_035",14947,644
"7332","48257","Kaufman County, Texas","B27001_036",2862,476
"7333","48257","Kaufman County, Texas","B27001_037",7453,348
"7334","48257","Kaufman County, Texas","B27001_038",5586,453
"7335","48257","Kaufman County, Texas","B27001_039",1867,412
"7336","48257","Kaufman County, Texas","B27001_040",11995,303
"7337","48257","Kaufman County, Texas","B27001_041",9478,546
"7338","48257","Kaufman County, Texas","B27001_042",2517,531
"7339","48257","Kaufman County, Texas","B27001_043",13467,156
"7340","48257","Kaufman County, Texas","B27001_044",11530,410
"7341","48257","Kaufman County, Texas","B27001_045",1937,384
"7342","48257","Kaufman County, Texas","B27001_046",10278,52
"7343","48257","Kaufman County, Texas","B27001_047",8193,338
"7344","48257","Kaufman County, Texas","B27001_048",2085,338
"7345","48257","Kaufman County, Texas","B27001_049",8994,89
"7346","48257","Kaufman County, Texas","B27001_050",7950,265
"7347","48257","Kaufman County, Texas","B27001_051",1044,265
"7348","48257","Kaufman County, Texas","B27001_052",6179,105
"7349","48257","Kaufman County, Texas","B27001_053",6088,139
"7350","48257","Kaufman County, Texas","B27001_054",91,86
"7351","48257","Kaufman County, Texas","B27001_055",3628,111
"7352","48257","Kaufman County, Texas","B27001_056",3603,115
"7353","48257","Kaufman County, Texas","B27001_057",25,33
"7354","48259","Kendall County, Texas","B27001_001",47855,59
"7355","48259","Kendall County, Texas","B27001_002",23446,243
"7356","48259","Kendall County, Texas","B27001_003",1449,158
"7357","48259","Kendall County, Texas","B27001_004",1393,182
"7358","48259","Kendall County, Texas","B27001_005",56,93
"7359","48259","Kendall County, Texas","B27001_006",4207,290
"7360","48259","Kendall County, Texas","B27001_007",3789,262
"7361","48259","Kendall County, Texas","B27001_008",418,250
"7362","48259","Kendall County, Texas","B27001_009",1874,251
"7363","48259","Kendall County, Texas","B27001_010",1263,321
"7364","48259","Kendall County, Texas","B27001_011",611,291
"7365","48259","Kendall County, Texas","B27001_012",1978,207
"7366","48259","Kendall County, Texas","B27001_013",1683,235
"7367","48259","Kendall County, Texas","B27001_014",295,126
"7368","48259","Kendall County, Texas","B27001_015",3050,90
"7369","48259","Kendall County, Texas","B27001_016",2540,203
"7370","48259","Kendall County, Texas","B27001_017",510,201
"7371","48259","Kendall County, Texas","B27001_018",3167,58
"7372","48259","Kendall County, Texas","B27001_019",2767,252
"7373","48259","Kendall County, Texas","B27001_020",400,252
"7374","48259","Kendall County, Texas","B27001_021",3248,77
"7375","48259","Kendall County, Texas","B27001_022",2828,178
"7376","48259","Kendall County, Texas","B27001_023",420,182
"7377","48259","Kendall County, Texas","B27001_024",2813,144
"7378","48259","Kendall County, Texas","B27001_025",2755,158
"7379","48259","Kendall County, Texas","B27001_026",58,67
"7380","48259","Kendall County, Texas","B27001_027",1660,54
"7381","48259","Kendall County, Texas","B27001_028",1660,54
"7382","48259","Kendall County, Texas","B27001_029",0,31
"7383","48259","Kendall County, Texas","B27001_030",24409,238
"7384","48259","Kendall County, Texas","B27001_031",1365,182
"7385","48259","Kendall County, Texas","B27001_032",1202,227
"7386","48259","Kendall County, Texas","B27001_033",163,116
"7387","48259","Kendall County, Texas","B27001_034",4333,302
"7388","48259","Kendall County, Texas","B27001_035",4105,310
"7389","48259","Kendall County, Texas","B27001_036",228,156
"7390","48259","Kendall County, Texas","B27001_037",1530,226
"7391","48259","Kendall County, Texas","B27001_038",1335,255
"7392","48259","Kendall County, Texas","B27001_039",195,169
"7393","48259","Kendall County, Texas","B27001_040",2293,215
"7394","48259","Kendall County, Texas","B27001_041",1770,342
"7395","48259","Kendall County, Texas","B27001_042",523,253
"7396","48259","Kendall County, Texas","B27001_043",3302,128
"7397","48259","Kendall County, Texas","B27001_044",2914,190
"7398","48259","Kendall County, Texas","B27001_045",388,179
"7399","48259","Kendall County, Texas","B27001_046",3159,95
"7400","48259","Kendall County, Texas","B27001_047",2764,192
"7401","48259","Kendall County, Texas","B27001_048",395,176
"7402","48259","Kendall County, Texas","B27001_049",3383,81
"7403","48259","Kendall County, Texas","B27001_050",2927,232
"7404","48259","Kendall County, Texas","B27001_051",456,204
"7405","48259","Kendall County, Texas","B27001_052",2911,54
"7406","48259","Kendall County, Texas","B27001_053",2868,81
"7407","48259","Kendall County, Texas","B27001_054",43,50
"7408","48259","Kendall County, Texas","B27001_055",2133,85
"7409","48259","Kendall County, Texas","B27001_056",2133,85
"7410","48259","Kendall County, Texas","B27001_057",0,31
"7411","48261","Kenedy County, Texas","B27001_001",145,90
"7412","48261","Kenedy County, Texas","B27001_002",77,49
"7413","48261","Kenedy County, Texas","B27001_003",0,15
"7414","48261","Kenedy County, Texas","B27001_004",0,15
"7415","48261","Kenedy County, Texas","B27001_005",0,15
"7416","48261","Kenedy County, Texas","B27001_006",11,13
"7417","48261","Kenedy County, Texas","B27001_007",4,4
"7418","48261","Kenedy County, Texas","B27001_008",7,13
"7419","48261","Kenedy County, Texas","B27001_009",0,15
"7420","48261","Kenedy County, Texas","B27001_010",0,15
"7421","48261","Kenedy County, Texas","B27001_011",0,15
"7422","48261","Kenedy County, Texas","B27001_012",2,3
"7423","48261","Kenedy County, Texas","B27001_013",2,3
"7424","48261","Kenedy County, Texas","B27001_014",0,15
"7425","48261","Kenedy County, Texas","B27001_015",24,27
"7426","48261","Kenedy County, Texas","B27001_016",12,17
"7427","48261","Kenedy County, Texas","B27001_017",12,19
"7428","48261","Kenedy County, Texas","B27001_018",9,16
"7429","48261","Kenedy County, Texas","B27001_019",9,16
"7430","48261","Kenedy County, Texas","B27001_020",0,15
"7431","48261","Kenedy County, Texas","B27001_021",7,8
"7432","48261","Kenedy County, Texas","B27001_022",7,8
"7433","48261","Kenedy County, Texas","B27001_023",0,15
"7434","48261","Kenedy County, Texas","B27001_024",21,20
"7435","48261","Kenedy County, Texas","B27001_025",21,20
"7436","48261","Kenedy County, Texas","B27001_026",0,15
"7437","48261","Kenedy County, Texas","B27001_027",3,3
"7438","48261","Kenedy County, Texas","B27001_028",3,3
"7439","48261","Kenedy County, Texas","B27001_029",0,15
"7440","48261","Kenedy County, Texas","B27001_030",68,47
"7441","48261","Kenedy County, Texas","B27001_031",0,15
"7442","48261","Kenedy County, Texas","B27001_032",0,15
"7443","48261","Kenedy County, Texas","B27001_033",0,15
"7444","48261","Kenedy County, Texas","B27001_034",11,16
"7445","48261","Kenedy County, Texas","B27001_035",1,3
"7446","48261","Kenedy County, Texas","B27001_036",10,16
"7447","48261","Kenedy County, Texas","B27001_037",0,15
"7448","48261","Kenedy County, Texas","B27001_038",0,15
"7449","48261","Kenedy County, Texas","B27001_039",0,15
"7450","48261","Kenedy County, Texas","B27001_040",7,9
"7451","48261","Kenedy County, Texas","B27001_041",7,9
"7452","48261","Kenedy County, Texas","B27001_042",0,15
"7453","48261","Kenedy County, Texas","B27001_043",10,13
"7454","48261","Kenedy County, Texas","B27001_044",3,6
"7455","48261","Kenedy County, Texas","B27001_045",7,12
"7456","48261","Kenedy County, Texas","B27001_046",0,15
"7457","48261","Kenedy County, Texas","B27001_047",0,15
"7458","48261","Kenedy County, Texas","B27001_048",0,15
"7459","48261","Kenedy County, Texas","B27001_049",7,8
"7460","48261","Kenedy County, Texas","B27001_050",7,8
"7461","48261","Kenedy County, Texas","B27001_051",0,15
"7462","48261","Kenedy County, Texas","B27001_052",24,30
"7463","48261","Kenedy County, Texas","B27001_053",24,30
"7464","48261","Kenedy County, Texas","B27001_054",0,15
"7465","48261","Kenedy County, Texas","B27001_055",9,11
"7466","48261","Kenedy County, Texas","B27001_056",9,11
"7467","48261","Kenedy County, Texas","B27001_057",0,15
"7468","48263","Kent County, Texas","B27001_001",680,117
"7469","48263","Kent County, Texas","B27001_002",379,81
"7470","48263","Kent County, Texas","B27001_003",13,18
"7471","48263","Kent County, Texas","B27001_004",13,18
"7472","48263","Kent County, Texas","B27001_005",0,15
"7473","48263","Kent County, Texas","B27001_006",75,49
"7474","48263","Kent County, Texas","B27001_007",75,49
"7475","48263","Kent County, Texas","B27001_008",0,15
"7476","48263","Kent County, Texas","B27001_009",21,20
"7477","48263","Kent County, Texas","B27001_010",21,20
"7478","48263","Kent County, Texas","B27001_011",0,15
"7479","48263","Kent County, Texas","B27001_012",27,27
"7480","48263","Kent County, Texas","B27001_013",27,27
"7481","48263","Kent County, Texas","B27001_014",0,15
"7482","48263","Kent County, Texas","B27001_015",53,36
"7483","48263","Kent County, Texas","B27001_016",53,36
"7484","48263","Kent County, Texas","B27001_017",0,15
"7485","48263","Kent County, Texas","B27001_018",24,20
"7486","48263","Kent County, Texas","B27001_019",13,12
"7487","48263","Kent County, Texas","B27001_020",11,18
"7488","48263","Kent County, Texas","B27001_021",96,42
"7489","48263","Kent County, Texas","B27001_022",87,42
"7490","48263","Kent County, Texas","B27001_023",9,15
"7491","48263","Kent County, Texas","B27001_024",56,26
"7492","48263","Kent County, Texas","B27001_025",56,26
"7493","48263","Kent County, Texas","B27001_026",0,15
"7494","48263","Kent County, Texas","B27001_027",14,14
"7495","48263","Kent County, Texas","B27001_028",14,14
"7496","48263","Kent County, Texas","B27001_029",0,15
"7497","48263","Kent County, Texas","B27001_030",301,70
"7498","48263","Kent County, Texas","B27001_031",4,5
"7499","48263","Kent County, Texas","B27001_032",4,5
"7500","48263","Kent County, Texas","B27001_033",0,15
"7501","48263","Kent County, Texas","B27001_034",5,8
"7502","48263","Kent County, Texas","B27001_035",4,7
"7503","48263","Kent County, Texas","B27001_036",1,2
"7504","48263","Kent County, Texas","B27001_037",11,13
"7505","48263","Kent County, Texas","B27001_038",11,13
"7506","48263","Kent County, Texas","B27001_039",0,15
"7507","48263","Kent County, Texas","B27001_040",17,17
"7508","48263","Kent County, Texas","B27001_041",17,17
"7509","48263","Kent County, Texas","B27001_042",0,15
"7510","48263","Kent County, Texas","B27001_043",21,15
"7511","48263","Kent County, Texas","B27001_044",21,15
"7512","48263","Kent County, Texas","B27001_045",0,15
"7513","48263","Kent County, Texas","B27001_046",14,9
"7514","48263","Kent County, Texas","B27001_047",14,9
"7515","48263","Kent County, Texas","B27001_048",0,15
"7516","48263","Kent County, Texas","B27001_049",74,31
"7517","48263","Kent County, Texas","B27001_050",69,29
"7518","48263","Kent County, Texas","B27001_051",5,6
"7519","48263","Kent County, Texas","B27001_052",71,34
"7520","48263","Kent County, Texas","B27001_053",71,34
"7521","48263","Kent County, Texas","B27001_054",0,15
"7522","48263","Kent County, Texas","B27001_055",84,50
"7523","48263","Kent County, Texas","B27001_056",84,50
"7524","48263","Kent County, Texas","B27001_057",0,15
"7525","48265","Kerr County, Texas","B27001_001",52387,72
"7526","48265","Kerr County, Texas","B27001_002",25354,148
"7527","48265","Kerr County, Texas","B27001_003",1473,119
"7528","48265","Kerr County, Texas","B27001_004",1148,190
"7529","48265","Kerr County, Texas","B27001_005",325,155
"7530","48265","Kerr County, Texas","B27001_006",3739,192
"7531","48265","Kerr County, Texas","B27001_007",2985,336
"7532","48265","Kerr County, Texas","B27001_008",754,281
"7533","48265","Kerr County, Texas","B27001_009",2019,134
"7534","48265","Kerr County, Texas","B27001_010",1496,170
"7535","48265","Kerr County, Texas","B27001_011",523,173
"7536","48265","Kerr County, Texas","B27001_012",2372,202
"7537","48265","Kerr County, Texas","B27001_013",1463,220
"7538","48265","Kerr County, Texas","B27001_014",909,225
"7539","48265","Kerr County, Texas","B27001_015",2595,77
"7540","48265","Kerr County, Texas","B27001_016",1974,191
"7541","48265","Kerr County, Texas","B27001_017",621,174
"7542","48265","Kerr County, Texas","B27001_018",2631,71
"7543","48265","Kerr County, Texas","B27001_019",1611,246
"7544","48265","Kerr County, Texas","B27001_020",1020,239
"7545","48265","Kerr County, Texas","B27001_021",3524,85
"7546","48265","Kerr County, Texas","B27001_022",3064,172
"7547","48265","Kerr County, Texas","B27001_023",460,153
"7548","48265","Kerr County, Texas","B27001_024",3764,83
"7549","48265","Kerr County, Texas","B27001_025",3752,82
"7550","48265","Kerr County, Texas","B27001_026",12,12
"7551","48265","Kerr County, Texas","B27001_027",3237,90
"7552","48265","Kerr County, Texas","B27001_028",3237,90
"7553","48265","Kerr County, Texas","B27001_029",0,35
"7554","48265","Kerr County, Texas","B27001_030",27033,136
"7555","48265","Kerr County, Texas","B27001_031",1559,148
"7556","48265","Kerr County, Texas","B27001_032",1265,176
"7557","48265","Kerr County, Texas","B27001_033",294,134
"7558","48265","Kerr County, Texas","B27001_034",3498,220
"7559","48265","Kerr County, Texas","B27001_035",2854,341
"7560","48265","Kerr County, Texas","B27001_036",644,277
"7561","48265","Kerr County, Texas","B27001_037",1842,156
"7562","48265","Kerr County, Texas","B27001_038",1423,196
"7563","48265","Kerr County, Texas","B27001_039",419,167
"7564","48265","Kerr County, Texas","B27001_040",2572,108
"7565","48265","Kerr County, Texas","B27001_041",1873,209
"7566","48265","Kerr County, Texas","B27001_042",699,191
"7567","48265","Kerr County, Texas","B27001_043",2668,36
"7568","48265","Kerr County, Texas","B27001_044",1879,227
"7569","48265","Kerr County, Texas","B27001_045",789,224
"7570","48265","Kerr County, Texas","B27001_046",2886,61
"7571","48265","Kerr County, Texas","B27001_047",2004,244
"7572","48265","Kerr County, Texas","B27001_048",882,253
"7573","48265","Kerr County, Texas","B27001_049",3985,57
"7574","48265","Kerr County, Texas","B27001_050",3329,185
"7575","48265","Kerr County, Texas","B27001_051",656,189
"7576","48265","Kerr County, Texas","B27001_052",4366,104
"7577","48265","Kerr County, Texas","B27001_053",4334,109
"7578","48265","Kerr County, Texas","B27001_054",32,34
"7579","48265","Kerr County, Texas","B27001_055",3657,88
"7580","48265","Kerr County, Texas","B27001_056",3643,90
"7581","48265","Kerr County, Texas","B27001_057",14,20
"7582","48267","Kimble County, Texas","B27001_001",4349,40
"7583","48267","Kimble County, Texas","B27001_002",2121,136
"7584","48267","Kimble County, Texas","B27001_003",73,42
"7585","48267","Kimble County, Texas","B27001_004",73,42
"7586","48267","Kimble County, Texas","B27001_005",0,15
"7587","48267","Kimble County, Texas","B27001_006",300,115
"7588","48267","Kimble County, Texas","B27001_007",292,116
"7589","48267","Kimble County, Texas","B27001_008",8,15
"7590","48267","Kimble County, Texas","B27001_009",147,68
"7591","48267","Kimble County, Texas","B27001_010",54,32
"7592","48267","Kimble County, Texas","B27001_011",93,61
"7593","48267","Kimble County, Texas","B27001_012",198,70
"7594","48267","Kimble County, Texas","B27001_013",140,65
"7595","48267","Kimble County, Texas","B27001_014",58,47
"7596","48267","Kimble County, Texas","B27001_015",243,89
"7597","48267","Kimble County, Texas","B27001_016",205,87
"7598","48267","Kimble County, Texas","B27001_017",38,30
"7599","48267","Kimble County, Texas","B27001_018",244,88
"7600","48267","Kimble County, Texas","B27001_019",160,75
"7601","48267","Kimble County, Texas","B27001_020",84,55
"7602","48267","Kimble County, Texas","B27001_021",293,99
"7603","48267","Kimble County, Texas","B27001_022",238,100
"7604","48267","Kimble County, Texas","B27001_023",55,51
"7605","48267","Kimble County, Texas","B27001_024",418,71
"7606","48267","Kimble County, Texas","B27001_025",418,71
"7607","48267","Kimble County, Texas","B27001_026",0,15
"7608","48267","Kimble County, Texas","B27001_027",205,74
"7609","48267","Kimble County, Texas","B27001_028",205,74
"7610","48267","Kimble County, Texas","B27001_029",0,15
"7611","48267","Kimble County, Texas","B27001_030",2228,134
"7612","48267","Kimble County, Texas","B27001_031",144,59
"7613","48267","Kimble County, Texas","B27001_032",133,58
"7614","48267","Kimble County, Texas","B27001_033",11,18
"7615","48267","Kimble County, Texas","B27001_034",243,109
"7616","48267","Kimble County, Texas","B27001_035",237,107
"7617","48267","Kimble County, Texas","B27001_036",6,9
"7618","48267","Kimble County, Texas","B27001_037",167,69
"7619","48267","Kimble County, Texas","B27001_038",111,65
"7620","48267","Kimble County, Texas","B27001_039",56,57
"7621","48267","Kimble County, Texas","B27001_040",163,74
"7622","48267","Kimble County, Texas","B27001_041",115,69
"7623","48267","Kimble County, Texas","B27001_042",48,43
"7624","48267","Kimble County, Texas","B27001_043",265,86
"7625","48267","Kimble County, Texas","B27001_044",190,75
"7626","48267","Kimble County, Texas","B27001_045",75,69
"7627","48267","Kimble County, Texas","B27001_046",271,76
"7628","48267","Kimble County, Texas","B27001_047",240,78
"7629","48267","Kimble County, Texas","B27001_048",31,33
"7630","48267","Kimble County, Texas","B27001_049",227,86
"7631","48267","Kimble County, Texas","B27001_050",213,84
"7632","48267","Kimble County, Texas","B27001_051",14,21
"7633","48267","Kimble County, Texas","B27001_052",471,55
"7634","48267","Kimble County, Texas","B27001_053",453,51
"7635","48267","Kimble County, Texas","B27001_054",18,20
"7636","48267","Kimble County, Texas","B27001_055",277,73
"7637","48267","Kimble County, Texas","B27001_056",277,73
"7638","48267","Kimble County, Texas","B27001_057",0,15
"7639","48269","King County, Texas","B27001_001",211,83
"7640","48269","King County, Texas","B27001_002",103,47
"7641","48269","King County, Texas","B27001_003",9,11
"7642","48269","King County, Texas","B27001_004",9,11
"7643","48269","King County, Texas","B27001_005",0,15
"7644","48269","King County, Texas","B27001_006",11,9
"7645","48269","King County, Texas","B27001_007",11,9
"7646","48269","King County, Texas","B27001_008",0,15
"7647","48269","King County, Texas","B27001_009",0,15
"7648","48269","King County, Texas","B27001_010",0,15
"7649","48269","King County, Texas","B27001_011",0,15
"7650","48269","King County, Texas","B27001_012",13,20
"7651","48269","King County, Texas","B27001_013",13,20
"7652","48269","King County, Texas","B27001_014",0,15
"7653","48269","King County, Texas","B27001_015",16,17
"7654","48269","King County, Texas","B27001_016",2,3
"7655","48269","King County, Texas","B27001_017",14,17
"7656","48269","King County, Texas","B27001_018",16,19
"7657","48269","King County, Texas","B27001_019",16,19
"7658","48269","King County, Texas","B27001_020",0,15
"7659","48269","King County, Texas","B27001_021",5,4
"7660","48269","King County, Texas","B27001_022",5,4
"7661","48269","King County, Texas","B27001_023",0,15
"7662","48269","King County, Texas","B27001_024",26,14
"7663","48269","King County, Texas","B27001_025",26,14
"7664","48269","King County, Texas","B27001_026",0,15
"7665","48269","King County, Texas","B27001_027",7,6
"7666","48269","King County, Texas","B27001_028",7,6
"7667","48269","King County, Texas","B27001_029",0,15
"7668","48269","King County, Texas","B27001_030",108,44
"7669","48269","King County, Texas","B27001_031",7,7
"7670","48269","King County, Texas","B27001_032",7,7
"7671","48269","King County, Texas","B27001_033",0,15
"7672","48269","King County, Texas","B27001_034",4,7
"7673","48269","King County, Texas","B27001_035",4,7
"7674","48269","King County, Texas","B27001_036",0,15
"7675","48269","King County, Texas","B27001_037",0,15
"7676","48269","King County, Texas","B27001_038",0,15
"7677","48269","King County, Texas","B27001_039",0,15
"7678","48269","King County, Texas","B27001_040",33,31
"7679","48269","King County, Texas","B27001_041",33,31
"7680","48269","King County, Texas","B27001_042",0,15
"7681","48269","King County, Texas","B27001_043",8,12
"7682","48269","King County, Texas","B27001_044",8,12
"7683","48269","King County, Texas","B27001_045",0,15
"7684","48269","King County, Texas","B27001_046",1,3
"7685","48269","King County, Texas","B27001_047",1,3
"7686","48269","King County, Texas","B27001_048",0,15
"7687","48269","King County, Texas","B27001_049",23,16
"7688","48269","King County, Texas","B27001_050",21,16
"7689","48269","King County, Texas","B27001_051",2,2
"7690","48269","King County, Texas","B27001_052",17,13
"7691","48269","King County, Texas","B27001_053",17,13
"7692","48269","King County, Texas","B27001_054",0,15
"7693","48269","King County, Texas","B27001_055",15,16
"7694","48269","King County, Texas","B27001_056",15,16
"7695","48269","King County, Texas","B27001_057",0,15
"7696","48271","Kinney County, Texas","B27001_001",2814,14
"7697","48271","Kinney County, Texas","B27001_002",1521,177
"7698","48271","Kinney County, Texas","B27001_003",85,82
"7699","48271","Kinney County, Texas","B27001_004",42,60
"7700","48271","Kinney County, Texas","B27001_005",43,60
"7701","48271","Kinney County, Texas","B27001_006",38,56
"7702","48271","Kinney County, Texas","B27001_007",38,56
"7703","48271","Kinney County, Texas","B27001_008",0,15
"7704","48271","Kinney County, Texas","B27001_009",100,114
"7705","48271","Kinney County, Texas","B27001_010",51,79
"7706","48271","Kinney County, Texas","B27001_011",49,83
"7707","48271","Kinney County, Texas","B27001_012",232,118
"7708","48271","Kinney County, Texas","B27001_013",208,127
"7709","48271","Kinney County, Texas","B27001_014",24,47
"7710","48271","Kinney County, Texas","B27001_015",153,117
"7711","48271","Kinney County, Texas","B27001_016",0,15
"7712","48271","Kinney County, Texas","B27001_017",153,117
"7713","48271","Kinney County, Texas","B27001_018",321,194
"7714","48271","Kinney County, Texas","B27001_019",277,210
"7715","48271","Kinney County, Texas","B27001_020",44,82
"7716","48271","Kinney County, Texas","B27001_021",208,75
"7717","48271","Kinney County, Texas","B27001_022",194,74
"7718","48271","Kinney County, Texas","B27001_023",14,19
"7719","48271","Kinney County, Texas","B27001_024",135,97
"7720","48271","Kinney County, Texas","B27001_025",135,97
"7721","48271","Kinney County, Texas","B27001_026",0,15
"7722","48271","Kinney County, Texas","B27001_027",249,94
"7723","48271","Kinney County, Texas","B27001_028",249,94
"7724","48271","Kinney County, Texas","B27001_029",0,15
"7725","48271","Kinney County, Texas","B27001_030",1293,177
"7726","48271","Kinney County, Texas","B27001_031",66,78
"7727","48271","Kinney County, Texas","B27001_032",66,78
"7728","48271","Kinney County, Texas","B27001_033",0,15
"7729","48271","Kinney County, Texas","B27001_034",71,57
"7730","48271","Kinney County, Texas","B27001_035",57,54
"7731","48271","Kinney County, Texas","B27001_036",14,19
"7732","48271","Kinney County, Texas","B27001_037",239,188
"7733","48271","Kinney County, Texas","B27001_038",31,48
"7734","48271","Kinney County, Texas","B27001_039",208,201
"7735","48271","Kinney County, Texas","B27001_040",33,46
"7736","48271","Kinney County, Texas","B27001_041",33,46
"7737","48271","Kinney County, Texas","B27001_042",0,15
"7738","48271","Kinney County, Texas","B27001_043",77,73
"7739","48271","Kinney County, Texas","B27001_044",77,73
"7740","48271","Kinney County, Texas","B27001_045",0,15
"7741","48271","Kinney County, Texas","B27001_046",227,93
"7742","48271","Kinney County, Texas","B27001_047",164,91
"7743","48271","Kinney County, Texas","B27001_048",63,52
"7744","48271","Kinney County, Texas","B27001_049",128,49
"7745","48271","Kinney County, Texas","B27001_050",128,49
"7746","48271","Kinney County, Texas","B27001_051",0,15
"7747","48271","Kinney County, Texas","B27001_052",276,109
"7748","48271","Kinney County, Texas","B27001_053",276,109
"7749","48271","Kinney County, Texas","B27001_054",0,15
"7750","48271","Kinney County, Texas","B27001_055",176,95
"7751","48271","Kinney County, Texas","B27001_056",176,95
"7752","48271","Kinney County, Texas","B27001_057",0,15
"7753","48273","Kleberg County, Texas","B27001_001",29929,99
"7754","48273","Kleberg County, Texas","B27001_002",14756,152
"7755","48273","Kleberg County, Texas","B27001_003",1235,123
"7756","48273","Kleberg County, Texas","B27001_004",1187,152
"7757","48273","Kleberg County, Texas","B27001_005",48,75
"7758","48273","Kleberg County, Texas","B27001_006",2727,212
"7759","48273","Kleberg County, Texas","B27001_007",2534,205
"7760","48273","Kleberg County, Texas","B27001_008",193,136
"7761","48273","Kleberg County, Texas","B27001_009",2852,226
"7762","48273","Kleberg County, Texas","B27001_010",1791,417
"7763","48273","Kleberg County, Texas","B27001_011",1061,370
"7764","48273","Kleberg County, Texas","B27001_012",1594,154
"7765","48273","Kleberg County, Texas","B27001_013",1176,161
"7766","48273","Kleberg County, Texas","B27001_014",418,155
"7767","48273","Kleberg County, Texas","B27001_015",1827,141
"7768","48273","Kleberg County, Texas","B27001_016",1483,203
"7769","48273","Kleberg County, Texas","B27001_017",344,148
"7770","48273","Kleberg County, Texas","B27001_018",1336,20
"7771","48273","Kleberg County, Texas","B27001_019",1082,132
"7772","48273","Kleberg County, Texas","B27001_020",254,131
"7773","48273","Kleberg County, Texas","B27001_021",1408,90
"7774","48273","Kleberg County, Texas","B27001_022",1107,174
"7775","48273","Kleberg County, Texas","B27001_023",301,146
"7776","48273","Kleberg County, Texas","B27001_024",1042,39
"7777","48273","Kleberg County, Texas","B27001_025",1042,39
"7778","48273","Kleberg County, Texas","B27001_026",0,31
"7779","48273","Kleberg County, Texas","B27001_027",735,32
"7780","48273","Kleberg County, Texas","B27001_028",735,32
"7781","48273","Kleberg County, Texas","B27001_029",0,31
"7782","48273","Kleberg County, Texas","B27001_030",15173,164
"7783","48273","Kleberg County, Texas","B27001_031",1315,173
"7784","48273","Kleberg County, Texas","B27001_032",1298,178
"7785","48273","Kleberg County, Texas","B27001_033",17,28
"7786","48273","Kleberg County, Texas","B27001_034",2697,234
"7787","48273","Kleberg County, Texas","B27001_035",2550,210
"7788","48273","Kleberg County, Texas","B27001_036",147,88
"7789","48273","Kleberg County, Texas","B27001_037",3152,261
"7790","48273","Kleberg County, Texas","B27001_038",2116,494
"7791","48273","Kleberg County, Texas","B27001_039",1036,433
"7792","48273","Kleberg County, Texas","B27001_040",1556,183
"7793","48273","Kleberg County, Texas","B27001_041",1230,226
"7794","48273","Kleberg County, Texas","B27001_042",326,180
"7795","48273","Kleberg County, Texas","B27001_043",1683,145
"7796","48273","Kleberg County, Texas","B27001_044",1421,187
"7797","48273","Kleberg County, Texas","B27001_045",262,161
"7798","48273","Kleberg County, Texas","B27001_046",1360,129
"7799","48273","Kleberg County, Texas","B27001_047",1149,142
"7800","48273","Kleberg County, Texas","B27001_048",211,94
"7801","48273","Kleberg County, Texas","B27001_049",1302,55
"7802","48273","Kleberg County, Texas","B27001_050",1080,102
"7803","48273","Kleberg County, Texas","B27001_051",222,95
"7804","48273","Kleberg County, Texas","B27001_052",1175,48
"7805","48273","Kleberg County, Texas","B27001_053",1165,49
"7806","48273","Kleberg County, Texas","B27001_054",10,17
"7807","48273","Kleberg County, Texas","B27001_055",933,26
"7808","48273","Kleberg County, Texas","B27001_056",933,26
"7809","48273","Kleberg County, Texas","B27001_057",0,31
"7810","48275","Knox County, Texas","B27001_001",3189,16
"7811","48275","Knox County, Texas","B27001_002",1578,60
"7812","48275","Knox County, Texas","B27001_003",113,52
"7813","48275","Knox County, Texas","B27001_004",98,48
"7814","48275","Knox County, Texas","B27001_005",15,13
"7815","48275","Knox County, Texas","B27001_006",364,73
"7816","48275","Knox County, Texas","B27001_007",267,67
"7817","48275","Knox County, Texas","B27001_008",97,67
"7818","48275","Knox County, Texas","B27001_009",128,24
"7819","48275","Knox County, Texas","B27001_010",115,23
"7820","48275","Knox County, Texas","B27001_011",13,11
"7821","48275","Knox County, Texas","B27001_012",105,38
"7822","48275","Knox County, Texas","B27001_013",46,23
"7823","48275","Knox County, Texas","B27001_014",59,34
"7824","48275","Knox County, Texas","B27001_015",182,50
"7825","48275","Knox County, Texas","B27001_016",130,42
"7826","48275","Knox County, Texas","B27001_017",52,25
"7827","48275","Knox County, Texas","B27001_018",205,49
"7828","48275","Knox County, Texas","B27001_019",168,52
"7829","48275","Knox County, Texas","B27001_020",37,23
"7830","48275","Knox County, Texas","B27001_021",264,24
"7831","48275","Knox County, Texas","B27001_022",239,29
"7832","48275","Knox County, Texas","B27001_023",25,24
"7833","48275","Knox County, Texas","B27001_024",146,18
"7834","48275","Knox County, Texas","B27001_025",139,17
"7835","48275","Knox County, Texas","B27001_026",7,9
"7836","48275","Knox County, Texas","B27001_027",71,38
"7837","48275","Knox County, Texas","B27001_028",71,38
"7838","48275","Knox County, Texas","B27001_029",0,15
"7839","48275","Knox County, Texas","B27001_030",1611,61
"7840","48275","Knox County, Texas","B27001_031",99,49
"7841","48275","Knox County, Texas","B27001_032",99,49
"7842","48275","Knox County, Texas","B27001_033",0,15
"7843","48275","Knox County, Texas","B27001_034",318,39
"7844","48275","Knox County, Texas","B27001_035",303,41
"7845","48275","Knox County, Texas","B27001_036",15,12
"7846","48275","Knox County, Texas","B27001_037",76,37
"7847","48275","Knox County, Texas","B27001_038",36,29
"7848","48275","Knox County, Texas","B27001_039",40,26
"7849","48275","Knox County, Texas","B27001_040",130,35
"7850","48275","Knox County, Texas","B27001_041",68,35
"7851","48275","Knox County, Texas","B27001_042",62,27
"7852","48275","Knox County, Texas","B27001_043",245,50
"7853","48275","Knox County, Texas","B27001_044",190,50
"7854","48275","Knox County, Texas","B27001_045",55,34
"7855","48275","Knox County, Texas","B27001_046",201,45
"7856","48275","Knox County, Texas","B27001_047",143,37
"7857","48275","Knox County, Texas","B27001_048",58,36
"7858","48275","Knox County, Texas","B27001_049",227,32
"7859","48275","Knox County, Texas","B27001_050",198,36
"7860","48275","Knox County, Texas","B27001_051",29,22
"7861","48275","Knox County, Texas","B27001_052",168,33
"7862","48275","Knox County, Texas","B27001_053",166,32
"7863","48275","Knox County, Texas","B27001_054",2,4
"7864","48275","Knox County, Texas","B27001_055",147,39
"7865","48275","Knox County, Texas","B27001_056",147,39
"7866","48275","Knox County, Texas","B27001_057",0,15
"7867","48277","Lamar County, Texas","B27001_001",50139,31
"7868","48277","Lamar County, Texas","B27001_002",24368,206
"7869","48277","Lamar County, Texas","B27001_003",2077,239
"7870","48277","Lamar County, Texas","B27001_004",1796,246
"7871","48277","Lamar County, Texas","B27001_005",281,167
"7872","48277","Lamar County, Texas","B27001_006",4540,239
"7873","48277","Lamar County, Texas","B27001_007",3911,272
"7874","48277","Lamar County, Texas","B27001_008",629,190
"7875","48277","Lamar County, Texas","B27001_009",1650,171
"7876","48277","Lamar County, Texas","B27001_010",1161,184
"7877","48277","Lamar County, Texas","B27001_011",489,190
"7878","48277","Lamar County, Texas","B27001_012",3220,188
"7879","48277","Lamar County, Texas","B27001_013",1629,284
"7880","48277","Lamar County, Texas","B27001_014",1591,341
"7881","48277","Lamar County, Texas","B27001_015",2444,173
"7882","48277","Lamar County, Texas","B27001_016",1793,205
"7883","48277","Lamar County, Texas","B27001_017",651,249
"7884","48277","Lamar County, Texas","B27001_018",3098,204
"7885","48277","Lamar County, Texas","B27001_019",2355,292
"7886","48277","Lamar County, Texas","B27001_020",743,280
"7887","48277","Lamar County, Texas","B27001_021",2943,86
"7888","48277","Lamar County, Texas","B27001_022",2600,146
"7889","48277","Lamar County, Texas","B27001_023",343,129
"7890","48277","Lamar County, Texas","B27001_024",2806,114
"7891","48277","Lamar County, Texas","B27001_025",2802,116
"7892","48277","Lamar County, Texas","B27001_026",4,10
"7893","48277","Lamar County, Texas","B27001_027",1590,70
"7894","48277","Lamar County, Texas","B27001_028",1590,70
"7895","48277","Lamar County, Texas","B27001_029",0,35
"7896","48277","Lamar County, Texas","B27001_030",25771,202
"7897","48277","Lamar County, Texas","B27001_031",2038,230
"7898","48277","Lamar County, Texas","B27001_032",1771,226
"7899","48277","Lamar County, Texas","B27001_033",267,103
"7900","48277","Lamar County, Texas","B27001_034",4003,196
"7901","48277","Lamar County, Texas","B27001_035",3048,303
"7902","48277","Lamar County, Texas","B27001_036",955,269
"7903","48277","Lamar County, Texas","B27001_037",2246,176
"7904","48277","Lamar County, Texas","B27001_038",1869,231
"7905","48277","Lamar County, Texas","B27001_039",377,184
"7906","48277","Lamar County, Texas","B27001_040",2859,172
"7907","48277","Lamar County, Texas","B27001_041",1555,222
"7908","48277","Lamar County, Texas","B27001_042",1304,265
"7909","48277","Lamar County, Texas","B27001_043",3036,120
"7910","48277","Lamar County, Texas","B27001_044",2019,277
"7911","48277","Lamar County, Texas","B27001_045",1017,251
"7912","48277","Lamar County, Texas","B27001_046",3072,50
"7913","48277","Lamar County, Texas","B27001_047",2487,220
"7914","48277","Lamar County, Texas","B27001_048",585,209
"7915","48277","Lamar County, Texas","B27001_049",3282,101
"7916","48277","Lamar County, Texas","B27001_050",2861,147
"7917","48277","Lamar County, Texas","B27001_051",421,144
"7918","48277","Lamar County, Texas","B27001_052",2990,127
"7919","48277","Lamar County, Texas","B27001_053",2979,125
"7920","48277","Lamar County, Texas","B27001_054",11,23
"7921","48277","Lamar County, Texas","B27001_055",2245,137
"7922","48277","Lamar County, Texas","B27001_056",2235,135
"7923","48277","Lamar County, Texas","B27001_057",10,14
"7924","48279","Lamb County, Texas","B27001_001",12628,14
"7925","48279","Lamb County, Texas","B27001_002",6423,104
"7926","48279","Lamb County, Texas","B27001_003",529,105
"7927","48279","Lamb County, Texas","B27001_004",465,116
"7928","48279","Lamb County, Texas","B27001_005",64,45
"7929","48279","Lamb County, Texas","B27001_006",1437,62
"7930","48279","Lamb County, Texas","B27001_007",1222,110
"7931","48279","Lamb County, Texas","B27001_008",215,78
"7932","48279","Lamb County, Texas","B27001_009",567,60
"7933","48279","Lamb County, Texas","B27001_010",276,122
"7934","48279","Lamb County, Texas","B27001_011",291,126
"7935","48279","Lamb County, Texas","B27001_012",645,58
"7936","48279","Lamb County, Texas","B27001_013",285,90
"7937","48279","Lamb County, Texas","B27001_014",360,82
"7938","48279","Lamb County, Texas","B27001_015",766,80
"7939","48279","Lamb County, Texas","B27001_016",422,101
"7940","48279","Lamb County, Texas","B27001_017",344,84
"7941","48279","Lamb County, Texas","B27001_018",697,80
"7942","48279","Lamb County, Texas","B27001_019",460,107
"7943","48279","Lamb County, Texas","B27001_020",237,73
"7944","48279","Lamb County, Texas","B27001_021",808,60
"7945","48279","Lamb County, Texas","B27001_022",654,85
"7946","48279","Lamb County, Texas","B27001_023",154,73
"7947","48279","Lamb County, Texas","B27001_024",569,85
"7948","48279","Lamb County, Texas","B27001_025",562,86
"7949","48279","Lamb County, Texas","B27001_026",7,10
"7950","48279","Lamb County, Texas","B27001_027",405,85
"7951","48279","Lamb County, Texas","B27001_028",405,85
"7952","48279","Lamb County, Texas","B27001_029",0,23
"7953","48279","Lamb County, Texas","B27001_030",6205,107
"7954","48279","Lamb County, Texas","B27001_031",507,88
"7955","48279","Lamb County, Texas","B27001_032",374,110
"7956","48279","Lamb County, Texas","B27001_033",133,71
"7957","48279","Lamb County, Texas","B27001_034",1198,104
"7958","48279","Lamb County, Texas","B27001_035",991,133
"7959","48279","Lamb County, Texas","B27001_036",207,93
"7960","48279","Lamb County, Texas","B27001_037",577,87
"7961","48279","Lamb County, Texas","B27001_038",310,101
"7962","48279","Lamb County, Texas","B27001_039",267,96
"7963","48279","Lamb County, Texas","B27001_040",586,44
"7964","48279","Lamb County, Texas","B27001_041",318,70
"7965","48279","Lamb County, Texas","B27001_042",268,67
"7966","48279","Lamb County, Texas","B27001_043",773,15
"7967","48279","Lamb County, Texas","B27001_044",460,85
"7968","48279","Lamb County, Texas","B27001_045",313,83
"7969","48279","Lamb County, Texas","B27001_046",691,45
"7970","48279","Lamb County, Texas","B27001_047",506,85
"7971","48279","Lamb County, Texas","B27001_048",185,77
"7972","48279","Lamb County, Texas","B27001_049",783,27
"7973","48279","Lamb County, Texas","B27001_050",675,53
"7974","48279","Lamb County, Texas","B27001_051",108,45
"7975","48279","Lamb County, Texas","B27001_052",638,68
"7976","48279","Lamb County, Texas","B27001_053",625,68
"7977","48279","Lamb County, Texas","B27001_054",13,18
"7978","48279","Lamb County, Texas","B27001_055",452,51
"7979","48279","Lamb County, Texas","B27001_056",452,51
"7980","48279","Lamb County, Texas","B27001_057",0,23
"7981","48281","Lampasas County, Texas","B27001_001",22293,93
"7982","48281","Lampasas County, Texas","B27001_002",11043,124
"7983","48281","Lampasas County, Texas","B27001_003",725,106
"7984","48281","Lampasas County, Texas","B27001_004",677,116
"7985","48281","Lampasas County, Texas","B27001_005",48,54
"7986","48281","Lampasas County, Texas","B27001_006",2004,175
"7987","48281","Lampasas County, Texas","B27001_007",1814,194
"7988","48281","Lampasas County, Texas","B27001_008",190,105
"7989","48281","Lampasas County, Texas","B27001_009",658,162
"7990","48281","Lampasas County, Texas","B27001_010",548,163
"7991","48281","Lampasas County, Texas","B27001_011",110,73
"7992","48281","Lampasas County, Texas","B27001_012",955,85
"7993","48281","Lampasas County, Texas","B27001_013",696,123
"7994","48281","Lampasas County, Texas","B27001_014",259,121
"7995","48281","Lampasas County, Texas","B27001_015",1332,109
"7996","48281","Lampasas County, Texas","B27001_016",876,192
"7997","48281","Lampasas County, Texas","B27001_017",456,176
"7998","48281","Lampasas County, Texas","B27001_018",1424,90
"7999","48281","Lampasas County, Texas","B27001_019",1312,109
"8000","48281","Lampasas County, Texas","B27001_020",112,56
"8001","48281","Lampasas County, Texas","B27001_021",1722,79
"8002","48281","Lampasas County, Texas","B27001_022",1454,148
"8003","48281","Lampasas County, Texas","B27001_023",268,128
"8004","48281","Lampasas County, Texas","B27001_024",1302,84
"8005","48281","Lampasas County, Texas","B27001_025",1302,84
"8006","48281","Lampasas County, Texas","B27001_026",0,28
"8007","48281","Lampasas County, Texas","B27001_027",921,95
"8008","48281","Lampasas County, Texas","B27001_028",921,95
"8009","48281","Lampasas County, Texas","B27001_029",0,28
"8010","48281","Lampasas County, Texas","B27001_030",11250,136
"8011","48281","Lampasas County, Texas","B27001_031",740,152
"8012","48281","Lampasas County, Texas","B27001_032",720,159
"8013","48281","Lampasas County, Texas","B27001_033",20,25
"8014","48281","Lampasas County, Texas","B27001_034",1871,165
"8015","48281","Lampasas County, Texas","B27001_035",1718,185
"8016","48281","Lampasas County, Texas","B27001_036",153,89
"8017","48281","Lampasas County, Texas","B27001_037",694,89
"8018","48281","Lampasas County, Texas","B27001_038",529,105
"8019","48281","Lampasas County, Texas","B27001_039",165,71
"8020","48281","Lampasas County, Texas","B27001_040",977,103
"8021","48281","Lampasas County, Texas","B27001_041",725,121
"8022","48281","Lampasas County, Texas","B27001_042",252,92
"8023","48281","Lampasas County, Texas","B27001_043",1403,94
"8024","48281","Lampasas County, Texas","B27001_044",1160,112
"8025","48281","Lampasas County, Texas","B27001_045",243,123
"8026","48281","Lampasas County, Texas","B27001_046",1452,71
"8027","48281","Lampasas County, Texas","B27001_047",1207,119
"8028","48281","Lampasas County, Texas","B27001_048",245,100
"8029","48281","Lampasas County, Texas","B27001_049",1675,77
"8030","48281","Lampasas County, Texas","B27001_050",1311,155
"8031","48281","Lampasas County, Texas","B27001_051",364,148
"8032","48281","Lampasas County, Texas","B27001_052",1431,89
"8033","48281","Lampasas County, Texas","B27001_053",1431,89
"8034","48281","Lampasas County, Texas","B27001_054",0,28
"8035","48281","Lampasas County, Texas","B27001_055",1007,78
"8036","48281","Lampasas County, Texas","B27001_056",1007,78
"8037","48281","Lampasas County, Texas","B27001_057",0,28
"8038","48283","La Salle County, Texas","B27001_001",5698,122
"8039","48283","La Salle County, Texas","B27001_002",2934,298
"8040","48283","La Salle County, Texas","B27001_003",115,83
"8041","48283","La Salle County, Texas","B27001_004",92,81
"8042","48283","La Salle County, Texas","B27001_005",23,43
"8043","48283","La Salle County, Texas","B27001_006",1031,297
"8044","48283","La Salle County, Texas","B27001_007",933,306
"8045","48283","La Salle County, Texas","B27001_008",98,99
"8046","48283","La Salle County, Texas","B27001_009",236,197
"8047","48283","La Salle County, Texas","B27001_010",184,188
"8048","48283","La Salle County, Texas","B27001_011",52,80
"8049","48283","La Salle County, Texas","B27001_012",302,162
"8050","48283","La Salle County, Texas","B27001_013",202,142
"8051","48283","La Salle County, Texas","B27001_014",100,84
"8052","48283","La Salle County, Texas","B27001_015",359,148
"8053","48283","La Salle County, Texas","B27001_016",303,125
"8054","48283","La Salle County, Texas","B27001_017",56,61
"8055","48283","La Salle County, Texas","B27001_018",173,103
"8056","48283","La Salle County, Texas","B27001_019",111,74
"8057","48283","La Salle County, Texas","B27001_020",62,60
"8058","48283","La Salle County, Texas","B27001_021",260,119
"8059","48283","La Salle County, Texas","B27001_022",183,113
"8060","48283","La Salle County, Texas","B27001_023",77,91
"8061","48283","La Salle County, Texas","B27001_024",159,85
"8062","48283","La Salle County, Texas","B27001_025",159,85
"8063","48283","La Salle County, Texas","B27001_026",0,21
"8064","48283","La Salle County, Texas","B27001_027",299,89
"8065","48283","La Salle County, Texas","B27001_028",299,89
"8066","48283","La Salle County, Texas","B27001_029",0,21
"8067","48283","La Salle County, Texas","B27001_030",2764,268
"8068","48283","La Salle County, Texas","B27001_031",52,43
"8069","48283","La Salle County, Texas","B27001_032",52,43
"8070","48283","La Salle County, Texas","B27001_033",0,21
"8071","48283","La Salle County, Texas","B27001_034",658,209
"8072","48283","La Salle County, Texas","B27001_035",519,205
"8073","48283","La Salle County, Texas","B27001_036",139,116
"8074","48283","La Salle County, Texas","B27001_037",372,137
"8075","48283","La Salle County, Texas","B27001_038",226,133
"8076","48283","La Salle County, Texas","B27001_039",146,113
"8077","48283","La Salle County, Texas","B27001_040",107,97
"8078","48283","La Salle County, Texas","B27001_041",79,81
"8079","48283","La Salle County, Texas","B27001_042",28,47
"8080","48283","La Salle County, Texas","B27001_043",512,138
"8081","48283","La Salle County, Texas","B27001_044",380,133
"8082","48283","La Salle County, Texas","B27001_045",132,98
"8083","48283","La Salle County, Texas","B27001_046",264,121
"8084","48283","La Salle County, Texas","B27001_047",233,122
"8085","48283","La Salle County, Texas","B27001_048",31,40
"8086","48283","La Salle County, Texas","B27001_049",237,99
"8087","48283","La Salle County, Texas","B27001_050",182,98
"8088","48283","La Salle County, Texas","B27001_051",55,51
"8089","48283","La Salle County, Texas","B27001_052",204,82
"8090","48283","La Salle County, Texas","B27001_053",204,82
"8091","48283","La Salle County, Texas","B27001_054",0,21
"8092","48283","La Salle County, Texas","B27001_055",358,89
"8093","48283","La Salle County, Texas","B27001_056",358,89
"8094","48283","La Salle County, Texas","B27001_057",0,21
"8095","48285","Lavaca County, Texas","B27001_001",20133,11
"8096","48285","Lavaca County, Texas","B27001_002",9949,87
"8097","48285","Lavaca County, Texas","B27001_003",787,80
"8098","48285","Lavaca County, Texas","B27001_004",770,84
"8099","48285","Lavaca County, Texas","B27001_005",17,16
"8100","48285","Lavaca County, Texas","B27001_006",1770,90
"8101","48285","Lavaca County, Texas","B27001_007",1671,103
"8102","48285","Lavaca County, Texas","B27001_008",99,115
"8103","48285","Lavaca County, Texas","B27001_009",589,82
"8104","48285","Lavaca County, Texas","B27001_010",462,78
"8105","48285","Lavaca County, Texas","B27001_011",127,65
"8106","48285","Lavaca County, Texas","B27001_012",1023,107
"8107","48285","Lavaca County, Texas","B27001_013",724,132
"8108","48285","Lavaca County, Texas","B27001_014",299,83
"8109","48285","Lavaca County, Texas","B27001_015",1247,97
"8110","48285","Lavaca County, Texas","B27001_016",837,110
"8111","48285","Lavaca County, Texas","B27001_017",410,117
"8112","48285","Lavaca County, Texas","B27001_018",980,73
"8113","48285","Lavaca County, Texas","B27001_019",829,69
"8114","48285","Lavaca County, Texas","B27001_020",151,82
"8115","48285","Lavaca County, Texas","B27001_021",1416,99
"8116","48285","Lavaca County, Texas","B27001_022",1273,80
"8117","48285","Lavaca County, Texas","B27001_023",143,107
"8118","48285","Lavaca County, Texas","B27001_024",1268,73
"8119","48285","Lavaca County, Texas","B27001_025",1268,73
"8120","48285","Lavaca County, Texas","B27001_026",0,28
"8121","48285","Lavaca County, Texas","B27001_027",869,105
"8122","48285","Lavaca County, Texas","B27001_028",869,105
"8123","48285","Lavaca County, Texas","B27001_029",0,28
"8124","48285","Lavaca County, Texas","B27001_030",10184,87
"8125","48285","Lavaca County, Texas","B27001_031",646,61
"8126","48285","Lavaca County, Texas","B27001_032",627,56
"8127","48285","Lavaca County, Texas","B27001_033",19,17
"8128","48285","Lavaca County, Texas","B27001_034",1861,75
"8129","48285","Lavaca County, Texas","B27001_035",1730,90
"8130","48285","Lavaca County, Texas","B27001_036",131,50
"8131","48285","Lavaca County, Texas","B27001_037",726,124
"8132","48285","Lavaca County, Texas","B27001_038",629,129
"8133","48285","Lavaca County, Texas","B27001_039",97,53
"8134","48285","Lavaca County, Texas","B27001_040",982,173
"8135","48285","Lavaca County, Texas","B27001_041",774,144
"8136","48285","Lavaca County, Texas","B27001_042",208,136
"8137","48285","Lavaca County, Texas","B27001_043",1111,140
"8138","48285","Lavaca County, Texas","B27001_044",897,133
"8139","48285","Lavaca County, Texas","B27001_045",214,94
"8140","48285","Lavaca County, Texas","B27001_046",1068,63
"8141","48285","Lavaca County, Texas","B27001_047",969,83
"8142","48285","Lavaca County, Texas","B27001_048",99,55
"8143","48285","Lavaca County, Texas","B27001_049",1352,8
"8144","48285","Lavaca County, Texas","B27001_050",1242,68
"8145","48285","Lavaca County, Texas","B27001_051",110,67
"8146","48285","Lavaca County, Texas","B27001_052",1407,56
"8147","48285","Lavaca County, Texas","B27001_053",1407,56
"8148","48285","Lavaca County, Texas","B27001_054",0,28
"8149","48285","Lavaca County, Texas","B27001_055",1031,87
"8150","48285","Lavaca County, Texas","B27001_056",1031,87
"8151","48285","Lavaca County, Texas","B27001_057",0,28
"8152","48287","Lee County, Texas","B27001_001",17524,58
"8153","48287","Lee County, Texas","B27001_002",8668,228
"8154","48287","Lee County, Texas","B27001_003",497,155
"8155","48287","Lee County, Texas","B27001_004",479,156
"8156","48287","Lee County, Texas","B27001_005",18,33
"8157","48287","Lee County, Texas","B27001_006",1390,186
"8158","48287","Lee County, Texas","B27001_007",1209,204
"8159","48287","Lee County, Texas","B27001_008",181,131
"8160","48287","Lee County, Texas","B27001_009",722,197
"8161","48287","Lee County, Texas","B27001_010",597,163
"8162","48287","Lee County, Texas","B27001_011",125,83
"8163","48287","Lee County, Texas","B27001_012",642,185
"8164","48287","Lee County, Texas","B27001_013",328,146
"8165","48287","Lee County, Texas","B27001_014",314,220
"8166","48287","Lee County, Texas","B27001_015",1376,217
"8167","48287","Lee County, Texas","B27001_016",915,137
"8168","48287","Lee County, Texas","B27001_017",461,199
"8169","48287","Lee County, Texas","B27001_018",1005,155
"8170","48287","Lee County, Texas","B27001_019",754,146
"8171","48287","Lee County, Texas","B27001_020",251,152
"8172","48287","Lee County, Texas","B27001_021",1453,119
"8173","48287","Lee County, Texas","B27001_022",1256,158
"8174","48287","Lee County, Texas","B27001_023",197,109
"8175","48287","Lee County, Texas","B27001_024",975,68
"8176","48287","Lee County, Texas","B27001_025",973,69
"8177","48287","Lee County, Texas","B27001_026",2,4
"8178","48287","Lee County, Texas","B27001_027",608,88
"8179","48287","Lee County, Texas","B27001_028",563,54
"8180","48287","Lee County, Texas","B27001_029",45,73
"8181","48287","Lee County, Texas","B27001_030",8856,207
"8182","48287","Lee County, Texas","B27001_031",705,206
"8183","48287","Lee County, Texas","B27001_032",705,206
"8184","48287","Lee County, Texas","B27001_033",0,23
"8185","48287","Lee County, Texas","B27001_034",1292,154
"8186","48287","Lee County, Texas","B27001_035",1195,176
"8187","48287","Lee County, Texas","B27001_036",97,67
"8188","48287","Lee County, Texas","B27001_037",769,138
"8189","48287","Lee County, Texas","B27001_038",597,180
"8190","48287","Lee County, Texas","B27001_039",172,90
"8191","48287","Lee County, Texas","B27001_040",758,167
"8192","48287","Lee County, Texas","B27001_041",487,171
"8193","48287","Lee County, Texas","B27001_042",271,138
"8194","48287","Lee County, Texas","B27001_043",1160,142
"8195","48287","Lee County, Texas","B27001_044",770,168
"8196","48287","Lee County, Texas","B27001_045",390,177
"8197","48287","Lee County, Texas","B27001_046",1034,120
"8198","48287","Lee County, Texas","B27001_047",905,139
"8199","48287","Lee County, Texas","B27001_048",129,86
"8200","48287","Lee County, Texas","B27001_049",1261,103
"8201","48287","Lee County, Texas","B27001_050",1108,106
"8202","48287","Lee County, Texas","B27001_051",153,101
"8203","48287","Lee County, Texas","B27001_052",1113,103
"8204","48287","Lee County, Texas","B27001_053",1099,107
"8205","48287","Lee County, Texas","B27001_054",14,23
"8206","48287","Lee County, Texas","B27001_055",764,114
"8207","48287","Lee County, Texas","B27001_056",764,114
"8208","48287","Lee County, Texas","B27001_057",0,23
"8209","48289","Leon County, Texas","B27001_001",16161,33
"8210","48289","Leon County, Texas","B27001_002",8053,181
"8211","48289","Leon County, Texas","B27001_003",513,62
"8212","48289","Leon County, Texas","B27001_004",405,111
"8213","48289","Leon County, Texas","B27001_005",108,96
"8214","48289","Leon County, Texas","B27001_006",1537,211
"8215","48289","Leon County, Texas","B27001_007",1392,242
"8216","48289","Leon County, Texas","B27001_008",145,104
"8217","48289","Leon County, Texas","B27001_009",524,156
"8218","48289","Leon County, Texas","B27001_010",388,130
"8219","48289","Leon County, Texas","B27001_011",136,103
"8220","48289","Leon County, Texas","B27001_012",737,153
"8221","48289","Leon County, Texas","B27001_013",460,141
"8222","48289","Leon County, Texas","B27001_014",277,106
"8223","48289","Leon County, Texas","B27001_015",830,86
"8224","48289","Leon County, Texas","B27001_016",527,145
"8225","48289","Leon County, Texas","B27001_017",303,133
"8226","48289","Leon County, Texas","B27001_018",867,77
"8227","48289","Leon County, Texas","B27001_019",673,91
"8228","48289","Leon County, Texas","B27001_020",194,85
"8229","48289","Leon County, Texas","B27001_021",1089,55
"8230","48289","Leon County, Texas","B27001_022",939,78
"8231","48289","Leon County, Texas","B27001_023",150,70
"8232","48289","Leon County, Texas","B27001_024",1141,66
"8233","48289","Leon County, Texas","B27001_025",1134,66
"8234","48289","Leon County, Texas","B27001_026",7,17
"8235","48289","Leon County, Texas","B27001_027",815,59
"8236","48289","Leon County, Texas","B27001_028",815,59
"8237","48289","Leon County, Texas","B27001_029",0,23
"8238","48289","Leon County, Texas","B27001_030",8108,186
"8239","48289","Leon County, Texas","B27001_031",437,41
"8240","48289","Leon County, Texas","B27001_032",383,62
"8241","48289","Leon County, Texas","B27001_033",54,53
"8242","48289","Leon County, Texas","B27001_034",1445,231
"8243","48289","Leon County, Texas","B27001_035",1146,228
"8244","48289","Leon County, Texas","B27001_036",299,189
"8245","48289","Leon County, Texas","B27001_037",505,121
"8246","48289","Leon County, Texas","B27001_038",456,123
"8247","48289","Leon County, Texas","B27001_039",49,47
"8248","48289","Leon County, Texas","B27001_040",738,104
"8249","48289","Leon County, Texas","B27001_041",395,107
"8250","48289","Leon County, Texas","B27001_042",343,100
"8251","48289","Leon County, Texas","B27001_043",844,54
"8252","48289","Leon County, Texas","B27001_044",632,111
"8253","48289","Leon County, Texas","B27001_045",212,105
"8254","48289","Leon County, Texas","B27001_046",875,71
"8255","48289","Leon County, Texas","B27001_047",724,68
"8256","48289","Leon County, Texas","B27001_048",151,75
"8257","48289","Leon County, Texas","B27001_049",1227,74
"8258","48289","Leon County, Texas","B27001_050",939,85
"8259","48289","Leon County, Texas","B27001_051",288,114
"8260","48289","Leon County, Texas","B27001_052",1096,31
"8261","48289","Leon County, Texas","B27001_053",1096,31
"8262","48289","Leon County, Texas","B27001_054",0,23
"8263","48289","Leon County, Texas","B27001_055",941,73
"8264","48289","Leon County, Texas","B27001_056",884,122
"8265","48289","Leon County, Texas","B27001_057",57,81
"8266","48291","Liberty County, Texas","B27001_001",98236,170
"8267","48291","Liberty County, Texas","B27001_002",48709,511
"8268","48291","Liberty County, Texas","B27001_003",4864,347
"8269","48291","Liberty County, Texas","B27001_004",4297,481
"8270","48291","Liberty County, Texas","B27001_005",567,328
"8271","48291","Liberty County, Texas","B27001_006",11919,472
"8272","48291","Liberty County, Texas","B27001_007",9914,825
"8273","48291","Liberty County, Texas","B27001_008",2005,760
"8274","48291","Liberty County, Texas","B27001_009",4603,375
"8275","48291","Liberty County, Texas","B27001_010",2323,427
"8276","48291","Liberty County, Texas","B27001_011",2280,558
"8277","48291","Liberty County, Texas","B27001_012",5311,377
"8278","48291","Liberty County, Texas","B27001_013",3304,512
"8279","48291","Liberty County, Texas","B27001_014",2007,391
"8280","48291","Liberty County, Texas","B27001_015",5660,316
"8281","48291","Liberty County, Texas","B27001_016",3350,330
"8282","48291","Liberty County, Texas","B27001_017",2310,384
"8283","48291","Liberty County, Texas","B27001_018",5692,230
"8284","48291","Liberty County, Texas","B27001_019",3716,398
"8285","48291","Liberty County, Texas","B27001_020",1976,401
"8286","48291","Liberty County, Texas","B27001_021",5186,93
"8287","48291","Liberty County, Texas","B27001_022",3811,356
"8288","48291","Liberty County, Texas","B27001_023",1375,349
"8289","48291","Liberty County, Texas","B27001_024",3516,173
"8290","48291","Liberty County, Texas","B27001_025",3505,175
"8291","48291","Liberty County, Texas","B27001_026",11,13
"8292","48291","Liberty County, Texas","B27001_027",1958,169
"8293","48291","Liberty County, Texas","B27001_028",1958,169
"8294","48291","Liberty County, Texas","B27001_029",0,35
"8295","48291","Liberty County, Texas","B27001_030",49527,452
"8296","48291","Liberty County, Texas","B27001_031",4794,312
"8297","48291","Liberty County, Texas","B27001_032",3523,414
"8298","48291","Liberty County, Texas","B27001_033",1271,394
"8299","48291","Liberty County, Texas","B27001_034",11093,405
"8300","48291","Liberty County, Texas","B27001_035",8539,761
"8301","48291","Liberty County, Texas","B27001_036",2554,606
"8302","48291","Liberty County, Texas","B27001_037",4472,402
"8303","48291","Liberty County, Texas","B27001_038",3013,444
"8304","48291","Liberty County, Texas","B27001_039",1459,437
"8305","48291","Liberty County, Texas","B27001_040",5981,427
"8306","48291","Liberty County, Texas","B27001_041",3392,423
"8307","48291","Liberty County, Texas","B27001_042",2589,470
"8308","48291","Liberty County, Texas","B27001_043",5911,302
"8309","48291","Liberty County, Texas","B27001_044",3731,368
"8310","48291","Liberty County, Texas","B27001_045",2180,278
"8311","48291","Liberty County, Texas","B27001_046",6023,311
"8312","48291","Liberty County, Texas","B27001_047",3882,415
"8313","48291","Liberty County, Texas","B27001_048",2141,406
"8314","48291","Liberty County, Texas","B27001_049",5178,94
"8315","48291","Liberty County, Texas","B27001_050",4254,280
"8316","48291","Liberty County, Texas","B27001_051",924,276
"8317","48291","Liberty County, Texas","B27001_052",3774,151
"8318","48291","Liberty County, Texas","B27001_053",3761,156
"8319","48291","Liberty County, Texas","B27001_054",13,24
"8320","48291","Liberty County, Texas","B27001_055",2301,149
"8321","48291","Liberty County, Texas","B27001_056",2260,150
"8322","48291","Liberty County, Texas","B27001_057",41,69
"8323","48293","Limestone County, Texas","B27001_001",21680,20
"8324","48293","Limestone County, Texas","B27001_002",10944,129
"8325","48293","Limestone County, Texas","B27001_003",954,135
"8326","48293","Limestone County, Texas","B27001_004",904,127
"8327","48293","Limestone County, Texas","B27001_005",50,44
"8328","48293","Limestone County, Texas","B27001_006",1799,107
"8329","48293","Limestone County, Texas","B27001_007",1609,128
"8330","48293","Limestone County, Texas","B27001_008",190,101
"8331","48293","Limestone County, Texas","B27001_009",1010,115
"8332","48293","Limestone County, Texas","B27001_010",446,117
"8333","48293","Limestone County, Texas","B27001_011",564,151
"8334","48293","Limestone County, Texas","B27001_012",1167,146
"8335","48293","Limestone County, Texas","B27001_013",800,187
"8336","48293","Limestone County, Texas","B27001_014",367,87
"8337","48293","Limestone County, Texas","B27001_015",1249,98
"8338","48293","Limestone County, Texas","B27001_016",789,147
"8339","48293","Limestone County, Texas","B27001_017",460,147
"8340","48293","Limestone County, Texas","B27001_018",1269,125
"8341","48293","Limestone County, Texas","B27001_019",949,131
"8342","48293","Limestone County, Texas","B27001_020",320,85
"8343","48293","Limestone County, Texas","B27001_021",1531,77
"8344","48293","Limestone County, Texas","B27001_022",1264,123
"8345","48293","Limestone County, Texas","B27001_023",267,115
"8346","48293","Limestone County, Texas","B27001_024",1268,96
"8347","48293","Limestone County, Texas","B27001_025",1209,98
"8348","48293","Limestone County, Texas","B27001_026",59,61
"8349","48293","Limestone County, Texas","B27001_027",697,81
"8350","48293","Limestone County, Texas","B27001_028",697,81
"8351","48293","Limestone County, Texas","B27001_029",0,28
"8352","48293","Limestone County, Texas","B27001_030",10736,130
"8353","48293","Limestone County, Texas","B27001_031",672,122
"8354","48293","Limestone County, Texas","B27001_032",608,113
"8355","48293","Limestone County, Texas","B27001_033",64,74
"8356","48293","Limestone County, Texas","B27001_034",1780,76
"8357","48293","Limestone County, Texas","B27001_035",1619,94
"8358","48293","Limestone County, Texas","B27001_036",161,82
"8359","48293","Limestone County, Texas","B27001_037",648,82
"8360","48293","Limestone County, Texas","B27001_038",394,84
"8361","48293","Limestone County, Texas","B27001_039",254,77
"8362","48293","Limestone County, Texas","B27001_040",1256,73
"8363","48293","Limestone County, Texas","B27001_041",1010,109
"8364","48293","Limestone County, Texas","B27001_042",246,84
"8365","48293","Limestone County, Texas","B27001_043",1154,91
"8366","48293","Limestone County, Texas","B27001_044",871,91
"8367","48293","Limestone County, Texas","B27001_045",283,89
"8368","48293","Limestone County, Texas","B27001_046",1361,98
"8369","48293","Limestone County, Texas","B27001_047",1077,139
"8370","48293","Limestone County, Texas","B27001_048",284,91
"8371","48293","Limestone County, Texas","B27001_049",1520,18
"8372","48293","Limestone County, Texas","B27001_050",1284,104
"8373","48293","Limestone County, Texas","B27001_051",236,99
"8374","48293","Limestone County, Texas","B27001_052",1451,94
"8375","48293","Limestone County, Texas","B27001_053",1434,101
"8376","48293","Limestone County, Texas","B27001_054",17,26
"8377","48293","Limestone County, Texas","B27001_055",894,106
"8378","48293","Limestone County, Texas","B27001_056",881,101
"8379","48293","Limestone County, Texas","B27001_057",13,22
"8380","48295","Lipscomb County, Texas","B27001_001",2866,15
"8381","48295","Lipscomb County, Texas","B27001_002",1333,66
"8382","48295","Lipscomb County, Texas","B27001_003",179,33
"8383","48295","Lipscomb County, Texas","B27001_004",163,35
"8384","48295","Lipscomb County, Texas","B27001_005",16,13
"8385","48295","Lipscomb County, Texas","B27001_006",276,54
"8386","48295","Lipscomb County, Texas","B27001_007",198,49
"8387","48295","Lipscomb County, Texas","B27001_008",78,34
"8388","48295","Lipscomb County, Texas","B27001_009",92,36
"8389","48295","Lipscomb County, Texas","B27001_010",63,33
"8390","48295","Lipscomb County, Texas","B27001_011",29,31
"8391","48295","Lipscomb County, Texas","B27001_012",107,39
"8392","48295","Lipscomb County, Texas","B27001_013",100,37
"8393","48295","Lipscomb County, Texas","B27001_014",7,10
"8394","48295","Lipscomb County, Texas","B27001_015",191,45
"8395","48295","Lipscomb County, Texas","B27001_016",152,41
"8396","48295","Lipscomb County, Texas","B27001_017",39,23
"8397","48295","Lipscomb County, Texas","B27001_018",142,29
"8398","48295","Lipscomb County, Texas","B27001_019",117,29
"8399","48295","Lipscomb County, Texas","B27001_020",25,22
"8400","48295","Lipscomb County, Texas","B27001_021",129,39
"8401","48295","Lipscomb County, Texas","B27001_022",114,36
"8402","48295","Lipscomb County, Texas","B27001_023",15,11
"8403","48295","Lipscomb County, Texas","B27001_024",150,56
"8404","48295","Lipscomb County, Texas","B27001_025",150,56
"8405","48295","Lipscomb County, Texas","B27001_026",0,15
"8406","48295","Lipscomb County, Texas","B27001_027",67,19
"8407","48295","Lipscomb County, Texas","B27001_028",67,19
"8408","48295","Lipscomb County, Texas","B27001_029",0,15
"8409","48295","Lipscomb County, Texas","B27001_030",1533,68
"8410","48295","Lipscomb County, Texas","B27001_031",106,31
"8411","48295","Lipscomb County, Texas","B27001_032",102,31
"8412","48295","Lipscomb County, Texas","B27001_033",4,6
"8413","48295","Lipscomb County, Texas","B27001_034",368,55
"8414","48295","Lipscomb County, Texas","B27001_035",249,49
"8415","48295","Lipscomb County, Texas","B27001_036",119,37
"8416","48295","Lipscomb County, Texas","B27001_037",114,51
"8417","48295","Lipscomb County, Texas","B27001_038",96,52
"8418","48295","Lipscomb County, Texas","B27001_039",18,16
"8419","48295","Lipscomb County, Texas","B27001_040",166,39
"8420","48295","Lipscomb County, Texas","B27001_041",146,34
"8421","48295","Lipscomb County, Texas","B27001_042",20,19
"8422","48295","Lipscomb County, Texas","B27001_043",179,45
"8423","48295","Lipscomb County, Texas","B27001_044",116,34
"8424","48295","Lipscomb County, Texas","B27001_045",63,38
"8425","48295","Lipscomb County, Texas","B27001_046",149,41
"8426","48295","Lipscomb County, Texas","B27001_047",109,33
"8427","48295","Lipscomb County, Texas","B27001_048",40,22
"8428","48295","Lipscomb County, Texas","B27001_049",150,46
"8429","48295","Lipscomb County, Texas","B27001_050",104,35
"8430","48295","Lipscomb County, Texas","B27001_051",46,35
"8431","48295","Lipscomb County, Texas","B27001_052",151,39
"8432","48295","Lipscomb County, Texas","B27001_053",151,39
"8433","48295","Lipscomb County, Texas","B27001_054",0,15
"8434","48295","Lipscomb County, Texas","B27001_055",150,45
"8435","48295","Lipscomb County, Texas","B27001_056",150,45
"8436","48295","Lipscomb County, Texas","B27001_057",0,15
"8437","48297","Live Oak County, Texas","B27001_001",10063,52
"8438","48297","Live Oak County, Texas","B27001_002",4829,227
"8439","48297","Live Oak County, Texas","B27001_003",367,107
"8440","48297","Live Oak County, Texas","B27001_004",345,110
"8441","48297","Live Oak County, Texas","B27001_005",22,32
"8442","48297","Live Oak County, Texas","B27001_006",810,113
"8443","48297","Live Oak County, Texas","B27001_007",627,104
"8444","48297","Live Oak County, Texas","B27001_008",183,79
"8445","48297","Live Oak County, Texas","B27001_009",365,117
"8446","48297","Live Oak County, Texas","B27001_010",218,94
"8447","48297","Live Oak County, Texas","B27001_011",147,81
"8448","48297","Live Oak County, Texas","B27001_012",659,215
"8449","48297","Live Oak County, Texas","B27001_013",381,131
"8450","48297","Live Oak County, Texas","B27001_014",278,175
"8451","48297","Live Oak County, Texas","B27001_015",374,122
"8452","48297","Live Oak County, Texas","B27001_016",236,102
"8453","48297","Live Oak County, Texas","B27001_017",138,80
"8454","48297","Live Oak County, Texas","B27001_018",506,148
"8455","48297","Live Oak County, Texas","B27001_019",419,136
"8456","48297","Live Oak County, Texas","B27001_020",87,62
"8457","48297","Live Oak County, Texas","B27001_021",668,44
"8458","48297","Live Oak County, Texas","B27001_022",540,59
"8459","48297","Live Oak County, Texas","B27001_023",128,48
"8460","48297","Live Oak County, Texas","B27001_024",605,93
"8461","48297","Live Oak County, Texas","B27001_025",605,93
"8462","48297","Live Oak County, Texas","B27001_026",0,23
"8463","48297","Live Oak County, Texas","B27001_027",475,81
"8464","48297","Live Oak County, Texas","B27001_028",475,81
"8465","48297","Live Oak County, Texas","B27001_029",0,23
"8466","48297","Live Oak County, Texas","B27001_030",5234,222
"8467","48297","Live Oak County, Texas","B27001_031",341,145
"8468","48297","Live Oak County, Texas","B27001_032",323,136
"8469","48297","Live Oak County, Texas","B27001_033",18,29
"8470","48297","Live Oak County, Texas","B27001_034",865,102
"8471","48297","Live Oak County, Texas","B27001_035",727,110
"8472","48297","Live Oak County, Texas","B27001_036",138,83
"8473","48297","Live Oak County, Texas","B27001_037",309,92
"8474","48297","Live Oak County, Texas","B27001_038",196,98
"8475","48297","Live Oak County, Texas","B27001_039",113,93
"8476","48297","Live Oak County, Texas","B27001_040",905,227
"8477","48297","Live Oak County, Texas","B27001_041",681,201
"8478","48297","Live Oak County, Texas","B27001_042",224,110
"8479","48297","Live Oak County, Texas","B27001_043",434,113
"8480","48297","Live Oak County, Texas","B27001_044",328,98
"8481","48297","Live Oak County, Texas","B27001_045",106,69
"8482","48297","Live Oak County, Texas","B27001_046",576,101
"8483","48297","Live Oak County, Texas","B27001_047",442,88
"8484","48297","Live Oak County, Texas","B27001_048",134,57
"8485","48297","Live Oak County, Texas","B27001_049",718,62
"8486","48297","Live Oak County, Texas","B27001_050",593,88
"8487","48297","Live Oak County, Texas","B27001_051",125,61
"8488","48297","Live Oak County, Texas","B27001_052",630,35
"8489","48297","Live Oak County, Texas","B27001_053",630,35
"8490","48297","Live Oak County, Texas","B27001_054",0,23
"8491","48297","Live Oak County, Texas","B27001_055",456,33
"8492","48297","Live Oak County, Texas","B27001_056",456,33
"8493","48297","Live Oak County, Texas","B27001_057",0,23
"8494","48299","Llano County, Texas","B27001_001",22228,3
"8495","48299","Llano County, Texas","B27001_002",10630,142
"8496","48299","Llano County, Texas","B27001_003",335,138
"8497","48299","Llano County, Texas","B27001_004",267,124
"8498","48299","Llano County, Texas","B27001_005",68,52
"8499","48299","Llano County, Texas","B27001_006",1279,95
"8500","48299","Llano County, Texas","B27001_007",963,187
"8501","48299","Llano County, Texas","B27001_008",316,183
"8502","48299","Llano County, Texas","B27001_009",768,133
"8503","48299","Llano County, Texas","B27001_010",556,143
"8504","48299","Llano County, Texas","B27001_011",212,101
"8505","48299","Llano County, Texas","B27001_012",597,125
"8506","48299","Llano County, Texas","B27001_013",391,111
"8507","48299","Llano County, Texas","B27001_014",206,107
"8508","48299","Llano County, Texas","B27001_015",899,105
"8509","48299","Llano County, Texas","B27001_016",564,132
"8510","48299","Llano County, Texas","B27001_017",335,137
"8511","48299","Llano County, Texas","B27001_018",1154,112
"8512","48299","Llano County, Texas","B27001_019",908,111
"8513","48299","Llano County, Texas","B27001_020",246,133
"8514","48299","Llano County, Texas","B27001_021",1675,86
"8515","48299","Llano County, Texas","B27001_022",1355,138
"8516","48299","Llano County, Texas","B27001_023",320,120
"8517","48299","Llano County, Texas","B27001_024",2141,80
"8518","48299","Llano County, Texas","B27001_025",2113,92
"8519","48299","Llano County, Texas","B27001_026",28,30
"8520","48299","Llano County, Texas","B27001_027",1782,56
"8521","48299","Llano County, Texas","B27001_028",1724,41
"8522","48299","Llano County, Texas","B27001_029",58,42
"8523","48299","Llano County, Texas","B27001_030",11598,142
"8524","48299","Llano County, Texas","B27001_031",678,130
"8525","48299","Llano County, Texas","B27001_032",592,155
"8526","48299","Llano County, Texas","B27001_033",86,70
"8527","48299","Llano County, Texas","B27001_034",1304,103
"8528","48299","Llano County, Texas","B27001_035",1037,129
"8529","48299","Llano County, Texas","B27001_036",267,147
"8530","48299","Llano County, Texas","B27001_037",665,131
"8531","48299","Llano County, Texas","B27001_038",513,170
"8532","48299","Llano County, Texas","B27001_039",152,106
"8533","48299","Llano County, Texas","B27001_040",776,146
"8534","48299","Llano County, Texas","B27001_041",505,137
"8535","48299","Llano County, Texas","B27001_042",271,111
"8536","48299","Llano County, Texas","B27001_043",901,99
"8537","48299","Llano County, Texas","B27001_044",575,126
"8538","48299","Llano County, Texas","B27001_045",326,106
"8539","48299","Llano County, Texas","B27001_046",1068,72
"8540","48299","Llano County, Texas","B27001_047",826,109
"8541","48299","Llano County, Texas","B27001_048",242,125
"8542","48299","Llano County, Texas","B27001_049",1979,40
"8543","48299","Llano County, Texas","B27001_050",1631,142
"8544","48299","Llano County, Texas","B27001_051",348,136
"8545","48299","Llano County, Texas","B27001_052",2399,48
"8546","48299","Llano County, Texas","B27001_053",2369,49
"8547","48299","Llano County, Texas","B27001_054",30,22
"8548","48299","Llano County, Texas","B27001_055",1828,42
"8549","48299","Llano County, Texas","B27001_056",1817,44
"8550","48299","Llano County, Texas","B27001_057",11,17
"8551","48301","Loving County, Texas","B27001_001",33,30
"8552","48301","Loving County, Texas","B27001_002",27,28
"8553","48301","Loving County, Texas","B27001_003",0,15
"8554","48301","Loving County, Texas","B27001_004",0,15
"8555","48301","Loving County, Texas","B27001_005",0,15
"8556","48301","Loving County, Texas","B27001_006",0,15
"8557","48301","Loving County, Texas","B27001_007",0,15
"8558","48301","Loving County, Texas","B27001_008",0,15
"8559","48301","Loving County, Texas","B27001_009",2,2
"8560","48301","Loving County, Texas","B27001_010",2,2
"8561","48301","Loving County, Texas","B27001_011",0,15
"8562","48301","Loving County, Texas","B27001_012",0,15
"8563","48301","Loving County, Texas","B27001_013",0,15
"8564","48301","Loving County, Texas","B27001_014",0,15
"8565","48301","Loving County, Texas","B27001_015",0,15
"8566","48301","Loving County, Texas","B27001_016",0,15
"8567","48301","Loving County, Texas","B27001_017",0,15
"8568","48301","Loving County, Texas","B27001_018",0,15
"8569","48301","Loving County, Texas","B27001_019",0,15
"8570","48301","Loving County, Texas","B27001_020",0,15
"8571","48301","Loving County, Texas","B27001_021",0,15
"8572","48301","Loving County, Texas","B27001_022",0,15
"8573","48301","Loving County, Texas","B27001_023",0,15
"8574","48301","Loving County, Texas","B27001_024",4,4
"8575","48301","Loving County, Texas","B27001_025",4,4
"8576","48301","Loving County, Texas","B27001_026",0,15
"8577","48301","Loving County, Texas","B27001_027",21,28
"8578","48301","Loving County, Texas","B27001_028",21,28
"8579","48301","Loving County, Texas","B27001_029",0,15
"8580","48301","Loving County, Texas","B27001_030",6,5
"8581","48301","Loving County, Texas","B27001_031",0,15
"8582","48301","Loving County, Texas","B27001_032",0,15
"8583","48301","Loving County, Texas","B27001_033",0,15
"8584","48301","Loving County, Texas","B27001_034",0,15
"8585","48301","Loving County, Texas","B27001_035",0,15
"8586","48301","Loving County, Texas","B27001_036",0,15
"8587","48301","Loving County, Texas","B27001_037",0,15
"8588","48301","Loving County, Texas","B27001_038",0,15
"8589","48301","Loving County, Texas","B27001_039",0,15
"8590","48301","Loving County, Texas","B27001_040",0,15
"8591","48301","Loving County, Texas","B27001_041",0,15
"8592","48301","Loving County, Texas","B27001_042",0,15
"8593","48301","Loving County, Texas","B27001_043",0,15
"8594","48301","Loving County, Texas","B27001_044",0,15
"8595","48301","Loving County, Texas","B27001_045",0,15
"8596","48301","Loving County, Texas","B27001_046",0,15
"8597","48301","Loving County, Texas","B27001_047",0,15
"8598","48301","Loving County, Texas","B27001_048",0,15
"8599","48301","Loving County, Texas","B27001_049",4,5
"8600","48301","Loving County, Texas","B27001_050",4,5
"8601","48301","Loving County, Texas","B27001_051",0,15
"8602","48301","Loving County, Texas","B27001_052",0,15
"8603","48301","Loving County, Texas","B27001_053",0,15
"8604","48301","Loving County, Texas","B27001_054",0,15
"8605","48301","Loving County, Texas","B27001_055",2,2
"8606","48301","Loving County, Texas","B27001_056",2,2
"8607","48301","Loving County, Texas","B27001_057",0,15
"8608","48303","Lubbock County, Texas","B27001_001",314309,174
"8609","48303","Lubbock County, Texas","B27001_002",154029,242
"8610","48303","Lubbock County, Texas","B27001_003",12388,381
"8611","48303","Lubbock County, Texas","B27001_004",10788,481
"8612","48303","Lubbock County, Texas","B27001_005",1600,362
"8613","48303","Lubbock County, Texas","B27001_006",28967,613
"8614","48303","Lubbock County, Texas","B27001_007",25237,1119
"8615","48303","Lubbock County, Texas","B27001_008",3730,784
"8616","48303","Lubbock County, Texas","B27001_009",25379,698
"8617","48303","Lubbock County, Texas","B27001_010",20536,876
"8618","48303","Lubbock County, Texas","B27001_011",4843,759
"8619","48303","Lubbock County, Texas","B27001_012",19640,460
"8620","48303","Lubbock County, Texas","B27001_013",14584,558
"8621","48303","Lubbock County, Texas","B27001_014",5056,552
"8622","48303","Lubbock County, Texas","B27001_015",19552,187
"8623","48303","Lubbock County, Texas","B27001_016",16012,427
"8624","48303","Lubbock County, Texas","B27001_017",3540,417
"8625","48303","Lubbock County, Texas","B27001_018",15098,145
"8626","48303","Lubbock County, Texas","B27001_019",12756,340
"8627","48303","Lubbock County, Texas","B27001_020",2342,350
"8628","48303","Lubbock County, Texas","B27001_021",14728,119
"8629","48303","Lubbock County, Texas","B27001_022",12844,351
"8630","48303","Lubbock County, Texas","B27001_023",1884,330
"8631","48303","Lubbock County, Texas","B27001_024",11549,131
"8632","48303","Lubbock County, Texas","B27001_025",11456,131
"8633","48303","Lubbock County, Texas","B27001_026",93,55
"8634","48303","Lubbock County, Texas","B27001_027",6728,111
"8635","48303","Lubbock County, Texas","B27001_028",6696,111
"8636","48303","Lubbock County, Texas","B27001_029",32,23
"8637","48303","Lubbock County, Texas","B27001_030",160280,252
"8638","48303","Lubbock County, Texas","B27001_031",11857,397
"8639","48303","Lubbock County, Texas","B27001_032",10872,528
"8640","48303","Lubbock County, Texas","B27001_033",985,360
"8641","48303","Lubbock County, Texas","B27001_034",27889,509
"8642","48303","Lubbock County, Texas","B27001_035",25354,701
"8643","48303","Lubbock County, Texas","B27001_036",2535,509
"8644","48303","Lubbock County, Texas","B27001_037",24655,652
"8645","48303","Lubbock County, Texas","B27001_038",21063,813
"8646","48303","Lubbock County, Texas","B27001_039",3592,575
"8647","48303","Lubbock County, Texas","B27001_040",20549,491
"8648","48303","Lubbock County, Texas","B27001_041",15874,691
"8649","48303","Lubbock County, Texas","B27001_042",4675,700
"8650","48303","Lubbock County, Texas","B27001_043",19858,126
"8651","48303","Lubbock County, Texas","B27001_044",16097,515
"8652","48303","Lubbock County, Texas","B27001_045",3761,517
"8653","48303","Lubbock County, Texas","B27001_046",16174,73
"8654","48303","Lubbock County, Texas","B27001_047",13347,431
"8655","48303","Lubbock County, Texas","B27001_048",2827,420
"8656","48303","Lubbock County, Texas","B27001_049",16121,95
"8657","48303","Lubbock County, Texas","B27001_050",14255,352
"8658","48303","Lubbock County, Texas","B27001_051",1866,334
"8659","48303","Lubbock County, Texas","B27001_052",13541,117
"8660","48303","Lubbock County, Texas","B27001_053",13382,162
"8661","48303","Lubbock County, Texas","B27001_054",159,119
"8662","48303","Lubbock County, Texas","B27001_055",9636,150
"8663","48303","Lubbock County, Texas","B27001_056",9592,150
"8664","48303","Lubbock County, Texas","B27001_057",44,43
"8665","48305","Lynn County, Texas","B27001_001",5702,7
"8666","48305","Lynn County, Texas","B27001_002",2928,62
"8667","48305","Lynn County, Texas","B27001_003",284,47
"8668","48305","Lynn County, Texas","B27001_004",278,47
"8669","48305","Lynn County, Texas","B27001_005",6,7
"8670","48305","Lynn County, Texas","B27001_006",617,50
"8671","48305","Lynn County, Texas","B27001_007",599,53
"8672","48305","Lynn County, Texas","B27001_008",18,19
"8673","48305","Lynn County, Texas","B27001_009",201,52
"8674","48305","Lynn County, Texas","B27001_010",147,47
"8675","48305","Lynn County, Texas","B27001_011",54,35
"8676","48305","Lynn County, Texas","B27001_012",290,67
"8677","48305","Lynn County, Texas","B27001_013",213,44
"8678","48305","Lynn County, Texas","B27001_014",77,57
"8679","48305","Lynn County, Texas","B27001_015",445,48
"8680","48305","Lynn County, Texas","B27001_016",321,68
"8681","48305","Lynn County, Texas","B27001_017",124,49
"8682","48305","Lynn County, Texas","B27001_018",304,16
"8683","48305","Lynn County, Texas","B27001_019",223,41
"8684","48305","Lynn County, Texas","B27001_020",81,39
"8685","48305","Lynn County, Texas","B27001_021",342,3
"8686","48305","Lynn County, Texas","B27001_022",290,27
"8687","48305","Lynn County, Texas","B27001_023",52,27
"8688","48305","Lynn County, Texas","B27001_024",271,7
"8689","48305","Lynn County, Texas","B27001_025",271,7
"8690","48305","Lynn County, Texas","B27001_026",0,21
"8691","48305","Lynn County, Texas","B27001_027",174,21
"8692","48305","Lynn County, Texas","B27001_028",174,21
"8693","48305","Lynn County, Texas","B27001_029",0,21
"8694","48305","Lynn County, Texas","B27001_030",2774,63
"8695","48305","Lynn County, Texas","B27001_031",204,55
"8696","48305","Lynn County, Texas","B27001_032",192,55
"8697","48305","Lynn County, Texas","B27001_033",12,10
"8698","48305","Lynn County, Texas","B27001_034",585,62
"8699","48305","Lynn County, Texas","B27001_035",553,67
"8700","48305","Lynn County, Texas","B27001_036",32,28
"8701","48305","Lynn County, Texas","B27001_037",199,40
"8702","48305","Lynn County, Texas","B27001_038",132,43
"8703","48305","Lynn County, Texas","B27001_039",67,40
"8704","48305","Lynn County, Texas","B27001_040",283,58
"8705","48305","Lynn County, Texas","B27001_041",242,52
"8706","48305","Lynn County, Texas","B27001_042",41,29
"8707","48305","Lynn County, Texas","B27001_043",432,60
"8708","48305","Lynn County, Texas","B27001_044",375,64
"8709","48305","Lynn County, Texas","B27001_045",57,29
"8710","48305","Lynn County, Texas","B27001_046",281,54
"8711","48305","Lynn County, Texas","B27001_047",212,45
"8712","48305","Lynn County, Texas","B27001_048",69,47
"8713","48305","Lynn County, Texas","B27001_049",320,10
"8714","48305","Lynn County, Texas","B27001_050",273,28
"8715","48305","Lynn County, Texas","B27001_051",47,26
"8716","48305","Lynn County, Texas","B27001_052",248,4
"8717","48305","Lynn County, Texas","B27001_053",248,4
"8718","48305","Lynn County, Texas","B27001_054",0,21
"8719","48305","Lynn County, Texas","B27001_055",222,21
"8720","48305","Lynn County, Texas","B27001_056",222,21
"8721","48305","Lynn County, Texas","B27001_057",0,21
"8722","48307","McCulloch County, Texas","B27001_001",7411,22
"8723","48307","McCulloch County, Texas","B27001_002",3654,188
"8724","48307","McCulloch County, Texas","B27001_003",195,138
"8725","48307","McCulloch County, Texas","B27001_004",99,51
"8726","48307","McCulloch County, Texas","B27001_005",96,124
"8727","48307","McCulloch County, Texas","B27001_006",630,150
"8728","48307","McCulloch County, Texas","B27001_007",553,126
"8729","48307","McCulloch County, Texas","B27001_008",77,113
"8730","48307","McCulloch County, Texas","B27001_009",244,112
"8731","48307","McCulloch County, Texas","B27001_010",162,95
"8732","48307","McCulloch County, Texas","B27001_011",82,41
"8733","48307","McCulloch County, Texas","B27001_012",450,128
"8734","48307","McCulloch County, Texas","B27001_013",163,92
"8735","48307","McCulloch County, Texas","B27001_014",287,153
"8736","48307","McCulloch County, Texas","B27001_015",463,93
"8737","48307","McCulloch County, Texas","B27001_016",376,106
"8738","48307","McCulloch County, Texas","B27001_017",87,72
"8739","48307","McCulloch County, Texas","B27001_018",326,69
"8740","48307","McCulloch County, Texas","B27001_019",237,75
"8741","48307","McCulloch County, Texas","B27001_020",89,62
"8742","48307","McCulloch County, Texas","B27001_021",587,37
"8743","48307","McCulloch County, Texas","B27001_022",362,72
"8744","48307","McCulloch County, Texas","B27001_023",225,82
"8745","48307","McCulloch County, Texas","B27001_024",445,35
"8746","48307","McCulloch County, Texas","B27001_025",445,35
"8747","48307","McCulloch County, Texas","B27001_026",0,21
"8748","48307","McCulloch County, Texas","B27001_027",314,39
"8749","48307","McCulloch County, Texas","B27001_028",314,39
"8750","48307","McCulloch County, Texas","B27001_029",0,21
"8751","48307","McCulloch County, Texas","B27001_030",3757,189
"8752","48307","McCulloch County, Texas","B27001_031",226,73
"8753","48307","McCulloch County, Texas","B27001_032",226,73
"8754","48307","McCulloch County, Texas","B27001_033",0,21
"8755","48307","McCulloch County, Texas","B27001_034",694,184
"8756","48307","McCulloch County, Texas","B27001_035",592,202
"8757","48307","McCulloch County, Texas","B27001_036",102,82
"8758","48307","McCulloch County, Texas","B27001_037",196,97
"8759","48307","McCulloch County, Texas","B27001_038",104,85
"8760","48307","McCulloch County, Texas","B27001_039",92,61
"8761","48307","McCulloch County, Texas","B27001_040",335,138
"8762","48307","McCulloch County, Texas","B27001_041",243,119
"8763","48307","McCulloch County, Texas","B27001_042",92,71
"8764","48307","McCulloch County, Texas","B27001_043",341,100
"8765","48307","McCulloch County, Texas","B27001_044",282,100
"8766","48307","McCulloch County, Texas","B27001_045",59,53
"8767","48307","McCulloch County, Texas","B27001_046",485,75
"8768","48307","McCulloch County, Texas","B27001_047",471,77
"8769","48307","McCulloch County, Texas","B27001_048",14,12
"8770","48307","McCulloch County, Texas","B27001_049",512,26
"8771","48307","McCulloch County, Texas","B27001_050",350,78
"8772","48307","McCulloch County, Texas","B27001_051",162,73
"8773","48307","McCulloch County, Texas","B27001_052",603,67
"8774","48307","McCulloch County, Texas","B27001_053",603,67
"8775","48307","McCulloch County, Texas","B27001_054",0,21
"8776","48307","McCulloch County, Texas","B27001_055",365,55
"8777","48307","McCulloch County, Texas","B27001_056",359,52
"8778","48307","McCulloch County, Texas","B27001_057",6,10
"8779","48309","McLennan County, Texas","B27001_001",262338,99
"8780","48309","McLennan County, Texas","B27001_002",128345,251
"8781","48309","McLennan County, Texas","B27001_003",10108,342
"8782","48309","McLennan County, Texas","B27001_004",9569,353
"8783","48309","McLennan County, Texas","B27001_005",539,197
"8784","48309","McLennan County, Texas","B27001_006",25349,501
"8785","48309","McLennan County, Texas","B27001_007",22686,732
"8786","48309","McLennan County, Texas","B27001_008",2663,553
"8787","48309","McLennan County, Texas","B27001_009",18222,535
"8788","48309","McLennan County, Texas","B27001_010",13993,780
"8789","48309","McLennan County, Texas","B27001_011",4229,703
"8790","48309","McLennan County, Texas","B27001_012",14943,471
"8791","48309","McLennan County, Texas","B27001_013",10507,579
"8792","48309","McLennan County, Texas","B27001_014",4436,518
"8793","48309","McLennan County, Texas","B27001_015",15377,179
"8794","48309","McLennan County, Texas","B27001_016",11889,495
"8795","48309","McLennan County, Texas","B27001_017",3488,512
"8796","48309","McLennan County, Texas","B27001_018",13204,162
"8797","48309","McLennan County, Texas","B27001_019",10532,422
"8798","48309","McLennan County, Texas","B27001_020",2672,419
"8799","48309","McLennan County, Texas","B27001_021",13659,145
"8800","48309","McLennan County, Texas","B27001_022",11891,391
"8801","48309","McLennan County, Texas","B27001_023",1768,381
"8802","48309","McLennan County, Texas","B27001_024",10896,98
"8803","48309","McLennan County, Texas","B27001_025",10788,139
"8804","48309","McLennan County, Texas","B27001_026",108,103
"8805","48309","McLennan County, Texas","B27001_027",6587,151
"8806","48309","McLennan County, Texas","B27001_028",6496,185
"8807","48309","McLennan County, Texas","B27001_029",91,105
"8808","48309","McLennan County, Texas","B27001_030",133993,245
"8809","48309","McLennan County, Texas","B27001_031",9851,398
"8810","48309","McLennan County, Texas","B27001_032",9302,428
"8811","48309","McLennan County, Texas","B27001_033",549,233
"8812","48309","McLennan County, Texas","B27001_034",23783,614
"8813","48309","McLennan County, Texas","B27001_035",21735,773
"8814","48309","McLennan County, Texas","B27001_036",2048,455
"8815","48309","McLennan County, Texas","B27001_037",17868,505
"8816","48309","McLennan County, Texas","B27001_038",14994,623
"8817","48309","McLennan County, Texas","B27001_039",2874,539
"8818","48309","McLennan County, Texas","B27001_040",15330,371
"8819","48309","McLennan County, Texas","B27001_041",11863,571
"8820","48309","McLennan County, Texas","B27001_042",3467,513
"8821","48309","McLennan County, Texas","B27001_043",16307,125
"8822","48309","McLennan County, Texas","B27001_044",12767,640
"8823","48309","McLennan County, Texas","B27001_045",3540,651
"8824","48309","McLennan County, Texas","B27001_046",14151,97
"8825","48309","McLennan County, Texas","B27001_047",11623,378
"8826","48309","McLennan County, Texas","B27001_048",2528,366
"8827","48309","McLennan County, Texas","B27001_049",14878,41
"8828","48309","McLennan County, Texas","B27001_050",12934,364
"8829","48309","McLennan County, Texas","B27001_051",1944,360
"8830","48309","McLennan County, Texas","B27001_052",12393,113
"8831","48309","McLennan County, Texas","B27001_053",12232,140
"8832","48309","McLennan County, Texas","B27001_054",161,97
"8833","48309","McLennan County, Texas","B27001_055",9432,172
"8834","48309","McLennan County, Texas","B27001_056",9357,183
"8835","48309","McLennan County, Texas","B27001_057",75,79
"8836","48311","McMullen County, Texas","B27001_001",700,280
"8837","48311","McMullen County, Texas","B27001_002",276,114
"8838","48311","McMullen County, Texas","B27001_003",26,36
"8839","48311","McMullen County, Texas","B27001_004",26,36
"8840","48311","McMullen County, Texas","B27001_005",0,15
"8841","48311","McMullen County, Texas","B27001_006",60,52
"8842","48311","McMullen County, Texas","B27001_007",55,51
"8843","48311","McMullen County, Texas","B27001_008",5,10
"8844","48311","McMullen County, Texas","B27001_009",0,15
"8845","48311","McMullen County, Texas","B27001_010",0,15
"8846","48311","McMullen County, Texas","B27001_011",0,15
"8847","48311","McMullen County, Texas","B27001_012",33,30
"8848","48311","McMullen County, Texas","B27001_013",33,30
"8849","48311","McMullen County, Texas","B27001_014",0,15
"8850","48311","McMullen County, Texas","B27001_015",59,46
"8851","48311","McMullen County, Texas","B27001_016",56,46
"8852","48311","McMullen County, Texas","B27001_017",3,9
"8853","48311","McMullen County, Texas","B27001_018",14,20
"8854","48311","McMullen County, Texas","B27001_019",14,20
"8855","48311","McMullen County, Texas","B27001_020",0,15
"8856","48311","McMullen County, Texas","B27001_021",25,21
"8857","48311","McMullen County, Texas","B27001_022",19,18
"8858","48311","McMullen County, Texas","B27001_023",6,10
"8859","48311","McMullen County, Texas","B27001_024",49,31
"8860","48311","McMullen County, Texas","B27001_025",49,31
"8861","48311","McMullen County, Texas","B27001_026",0,15
"8862","48311","McMullen County, Texas","B27001_027",10,18
"8863","48311","McMullen County, Texas","B27001_028",10,18
"8864","48311","McMullen County, Texas","B27001_029",0,15
"8865","48311","McMullen County, Texas","B27001_030",424,193
"8866","48311","McMullen County, Texas","B27001_031",98,66
"8867","48311","McMullen County, Texas","B27001_032",91,63
"8868","48311","McMullen County, Texas","B27001_033",7,12
"8869","48311","McMullen County, Texas","B27001_034",113,89
"8870","48311","McMullen County, Texas","B27001_035",99,87
"8871","48311","McMullen County, Texas","B27001_036",14,20
"8872","48311","McMullen County, Texas","B27001_037",14,19
"8873","48311","McMullen County, Texas","B27001_038",0,15
"8874","48311","McMullen County, Texas","B27001_039",14,19
"8875","48311","McMullen County, Texas","B27001_040",53,51
"8876","48311","McMullen County, Texas","B27001_041",17,22
"8877","48311","McMullen County, Texas","B27001_042",36,42
"8878","48311","McMullen County, Texas","B27001_043",34,28
"8879","48311","McMullen County, Texas","B27001_044",28,28
"8880","48311","McMullen County, Texas","B27001_045",6,12
"8881","48311","McMullen County, Texas","B27001_046",29,26
"8882","48311","McMullen County, Texas","B27001_047",22,22
"8883","48311","McMullen County, Texas","B27001_048",7,12
"8884","48311","McMullen County, Texas","B27001_049",21,14
"8885","48311","McMullen County, Texas","B27001_050",14,10
"8886","48311","McMullen County, Texas","B27001_051",7,10
"8887","48311","McMullen County, Texas","B27001_052",52,29
"8888","48311","McMullen County, Texas","B27001_053",52,29
"8889","48311","McMullen County, Texas","B27001_054",0,15
"8890","48311","McMullen County, Texas","B27001_055",10,14
"8891","48311","McMullen County, Texas","B27001_056",10,14
"8892","48311","McMullen County, Texas","B27001_057",0,15
"8893","48313","Madison County, Texas","B27001_001",11405,332
"8894","48313","Madison County, Texas","B27001_002",5686,326
"8895","48313","Madison County, Texas","B27001_003",564,127
"8896","48313","Madison County, Texas","B27001_004",552,129
"8897","48313","Madison County, Texas","B27001_005",12,23
"8898","48313","Madison County, Texas","B27001_006",1254,199
"8899","48313","Madison County, Texas","B27001_007",1181,185
"8900","48313","Madison County, Texas","B27001_008",73,58
"8901","48313","Madison County, Texas","B27001_009",666,351
"8902","48313","Madison County, Texas","B27001_010",507,316
"8903","48313","Madison County, Texas","B27001_011",159,133
"8904","48313","Madison County, Texas","B27001_012",547,353
"8905","48313","Madison County, Texas","B27001_013",418,401
"8906","48313","Madison County, Texas","B27001_014",129,125
"8907","48313","Madison County, Texas","B27001_015",746,191
"8908","48313","Madison County, Texas","B27001_016",672,195
"8909","48313","Madison County, Texas","B27001_017",74,54
"8910","48313","Madison County, Texas","B27001_018",581,223
"8911","48313","Madison County, Texas","B27001_019",469,223
"8912","48313","Madison County, Texas","B27001_020",112,91
"8913","48313","Madison County, Texas","B27001_021",462,145
"8914","48313","Madison County, Texas","B27001_022",402,140
"8915","48313","Madison County, Texas","B27001_023",60,52
"8916","48313","Madison County, Texas","B27001_024",460,68
"8917","48313","Madison County, Texas","B27001_025",460,68
"8918","48313","Madison County, Texas","B27001_026",0,23
"8919","48313","Madison County, Texas","B27001_027",406,61
"8920","48313","Madison County, Texas","B27001_028",370,43
"8921","48313","Madison County, Texas","B27001_029",36,43
"8922","48313","Madison County, Texas","B27001_030",5719,100
"8923","48313","Madison County, Texas","B27001_031",356,84
"8924","48313","Madison County, Texas","B27001_032",324,89
"8925","48313","Madison County, Texas","B27001_033",32,36
"8926","48313","Madison County, Texas","B27001_034",1126,112
"8927","48313","Madison County, Texas","B27001_035",1078,128
"8928","48313","Madison County, Texas","B27001_036",48,41
"8929","48313","Madison County, Texas","B27001_037",353,132
"8930","48313","Madison County, Texas","B27001_038",229,103
"8931","48313","Madison County, Texas","B27001_039",124,150
"8932","48313","Madison County, Texas","B27001_040",716,175
"8933","48313","Madison County, Texas","B27001_041",489,152
"8934","48313","Madison County, Texas","B27001_042",227,117
"8935","48313","Madison County, Texas","B27001_043",851,92
"8936","48313","Madison County, Texas","B27001_044",780,93
"8937","48313","Madison County, Texas","B27001_045",71,45
"8938","48313","Madison County, Texas","B27001_046",560,84
"8939","48313","Madison County, Texas","B27001_047",482,103
"8940","48313","Madison County, Texas","B27001_048",78,64
"8941","48313","Madison County, Texas","B27001_049",692,84
"8942","48313","Madison County, Texas","B27001_050",475,119
"8943","48313","Madison County, Texas","B27001_051",217,103
"8944","48313","Madison County, Texas","B27001_052",626,81
"8945","48313","Madison County, Texas","B27001_053",607,85
"8946","48313","Madison County, Texas","B27001_054",19,32
"8947","48313","Madison County, Texas","B27001_055",439,92
"8948","48313","Madison County, Texas","B27001_056",439,92
"8949","48313","Madison County, Texas","B27001_057",0,23
"8950","48315","Marion County, Texas","B27001_001",9622,3
"8951","48315","Marion County, Texas","B27001_002",4771,134
"8952","48315","Marion County, Texas","B27001_003",281,82
"8953","48315","Marion County, Texas","B27001_004",281,82
"8954","48315","Marion County, Texas","B27001_005",0,21
"8955","48315","Marion County, Texas","B27001_006",569,135
"8956","48315","Marion County, Texas","B27001_007",464,121
"8957","48315","Marion County, Texas","B27001_008",105,79
"8958","48315","Marion County, Texas","B27001_009",365,80
"8959","48315","Marion County, Texas","B27001_010",313,93
"8960","48315","Marion County, Texas","B27001_011",52,43
"8961","48315","Marion County, Texas","B27001_012",441,103
"8962","48315","Marion County, Texas","B27001_013",278,103
"8963","48315","Marion County, Texas","B27001_014",163,77
"8964","48315","Marion County, Texas","B27001_015",471,117
"8965","48315","Marion County, Texas","B27001_016",266,122
"8966","48315","Marion County, Texas","B27001_017",205,118
"8967","48315","Marion County, Texas","B27001_018",522,81
"8968","48315","Marion County, Texas","B27001_019",367,105
"8969","48315","Marion County, Texas","B27001_020",155,75
"8970","48315","Marion County, Texas","B27001_021",934,101
"8971","48315","Marion County, Texas","B27001_022",755,141
"8972","48315","Marion County, Texas","B27001_023",179,122
"8973","48315","Marion County, Texas","B27001_024",710,81
"8974","48315","Marion County, Texas","B27001_025",710,81
"8975","48315","Marion County, Texas","B27001_026",0,21
"8976","48315","Marion County, Texas","B27001_027",478,33
"8977","48315","Marion County, Texas","B27001_028",478,33
"8978","48315","Marion County, Texas","B27001_029",0,21
"8979","48315","Marion County, Texas","B27001_030",4851,134
"8980","48315","Marion County, Texas","B27001_031",305,103
"8981","48315","Marion County, Texas","B27001_032",305,103
"8982","48315","Marion County, Texas","B27001_033",0,21
"8983","48315","Marion County, Texas","B27001_034",567,104
"8984","48315","Marion County, Texas","B27001_035",535,103
"8985","48315","Marion County, Texas","B27001_036",32,42
"8986","48315","Marion County, Texas","B27001_037",372,93
"8987","48315","Marion County, Texas","B27001_038",297,148
"8988","48315","Marion County, Texas","B27001_039",75,106
"8989","48315","Marion County, Texas","B27001_040",398,124
"8990","48315","Marion County, Texas","B27001_041",289,110
"8991","48315","Marion County, Texas","B27001_042",109,93
"8992","48315","Marion County, Texas","B27001_043",412,136
"8993","48315","Marion County, Texas","B27001_044",310,122
"8994","48315","Marion County, Texas","B27001_045",102,71
"8995","48315","Marion County, Texas","B27001_046",505,125
"8996","48315","Marion County, Texas","B27001_047",430,131
"8997","48315","Marion County, Texas","B27001_048",75,46
"8998","48315","Marion County, Texas","B27001_049",910,53
"8999","48315","Marion County, Texas","B27001_050",792,84
"9000","48315","Marion County, Texas","B27001_051",118,63
"9001","48315","Marion County, Texas","B27001_052",816,75
"9002","48315","Marion County, Texas","B27001_053",807,77
"9003","48315","Marion County, Texas","B27001_054",9,14
"9004","48315","Marion County, Texas","B27001_055",566,48
"9005","48315","Marion County, Texas","B27001_056",566,48
"9006","48315","Marion County, Texas","B27001_057",0,21
"9007","48317","Martin County, Texas","B27001_001",5157,36
"9008","48317","Martin County, Texas","B27001_002",3005,124
"9009","48317","Martin County, Texas","B27001_003",222,90
"9010","48317","Martin County, Texas","B27001_004",143,47
"9011","48317","Martin County, Texas","B27001_005",79,70
"9012","48317","Martin County, Texas","B27001_006",963,145
"9013","48317","Martin County, Texas","B27001_007",851,172
"9014","48317","Martin County, Texas","B27001_008",112,79
"9015","48317","Martin County, Texas","B27001_009",166,62
"9016","48317","Martin County, Texas","B27001_010",140,62
"9017","48317","Martin County, Texas","B27001_011",26,28
"9018","48317","Martin County, Texas","B27001_012",131,60
"9019","48317","Martin County, Texas","B27001_013",53,43
"9020","48317","Martin County, Texas","B27001_014",78,57
"9021","48317","Martin County, Texas","B27001_015",539,105
"9022","48317","Martin County, Texas","B27001_016",433,107
"9023","48317","Martin County, Texas","B27001_017",106,70
"9024","48317","Martin County, Texas","B27001_018",341,107
"9025","48317","Martin County, Texas","B27001_019",329,110
"9026","48317","Martin County, Texas","B27001_020",12,12
"9027","48317","Martin County, Texas","B27001_021",350,65
"9028","48317","Martin County, Texas","B27001_022",201,58
"9029","48317","Martin County, Texas","B27001_023",149,68
"9030","48317","Martin County, Texas","B27001_024",238,61
"9031","48317","Martin County, Texas","B27001_025",238,61
"9032","48317","Martin County, Texas","B27001_026",0,21
"9033","48317","Martin County, Texas","B27001_027",55,39
"9034","48317","Martin County, Texas","B27001_028",55,39
"9035","48317","Martin County, Texas","B27001_029",0,21
"9036","48317","Martin County, Texas","B27001_030",2152,117
"9037","48317","Martin County, Texas","B27001_031",78,30
"9038","48317","Martin County, Texas","B27001_032",78,30
"9039","48317","Martin County, Texas","B27001_033",0,21
"9040","48317","Martin County, Texas","B27001_034",401,108
"9041","48317","Martin County, Texas","B27001_035",309,78
"9042","48317","Martin County, Texas","B27001_036",92,57
"9043","48317","Martin County, Texas","B27001_037",93,44
"9044","48317","Martin County, Texas","B27001_038",78,43
"9045","48317","Martin County, Texas","B27001_039",15,16
"9046","48317","Martin County, Texas","B27001_040",385,63
"9047","48317","Martin County, Texas","B27001_041",254,89
"9048","48317","Martin County, Texas","B27001_042",131,81
"9049","48317","Martin County, Texas","B27001_043",255,79
"9050","48317","Martin County, Texas","B27001_044",219,83
"9051","48317","Martin County, Texas","B27001_045",36,30
"9052","48317","Martin County, Texas","B27001_046",350,85
"9053","48317","Martin County, Texas","B27001_047",330,88
"9054","48317","Martin County, Texas","B27001_048",20,16
"9055","48317","Martin County, Texas","B27001_049",338,52
"9056","48317","Martin County, Texas","B27001_050",313,60
"9057","48317","Martin County, Texas","B27001_051",25,27
"9058","48317","Martin County, Texas","B27001_052",169,52
"9059","48317","Martin County, Texas","B27001_053",169,52
"9060","48317","Martin County, Texas","B27001_054",0,21
"9061","48317","Martin County, Texas","B27001_055",83,39
"9062","48317","Martin County, Texas","B27001_056",83,39
"9063","48317","Martin County, Texas","B27001_057",0,21
"9064","48319","Mason County, Texas","B27001_001",3947,11
"9065","48319","Mason County, Texas","B27001_002",2019,111
"9066","48319","Mason County, Texas","B27001_003",153,104
"9067","48319","Mason County, Texas","B27001_004",153,104
"9068","48319","Mason County, Texas","B27001_005",0,15
"9069","48319","Mason County, Texas","B27001_006",326,89
"9070","48319","Mason County, Texas","B27001_007",218,62
"9071","48319","Mason County, Texas","B27001_008",108,83
"9072","48319","Mason County, Texas","B27001_009",121,47
"9073","48319","Mason County, Texas","B27001_010",49,64
"9074","48319","Mason County, Texas","B27001_011",72,46
"9075","48319","Mason County, Texas","B27001_012",146,91
"9076","48319","Mason County, Texas","B27001_013",113,80
"9077","48319","Mason County, Texas","B27001_014",33,39
"9078","48319","Mason County, Texas","B27001_015",224,70
"9079","48319","Mason County, Texas","B27001_016",219,70
"9080","48319","Mason County, Texas","B27001_017",5,9
"9081","48319","Mason County, Texas","B27001_018",147,60
"9082","48319","Mason County, Texas","B27001_019",121,63
"9083","48319","Mason County, Texas","B27001_020",26,31
"9084","48319","Mason County, Texas","B27001_021",282,78
"9085","48319","Mason County, Texas","B27001_022",200,89
"9086","48319","Mason County, Texas","B27001_023",82,65
"9087","48319","Mason County, Texas","B27001_024",284,72
"9088","48319","Mason County, Texas","B27001_025",284,72
"9089","48319","Mason County, Texas","B27001_026",0,15
"9090","48319","Mason County, Texas","B27001_027",336,66
"9091","48319","Mason County, Texas","B27001_028",336,66
"9092","48319","Mason County, Texas","B27001_029",0,15
"9093","48319","Mason County, Texas","B27001_030",1928,110
"9094","48319","Mason County, Texas","B27001_031",91,52
"9095","48319","Mason County, Texas","B27001_032",74,50
"9096","48319","Mason County, Texas","B27001_033",17,23
"9097","48319","Mason County, Texas","B27001_034",218,67
"9098","48319","Mason County, Texas","B27001_035",218,67
"9099","48319","Mason County, Texas","B27001_036",0,15
"9100","48319","Mason County, Texas","B27001_037",81,51
"9101","48319","Mason County, Texas","B27001_038",60,60
"9102","48319","Mason County, Texas","B27001_039",21,35
"9103","48319","Mason County, Texas","B27001_040",67,33
"9104","48319","Mason County, Texas","B27001_041",67,33
"9105","48319","Mason County, Texas","B27001_042",0,15
"9106","48319","Mason County, Texas","B27001_043",288,81
"9107","48319","Mason County, Texas","B27001_044",167,54
"9108","48319","Mason County, Texas","B27001_045",121,74
"9109","48319","Mason County, Texas","B27001_046",152,74
"9110","48319","Mason County, Texas","B27001_047",113,52
"9111","48319","Mason County, Texas","B27001_048",39,47
"9112","48319","Mason County, Texas","B27001_049",260,65
"9113","48319","Mason County, Texas","B27001_050",251,66
"9114","48319","Mason County, Texas","B27001_051",9,14
"9115","48319","Mason County, Texas","B27001_052",462,80
"9116","48319","Mason County, Texas","B27001_053",462,80
"9117","48319","Mason County, Texas","B27001_054",0,15
"9118","48319","Mason County, Texas","B27001_055",309,61
"9119","48319","Mason County, Texas","B27001_056",309,61
"9120","48319","Mason County, Texas","B27001_057",0,15
"9121","48321","Matagorda County, Texas","B27001_001",35987,19
"9122","48321","Matagorda County, Texas","B27001_002",17566,391
"9123","48321","Matagorda County, Texas","B27001_003",1184,219
"9124","48321","Matagorda County, Texas","B27001_004",974,253
"9125","48321","Matagorda County, Texas","B27001_005",210,138
"9126","48321","Matagorda County, Texas","B27001_006",3195,403
"9127","48321","Matagorda County, Texas","B27001_007",2893,420
"9128","48321","Matagorda County, Texas","B27001_008",302,150
"9129","48321","Matagorda County, Texas","B27001_009",1599,260
"9130","48321","Matagorda County, Texas","B27001_010",687,278
"9131","48321","Matagorda County, Texas","B27001_011",912,312
"9132","48321","Matagorda County, Texas","B27001_012",2155,300
"9133","48321","Matagorda County, Texas","B27001_013",1522,340
"9134","48321","Matagorda County, Texas","B27001_014",633,228
"9135","48321","Matagorda County, Texas","B27001_015",2184,179
"9136","48321","Matagorda County, Texas","B27001_016",1685,231
"9137","48321","Matagorda County, Texas","B27001_017",499,230
"9138","48321","Matagorda County, Texas","B27001_018",1789,119
"9139","48321","Matagorda County, Texas","B27001_019",1504,185
"9140","48321","Matagorda County, Texas","B27001_020",285,126
"9141","48321","Matagorda County, Texas","B27001_021",2350,109
"9142","48321","Matagorda County, Texas","B27001_022",1921,125
"9143","48321","Matagorda County, Texas","B27001_023",429,149
"9144","48321","Matagorda County, Texas","B27001_024",2058,83
"9145","48321","Matagorda County, Texas","B27001_025",2029,88
"9146","48321","Matagorda County, Texas","B27001_026",29,47
"9147","48321","Matagorda County, Texas","B27001_027",1052,71
"9148","48321","Matagorda County, Texas","B27001_028",1052,71
"9149","48321","Matagorda County, Texas","B27001_029",0,31
"9150","48321","Matagorda County, Texas","B27001_030",18421,395
"9151","48321","Matagorda County, Texas","B27001_031",1722,253
"9152","48321","Matagorda County, Texas","B27001_032",1382,266
"9153","48321","Matagorda County, Texas","B27001_033",340,237
"9154","48321","Matagorda County, Texas","B27001_034",3593,293
"9155","48321","Matagorda County, Texas","B27001_035",3213,342
"9156","48321","Matagorda County, Texas","B27001_036",380,263
"9157","48321","Matagorda County, Texas","B27001_037",1094,185
"9158","48321","Matagorda County, Texas","B27001_038",619,172
"9159","48321","Matagorda County, Texas","B27001_039",475,192
"9160","48321","Matagorda County, Texas","B27001_040",2211,98
"9161","48321","Matagorda County, Texas","B27001_041",1507,255
"9162","48321","Matagorda County, Texas","B27001_042",704,266
"9163","48321","Matagorda County, Texas","B27001_043",2065,130
"9164","48321","Matagorda County, Texas","B27001_044",1711,193
"9165","48321","Matagorda County, Texas","B27001_045",354,158
"9166","48321","Matagorda County, Texas","B27001_046",1999,130
"9167","48321","Matagorda County, Texas","B27001_047",1398,201
"9168","48321","Matagorda County, Texas","B27001_048",601,213
"9169","48321","Matagorda County, Texas","B27001_049",2444,91
"9170","48321","Matagorda County, Texas","B27001_050",2167,145
"9171","48321","Matagorda County, Texas","B27001_051",277,134
"9172","48321","Matagorda County, Texas","B27001_052",1915,41
"9173","48321","Matagorda County, Texas","B27001_053",1915,41
"9174","48321","Matagorda County, Texas","B27001_054",0,31
"9175","48321","Matagorda County, Texas","B27001_055",1378,82
"9176","48321","Matagorda County, Texas","B27001_056",1378,82
"9177","48321","Matagorda County, Texas","B27001_057",0,31
"9178","48323","Maverick County, Texas","B27001_001",57643,35
"9179","48323","Maverick County, Texas","B27001_002",28850,214
"9180","48323","Maverick County, Texas","B27001_003",2853,220
"9181","48323","Maverick County, Texas","B27001_004",2770,203
"9182","48323","Maverick County, Texas","B27001_005",83,84
"9183","48323","Maverick County, Texas","B27001_006",6986,307
"9184","48323","Maverick County, Texas","B27001_007",5986,436
"9185","48323","Maverick County, Texas","B27001_008",1000,335
"9186","48323","Maverick County, Texas","B27001_009",3223,290
"9187","48323","Maverick County, Texas","B27001_010",2080,352
"9188","48323","Maverick County, Texas","B27001_011",1143,249
"9189","48323","Maverick County, Texas","B27001_012",3845,356
"9190","48323","Maverick County, Texas","B27001_013",2510,473
"9191","48323","Maverick County, Texas","B27001_014",1335,275
"9192","48323","Maverick County, Texas","B27001_015",3352,102
"9193","48323","Maverick County, Texas","B27001_016",2310,231
"9194","48323","Maverick County, Texas","B27001_017",1042,239
"9195","48323","Maverick County, Texas","B27001_018",3192,96
"9196","48323","Maverick County, Texas","B27001_019",2336,266
"9197","48323","Maverick County, Texas","B27001_020",856,272
"9198","48323","Maverick County, Texas","B27001_021",2421,41
"9199","48323","Maverick County, Texas","B27001_022",1727,212
"9200","48323","Maverick County, Texas","B27001_023",694,205
"9201","48323","Maverick County, Texas","B27001_024",1819,38
"9202","48323","Maverick County, Texas","B27001_025",1782,54
"9203","48323","Maverick County, Texas","B27001_026",37,43
"9204","48323","Maverick County, Texas","B27001_027",1159,37
"9205","48323","Maverick County, Texas","B27001_028",1154,39
"9206","48323","Maverick County, Texas","B27001_029",5,8
"9207","48323","Maverick County, Texas","B27001_030",28793,215
"9208","48323","Maverick County, Texas","B27001_031",3040,234
"9209","48323","Maverick County, Texas","B27001_032",2926,269
"9210","48323","Maverick County, Texas","B27001_033",114,131
"9211","48323","Maverick County, Texas","B27001_034",6127,332
"9212","48323","Maverick County, Texas","B27001_035",5063,400
"9213","48323","Maverick County, Texas","B27001_036",1064,321
"9214","48323","Maverick County, Texas","B27001_037",2832,264
"9215","48323","Maverick County, Texas","B27001_038",1529,294
"9216","48323","Maverick County, Texas","B27001_039",1303,387
"9217","48323","Maverick County, Texas","B27001_040",3422,232
"9218","48323","Maverick County, Texas","B27001_041",2149,280
"9219","48323","Maverick County, Texas","B27001_042",1273,319
"9220","48323","Maverick County, Texas","B27001_043",3260,81
"9221","48323","Maverick County, Texas","B27001_044",1955,283
"9222","48323","Maverick County, Texas","B27001_045",1305,274
"9223","48323","Maverick County, Texas","B27001_046",3496,159
"9224","48323","Maverick County, Texas","B27001_047",2354,264
"9225","48323","Maverick County, Texas","B27001_048",1142,255
"9226","48323","Maverick County, Texas","B27001_049",2785,72
"9227","48323","Maverick County, Texas","B27001_050",1835,262
"9228","48323","Maverick County, Texas","B27001_051",950,255
"9229","48323","Maverick County, Texas","B27001_052",2200,71
"9230","48323","Maverick County, Texas","B27001_053",2075,142
"9231","48323","Maverick County, Texas","B27001_054",125,131
"9232","48323","Maverick County, Texas","B27001_055",1631,83
"9233","48323","Maverick County, Texas","B27001_056",1623,84
"9234","48323","Maverick County, Texas","B27001_057",8,14
"9235","48325","Medina County, Texas","B27001_001",51077,152
"9236","48325","Medina County, Texas","B27001_002",25681,193
"9237","48325","Medina County, Texas","B27001_003",1690,106
"9238","48325","Medina County, Texas","B27001_004",1649,113
"9239","48325","Medina County, Texas","B27001_005",41,44
"9240","48325","Medina County, Texas","B27001_006",4892,234
"9241","48325","Medina County, Texas","B27001_007",4447,255
"9242","48325","Medina County, Texas","B27001_008",445,182
"9243","48325","Medina County, Texas","B27001_009",2198,255
"9244","48325","Medina County, Texas","B27001_010",1724,341
"9245","48325","Medina County, Texas","B27001_011",474,247
"9246","48325","Medina County, Texas","B27001_012",2535,145
"9247","48325","Medina County, Texas","B27001_013",1657,220
"9248","48325","Medina County, Texas","B27001_014",878,218
"9249","48325","Medina County, Texas","B27001_015",3049,114
"9250","48325","Medina County, Texas","B27001_016",2477,295
"9251","48325","Medina County, Texas","B27001_017",572,273
"9252","48325","Medina County, Texas","B27001_018",3427,147
"9253","48325","Medina County, Texas","B27001_019",2984,256
"9254","48325","Medina County, Texas","B27001_020",443,215
"9255","48325","Medina County, Texas","B27001_021",3498,107
"9256","48325","Medina County, Texas","B27001_022",3166,172
"9257","48325","Medina County, Texas","B27001_023",332,143
"9258","48325","Medina County, Texas","B27001_024",2692,88
"9259","48325","Medina County, Texas","B27001_025",2669,95
"9260","48325","Medina County, Texas","B27001_026",23,33
"9261","48325","Medina County, Texas","B27001_027",1700,65
"9262","48325","Medina County, Texas","B27001_028",1700,65
"9263","48325","Medina County, Texas","B27001_029",0,35
"9264","48325","Medina County, Texas","B27001_030",25396,131
"9265","48325","Medina County, Texas","B27001_031",1807,161
"9266","48325","Medina County, Texas","B27001_032",1637,187
"9267","48325","Medina County, Texas","B27001_033",170,82
"9268","48325","Medina County, Texas","B27001_034",4401,189
"9269","48325","Medina County, Texas","B27001_035",3936,252
"9270","48325","Medina County, Texas","B27001_036",465,204
"9271","48325","Medina County, Texas","B27001_037",1945,156
"9272","48325","Medina County, Texas","B27001_038",1644,195
"9273","48325","Medina County, Texas","B27001_039",301,173
"9274","48325","Medina County, Texas","B27001_040",2574,144
"9275","48325","Medina County, Texas","B27001_041",1985,294
"9276","48325","Medina County, Texas","B27001_042",589,247
"9277","48325","Medina County, Texas","B27001_043",3137,52
"9278","48325","Medina County, Texas","B27001_044",2708,220
"9279","48325","Medina County, Texas","B27001_045",429,221
"9280","48325","Medina County, Texas","B27001_046",3278,96
"9281","48325","Medina County, Texas","B27001_047",2888,152
"9282","48325","Medina County, Texas","B27001_048",390,166
"9283","48325","Medina County, Texas","B27001_049",3417,80
"9284","48325","Medina County, Texas","B27001_050",3037,148
"9285","48325","Medina County, Texas","B27001_051",380,148
"9286","48325","Medina County, Texas","B27001_052",2839,75
"9287","48325","Medina County, Texas","B27001_053",2839,75
"9288","48325","Medina County, Texas","B27001_054",0,35
"9289","48325","Medina County, Texas","B27001_055",1998,69
"9290","48325","Medina County, Texas","B27001_056",1984,71
"9291","48325","Medina County, Texas","B27001_057",14,20
"9292","48327","Menard County, Texas","B27001_001",1909,9
"9293","48327","Menard County, Texas","B27001_002",942,108
"9294","48327","Menard County, Texas","B27001_003",99,60
"9295","48327","Menard County, Texas","B27001_004",43,39
"9296","48327","Menard County, Texas","B27001_005",56,56
"9297","48327","Menard County, Texas","B27001_006",121,59
"9298","48327","Menard County, Texas","B27001_007",68,50
"9299","48327","Menard County, Texas","B27001_008",53,46
"9300","48327","Menard County, Texas","B27001_009",26,39
"9301","48327","Menard County, Texas","B27001_010",0,15
"9302","48327","Menard County, Texas","B27001_011",26,39
"9303","48327","Menard County, Texas","B27001_012",104,72
"9304","48327","Menard County, Texas","B27001_013",59,62
"9305","48327","Menard County, Texas","B27001_014",45,40
"9306","48327","Menard County, Texas","B27001_015",51,43
"9307","48327","Menard County, Texas","B27001_016",27,39
"9308","48327","Menard County, Texas","B27001_017",24,26
"9309","48327","Menard County, Texas","B27001_018",48,40
"9310","48327","Menard County, Texas","B27001_019",0,15
"9311","48327","Menard County, Texas","B27001_020",48,40
"9312","48327","Menard County, Texas","B27001_021",173,100
"9313","48327","Menard County, Texas","B27001_022",151,96
"9314","48327","Menard County, Texas","B27001_023",22,35
"9315","48327","Menard County, Texas","B27001_024",121,57
"9316","48327","Menard County, Texas","B27001_025",121,57
"9317","48327","Menard County, Texas","B27001_026",0,15
"9318","48327","Menard County, Texas","B27001_027",199,72
"9319","48327","Menard County, Texas","B27001_028",199,72
"9320","48327","Menard County, Texas","B27001_029",0,15
"9321","48327","Menard County, Texas","B27001_030",967,107
"9322","48327","Menard County, Texas","B27001_031",19,22
"9323","48327","Menard County, Texas","B27001_032",19,22
"9324","48327","Menard County, Texas","B27001_033",0,15
"9325","48327","Menard County, Texas","B27001_034",193,65
"9326","48327","Menard County, Texas","B27001_035",128,83
"9327","48327","Menard County, Texas","B27001_036",65,59
"9328","48327","Menard County, Texas","B27001_037",8,17
"9329","48327","Menard County, Texas","B27001_038",8,17
"9330","48327","Menard County, Texas","B27001_039",0,15
"9331","48327","Menard County, Texas","B27001_040",69,54
"9332","48327","Menard County, Texas","B27001_041",53,42
"9333","48327","Menard County, Texas","B27001_042",16,26
"9334","48327","Menard County, Texas","B27001_043",54,53
"9335","48327","Menard County, Texas","B27001_044",54,53
"9336","48327","Menard County, Texas","B27001_045",0,15
"9337","48327","Menard County, Texas","B27001_046",101,56
"9338","48327","Menard County, Texas","B27001_047",59,43
"9339","48327","Menard County, Texas","B27001_048",42,44
"9340","48327","Menard County, Texas","B27001_049",226,88
"9341","48327","Menard County, Texas","B27001_050",172,96
"9342","48327","Menard County, Texas","B27001_051",54,52
"9343","48327","Menard County, Texas","B27001_052",93,56
"9344","48327","Menard County, Texas","B27001_053",93,56
"9345","48327","Menard County, Texas","B27001_054",0,15
"9346","48327","Menard County, Texas","B27001_055",204,90
"9347","48327","Menard County, Texas","B27001_056",204,90
"9348","48327","Menard County, Texas","B27001_057",0,15
"9349","48329","Midland County, Texas","B27001_001",173380,236
"9350","48329","Midland County, Texas","B27001_002",87988,539
"9351","48329","Midland County, Texas","B27001_003",9304,861
"9352","48329","Midland County, Texas","B27001_004",8709,900
"9353","48329","Midland County, Texas","B27001_005",595,246
"9354","48329","Midland County, Texas","B27001_006",18228,803
"9355","48329","Midland County, Texas","B27001_007",16055,796
"9356","48329","Midland County, Texas","B27001_008",2173,518
"9357","48329","Midland County, Texas","B27001_009",7392,582
"9358","48329","Midland County, Texas","B27001_010",5489,603
"9359","48329","Midland County, Texas","B27001_011",1903,575
"9360","48329","Midland County, Texas","B27001_012",13145,495
"9361","48329","Midland County, Texas","B27001_013",10952,669
"9362","48329","Midland County, Texas","B27001_014",2193,614
"9363","48329","Midland County, Texas","B27001_015",14372,432
"9364","48329","Midland County, Texas","B27001_016",11571,708
"9365","48329","Midland County, Texas","B27001_017",2801,651
"9366","48329","Midland County, Texas","B27001_018",9203,399
"9367","48329","Midland County, Texas","B27001_019",7682,560
"9368","48329","Midland County, Texas","B27001_020",1521,388
"9369","48329","Midland County, Texas","B27001_021",8151,107
"9370","48329","Midland County, Texas","B27001_022",6937,345
"9371","48329","Midland County, Texas","B27001_023",1214,356
"9372","48329","Midland County, Texas","B27001_024",5433,109
"9373","48329","Midland County, Texas","B27001_025",5382,125
"9374","48329","Midland County, Texas","B27001_026",51,54
"9375","48329","Midland County, Texas","B27001_027",2760,117
"9376","48329","Midland County, Texas","B27001_028",2753,116
"9377","48329","Midland County, Texas","B27001_029",7,11
"9378","48329","Midland County, Texas","B27001_030",85392,484
"9379","48329","Midland County, Texas","B27001_031",8358,535
"9380","48329","Midland County, Texas","B27001_032",7333,549
"9381","48329","Midland County, Texas","B27001_033",1025,425
"9382","48329","Midland County, Texas","B27001_034",16989,556
"9383","48329","Midland County, Texas","B27001_035",14765,656
"9384","48329","Midland County, Texas","B27001_036",2224,480
"9385","48329","Midland County, Texas","B27001_037",7494,474
"9386","48329","Midland County, Texas","B27001_038",5927,639
"9387","48329","Midland County, Texas","B27001_039",1567,424
"9388","48329","Midland County, Texas","B27001_040",12887,406
"9389","48329","Midland County, Texas","B27001_041",10139,677
"9390","48329","Midland County, Texas","B27001_042",2748,553
"9391","48329","Midland County, Texas","B27001_043",12632,146
"9392","48329","Midland County, Texas","B27001_044",9703,601
"9393","48329","Midland County, Texas","B27001_045",2929,575
"9394","48329","Midland County, Texas","B27001_046",8673,140
"9395","48329","Midland County, Texas","B27001_047",7612,329
"9396","48329","Midland County, Texas","B27001_048",1061,351
"9397","48329","Midland County, Texas","B27001_049",8107,119
"9398","48329","Midland County, Texas","B27001_050",7037,392
"9399","48329","Midland County, Texas","B27001_051",1070,371
"9400","48329","Midland County, Texas","B27001_052",6022,120
"9401","48329","Midland County, Texas","B27001_053",5953,137
"9402","48329","Midland County, Texas","B27001_054",69,69
"9403","48329","Midland County, Texas","B27001_055",4230,99
"9404","48329","Midland County, Texas","B27001_056",4214,102
"9405","48329","Midland County, Texas","B27001_057",16,25
"9406","48331","Milam County, Texas","B27001_001",25041,18
"9407","48331","Milam County, Texas","B27001_002",12475,165
"9408","48331","Milam County, Texas","B27001_003",978,118
"9409","48331","Milam County, Texas","B27001_004",907,125
"9410","48331","Milam County, Texas","B27001_005",71,67
"9411","48331","Milam County, Texas","B27001_006",2172,184
"9412","48331","Milam County, Texas","B27001_007",1692,232
"9413","48331","Milam County, Texas","B27001_008",480,208
"9414","48331","Milam County, Texas","B27001_009",1149,168
"9415","48331","Milam County, Texas","B27001_010",816,149
"9416","48331","Milam County, Texas","B27001_011",333,147
"9417","48331","Milam County, Texas","B27001_012",1151,157
"9418","48331","Milam County, Texas","B27001_013",782,176
"9419","48331","Milam County, Texas","B27001_014",369,124
"9420","48331","Milam County, Texas","B27001_015",1477,104
"9421","48331","Milam County, Texas","B27001_016",1137,158
"9422","48331","Milam County, Texas","B27001_017",340,160
"9423","48331","Milam County, Texas","B27001_018",1406,85
"9424","48331","Milam County, Texas","B27001_019",1073,140
"9425","48331","Milam County, Texas","B27001_020",333,142
"9426","48331","Milam County, Texas","B27001_021",1663,55
"9427","48331","Milam County, Texas","B27001_022",1451,97
"9428","48331","Milam County, Texas","B27001_023",212,93
"9429","48331","Milam County, Texas","B27001_024",1552,88
"9430","48331","Milam County, Texas","B27001_025",1539,87
"9431","48331","Milam County, Texas","B27001_026",13,21
"9432","48331","Milam County, Texas","B27001_027",927,70
"9433","48331","Milam County, Texas","B27001_028",927,70
"9434","48331","Milam County, Texas","B27001_029",0,28
"9435","48331","Milam County, Texas","B27001_030",12566,162
"9436","48331","Milam County, Texas","B27001_031",794,91
"9437","48331","Milam County, Texas","B27001_032",644,111
"9438","48331","Milam County, Texas","B27001_033",150,101
"9439","48331","Milam County, Texas","B27001_034",1963,150
"9440","48331","Milam County, Texas","B27001_035",1766,212
"9441","48331","Milam County, Texas","B27001_036",197,137
"9442","48331","Milam County, Texas","B27001_037",851,151
"9443","48331","Milam County, Texas","B27001_038",707,153
"9444","48331","Milam County, Texas","B27001_039",144,84
"9445","48331","Milam County, Texas","B27001_040",1349,208
"9446","48331","Milam County, Texas","B27001_041",945,224
"9447","48331","Milam County, Texas","B27001_042",404,152
"9448","48331","Milam County, Texas","B27001_043",1478,93
"9449","48331","Milam County, Texas","B27001_044",1159,128
"9450","48331","Milam County, Texas","B27001_045",319,115
"9451","48331","Milam County, Texas","B27001_046",1509,77
"9452","48331","Milam County, Texas","B27001_047",1162,151
"9453","48331","Milam County, Texas","B27001_048",347,147
"9454","48331","Milam County, Texas","B27001_049",1741,29
"9455","48331","Milam County, Texas","B27001_050",1536,106
"9456","48331","Milam County, Texas","B27001_051",205,104
"9457","48331","Milam County, Texas","B27001_052",1766,161
"9458","48331","Milam County, Texas","B27001_053",1766,161
"9459","48331","Milam County, Texas","B27001_054",0,28
"9460","48331","Milam County, Texas","B27001_055",1115,105
"9461","48331","Milam County, Texas","B27001_056",1111,105
"9462","48331","Milam County, Texas","B27001_057",4,6
"9463","48333","Mills County, Texas","B27001_001",4357,8
"9464","48333","Mills County, Texas","B27001_002",2236,89
"9465","48333","Mills County, Texas","B27001_003",102,40
"9466","48333","Mills County, Texas","B27001_004",102,40
"9467","48333","Mills County, Texas","B27001_005",0,15
"9468","48333","Mills County, Texas","B27001_006",481,102
"9469","48333","Mills County, Texas","B27001_007",460,99
"9470","48333","Mills County, Texas","B27001_008",21,17
"9471","48333","Mills County, Texas","B27001_009",121,45
"9472","48333","Mills County, Texas","B27001_010",88,37
"9473","48333","Mills County, Texas","B27001_011",33,37
"9474","48333","Mills County, Texas","B27001_012",160,71
"9475","48333","Mills County, Texas","B27001_013",124,69
"9476","48333","Mills County, Texas","B27001_014",36,25
"9477","48333","Mills County, Texas","B27001_015",211,65
"9478","48333","Mills County, Texas","B27001_016",169,59
"9479","48333","Mills County, Texas","B27001_017",42,24
"9480","48333","Mills County, Texas","B27001_018",298,75
"9481","48333","Mills County, Texas","B27001_019",255,77
"9482","48333","Mills County, Texas","B27001_020",43,31
"9483","48333","Mills County, Texas","B27001_021",332,77
"9484","48333","Mills County, Texas","B27001_022",269,65
"9485","48333","Mills County, Texas","B27001_023",63,37
"9486","48333","Mills County, Texas","B27001_024",329,68
"9487","48333","Mills County, Texas","B27001_025",329,68
"9488","48333","Mills County, Texas","B27001_026",0,15
"9489","48333","Mills County, Texas","B27001_027",202,61
"9490","48333","Mills County, Texas","B27001_028",202,61
"9491","48333","Mills County, Texas","B27001_029",0,15
"9492","48333","Mills County, Texas","B27001_030",2121,89
"9493","48333","Mills County, Texas","B27001_031",41,26
"9494","48333","Mills County, Texas","B27001_032",41,26
"9495","48333","Mills County, Texas","B27001_033",0,15
"9496","48333","Mills County, Texas","B27001_034",370,84
"9497","48333","Mills County, Texas","B27001_035",329,80
"9498","48333","Mills County, Texas","B27001_036",41,26
"9499","48333","Mills County, Texas","B27001_037",108,53
"9500","48333","Mills County, Texas","B27001_038",79,48
"9501","48333","Mills County, Texas","B27001_039",29,23
"9502","48333","Mills County, Texas","B27001_040",180,49
"9503","48333","Mills County, Texas","B27001_041",142,56
"9504","48333","Mills County, Texas","B27001_042",38,31
"9505","48333","Mills County, Texas","B27001_043",237,59
"9506","48333","Mills County, Texas","B27001_044",202,59
"9507","48333","Mills County, Texas","B27001_045",35,22
"9508","48333","Mills County, Texas","B27001_046",316,74
"9509","48333","Mills County, Texas","B27001_047",275,76
"9510","48333","Mills County, Texas","B27001_048",41,36
"9511","48333","Mills County, Texas","B27001_049",305,62
"9512","48333","Mills County, Texas","B27001_050",256,60
"9513","48333","Mills County, Texas","B27001_051",49,35
"9514","48333","Mills County, Texas","B27001_052",297,73
"9515","48333","Mills County, Texas","B27001_053",297,73
"9516","48333","Mills County, Texas","B27001_054",0,15
"9517","48333","Mills County, Texas","B27001_055",267,61
"9518","48333","Mills County, Texas","B27001_056",266,61
"9519","48333","Mills County, Texas","B27001_057",1,2
"9520","48335","Mitchell County, Texas","B27001_001",7622,56
"9521","48335","Mitchell County, Texas","B27001_002",4382,166
"9522","48335","Mitchell County, Texas","B27001_003",463,204
"9523","48335","Mitchell County, Texas","B27001_004",457,206
"9524","48335","Mitchell County, Texas","B27001_005",6,12
"9525","48335","Mitchell County, Texas","B27001_006",765,167
"9526","48335","Mitchell County, Texas","B27001_007",687,165
"9527","48335","Mitchell County, Texas","B27001_008",78,68
"9528","48335","Mitchell County, Texas","B27001_009",503,149
"9529","48335","Mitchell County, Texas","B27001_010",326,158
"9530","48335","Mitchell County, Texas","B27001_011",177,153
"9531","48335","Mitchell County, Texas","B27001_012",640,198
"9532","48335","Mitchell County, Texas","B27001_013",412,150
"9533","48335","Mitchell County, Texas","B27001_014",228,169
"9534","48335","Mitchell County, Texas","B27001_015",354,158
"9535","48335","Mitchell County, Texas","B27001_016",316,151
"9536","48335","Mitchell County, Texas","B27001_017",38,42
"9537","48335","Mitchell County, Texas","B27001_018",614,141
"9538","48335","Mitchell County, Texas","B27001_019",495,132
"9539","48335","Mitchell County, Texas","B27001_020",119,80
"9540","48335","Mitchell County, Texas","B27001_021",485,35
"9541","48335","Mitchell County, Texas","B27001_022",310,70
"9542","48335","Mitchell County, Texas","B27001_023",175,66
"9543","48335","Mitchell County, Texas","B27001_024",363,36
"9544","48335","Mitchell County, Texas","B27001_025",354,41
"9545","48335","Mitchell County, Texas","B27001_026",9,17
"9546","48335","Mitchell County, Texas","B27001_027",195,45
"9547","48335","Mitchell County, Texas","B27001_028",195,45
"9548","48335","Mitchell County, Texas","B27001_029",0,21
"9549","48335","Mitchell County, Texas","B27001_030",3240,161
"9550","48335","Mitchell County, Texas","B27001_031",104,61
"9551","48335","Mitchell County, Texas","B27001_032",104,61
"9552","48335","Mitchell County, Texas","B27001_033",0,21
"9553","48335","Mitchell County, Texas","B27001_034",642,129
"9554","48335","Mitchell County, Texas","B27001_035",617,122
"9555","48335","Mitchell County, Texas","B27001_036",25,32
"9556","48335","Mitchell County, Texas","B27001_037",224,89
"9557","48335","Mitchell County, Texas","B27001_038",72,50
"9558","48335","Mitchell County, Texas","B27001_039",152,90
"9559","48335","Mitchell County, Texas","B27001_040",265,94
"9560","48335","Mitchell County, Texas","B27001_041",184,96
"9561","48335","Mitchell County, Texas","B27001_042",81,67
"9562","48335","Mitchell County, Texas","B27001_043",378,84
"9563","48335","Mitchell County, Texas","B27001_044",305,79
"9564","48335","Mitchell County, Texas","B27001_045",73,65
"9565","48335","Mitchell County, Texas","B27001_046",493,99
"9566","48335","Mitchell County, Texas","B27001_047",396,118
"9567","48335","Mitchell County, Texas","B27001_048",97,68
"9568","48335","Mitchell County, Texas","B27001_049",456,40
"9569","48335","Mitchell County, Texas","B27001_050",378,44
"9570","48335","Mitchell County, Texas","B27001_051",78,51
"9571","48335","Mitchell County, Texas","B27001_052",372,51
"9572","48335","Mitchell County, Texas","B27001_053",372,51
"9573","48335","Mitchell County, Texas","B27001_054",0,21
"9574","48335","Mitchell County, Texas","B27001_055",306,49
"9575","48335","Mitchell County, Texas","B27001_056",306,49
"9576","48335","Mitchell County, Texas","B27001_057",0,21
"9577","48337","Montague County, Texas","B27001_001",20772,17
"9578","48337","Montague County, Texas","B27001_002",10278,145
"9579","48337","Montague County, Texas","B27001_003",560,92
"9580","48337","Montague County, Texas","B27001_004",490,49
"9581","48337","Montague County, Texas","B27001_005",70,85
"9582","48337","Montague County, Texas","B27001_006",2022,130
"9583","48337","Montague County, Texas","B27001_007",1913,139
"9584","48337","Montague County, Texas","B27001_008",109,64
"9585","48337","Montague County, Texas","B27001_009",778,97
"9586","48337","Montague County, Texas","B27001_010",576,101
"9587","48337","Montague County, Texas","B27001_011",202,90
"9588","48337","Montague County, Texas","B27001_012",976,114
"9589","48337","Montague County, Texas","B27001_013",621,144
"9590","48337","Montague County, Texas","B27001_014",355,134
"9591","48337","Montague County, Texas","B27001_015",1186,90
"9592","48337","Montague County, Texas","B27001_016",938,116
"9593","48337","Montague County, Texas","B27001_017",248,83
"9594","48337","Montague County, Texas","B27001_018",1259,99
"9595","48337","Montague County, Texas","B27001_019",965,161
"9596","48337","Montague County, Texas","B27001_020",294,114
"9597","48337","Montague County, Texas","B27001_021",1449,60
"9598","48337","Montague County, Texas","B27001_022",1133,90
"9599","48337","Montague County, Texas","B27001_023",316,84
"9600","48337","Montague County, Texas","B27001_024",1217,49
"9601","48337","Montague County, Texas","B27001_025",1201,52
"9602","48337","Montague County, Texas","B27001_026",16,15
"9603","48337","Montague County, Texas","B27001_027",831,73
"9604","48337","Montague County, Texas","B27001_028",819,74
"9605","48337","Montague County, Texas","B27001_029",12,18
"9606","48337","Montague County, Texas","B27001_030",10494,142
"9607","48337","Montague County, Texas","B27001_031",508,57
"9608","48337","Montague County, Texas","B27001_032",473,47
"9609","48337","Montague County, Texas","B27001_033",35,45
"9610","48337","Montague County, Texas","B27001_034",1822,78
"9611","48337","Montague County, Texas","B27001_035",1700,108
"9612","48337","Montague County, Texas","B27001_036",122,92
"9613","48337","Montague County, Texas","B27001_037",794,115
"9614","48337","Montague County, Texas","B27001_038",623,106
"9615","48337","Montague County, Texas","B27001_039",171,81
"9616","48337","Montague County, Texas","B27001_040",1019,116
"9617","48337","Montague County, Texas","B27001_041",793,103
"9618","48337","Montague County, Texas","B27001_042",226,102
"9619","48337","Montague County, Texas","B27001_043",1151,50
"9620","48337","Montague County, Texas","B27001_044",913,84
"9621","48337","Montague County, Texas","B27001_045",238,80
"9622","48337","Montague County, Texas","B27001_046",1291,85
"9623","48337","Montague County, Texas","B27001_047",971,119
"9624","48337","Montague County, Texas","B27001_048",320,110
"9625","48337","Montague County, Texas","B27001_049",1545,80
"9626","48337","Montague County, Texas","B27001_050",1285,137
"9627","48337","Montague County, Texas","B27001_051",260,111
"9628","48337","Montague County, Texas","B27001_052",1359,63
"9629","48337","Montague County, Texas","B27001_053",1359,63
"9630","48337","Montague County, Texas","B27001_054",0,28
"9631","48337","Montague County, Texas","B27001_055",1005,62
"9632","48337","Montague County, Texas","B27001_056",993,62
"9633","48337","Montague County, Texas","B27001_057",12,17
"9634","48339","Montgomery County, Texas","B27001_001",681253,367
"9635","48339","Montgomery County, Texas","B27001_002",338166,374
"9636","48339","Montgomery County, Texas","B27001_003",27435,883
"9637","48339","Montgomery County, Texas","B27001_004",25375,868
"9638","48339","Montgomery County, Texas","B27001_005",2060,438
"9639","48339","Montgomery County, Texas","B27001_006",67271,964
"9640","48339","Montgomery County, Texas","B27001_007",59045,1226
"9641","48339","Montgomery County, Texas","B27001_008",8226,1032
"9642","48339","Montgomery County, Texas","B27001_009",27994,772
"9643","48339","Montgomery County, Texas","B27001_010",19820,1053
"9644","48339","Montgomery County, Texas","B27001_011",8174,997
"9645","48339","Montgomery County, Texas","B27001_012",39559,704
"9646","48339","Montgomery County, Texas","B27001_013",28361,1065
"9647","48339","Montgomery County, Texas","B27001_014",11198,1006
"9648","48339","Montgomery County, Texas","B27001_015",48164,261
"9649","48339","Montgomery County, Texas","B27001_016",37581,956
"9650","48339","Montgomery County, Texas","B27001_017",10583,895
"9651","48339","Montgomery County, Texas","B27001_018",44851,88
"9652","48339","Montgomery County, Texas","B27001_019",37203,1044
"9653","48339","Montgomery County, Texas","B27001_020",7648,1056
"9654","48339","Montgomery County, Texas","B27001_021",40103,88
"9655","48339","Montgomery County, Texas","B27001_022",35162,588
"9656","48339","Montgomery County, Texas","B27001_023",4941,564
"9657","48339","Montgomery County, Texas","B27001_024",27948,84
"9658","48339","Montgomery County, Texas","B27001_025",27384,279
"9659","48339","Montgomery County, Texas","B27001_026",564,255
"9660","48339","Montgomery County, Texas","B27001_027",14841,169
"9661","48339","Montgomery County, Texas","B27001_028",14744,170
"9662","48339","Montgomery County, Texas","B27001_029",97,80
"9663","48339","Montgomery County, Texas","B27001_030",343087,274
"9664","48339","Montgomery County, Texas","B27001_031",26342,739
"9665","48339","Montgomery County, Texas","B27001_032",24424,689
"9666","48339","Montgomery County, Texas","B27001_033",1918,501
"9667","48339","Montgomery County, Texas","B27001_034",64989,999
"9668","48339","Montgomery County, Texas","B27001_035",58039,1236
"9669","48339","Montgomery County, Texas","B27001_036",6950,1010
"9670","48339","Montgomery County, Texas","B27001_037",27073,894
"9671","48339","Montgomery County, Texas","B27001_038",19975,1240
"9672","48339","Montgomery County, Texas","B27001_039",7098,895
"9673","48339","Montgomery County, Texas","B27001_040",40771,631
"9674","48339","Montgomery County, Texas","B27001_041",30916,1217
"9675","48339","Montgomery County, Texas","B27001_042",9855,1205
"9676","48339","Montgomery County, Texas","B27001_043",48733,68
"9677","48339","Montgomery County, Texas","B27001_044",38659,969
"9678","48339","Montgomery County, Texas","B27001_045",10074,962
"9679","48339","Montgomery County, Texas","B27001_046",44621,67
"9680","48339","Montgomery County, Texas","B27001_047",37518,695
"9681","48339","Montgomery County, Texas","B27001_048",7103,696
"9682","48339","Montgomery County, Texas","B27001_049",40395,117
"9683","48339","Montgomery County, Texas","B27001_050",34673,774
"9684","48339","Montgomery County, Texas","B27001_051",5722,774
"9685","48339","Montgomery County, Texas","B27001_052",30759,85
"9686","48339","Montgomery County, Texas","B27001_053",30312,179
"9687","48339","Montgomery County, Texas","B27001_054",447,163
"9688","48339","Montgomery County, Texas","B27001_055",19404,143
"9689","48339","Montgomery County, Texas","B27001_056",19185,228
"9690","48339","Montgomery County, Texas","B27001_057",219,186
"9691","48341","Moore County, Texas","B27001_001",21238,4
"9692","48341","Moore County, Texas","B27001_002",11216,200
"9693","48341","Moore County, Texas","B27001_003",917,83
"9694","48341","Moore County, Texas","B27001_004",791,149
"9695","48341","Moore County, Texas","B27001_005",126,100
"9696","48341","Moore County, Texas","B27001_006",2661,197
"9697","48341","Moore County, Texas","B27001_007",2023,261
"9698","48341","Moore County, Texas","B27001_008",638,243
"9699","48341","Moore County, Texas","B27001_009",1141,197
"9700","48341","Moore County, Texas","B27001_010",818,191
"9701","48341","Moore County, Texas","B27001_011",323,133
"9702","48341","Moore County, Texas","B27001_012",1461,195
"9703","48341","Moore County, Texas","B27001_013",1028,211
"9704","48341","Moore County, Texas","B27001_014",433,143
"9705","48341","Moore County, Texas","B27001_015",1384,118
"9706","48341","Moore County, Texas","B27001_016",935,214
"9707","48341","Moore County, Texas","B27001_017",449,175
"9708","48341","Moore County, Texas","B27001_018",1375,180
"9709","48341","Moore County, Texas","B27001_019",886,166
"9710","48341","Moore County, Texas","B27001_020",489,185
"9711","48341","Moore County, Texas","B27001_021",1161,67
"9712","48341","Moore County, Texas","B27001_022",936,146
"9713","48341","Moore County, Texas","B27001_023",225,132
"9714","48341","Moore County, Texas","B27001_024",796,74
"9715","48341","Moore County, Texas","B27001_025",702,111
"9716","48341","Moore County, Texas","B27001_026",94,90
"9717","48341","Moore County, Texas","B27001_027",320,65
"9718","48341","Moore County, Texas","B27001_028",320,65
"9719","48341","Moore County, Texas","B27001_029",0,28
"9720","48341","Moore County, Texas","B27001_030",10022,200
"9721","48341","Moore County, Texas","B27001_031",1021,92
"9722","48341","Moore County, Texas","B27001_032",878,112
"9723","48341","Moore County, Texas","B27001_033",143,96
"9724","48341","Moore County, Texas","B27001_034",2299,171
"9725","48341","Moore County, Texas","B27001_035",1956,201
"9726","48341","Moore County, Texas","B27001_036",343,183
"9727","48341","Moore County, Texas","B27001_037",950,164
"9728","48341","Moore County, Texas","B27001_038",916,171
"9729","48341","Moore County, Texas","B27001_039",34,40
"9730","48341","Moore County, Texas","B27001_040",1280,227
"9731","48341","Moore County, Texas","B27001_041",954,220
"9732","48341","Moore County, Texas","B27001_042",326,144
"9733","48341","Moore County, Texas","B27001_043",1288,113
"9734","48341","Moore County, Texas","B27001_044",804,156
"9735","48341","Moore County, Texas","B27001_045",484,126
"9736","48341","Moore County, Texas","B27001_046",954,76
"9737","48341","Moore County, Texas","B27001_047",607,132
"9738","48341","Moore County, Texas","B27001_048",347,107
"9739","48341","Moore County, Texas","B27001_049",1022,60
"9740","48341","Moore County, Texas","B27001_050",761,109
"9741","48341","Moore County, Texas","B27001_051",261,96
"9742","48341","Moore County, Texas","B27001_052",855,74
"9743","48341","Moore County, Texas","B27001_053",737,81
"9744","48341","Moore County, Texas","B27001_054",118,106
"9745","48341","Moore County, Texas","B27001_055",353,67
"9746","48341","Moore County, Texas","B27001_056",353,67
"9747","48341","Moore County, Texas","B27001_057",0,28
"9748","48343","Morris County, Texas","B27001_001",11960,6
"9749","48343","Morris County, Texas","B27001_002",5704,95
"9750","48343","Morris County, Texas","B27001_003",370,47
"9751","48343","Morris County, Texas","B27001_004",365,49
"9752","48343","Morris County, Texas","B27001_005",5,10
"9753","48343","Morris County, Texas","B27001_006",1064,86
"9754","48343","Morris County, Texas","B27001_007",991,90
"9755","48343","Morris County, Texas","B27001_008",73,39
"9756","48343","Morris County, Texas","B27001_009",653,60
"9757","48343","Morris County, Texas","B27001_010",387,109
"9758","48343","Morris County, Texas","B27001_011",266,112
"9759","48343","Morris County, Texas","B27001_012",320,70
"9760","48343","Morris County, Texas","B27001_013",218,77
"9761","48343","Morris County, Texas","B27001_014",102,63
"9762","48343","Morris County, Texas","B27001_015",737,101
"9763","48343","Morris County, Texas","B27001_016",625,106
"9764","48343","Morris County, Texas","B27001_017",112,54
"9765","48343","Morris County, Texas","B27001_018",595,99
"9766","48343","Morris County, Texas","B27001_019",521,104
"9767","48343","Morris County, Texas","B27001_020",74,74
"9768","48343","Morris County, Texas","B27001_021",773,35
"9769","48343","Morris County, Texas","B27001_022",712,51
"9770","48343","Morris County, Texas","B27001_023",61,43
"9771","48343","Morris County, Texas","B27001_024",763,55
"9772","48343","Morris County, Texas","B27001_025",720,81
"9773","48343","Morris County, Texas","B27001_026",43,57
"9774","48343","Morris County, Texas","B27001_027",429,26
"9775","48343","Morris County, Texas","B27001_028",429,26
"9776","48343","Morris County, Texas","B27001_029",0,23
"9777","48343","Morris County, Texas","B27001_030",6256,95
"9778","48343","Morris County, Texas","B27001_031",426,79
"9779","48343","Morris County, Texas","B27001_032",406,83
"9780","48343","Morris County, Texas","B27001_033",20,37
"9781","48343","Morris County, Texas","B27001_034",1051,104
"9782","48343","Morris County, Texas","B27001_035",942,93
"9783","48343","Morris County, Texas","B27001_036",109,65
"9784","48343","Morris County, Texas","B27001_037",539,76
"9785","48343","Morris County, Texas","B27001_038",391,95
"9786","48343","Morris County, Texas","B27001_039",148,64
"9787","48343","Morris County, Texas","B27001_040",532,83
"9788","48343","Morris County, Texas","B27001_041",416,96
"9789","48343","Morris County, Texas","B27001_042",116,68
"9790","48343","Morris County, Texas","B27001_043",770,97
"9791","48343","Morris County, Texas","B27001_044",612,92
"9792","48343","Morris County, Texas","B27001_045",158,60
"9793","48343","Morris County, Texas","B27001_046",692,78
"9794","48343","Morris County, Texas","B27001_047",603,94
"9795","48343","Morris County, Texas","B27001_048",89,62
"9796","48343","Morris County, Texas","B27001_049",864,35
"9797","48343","Morris County, Texas","B27001_050",732,76
"9798","48343","Morris County, Texas","B27001_051",132,74
"9799","48343","Morris County, Texas","B27001_052",822,52
"9800","48343","Morris County, Texas","B27001_053",822,52
"9801","48343","Morris County, Texas","B27001_054",0,23
"9802","48343","Morris County, Texas","B27001_055",560,42
"9803","48343","Morris County, Texas","B27001_056",547,47
"9804","48343","Morris County, Texas","B27001_057",13,21
"9805","48345","Motley County, Texas","B27001_001",1183,136
"9806","48345","Motley County, Texas","B27001_002",619,78
"9807","48345","Motley County, Texas","B27001_003",36,29
"9808","48345","Motley County, Texas","B27001_004",34,29
"9809","48345","Motley County, Texas","B27001_005",2,4
"9810","48345","Motley County, Texas","B27001_006",86,47
"9811","48345","Motley County, Texas","B27001_007",80,49
"9812","48345","Motley County, Texas","B27001_008",6,8
"9813","48345","Motley County, Texas","B27001_009",63,34
"9814","48345","Motley County, Texas","B27001_010",52,30
"9815","48345","Motley County, Texas","B27001_011",11,15
"9816","48345","Motley County, Texas","B27001_012",63,33
"9817","48345","Motley County, Texas","B27001_013",12,13
"9818","48345","Motley County, Texas","B27001_014",51,31
"9819","48345","Motley County, Texas","B27001_015",45,20
"9820","48345","Motley County, Texas","B27001_016",14,10
"9821","48345","Motley County, Texas","B27001_017",31,17
"9822","48345","Motley County, Texas","B27001_018",46,30
"9823","48345","Motley County, Texas","B27001_019",30,23
"9824","48345","Motley County, Texas","B27001_020",16,17
"9825","48345","Motley County, Texas","B27001_021",108,36
"9826","48345","Motley County, Texas","B27001_022",87,36
"9827","48345","Motley County, Texas","B27001_023",21,15
"9828","48345","Motley County, Texas","B27001_024",92,41
"9829","48345","Motley County, Texas","B27001_025",92,41
"9830","48345","Motley County, Texas","B27001_026",0,15
"9831","48345","Motley County, Texas","B27001_027",80,30
"9832","48345","Motley County, Texas","B27001_028",80,30
"9833","48345","Motley County, Texas","B27001_029",0,15
"9834","48345","Motley County, Texas","B27001_030",564,88
"9835","48345","Motley County, Texas","B27001_031",9,12
"9836","48345","Motley County, Texas","B27001_032",9,12
"9837","48345","Motley County, Texas","B27001_033",0,15
"9838","48345","Motley County, Texas","B27001_034",42,21
"9839","48345","Motley County, Texas","B27001_035",34,21
"9840","48345","Motley County, Texas","B27001_036",8,7
"9841","48345","Motley County, Texas","B27001_037",54,31
"9842","48345","Motley County, Texas","B27001_038",42,28
"9843","48345","Motley County, Texas","B27001_039",12,15
"9844","48345","Motley County, Texas","B27001_040",38,22
"9845","48345","Motley County, Texas","B27001_041",3,4
"9846","48345","Motley County, Texas","B27001_042",35,22
"9847","48345","Motley County, Texas","B27001_043",80,34
"9848","48345","Motley County, Texas","B27001_044",57,31
"9849","48345","Motley County, Texas","B27001_045",23,19
"9850","48345","Motley County, Texas","B27001_046",54,31
"9851","48345","Motley County, Texas","B27001_047",42,29
"9852","48345","Motley County, Texas","B27001_048",12,11
"9853","48345","Motley County, Texas","B27001_049",109,75
"9854","48345","Motley County, Texas","B27001_050",100,77
"9855","48345","Motley County, Texas","B27001_051",9,8
"9856","48345","Motley County, Texas","B27001_052",110,38
"9857","48345","Motley County, Texas","B27001_053",102,37
"9858","48345","Motley County, Texas","B27001_054",8,12
"9859","48345","Motley County, Texas","B27001_055",68,27
"9860","48345","Motley County, Texas","B27001_056",68,27
"9861","48345","Motley County, Texas","B27001_057",0,15
"9862","48347","Nacogdoches County, Texas","B27001_001",64388,20
"9863","48347","Nacogdoches County, Texas","B27001_002",31009,121
"9864","48347","Nacogdoches County, Texas","B27001_003",2322,186
"9865","48347","Nacogdoches County, Texas","B27001_004",2245,189
"9866","48347","Nacogdoches County, Texas","B27001_005",77,61
"9867","48347","Nacogdoches County, Texas","B27001_006",6193,318
"9868","48347","Nacogdoches County, Texas","B27001_007",5627,369
"9869","48347","Nacogdoches County, Texas","B27001_008",566,215
"9870","48347","Nacogdoches County, Texas","B27001_009",4946,353
"9871","48347","Nacogdoches County, Texas","B27001_010",3852,370
"9872","48347","Nacogdoches County, Texas","B27001_011",1094,326
"9873","48347","Nacogdoches County, Texas","B27001_012",3341,334
"9874","48347","Nacogdoches County, Texas","B27001_013",2587,347
"9875","48347","Nacogdoches County, Texas","B27001_014",754,203
"9876","48347","Nacogdoches County, Texas","B27001_015",3408,126
"9877","48347","Nacogdoches County, Texas","B27001_016",2349,245
"9878","48347","Nacogdoches County, Texas","B27001_017",1059,209
"9879","48347","Nacogdoches County, Texas","B27001_018",2892,127
"9880","48347","Nacogdoches County, Texas","B27001_019",2186,196
"9881","48347","Nacogdoches County, Texas","B27001_020",706,165
"9882","48347","Nacogdoches County, Texas","B27001_021",3416,72
"9883","48347","Nacogdoches County, Texas","B27001_022",2673,193
"9884","48347","Nacogdoches County, Texas","B27001_023",743,188
"9885","48347","Nacogdoches County, Texas","B27001_024",2920,88
"9886","48347","Nacogdoches County, Texas","B27001_025",2902,94
"9887","48347","Nacogdoches County, Texas","B27001_026",18,30
"9888","48347","Nacogdoches County, Texas","B27001_027",1571,119
"9889","48347","Nacogdoches County, Texas","B27001_028",1571,119
"9890","48347","Nacogdoches County, Texas","B27001_029",0,35
"9891","48347","Nacogdoches County, Texas","B27001_030",33379,120
"9892","48347","Nacogdoches County, Texas","B27001_031",2237,127
"9893","48347","Nacogdoches County, Texas","B27001_032",2136,149
"9894","48347","Nacogdoches County, Texas","B27001_033",101,61
"9895","48347","Nacogdoches County, Texas","B27001_034",6413,310
"9896","48347","Nacogdoches County, Texas","B27001_035",5871,360
"9897","48347","Nacogdoches County, Texas","B27001_036",542,205
"9898","48347","Nacogdoches County, Texas","B27001_037",5638,371
"9899","48347","Nacogdoches County, Texas","B27001_038",4588,388
"9900","48347","Nacogdoches County, Texas","B27001_039",1050,280
"9901","48347","Nacogdoches County, Texas","B27001_040",3461,189
"9902","48347","Nacogdoches County, Texas","B27001_041",2661,239
"9903","48347","Nacogdoches County, Texas","B27001_042",800,185
"9904","48347","Nacogdoches County, Texas","B27001_043",3446,68
"9905","48347","Nacogdoches County, Texas","B27001_044",2513,190
"9906","48347","Nacogdoches County, Texas","B27001_045",933,184
"9907","48347","Nacogdoches County, Texas","B27001_046",3200,66
"9908","48347","Nacogdoches County, Texas","B27001_047",2281,188
"9909","48347","Nacogdoches County, Texas","B27001_048",919,176
"9910","48347","Nacogdoches County, Texas","B27001_049",3553,90
"9911","48347","Nacogdoches County, Texas","B27001_050",3064,188
"9912","48347","Nacogdoches County, Texas","B27001_051",489,174
"9913","48347","Nacogdoches County, Texas","B27001_052",3153,83
"9914","48347","Nacogdoches County, Texas","B27001_053",3116,90
"9915","48347","Nacogdoches County, Texas","B27001_054",37,31
"9916","48347","Nacogdoches County, Texas","B27001_055",2278,95
"9917","48347","Nacogdoches County, Texas","B27001_056",2248,96
"9918","48347","Nacogdoches County, Texas","B27001_057",30,37
"9919","48349","Navarro County, Texas","B27001_001",53949,70
"9920","48349","Navarro County, Texas","B27001_002",26588,117
"9921","48349","Navarro County, Texas","B27001_003",2183,105
"9922","48349","Navarro County, Texas","B27001_004",2063,114
"9923","48349","Navarro County, Texas","B27001_005",120,72
"9924","48349","Navarro County, Texas","B27001_006",5607,165
"9925","48349","Navarro County, Texas","B27001_007",4716,393
"9926","48349","Navarro County, Texas","B27001_008",891,358
"9927","48349","Navarro County, Texas","B27001_009",2513,159
"9928","48349","Navarro County, Texas","B27001_010",1664,279
"9929","48349","Navarro County, Texas","B27001_011",849,225
"9930","48349","Navarro County, Texas","B27001_012",2929,142
"9931","48349","Navarro County, Texas","B27001_013",1841,216
"9932","48349","Navarro County, Texas","B27001_014",1088,191
"9933","48349","Navarro County, Texas","B27001_015",3073,84
"9934","48349","Navarro County, Texas","B27001_016",2131,205
"9935","48349","Navarro County, Texas","B27001_017",942,194
"9936","48349","Navarro County, Texas","B27001_018",2957,90
"9937","48349","Navarro County, Texas","B27001_019",2075,182
"9938","48349","Navarro County, Texas","B27001_020",882,174
"9939","48349","Navarro County, Texas","B27001_021",3280,20
"9940","48349","Navarro County, Texas","B27001_022",2748,144
"9941","48349","Navarro County, Texas","B27001_023",532,145
"9942","48349","Navarro County, Texas","B27001_024",2572,92
"9943","48349","Navarro County, Texas","B27001_025",2514,97
"9944","48349","Navarro County, Texas","B27001_026",58,41
"9945","48349","Navarro County, Texas","B27001_027",1474,102
"9946","48349","Navarro County, Texas","B27001_028",1474,102
"9947","48349","Navarro County, Texas","B27001_029",0,35
"9948","48349","Navarro County, Texas","B27001_030",27361,108
"9949","48349","Navarro County, Texas","B27001_031",2350,200
"9950","48349","Navarro County, Texas","B27001_032",2127,253
"9951","48349","Navarro County, Texas","B27001_033",223,140
"9952","48349","Navarro County, Texas","B27001_034",5357,189
"9953","48349","Navarro County, Texas","B27001_035",4696,279
"9954","48349","Navarro County, Texas","B27001_036",661,257
"9955","48349","Navarro County, Texas","B27001_037",2190,179
"9956","48349","Navarro County, Texas","B27001_038",1616,219
"9957","48349","Navarro County, Texas","B27001_039",574,162
"9958","48349","Navarro County, Texas","B27001_040",3085,99
"9959","48349","Navarro County, Texas","B27001_041",2247,215
"9960","48349","Navarro County, Texas","B27001_042",838,207
"9961","48349","Navarro County, Texas","B27001_043",3211,40
"9962","48349","Navarro County, Texas","B27001_044",2430,203
"9963","48349","Navarro County, Texas","B27001_045",781,195
"9964","48349","Navarro County, Texas","B27001_046",3095,52
"9965","48349","Navarro County, Texas","B27001_047",2373,185
"9966","48349","Navarro County, Texas","B27001_048",722,190
"9967","48349","Navarro County, Texas","B27001_049",3354,51
"9968","48349","Navarro County, Texas","B27001_050",2596,237
"9969","48349","Navarro County, Texas","B27001_051",758,237
"9970","48349","Navarro County, Texas","B27001_052",2809,92
"9971","48349","Navarro County, Texas","B27001_053",2790,93
"9972","48349","Navarro County, Texas","B27001_054",19,23
"9973","48349","Navarro County, Texas","B27001_055",1910,114
"9974","48349","Navarro County, Texas","B27001_056",1909,114
"9975","48349","Navarro County, Texas","B27001_057",1,2
"9976","48351","Newton County, Texas","B27001_001",11950,36
"9977","48351","Newton County, Texas","B27001_002",6089,118
"9978","48351","Newton County, Texas","B27001_003",407,83
"9979","48351","Newton County, Texas","B27001_004",407,83
"9980","48351","Newton County, Texas","B27001_005",0,23
"9981","48351","Newton County, Texas","B27001_006",1071,122
"9982","48351","Newton County, Texas","B27001_007",971,112
"9983","48351","Newton County, Texas","B27001_008",100,91
"9984","48351","Newton County, Texas","B27001_009",520,137
"9985","48351","Newton County, Texas","B27001_010",271,130
"9986","48351","Newton County, Texas","B27001_011",249,121
"9987","48351","Newton County, Texas","B27001_012",496,64
"9988","48351","Newton County, Texas","B27001_013",351,63
"9989","48351","Newton County, Texas","B27001_014",145,83
"9990","48351","Newton County, Texas","B27001_015",592,63
"9991","48351","Newton County, Texas","B27001_016",351,91
"9992","48351","Newton County, Texas","B27001_017",241,93
"9993","48351","Newton County, Texas","B27001_018",731,2
"9994","48351","Newton County, Texas","B27001_019",498,84
"9995","48351","Newton County, Texas","B27001_020",233,84
"9996","48351","Newton County, Texas","B27001_021",975,81
"9997","48351","Newton County, Texas","B27001_022",654,119
"9998","48351","Newton County, Texas","B27001_023",321,129
"9999","48351","Newton County, Texas","B27001_024",764,89
"10000","48351","Newton County, Texas","B27001_025",747,94
"10001","48351","Newton County, Texas","B27001_026",17,28
"10002","48351","Newton County, Texas","B27001_027",533,80
"10003","48351","Newton County, Texas","B27001_028",533,80
"10004","48351","Newton County, Texas","B27001_029",0,23
"10005","48351","Newton County, Texas","B27001_030",5861,118
"10006","48351","Newton County, Texas","B27001_031",240,41
"10007","48351","Newton County, Texas","B27001_032",232,44
"10008","48351","Newton County, Texas","B27001_033",8,13
"10009","48351","Newton County, Texas","B27001_034",754,79
"10010","48351","Newton County, Texas","B27001_035",704,89
"10011","48351","Newton County, Texas","B27001_036",50,43
"10012","48351","Newton County, Texas","B27001_037",539,92
"10013","48351","Newton County, Texas","B27001_038",293,102
"10014","48351","Newton County, Texas","B27001_039",246,85
"10015","48351","Newton County, Texas","B27001_040",444,102
"10016","48351","Newton County, Texas","B27001_041",399,100
"10017","48351","Newton County, Texas","B27001_042",45,38
"10018","48351","Newton County, Texas","B27001_043",680,82
"10019","48351","Newton County, Texas","B27001_044",405,74
"10020","48351","Newton County, Texas","B27001_045",275,103
"10021","48351","Newton County, Texas","B27001_046",727,75
"10022","48351","Newton County, Texas","B27001_047",583,89
"10023","48351","Newton County, Texas","B27001_048",144,72
"10024","48351","Newton County, Texas","B27001_049",1006,70
"10025","48351","Newton County, Texas","B27001_050",820,108
"10026","48351","Newton County, Texas","B27001_051",186,87
"10027","48351","Newton County, Texas","B27001_052",834,131
"10028","48351","Newton County, Texas","B27001_053",803,120
"10029","48351","Newton County, Texas","B27001_054",31,44
"10030","48351","Newton County, Texas","B27001_055",637,83
"10031","48351","Newton County, Texas","B27001_056",637,83
"10032","48351","Newton County, Texas","B27001_057",0,23
"10033","48353","Nolan County, Texas","B27001_001",14267,8
"10034","48353","Nolan County, Texas","B27001_002",7265,169
"10035","48353","Nolan County, Texas","B27001_003",474,94
"10036","48353","Nolan County, Texas","B27001_004",449,96
"10037","48353","Nolan County, Texas","B27001_005",25,21
"10038","48353","Nolan County, Texas","B27001_006",1591,97
"10039","48353","Nolan County, Texas","B27001_007",1513,97
"10040","48353","Nolan County, Texas","B27001_008",78,52
"10041","48353","Nolan County, Texas","B27001_009",674,98
"10042","48353","Nolan County, Texas","B27001_010",564,129
"10043","48353","Nolan County, Texas","B27001_011",110,64
"10044","48353","Nolan County, Texas","B27001_012",669,67
"10045","48353","Nolan County, Texas","B27001_013",518,99
"10046","48353","Nolan County, Texas","B27001_014",151,69
"10047","48353","Nolan County, Texas","B27001_015",925,68
"10048","48353","Nolan County, Texas","B27001_016",813,99
"10049","48353","Nolan County, Texas","B27001_017",112,72
"10050","48353","Nolan County, Texas","B27001_018",880,60
"10051","48353","Nolan County, Texas","B27001_019",770,83
"10052","48353","Nolan County, Texas","B27001_020",110,55
"10053","48353","Nolan County, Texas","B27001_021",794,30
"10054","48353","Nolan County, Texas","B27001_022",747,38
"10055","48353","Nolan County, Texas","B27001_023",47,32
"10056","48353","Nolan County, Texas","B27001_024",784,71
"10057","48353","Nolan County, Texas","B27001_025",765,73
"10058","48353","Nolan County, Texas","B27001_026",19,19
"10059","48353","Nolan County, Texas","B27001_027",474,66
"10060","48353","Nolan County, Texas","B27001_028",474,66
"10061","48353","Nolan County, Texas","B27001_029",0,23
"10062","48353","Nolan County, Texas","B27001_030",7002,168
"10063","48353","Nolan County, Texas","B27001_031",521,120
"10064","48353","Nolan County, Texas","B27001_032",459,110
"10065","48353","Nolan County, Texas","B27001_033",62,57
"10066","48353","Nolan County, Texas","B27001_034",1270,119
"10067","48353","Nolan County, Texas","B27001_035",1084,133
"10068","48353","Nolan County, Texas","B27001_036",186,102
"10069","48353","Nolan County, Texas","B27001_037",517,75
"10070","48353","Nolan County, Texas","B27001_038",331,82
"10071","48353","Nolan County, Texas","B27001_039",186,82
"10072","48353","Nolan County, Texas","B27001_040",731,112
"10073","48353","Nolan County, Texas","B27001_041",519,122
"10074","48353","Nolan County, Texas","B27001_042",212,106
"10075","48353","Nolan County, Texas","B27001_043",819,102
"10076","48353","Nolan County, Texas","B27001_044",641,134
"10077","48353","Nolan County, Texas","B27001_045",178,101
"10078","48353","Nolan County, Texas","B27001_046",839,42
"10079","48353","Nolan County, Texas","B27001_047",651,70
"10080","48353","Nolan County, Texas","B27001_048",188,68
"10081","48353","Nolan County, Texas","B27001_049",845,30
"10082","48353","Nolan County, Texas","B27001_050",616,97
"10083","48353","Nolan County, Texas","B27001_051",229,96
"10084","48353","Nolan County, Texas","B27001_052",892,107
"10085","48353","Nolan County, Texas","B27001_053",892,107
"10086","48353","Nolan County, Texas","B27001_054",0,23
"10087","48353","Nolan County, Texas","B27001_055",568,91
"10088","48353","Nolan County, Texas","B27001_056",568,91
"10089","48353","Nolan County, Texas","B27001_057",0,23
"10090","48355","Nueces County, Texas","B27001_001",347034,476
"10091","48355","Nueces County, Texas","B27001_002",170793,543
"10092","48355","Nueces County, Texas","B27001_003",13799,536
"10093","48355","Nueces County, Texas","B27001_004",13020,566
"10094","48355","Nueces County, Texas","B27001_005",779,243
"10095","48355","Nueces County, Texas","B27001_006",31442,625
"10096","48355","Nueces County, Texas","B27001_007",28312,742
"10097","48355","Nueces County, Texas","B27001_008",3130,479
"10098","48355","Nueces County, Texas","B27001_009",16610,571
"10099","48355","Nueces County, Texas","B27001_010",10965,739
"10100","48355","Nueces County, Texas","B27001_011",5645,713
"10101","48355","Nueces County, Texas","B27001_012",21171,515
"10102","48355","Nueces County, Texas","B27001_013",13629,799
"10103","48355","Nueces County, Texas","B27001_014",7542,930
"10104","48355","Nueces County, Texas","B27001_015",23029,233
"10105","48355","Nueces County, Texas","B27001_016",15729,860
"10106","48355","Nueces County, Texas","B27001_017",7300,808
"10107","48355","Nueces County, Texas","B27001_018",20145,162
"10108","48355","Nueces County, Texas","B27001_019",15673,512
"10109","48355","Nueces County, Texas","B27001_020",4472,496
"10110","48355","Nueces County, Texas","B27001_021",19685,128
"10111","48355","Nueces County, Texas","B27001_022",16148,560
"10112","48355","Nueces County, Texas","B27001_023",3537,543
"10113","48355","Nueces County, Texas","B27001_024",15720,149
"10114","48355","Nueces County, Texas","B27001_025",15534,169
"10115","48355","Nueces County, Texas","B27001_026",186,96
"10116","48355","Nueces County, Texas","B27001_027",9192,102
"10117","48355","Nueces County, Texas","B27001_028",9183,102
"10118","48355","Nueces County, Texas","B27001_029",9,11
"10119","48355","Nueces County, Texas","B27001_030",176241,321
"10120","48355","Nueces County, Texas","B27001_031",12626,468
"10121","48355","Nueces County, Texas","B27001_032",11970,538
"10122","48355","Nueces County, Texas","B27001_033",656,232
"10123","48355","Nueces County, Texas","B27001_034",30276,639
"10124","48355","Nueces County, Texas","B27001_035",27624,750
"10125","48355","Nueces County, Texas","B27001_036",2652,609
"10126","48355","Nueces County, Texas","B27001_037",17341,731
"10127","48355","Nueces County, Texas","B27001_038",12491,919
"10128","48355","Nueces County, Texas","B27001_039",4850,624
"10129","48355","Nueces County, Texas","B27001_040",20703,466
"10130","48355","Nueces County, Texas","B27001_041",14407,756
"10131","48355","Nueces County, Texas","B27001_042",6296,660
"10132","48355","Nueces County, Texas","B27001_043",23353,68
"10133","48355","Nueces County, Texas","B27001_044",17334,638
"10134","48355","Nueces County, Texas","B27001_045",6019,626
"10135","48355","Nueces County, Texas","B27001_046",20716,58
"10136","48355","Nueces County, Texas","B27001_047",16303,572
"10137","48355","Nueces County, Texas","B27001_048",4413,573
"10138","48355","Nueces County, Texas","B27001_049",20885,110
"10139","48355","Nueces County, Texas","B27001_050",17662,408
"10140","48355","Nueces County, Texas","B27001_051",3223,406
"10141","48355","Nueces County, Texas","B27001_052",17592,107
"10142","48355","Nueces County, Texas","B27001_053",17326,175
"10143","48355","Nueces County, Texas","B27001_054",266,130
"10144","48355","Nueces County, Texas","B27001_055",12749,185
"10145","48355","Nueces County, Texas","B27001_056",12673,191
"10146","48355","Nueces County, Texas","B27001_057",76,60
"10147","48357","Ochiltree County, Texas","B27001_001",9714,35
"10148","48357","Ochiltree County, Texas","B27001_002",4854,76
"10149","48357","Ochiltree County, Texas","B27001_003",438,102
"10150","48357","Ochiltree County, Texas","B27001_004",423,106
"10151","48357","Ochiltree County, Texas","B27001_005",15,25
"10152","48357","Ochiltree County, Texas","B27001_006",1109,138
"10153","48357","Ochiltree County, Texas","B27001_007",722,181
"10154","48357","Ochiltree County, Texas","B27001_008",387,166
"10155","48357","Ochiltree County, Texas","B27001_009",434,118
"10156","48357","Ochiltree County, Texas","B27001_010",351,153
"10157","48357","Ochiltree County, Texas","B27001_011",83,70
"10158","48357","Ochiltree County, Texas","B27001_012",585,110
"10159","48357","Ochiltree County, Texas","B27001_013",459,138
"10160","48357","Ochiltree County, Texas","B27001_014",126,101
"10161","48357","Ochiltree County, Texas","B27001_015",656,87
"10162","48357","Ochiltree County, Texas","B27001_016",454,120
"10163","48357","Ochiltree County, Texas","B27001_017",202,95
"10164","48357","Ochiltree County, Texas","B27001_018",491,80
"10165","48357","Ochiltree County, Texas","B27001_019",233,104
"10166","48357","Ochiltree County, Texas","B27001_020",258,81
"10167","48357","Ochiltree County, Texas","B27001_021",644,57
"10168","48357","Ochiltree County, Texas","B27001_022",540,90
"10169","48357","Ochiltree County, Texas","B27001_023",104,67
"10170","48357","Ochiltree County, Texas","B27001_024",295,47
"10171","48357","Ochiltree County, Texas","B27001_025",295,47
"10172","48357","Ochiltree County, Texas","B27001_026",0,21
"10173","48357","Ochiltree County, Texas","B27001_027",202,37
"10174","48357","Ochiltree County, Texas","B27001_028",202,37
"10175","48357","Ochiltree County, Texas","B27001_029",0,21
"10176","48357","Ochiltree County, Texas","B27001_030",4860,65
"10177","48357","Ochiltree County, Texas","B27001_031",543,136
"10178","48357","Ochiltree County, Texas","B27001_032",455,163
"10179","48357","Ochiltree County, Texas","B27001_033",88,90
"10180","48357","Ochiltree County, Texas","B27001_034",986,125
"10181","48357","Ochiltree County, Texas","B27001_035",537,184
"10182","48357","Ochiltree County, Texas","B27001_036",449,183
"10183","48357","Ochiltree County, Texas","B27001_037",428,55
"10184","48357","Ochiltree County, Texas","B27001_038",274,104
"10185","48357","Ochiltree County, Texas","B27001_039",154,90
"10186","48357","Ochiltree County, Texas","B27001_040",580,141
"10187","48357","Ochiltree County, Texas","B27001_041",455,155
"10188","48357","Ochiltree County, Texas","B27001_042",125,84
"10189","48357","Ochiltree County, Texas","B27001_043",595,132
"10190","48357","Ochiltree County, Texas","B27001_044",363,116
"10191","48357","Ochiltree County, Texas","B27001_045",232,102
"10192","48357","Ochiltree County, Texas","B27001_046",570,91
"10193","48357","Ochiltree County, Texas","B27001_047",391,71
"10194","48357","Ochiltree County, Texas","B27001_048",179,117
"10195","48357","Ochiltree County, Texas","B27001_049",553,70
"10196","48357","Ochiltree County, Texas","B27001_050",469,79
"10197","48357","Ochiltree County, Texas","B27001_051",84,71
"10198","48357","Ochiltree County, Texas","B27001_052",365,62
"10199","48357","Ochiltree County, Texas","B27001_053",365,62
"10200","48357","Ochiltree County, Texas","B27001_054",0,21
"10201","48357","Ochiltree County, Texas","B27001_055",240,43
"10202","48357","Ochiltree County, Texas","B27001_056",240,43
"10203","48357","Ochiltree County, Texas","B27001_057",0,21
"10204","48359","Oldham County, Texas","B27001_001",1767,231
"10205","48359","Oldham County, Texas","B27001_002",872,108
"10206","48359","Oldham County, Texas","B27001_003",52,22
"10207","48359","Oldham County, Texas","B27001_004",52,22
"10208","48359","Oldham County, Texas","B27001_005",0,15
"10209","48359","Oldham County, Texas","B27001_006",135,51
"10210","48359","Oldham County, Texas","B27001_007",114,40
"10211","48359","Oldham County, Texas","B27001_008",21,23
"10212","48359","Oldham County, Texas","B27001_009",73,35
"10213","48359","Oldham County, Texas","B27001_010",50,26
"10214","48359","Oldham County, Texas","B27001_011",23,23
"10215","48359","Oldham County, Texas","B27001_012",70,26
"10216","48359","Oldham County, Texas","B27001_013",38,17
"10217","48359","Oldham County, Texas","B27001_014",32,22
"10218","48359","Oldham County, Texas","B27001_015",183,52
"10219","48359","Oldham County, Texas","B27001_016",155,45
"10220","48359","Oldham County, Texas","B27001_017",28,36
"10221","48359","Oldham County, Texas","B27001_018",80,26
"10222","48359","Oldham County, Texas","B27001_019",79,26
"10223","48359","Oldham County, Texas","B27001_020",1,3
"10224","48359","Oldham County, Texas","B27001_021",146,42
"10225","48359","Oldham County, Texas","B27001_022",134,40
"10226","48359","Oldham County, Texas","B27001_023",12,11
"10227","48359","Oldham County, Texas","B27001_024",109,34
"10228","48359","Oldham County, Texas","B27001_025",108,34
"10229","48359","Oldham County, Texas","B27001_026",1,3
"10230","48359","Oldham County, Texas","B27001_027",24,15
"10231","48359","Oldham County, Texas","B27001_028",24,15
"10232","48359","Oldham County, Texas","B27001_029",0,15
"10233","48359","Oldham County, Texas","B27001_030",895,161
"10234","48359","Oldham County, Texas","B27001_031",156,88
"10235","48359","Oldham County, Texas","B27001_032",56,47
"10236","48359","Oldham County, Texas","B27001_033",100,91
"10237","48359","Oldham County, Texas","B27001_034",89,65
"10238","48359","Oldham County, Texas","B27001_035",80,56
"10239","48359","Oldham County, Texas","B27001_036",9,15
"10240","48359","Oldham County, Texas","B27001_037",43,24
"10241","48359","Oldham County, Texas","B27001_038",31,23
"10242","48359","Oldham County, Texas","B27001_039",12,18
"10243","48359","Oldham County, Texas","B27001_040",148,46
"10244","48359","Oldham County, Texas","B27001_041",113,41
"10245","48359","Oldham County, Texas","B27001_042",35,22
"10246","48359","Oldham County, Texas","B27001_043",124,30
"10247","48359","Oldham County, Texas","B27001_044",109,31
"10248","48359","Oldham County, Texas","B27001_045",15,16
"10249","48359","Oldham County, Texas","B27001_046",139,36
"10250","48359","Oldham County, Texas","B27001_047",123,32
"10251","48359","Oldham County, Texas","B27001_048",16,19
"10252","48359","Oldham County, Texas","B27001_049",65,21
"10253","48359","Oldham County, Texas","B27001_050",59,21
"10254","48359","Oldham County, Texas","B27001_051",6,5
"10255","48359","Oldham County, Texas","B27001_052",83,33
"10256","48359","Oldham County, Texas","B27001_053",60,26
"10257","48359","Oldham County, Texas","B27001_054",23,24
"10258","48359","Oldham County, Texas","B27001_055",48,22
"10259","48359","Oldham County, Texas","B27001_056",48,22
"10260","48359","Oldham County, Texas","B27001_057",0,15
"10261","48361","Orange County, Texas","B27001_001",84666,44
"10262","48361","Orange County, Texas","B27001_002",41687,225
"10263","48361","Orange County, Texas","B27001_003",3095,204
"10264","48361","Orange County, Texas","B27001_004",2880,220
"10265","48361","Orange County, Texas","B27001_005",215,99
"10266","48361","Orange County, Texas","B27001_006",8225,271
"10267","48361","Orange County, Texas","B27001_007",7512,375
"10268","48361","Orange County, Texas","B27001_008",713,281
"10269","48361","Orange County, Texas","B27001_009",3545,317
"10270","48361","Orange County, Texas","B27001_010",2636,328
"10271","48361","Orange County, Texas","B27001_011",909,267
"10272","48361","Orange County, Texas","B27001_012",4642,288
"10273","48361","Orange County, Texas","B27001_013",2852,359
"10274","48361","Orange County, Texas","B27001_014",1790,362
"10275","48361","Orange County, Texas","B27001_015",5594,164
"10276","48361","Orange County, Texas","B27001_016",4567,312
"10277","48361","Orange County, Texas","B27001_017",1027,274
"10278","48361","Orange County, Texas","B27001_018",5152,138
"10279","48361","Orange County, Texas","B27001_019",4102,307
"10280","48361","Orange County, Texas","B27001_020",1050,287
"10281","48361","Orange County, Texas","B27001_021",5266,64
"10282","48361","Orange County, Texas","B27001_022",4470,262
"10283","48361","Orange County, Texas","B27001_023",796,254
"10284","48361","Orange County, Texas","B27001_024",3919,122
"10285","48361","Orange County, Texas","B27001_025",3893,113
"10286","48361","Orange County, Texas","B27001_026",26,40
"10287","48361","Orange County, Texas","B27001_027",2249,93
"10288","48361","Orange County, Texas","B27001_028",2249,93
"10289","48361","Orange County, Texas","B27001_029",0,35
"10290","48361","Orange County, Texas","B27001_030",42979,223
"10291","48361","Orange County, Texas","B27001_031",3561,238
"10292","48361","Orange County, Texas","B27001_032",3222,263
"10293","48361","Orange County, Texas","B27001_033",339,171
"10294","48361","Orange County, Texas","B27001_034",7730,313
"10295","48361","Orange County, Texas","B27001_035",6866,481
"10296","48361","Orange County, Texas","B27001_036",864,364
"10297","48361","Orange County, Texas","B27001_037",3396,278
"10298","48361","Orange County, Texas","B27001_038",2634,300
"10299","48361","Orange County, Texas","B27001_039",762,229
"10300","48361","Orange County, Texas","B27001_040",4803,281
"10301","48361","Orange County, Texas","B27001_041",3630,325
"10302","48361","Orange County, Texas","B27001_042",1173,258
"10303","48361","Orange County, Texas","B27001_043",5895,231
"10304","48361","Orange County, Texas","B27001_044",4864,299
"10305","48361","Orange County, Texas","B27001_045",1031,301
"10306","48361","Orange County, Texas","B27001_046",4919,133
"10307","48361","Orange County, Texas","B27001_047",3939,244
"10308","48361","Orange County, Texas","B27001_048",980,228
"10309","48361","Orange County, Texas","B27001_049",5370,40
"10310","48361","Orange County, Texas","B27001_050",4549,205
"10311","48361","Orange County, Texas","B27001_051",821,206
"10312","48361","Orange County, Texas","B27001_052",4255,82
"10313","48361","Orange County, Texas","B27001_053",4193,96
"10314","48361","Orange County, Texas","B27001_054",62,45
"10315","48361","Orange County, Texas","B27001_055",3050,95
"10316","48361","Orange County, Texas","B27001_056",3004,89
"10317","48361","Orange County, Texas","B27001_057",46,37
"10318","48363","Palo Pinto County, Texas","B27001_001",29023,9
"10319","48363","Palo Pinto County, Texas","B27001_002",14206,192
"10320","48363","Palo Pinto County, Texas","B27001_003",1154,132
"10321","48363","Palo Pinto County, Texas","B27001_004",1051,144
"10322","48363","Palo Pinto County, Texas","B27001_005",103,64
"10323","48363","Palo Pinto County, Texas","B27001_006",2526,161
"10324","48363","Palo Pinto County, Texas","B27001_007",2106,239
"10325","48363","Palo Pinto County, Texas","B27001_008",420,185
"10326","48363","Palo Pinto County, Texas","B27001_009",1101,108
"10327","48363","Palo Pinto County, Texas","B27001_010",631,159
"10328","48363","Palo Pinto County, Texas","B27001_011",470,155
"10329","48363","Palo Pinto County, Texas","B27001_012",1378,106
"10330","48363","Palo Pinto County, Texas","B27001_013",831,120
"10331","48363","Palo Pinto County, Texas","B27001_014",547,129
"10332","48363","Palo Pinto County, Texas","B27001_015",1588,101
"10333","48363","Palo Pinto County, Texas","B27001_016",1078,157
"10334","48363","Palo Pinto County, Texas","B27001_017",510,145
"10335","48363","Palo Pinto County, Texas","B27001_018",1676,122
"10336","48363","Palo Pinto County, Texas","B27001_019",1271,141
"10337","48363","Palo Pinto County, Texas","B27001_020",405,127
"10338","48363","Palo Pinto County, Texas","B27001_021",2028,129
"10339","48363","Palo Pinto County, Texas","B27001_022",1607,126
"10340","48363","Palo Pinto County, Texas","B27001_023",421,138
"10341","48363","Palo Pinto County, Texas","B27001_024",1736,120
"10342","48363","Palo Pinto County, Texas","B27001_025",1691,124
"10343","48363","Palo Pinto County, Texas","B27001_026",45,50
"10344","48363","Palo Pinto County, Texas","B27001_027",1019,52
"10345","48363","Palo Pinto County, Texas","B27001_028",1019,52
"10346","48363","Palo Pinto County, Texas","B27001_029",0,28
"10347","48363","Palo Pinto County, Texas","B27001_030",14817,193
"10348","48363","Palo Pinto County, Texas","B27001_031",1009,97
"10349","48363","Palo Pinto County, Texas","B27001_032",964,88
"10350","48363","Palo Pinto County, Texas","B27001_033",45,42
"10351","48363","Palo Pinto County, Texas","B27001_034",2705,189
"10352","48363","Palo Pinto County, Texas","B27001_035",2383,185
"10353","48363","Palo Pinto County, Texas","B27001_036",322,143
"10354","48363","Palo Pinto County, Texas","B27001_037",945,154
"10355","48363","Palo Pinto County, Texas","B27001_038",704,145
"10356","48363","Palo Pinto County, Texas","B27001_039",241,120
"10357","48363","Palo Pinto County, Texas","B27001_040",1548,109
"10358","48363","Palo Pinto County, Texas","B27001_041",1173,123
"10359","48363","Palo Pinto County, Texas","B27001_042",375,116
"10360","48363","Palo Pinto County, Texas","B27001_043",1725,113
"10361","48363","Palo Pinto County, Texas","B27001_044",1114,149
"10362","48363","Palo Pinto County, Texas","B27001_045",611,178
"10363","48363","Palo Pinto County, Texas","B27001_046",1658,15
"10364","48363","Palo Pinto County, Texas","B27001_047",1238,116
"10365","48363","Palo Pinto County, Texas","B27001_048",420,116
"10366","48363","Palo Pinto County, Texas","B27001_049",2127,63
"10367","48363","Palo Pinto County, Texas","B27001_050",1777,110
"10368","48363","Palo Pinto County, Texas","B27001_051",350,95
"10369","48363","Palo Pinto County, Texas","B27001_052",1797,96
"10370","48363","Palo Pinto County, Texas","B27001_053",1792,96
"10371","48363","Palo Pinto County, Texas","B27001_054",5,7
"10372","48363","Palo Pinto County, Texas","B27001_055",1303,82
"10373","48363","Palo Pinto County, Texas","B27001_056",1303,82
"10374","48363","Palo Pinto County, Texas","B27001_057",0,28
"10375","48365","Panola County, Texas","B27001_001",22466,46
"10376","48365","Panola County, Texas","B27001_002",11253,219
"10377","48365","Panola County, Texas","B27001_003",867,144
"10378","48365","Panola County, Texas","B27001_004",822,145
"10379","48365","Panola County, Texas","B27001_005",45,59
"10380","48365","Panola County, Texas","B27001_006",1995,175
"10381","48365","Panola County, Texas","B27001_007",1498,169
"10382","48365","Panola County, Texas","B27001_008",497,164
"10383","48365","Panola County, Texas","B27001_009",852,104
"10384","48365","Panola County, Texas","B27001_010",399,131
"10385","48365","Panola County, Texas","B27001_011",453,112
"10386","48365","Panola County, Texas","B27001_012",1216,119
"10387","48365","Panola County, Texas","B27001_013",850,145
"10388","48365","Panola County, Texas","B27001_014",366,154
"10389","48365","Panola County, Texas","B27001_015",1325,117
"10390","48365","Panola County, Texas","B27001_016",1040,128
"10391","48365","Panola County, Texas","B27001_017",285,102
"10392","48365","Panola County, Texas","B27001_018",1445,115
"10393","48365","Panola County, Texas","B27001_019",1205,139
"10394","48365","Panola County, Texas","B27001_020",240,116
"10395","48365","Panola County, Texas","B27001_021",1395,36
"10396","48365","Panola County, Texas","B27001_022",1207,87
"10397","48365","Panola County, Texas","B27001_023",188,82
"10398","48365","Panola County, Texas","B27001_024",1407,71
"10399","48365","Panola County, Texas","B27001_025",1366,68
"10400","48365","Panola County, Texas","B27001_026",41,33
"10401","48365","Panola County, Texas","B27001_027",751,68
"10402","48365","Panola County, Texas","B27001_028",751,68
"10403","48365","Panola County, Texas","B27001_029",0,28
"10404","48365","Panola County, Texas","B27001_030",11213,204
"10405","48365","Panola County, Texas","B27001_031",804,200
"10406","48365","Panola County, Texas","B27001_032",770,201
"10407","48365","Panola County, Texas","B27001_033",34,38
"10408","48365","Panola County, Texas","B27001_034",1950,279
"10409","48365","Panola County, Texas","B27001_035",1718,285
"10410","48365","Panola County, Texas","B27001_036",232,80
"10411","48365","Panola County, Texas","B27001_037",865,154
"10412","48365","Panola County, Texas","B27001_038",501,127
"10413","48365","Panola County, Texas","B27001_039",364,109
"10414","48365","Panola County, Texas","B27001_040",976,135
"10415","48365","Panola County, Texas","B27001_041",856,132
"10416","48365","Panola County, Texas","B27001_042",120,74
"10417","48365","Panola County, Texas","B27001_043",1428,100
"10418","48365","Panola County, Texas","B27001_044",1097,145
"10419","48365","Panola County, Texas","B27001_045",331,108
"10420","48365","Panola County, Texas","B27001_046",1396,108
"10421","48365","Panola County, Texas","B27001_047",994,179
"10422","48365","Panola County, Texas","B27001_048",402,163
"10423","48365","Panola County, Texas","B27001_049",1484,41
"10424","48365","Panola County, Texas","B27001_050",1304,88
"10425","48365","Panola County, Texas","B27001_051",180,80
"10426","48365","Panola County, Texas","B27001_052",1408,41
"10427","48365","Panola County, Texas","B27001_053",1367,28
"10428","48365","Panola County, Texas","B27001_054",41,33
"10429","48365","Panola County, Texas","B27001_055",902,38
"10430","48365","Panola County, Texas","B27001_056",902,38
"10431","48365","Panola County, Texas","B27001_057",0,28
"10432","48367","Parker County, Texas","B27001_001",163643,164
"10433","48367","Parker County, Texas","B27001_002",81727,230
"10434","48367","Parker County, Texas","B27001_003",6342,366
"10435","48367","Parker County, Texas","B27001_004",5703,428
"10436","48367","Parker County, Texas","B27001_005",639,259
"10437","48367","Parker County, Texas","B27001_006",15920,417
"10438","48367","Parker County, Texas","B27001_007",13819,567
"10439","48367","Parker County, Texas","B27001_008",2101,495
"10440","48367","Parker County, Texas","B27001_009",6009,321
"10441","48367","Parker County, Texas","B27001_010",4701,432
"10442","48367","Parker County, Texas","B27001_011",1308,316
"10443","48367","Parker County, Texas","B27001_012",8554,277
"10444","48367","Parker County, Texas","B27001_013",6358,376
"10445","48367","Parker County, Texas","B27001_014",2196,356
"10446","48367","Parker County, Texas","B27001_015",11451,149
"10447","48367","Parker County, Texas","B27001_016",9322,318
"10448","48367","Parker County, Texas","B27001_017",2129,327
"10449","48367","Parker County, Texas","B27001_018",10404,157
"10450","48367","Parker County, Texas","B27001_019",9083,362
"10451","48367","Parker County, Texas","B27001_020",1321,307
"10452","48367","Parker County, Texas","B27001_021",10960,112
"10453","48367","Parker County, Texas","B27001_022",9187,271
"10454","48367","Parker County, Texas","B27001_023",1773,273
"10455","48367","Parker County, Texas","B27001_024",7779,127
"10456","48367","Parker County, Texas","B27001_025",7719,153
"10457","48367","Parker County, Texas","B27001_026",60,70
"10458","48367","Parker County, Texas","B27001_027",4308,120
"10459","48367","Parker County, Texas","B27001_028",4243,141
"10460","48367","Parker County, Texas","B27001_029",65,78
"10461","48367","Parker County, Texas","B27001_030",81916,167
"10462","48367","Parker County, Texas","B27001_031",5843,345
"10463","48367","Parker County, Texas","B27001_032",5271,328
"10464","48367","Parker County, Texas","B27001_033",572,227
"10465","48367","Parker County, Texas","B27001_034",14658,378
"10466","48367","Parker County, Texas","B27001_035",13315,496
"10467","48367","Parker County, Texas","B27001_036",1343,348
"10468","48367","Parker County, Texas","B27001_037",6050,327
"10469","48367","Parker County, Texas","B27001_038",5051,427
"10470","48367","Parker County, Texas","B27001_039",999,268
"10471","48367","Parker County, Texas","B27001_040",8667,346
"10472","48367","Parker County, Texas","B27001_041",6688,426
"10473","48367","Parker County, Texas","B27001_042",1979,383
"10474","48367","Parker County, Texas","B27001_043",11639,167
"10475","48367","Parker County, Texas","B27001_044",10040,402
"10476","48367","Parker County, Texas","B27001_045",1599,340
"10477","48367","Parker County, Texas","B27001_046",10545,165
"10478","48367","Parker County, Texas","B27001_047",8962,427
"10479","48367","Parker County, Texas","B27001_048",1583,397
"10480","48367","Parker County, Texas","B27001_049",10932,82
"10481","48367","Parker County, Texas","B27001_050",9117,370
"10482","48367","Parker County, Texas","B27001_051",1815,368
"10483","48367","Parker County, Texas","B27001_052",8520,103
"10484","48367","Parker County, Texas","B27001_053",8470,130
"10485","48367","Parker County, Texas","B27001_054",50,72
"10486","48367","Parker County, Texas","B27001_055",5062,103
"10487","48367","Parker County, Texas","B27001_056",5026,105
"10488","48367","Parker County, Texas","B27001_057",36,38
"10489","48369","Parmer County, Texas","B27001_001",9626,17
"10490","48369","Parmer County, Texas","B27001_002",5067,100
"10491","48369","Parmer County, Texas","B27001_003",510,95
"10492","48369","Parmer County, Texas","B27001_004",407,114
"10493","48369","Parmer County, Texas","B27001_005",103,66
"10494","48369","Parmer County, Texas","B27001_006",1082,94
"10495","48369","Parmer County, Texas","B27001_007",741,130
"10496","48369","Parmer County, Texas","B27001_008",341,142
"10497","48369","Parmer County, Texas","B27001_009",469,86
"10498","48369","Parmer County, Texas","B27001_010",228,102
"10499","48369","Parmer County, Texas","B27001_011",241,144
"10500","48369","Parmer County, Texas","B27001_012",579,103
"10501","48369","Parmer County, Texas","B27001_013",355,100
"10502","48369","Parmer County, Texas","B27001_014",224,106
"10503","48369","Parmer County, Texas","B27001_015",709,93
"10504","48369","Parmer County, Texas","B27001_016",441,139
"10505","48369","Parmer County, Texas","B27001_017",268,100
"10506","48369","Parmer County, Texas","B27001_018",434,88
"10507","48369","Parmer County, Texas","B27001_019",337,100
"10508","48369","Parmer County, Texas","B27001_020",97,66
"10509","48369","Parmer County, Texas","B27001_021",599,31
"10510","48369","Parmer County, Texas","B27001_022",532,57
"10511","48369","Parmer County, Texas","B27001_023",67,41
"10512","48369","Parmer County, Texas","B27001_024",451,79
"10513","48369","Parmer County, Texas","B27001_025",416,79
"10514","48369","Parmer County, Texas","B27001_026",35,39
"10515","48369","Parmer County, Texas","B27001_027",234,91
"10516","48369","Parmer County, Texas","B27001_028",234,91
"10517","48369","Parmer County, Texas","B27001_029",0,21
"10518","48369","Parmer County, Texas","B27001_030",4559,98
"10519","48369","Parmer County, Texas","B27001_031",414,104
"10520","48369","Parmer County, Texas","B27001_032",377,125
"10521","48369","Parmer County, Texas","B27001_033",37,43
"10522","48369","Parmer County, Texas","B27001_034",878,149
"10523","48369","Parmer County, Texas","B27001_035",655,149
"10524","48369","Parmer County, Texas","B27001_036",223,86
"10525","48369","Parmer County, Texas","B27001_037",350,101
"10526","48369","Parmer County, Texas","B27001_038",255,108
"10527","48369","Parmer County, Texas","B27001_039",95,72
"10528","48369","Parmer County, Texas","B27001_040",469,64
"10529","48369","Parmer County, Texas","B27001_041",331,77
"10530","48369","Parmer County, Texas","B27001_042",138,75
"10531","48369","Parmer County, Texas","B27001_043",600,51
"10532","48369","Parmer County, Texas","B27001_044",405,96
"10533","48369","Parmer County, Texas","B27001_045",195,79
"10534","48369","Parmer County, Texas","B27001_046",482,61
"10535","48369","Parmer County, Texas","B27001_047",317,77
"10536","48369","Parmer County, Texas","B27001_048",165,53
"10537","48369","Parmer County, Texas","B27001_049",581,15
"10538","48369","Parmer County, Texas","B27001_050",495,43
"10539","48369","Parmer County, Texas","B27001_051",86,42
"10540","48369","Parmer County, Texas","B27001_052",523,93
"10541","48369","Parmer County, Texas","B27001_053",515,95
"10542","48369","Parmer County, Texas","B27001_054",8,13
"10543","48369","Parmer County, Texas","B27001_055",262,73
"10544","48369","Parmer County, Texas","B27001_056",262,73
"10545","48369","Parmer County, Texas","B27001_057",0,21
"10546","48371","Pecos County, Texas","B27001_001",12798,55
"10547","48371","Pecos County, Texas","B27001_002",6298,224
"10548","48371","Pecos County, Texas","B27001_003",458,90
"10549","48371","Pecos County, Texas","B27001_004",427,95
"10550","48371","Pecos County, Texas","B27001_005",31,61
"10551","48371","Pecos County, Texas","B27001_006",1249,183
"10552","48371","Pecos County, Texas","B27001_007",1110,210
"10553","48371","Pecos County, Texas","B27001_008",139,102
"10554","48371","Pecos County, Texas","B27001_009",469,194
"10555","48371","Pecos County, Texas","B27001_010",355,187
"10556","48371","Pecos County, Texas","B27001_011",114,83
"10557","48371","Pecos County, Texas","B27001_012",842,327
"10558","48371","Pecos County, Texas","B27001_013",576,236
"10559","48371","Pecos County, Texas","B27001_014",266,219
"10560","48371","Pecos County, Texas","B27001_015",1006,242
"10561","48371","Pecos County, Texas","B27001_016",836,229
"10562","48371","Pecos County, Texas","B27001_017",170,185
"10563","48371","Pecos County, Texas","B27001_018",763,241
"10564","48371","Pecos County, Texas","B27001_019",605,211
"10565","48371","Pecos County, Texas","B27001_020",158,122
"10566","48371","Pecos County, Texas","B27001_021",586,109
"10567","48371","Pecos County, Texas","B27001_022",534,116
"10568","48371","Pecos County, Texas","B27001_023",52,62
"10569","48371","Pecos County, Texas","B27001_024",587,93
"10570","48371","Pecos County, Texas","B27001_025",490,144
"10571","48371","Pecos County, Texas","B27001_026",97,110
"10572","48371","Pecos County, Texas","B27001_027",338,45
"10573","48371","Pecos County, Texas","B27001_028",338,45
"10574","48371","Pecos County, Texas","B27001_029",0,23
"10575","48371","Pecos County, Texas","B27001_030",6500,218
"10576","48371","Pecos County, Texas","B27001_031",581,106
"10577","48371","Pecos County, Texas","B27001_032",581,106
"10578","48371","Pecos County, Texas","B27001_033",0,23
"10579","48371","Pecos County, Texas","B27001_034",1416,174
"10580","48371","Pecos County, Texas","B27001_035",1130,274
"10581","48371","Pecos County, Texas","B27001_036",286,226
"10582","48371","Pecos County, Texas","B27001_037",388,150
"10583","48371","Pecos County, Texas","B27001_038",347,153
"10584","48371","Pecos County, Texas","B27001_039",41,53
"10585","48371","Pecos County, Texas","B27001_040",908,131
"10586","48371","Pecos County, Texas","B27001_041",728,203
"10587","48371","Pecos County, Texas","B27001_042",180,161
"10588","48371","Pecos County, Texas","B27001_043",758,49
"10589","48371","Pecos County, Texas","B27001_044",553,146
"10590","48371","Pecos County, Texas","B27001_045",205,143
"10591","48371","Pecos County, Texas","B27001_046",795,97
"10592","48371","Pecos County, Texas","B27001_047",506,133
"10593","48371","Pecos County, Texas","B27001_048",289,141
"10594","48371","Pecos County, Texas","B27001_049",665,2
"10595","48371","Pecos County, Texas","B27001_050",578,57
"10596","48371","Pecos County, Texas","B27001_051",87,57
"10597","48371","Pecos County, Texas","B27001_052",623,66
"10598","48371","Pecos County, Texas","B27001_053",623,66
"10599","48371","Pecos County, Texas","B27001_054",0,23
"10600","48371","Pecos County, Texas","B27001_055",366,72
"10601","48371","Pecos County, Texas","B27001_056",366,72
"10602","48371","Pecos County, Texas","B27001_057",0,23
"10603","48373","Polk County, Texas","B27001_001",48967,128
"10604","48373","Polk County, Texas","B27001_002",24784,206
"10605","48373","Polk County, Texas","B27001_003",1756,222
"10606","48373","Polk County, Texas","B27001_004",1691,224
"10607","48373","Polk County, Texas","B27001_005",65,78
"10608","48373","Polk County, Texas","B27001_006",3933,247
"10609","48373","Polk County, Texas","B27001_007",3420,306
"10610","48373","Polk County, Texas","B27001_008",513,236
"10611","48373","Polk County, Texas","B27001_009",1838,224
"10612","48373","Polk County, Texas","B27001_010",1137,287
"10613","48373","Polk County, Texas","B27001_011",701,250
"10614","48373","Polk County, Texas","B27001_012",2316,230
"10615","48373","Polk County, Texas","B27001_013",1843,256
"10616","48373","Polk County, Texas","B27001_014",473,179
"10617","48373","Polk County, Texas","B27001_015",2873,237
"10618","48373","Polk County, Texas","B27001_016",1982,237
"10619","48373","Polk County, Texas","B27001_017",891,277
"10620","48373","Polk County, Texas","B27001_018",3037,227
"10621","48373","Polk County, Texas","B27001_019",2338,277
"10622","48373","Polk County, Texas","B27001_020",699,267
"10623","48373","Polk County, Texas","B27001_021",4020,144
"10624","48373","Polk County, Texas","B27001_022",3558,222
"10625","48373","Polk County, Texas","B27001_023",462,207
"10626","48373","Polk County, Texas","B27001_024",3615,147
"10627","48373","Polk County, Texas","B27001_025",3615,147
"10628","48373","Polk County, Texas","B27001_026",0,35
"10629","48373","Polk County, Texas","B27001_027",1396,87
"10630","48373","Polk County, Texas","B27001_028",1396,87
"10631","48373","Polk County, Texas","B27001_029",0,35
"10632","48373","Polk County, Texas","B27001_030",24183,182
"10633","48373","Polk County, Texas","B27001_031",1484,144
"10634","48373","Polk County, Texas","B27001_032",1399,172
"10635","48373","Polk County, Texas","B27001_033",85,95
"10636","48373","Polk County, Texas","B27001_034",3873,173
"10637","48373","Polk County, Texas","B27001_035",3555,233
"10638","48373","Polk County, Texas","B27001_036",318,157
"10639","48373","Polk County, Texas","B27001_037",1620,172
"10640","48373","Polk County, Texas","B27001_038",1036,242
"10641","48373","Polk County, Texas","B27001_039",584,179
"10642","48373","Polk County, Texas","B27001_040",2229,160
"10643","48373","Polk County, Texas","B27001_041",1431,222
"10644","48373","Polk County, Texas","B27001_042",798,201
"10645","48373","Polk County, Texas","B27001_043",2854,158
"10646","48373","Polk County, Texas","B27001_044",2291,262
"10647","48373","Polk County, Texas","B27001_045",563,232
"10648","48373","Polk County, Texas","B27001_046",2948,41
"10649","48373","Polk County, Texas","B27001_047",2539,201
"10650","48373","Polk County, Texas","B27001_048",409,196
"10651","48373","Polk County, Texas","B27001_049",4486,28
"10652","48373","Polk County, Texas","B27001_050",4021,144
"10653","48373","Polk County, Texas","B27001_051",465,143
"10654","48373","Polk County, Texas","B27001_052",3425,84
"10655","48373","Polk County, Texas","B27001_053",3419,85
"10656","48373","Polk County, Texas","B27001_054",6,9
"10657","48373","Polk County, Texas","B27001_055",1264,94
"10658","48373","Polk County, Texas","B27001_056",1264,94
"10659","48373","Polk County, Texas","B27001_057",0,35
"10660","48375","Potter County, Texas","B27001_001",109320,247
"10661","48375","Potter County, Texas","B27001_002",53599,304
"10662","48375","Potter County, Texas","B27001_003",4729,204
"10663","48375","Potter County, Texas","B27001_004",4273,284
"10664","48375","Potter County, Texas","B27001_005",456,242
"10665","48375","Potter County, Texas","B27001_006",11819,322
"10666","48375","Potter County, Texas","B27001_007",10361,430
"10667","48375","Potter County, Texas","B27001_008",1458,318
"10668","48375","Potter County, Texas","B27001_009",5145,370
"10669","48375","Potter County, Texas","B27001_010",3028,376
"10670","48375","Potter County, Texas","B27001_011",2117,346
"10671","48375","Potter County, Texas","B27001_012",7099,374
"10672","48375","Potter County, Texas","B27001_013",4272,398
"10673","48375","Potter County, Texas","B27001_014",2827,369
"10674","48375","Potter County, Texas","B27001_015",6872,320
"10675","48375","Potter County, Texas","B27001_016",4535,385
"10676","48375","Potter County, Texas","B27001_017",2337,399
"10677","48375","Potter County, Texas","B27001_018",5782,343
"10678","48375","Potter County, Texas","B27001_019",4126,395
"10679","48375","Potter County, Texas","B27001_020",1656,298
"10680","48375","Potter County, Texas","B27001_021",5277,210
"10681","48375","Potter County, Texas","B27001_022",4246,288
"10682","48375","Potter County, Texas","B27001_023",1031,233
"10683","48375","Potter County, Texas","B27001_024",4349,195
"10684","48375","Potter County, Texas","B27001_025",4278,206
"10685","48375","Potter County, Texas","B27001_026",71,51
"10686","48375","Potter County, Texas","B27001_027",2527,142
"10687","48375","Potter County, Texas","B27001_028",2504,141
"10688","48375","Potter County, Texas","B27001_029",23,41
"10689","48375","Potter County, Texas","B27001_030",55721,144
"10690","48375","Potter County, Texas","B27001_031",4759,366
"10691","48375","Potter County, Texas","B27001_032",4530,382
"10692","48375","Potter County, Texas","B27001_033",229,123
"10693","48375","Potter County, Texas","B27001_034",11018,414
"10694","48375","Potter County, Texas","B27001_035",9451,499
"10695","48375","Potter County, Texas","B27001_036",1567,361
"10696","48375","Potter County, Texas","B27001_037",5098,253
"10697","48375","Potter County, Texas","B27001_038",3924,310
"10698","48375","Potter County, Texas","B27001_039",1174,279
"10699","48375","Potter County, Texas","B27001_040",6983,266
"10700","48375","Potter County, Texas","B27001_041",5299,423
"10701","48375","Potter County, Texas","B27001_042",1684,331
"10702","48375","Potter County, Texas","B27001_043",6991,227
"10703","48375","Potter County, Texas","B27001_044",5187,403
"10704","48375","Potter County, Texas","B27001_045",1804,334
"10705","48375","Potter County, Texas","B27001_046",6158,147
"10706","48375","Potter County, Texas","B27001_047",4658,336
"10707","48375","Potter County, Texas","B27001_048",1500,310
"10708","48375","Potter County, Texas","B27001_049",6112,63
"10709","48375","Potter County, Texas","B27001_050",5053,272
"10710","48375","Potter County, Texas","B27001_051",1059,266
"10711","48375","Potter County, Texas","B27001_052",4973,96
"10712","48375","Potter County, Texas","B27001_053",4884,121
"10713","48375","Potter County, Texas","B27001_054",89,73
"10714","48375","Potter County, Texas","B27001_055",3629,135
"10715","48375","Potter County, Texas","B27001_056",3613,141
"10716","48375","Potter County, Texas","B27001_057",16,21
"10717","48377","Presidio County, Texas","B27001_001",5927,7
"10718","48377","Presidio County, Texas","B27001_002",3185,161
"10719","48377","Presidio County, Texas","B27001_003",394,260
"10720","48377","Presidio County, Texas","B27001_004",305,245
"10721","48377","Presidio County, Texas","B27001_005",89,162
"10722","48377","Presidio County, Texas","B27001_006",591,300
"10723","48377","Presidio County, Texas","B27001_007",461,300
"10724","48377","Presidio County, Texas","B27001_008",130,121
"10725","48377","Presidio County, Texas","B27001_009",276,170
"10726","48377","Presidio County, Texas","B27001_010",173,133
"10727","48377","Presidio County, Texas","B27001_011",103,105
"10728","48377","Presidio County, Texas","B27001_012",260,154
"10729","48377","Presidio County, Texas","B27001_013",135,141
"10730","48377","Presidio County, Texas","B27001_014",125,131
"10731","48377","Presidio County, Texas","B27001_015",431,137
"10732","48377","Presidio County, Texas","B27001_016",176,103
"10733","48377","Presidio County, Texas","B27001_017",255,137
"10734","48377","Presidio County, Texas","B27001_018",358,131
"10735","48377","Presidio County, Texas","B27001_019",164,103
"10736","48377","Presidio County, Texas","B27001_020",194,149
"10737","48377","Presidio County, Texas","B27001_021",357,67
"10738","48377","Presidio County, Texas","B27001_022",237,85
"10739","48377","Presidio County, Texas","B27001_023",120,78
"10740","48377","Presidio County, Texas","B27001_024",323,147
"10741","48377","Presidio County, Texas","B27001_025",290,153
"10742","48377","Presidio County, Texas","B27001_026",33,57
"10743","48377","Presidio County, Texas","B27001_027",195,122
"10744","48377","Presidio County, Texas","B27001_028",164,100
"10745","48377","Presidio County, Texas","B27001_029",31,49
"10746","48377","Presidio County, Texas","B27001_030",2742,160
"10747","48377","Presidio County, Texas","B27001_031",114,59
"10748","48377","Presidio County, Texas","B27001_032",114,59
"10749","48377","Presidio County, Texas","B27001_033",0,21
"10750","48377","Presidio County, Texas","B27001_034",450,166
"10751","48377","Presidio County, Texas","B27001_035",228,182
"10752","48377","Presidio County, Texas","B27001_036",222,190
"10753","48377","Presidio County, Texas","B27001_037",189,131
"10754","48377","Presidio County, Texas","B27001_038",52,51
"10755","48377","Presidio County, Texas","B27001_039",137,151
"10756","48377","Presidio County, Texas","B27001_040",273,141
"10757","48377","Presidio County, Texas","B27001_041",152,111
"10758","48377","Presidio County, Texas","B27001_042",121,109
"10759","48377","Presidio County, Texas","B27001_043",299,149
"10760","48377","Presidio County, Texas","B27001_044",189,115
"10761","48377","Presidio County, Texas","B27001_045",110,120
"10762","48377","Presidio County, Texas","B27001_046",425,171
"10763","48377","Presidio County, Texas","B27001_047",213,122
"10764","48377","Presidio County, Texas","B27001_048",212,139
"10765","48377","Presidio County, Texas","B27001_049",353,74
"10766","48377","Presidio County, Texas","B27001_050",302,84
"10767","48377","Presidio County, Texas","B27001_051",51,68
"10768","48377","Presidio County, Texas","B27001_052",293,109
"10769","48377","Presidio County, Texas","B27001_053",264,111
"10770","48377","Presidio County, Texas","B27001_054",29,50
"10771","48377","Presidio County, Texas","B27001_055",346,77
"10772","48377","Presidio County, Texas","B27001_056",319,91
"10773","48377","Presidio County, Texas","B27001_057",27,42
"10774","48379","Rains County, Texas","B27001_001",12710,5
"10775","48379","Rains County, Texas","B27001_002",6460,165
"10776","48379","Rains County, Texas","B27001_003",316,49
"10777","48379","Rains County, Texas","B27001_004",305,51
"10778","48379","Rains County, Texas","B27001_005",11,18
"10779","48379","Rains County, Texas","B27001_006",1115,105
"10780","48379","Rains County, Texas","B27001_007",986,133
"10781","48379","Rains County, Texas","B27001_008",129,104
"10782","48379","Rains County, Texas","B27001_009",357,53
"10783","48379","Rains County, Texas","B27001_010",315,51
"10784","48379","Rains County, Texas","B27001_011",42,29
"10785","48379","Rains County, Texas","B27001_012",753,127
"10786","48379","Rains County, Texas","B27001_013",395,65
"10787","48379","Rains County, Texas","B27001_014",358,142
"10788","48379","Rains County, Texas","B27001_015",726,105
"10789","48379","Rains County, Texas","B27001_016",435,112
"10790","48379","Rains County, Texas","B27001_017",291,128
"10791","48379","Rains County, Texas","B27001_018",688,40
"10792","48379","Rains County, Texas","B27001_019",620,44
"10793","48379","Rains County, Texas","B27001_020",68,56
"10794","48379","Rains County, Texas","B27001_021",1025,73
"10795","48379","Rains County, Texas","B27001_022",831,135
"10796","48379","Rains County, Texas","B27001_023",194,113
"10797","48379","Rains County, Texas","B27001_024",905,35
"10798","48379","Rains County, Texas","B27001_025",905,35
"10799","48379","Rains County, Texas","B27001_026",0,23
"10800","48379","Rains County, Texas","B27001_027",575,30
"10801","48379","Rains County, Texas","B27001_028",575,30
"10802","48379","Rains County, Texas","B27001_029",0,23
"10803","48379","Rains County, Texas","B27001_030",6250,164
"10804","48379","Rains County, Texas","B27001_031",331,71
"10805","48379","Rains County, Texas","B27001_032",269,85
"10806","48379","Rains County, Texas","B27001_033",62,46
"10807","48379","Rains County, Texas","B27001_034",833,107
"10808","48379","Rains County, Texas","B27001_035",775,97
"10809","48379","Rains County, Texas","B27001_036",58,48
"10810","48379","Rains County, Texas","B27001_037",347,87
"10811","48379","Rains County, Texas","B27001_038",304,90
"10812","48379","Rains County, Texas","B27001_039",43,40
"10813","48379","Rains County, Texas","B27001_040",584,69
"10814","48379","Rains County, Texas","B27001_041",316,105
"10815","48379","Rains County, Texas","B27001_042",268,118
"10816","48379","Rains County, Texas","B27001_043",785,50
"10817","48379","Rains County, Texas","B27001_044",542,131
"10818","48379","Rains County, Texas","B27001_045",243,123
"10819","48379","Rains County, Texas","B27001_046",747,41
"10820","48379","Rains County, Texas","B27001_047",525,108
"10821","48379","Rains County, Texas","B27001_048",222,115
"10822","48379","Rains County, Texas","B27001_049",986,61
"10823","48379","Rains County, Texas","B27001_050",753,97
"10824","48379","Rains County, Texas","B27001_051",233,97
"10825","48379","Rains County, Texas","B27001_052",1032,74
"10826","48379","Rains County, Texas","B27001_053",1032,74
"10827","48379","Rains County, Texas","B27001_054",0,23
"10828","48379","Rains County, Texas","B27001_055",605,29
"10829","48379","Rains County, Texas","B27001_056",605,29
"10830","48379","Rains County, Texas","B27001_057",0,23
"10831","48381","Randall County, Texas","B27001_001",145034,120
"10832","48381","Randall County, Texas","B27001_002",71351,233
"10833","48381","Randall County, Texas","B27001_003",5090,265
"10834","48381","Randall County, Texas","B27001_004",4762,299
"10835","48381","Randall County, Texas","B27001_005",328,161
"10836","48381","Randall County, Texas","B27001_006",13569,284
"10837","48381","Randall County, Texas","B27001_007",12695,415
"10838","48381","Randall County, Texas","B27001_008",874,259
"10839","48381","Randall County, Texas","B27001_009",6526,367
"10840","48381","Randall County, Texas","B27001_010",5145,387
"10841","48381","Randall County, Texas","B27001_011",1381,414
"10842","48381","Randall County, Texas","B27001_012",9290,321
"10843","48381","Randall County, Texas","B27001_013",7165,481
"10844","48381","Randall County, Texas","B27001_014",2125,422
"10845","48381","Randall County, Texas","B27001_015",10478,194
"10846","48381","Randall County, Texas","B27001_016",8989,456
"10847","48381","Randall County, Texas","B27001_017",1489,410
"10848","48381","Randall County, Texas","B27001_018",8118,139
"10849","48381","Randall County, Texas","B27001_019",7357,264
"10850","48381","Randall County, Texas","B27001_020",761,257
"10851","48381","Randall County, Texas","B27001_021",7837,131
"10852","48381","Randall County, Texas","B27001_022",7054,203
"10853","48381","Randall County, Texas","B27001_023",783,204
"10854","48381","Randall County, Texas","B27001_024",6661,214
"10855","48381","Randall County, Texas","B27001_025",6629,220
"10856","48381","Randall County, Texas","B27001_026",32,40
"10857","48381","Randall County, Texas","B27001_027",3782,148
"10858","48381","Randall County, Texas","B27001_028",3782,148
"10859","48381","Randall County, Texas","B27001_029",0,35
"10860","48381","Randall County, Texas","B27001_030",73683,207
"10861","48381","Randall County, Texas","B27001_031",5264,287
"10862","48381","Randall County, Texas","B27001_032",4699,335
"10863","48381","Randall County, Texas","B27001_033",565,221
"10864","48381","Randall County, Texas","B27001_034",12934,345
"10865","48381","Randall County, Texas","B27001_035",11795,500
"10866","48381","Randall County, Texas","B27001_036",1139,344
"10867","48381","Randall County, Texas","B27001_037",7179,363
"10868","48381","Randall County, Texas","B27001_038",6000,468
"10869","48381","Randall County, Texas","B27001_039",1179,361
"10870","48381","Randall County, Texas","B27001_040",9004,354
"10871","48381","Randall County, Texas","B27001_041",7332,491
"10872","48381","Randall County, Texas","B27001_042",1672,383
"10873","48381","Randall County, Texas","B27001_043",10081,141
"10874","48381","Randall County, Texas","B27001_044",8757,356
"10875","48381","Randall County, Texas","B27001_045",1324,309
"10876","48381","Randall County, Texas","B27001_046",8216,102
"10877","48381","Randall County, Texas","B27001_047",7225,312
"10878","48381","Randall County, Texas","B27001_048",991,305
"10879","48381","Randall County, Texas","B27001_049",8386,105
"10880","48381","Randall County, Texas","B27001_050",7161,301
"10881","48381","Randall County, Texas","B27001_051",1225,276
"10882","48381","Randall County, Texas","B27001_052",7489,99
"10883","48381","Randall County, Texas","B27001_053",7467,106
"10884","48381","Randall County, Texas","B27001_054",22,34
"10885","48381","Randall County, Texas","B27001_055",5130,107
"10886","48381","Randall County, Texas","B27001_056",5113,107
"10887","48381","Randall County, Texas","B27001_057",17,27
"10888","48383","Reagan County, Texas","B27001_001",3224,3
"10889","48383","Reagan County, Texas","B27001_002",1669,129
"10890","48383","Reagan County, Texas","B27001_003",126,76
"10891","48383","Reagan County, Texas","B27001_004",126,76
"10892","48383","Reagan County, Texas","B27001_005",0,15
"10893","48383","Reagan County, Texas","B27001_006",412,99
"10894","48383","Reagan County, Texas","B27001_007",363,104
"10895","48383","Reagan County, Texas","B27001_008",49,42
"10896","48383","Reagan County, Texas","B27001_009",191,80
"10897","48383","Reagan County, Texas","B27001_010",172,71
"10898","48383","Reagan County, Texas","B27001_011",19,27
"10899","48383","Reagan County, Texas","B27001_012",130,63
"10900","48383","Reagan County, Texas","B27001_013",63,46
"10901","48383","Reagan County, Texas","B27001_014",67,53
"10902","48383","Reagan County, Texas","B27001_015",312,77
"10903","48383","Reagan County, Texas","B27001_016",263,79
"10904","48383","Reagan County, Texas","B27001_017",49,45
"10905","48383","Reagan County, Texas","B27001_018",179,74
"10906","48383","Reagan County, Texas","B27001_019",179,74
"10907","48383","Reagan County, Texas","B27001_020",0,15
"10908","48383","Reagan County, Texas","B27001_021",162,53
"10909","48383","Reagan County, Texas","B27001_022",159,52
"10910","48383","Reagan County, Texas","B27001_023",3,8
"10911","48383","Reagan County, Texas","B27001_024",65,54
"10912","48383","Reagan County, Texas","B27001_025",65,54
"10913","48383","Reagan County, Texas","B27001_026",0,15
"10914","48383","Reagan County, Texas","B27001_027",92,62
"10915","48383","Reagan County, Texas","B27001_028",92,62
"10916","48383","Reagan County, Texas","B27001_029",0,15
"10917","48383","Reagan County, Texas","B27001_030",1555,129
"10918","48383","Reagan County, Texas","B27001_031",231,85
"10919","48383","Reagan County, Texas","B27001_032",83,55
"10920","48383","Reagan County, Texas","B27001_033",148,111
"10921","48383","Reagan County, Texas","B27001_034",403,88
"10922","48383","Reagan County, Texas","B27001_035",362,95
"10923","48383","Reagan County, Texas","B27001_036",41,35
"10924","48383","Reagan County, Texas","B27001_037",47,51
"10925","48383","Reagan County, Texas","B27001_038",47,51
"10926","48383","Reagan County, Texas","B27001_039",0,15
"10927","48383","Reagan County, Texas","B27001_040",294,96
"10928","48383","Reagan County, Texas","B27001_041",120,67
"10929","48383","Reagan County, Texas","B27001_042",174,98
"10930","48383","Reagan County, Texas","B27001_043",150,42
"10931","48383","Reagan County, Texas","B27001_044",117,40
"10932","48383","Reagan County, Texas","B27001_045",33,31
"10933","48383","Reagan County, Texas","B27001_046",158,41
"10934","48383","Reagan County, Texas","B27001_047",128,43
"10935","48383","Reagan County, Texas","B27001_048",30,29
"10936","48383","Reagan County, Texas","B27001_049",105,55
"10937","48383","Reagan County, Texas","B27001_050",105,55
"10938","48383","Reagan County, Texas","B27001_051",0,15
"10939","48383","Reagan County, Texas","B27001_052",85,54
"10940","48383","Reagan County, Texas","B27001_053",85,54
"10941","48383","Reagan County, Texas","B27001_054",0,15
"10942","48383","Reagan County, Texas","B27001_055",82,55
"10943","48383","Reagan County, Texas","B27001_056",82,55
"10944","48383","Reagan County, Texas","B27001_057",0,15
"10945","48385","Real County, Texas","B27001_001",2708,3
"10946","48385","Real County, Texas","B27001_002",1398,182
"10947","48385","Real County, Texas","B27001_003",73,71
"10948","48385","Real County, Texas","B27001_004",45,64
"10949","48385","Real County, Texas","B27001_005",28,44
"10950","48385","Real County, Texas","B27001_006",355,173
"10951","48385","Real County, Texas","B27001_007",338,177
"10952","48385","Real County, Texas","B27001_008",17,27
"10953","48385","Real County, Texas","B27001_009",25,42
"10954","48385","Real County, Texas","B27001_010",0,15
"10955","48385","Real County, Texas","B27001_011",25,42
"10956","48385","Real County, Texas","B27001_012",107,104
"10957","48385","Real County, Texas","B27001_013",57,88
"10958","48385","Real County, Texas","B27001_014",50,71
"10959","48385","Real County, Texas","B27001_015",84,61
"10960","48385","Real County, Texas","B27001_016",12,20
"10961","48385","Real County, Texas","B27001_017",72,56
"10962","48385","Real County, Texas","B27001_018",51,45
"10963","48385","Real County, Texas","B27001_019",46,41
"10964","48385","Real County, Texas","B27001_020",5,10
"10965","48385","Real County, Texas","B27001_021",158,70
"10966","48385","Real County, Texas","B27001_022",141,70
"10967","48385","Real County, Texas","B27001_023",17,21
"10968","48385","Real County, Texas","B27001_024",366,88
"10969","48385","Real County, Texas","B27001_025",366,88
"10970","48385","Real County, Texas","B27001_026",0,15
"10971","48385","Real County, Texas","B27001_027",179,73
"10972","48385","Real County, Texas","B27001_028",179,73
"10973","48385","Real County, Texas","B27001_029",0,15
"10974","48385","Real County, Texas","B27001_030",1310,181
"10975","48385","Real County, Texas","B27001_031",12,21
"10976","48385","Real County, Texas","B27001_032",0,15
"10977","48385","Real County, Texas","B27001_033",12,21
"10978","48385","Real County, Texas","B27001_034",222,132
"10979","48385","Real County, Texas","B27001_035",151,113
"10980","48385","Real County, Texas","B27001_036",71,79
"10981","48385","Real County, Texas","B27001_037",62,79
"10982","48385","Real County, Texas","B27001_038",55,79
"10983","48385","Real County, Texas","B27001_039",7,12
"10984","48385","Real County, Texas","B27001_040",70,85
"10985","48385","Real County, Texas","B27001_041",0,15
"10986","48385","Real County, Texas","B27001_042",70,85
"10987","48385","Real County, Texas","B27001_043",60,52
"10988","48385","Real County, Texas","B27001_044",54,52
"10989","48385","Real County, Texas","B27001_045",6,10
"10990","48385","Real County, Texas","B27001_046",111,67
"10991","48385","Real County, Texas","B27001_047",93,66
"10992","48385","Real County, Texas","B27001_048",18,23
"10993","48385","Real County, Texas","B27001_049",298,64
"10994","48385","Real County, Texas","B27001_050",256,75
"10995","48385","Real County, Texas","B27001_051",42,37
"10996","48385","Real County, Texas","B27001_052",246,79
"10997","48385","Real County, Texas","B27001_053",246,79
"10998","48385","Real County, Texas","B27001_054",0,15
"10999","48385","Real County, Texas","B27001_055",229,98
"11000","48385","Real County, Texas","B27001_056",229,98
"11001","48385","Real County, Texas","B27001_057",0,15
"11002","48387","Red River County, Texas","B27001_001",11428,13
"11003","48387","Red River County, Texas","B27001_002",5718,123
"11004","48387","Red River County, Texas","B27001_003",414,96
"11005","48387","Red River County, Texas","B27001_004",406,97
"11006","48387","Red River County, Texas","B27001_005",8,9
"11007","48387","Red River County, Texas","B27001_006",1021,112
"11008","48387","Red River County, Texas","B27001_007",868,138
"11009","48387","Red River County, Texas","B27001_008",153,81
"11010","48387","Red River County, Texas","B27001_009",349,102
"11011","48387","Red River County, Texas","B27001_010",249,99
"11012","48387","Red River County, Texas","B27001_011",100,52
"11013","48387","Red River County, Texas","B27001_012",388,49
"11014","48387","Red River County, Texas","B27001_013",225,53
"11015","48387","Red River County, Texas","B27001_014",163,61
"11016","48387","Red River County, Texas","B27001_015",723,125
"11017","48387","Red River County, Texas","B27001_016",613,157
"11018","48387","Red River County, Texas","B27001_017",110,78
"11019","48387","Red River County, Texas","B27001_018",719,139
"11020","48387","Red River County, Texas","B27001_019",564,143
"11021","48387","Red River County, Texas","B27001_020",155,71
"11022","48387","Red River County, Texas","B27001_021",748,86
"11023","48387","Red River County, Texas","B27001_022",603,78
"11024","48387","Red River County, Texas","B27001_023",145,68
"11025","48387","Red River County, Texas","B27001_024",869,81
"11026","48387","Red River County, Texas","B27001_025",869,81
"11027","48387","Red River County, Texas","B27001_026",0,23
"11028","48387","Red River County, Texas","B27001_027",487,30
"11029","48387","Red River County, Texas","B27001_028",487,30
"11030","48387","Red River County, Texas","B27001_029",0,23
"11031","48387","Red River County, Texas","B27001_030",5710,123
"11032","48387","Red River County, Texas","B27001_031",326,72
"11033","48387","Red River County, Texas","B27001_032",289,72
"11034","48387","Red River County, Texas","B27001_033",37,37
"11035","48387","Red River County, Texas","B27001_034",744,121
"11036","48387","Red River County, Texas","B27001_035",594,119
"11037","48387","Red River County, Texas","B27001_036",150,99
"11038","48387","Red River County, Texas","B27001_037",307,113
"11039","48387","Red River County, Texas","B27001_038",219,94
"11040","48387","Red River County, Texas","B27001_039",88,52
"11041","48387","Red River County, Texas","B27001_040",561,74
"11042","48387","Red River County, Texas","B27001_041",392,95
"11043","48387","Red River County, Texas","B27001_042",169,64
"11044","48387","Red River County, Texas","B27001_043",604,124
"11045","48387","Red River County, Texas","B27001_044",466,151
"11046","48387","Red River County, Texas","B27001_045",138,80
"11047","48387","Red River County, Texas","B27001_046",721,111
"11048","48387","Red River County, Texas","B27001_047",521,125
"11049","48387","Red River County, Texas","B27001_048",200,68
"11050","48387","Red River County, Texas","B27001_049",916,52
"11051","48387","Red River County, Texas","B27001_050",681,126
"11052","48387","Red River County, Texas","B27001_051",235,136
"11053","48387","Red River County, Texas","B27001_052",800,64
"11054","48387","Red River County, Texas","B27001_053",767,62
"11055","48387","Red River County, Texas","B27001_054",33,33
"11056","48387","Red River County, Texas","B27001_055",731,67
"11057","48387","Red River County, Texas","B27001_056",731,67
"11058","48387","Red River County, Texas","B27001_057",0,23
"11059","48389","Reeves County, Texas","B27001_001",11682,211
"11060","48389","Reeves County, Texas","B27001_002",6319,296
"11061","48389","Reeves County, Texas","B27001_003",551,152
"11062","48389","Reeves County, Texas","B27001_004",541,149
"11063","48389","Reeves County, Texas","B27001_005",10,21
"11064","48389","Reeves County, Texas","B27001_006",1352,198
"11065","48389","Reeves County, Texas","B27001_007",1250,205
"11066","48389","Reeves County, Texas","B27001_008",102,82
"11067","48389","Reeves County, Texas","B27001_009",653,221
"11068","48389","Reeves County, Texas","B27001_010",405,145
"11069","48389","Reeves County, Texas","B27001_011",248,161
"11070","48389","Reeves County, Texas","B27001_012",734,121
"11071","48389","Reeves County, Texas","B27001_013",474,178
"11072","48389","Reeves County, Texas","B27001_014",260,151
"11073","48389","Reeves County, Texas","B27001_015",870,100
"11074","48389","Reeves County, Texas","B27001_016",681,158
"11075","48389","Reeves County, Texas","B27001_017",189,130
"11076","48389","Reeves County, Texas","B27001_018",844,150
"11077","48389","Reeves County, Texas","B27001_019",674,169
"11078","48389","Reeves County, Texas","B27001_020",170,99
"11079","48389","Reeves County, Texas","B27001_021",565,37
"11080","48389","Reeves County, Texas","B27001_022",379,108
"11081","48389","Reeves County, Texas","B27001_023",186,108
"11082","48389","Reeves County, Texas","B27001_024",473,51
"11083","48389","Reeves County, Texas","B27001_025",465,51
"11084","48389","Reeves County, Texas","B27001_026",8,12
"11085","48389","Reeves County, Texas","B27001_027",277,34
"11086","48389","Reeves County, Texas","B27001_028",277,34
"11087","48389","Reeves County, Texas","B27001_029",0,23
"11088","48389","Reeves County, Texas","B27001_030",5363,198
"11089","48389","Reeves County, Texas","B27001_031",461,184
"11090","48389","Reeves County, Texas","B27001_032",441,182
"11091","48389","Reeves County, Texas","B27001_033",20,28
"11092","48389","Reeves County, Texas","B27001_034",1163,142
"11093","48389","Reeves County, Texas","B27001_035",998,176
"11094","48389","Reeves County, Texas","B27001_036",165,146
"11095","48389","Reeves County, Texas","B27001_037",728,131
"11096","48389","Reeves County, Texas","B27001_038",513,187
"11097","48389","Reeves County, Texas","B27001_039",215,174
"11098","48389","Reeves County, Texas","B27001_040",446,109
"11099","48389","Reeves County, Texas","B27001_041",427,113
"11100","48389","Reeves County, Texas","B27001_042",19,29
"11101","48389","Reeves County, Texas","B27001_043",668,77
"11102","48389","Reeves County, Texas","B27001_044",460,134
"11103","48389","Reeves County, Texas","B27001_045",208,114
"11104","48389","Reeves County, Texas","B27001_046",564,49
"11105","48389","Reeves County, Texas","B27001_047",515,59
"11106","48389","Reeves County, Texas","B27001_048",49,43
"11107","48389","Reeves County, Texas","B27001_049",546,42
"11108","48389","Reeves County, Texas","B27001_050",354,91
"11109","48389","Reeves County, Texas","B27001_051",192,84
"11110","48389","Reeves County, Texas","B27001_052",400,32
"11111","48389","Reeves County, Texas","B27001_053",400,32
"11112","48389","Reeves County, Texas","B27001_054",0,23
"11113","48389","Reeves County, Texas","B27001_055",387,44
"11114","48389","Reeves County, Texas","B27001_056",387,44
"11115","48389","Reeves County, Texas","B27001_057",0,23
"11116","48391","Refugio County, Texas","B27001_001",6560,4
"11117","48391","Refugio County, Texas","B27001_002",3233,103
"11118","48391","Refugio County, Texas","B27001_003",145,56
"11119","48391","Refugio County, Texas","B27001_004",119,42
"11120","48391","Refugio County, Texas","B27001_005",26,42
"11121","48391","Refugio County, Texas","B27001_006",652,111
"11122","48391","Refugio County, Texas","B27001_007",579,112
"11123","48391","Refugio County, Texas","B27001_008",73,46
"11124","48391","Refugio County, Texas","B27001_009",173,80
"11125","48391","Refugio County, Texas","B27001_010",95,55
"11126","48391","Refugio County, Texas","B27001_011",78,80
"11127","48391","Refugio County, Texas","B27001_012",573,108
"11128","48391","Refugio County, Texas","B27001_013",468,121
"11129","48391","Refugio County, Texas","B27001_014",105,57
"11130","48391","Refugio County, Texas","B27001_015",229,55
"11131","48391","Refugio County, Texas","B27001_016",167,62
"11132","48391","Refugio County, Texas","B27001_017",62,32
"11133","48391","Refugio County, Texas","B27001_018",326,64
"11134","48391","Refugio County, Texas","B27001_019",255,66
"11135","48391","Refugio County, Texas","B27001_020",71,34
"11136","48391","Refugio County, Texas","B27001_021",444,34
"11137","48391","Refugio County, Texas","B27001_022",383,36
"11138","48391","Refugio County, Texas","B27001_023",61,48
"11139","48391","Refugio County, Texas","B27001_024",402,41
"11140","48391","Refugio County, Texas","B27001_025",398,41
"11141","48391","Refugio County, Texas","B27001_026",4,9
"11142","48391","Refugio County, Texas","B27001_027",289,19
"11143","48391","Refugio County, Texas","B27001_028",289,19
"11144","48391","Refugio County, Texas","B27001_029",0,21
"11145","48391","Refugio County, Texas","B27001_030",3327,103
"11146","48391","Refugio County, Texas","B27001_031",262,69
"11147","48391","Refugio County, Texas","B27001_032",253,69
"11148","48391","Refugio County, Texas","B27001_033",9,14
"11149","48391","Refugio County, Texas","B27001_034",495,85
"11150","48391","Refugio County, Texas","B27001_035",472,84
"11151","48391","Refugio County, Texas","B27001_036",23,24
"11152","48391","Refugio County, Texas","B27001_037",173,83
"11153","48391","Refugio County, Texas","B27001_038",99,69
"11154","48391","Refugio County, Texas","B27001_039",74,66
"11155","48391","Refugio County, Texas","B27001_040",486,107
"11156","48391","Refugio County, Texas","B27001_041",295,102
"11157","48391","Refugio County, Texas","B27001_042",191,75
"11158","48391","Refugio County, Texas","B27001_043",285,97
"11159","48391","Refugio County, Texas","B27001_044",231,95
"11160","48391","Refugio County, Texas","B27001_045",54,32
"11161","48391","Refugio County, Texas","B27001_046",416,81
"11162","48391","Refugio County, Texas","B27001_047",316,67
"11163","48391","Refugio County, Texas","B27001_048",100,55
"11164","48391","Refugio County, Texas","B27001_049",471,18
"11165","48391","Refugio County, Texas","B27001_050",363,54
"11166","48391","Refugio County, Texas","B27001_051",108,54
"11167","48391","Refugio County, Texas","B27001_052",445,31
"11168","48391","Refugio County, Texas","B27001_053",431,31
"11169","48391","Refugio County, Texas","B27001_054",14,11
"11170","48391","Refugio County, Texas","B27001_055",294,48
"11171","48391","Refugio County, Texas","B27001_056",294,48
"11172","48391","Refugio County, Texas","B27001_057",0,21
"11173","48393","Roberts County, Texas","B27001_001",832,126
"11174","48393","Roberts County, Texas","B27001_002",411,64
"11175","48393","Roberts County, Texas","B27001_003",25,22
"11176","48393","Roberts County, Texas","B27001_004",25,22
"11177","48393","Roberts County, Texas","B27001_005",0,15
"11178","48393","Roberts County, Texas","B27001_006",95,25
"11179","48393","Roberts County, Texas","B27001_007",95,25
"11180","48393","Roberts County, Texas","B27001_008",0,15
"11181","48393","Roberts County, Texas","B27001_009",19,19
"11182","48393","Roberts County, Texas","B27001_010",19,19
"11183","48393","Roberts County, Texas","B27001_011",0,15
"11184","48393","Roberts County, Texas","B27001_012",11,9
"11185","48393","Roberts County, Texas","B27001_013",5,5
"11186","48393","Roberts County, Texas","B27001_014",6,7
"11187","48393","Roberts County, Texas","B27001_015",95,25
"11188","48393","Roberts County, Texas","B27001_016",69,25
"11189","48393","Roberts County, Texas","B27001_017",26,23
"11190","48393","Roberts County, Texas","B27001_018",43,19
"11191","48393","Roberts County, Texas","B27001_019",36,19
"11192","48393","Roberts County, Texas","B27001_020",7,10
"11193","48393","Roberts County, Texas","B27001_021",56,22
"11194","48393","Roberts County, Texas","B27001_022",50,21
"11195","48393","Roberts County, Texas","B27001_023",6,6
"11196","48393","Roberts County, Texas","B27001_024",54,20
"11197","48393","Roberts County, Texas","B27001_025",54,20
"11198","48393","Roberts County, Texas","B27001_026",0,15
"11199","48393","Roberts County, Texas","B27001_027",13,9
"11200","48393","Roberts County, Texas","B27001_028",13,9
"11201","48393","Roberts County, Texas","B27001_029",0,15
"11202","48393","Roberts County, Texas","B27001_030",421,92
"11203","48393","Roberts County, Texas","B27001_031",28,30
"11204","48393","Roberts County, Texas","B27001_032",24,28
"11205","48393","Roberts County, Texas","B27001_033",4,6
"11206","48393","Roberts County, Texas","B27001_034",114,39
"11207","48393","Roberts County, Texas","B27001_035",114,39
"11208","48393","Roberts County, Texas","B27001_036",0,15
"11209","48393","Roberts County, Texas","B27001_037",0,15
"11210","48393","Roberts County, Texas","B27001_038",0,15
"11211","48393","Roberts County, Texas","B27001_039",0,15
"11212","48393","Roberts County, Texas","B27001_040",35,25
"11213","48393","Roberts County, Texas","B27001_041",35,25
"11214","48393","Roberts County, Texas","B27001_042",0,15
"11215","48393","Roberts County, Texas","B27001_043",99,38
"11216","48393","Roberts County, Texas","B27001_044",90,36
"11217","48393","Roberts County, Texas","B27001_045",9,10
"11218","48393","Roberts County, Texas","B27001_046",22,12
"11219","48393","Roberts County, Texas","B27001_047",17,11
"11220","48393","Roberts County, Texas","B27001_048",5,4
"11221","48393","Roberts County, Texas","B27001_049",42,25
"11222","48393","Roberts County, Texas","B27001_050",26,18
"11223","48393","Roberts County, Texas","B27001_051",16,16
"11224","48393","Roberts County, Texas","B27001_052",53,21
"11225","48393","Roberts County, Texas","B27001_053",40,15
"11226","48393","Roberts County, Texas","B27001_054",13,15
"11227","48393","Roberts County, Texas","B27001_055",28,25
"11228","48393","Roberts County, Texas","B27001_056",28,25
"11229","48393","Roberts County, Texas","B27001_057",0,15
"11230","48395","Robertson County, Texas","B27001_001",16962,5
"11231","48395","Robertson County, Texas","B27001_002",8377,120
"11232","48395","Robertson County, Texas","B27001_003",610,134
"11233","48395","Robertson County, Texas","B27001_004",457,106
"11234","48395","Robertson County, Texas","B27001_005",153,124
"11235","48395","Robertson County, Texas","B27001_006",1607,125
"11236","48395","Robertson County, Texas","B27001_007",1482,139
"11237","48395","Robertson County, Texas","B27001_008",125,74
"11238","48395","Robertson County, Texas","B27001_009",645,84
"11239","48395","Robertson County, Texas","B27001_010",507,101
"11240","48395","Robertson County, Texas","B27001_011",138,92
"11241","48395","Robertson County, Texas","B27001_012",856,161
"11242","48395","Robertson County, Texas","B27001_013",775,161
"11243","48395","Robertson County, Texas","B27001_014",81,46
"11244","48395","Robertson County, Texas","B27001_015",912,144
"11245","48395","Robertson County, Texas","B27001_016",755,126
"11246","48395","Robertson County, Texas","B27001_017",157,89
"11247","48395","Robertson County, Texas","B27001_018",1006,149
"11248","48395","Robertson County, Texas","B27001_019",844,150
"11249","48395","Robertson County, Texas","B27001_020",162,73
"11250","48395","Robertson County, Texas","B27001_021",1202,52
"11251","48395","Robertson County, Texas","B27001_022",1107,80
"11252","48395","Robertson County, Texas","B27001_023",95,63
"11253","48395","Robertson County, Texas","B27001_024",978,45
"11254","48395","Robertson County, Texas","B27001_025",978,45
"11255","48395","Robertson County, Texas","B27001_026",0,23
"11256","48395","Robertson County, Texas","B27001_027",561,59
"11257","48395","Robertson County, Texas","B27001_028",561,59
"11258","48395","Robertson County, Texas","B27001_029",0,23
"11259","48395","Robertson County, Texas","B27001_030",8585,120
"11260","48395","Robertson County, Texas","B27001_031",593,106
"11261","48395","Robertson County, Texas","B27001_032",522,115
"11262","48395","Robertson County, Texas","B27001_033",71,73
"11263","48395","Robertson County, Texas","B27001_034",1421,134
"11264","48395","Robertson County, Texas","B27001_035",1237,128
"11265","48395","Robertson County, Texas","B27001_036",184,89
"11266","48395","Robertson County, Texas","B27001_037",626,112
"11267","48395","Robertson County, Texas","B27001_038",429,104
"11268","48395","Robertson County, Texas","B27001_039",197,106
"11269","48395","Robertson County, Texas","B27001_040",815,150
"11270","48395","Robertson County, Texas","B27001_041",720,145
"11271","48395","Robertson County, Texas","B27001_042",95,55
"11272","48395","Robertson County, Texas","B27001_043",1057,143
"11273","48395","Robertson County, Texas","B27001_044",844,137
"11274","48395","Robertson County, Texas","B27001_045",213,94
"11275","48395","Robertson County, Texas","B27001_046",1118,166
"11276","48395","Robertson County, Texas","B27001_047",974,163
"11277","48395","Robertson County, Texas","B27001_048",144,90
"11278","48395","Robertson County, Texas","B27001_049",1038,63
"11279","48395","Robertson County, Texas","B27001_050",945,98
"11280","48395","Robertson County, Texas","B27001_051",93,74
"11281","48395","Robertson County, Texas","B27001_052",1140,64
"11282","48395","Robertson County, Texas","B27001_053",1133,67
"11283","48395","Robertson County, Texas","B27001_054",7,10
"11284","48395","Robertson County, Texas","B27001_055",777,59
"11285","48395","Robertson County, Texas","B27001_056",777,59
"11286","48395","Robertson County, Texas","B27001_057",0,23
"11287","48397","Rockwall County, Texas","B27001_001",122794,103
"11288","48397","Rockwall County, Texas","B27001_002",61053,205
"11289","48397","Rockwall County, Texas","B27001_003",4212,162
"11290","48397","Rockwall County, Texas","B27001_004",4059,177
"11291","48397","Rockwall County, Texas","B27001_005",153,100
"11292","48397","Rockwall County, Texas","B27001_006",13416,252
"11293","48397","Rockwall County, Texas","B27001_007",12355,333
"11294","48397","Rockwall County, Texas","B27001_008",1061,270
"11295","48397","Rockwall County, Texas","B27001_009",5308,353
"11296","48397","Rockwall County, Texas","B27001_010",4465,432
"11297","48397","Rockwall County, Texas","B27001_011",843,291
"11298","48397","Rockwall County, Texas","B27001_012",6065,330
"11299","48397","Rockwall County, Texas","B27001_013",4819,422
"11300","48397","Rockwall County, Texas","B27001_014",1246,337
"11301","48397","Rockwall County, Texas","B27001_015",9381,157
"11302","48397","Rockwall County, Texas","B27001_016",8267,306
"11303","48397","Rockwall County, Texas","B27001_017",1114,268
"11304","48397","Rockwall County, Texas","B27001_018",8523,120
"11305","48397","Rockwall County, Texas","B27001_019",8010,207
"11306","48397","Rockwall County, Texas","B27001_020",513,176
"11307","48397","Rockwall County, Texas","B27001_021",7231,42
"11308","48397","Rockwall County, Texas","B27001_022",6690,225
"11309","48397","Rockwall County, Texas","B27001_023",541,231
"11310","48397","Rockwall County, Texas","B27001_024",4435,110
"11311","48397","Rockwall County, Texas","B27001_025",4425,115
"11312","48397","Rockwall County, Texas","B27001_026",10,16
"11313","48397","Rockwall County, Texas","B27001_027",2482,101
"11314","48397","Rockwall County, Texas","B27001_028",2468,101
"11315","48397","Rockwall County, Texas","B27001_029",14,27
"11316","48397","Rockwall County, Texas","B27001_030",61741,161
"11317","48397","Rockwall County, Texas","B27001_031",4778,341
"11318","48397","Rockwall County, Texas","B27001_032",4433,388
"11319","48397","Rockwall County, Texas","B27001_033",345,179
"11320","48397","Rockwall County, Texas","B27001_034",11936,352
"11321","48397","Rockwall County, Texas","B27001_035",10974,480
"11322","48397","Rockwall County, Texas","B27001_036",962,327
"11323","48397","Rockwall County, Texas","B27001_037",4761,282
"11324","48397","Rockwall County, Texas","B27001_038",4171,384
"11325","48397","Rockwall County, Texas","B27001_039",590,323
"11326","48397","Rockwall County, Texas","B27001_040",6683,263
"11327","48397","Rockwall County, Texas","B27001_041",5623,392
"11328","48397","Rockwall County, Texas","B27001_042",1060,283
"11329","48397","Rockwall County, Texas","B27001_043",9447,49
"11330","48397","Rockwall County, Texas","B27001_044",8519,278
"11331","48397","Rockwall County, Texas","B27001_045",928,281
"11332","48397","Rockwall County, Texas","B27001_046",8531,32
"11333","48397","Rockwall County, Texas","B27001_047",8001,184
"11334","48397","Rockwall County, Texas","B27001_048",530,181
"11335","48397","Rockwall County, Texas","B27001_049",7187,70
"11336","48397","Rockwall County, Texas","B27001_050",6661,155
"11337","48397","Rockwall County, Texas","B27001_051",526,144
"11338","48397","Rockwall County, Texas","B27001_052",5092,122
"11339","48397","Rockwall County, Texas","B27001_053",5047,136
"11340","48397","Rockwall County, Texas","B27001_054",45,57
"11341","48397","Rockwall County, Texas","B27001_055",3326,130
"11342","48397","Rockwall County, Texas","B27001_056",3185,145
"11343","48397","Rockwall County, Texas","B27001_057",141,138
"11344","48399","Runnels County, Texas","B27001_001",9662,16
"11345","48399","Runnels County, Texas","B27001_002",4918,127
"11346","48399","Runnels County, Texas","B27001_003",345,88
"11347","48399","Runnels County, Texas","B27001_004",315,87
"11348","48399","Runnels County, Texas","B27001_005",30,26
"11349","48399","Runnels County, Texas","B27001_006",844,111
"11350","48399","Runnels County, Texas","B27001_007",658,136
"11351","48399","Runnels County, Texas","B27001_008",186,116
"11352","48399","Runnels County, Texas","B27001_009",372,47
"11353","48399","Runnels County, Texas","B27001_010",306,63
"11354","48399","Runnels County, Texas","B27001_011",66,43
"11355","48399","Runnels County, Texas","B27001_012",511,85
"11356","48399","Runnels County, Texas","B27001_013",305,79
"11357","48399","Runnels County, Texas","B27001_014",206,56
"11358","48399","Runnels County, Texas","B27001_015",657,96
"11359","48399","Runnels County, Texas","B27001_016",518,103
"11360","48399","Runnels County, Texas","B27001_017",139,79
"11361","48399","Runnels County, Texas","B27001_018",576,102
"11362","48399","Runnels County, Texas","B27001_019",459,108
"11363","48399","Runnels County, Texas","B27001_020",117,67
"11364","48399","Runnels County, Texas","B27001_021",638,19
"11365","48399","Runnels County, Texas","B27001_022",579,34
"11366","48399","Runnels County, Texas","B27001_023",59,35
"11367","48399","Runnels County, Texas","B27001_024",601,64
"11368","48399","Runnels County, Texas","B27001_025",601,64
"11369","48399","Runnels County, Texas","B27001_026",0,21
"11370","48399","Runnels County, Texas","B27001_027",374,65
"11371","48399","Runnels County, Texas","B27001_028",368,65
"11372","48399","Runnels County, Texas","B27001_029",6,9
"11373","48399","Runnels County, Texas","B27001_030",4744,128
"11374","48399","Runnels County, Texas","B27001_031",385,94
"11375","48399","Runnels County, Texas","B27001_032",308,83
"11376","48399","Runnels County, Texas","B27001_033",77,55
"11377","48399","Runnels County, Texas","B27001_034",884,127
"11378","48399","Runnels County, Texas","B27001_035",715,115
"11379","48399","Runnels County, Texas","B27001_036",169,132
"11380","48399","Runnels County, Texas","B27001_037",281,76
"11381","48399","Runnels County, Texas","B27001_038",166,70
"11382","48399","Runnels County, Texas","B27001_039",115,57
"11383","48399","Runnels County, Texas","B27001_040",492,118
"11384","48399","Runnels County, Texas","B27001_041",360,115
"11385","48399","Runnels County, Texas","B27001_042",132,55
"11386","48399","Runnels County, Texas","B27001_043",566,77
"11387","48399","Runnels County, Texas","B27001_044",415,61
"11388","48399","Runnels County, Texas","B27001_045",151,88
"11389","48399","Runnels County, Texas","B27001_046",550,33
"11390","48399","Runnels County, Texas","B27001_047",450,65
"11391","48399","Runnels County, Texas","B27001_048",100,55
"11392","48399","Runnels County, Texas","B27001_049",603,12
"11393","48399","Runnels County, Texas","B27001_050",547,40
"11394","48399","Runnels County, Texas","B27001_051",56,39
"11395","48399","Runnels County, Texas","B27001_052",555,37
"11396","48399","Runnels County, Texas","B27001_053",551,38
"11397","48399","Runnels County, Texas","B27001_054",4,10
"11398","48399","Runnels County, Texas","B27001_055",428,71
"11399","48399","Runnels County, Texas","B27001_056",428,71
"11400","48399","Runnels County, Texas","B27001_057",0,21
"11401","48401","Rusk County, Texas","B27001_001",47977,86
"11402","48401","Rusk County, Texas","B27001_002",23582,283
"11403","48401","Rusk County, Texas","B27001_003",1813,170
"11404","48401","Rusk County, Texas","B27001_004",1700,147
"11405","48401","Rusk County, Texas","B27001_005",113,126
"11406","48401","Rusk County, Texas","B27001_006",4607,185
"11407","48401","Rusk County, Texas","B27001_007",4210,216
"11408","48401","Rusk County, Texas","B27001_008",397,134
"11409","48401","Rusk County, Texas","B27001_009",2133,251
"11410","48401","Rusk County, Texas","B27001_010",1784,263
"11411","48401","Rusk County, Texas","B27001_011",349,153
"11412","48401","Rusk County, Texas","B27001_012",2415,221
"11413","48401","Rusk County, Texas","B27001_013",1903,219
"11414","48401","Rusk County, Texas","B27001_014",512,159
"11415","48401","Rusk County, Texas","B27001_015",2806,237
"11416","48401","Rusk County, Texas","B27001_016",2166,230
"11417","48401","Rusk County, Texas","B27001_017",640,187
"11418","48401","Rusk County, Texas","B27001_018",2847,176
"11419","48401","Rusk County, Texas","B27001_019",2093,241
"11420","48401","Rusk County, Texas","B27001_020",754,211
"11421","48401","Rusk County, Texas","B27001_021",2778,178
"11422","48401","Rusk County, Texas","B27001_022",2259,198
"11423","48401","Rusk County, Texas","B27001_023",519,137
"11424","48401","Rusk County, Texas","B27001_024",2621,70
"11425","48401","Rusk County, Texas","B27001_025",2619,70
"11426","48401","Rusk County, Texas","B27001_026",2,3
"11427","48401","Rusk County, Texas","B27001_027",1562,38
"11428","48401","Rusk County, Texas","B27001_028",1562,38
"11429","48401","Rusk County, Texas","B27001_029",0,35
"11430","48401","Rusk County, Texas","B27001_030",24395,256
"11431","48401","Rusk County, Texas","B27001_031",1550,120
"11432","48401","Rusk County, Texas","B27001_032",1405,155
"11433","48401","Rusk County, Texas","B27001_033",145,93
"11434","48401","Rusk County, Texas","B27001_034",4605,137
"11435","48401","Rusk County, Texas","B27001_035",3982,280
"11436","48401","Rusk County, Texas","B27001_036",623,252
"11437","48401","Rusk County, Texas","B27001_037",1668,178
"11438","48401","Rusk County, Texas","B27001_038",1429,160
"11439","48401","Rusk County, Texas","B27001_039",239,97
"11440","48401","Rusk County, Texas","B27001_040",2656,233
"11441","48401","Rusk County, Texas","B27001_041",1860,205
"11442","48401","Rusk County, Texas","B27001_042",796,243
"11443","48401","Rusk County, Texas","B27001_043",3018,119
"11444","48401","Rusk County, Texas","B27001_044",2541,164
"11445","48401","Rusk County, Texas","B27001_045",477,130
"11446","48401","Rusk County, Texas","B27001_046",2940,45
"11447","48401","Rusk County, Texas","B27001_047",2427,162
"11448","48401","Rusk County, Texas","B27001_048",513,158
"11449","48401","Rusk County, Texas","B27001_049",3203,48
"11450","48401","Rusk County, Texas","B27001_050",2729,150
"11451","48401","Rusk County, Texas","B27001_051",474,146
"11452","48401","Rusk County, Texas","B27001_052",2840,59
"11453","48401","Rusk County, Texas","B27001_053",2805,70
"11454","48401","Rusk County, Texas","B27001_054",35,32
"11455","48401","Rusk County, Texas","B27001_055",1915,72
"11456","48401","Rusk County, Texas","B27001_056",1915,72
"11457","48401","Rusk County, Texas","B27001_057",0,35
"11458","48403","Sabine County, Texas","B27001_001",9902,10
"11459","48403","Sabine County, Texas","B27001_002",4974,124
"11460","48403","Sabine County, Texas","B27001_003",294,165
"11461","48403","Sabine County, Texas","B27001_004",294,165
"11462","48403","Sabine County, Texas","B27001_005",0,23
"11463","48403","Sabine County, Texas","B27001_006",580,126
"11464","48403","Sabine County, Texas","B27001_007",365,86
"11465","48403","Sabine County, Texas","B27001_008",215,115
"11466","48403","Sabine County, Texas","B27001_009",321,104
"11467","48403","Sabine County, Texas","B27001_010",285,105
"11468","48403","Sabine County, Texas","B27001_011",36,54
"11469","48403","Sabine County, Texas","B27001_012",299,89
"11470","48403","Sabine County, Texas","B27001_013",256,94
"11471","48403","Sabine County, Texas","B27001_014",43,43
"11472","48403","Sabine County, Texas","B27001_015",416,93
"11473","48403","Sabine County, Texas","B27001_016",284,75
"11474","48403","Sabine County, Texas","B27001_017",132,121
"11475","48403","Sabine County, Texas","B27001_018",617,100
"11476","48403","Sabine County, Texas","B27001_019",506,139
"11477","48403","Sabine County, Texas","B27001_020",111,90
"11478","48403","Sabine County, Texas","B27001_021",927,73
"11479","48403","Sabine County, Texas","B27001_022",800,81
"11480","48403","Sabine County, Texas","B27001_023",127,85
"11481","48403","Sabine County, Texas","B27001_024",887,71
"11482","48403","Sabine County, Texas","B27001_025",885,71
"11483","48403","Sabine County, Texas","B27001_026",2,3
"11484","48403","Sabine County, Texas","B27001_027",633,23
"11485","48403","Sabine County, Texas","B27001_028",633,23
"11486","48403","Sabine County, Texas","B27001_029",0,23
"11487","48403","Sabine County, Texas","B27001_030",4928,124
"11488","48403","Sabine County, Texas","B27001_031",475,100
"11489","48403","Sabine County, Texas","B27001_032",456,104
"11490","48403","Sabine County, Texas","B27001_033",19,39
"11491","48403","Sabine County, Texas","B27001_034",475,92
"11492","48403","Sabine County, Texas","B27001_035",327,96
"11493","48403","Sabine County, Texas","B27001_036",148,93
"11494","48403","Sabine County, Texas","B27001_037",303,73
"11495","48403","Sabine County, Texas","B27001_038",266,97
"11496","48403","Sabine County, Texas","B27001_039",37,55
"11497","48403","Sabine County, Texas","B27001_040",284,122
"11498","48403","Sabine County, Texas","B27001_041",214,105
"11499","48403","Sabine County, Texas","B27001_042",70,67
"11500","48403","Sabine County, Texas","B27001_043",497,72
"11501","48403","Sabine County, Texas","B27001_044",432,91
"11502","48403","Sabine County, Texas","B27001_045",65,48
"11503","48403","Sabine County, Texas","B27001_046",592,94
"11504","48403","Sabine County, Texas","B27001_047",471,113
"11505","48403","Sabine County, Texas","B27001_048",121,67
"11506","48403","Sabine County, Texas","B27001_049",864,76
"11507","48403","Sabine County, Texas","B27001_050",724,87
"11508","48403","Sabine County, Texas","B27001_051",140,64
"11509","48403","Sabine County, Texas","B27001_052",859,55
"11510","48403","Sabine County, Texas","B27001_053",859,55
"11511","48403","Sabine County, Texas","B27001_054",0,23
"11512","48403","Sabine County, Texas","B27001_055",579,42
"11513","48403","Sabine County, Texas","B27001_056",575,43
"11514","48403","Sabine County, Texas","B27001_057",4,8
"11515","48405","San Augustine County, Texas","B27001_001",7658,4
"11516","48405","San Augustine County, Texas","B27001_002",3702,152
"11517","48405","San Augustine County, Texas","B27001_003",152,90
"11518","48405","San Augustine County, Texas","B27001_004",152,90
"11519","48405","San Augustine County, Texas","B27001_005",0,21
"11520","48405","San Augustine County, Texas","B27001_006",632,98
"11521","48405","San Augustine County, Texas","B27001_007",593,108
"11522","48405","San Augustine County, Texas","B27001_008",39,63
"11523","48405","San Augustine County, Texas","B27001_009",273,129
"11524","48405","San Augustine County, Texas","B27001_010",127,78
"11525","48405","San Augustine County, Texas","B27001_011",146,120
"11526","48405","San Augustine County, Texas","B27001_012",238,65
"11527","48405","San Augustine County, Texas","B27001_013",156,52
"11528","48405","San Augustine County, Texas","B27001_014",82,44
"11529","48405","San Augustine County, Texas","B27001_015",352,135
"11530","48405","San Augustine County, Texas","B27001_016",127,69
"11531","48405","San Augustine County, Texas","B27001_017",225,123
"11532","48405","San Augustine County, Texas","B27001_018",485,113
"11533","48405","San Augustine County, Texas","B27001_019",260,81
"11534","48405","San Augustine County, Texas","B27001_020",225,112
"11535","48405","San Augustine County, Texas","B27001_021",616,76
"11536","48405","San Augustine County, Texas","B27001_022",464,90
"11537","48405","San Augustine County, Texas","B27001_023",152,60
"11538","48405","San Augustine County, Texas","B27001_024",607,77
"11539","48405","San Augustine County, Texas","B27001_025",607,77
"11540","48405","San Augustine County, Texas","B27001_026",0,21
"11541","48405","San Augustine County, Texas","B27001_027",347,48
"11542","48405","San Augustine County, Texas","B27001_028",312,62
"11543","48405","San Augustine County, Texas","B27001_029",35,46
"11544","48405","San Augustine County, Texas","B27001_030",3956,153
"11545","48405","San Augustine County, Texas","B27001_031",284,89
"11546","48405","San Augustine County, Texas","B27001_032",249,83
"11547","48405","San Augustine County, Texas","B27001_033",35,39
"11548","48405","San Augustine County, Texas","B27001_034",599,103
"11549","48405","San Augustine County, Texas","B27001_035",538,101
"11550","48405","San Augustine County, Texas","B27001_036",61,66
"11551","48405","San Augustine County, Texas","B27001_037",250,79
"11552","48405","San Augustine County, Texas","B27001_038",231,73
"11553","48405","San Augustine County, Texas","B27001_039",19,28
"11554","48405","San Augustine County, Texas","B27001_040",284,85
"11555","48405","San Augustine County, Texas","B27001_041",169,70
"11556","48405","San Augustine County, Texas","B27001_042",115,58
"11557","48405","San Augustine County, Texas","B27001_043",425,105
"11558","48405","San Augustine County, Texas","B27001_044",261,99
"11559","48405","San Augustine County, Texas","B27001_045",164,72
"11560","48405","San Augustine County, Texas","B27001_046",531,81
"11561","48405","San Augustine County, Texas","B27001_047",395,103
"11562","48405","San Augustine County, Texas","B27001_048",136,63
"11563","48405","San Augustine County, Texas","B27001_049",617,85
"11564","48405","San Augustine County, Texas","B27001_050",562,94
"11565","48405","San Augustine County, Texas","B27001_051",55,46
"11566","48405","San Augustine County, Texas","B27001_052",493,99
"11567","48405","San Augustine County, Texas","B27001_053",493,99
"11568","48405","San Augustine County, Texas","B27001_054",0,21
"11569","48405","San Augustine County, Texas","B27001_055",473,95
"11570","48405","San Augustine County, Texas","B27001_056",473,95
"11571","48405","San Augustine County, Texas","B27001_057",0,21
"11572","48407","San Jacinto County, Texas","B27001_001",28255,63
"11573","48407","San Jacinto County, Texas","B27001_002",14204,125
"11574","48407","San Jacinto County, Texas","B27001_003",1050,126
"11575","48407","San Jacinto County, Texas","B27001_004",1044,127
"11576","48407","San Jacinto County, Texas","B27001_005",6,9
"11577","48407","San Jacinto County, Texas","B27001_006",2268,125
"11578","48407","San Jacinto County, Texas","B27001_007",2139,152
"11579","48407","San Jacinto County, Texas","B27001_008",129,81
"11580","48407","San Jacinto County, Texas","B27001_009",1315,122
"11581","48407","San Jacinto County, Texas","B27001_010",756,198
"11582","48407","San Jacinto County, Texas","B27001_011",559,199
"11583","48407","San Jacinto County, Texas","B27001_012",1195,123
"11584","48407","San Jacinto County, Texas","B27001_013",720,134
"11585","48407","San Jacinto County, Texas","B27001_014",475,134
"11586","48407","San Jacinto County, Texas","B27001_015",1481,103
"11587","48407","San Jacinto County, Texas","B27001_016",1048,172
"11588","48407","San Jacinto County, Texas","B27001_017",433,153
"11589","48407","San Jacinto County, Texas","B27001_018",1609,77
"11590","48407","San Jacinto County, Texas","B27001_019",1113,256
"11591","48407","San Jacinto County, Texas","B27001_020",496,236
"11592","48407","San Jacinto County, Texas","B27001_021",2292,87
"11593","48407","San Jacinto County, Texas","B27001_022",1828,115
"11594","48407","San Jacinto County, Texas","B27001_023",464,137
"11595","48407","San Jacinto County, Texas","B27001_024",1836,106
"11596","48407","San Jacinto County, Texas","B27001_025",1830,105
"11597","48407","San Jacinto County, Texas","B27001_026",6,8
"11598","48407","San Jacinto County, Texas","B27001_027",1158,58
"11599","48407","San Jacinto County, Texas","B27001_028",1158,58
"11600","48407","San Jacinto County, Texas","B27001_029",0,28
"11601","48407","San Jacinto County, Texas","B27001_030",14051,115
"11602","48407","San Jacinto County, Texas","B27001_031",771,195
"11603","48407","San Jacinto County, Texas","B27001_032",731,196
"11604","48407","San Jacinto County, Texas","B27001_033",40,30
"11605","48407","San Jacinto County, Texas","B27001_034",2155,190
"11606","48407","San Jacinto County, Texas","B27001_035",1815,227
"11607","48407","San Jacinto County, Texas","B27001_036",340,186
"11608","48407","San Jacinto County, Texas","B27001_037",1074,118
"11609","48407","San Jacinto County, Texas","B27001_038",738,241
"11610","48407","San Jacinto County, Texas","B27001_039",336,234
"11611","48407","San Jacinto County, Texas","B27001_040",1455,110
"11612","48407","San Jacinto County, Texas","B27001_041",947,161
"11613","48407","San Jacinto County, Texas","B27001_042",508,143
"11614","48407","San Jacinto County, Texas","B27001_043",1524,55
"11615","48407","San Jacinto County, Texas","B27001_044",1129,122
"11616","48407","San Jacinto County, Texas","B27001_045",395,131
"11617","48407","San Jacinto County, Texas","B27001_046",1708,52
"11618","48407","San Jacinto County, Texas","B27001_047",1341,127
"11619","48407","San Jacinto County, Texas","B27001_048",367,113
"11620","48407","San Jacinto County, Texas","B27001_049",2248,79
"11621","48407","San Jacinto County, Texas","B27001_050",1806,148
"11622","48407","San Jacinto County, Texas","B27001_051",442,169
"11623","48407","San Jacinto County, Texas","B27001_052",1887,73
"11624","48407","San Jacinto County, Texas","B27001_053",1881,72
"11625","48407","San Jacinto County, Texas","B27001_054",6,12
"11626","48407","San Jacinto County, Texas","B27001_055",1229,24
"11627","48407","San Jacinto County, Texas","B27001_056",1229,24
"11628","48407","San Jacinto County, Texas","B27001_057",0,28
"11629","48409","San Patricio County, Texas","B27001_001",69447,100
"11630","48409","San Patricio County, Texas","B27001_002",35178,175
"11631","48409","San Patricio County, Texas","B27001_003",2697,241
"11632","48409","San Patricio County, Texas","B27001_004",2523,263
"11633","48409","San Patricio County, Texas","B27001_005",174,116
"11634","48409","San Patricio County, Texas","B27001_006",7226,235
"11635","48409","San Patricio County, Texas","B27001_007",6176,416
"11636","48409","San Patricio County, Texas","B27001_008",1050,331
"11637","48409","San Patricio County, Texas","B27001_009",2762,273
"11638","48409","San Patricio County, Texas","B27001_010",1997,312
"11639","48409","San Patricio County, Texas","B27001_011",765,221
"11640","48409","San Patricio County, Texas","B27001_012",4456,188
"11641","48409","San Patricio County, Texas","B27001_013",2939,292
"11642","48409","San Patricio County, Texas","B27001_014",1517,321
"11643","48409","San Patricio County, Texas","B27001_015",5019,137
"11644","48409","San Patricio County, Texas","B27001_016",3304,357
"11645","48409","San Patricio County, Texas","B27001_017",1715,330
"11646","48409","San Patricio County, Texas","B27001_018",4011,90
"11647","48409","San Patricio County, Texas","B27001_019",3103,228
"11648","48409","San Patricio County, Texas","B27001_020",908,212
"11649","48409","San Patricio County, Texas","B27001_021",3976,68
"11650","48409","San Patricio County, Texas","B27001_022",3419,202
"11651","48409","San Patricio County, Texas","B27001_023",557,188
"11652","48409","San Patricio County, Texas","B27001_024",3117,71
"11653","48409","San Patricio County, Texas","B27001_025",3117,71
"11654","48409","San Patricio County, Texas","B27001_026",0,35
"11655","48409","San Patricio County, Texas","B27001_027",1914,80
"11656","48409","San Patricio County, Texas","B27001_028",1914,80
"11657","48409","San Patricio County, Texas","B27001_029",0,35
"11658","48409","San Patricio County, Texas","B27001_030",34269,174
"11659","48409","San Patricio County, Texas","B27001_031",2660,204
"11660","48409","San Patricio County, Texas","B27001_032",2332,256
"11661","48409","San Patricio County, Texas","B27001_033",328,205
"11662","48409","San Patricio County, Texas","B27001_034",6571,300
"11663","48409","San Patricio County, Texas","B27001_035",5681,339
"11664","48409","San Patricio County, Texas","B27001_036",890,291
"11665","48409","San Patricio County, Texas","B27001_037",2688,277
"11666","48409","San Patricio County, Texas","B27001_038",1770,325
"11667","48409","San Patricio County, Texas","B27001_039",918,286
"11668","48409","San Patricio County, Texas","B27001_040",3788,203
"11669","48409","San Patricio County, Texas","B27001_041",2741,289
"11670","48409","San Patricio County, Texas","B27001_042",1047,262
"11671","48409","San Patricio County, Texas","B27001_043",4612,102
"11672","48409","San Patricio County, Texas","B27001_044",3406,319
"11673","48409","San Patricio County, Texas","B27001_045",1206,296
"11674","48409","San Patricio County, Texas","B27001_046",4138,112
"11675","48409","San Patricio County, Texas","B27001_047",3065,220
"11676","48409","San Patricio County, Texas","B27001_048",1073,196
"11677","48409","San Patricio County, Texas","B27001_049",4136,78
"11678","48409","San Patricio County, Texas","B27001_050",3362,238
"11679","48409","San Patricio County, Texas","B27001_051",774,218
"11680","48409","San Patricio County, Texas","B27001_052",3153,46
"11681","48409","San Patricio County, Texas","B27001_053",3095,67
"11682","48409","San Patricio County, Texas","B27001_054",58,48
"11683","48409","San Patricio County, Texas","B27001_055",2523,104
"11684","48409","San Patricio County, Texas","B27001_056",2523,104
"11685","48409","San Patricio County, Texas","B27001_057",0,35
"11686","48411","San Saba County, Texas","B27001_001",5094,63
"11687","48411","San Saba County, Texas","B27001_002",2527,133
"11688","48411","San Saba County, Texas","B27001_003",132,27
"11689","48411","San Saba County, Texas","B27001_004",96,26
"11690","48411","San Saba County, Texas","B27001_005",36,29
"11691","48411","San Saba County, Texas","B27001_006",372,34
"11692","48411","San Saba County, Texas","B27001_007",306,67
"11693","48411","San Saba County, Texas","B27001_008",66,48
"11694","48411","San Saba County, Texas","B27001_009",276,84
"11695","48411","San Saba County, Texas","B27001_010",134,58
"11696","48411","San Saba County, Texas","B27001_011",142,75
"11697","48411","San Saba County, Texas","B27001_012",299,108
"11698","48411","San Saba County, Texas","B27001_013",248,107
"11699","48411","San Saba County, Texas","B27001_014",51,41
"11700","48411","San Saba County, Texas","B27001_015",284,83
"11701","48411","San Saba County, Texas","B27001_016",84,46
"11702","48411","San Saba County, Texas","B27001_017",200,75
"11703","48411","San Saba County, Texas","B27001_018",214,33
"11704","48411","San Saba County, Texas","B27001_019",156,40
"11705","48411","San Saba County, Texas","B27001_020",58,37
"11706","48411","San Saba County, Texas","B27001_021",323,43
"11707","48411","San Saba County, Texas","B27001_022",212,48
"11708","48411","San Saba County, Texas","B27001_023",111,55
"11709","48411","San Saba County, Texas","B27001_024",347,40
"11710","48411","San Saba County, Texas","B27001_025",337,40
"11711","48411","San Saba County, Texas","B27001_026",10,14
"11712","48411","San Saba County, Texas","B27001_027",280,30
"11713","48411","San Saba County, Texas","B27001_028",280,30
"11714","48411","San Saba County, Texas","B27001_029",0,21
"11715","48411","San Saba County, Texas","B27001_030",2567,140
"11716","48411","San Saba County, Texas","B27001_031",171,54
"11717","48411","San Saba County, Texas","B27001_032",128,45
"11718","48411","San Saba County, Texas","B27001_033",43,39
"11719","48411","San Saba County, Texas","B27001_034",521,78
"11720","48411","San Saba County, Texas","B27001_035",312,85
"11721","48411","San Saba County, Texas","B27001_036",209,93
"11722","48411","San Saba County, Texas","B27001_037",131,62
"11723","48411","San Saba County, Texas","B27001_038",127,60
"11724","48411","San Saba County, Texas","B27001_039",4,13
"11725","48411","San Saba County, Texas","B27001_040",247,111
"11726","48411","San Saba County, Texas","B27001_041",81,57
"11727","48411","San Saba County, Texas","B27001_042",166,112
"11728","48411","San Saba County, Texas","B27001_043",266,83
"11729","48411","San Saba County, Texas","B27001_044",164,74
"11730","48411","San Saba County, Texas","B27001_045",102,59
"11731","48411","San Saba County, Texas","B27001_046",225,29
"11732","48411","San Saba County, Texas","B27001_047",124,47
"11733","48411","San Saba County, Texas","B27001_048",101,40
"11734","48411","San Saba County, Texas","B27001_049",384,33
"11735","48411","San Saba County, Texas","B27001_050",310,50
"11736","48411","San Saba County, Texas","B27001_051",74,54
"11737","48411","San Saba County, Texas","B27001_052",351,39
"11738","48411","San Saba County, Texas","B27001_053",351,39
"11739","48411","San Saba County, Texas","B27001_054",0,21
"11740","48411","San Saba County, Texas","B27001_055",271,15
"11741","48411","San Saba County, Texas","B27001_056",271,15
"11742","48411","San Saba County, Texas","B27001_057",0,21
"11743","48413","Schleicher County, Texas","B27001_001",2345,20
"11744","48413","Schleicher County, Texas","B27001_002",1084,65
"11745","48413","Schleicher County, Texas","B27001_003",80,30
"11746","48413","Schleicher County, Texas","B27001_004",52,39
"11747","48413","Schleicher County, Texas","B27001_005",28,27
"11748","48413","Schleicher County, Texas","B27001_006",116,42
"11749","48413","Schleicher County, Texas","B27001_007",116,42
"11750","48413","Schleicher County, Texas","B27001_008",0,15
"11751","48413","Schleicher County, Texas","B27001_009",57,44
"11752","48413","Schleicher County, Texas","B27001_010",39,41
"11753","48413","Schleicher County, Texas","B27001_011",18,21
"11754","48413","Schleicher County, Texas","B27001_012",133,53
"11755","48413","Schleicher County, Texas","B27001_013",61,51
"11756","48413","Schleicher County, Texas","B27001_014",72,47
"11757","48413","Schleicher County, Texas","B27001_015",190,60
"11758","48413","Schleicher County, Texas","B27001_016",155,47
"11759","48413","Schleicher County, Texas","B27001_017",35,45
"11760","48413","Schleicher County, Texas","B27001_018",126,53
"11761","48413","Schleicher County, Texas","B27001_019",99,48
"11762","48413","Schleicher County, Texas","B27001_020",27,29
"11763","48413","Schleicher County, Texas","B27001_021",128,38
"11764","48413","Schleicher County, Texas","B27001_022",76,30
"11765","48413","Schleicher County, Texas","B27001_023",52,39
"11766","48413","Schleicher County, Texas","B27001_024",158,52
"11767","48413","Schleicher County, Texas","B27001_025",158,52
"11768","48413","Schleicher County, Texas","B27001_026",0,15
"11769","48413","Schleicher County, Texas","B27001_027",96,55
"11770","48413","Schleicher County, Texas","B27001_028",96,55
"11771","48413","Schleicher County, Texas","B27001_029",0,15
"11772","48413","Schleicher County, Texas","B27001_030",1261,62
"11773","48413","Schleicher County, Texas","B27001_031",159,86
"11774","48413","Schleicher County, Texas","B27001_032",48,45
"11775","48413","Schleicher County, Texas","B27001_033",111,82
"11776","48413","Schleicher County, Texas","B27001_034",211,67
"11777","48413","Schleicher County, Texas","B27001_035",211,67
"11778","48413","Schleicher County, Texas","B27001_036",0,15
"11779","48413","Schleicher County, Texas","B27001_037",46,43
"11780","48413","Schleicher County, Texas","B27001_038",30,27
"11781","48413","Schleicher County, Texas","B27001_039",16,21
"11782","48413","Schleicher County, Texas","B27001_040",152,65
"11783","48413","Schleicher County, Texas","B27001_041",84,50
"11784","48413","Schleicher County, Texas","B27001_042",68,51
"11785","48413","Schleicher County, Texas","B27001_043",164,62
"11786","48413","Schleicher County, Texas","B27001_044",132,60
"11787","48413","Schleicher County, Texas","B27001_045",32,43
"11788","48413","Schleicher County, Texas","B27001_046",129,62
"11789","48413","Schleicher County, Texas","B27001_047",71,39
"11790","48413","Schleicher County, Texas","B27001_048",58,44
"11791","48413","Schleicher County, Texas","B27001_049",132,53
"11792","48413","Schleicher County, Texas","B27001_050",115,53
"11793","48413","Schleicher County, Texas","B27001_051",17,23
"11794","48413","Schleicher County, Texas","B27001_052",186,46
"11795","48413","Schleicher County, Texas","B27001_053",186,46
"11796","48413","Schleicher County, Texas","B27001_054",0,15
"11797","48413","Schleicher County, Texas","B27001_055",82,43
"11798","48413","Schleicher County, Texas","B27001_056",82,43
"11799","48413","Schleicher County, Texas","B27001_057",0,15
"11800","48415","Scurry County, Texas","B27001_001",14877,89
"11801","48415","Scurry County, Texas","B27001_002",7052,210
"11802","48415","Scurry County, Texas","B27001_003",509,118
"11803","48415","Scurry County, Texas","B27001_004",393,123
"11804","48415","Scurry County, Texas","B27001_005",116,80
"11805","48415","Scurry County, Texas","B27001_006",1409,152
"11806","48415","Scurry County, Texas","B27001_007",1270,135
"11807","48415","Scurry County, Texas","B27001_008",139,109
"11808","48415","Scurry County, Texas","B27001_009",639,146
"11809","48415","Scurry County, Texas","B27001_010",474,137
"11810","48415","Scurry County, Texas","B27001_011",165,115
"11811","48415","Scurry County, Texas","B27001_012",928,259
"11812","48415","Scurry County, Texas","B27001_013",653,187
"11813","48415","Scurry County, Texas","B27001_014",275,198
"11814","48415","Scurry County, Texas","B27001_015",941,178
"11815","48415","Scurry County, Texas","B27001_016",828,175
"11816","48415","Scurry County, Texas","B27001_017",113,87
"11817","48415","Scurry County, Texas","B27001_018",664,125
"11818","48415","Scurry County, Texas","B27001_019",497,119
"11819","48415","Scurry County, Texas","B27001_020",167,106
"11820","48415","Scurry County, Texas","B27001_021",858,84
"11821","48415","Scurry County, Texas","B27001_022",703,105
"11822","48415","Scurry County, Texas","B27001_023",155,84
"11823","48415","Scurry County, Texas","B27001_024",755,98
"11824","48415","Scurry County, Texas","B27001_025",733,105
"11825","48415","Scurry County, Texas","B27001_026",22,35
"11826","48415","Scurry County, Texas","B27001_027",349,67
"11827","48415","Scurry County, Texas","B27001_028",349,67
"11828","48415","Scurry County, Texas","B27001_029",0,23
"11829","48415","Scurry County, Texas","B27001_030",7825,200
"11830","48415","Scurry County, Texas","B27001_031",674,102
"11831","48415","Scurry County, Texas","B27001_032",622,105
"11832","48415","Scurry County, Texas","B27001_033",52,45
"11833","48415","Scurry County, Texas","B27001_034",1715,162
"11834","48415","Scurry County, Texas","B27001_035",1358,276
"11835","48415","Scurry County, Texas","B27001_036",357,271
"11836","48415","Scurry County, Texas","B27001_037",576,177
"11837","48415","Scurry County, Texas","B27001_038",548,188
"11838","48415","Scurry County, Texas","B27001_039",28,41
"11839","48415","Scurry County, Texas","B27001_040",916,219
"11840","48415","Scurry County, Texas","B27001_041",632,198
"11841","48415","Scurry County, Texas","B27001_042",284,145
"11842","48415","Scurry County, Texas","B27001_043",859,175
"11843","48415","Scurry County, Texas","B27001_044",786,176
"11844","48415","Scurry County, Texas","B27001_045",73,60
"11845","48415","Scurry County, Texas","B27001_046",867,157
"11846","48415","Scurry County, Texas","B27001_047",507,118
"11847","48415","Scurry County, Texas","B27001_048",360,183
"11848","48415","Scurry County, Texas","B27001_049",938,41
"11849","48415","Scurry County, Texas","B27001_050",764,88
"11850","48415","Scurry County, Texas","B27001_051",174,89
"11851","48415","Scurry County, Texas","B27001_052",716,106
"11852","48415","Scurry County, Texas","B27001_053",701,108
"11853","48415","Scurry County, Texas","B27001_054",15,28
"11854","48415","Scurry County, Texas","B27001_055",564,85
"11855","48415","Scurry County, Texas","B27001_056",564,85
"11856","48415","Scurry County, Texas","B27001_057",0,23
"11857","48417","Shackelford County, Texas","B27001_001",3140,12
"11858","48417","Shackelford County, Texas","B27001_002",1518,69
"11859","48417","Shackelford County, Texas","B27001_003",91,26
"11860","48417","Shackelford County, Texas","B27001_004",88,26
"11861","48417","Shackelford County, Texas","B27001_005",3,4
"11862","48417","Shackelford County, Texas","B27001_006",304,71
"11863","48417","Shackelford County, Texas","B27001_007",264,58
"11864","48417","Shackelford County, Texas","B27001_008",40,53
"11865","48417","Shackelford County, Texas","B27001_009",87,53
"11866","48417","Shackelford County, Texas","B27001_010",50,36
"11867","48417","Shackelford County, Texas","B27001_011",37,47
"11868","48417","Shackelford County, Texas","B27001_012",158,35
"11869","48417","Shackelford County, Texas","B27001_013",79,30
"11870","48417","Shackelford County, Texas","B27001_014",79,39
"11871","48417","Shackelford County, Texas","B27001_015",189,49
"11872","48417","Shackelford County, Texas","B27001_016",173,50
"11873","48417","Shackelford County, Texas","B27001_017",16,16
"11874","48417","Shackelford County, Texas","B27001_018",171,11
"11875","48417","Shackelford County, Texas","B27001_019",137,30
"11876","48417","Shackelford County, Texas","B27001_020",34,27
"11877","48417","Shackelford County, Texas","B27001_021",218,21
"11878","48417","Shackelford County, Texas","B27001_022",197,30
"11879","48417","Shackelford County, Texas","B27001_023",21,21
"11880","48417","Shackelford County, Texas","B27001_024",182,8
"11881","48417","Shackelford County, Texas","B27001_025",182,8
"11882","48417","Shackelford County, Texas","B27001_026",0,15
"11883","48417","Shackelford County, Texas","B27001_027",118,15
"11884","48417","Shackelford County, Texas","B27001_028",118,15
"11885","48417","Shackelford County, Texas","B27001_029",0,15
"11886","48417","Shackelford County, Texas","B27001_030",1622,67
"11887","48417","Shackelford County, Texas","B27001_031",122,38
"11888","48417","Shackelford County, Texas","B27001_032",107,42
"11889","48417","Shackelford County, Texas","B27001_033",15,16
"11890","48417","Shackelford County, Texas","B27001_034",213,55
"11891","48417","Shackelford County, Texas","B27001_035",209,54
"11892","48417","Shackelford County, Texas","B27001_036",4,7
"11893","48417","Shackelford County, Texas","B27001_037",133,37
"11894","48417","Shackelford County, Texas","B27001_038",120,35
"11895","48417","Shackelford County, Texas","B27001_039",13,12
"11896","48417","Shackelford County, Texas","B27001_040",129,32
"11897","48417","Shackelford County, Texas","B27001_041",73,27
"11898","48417","Shackelford County, Texas","B27001_042",56,35
"11899","48417","Shackelford County, Texas","B27001_043",212,42
"11900","48417","Shackelford County, Texas","B27001_044",175,51
"11901","48417","Shackelford County, Texas","B27001_045",37,26
"11902","48417","Shackelford County, Texas","B27001_046",196,33
"11903","48417","Shackelford County, Texas","B27001_047",148,51
"11904","48417","Shackelford County, Texas","B27001_048",48,32
"11905","48417","Shackelford County, Texas","B27001_049",279,41
"11906","48417","Shackelford County, Texas","B27001_050",261,43
"11907","48417","Shackelford County, Texas","B27001_051",18,17
"11908","48417","Shackelford County, Texas","B27001_052",197,5
"11909","48417","Shackelford County, Texas","B27001_053",197,5
"11910","48417","Shackelford County, Texas","B27001_054",0,15
"11911","48417","Shackelford County, Texas","B27001_055",141,15
"11912","48417","Shackelford County, Texas","B27001_056",141,15
"11913","48417","Shackelford County, Texas","B27001_057",0,15
"11914","48419","Shelby County, Texas","B27001_001",24021,3
"11915","48419","Shelby County, Texas","B27001_002",11861,164
"11916","48419","Shelby County, Texas","B27001_003",1050,199
"11917","48419","Shelby County, Texas","B27001_004",814,201
"11918","48419","Shelby County, Texas","B27001_005",236,174
"11919","48419","Shelby County, Texas","B27001_006",2299,277
"11920","48419","Shelby County, Texas","B27001_007",1915,286
"11921","48419","Shelby County, Texas","B27001_008",384,161
"11922","48419","Shelby County, Texas","B27001_009",997,171
"11923","48419","Shelby County, Texas","B27001_010",593,153
"11924","48419","Shelby County, Texas","B27001_011",404,160
"11925","48419","Shelby County, Texas","B27001_012",1206,179
"11926","48419","Shelby County, Texas","B27001_013",745,169
"11927","48419","Shelby County, Texas","B27001_014",461,166
"11928","48419","Shelby County, Texas","B27001_015",1442,209
"11929","48419","Shelby County, Texas","B27001_016",798,189
"11930","48419","Shelby County, Texas","B27001_017",644,172
"11931","48419","Shelby County, Texas","B27001_018",1388,225
"11932","48419","Shelby County, Texas","B27001_019",1065,241
"11933","48419","Shelby County, Texas","B27001_020",323,110
"11934","48419","Shelby County, Texas","B27001_021",1472,91
"11935","48419","Shelby County, Texas","B27001_022",1192,131
"11936","48419","Shelby County, Texas","B27001_023",280,129
"11937","48419","Shelby County, Texas","B27001_024",1298,106
"11938","48419","Shelby County, Texas","B27001_025",1266,103
"11939","48419","Shelby County, Texas","B27001_026",32,38
"11940","48419","Shelby County, Texas","B27001_027",709,40
"11941","48419","Shelby County, Texas","B27001_028",709,40
"11942","48419","Shelby County, Texas","B27001_029",0,28
"11943","48419","Shelby County, Texas","B27001_030",12160,163
"11944","48419","Shelby County, Texas","B27001_031",918,143
"11945","48419","Shelby County, Texas","B27001_032",848,145
"11946","48419","Shelby County, Texas","B27001_033",70,66
"11947","48419","Shelby County, Texas","B27001_034",2426,168
"11948","48419","Shelby County, Texas","B27001_035",1964,240
"11949","48419","Shelby County, Texas","B27001_036",462,186
"11950","48419","Shelby County, Texas","B27001_037",809,135
"11951","48419","Shelby County, Texas","B27001_038",587,104
"11952","48419","Shelby County, Texas","B27001_039",222,107
"11953","48419","Shelby County, Texas","B27001_040",1329,115
"11954","48419","Shelby County, Texas","B27001_041",928,173
"11955","48419","Shelby County, Texas","B27001_042",401,117
"11956","48419","Shelby County, Texas","B27001_043",1362,111
"11957","48419","Shelby County, Texas","B27001_044",859,126
"11958","48419","Shelby County, Texas","B27001_045",503,133
"11959","48419","Shelby County, Texas","B27001_046",1431,88
"11960","48419","Shelby County, Texas","B27001_047",1105,156
"11961","48419","Shelby County, Texas","B27001_048",326,122
"11962","48419","Shelby County, Texas","B27001_049",1560,66
"11963","48419","Shelby County, Texas","B27001_050",1312,103
"11964","48419","Shelby County, Texas","B27001_051",248,90
"11965","48419","Shelby County, Texas","B27001_052",1309,64
"11966","48419","Shelby County, Texas","B27001_053",1288,55
"11967","48419","Shelby County, Texas","B27001_054",21,31
"11968","48419","Shelby County, Texas","B27001_055",1016,27
"11969","48419","Shelby County, Texas","B27001_056",1016,27
"11970","48419","Shelby County, Texas","B27001_057",0,28
"11971","48421","Sherman County, Texas","B27001_001",2259,228
"11972","48421","Sherman County, Texas","B27001_002",1225,155
"11973","48421","Sherman County, Texas","B27001_003",173,87
"11974","48421","Sherman County, Texas","B27001_004",173,87
"11975","48421","Sherman County, Texas","B27001_005",0,15
"11976","48421","Sherman County, Texas","B27001_006",102,50
"11977","48421","Sherman County, Texas","B27001_007",95,50
"11978","48421","Sherman County, Texas","B27001_008",7,11
"11979","48421","Sherman County, Texas","B27001_009",152,89
"11980","48421","Sherman County, Texas","B27001_010",142,87
"11981","48421","Sherman County, Texas","B27001_011",10,14
"11982","48421","Sherman County, Texas","B27001_012",138,82
"11983","48421","Sherman County, Texas","B27001_013",77,43
"11984","48421","Sherman County, Texas","B27001_014",61,64
"11985","48421","Sherman County, Texas","B27001_015",182,52
"11986","48421","Sherman County, Texas","B27001_016",100,44
"11987","48421","Sherman County, Texas","B27001_017",82,49
"11988","48421","Sherman County, Texas","B27001_018",95,24
"11989","48421","Sherman County, Texas","B27001_019",76,26
"11990","48421","Sherman County, Texas","B27001_020",19,16
"11991","48421","Sherman County, Texas","B27001_021",199,56
"11992","48421","Sherman County, Texas","B27001_022",160,59
"11993","48421","Sherman County, Texas","B27001_023",39,31
"11994","48421","Sherman County, Texas","B27001_024",72,29
"11995","48421","Sherman County, Texas","B27001_025",71,29
"11996","48421","Sherman County, Texas","B27001_026",1,3
"11997","48421","Sherman County, Texas","B27001_027",112,47
"11998","48421","Sherman County, Texas","B27001_028",112,47
"11999","48421","Sherman County, Texas","B27001_029",0,15
"12000","48421","Sherman County, Texas","B27001_030",1034,102
"12001","48421","Sherman County, Texas","B27001_031",31,22
"12002","48421","Sherman County, Texas","B27001_032",31,22
"12003","48421","Sherman County, Texas","B27001_033",0,15
"12004","48421","Sherman County, Texas","B27001_034",106,47
"12005","48421","Sherman County, Texas","B27001_035",100,44
"12006","48421","Sherman County, Texas","B27001_036",6,11
"12007","48421","Sherman County, Texas","B27001_037",226,81
"12008","48421","Sherman County, Texas","B27001_038",172,89
"12009","48421","Sherman County, Texas","B27001_039",54,63
"12010","48421","Sherman County, Texas","B27001_040",80,46
"12011","48421","Sherman County, Texas","B27001_041",69,45
"12012","48421","Sherman County, Texas","B27001_042",11,10
"12013","48421","Sherman County, Texas","B27001_043",114,41
"12014","48421","Sherman County, Texas","B27001_044",92,41
"12015","48421","Sherman County, Texas","B27001_045",22,23
"12016","48421","Sherman County, Texas","B27001_046",64,38
"12017","48421","Sherman County, Texas","B27001_047",53,36
"12018","48421","Sherman County, Texas","B27001_048",11,12
"12019","48421","Sherman County, Texas","B27001_049",201,33
"12020","48421","Sherman County, Texas","B27001_050",173,30
"12021","48421","Sherman County, Texas","B27001_051",28,24
"12022","48421","Sherman County, Texas","B27001_052",101,25
"12023","48421","Sherman County, Texas","B27001_053",101,25
"12024","48421","Sherman County, Texas","B27001_054",0,15
"12025","48421","Sherman County, Texas","B27001_055",111,26
"12026","48421","Sherman County, Texas","B27001_056",93,17
"12027","48421","Sherman County, Texas","B27001_057",18,22
"12028","48423","Smith County, Texas","B27001_001",238885,210
"12029","48423","Smith County, Texas","B27001_002",115337,322
"12030","48423","Smith County, Texas","B27001_003",8804,311
"12031","48423","Smith County, Texas","B27001_004",8016,443
"12032","48423","Smith County, Texas","B27001_005",788,321
"12033","48423","Smith County, Texas","B27001_006",22746,408
"12034","48423","Smith County, Texas","B27001_007",19796,674
"12035","48423","Smith County, Texas","B27001_008",2950,592
"12036","48423","Smith County, Texas","B27001_009",10894,389
"12037","48423","Smith County, Texas","B27001_010",7867,581
"12038","48423","Smith County, Texas","B27001_011",3027,497
"12039","48423","Smith County, Texas","B27001_012",13773,420
"12040","48423","Smith County, Texas","B27001_013",9593,643
"12041","48423","Smith County, Texas","B27001_014",4180,582
"12042","48423","Smith County, Texas","B27001_015",14452,121
"12043","48423","Smith County, Texas","B27001_016",9717,632
"12044","48423","Smith County, Texas","B27001_017",4735,623
"12045","48423","Smith County, Texas","B27001_018",12930,136
"12046","48423","Smith County, Texas","B27001_019",9975,487
"12047","48423","Smith County, Texas","B27001_020",2955,463
"12048","48423","Smith County, Texas","B27001_021",13434,131
"12049","48423","Smith County, Texas","B27001_022",11146,381
"12050","48423","Smith County, Texas","B27001_023",2288,362
"12051","48423","Smith County, Texas","B27001_024",11168,90
"12052","48423","Smith County, Texas","B27001_025",10989,160
"12053","48423","Smith County, Texas","B27001_026",179,137
"12054","48423","Smith County, Texas","B27001_027",7136,133
"12055","48423","Smith County, Texas","B27001_028",7116,139
"12056","48423","Smith County, Texas","B27001_029",20,22
"12057","48423","Smith County, Texas","B27001_030",123548,246
"12058","48423","Smith County, Texas","B27001_031",8687,278
"12059","48423","Smith County, Texas","B27001_032",7839,410
"12060","48423","Smith County, Texas","B27001_033",848,301
"12061","48423","Smith County, Texas","B27001_034",21954,393
"12062","48423","Smith County, Texas","B27001_035",19320,568
"12063","48423","Smith County, Texas","B27001_036",2634,443
"12064","48423","Smith County, Texas","B27001_037",11124,447
"12065","48423","Smith County, Texas","B27001_038",7965,582
"12066","48423","Smith County, Texas","B27001_039",3159,462
"12067","48423","Smith County, Texas","B27001_040",15001,405
"12068","48423","Smith County, Texas","B27001_041",10950,627
"12069","48423","Smith County, Texas","B27001_042",4051,585
"12070","48423","Smith County, Texas","B27001_043",15464,65
"12071","48423","Smith County, Texas","B27001_044",11730,554
"12072","48423","Smith County, Texas","B27001_045",3734,542
"12073","48423","Smith County, Texas","B27001_046",13998,75
"12074","48423","Smith County, Texas","B27001_047",11422,423
"12075","48423","Smith County, Texas","B27001_048",2576,420
"12076","48423","Smith County, Texas","B27001_049",14493,93
"12077","48423","Smith County, Texas","B27001_050",12532,388
"12078","48423","Smith County, Texas","B27001_051",1961,385
"12079","48423","Smith County, Texas","B27001_052",13045,97
"12080","48423","Smith County, Texas","B27001_053",12972,113
"12081","48423","Smith County, Texas","B27001_054",73,54
"12082","48423","Smith County, Texas","B27001_055",9782,146
"12083","48423","Smith County, Texas","B27001_056",9565,200
"12084","48423","Smith County, Texas","B27001_057",217,154
"12085","48425","Somervell County, Texas","B27001_001",9530,5
"12086","48425","Somervell County, Texas","B27001_002",4814,105
"12087","48425","Somervell County, Texas","B27001_003",292,57
"12088","48425","Somervell County, Texas","B27001_004",226,85
"12089","48425","Somervell County, Texas","B27001_005",66,66
"12090","48425","Somervell County, Texas","B27001_006",790,96
"12091","48425","Somervell County, Texas","B27001_007",764,93
"12092","48425","Somervell County, Texas","B27001_008",26,26
"12093","48425","Somervell County, Texas","B27001_009",360,114
"12094","48425","Somervell County, Texas","B27001_010",265,125
"12095","48425","Somervell County, Texas","B27001_011",95,69
"12096","48425","Somervell County, Texas","B27001_012",523,184
"12097","48425","Somervell County, Texas","B27001_013",366,161
"12098","48425","Somervell County, Texas","B27001_014",157,103
"12099","48425","Somervell County, Texas","B27001_015",615,169
"12100","48425","Somervell County, Texas","B27001_016",555,179
"12101","48425","Somervell County, Texas","B27001_017",60,52
"12102","48425","Somervell County, Texas","B27001_018",618,149
"12103","48425","Somervell County, Texas","B27001_019",521,128
"12104","48425","Somervell County, Texas","B27001_020",97,84
"12105","48425","Somervell County, Texas","B27001_021",659,50
"12106","48425","Somervell County, Texas","B27001_022",545,89
"12107","48425","Somervell County, Texas","B27001_023",114,86
"12108","48425","Somervell County, Texas","B27001_024",628,75
"12109","48425","Somervell County, Texas","B27001_025",628,75
"12110","48425","Somervell County, Texas","B27001_026",0,21
"12111","48425","Somervell County, Texas","B27001_027",329,31
"12112","48425","Somervell County, Texas","B27001_028",329,31
"12113","48425","Somervell County, Texas","B27001_029",0,21
"12114","48425","Somervell County, Texas","B27001_030",4716,105
"12115","48425","Somervell County, Texas","B27001_031",205,56
"12116","48425","Somervell County, Texas","B27001_032",191,59
"12117","48425","Somervell County, Texas","B27001_033",14,22
"12118","48425","Somervell County, Texas","B27001_034",856,102
"12119","48425","Somervell County, Texas","B27001_035",789,121
"12120","48425","Somervell County, Texas","B27001_036",67,63
"12121","48425","Somervell County, Texas","B27001_037",364,93
"12122","48425","Somervell County, Texas","B27001_038",215,97
"12123","48425","Somervell County, Texas","B27001_039",149,97
"12124","48425","Somervell County, Texas","B27001_040",363,89
"12125","48425","Somervell County, Texas","B27001_041",272,119
"12126","48425","Somervell County, Texas","B27001_042",91,74
"12127","48425","Somervell County, Texas","B27001_043",626,105
"12128","48425","Somervell County, Texas","B27001_044",609,106
"12129","48425","Somervell County, Texas","B27001_045",17,21
"12130","48425","Somervell County, Texas","B27001_046",661,68
"12131","48425","Somervell County, Texas","B27001_047",611,73
"12132","48425","Somervell County, Texas","B27001_048",50,52
"12133","48425","Somervell County, Texas","B27001_049",741,60
"12134","48425","Somervell County, Texas","B27001_050",567,108
"12135","48425","Somervell County, Texas","B27001_051",174,96
"12136","48425","Somervell County, Texas","B27001_052",519,40
"12137","48425","Somervell County, Texas","B27001_053",519,40
"12138","48425","Somervell County, Texas","B27001_054",0,21
"12139","48425","Somervell County, Texas","B27001_055",381,58
"12140","48425","Somervell County, Texas","B27001_056",381,58
"12141","48425","Somervell County, Texas","B27001_057",0,21
"12142","48427","Starr County, Texas","B27001_001",65571,27
"12143","48427","Starr County, Texas","B27001_002",31843,93
"12144","48427","Starr County, Texas","B27001_003",3988,300
"12145","48427","Starr County, Texas","B27001_004",3569,325
"12146","48427","Starr County, Texas","B27001_005",419,168
"12147","48427","Starr County, Texas","B27001_006",7322,336
"12148","48427","Starr County, Texas","B27001_007",5710,417
"12149","48427","Starr County, Texas","B27001_008",1612,355
"12150","48427","Starr County, Texas","B27001_009",3600,251
"12151","48427","Starr County, Texas","B27001_010",2075,419
"12152","48427","Starr County, Texas","B27001_011",1525,387
"12153","48427","Starr County, Texas","B27001_012",3923,189
"12154","48427","Starr County, Texas","B27001_013",1582,369
"12155","48427","Starr County, Texas","B27001_014",2341,378
"12156","48427","Starr County, Texas","B27001_015",3693,91
"12157","48427","Starr County, Texas","B27001_016",1813,307
"12158","48427","Starr County, Texas","B27001_017",1880,282
"12159","48427","Starr County, Texas","B27001_018",3493,77
"12160","48427","Starr County, Texas","B27001_019",2170,248
"12161","48427","Starr County, Texas","B27001_020",1323,261
"12162","48427","Starr County, Texas","B27001_021",2605,48
"12163","48427","Starr County, Texas","B27001_022",1881,189
"12164","48427","Starr County, Texas","B27001_023",724,179
"12165","48427","Starr County, Texas","B27001_024",1965,71
"12166","48427","Starr County, Texas","B27001_025",1952,74
"12167","48427","Starr County, Texas","B27001_026",13,22
"12168","48427","Starr County, Texas","B27001_027",1254,49
"12169","48427","Starr County, Texas","B27001_028",1239,56
"12170","48427","Starr County, Texas","B27001_029",15,24
"12171","48427","Starr County, Texas","B27001_030",33728,89
"12172","48427","Starr County, Texas","B27001_031",3467,200
"12173","48427","Starr County, Texas","B27001_032",3152,255
"12174","48427","Starr County, Texas","B27001_033",315,185
"12175","48427","Starr County, Texas","B27001_034",7601,245
"12176","48427","Starr County, Texas","B27001_035",6027,349
"12177","48427","Starr County, Texas","B27001_036",1574,320
"12178","48427","Starr County, Texas","B27001_037",3615,243
"12179","48427","Starr County, Texas","B27001_038",2353,376
"12180","48427","Starr County, Texas","B27001_039",1262,304
"12181","48427","Starr County, Texas","B27001_040",4086,203
"12182","48427","Starr County, Texas","B27001_041",2096,303
"12183","48427","Starr County, Texas","B27001_042",1990,289
"12184","48427","Starr County, Texas","B27001_043",3759,84
"12185","48427","Starr County, Texas","B27001_044",2143,287
"12186","48427","Starr County, Texas","B27001_045",1616,278
"12187","48427","Starr County, Texas","B27001_046",3758,48
"12188","48427","Starr County, Texas","B27001_047",2268,215
"12189","48427","Starr County, Texas","B27001_048",1490,222
"12190","48427","Starr County, Texas","B27001_049",3218,100
"12191","48427","Starr County, Texas","B27001_050",2482,192
"12192","48427","Starr County, Texas","B27001_051",736,163
"12193","48427","Starr County, Texas","B27001_052",2347,45
"12194","48427","Starr County, Texas","B27001_053",2274,80
"12195","48427","Starr County, Texas","B27001_054",73,58
"12196","48427","Starr County, Texas","B27001_055",1877,73
"12197","48427","Starr County, Texas","B27001_056",1835,82
"12198","48427","Starr County, Texas","B27001_057",42,35
"12199","48429","Stephens County, Texas","B27001_001",8828,51
"12200","48429","Stephens County, Texas","B27001_002",4678,132
"12201","48429","Stephens County, Texas","B27001_003",375,101
"12202","48429","Stephens County, Texas","B27001_004",312,110
"12203","48429","Stephens County, Texas","B27001_005",63,42
"12204","48429","Stephens County, Texas","B27001_006",794,130
"12205","48429","Stephens County, Texas","B27001_007",757,131
"12206","48429","Stephens County, Texas","B27001_008",37,34
"12207","48429","Stephens County, Texas","B27001_009",588,144
"12208","48429","Stephens County, Texas","B27001_010",405,119
"12209","48429","Stephens County, Texas","B27001_011",183,124
"12210","48429","Stephens County, Texas","B27001_012",465,118
"12211","48429","Stephens County, Texas","B27001_013",369,122
"12212","48429","Stephens County, Texas","B27001_014",96,70
"12213","48429","Stephens County, Texas","B27001_015",627,136
"12214","48429","Stephens County, Texas","B27001_016",405,134
"12215","48429","Stephens County, Texas","B27001_017",222,114
"12216","48429","Stephens County, Texas","B27001_018",356,81
"12217","48429","Stephens County, Texas","B27001_019",225,70
"12218","48429","Stephens County, Texas","B27001_020",131,71
"12219","48429","Stephens County, Texas","B27001_021",622,76
"12220","48429","Stephens County, Texas","B27001_022",558,101
"12221","48429","Stephens County, Texas","B27001_023",64,55
"12222","48429","Stephens County, Texas","B27001_024",547,76
"12223","48429","Stephens County, Texas","B27001_025",540,77
"12224","48429","Stephens County, Texas","B27001_026",7,13
"12225","48429","Stephens County, Texas","B27001_027",304,23
"12226","48429","Stephens County, Texas","B27001_028",304,23
"12227","48429","Stephens County, Texas","B27001_029",0,21
"12228","48429","Stephens County, Texas","B27001_030",4150,130
"12229","48429","Stephens County, Texas","B27001_031",277,82
"12230","48429","Stephens County, Texas","B27001_032",245,84
"12231","48429","Stephens County, Texas","B27001_033",32,37
"12232","48429","Stephens County, Texas","B27001_034",594,95
"12233","48429","Stephens County, Texas","B27001_035",580,97
"12234","48429","Stephens County, Texas","B27001_036",14,30
"12235","48429","Stephens County, Texas","B27001_037",320,81
"12236","48429","Stephens County, Texas","B27001_038",283,88
"12237","48429","Stephens County, Texas","B27001_039",37,35
"12238","48429","Stephens County, Texas","B27001_040",340,86
"12239","48429","Stephens County, Texas","B27001_041",293,78
"12240","48429","Stephens County, Texas","B27001_042",47,37
"12241","48429","Stephens County, Texas","B27001_043",403,130
"12242","48429","Stephens County, Texas","B27001_044",265,110
"12243","48429","Stephens County, Texas","B27001_045",138,84
"12244","48429","Stephens County, Texas","B27001_046",560,114
"12245","48429","Stephens County, Texas","B27001_047",535,122
"12246","48429","Stephens County, Texas","B27001_048",25,30
"12247","48429","Stephens County, Texas","B27001_049",653,78
"12248","48429","Stephens County, Texas","B27001_050",533,93
"12249","48429","Stephens County, Texas","B27001_051",120,56
"12250","48429","Stephens County, Texas","B27001_052",552,56
"12251","48429","Stephens County, Texas","B27001_053",552,56
"12252","48429","Stephens County, Texas","B27001_054",0,21
"12253","48429","Stephens County, Texas","B27001_055",451,52
"12254","48429","Stephens County, Texas","B27001_056",451,52
"12255","48429","Stephens County, Texas","B27001_057",0,21
"12256","48431","Sterling County, Texas","B27001_001",1434,172
"12257","48431","Sterling County, Texas","B27001_002",702,149
"12258","48431","Sterling County, Texas","B27001_003",129,73
"12259","48431","Sterling County, Texas","B27001_004",129,73
"12260","48431","Sterling County, Texas","B27001_005",0,15
"12261","48431","Sterling County, Texas","B27001_006",217,121
"12262","48431","Sterling County, Texas","B27001_007",47,37
"12263","48431","Sterling County, Texas","B27001_008",170,137
"12264","48431","Sterling County, Texas","B27001_009",35,33
"12265","48431","Sterling County, Texas","B27001_010",14,13
"12266","48431","Sterling County, Texas","B27001_011",21,31
"12267","48431","Sterling County, Texas","B27001_012",58,26
"12268","48431","Sterling County, Texas","B27001_013",58,26
"12269","48431","Sterling County, Texas","B27001_014",0,15
"12270","48431","Sterling County, Texas","B27001_015",79,35
"12271","48431","Sterling County, Texas","B27001_016",59,34
"12272","48431","Sterling County, Texas","B27001_017",20,18
"12273","48431","Sterling County, Texas","B27001_018",84,36
"12274","48431","Sterling County, Texas","B27001_019",60,30
"12275","48431","Sterling County, Texas","B27001_020",24,34
"12276","48431","Sterling County, Texas","B27001_021",38,26
"12277","48431","Sterling County, Texas","B27001_022",38,26
"12278","48431","Sterling County, Texas","B27001_023",0,15
"12279","48431","Sterling County, Texas","B27001_024",30,22
"12280","48431","Sterling County, Texas","B27001_025",30,22
"12281","48431","Sterling County, Texas","B27001_026",0,15
"12282","48431","Sterling County, Texas","B27001_027",32,25
"12283","48431","Sterling County, Texas","B27001_028",32,25
"12284","48431","Sterling County, Texas","B27001_029",0,15
"12285","48431","Sterling County, Texas","B27001_030",732,107
"12286","48431","Sterling County, Texas","B27001_031",36,31
"12287","48431","Sterling County, Texas","B27001_032",36,31
"12288","48431","Sterling County, Texas","B27001_033",0,15
"12289","48431","Sterling County, Texas","B27001_034",190,67
"12290","48431","Sterling County, Texas","B27001_035",162,69
"12291","48431","Sterling County, Texas","B27001_036",28,37
"12292","48431","Sterling County, Texas","B27001_037",29,32
"12293","48431","Sterling County, Texas","B27001_038",3,5
"12294","48431","Sterling County, Texas","B27001_039",26,32
"12295","48431","Sterling County, Texas","B27001_040",129,49
"12296","48431","Sterling County, Texas","B27001_041",89,43
"12297","48431","Sterling County, Texas","B27001_042",40,37
"12298","48431","Sterling County, Texas","B27001_043",103,41
"12299","48431","Sterling County, Texas","B27001_044",71,45
"12300","48431","Sterling County, Texas","B27001_045",32,43
"12301","48431","Sterling County, Texas","B27001_046",51,27
"12302","48431","Sterling County, Texas","B27001_047",37,24
"12303","48431","Sterling County, Texas","B27001_048",14,13
"12304","48431","Sterling County, Texas","B27001_049",57,29
"12305","48431","Sterling County, Texas","B27001_050",53,28
"12306","48431","Sterling County, Texas","B27001_051",4,6
"12307","48431","Sterling County, Texas","B27001_052",42,29
"12308","48431","Sterling County, Texas","B27001_053",42,29
"12309","48431","Sterling County, Texas","B27001_054",0,15
"12310","48431","Sterling County, Texas","B27001_055",95,47
"12311","48431","Sterling County, Texas","B27001_056",95,47
"12312","48431","Sterling County, Texas","B27001_057",0,15
"12313","48433","Stonewall County, Texas","B27001_001",1181,116
"12314","48433","Stonewall County, Texas","B27001_002",594,75
"12315","48433","Stonewall County, Texas","B27001_003",33,21
"12316","48433","Stonewall County, Texas","B27001_004",26,17
"12317","48433","Stonewall County, Texas","B27001_005",7,13
"12318","48433","Stonewall County, Texas","B27001_006",118,43
"12319","48433","Stonewall County, Texas","B27001_007",105,37
"12320","48433","Stonewall County, Texas","B27001_008",13,17
"12321","48433","Stonewall County, Texas","B27001_009",21,24
"12322","48433","Stonewall County, Texas","B27001_010",21,24
"12323","48433","Stonewall County, Texas","B27001_011",0,15
"12324","48433","Stonewall County, Texas","B27001_012",55,50
"12325","48433","Stonewall County, Texas","B27001_013",48,49
"12326","48433","Stonewall County, Texas","B27001_014",7,11
"12327","48433","Stonewall County, Texas","B27001_015",46,25
"12328","48433","Stonewall County, Texas","B27001_016",46,25
"12329","48433","Stonewall County, Texas","B27001_017",0,15
"12330","48433","Stonewall County, Texas","B27001_018",84,44
"12331","48433","Stonewall County, Texas","B27001_019",84,44
"12332","48433","Stonewall County, Texas","B27001_020",0,15
"12333","48433","Stonewall County, Texas","B27001_021",83,40
"12334","48433","Stonewall County, Texas","B27001_022",74,39
"12335","48433","Stonewall County, Texas","B27001_023",9,9
"12336","48433","Stonewall County, Texas","B27001_024",93,36
"12337","48433","Stonewall County, Texas","B27001_025",93,36
"12338","48433","Stonewall County, Texas","B27001_026",0,15
"12339","48433","Stonewall County, Texas","B27001_027",61,36
"12340","48433","Stonewall County, Texas","B27001_028",61,36
"12341","48433","Stonewall County, Texas","B27001_029",0,15
"12342","48433","Stonewall County, Texas","B27001_030",587,97
"12343","48433","Stonewall County, Texas","B27001_031",45,30
"12344","48433","Stonewall County, Texas","B27001_032",45,30
"12345","48433","Stonewall County, Texas","B27001_033",0,15
"12346","48433","Stonewall County, Texas","B27001_034",112,55
"12347","48433","Stonewall County, Texas","B27001_035",76,49
"12348","48433","Stonewall County, Texas","B27001_036",36,27
"12349","48433","Stonewall County, Texas","B27001_037",48,35
"12350","48433","Stonewall County, Texas","B27001_038",22,17
"12351","48433","Stonewall County, Texas","B27001_039",26,30
"12352","48433","Stonewall County, Texas","B27001_040",33,23
"12353","48433","Stonewall County, Texas","B27001_041",16,13
"12354","48433","Stonewall County, Texas","B27001_042",17,21
"12355","48433","Stonewall County, Texas","B27001_043",30,20
"12356","48433","Stonewall County, Texas","B27001_044",20,18
"12357","48433","Stonewall County, Texas","B27001_045",10,8
"12358","48433","Stonewall County, Texas","B27001_046",66,37
"12359","48433","Stonewall County, Texas","B27001_047",52,34
"12360","48433","Stonewall County, Texas","B27001_048",14,16
"12361","48433","Stonewall County, Texas","B27001_049",97,39
"12362","48433","Stonewall County, Texas","B27001_050",86,38
"12363","48433","Stonewall County, Texas","B27001_051",11,14
"12364","48433","Stonewall County, Texas","B27001_052",103,37
"12365","48433","Stonewall County, Texas","B27001_053",103,37
"12366","48433","Stonewall County, Texas","B27001_054",0,15
"12367","48433","Stonewall County, Texas","B27001_055",53,36
"12368","48433","Stonewall County, Texas","B27001_056",53,36
"12369","48433","Stonewall County, Texas","B27001_057",0,15
"12370","48435","Sutton County, Texas","B27001_001",3260,17
"12371","48435","Sutton County, Texas","B27001_002",1502,195
"12372","48435","Sutton County, Texas","B27001_003",82,81
"12373","48435","Sutton County, Texas","B27001_004",82,81
"12374","48435","Sutton County, Texas","B27001_005",0,15
"12375","48435","Sutton County, Texas","B27001_006",301,151
"12376","48435","Sutton County, Texas","B27001_007",256,142
"12377","48435","Sutton County, Texas","B27001_008",45,57
"12378","48435","Sutton County, Texas","B27001_009",87,56
"12379","48435","Sutton County, Texas","B27001_010",16,25
"12380","48435","Sutton County, Texas","B27001_011",71,51
"12381","48435","Sutton County, Texas","B27001_012",252,114
"12382","48435","Sutton County, Texas","B27001_013",177,119
"12383","48435","Sutton County, Texas","B27001_014",75,76
"12384","48435","Sutton County, Texas","B27001_015",88,57
"12385","48435","Sutton County, Texas","B27001_016",36,28
"12386","48435","Sutton County, Texas","B27001_017",52,47
"12387","48435","Sutton County, Texas","B27001_018",228,92
"12388","48435","Sutton County, Texas","B27001_019",228,92
"12389","48435","Sutton County, Texas","B27001_020",0,15
"12390","48435","Sutton County, Texas","B27001_021",154,80
"12391","48435","Sutton County, Texas","B27001_022",149,82
"12392","48435","Sutton County, Texas","B27001_023",5,9
"12393","48435","Sutton County, Texas","B27001_024",174,87
"12394","48435","Sutton County, Texas","B27001_025",174,87
"12395","48435","Sutton County, Texas","B27001_026",0,15
"12396","48435","Sutton County, Texas","B27001_027",136,63
"12397","48435","Sutton County, Texas","B27001_028",136,63
"12398","48435","Sutton County, Texas","B27001_029",0,15
"12399","48435","Sutton County, Texas","B27001_030",1758,201
"12400","48435","Sutton County, Texas","B27001_031",198,138
"12401","48435","Sutton County, Texas","B27001_032",198,138
"12402","48435","Sutton County, Texas","B27001_033",0,15
"12403","48435","Sutton County, Texas","B27001_034",272,114
"12404","48435","Sutton County, Texas","B27001_035",200,108
"12405","48435","Sutton County, Texas","B27001_036",72,84
"12406","48435","Sutton County, Texas","B27001_037",64,62
"12407","48435","Sutton County, Texas","B27001_038",64,62
"12408","48435","Sutton County, Texas","B27001_039",0,15
"12409","48435","Sutton County, Texas","B27001_040",241,119
"12410","48435","Sutton County, Texas","B27001_041",201,105
"12411","48435","Sutton County, Texas","B27001_042",40,54
"12412","48435","Sutton County, Texas","B27001_043",142,71
"12413","48435","Sutton County, Texas","B27001_044",92,62
"12414","48435","Sutton County, Texas","B27001_045",50,44
"12415","48435","Sutton County, Texas","B27001_046",287,123
"12416","48435","Sutton County, Texas","B27001_047",235,112
"12417","48435","Sutton County, Texas","B27001_048",52,73
"12418","48435","Sutton County, Texas","B27001_049",233,93
"12419","48435","Sutton County, Texas","B27001_050",181,104
"12420","48435","Sutton County, Texas","B27001_051",52,62
"12421","48435","Sutton County, Texas","B27001_052",134,68
"12422","48435","Sutton County, Texas","B27001_053",133,68
"12423","48435","Sutton County, Texas","B27001_054",1,2
"12424","48435","Sutton County, Texas","B27001_055",187,61
"12425","48435","Sutton County, Texas","B27001_056",187,61
"12426","48435","Sutton County, Texas","B27001_057",0,15
"12427","48437","Swisher County, Texas","B27001_001",6316,56
"12428","48437","Swisher County, Texas","B27001_002",3348,171
"12429","48437","Swisher County, Texas","B27001_003",306,59
"12430","48437","Swisher County, Texas","B27001_004",235,85
"12431","48437","Swisher County, Texas","B27001_005",71,54
"12432","48437","Swisher County, Texas","B27001_006",813,154
"12433","48437","Swisher County, Texas","B27001_007",617,192
"12434","48437","Swisher County, Texas","B27001_008",196,136
"12435","48437","Swisher County, Texas","B27001_009",335,131
"12436","48437","Swisher County, Texas","B27001_010",184,139
"12437","48437","Swisher County, Texas","B27001_011",151,58
"12438","48437","Swisher County, Texas","B27001_012",387,142
"12439","48437","Swisher County, Texas","B27001_013",272,131
"12440","48437","Swisher County, Texas","B27001_014",115,88
"12441","48437","Swisher County, Texas","B27001_015",284,89
"12442","48437","Swisher County, Texas","B27001_016",170,72
"12443","48437","Swisher County, Texas","B27001_017",114,76
"12444","48437","Swisher County, Texas","B27001_018",335,73
"12445","48437","Swisher County, Texas","B27001_019",244,86
"12446","48437","Swisher County, Texas","B27001_020",91,80
"12447","48437","Swisher County, Texas","B27001_021",431,66
"12448","48437","Swisher County, Texas","B27001_022",373,77
"12449","48437","Swisher County, Texas","B27001_023",58,41
"12450","48437","Swisher County, Texas","B27001_024",267,42
"12451","48437","Swisher County, Texas","B27001_025",247,49
"12452","48437","Swisher County, Texas","B27001_026",20,28
"12453","48437","Swisher County, Texas","B27001_027",190,24
"12454","48437","Swisher County, Texas","B27001_028",190,24
"12455","48437","Swisher County, Texas","B27001_029",0,21
"12456","48437","Swisher County, Texas","B27001_030",2968,163
"12457","48437","Swisher County, Texas","B27001_031",213,80
"12458","48437","Swisher County, Texas","B27001_032",191,83
"12459","48437","Swisher County, Texas","B27001_033",22,32
"12460","48437","Swisher County, Texas","B27001_034",397,134
"12461","48437","Swisher County, Texas","B27001_035",320,124
"12462","48437","Swisher County, Texas","B27001_036",77,74
"12463","48437","Swisher County, Texas","B27001_037",237,112
"12464","48437","Swisher County, Texas","B27001_038",119,52
"12465","48437","Swisher County, Texas","B27001_039",118,114
"12466","48437","Swisher County, Texas","B27001_040",388,145
"12467","48437","Swisher County, Texas","B27001_041",307,139
"12468","48437","Swisher County, Texas","B27001_042",81,45
"12469","48437","Swisher County, Texas","B27001_043",443,103
"12470","48437","Swisher County, Texas","B27001_044",304,116
"12471","48437","Swisher County, Texas","B27001_045",139,97
"12472","48437","Swisher County, Texas","B27001_046",297,88
"12473","48437","Swisher County, Texas","B27001_047",208,102
"12474","48437","Swisher County, Texas","B27001_048",89,66
"12475","48437","Swisher County, Texas","B27001_049",362,30
"12476","48437","Swisher County, Texas","B27001_050",237,76
"12477","48437","Swisher County, Texas","B27001_051",125,69
"12478","48437","Swisher County, Texas","B27001_052",369,67
"12479","48437","Swisher County, Texas","B27001_053",369,67
"12480","48437","Swisher County, Texas","B27001_054",0,21
"12481","48437","Swisher County, Texas","B27001_055",262,47
"12482","48437","Swisher County, Texas","B27001_056",260,47
"12483","48437","Swisher County, Texas","B27001_057",2,3
"12484","48439","Tarrant County, Texas","B27001_001",2149206,559
"12485","48439","Tarrant County, Texas","B27001_002",1054321,841
"12486","48439","Tarrant County, Texas","B27001_003",85117,1047
"12487","48439","Tarrant County, Texas","B27001_004",75108,1633
"12488","48439","Tarrant County, Texas","B27001_005",10009,1235
"12489","48439","Tarrant County, Texas","B27001_006",209932,1386
"12490","48439","Tarrant County, Texas","B27001_007",181664,2036
"12491","48439","Tarrant County, Texas","B27001_008",28268,1772
"12492","48439","Tarrant County, Texas","B27001_009",103072,1603
"12493","48439","Tarrant County, Texas","B27001_010",74438,2015
"12494","48439","Tarrant County, Texas","B27001_011",28634,1702
"12495","48439","Tarrant County, Texas","B27001_012",140031,1211
"12496","48439","Tarrant County, Texas","B27001_013",100782,2132
"12497","48439","Tarrant County, Texas","B27001_014",39249,1978
"12498","48439","Tarrant County, Texas","B27001_015",148355,358
"12499","48439","Tarrant County, Texas","B27001_016",111341,1561
"12500","48439","Tarrant County, Texas","B27001_017",37014,1641
"12501","48439","Tarrant County, Texas","B27001_018",131072,254
"12502","48439","Tarrant County, Texas","B27001_019",105076,1253
"12503","48439","Tarrant County, Texas","B27001_020",25996,1267
"12504","48439","Tarrant County, Texas","B27001_021",120689,273
"12505","48439","Tarrant County, Texas","B27001_022",102901,1309
"12506","48439","Tarrant County, Texas","B27001_023",17788,1267
"12507","48439","Tarrant County, Texas","B27001_024",75810,280
"12508","48439","Tarrant County, Texas","B27001_025",73931,528
"12509","48439","Tarrant County, Texas","B27001_026",1879,452
"12510","48439","Tarrant County, Texas","B27001_027",40243,295
"12511","48439","Tarrant County, Texas","B27001_028",39990,322
"12512","48439","Tarrant County, Texas","B27001_029",253,114
"12513","48439","Tarrant County, Texas","B27001_030",1094885,671
"12514","48439","Tarrant County, Texas","B27001_031",81562,1213
"12515","48439","Tarrant County, Texas","B27001_032",74602,1181
"12516","48439","Tarrant County, Texas","B27001_033",6960,723
"12517","48439","Tarrant County, Texas","B27001_034",203708,1348
"12518","48439","Tarrant County, Texas","B27001_035",177185,1955
"12519","48439","Tarrant County, Texas","B27001_036",26523,1885
"12520","48439","Tarrant County, Texas","B27001_037",102386,1415
"12521","48439","Tarrant County, Texas","B27001_038",77772,1782
"12522","48439","Tarrant County, Texas","B27001_039",24614,1619
"12523","48439","Tarrant County, Texas","B27001_040",146162,1290
"12524","48439","Tarrant County, Texas","B27001_041",112002,2029
"12525","48439","Tarrant County, Texas","B27001_042",34160,1753
"12526","48439","Tarrant County, Texas","B27001_043",155095,280
"12527","48439","Tarrant County, Texas","B27001_044",121356,1601
"12528","48439","Tarrant County, Texas","B27001_045",33739,1604
"12529","48439","Tarrant County, Texas","B27001_046",137260,242
"12530","48439","Tarrant County, Texas","B27001_047",113494,1159
"12531","48439","Tarrant County, Texas","B27001_048",23766,1162
"12532","48439","Tarrant County, Texas","B27001_049",124091,179
"12533","48439","Tarrant County, Texas","B27001_050",105345,1288
"12534","48439","Tarrant County, Texas","B27001_051",18746,1294
"12535","48439","Tarrant County, Texas","B27001_052",87981,243
"12536","48439","Tarrant County, Texas","B27001_053",86335,407
"12537","48439","Tarrant County, Texas","B27001_054",1646,343
"12538","48439","Tarrant County, Texas","B27001_055",56640,336
"12539","48439","Tarrant County, Texas","B27001_056",56032,398
"12540","48439","Tarrant County, Texas","B27001_057",608,215
"12541","48441","Taylor County, Texas","B27001_001",139215,595
"12542","48441","Taylor County, Texas","B27001_002",66666,836
"12543","48441","Taylor County, Texas","B27001_003",5874,240
"12544","48441","Taylor County, Texas","B27001_004",5581,285
"12545","48441","Taylor County, Texas","B27001_005",293,195
"12546","48441","Taylor County, Texas","B27001_006",13612,388
"12547","48441","Taylor County, Texas","B27001_007",12668,392
"12548","48441","Taylor County, Texas","B27001_008",944,217
"12549","48441","Taylor County, Texas","B27001_009",8194,414
"12550","48441","Taylor County, Texas","B27001_010",6428,445
"12551","48441","Taylor County, Texas","B27001_011",1766,384
"12552","48441","Taylor County, Texas","B27001_012",8139,467
"12553","48441","Taylor County, Texas","B27001_013",5740,544
"12554","48441","Taylor County, Texas","B27001_014",2399,491
"12555","48441","Taylor County, Texas","B27001_015",8289,355
"12556","48441","Taylor County, Texas","B27001_016",6226,452
"12557","48441","Taylor County, Texas","B27001_017",2063,296
"12558","48441","Taylor County, Texas","B27001_018",6431,335
"12559","48441","Taylor County, Texas","B27001_019",5094,313
"12560","48441","Taylor County, Texas","B27001_020",1337,396
"12561","48441","Taylor County, Texas","B27001_021",6886,123
"12562","48441","Taylor County, Texas","B27001_022",6076,226
"12563","48441","Taylor County, Texas","B27001_023",810,192
"12564","48441","Taylor County, Texas","B27001_024",5605,96
"12565","48441","Taylor County, Texas","B27001_025",5404,150
"12566","48441","Taylor County, Texas","B27001_026",201,121
"12567","48441","Taylor County, Texas","B27001_027",3636,83
"12568","48441","Taylor County, Texas","B27001_028",3619,80
"12569","48441","Taylor County, Texas","B27001_029",17,25
"12570","48441","Taylor County, Texas","B27001_030",72549,722
"12571","48441","Taylor County, Texas","B27001_031",5850,526
"12572","48441","Taylor County, Texas","B27001_032",5321,421
"12573","48441","Taylor County, Texas","B27001_033",529,370
"12574","48441","Taylor County, Texas","B27001_034",12911,420
"12575","48441","Taylor County, Texas","B27001_035",11729,516
"12576","48441","Taylor County, Texas","B27001_036",1182,269
"12577","48441","Taylor County, Texas","B27001_037",9977,416
"12578","48441","Taylor County, Texas","B27001_038",8022,501
"12579","48441","Taylor County, Texas","B27001_039",1955,432
"12580","48441","Taylor County, Texas","B27001_040",8555,358
"12581","48441","Taylor County, Texas","B27001_041",6758,399
"12582","48441","Taylor County, Texas","B27001_042",1797,323
"12583","48441","Taylor County, Texas","B27001_043",8976,142
"12584","48441","Taylor County, Texas","B27001_044",7432,296
"12585","48441","Taylor County, Texas","B27001_045",1544,278
"12586","48441","Taylor County, Texas","B27001_046",6877,101
"12587","48441","Taylor County, Texas","B27001_047",5442,341
"12588","48441","Taylor County, Texas","B27001_048",1435,346
"12589","48441","Taylor County, Texas","B27001_049",7716,117
"12590","48441","Taylor County, Texas","B27001_050",6498,303
"12591","48441","Taylor County, Texas","B27001_051",1218,270
"12592","48441","Taylor County, Texas","B27001_052",6621,124
"12593","48441","Taylor County, Texas","B27001_053",6530,136
"12594","48441","Taylor County, Texas","B27001_054",91,67
"12595","48441","Taylor County, Texas","B27001_055",5066,184
"12596","48441","Taylor County, Texas","B27001_056",5050,189
"12597","48441","Taylor County, Texas","B27001_057",16,25
"12598","48443","Terrell County, Texas","B27001_001",835,282
"12599","48443","Terrell County, Texas","B27001_002",441,159
"12600","48443","Terrell County, Texas","B27001_003",8,7
"12601","48443","Terrell County, Texas","B27001_004",8,7
"12602","48443","Terrell County, Texas","B27001_005",0,15
"12603","48443","Terrell County, Texas","B27001_006",72,65
"12604","48443","Terrell County, Texas","B27001_007",60,55
"12605","48443","Terrell County, Texas","B27001_008",12,24
"12606","48443","Terrell County, Texas","B27001_009",21,26
"12607","48443","Terrell County, Texas","B27001_010",16,23
"12608","48443","Terrell County, Texas","B27001_011",5,10
"12609","48443","Terrell County, Texas","B27001_012",21,39
"12610","48443","Terrell County, Texas","B27001_013",0,15
"12611","48443","Terrell County, Texas","B27001_014",21,39
"12612","48443","Terrell County, Texas","B27001_015",45,31
"12613","48443","Terrell County, Texas","B27001_016",30,24
"12614","48443","Terrell County, Texas","B27001_017",15,18
"12615","48443","Terrell County, Texas","B27001_018",41,36
"12616","48443","Terrell County, Texas","B27001_019",33,32
"12617","48443","Terrell County, Texas","B27001_020",8,12
"12618","48443","Terrell County, Texas","B27001_021",92,62
"12619","48443","Terrell County, Texas","B27001_022",73,48
"12620","48443","Terrell County, Texas","B27001_023",19,23
"12621","48443","Terrell County, Texas","B27001_024",96,47
"12622","48443","Terrell County, Texas","B27001_025",96,47
"12623","48443","Terrell County, Texas","B27001_026",0,15
"12624","48443","Terrell County, Texas","B27001_027",45,50
"12625","48443","Terrell County, Texas","B27001_028",45,50
"12626","48443","Terrell County, Texas","B27001_029",0,15
"12627","48443","Terrell County, Texas","B27001_030",394,162
"12628","48443","Terrell County, Texas","B27001_031",0,15
"12629","48443","Terrell County, Texas","B27001_032",0,15
"12630","48443","Terrell County, Texas","B27001_033",0,15
"12631","48443","Terrell County, Texas","B27001_034",64,60
"12632","48443","Terrell County, Texas","B27001_035",64,60
"12633","48443","Terrell County, Texas","B27001_036",0,15
"12634","48443","Terrell County, Texas","B27001_037",0,15
"12635","48443","Terrell County, Texas","B27001_038",0,15
"12636","48443","Terrell County, Texas","B27001_039",0,15
"12637","48443","Terrell County, Texas","B27001_040",6,6
"12638","48443","Terrell County, Texas","B27001_041",6,6
"12639","48443","Terrell County, Texas","B27001_042",0,15
"12640","48443","Terrell County, Texas","B27001_043",14,15
"12641","48443","Terrell County, Texas","B27001_044",9,13
"12642","48443","Terrell County, Texas","B27001_045",5,8
"12643","48443","Terrell County, Texas","B27001_046",33,31
"12644","48443","Terrell County, Texas","B27001_047",33,31
"12645","48443","Terrell County, Texas","B27001_048",0,15
"12646","48443","Terrell County, Texas","B27001_049",101,76
"12647","48443","Terrell County, Texas","B27001_050",59,52
"12648","48443","Terrell County, Texas","B27001_051",42,43
"12649","48443","Terrell County, Texas","B27001_052",104,52
"12650","48443","Terrell County, Texas","B27001_053",104,52
"12651","48443","Terrell County, Texas","B27001_054",0,15
"12652","48443","Terrell County, Texas","B27001_055",72,60
"12653","48443","Terrell County, Texas","B27001_056",72,60
"12654","48443","Terrell County, Texas","B27001_057",0,15
"12655","48445","Terry County, Texas","B27001_001",10900,51
"12656","48445","Terry County, Texas","B27001_002",5724,194
"12657","48445","Terry County, Texas","B27001_003",744,138
"12658","48445","Terry County, Texas","B27001_004",626,164
"12659","48445","Terry County, Texas","B27001_005",118,76
"12660","48445","Terry County, Texas","B27001_006",1129,197
"12661","48445","Terry County, Texas","B27001_007",841,183
"12662","48445","Terry County, Texas","B27001_008",288,156
"12663","48445","Terry County, Texas","B27001_009",536,107
"12664","48445","Terry County, Texas","B27001_010",169,105
"12665","48445","Terry County, Texas","B27001_011",367,148
"12666","48445","Terry County, Texas","B27001_012",541,170
"12667","48445","Terry County, Texas","B27001_013",224,111
"12668","48445","Terry County, Texas","B27001_014",317,153
"12669","48445","Terry County, Texas","B27001_015",763,169
"12670","48445","Terry County, Texas","B27001_016",435,137
"12671","48445","Terry County, Texas","B27001_017",328,162
"12672","48445","Terry County, Texas","B27001_018",525,120
"12673","48445","Terry County, Texas","B27001_019",377,127
"12674","48445","Terry County, Texas","B27001_020",148,68
"12675","48445","Terry County, Texas","B27001_021",594,54
"12676","48445","Terry County, Texas","B27001_022",439,88
"12677","48445","Terry County, Texas","B27001_023",155,76
"12678","48445","Terry County, Texas","B27001_024",463,71
"12679","48445","Terry County, Texas","B27001_025",454,73
"12680","48445","Terry County, Texas","B27001_026",9,9
"12681","48445","Terry County, Texas","B27001_027",429,150
"12682","48445","Terry County, Texas","B27001_028",425,149
"12683","48445","Terry County, Texas","B27001_029",4,7
"12684","48445","Terry County, Texas","B27001_030",5176,203
"12685","48445","Terry County, Texas","B27001_031",325,73
"12686","48445","Terry County, Texas","B27001_032",194,92
"12687","48445","Terry County, Texas","B27001_033",131,62
"12688","48445","Terry County, Texas","B27001_034",1124,202
"12689","48445","Terry County, Texas","B27001_035",897,206
"12690","48445","Terry County, Texas","B27001_036",227,136
"12691","48445","Terry County, Texas","B27001_037",359,88
"12692","48445","Terry County, Texas","B27001_038",116,118
"12693","48445","Terry County, Texas","B27001_039",243,133
"12694","48445","Terry County, Texas","B27001_040",567,79
"12695","48445","Terry County, Texas","B27001_041",380,118
"12696","48445","Terry County, Texas","B27001_042",187,91
"12697","48445","Terry County, Texas","B27001_043",689,114
"12698","48445","Terry County, Texas","B27001_044",491,136
"12699","48445","Terry County, Texas","B27001_045",198,122
"12700","48445","Terry County, Texas","B27001_046",637,129
"12701","48445","Terry County, Texas","B27001_047",536,141
"12702","48445","Terry County, Texas","B27001_048",101,60
"12703","48445","Terry County, Texas","B27001_049",623,2
"12704","48445","Terry County, Texas","B27001_050",514,93
"12705","48445","Terry County, Texas","B27001_051",109,93
"12706","48445","Terry County, Texas","B27001_052",489,91
"12707","48445","Terry County, Texas","B27001_053",489,91
"12708","48445","Terry County, Texas","B27001_054",0,23
"12709","48445","Terry County, Texas","B27001_055",363,94
"12710","48445","Terry County, Texas","B27001_056",363,94
"12711","48445","Terry County, Texas","B27001_057",0,23
"12712","48447","Throckmorton County, Texas","B27001_001",1639,148
"12713","48447","Throckmorton County, Texas","B27001_002",726,78
"12714","48447","Throckmorton County, Texas","B27001_003",33,18
"12715","48447","Throckmorton County, Texas","B27001_004",33,18
"12716","48447","Throckmorton County, Texas","B27001_005",0,15
"12717","48447","Throckmorton County, Texas","B27001_006",77,34
"12718","48447","Throckmorton County, Texas","B27001_007",69,33
"12719","48447","Throckmorton County, Texas","B27001_008",8,11
"12720","48447","Throckmorton County, Texas","B27001_009",91,48
"12721","48447","Throckmorton County, Texas","B27001_010",7,9
"12722","48447","Throckmorton County, Texas","B27001_011",84,50
"12723","48447","Throckmorton County, Texas","B27001_012",72,34
"12724","48447","Throckmorton County, Texas","B27001_013",30,24
"12725","48447","Throckmorton County, Texas","B27001_014",42,25
"12726","48447","Throckmorton County, Texas","B27001_015",72,29
"12727","48447","Throckmorton County, Texas","B27001_016",51,25
"12728","48447","Throckmorton County, Texas","B27001_017",21,16
"12729","48447","Throckmorton County, Texas","B27001_018",70,36
"12730","48447","Throckmorton County, Texas","B27001_019",70,36
"12731","48447","Throckmorton County, Texas","B27001_020",0,15
"12732","48447","Throckmorton County, Texas","B27001_021",113,36
"12733","48447","Throckmorton County, Texas","B27001_022",55,23
"12734","48447","Throckmorton County, Texas","B27001_023",58,35
"12735","48447","Throckmorton County, Texas","B27001_024",78,19
"12736","48447","Throckmorton County, Texas","B27001_025",78,19
"12737","48447","Throckmorton County, Texas","B27001_026",0,15
"12738","48447","Throckmorton County, Texas","B27001_027",120,14
"12739","48447","Throckmorton County, Texas","B27001_028",120,14
"12740","48447","Throckmorton County, Texas","B27001_029",0,15
"12741","48447","Throckmorton County, Texas","B27001_030",913,111
"12742","48447","Throckmorton County, Texas","B27001_031",79,46
"12743","48447","Throckmorton County, Texas","B27001_032",79,46
"12744","48447","Throckmorton County, Texas","B27001_033",0,15
"12745","48447","Throckmorton County, Texas","B27001_034",181,62
"12746","48447","Throckmorton County, Texas","B27001_035",152,60
"12747","48447","Throckmorton County, Texas","B27001_036",29,30
"12748","48447","Throckmorton County, Texas","B27001_037",41,23
"12749","48447","Throckmorton County, Texas","B27001_038",32,20
"12750","48447","Throckmorton County, Texas","B27001_039",9,9
"12751","48447","Throckmorton County, Texas","B27001_040",94,36
"12752","48447","Throckmorton County, Texas","B27001_041",79,34
"12753","48447","Throckmorton County, Texas","B27001_042",15,16
"12754","48447","Throckmorton County, Texas","B27001_043",80,30
"12755","48447","Throckmorton County, Texas","B27001_044",80,30
"12756","48447","Throckmorton County, Texas","B27001_045",0,15
"12757","48447","Throckmorton County, Texas","B27001_046",87,35
"12758","48447","Throckmorton County, Texas","B27001_047",53,29
"12759","48447","Throckmorton County, Texas","B27001_048",34,26
"12760","48447","Throckmorton County, Texas","B27001_049",115,44
"12761","48447","Throckmorton County, Texas","B27001_050",77,22
"12762","48447","Throckmorton County, Texas","B27001_051",38,35
"12763","48447","Throckmorton County, Texas","B27001_052",84,22
"12764","48447","Throckmorton County, Texas","B27001_053",84,22
"12765","48447","Throckmorton County, Texas","B27001_054",0,15
"12766","48447","Throckmorton County, Texas","B27001_055",152,29
"12767","48447","Throckmorton County, Texas","B27001_056",152,29
"12768","48447","Throckmorton County, Texas","B27001_057",0,15
"12769","48449","Titus County, Texas","B27001_001",31135,2
"12770","48449","Titus County, Texas","B27001_002",15525,91
"12771","48449","Titus County, Texas","B27001_003",1359,120
"12772","48449","Titus County, Texas","B27001_004",1179,149
"12773","48449","Titus County, Texas","B27001_005",180,85
"12774","48449","Titus County, Texas","B27001_006",3483,179
"12775","48449","Titus County, Texas","B27001_007",2788,227
"12776","48449","Titus County, Texas","B27001_008",695,183
"12777","48449","Titus County, Texas","B27001_009",1395,148
"12778","48449","Titus County, Texas","B27001_010",830,161
"12779","48449","Titus County, Texas","B27001_011",565,172
"12780","48449","Titus County, Texas","B27001_012",1828,130
"12781","48449","Titus County, Texas","B27001_013",1184,229
"12782","48449","Titus County, Texas","B27001_014",644,220
"12783","48449","Titus County, Texas","B27001_015",1693,79
"12784","48449","Titus County, Texas","B27001_016",1068,165
"12785","48449","Titus County, Texas","B27001_017",625,162
"12786","48449","Titus County, Texas","B27001_018",1849,79
"12787","48449","Titus County, Texas","B27001_019",1150,192
"12788","48449","Titus County, Texas","B27001_020",699,170
"12789","48449","Titus County, Texas","B27001_021",1803,16
"12790","48449","Titus County, Texas","B27001_022",1528,108
"12791","48449","Titus County, Texas","B27001_023",275,104
"12792","48449","Titus County, Texas","B27001_024",1464,55
"12793","48449","Titus County, Texas","B27001_025",1393,71
"12794","48449","Titus County, Texas","B27001_026",71,51
"12795","48449","Titus County, Texas","B27001_027",651,67
"12796","48449","Titus County, Texas","B27001_028",651,67
"12797","48449","Titus County, Texas","B27001_029",0,31
"12798","48449","Titus County, Texas","B27001_030",15610,91
"12799","48449","Titus County, Texas","B27001_031",1159,96
"12800","48449","Titus County, Texas","B27001_032",988,99
"12801","48449","Titus County, Texas","B27001_033",171,70
"12802","48449","Titus County, Texas","B27001_034",3234,131
"12803","48449","Titus County, Texas","B27001_035",2774,182
"12804","48449","Titus County, Texas","B27001_036",460,121
"12805","48449","Titus County, Texas","B27001_037",1473,161
"12806","48449","Titus County, Texas","B27001_038",1055,203
"12807","48449","Titus County, Texas","B27001_039",418,155
"12808","48449","Titus County, Texas","B27001_040",1819,133
"12809","48449","Titus County, Texas","B27001_041",1303,182
"12810","48449","Titus County, Texas","B27001_042",516,155
"12811","48449","Titus County, Texas","B27001_043",1832,85
"12812","48449","Titus County, Texas","B27001_044",1174,139
"12813","48449","Titus County, Texas","B27001_045",658,139
"12814","48449","Titus County, Texas","B27001_046",1836,91
"12815","48449","Titus County, Texas","B27001_047",1455,154
"12816","48449","Titus County, Texas","B27001_048",381,114
"12817","48449","Titus County, Texas","B27001_049",1766,38
"12818","48449","Titus County, Texas","B27001_050",1434,113
"12819","48449","Titus County, Texas","B27001_051",332,104
"12820","48449","Titus County, Texas","B27001_052",1518,76
"12821","48449","Titus County, Texas","B27001_053",1512,78
"12822","48449","Titus County, Texas","B27001_054",6,9
"12823","48449","Titus County, Texas","B27001_055",973,96
"12824","48449","Titus County, Texas","B27001_056",966,98
"12825","48449","Titus County, Texas","B27001_057",7,12
"12826","48451","Tom Green County, Texas","B27001_001",115188,448
"12827","48451","Tom Green County, Texas","B27001_002",56583,475
"12828","48451","Tom Green County, Texas","B27001_003",4906,340
"12829","48451","Tom Green County, Texas","B27001_004",4574,356
"12830","48451","Tom Green County, Texas","B27001_005",332,144
"12831","48451","Tom Green County, Texas","B27001_006",10345,411
"12832","48451","Tom Green County, Texas","B27001_007",9015,461
"12833","48451","Tom Green County, Texas","B27001_008",1330,407
"12834","48451","Tom Green County, Texas","B27001_009",5541,338
"12835","48451","Tom Green County, Texas","B27001_010",3983,350
"12836","48451","Tom Green County, Texas","B27001_011",1558,347
"12837","48451","Tom Green County, Texas","B27001_012",6953,382
"12838","48451","Tom Green County, Texas","B27001_013",5122,416
"12839","48451","Tom Green County, Texas","B27001_014",1831,359
"12840","48451","Tom Green County, Texas","B27001_015",7668,257
"12841","48451","Tom Green County, Texas","B27001_016",5704,402
"12842","48451","Tom Green County, Texas","B27001_017",1964,367
"12843","48451","Tom Green County, Texas","B27001_018",5854,124
"12844","48451","Tom Green County, Texas","B27001_019",4676,297
"12845","48451","Tom Green County, Texas","B27001_020",1178,273
"12846","48451","Tom Green County, Texas","B27001_021",6200,126
"12847","48451","Tom Green County, Texas","B27001_022",5419,235
"12848","48451","Tom Green County, Texas","B27001_023",781,207
"12849","48451","Tom Green County, Texas","B27001_024",5608,109
"12850","48451","Tom Green County, Texas","B27001_025",5542,106
"12851","48451","Tom Green County, Texas","B27001_026",66,66
"12852","48451","Tom Green County, Texas","B27001_027",3508,108
"12853","48451","Tom Green County, Texas","B27001_028",3508,108
"12854","48451","Tom Green County, Texas","B27001_029",0,35
"12855","48451","Tom Green County, Texas","B27001_030",58605,319
"12856","48451","Tom Green County, Texas","B27001_031",4354,294
"12857","48451","Tom Green County, Texas","B27001_032",4024,281
"12858","48451","Tom Green County, Texas","B27001_033",330,151
"12859","48451","Tom Green County, Texas","B27001_034",10203,317
"12860","48451","Tom Green County, Texas","B27001_035",8281,540
"12861","48451","Tom Green County, Texas","B27001_036",1922,539
"12862","48451","Tom Green County, Texas","B27001_037",5620,360
"12863","48451","Tom Green County, Texas","B27001_038",4441,490
"12864","48451","Tom Green County, Texas","B27001_039",1179,404
"12865","48451","Tom Green County, Texas","B27001_040",7161,279
"12866","48451","Tom Green County, Texas","B27001_041",5420,440
"12867","48451","Tom Green County, Texas","B27001_042",1741,335
"12868","48451","Tom Green County, Texas","B27001_043",7644,130
"12869","48451","Tom Green County, Texas","B27001_044",6431,338
"12870","48451","Tom Green County, Texas","B27001_045",1213,327
"12871","48451","Tom Green County, Texas","B27001_046",5963,160
"12872","48451","Tom Green County, Texas","B27001_047",5016,305
"12873","48451","Tom Green County, Texas","B27001_048",947,270
"12874","48451","Tom Green County, Texas","B27001_049",6958,125
"12875","48451","Tom Green County, Texas","B27001_050",5610,291
"12876","48451","Tom Green County, Texas","B27001_051",1348,263
"12877","48451","Tom Green County, Texas","B27001_052",6248,131
"12878","48451","Tom Green County, Texas","B27001_053",6168,151
"12879","48451","Tom Green County, Texas","B27001_054",80,76
"12880","48451","Tom Green County, Texas","B27001_055",4454,126
"12881","48451","Tom Green County, Texas","B27001_056",4445,125
"12882","48451","Tom Green County, Texas","B27001_057",9,16
"12883","48453","Travis County, Texas","B27001_001",1321294,400
"12884","48453","Travis County, Texas","B27001_002",673302,478
"12885","48453","Travis County, Texas","B27001_003",44875,832
"12886","48453","Travis County, Texas","B27001_004",41398,942
"12887","48453","Travis County, Texas","B27001_005",3477,695
"12888","48453","Travis County, Texas","B27001_006",100121,1061
"12889","48453","Travis County, Texas","B27001_007",89044,1824
"12890","48453","Travis County, Texas","B27001_008",11077,1510
"12891","48453","Travis County, Texas","B27001_009",63339,1239
"12892","48453","Travis County, Texas","B27001_010",49867,1514
"12893","48453","Travis County, Texas","B27001_011",13472,1297
"12894","48453","Travis County, Texas","B27001_012",122821,1050
"12895","48453","Travis County, Texas","B27001_013",100196,1753
"12896","48453","Travis County, Texas","B27001_014",22625,1774
"12897","48453","Travis County, Texas","B27001_015",116853,307
"12898","48453","Travis County, Texas","B27001_016",98366,1515
"12899","48453","Travis County, Texas","B27001_017",18487,1530
"12900","48453","Travis County, Texas","B27001_018",90937,192
"12901","48453","Travis County, Texas","B27001_019",79486,1334
"12902","48453","Travis County, Texas","B27001_020",11451,1299
"12903","48453","Travis County, Texas","B27001_021",68272,181
"12904","48453","Travis County, Texas","B27001_022",61341,891
"12905","48453","Travis County, Texas","B27001_023",6931,892
"12906","48453","Travis County, Texas","B27001_024",44495,151
"12907","48453","Travis County, Texas","B27001_025",43662,313
"12908","48453","Travis County, Texas","B27001_026",833,278
"12909","48453","Travis County, Texas","B27001_027",21589,195
"12910","48453","Travis County, Texas","B27001_028",21220,290
"12911","48453","Travis County, Texas","B27001_029",369,232
"12912","48453","Travis County, Texas","B27001_030",647992,398
"12913","48453","Travis County, Texas","B27001_031",43263,886
"12914","48453","Travis County, Texas","B27001_032",40001,1145
"12915","48453","Travis County, Texas","B27001_033",3262,725
"12916","48453","Travis County, Texas","B27001_034",95864,1039
"12917","48453","Travis County, Texas","B27001_035",86019,1732
"12918","48453","Travis County, Texas","B27001_036",9845,1446
"12919","48453","Travis County, Texas","B27001_037",62459,1215
"12920","48453","Travis County, Texas","B27001_038",49768,1504
"12921","48453","Travis County, Texas","B27001_039",12691,1215
"12922","48453","Travis County, Texas","B27001_040",113007,1149
"12923","48453","Travis County, Texas","B27001_041",98408,1720
"12924","48453","Travis County, Texas","B27001_042",14599,1327
"12925","48453","Travis County, Texas","B27001_043",105493,188
"12926","48453","Travis County, Texas","B27001_044",91975,1418
"12927","48453","Travis County, Texas","B27001_045",13518,1414
"12928","48453","Travis County, Texas","B27001_046",83295,164
"12929","48453","Travis County, Texas","B27001_047",72612,1216
"12930","48453","Travis County, Texas","B27001_048",10683,1175
"12931","48453","Travis County, Texas","B27001_049",67137,164
"12932","48453","Travis County, Texas","B27001_050",61482,833
"12933","48453","Travis County, Texas","B27001_051",5655,825
"12934","48453","Travis County, Texas","B27001_052",49011,133
"12935","48453","Travis County, Texas","B27001_053",48260,342
"12936","48453","Travis County, Texas","B27001_054",751,311
"12937","48453","Travis County, Texas","B27001_055",28463,218
"12938","48453","Travis County, Texas","B27001_056",28124,293
"12939","48453","Travis County, Texas","B27001_057",339,211
"12940","48455","Trinity County, Texas","B27001_001",13902,24
"12941","48455","Trinity County, Texas","B27001_002",6802,114
"12942","48455","Trinity County, Texas","B27001_003",412,90
"12943","48455","Trinity County, Texas","B27001_004",402,93
"12944","48455","Trinity County, Texas","B27001_005",10,14
"12945","48455","Trinity County, Texas","B27001_006",1116,140
"12946","48455","Trinity County, Texas","B27001_007",864,143
"12947","48455","Trinity County, Texas","B27001_008",252,89
"12948","48455","Trinity County, Texas","B27001_009",497,133
"12949","48455","Trinity County, Texas","B27001_010",347,135
"12950","48455","Trinity County, Texas","B27001_011",150,81
"12951","48455","Trinity County, Texas","B27001_012",481,77
"12952","48455","Trinity County, Texas","B27001_013",293,111
"12953","48455","Trinity County, Texas","B27001_014",188,85
"12954","48455","Trinity County, Texas","B27001_015",655,101
"12955","48455","Trinity County, Texas","B27001_016",460,90
"12956","48455","Trinity County, Texas","B27001_017",195,122
"12957","48455","Trinity County, Texas","B27001_018",802,114
"12958","48455","Trinity County, Texas","B27001_019",504,79
"12959","48455","Trinity County, Texas","B27001_020",298,140
"12960","48455","Trinity County, Texas","B27001_021",1007,70
"12961","48455","Trinity County, Texas","B27001_022",815,107
"12962","48455","Trinity County, Texas","B27001_023",192,82
"12963","48455","Trinity County, Texas","B27001_024",1025,72
"12964","48455","Trinity County, Texas","B27001_025",1025,72
"12965","48455","Trinity County, Texas","B27001_026",0,23
"12966","48455","Trinity County, Texas","B27001_027",807,78
"12967","48455","Trinity County, Texas","B27001_028",807,78
"12968","48455","Trinity County, Texas","B27001_029",0,23
"12969","48455","Trinity County, Texas","B27001_030",7100,114
"12970","48455","Trinity County, Texas","B27001_031",385,71
"12971","48455","Trinity County, Texas","B27001_032",385,71
"12972","48455","Trinity County, Texas","B27001_033",0,23
"12973","48455","Trinity County, Texas","B27001_034",1029,110
"12974","48455","Trinity County, Texas","B27001_035",849,149
"12975","48455","Trinity County, Texas","B27001_036",180,129
"12976","48455","Trinity County, Texas","B27001_037",421,130
"12977","48455","Trinity County, Texas","B27001_038",314,125
"12978","48455","Trinity County, Texas","B27001_039",107,66
"12979","48455","Trinity County, Texas","B27001_040",707,123
"12980","48455","Trinity County, Texas","B27001_041",650,129
"12981","48455","Trinity County, Texas","B27001_042",57,61
"12982","48455","Trinity County, Texas","B27001_043",695,59
"12983","48455","Trinity County, Texas","B27001_044",493,144
"12984","48455","Trinity County, Texas","B27001_045",202,129
"12985","48455","Trinity County, Texas","B27001_046",797,62
"12986","48455","Trinity County, Texas","B27001_047",676,79
"12987","48455","Trinity County, Texas","B27001_048",121,70
"12988","48455","Trinity County, Texas","B27001_049",1188,73
"12989","48455","Trinity County, Texas","B27001_050",918,105
"12990","48455","Trinity County, Texas","B27001_051",270,126
"12991","48455","Trinity County, Texas","B27001_052",1102,69
"12992","48455","Trinity County, Texas","B27001_053",1102,69
"12993","48455","Trinity County, Texas","B27001_054",0,23
"12994","48455","Trinity County, Texas","B27001_055",776,63
"12995","48455","Trinity County, Texas","B27001_056",776,63
"12996","48455","Trinity County, Texas","B27001_057",0,23
"12997","48457","Tyler County, Texas","B27001_001",18108,76
"12998","48457","Tyler County, Texas","B27001_002",9054,124
"12999","48457","Tyler County, Texas","B27001_003",506,73
"13000","48457","Tyler County, Texas","B27001_004",506,73
"13001","48457","Tyler County, Texas","B27001_005",0,28
"13002","48457","Tyler County, Texas","B27001_006",1554,113
"13003","48457","Tyler County, Texas","B27001_007",1325,145
"13004","48457","Tyler County, Texas","B27001_008",229,114
"13005","48457","Tyler County, Texas","B27001_009",702,144
"13006","48457","Tyler County, Texas","B27001_010",551,144
"13007","48457","Tyler County, Texas","B27001_011",151,84
"13008","48457","Tyler County, Texas","B27001_012",1110,162
"13009","48457","Tyler County, Texas","B27001_013",774,165
"13010","48457","Tyler County, Texas","B27001_014",336,147
"13011","48457","Tyler County, Texas","B27001_015",978,143
"13012","48457","Tyler County, Texas","B27001_016",663,129
"13013","48457","Tyler County, Texas","B27001_017",315,126
"13014","48457","Tyler County, Texas","B27001_018",1016,105
"13015","48457","Tyler County, Texas","B27001_019",792,110
"13016","48457","Tyler County, Texas","B27001_020",224,97
"13017","48457","Tyler County, Texas","B27001_021",1176,62
"13018","48457","Tyler County, Texas","B27001_022",1043,80
"13019","48457","Tyler County, Texas","B27001_023",133,69
"13020","48457","Tyler County, Texas","B27001_024",1153,70
"13021","48457","Tyler County, Texas","B27001_025",1150,71
"13022","48457","Tyler County, Texas","B27001_026",3,6
"13023","48457","Tyler County, Texas","B27001_027",859,73
"13024","48457","Tyler County, Texas","B27001_028",859,73
"13025","48457","Tyler County, Texas","B27001_029",0,28
"13026","48457","Tyler County, Texas","B27001_030",9054,108
"13027","48457","Tyler County, Texas","B27001_031",509,82
"13028","48457","Tyler County, Texas","B27001_032",484,77
"13029","48457","Tyler County, Texas","B27001_033",25,38
"13030","48457","Tyler County, Texas","B27001_034",1469,97
"13031","48457","Tyler County, Texas","B27001_035",1346,114
"13032","48457","Tyler County, Texas","B27001_036",123,90
"13033","48457","Tyler County, Texas","B27001_037",692,106
"13034","48457","Tyler County, Texas","B27001_038",513,105
"13035","48457","Tyler County, Texas","B27001_039",179,91
"13036","48457","Tyler County, Texas","B27001_040",712,90
"13037","48457","Tyler County, Texas","B27001_041",486,104
"13038","48457","Tyler County, Texas","B27001_042",226,65
"13039","48457","Tyler County, Texas","B27001_043",1030,66
"13040","48457","Tyler County, Texas","B27001_044",740,116
"13041","48457","Tyler County, Texas","B27001_045",290,120
"13042","48457","Tyler County, Texas","B27001_046",1091,78
"13043","48457","Tyler County, Texas","B27001_047",830,123
"13044","48457","Tyler County, Texas","B27001_048",261,99
"13045","48457","Tyler County, Texas","B27001_049",1319,61
"13046","48457","Tyler County, Texas","B27001_050",969,113
"13047","48457","Tyler County, Texas","B27001_051",350,107
"13048","48457","Tyler County, Texas","B27001_052",1243,38
"13049","48457","Tyler County, Texas","B27001_053",1238,39
"13050","48457","Tyler County, Texas","B27001_054",5,5
"13051","48457","Tyler County, Texas","B27001_055",989,35
"13052","48457","Tyler County, Texas","B27001_056",989,35
"13053","48457","Tyler County, Texas","B27001_057",0,28
"13054","48459","Upshur County, Texas","B27001_001",42076,8
"13055","48459","Upshur County, Texas","B27001_002",20884,184
"13056","48459","Upshur County, Texas","B27001_003",1578,218
"13057","48459","Upshur County, Texas","B27001_004",1418,194
"13058","48459","Upshur County, Texas","B27001_005",160,114
"13059","48459","Upshur County, Texas","B27001_006",3830,169
"13060","48459","Upshur County, Texas","B27001_007",3441,205
"13061","48459","Upshur County, Texas","B27001_008",389,141
"13062","48459","Upshur County, Texas","B27001_009",1798,162
"13063","48459","Upshur County, Texas","B27001_010",1318,186
"13064","48459","Upshur County, Texas","B27001_011",480,146
"13065","48459","Upshur County, Texas","B27001_012",2230,204
"13066","48459","Upshur County, Texas","B27001_013",1522,233
"13067","48459","Upshur County, Texas","B27001_014",708,173
"13068","48459","Upshur County, Texas","B27001_015",2517,167
"13069","48459","Upshur County, Texas","B27001_016",2073,199
"13070","48459","Upshur County, Texas","B27001_017",444,152
"13071","48459","Upshur County, Texas","B27001_018",2431,135
"13072","48459","Upshur County, Texas","B27001_019",1988,169
"13073","48459","Upshur County, Texas","B27001_020",443,161
"13074","48459","Upshur County, Texas","B27001_021",2940,105
"13075","48459","Upshur County, Texas","B27001_022",2646,124
"13076","48459","Upshur County, Texas","B27001_023",294,114
"13077","48459","Upshur County, Texas","B27001_024",2266,124
"13078","48459","Upshur County, Texas","B27001_025",2216,132
"13079","48459","Upshur County, Texas","B27001_026",50,44
"13080","48459","Upshur County, Texas","B27001_027",1294,98
"13081","48459","Upshur County, Texas","B27001_028",1294,98
"13082","48459","Upshur County, Texas","B27001_029",0,31
"13083","48459","Upshur County, Texas","B27001_030",21192,183
"13084","48459","Upshur County, Texas","B27001_031",1492,228
"13085","48459","Upshur County, Texas","B27001_032",1398,248
"13086","48459","Upshur County, Texas","B27001_033",94,55
"13087","48459","Upshur County, Texas","B27001_034",3773,238
"13088","48459","Upshur County, Texas","B27001_035",3425,256
"13089","48459","Upshur County, Texas","B27001_036",348,152
"13090","48459","Upshur County, Texas","B27001_037",1240,203
"13091","48459","Upshur County, Texas","B27001_038",885,193
"13092","48459","Upshur County, Texas","B27001_039",355,173
"13093","48459","Upshur County, Texas","B27001_040",2483,138
"13094","48459","Upshur County, Texas","B27001_041",2223,169
"13095","48459","Upshur County, Texas","B27001_042",260,113
"13096","48459","Upshur County, Texas","B27001_043",2712,103
"13097","48459","Upshur County, Texas","B27001_044",2123,235
"13098","48459","Upshur County, Texas","B27001_045",589,185
"13099","48459","Upshur County, Texas","B27001_046",2424,102
"13100","48459","Upshur County, Texas","B27001_047",1862,142
"13101","48459","Upshur County, Texas","B27001_048",562,164
"13102","48459","Upshur County, Texas","B27001_049",3051,106
"13103","48459","Upshur County, Texas","B27001_050",2419,171
"13104","48459","Upshur County, Texas","B27001_051",632,151
"13105","48459","Upshur County, Texas","B27001_052",2413,70
"13106","48459","Upshur County, Texas","B27001_053",2413,70
"13107","48459","Upshur County, Texas","B27001_054",0,31
"13108","48459","Upshur County, Texas","B27001_055",1604,96
"13109","48459","Upshur County, Texas","B27001_056",1604,96
"13110","48459","Upshur County, Texas","B27001_057",0,31
"13111","48461","Upton County, Texas","B27001_001",3119,4
"13112","48461","Upton County, Texas","B27001_002",1496,97
"13113","48461","Upton County, Texas","B27001_003",24,16
"13114","48461","Upton County, Texas","B27001_004",24,16
"13115","48461","Upton County, Texas","B27001_005",0,15
"13116","48461","Upton County, Texas","B27001_006",338,73
"13117","48461","Upton County, Texas","B27001_007",302,73
"13118","48461","Upton County, Texas","B27001_008",36,48
"13119","48461","Upton County, Texas","B27001_009",72,55
"13120","48461","Upton County, Texas","B27001_010",52,48
"13121","48461","Upton County, Texas","B27001_011",20,29
"13122","48461","Upton County, Texas","B27001_012",125,59
"13123","48461","Upton County, Texas","B27001_013",110,54
"13124","48461","Upton County, Texas","B27001_014",15,24
"13125","48461","Upton County, Texas","B27001_015",302,96
"13126","48461","Upton County, Texas","B27001_016",190,68
"13127","48461","Upton County, Texas","B27001_017",112,78
"13128","48461","Upton County, Texas","B27001_018",175,56
"13129","48461","Upton County, Texas","B27001_019",119,60
"13130","48461","Upton County, Texas","B27001_020",56,42
"13131","48461","Upton County, Texas","B27001_021",174,53
"13132","48461","Upton County, Texas","B27001_022",164,52
"13133","48461","Upton County, Texas","B27001_023",10,19
"13134","48461","Upton County, Texas","B27001_024",191,45
"13135","48461","Upton County, Texas","B27001_025",191,45
"13136","48461","Upton County, Texas","B27001_026",0,15
"13137","48461","Upton County, Texas","B27001_027",95,37
"13138","48461","Upton County, Texas","B27001_028",95,37
"13139","48461","Upton County, Texas","B27001_029",0,15
"13140","48461","Upton County, Texas","B27001_030",1623,97
"13141","48461","Upton County, Texas","B27001_031",103,45
"13142","48461","Upton County, Texas","B27001_032",90,42
"13143","48461","Upton County, Texas","B27001_033",13,15
"13144","48461","Upton County, Texas","B27001_034",338,84
"13145","48461","Upton County, Texas","B27001_035",244,72
"13146","48461","Upton County, Texas","B27001_036",94,82
"13147","48461","Upton County, Texas","B27001_037",88,57
"13148","48461","Upton County, Texas","B27001_038",54,34
"13149","48461","Upton County, Texas","B27001_039",34,41
"13150","48461","Upton County, Texas","B27001_040",156,81
"13151","48461","Upton County, Texas","B27001_041",144,82
"13152","48461","Upton County, Texas","B27001_042",12,18
"13153","48461","Upton County, Texas","B27001_043",223,50
"13154","48461","Upton County, Texas","B27001_044",111,52
"13155","48461","Upton County, Texas","B27001_045",112,60
"13156","48461","Upton County, Texas","B27001_046",212,56
"13157","48461","Upton County, Texas","B27001_047",157,47
"13158","48461","Upton County, Texas","B27001_048",55,39
"13159","48461","Upton County, Texas","B27001_049",211,74
"13160","48461","Upton County, Texas","B27001_050",195,76
"13161","48461","Upton County, Texas","B27001_051",16,11
"13162","48461","Upton County, Texas","B27001_052",177,64
"13163","48461","Upton County, Texas","B27001_053",177,64
"13164","48461","Upton County, Texas","B27001_054",0,15
"13165","48461","Upton County, Texas","B27001_055",115,67
"13166","48461","Upton County, Texas","B27001_056",115,67
"13167","48461","Upton County, Texas","B27001_057",0,15
"13168","48463","Uvalde County, Texas","B27001_001",24280,90
"13169","48463","Uvalde County, Texas","B27001_002",12023,180
"13170","48463","Uvalde County, Texas","B27001_003",1065,162
"13171","48463","Uvalde County, Texas","B27001_004",700,216
"13172","48463","Uvalde County, Texas","B27001_005",365,134
"13173","48463","Uvalde County, Texas","B27001_006",2787,311
"13174","48463","Uvalde County, Texas","B27001_007",2452,356
"13175","48463","Uvalde County, Texas","B27001_008",335,190
"13176","48463","Uvalde County, Texas","B27001_009",1187,277
"13177","48463","Uvalde County, Texas","B27001_010",816,212
"13178","48463","Uvalde County, Texas","B27001_011",371,202
"13179","48463","Uvalde County, Texas","B27001_012",1393,148
"13180","48463","Uvalde County, Texas","B27001_013",988,189
"13181","48463","Uvalde County, Texas","B27001_014",405,181
"13182","48463","Uvalde County, Texas","B27001_015",1439,125
"13183","48463","Uvalde County, Texas","B27001_016",732,251
"13184","48463","Uvalde County, Texas","B27001_017",707,242
"13185","48463","Uvalde County, Texas","B27001_018",1186,131
"13186","48463","Uvalde County, Texas","B27001_019",1127,125
"13187","48463","Uvalde County, Texas","B27001_020",59,52
"13188","48463","Uvalde County, Texas","B27001_021",1169,68
"13189","48463","Uvalde County, Texas","B27001_022",983,92
"13190","48463","Uvalde County, Texas","B27001_023",186,81
"13191","48463","Uvalde County, Texas","B27001_024",1020,33
"13192","48463","Uvalde County, Texas","B27001_025",1020,33
"13193","48463","Uvalde County, Texas","B27001_026",0,28
"13194","48463","Uvalde County, Texas","B27001_027",777,44
"13195","48463","Uvalde County, Texas","B27001_028",774,45
"13196","48463","Uvalde County, Texas","B27001_029",3,6
"13197","48463","Uvalde County, Texas","B27001_030",12257,195
"13198","48463","Uvalde County, Texas","B27001_031",1120,151
"13199","48463","Uvalde County, Texas","B27001_032",1109,154
"13200","48463","Uvalde County, Texas","B27001_033",11,18
"13201","48463","Uvalde County, Texas","B27001_034",2057,233
"13202","48463","Uvalde County, Texas","B27001_035",1590,228
"13203","48463","Uvalde County, Texas","B27001_036",467,208
"13204","48463","Uvalde County, Texas","B27001_037",1217,122
"13205","48463","Uvalde County, Texas","B27001_038",1052,135
"13206","48463","Uvalde County, Texas","B27001_039",165,114
"13207","48463","Uvalde County, Texas","B27001_040",1674,150
"13208","48463","Uvalde County, Texas","B27001_041",1128,238
"13209","48463","Uvalde County, Texas","B27001_042",546,219
"13210","48463","Uvalde County, Texas","B27001_043",1499,114
"13211","48463","Uvalde County, Texas","B27001_044",934,195
"13212","48463","Uvalde County, Texas","B27001_045",565,193
"13213","48463","Uvalde County, Texas","B27001_046",1283,79
"13214","48463","Uvalde County, Texas","B27001_047",1130,84
"13215","48463","Uvalde County, Texas","B27001_048",153,79
"13216","48463","Uvalde County, Texas","B27001_049",1337,48
"13217","48463","Uvalde County, Texas","B27001_050",1142,103
"13218","48463","Uvalde County, Texas","B27001_051",195,85
"13219","48463","Uvalde County, Texas","B27001_052",1140,53
"13220","48463","Uvalde County, Texas","B27001_053",1140,53
"13221","48463","Uvalde County, Texas","B27001_054",0,28
"13222","48463","Uvalde County, Texas","B27001_055",930,61
"13223","48463","Uvalde County, Texas","B27001_056",930,61
"13224","48463","Uvalde County, Texas","B27001_057",0,28
"13225","48465","Val Verde County, Texas","B27001_001",45186,234
"13226","48465","Val Verde County, Texas","B27001_002",22525,256
"13227","48465","Val Verde County, Texas","B27001_003",2247,210
"13228","48465","Val Verde County, Texas","B27001_004",1941,269
"13229","48465","Val Verde County, Texas","B27001_005",306,185
"13230","48465","Val Verde County, Texas","B27001_006",4819,254
"13231","48465","Val Verde County, Texas","B27001_007",4022,391
"13232","48465","Val Verde County, Texas","B27001_008",797,306
"13233","48465","Val Verde County, Texas","B27001_009",2259,258
"13234","48465","Val Verde County, Texas","B27001_010",1665,232
"13235","48465","Val Verde County, Texas","B27001_011",594,268
"13236","48465","Val Verde County, Texas","B27001_012",2975,251
"13237","48465","Val Verde County, Texas","B27001_013",2210,301
"13238","48465","Val Verde County, Texas","B27001_014",765,304
"13239","48465","Val Verde County, Texas","B27001_015",2764,127
"13240","48465","Val Verde County, Texas","B27001_016",2080,282
"13241","48465","Val Verde County, Texas","B27001_017",684,254
"13242","48465","Val Verde County, Texas","B27001_018",2409,88
"13243","48465","Val Verde County, Texas","B27001_019",2076,150
"13244","48465","Val Verde County, Texas","B27001_020",333,126
"13245","48465","Val Verde County, Texas","B27001_021",2115,86
"13246","48465","Val Verde County, Texas","B27001_022",1853,164
"13247","48465","Val Verde County, Texas","B27001_023",262,145
"13248","48465","Val Verde County, Texas","B27001_024",1641,59
"13249","48465","Val Verde County, Texas","B27001_025",1641,59
"13250","48465","Val Verde County, Texas","B27001_026",0,31
"13251","48465","Val Verde County, Texas","B27001_027",1296,28
"13252","48465","Val Verde County, Texas","B27001_028",1271,49
"13253","48465","Val Verde County, Texas","B27001_029",25,40
"13254","48465","Val Verde County, Texas","B27001_030",22661,209
"13255","48465","Val Verde County, Texas","B27001_031",2183,119
"13256","48465","Val Verde County, Texas","B27001_032",2048,176
"13257","48465","Val Verde County, Texas","B27001_033",135,154
"13258","48465","Val Verde County, Texas","B27001_034",4747,150
"13259","48465","Val Verde County, Texas","B27001_035",4219,282
"13260","48465","Val Verde County, Texas","B27001_036",528,213
"13261","48465","Val Verde County, Texas","B27001_037",2269,273
"13262","48465","Val Verde County, Texas","B27001_038",1418,244
"13263","48465","Val Verde County, Texas","B27001_039",851,235
"13264","48465","Val Verde County, Texas","B27001_040",2565,168
"13265","48465","Val Verde County, Texas","B27001_041",1523,259
"13266","48465","Val Verde County, Texas","B27001_042",1042,237
"13267","48465","Val Verde County, Texas","B27001_043",2637,64
"13268","48465","Val Verde County, Texas","B27001_044",1964,187
"13269","48465","Val Verde County, Texas","B27001_045",673,200
"13270","48465","Val Verde County, Texas","B27001_046",2463,46
"13271","48465","Val Verde County, Texas","B27001_047",2108,150
"13272","48465","Val Verde County, Texas","B27001_048",355,145
"13273","48465","Val Verde County, Texas","B27001_049",2270,42
"13274","48465","Val Verde County, Texas","B27001_050",1788,157
"13275","48465","Val Verde County, Texas","B27001_051",482,151
"13276","48465","Val Verde County, Texas","B27001_052",1943,75
"13277","48465","Val Verde County, Texas","B27001_053",1908,86
"13278","48465","Val Verde County, Texas","B27001_054",35,35
"13279","48465","Val Verde County, Texas","B27001_055",1584,73
"13280","48465","Val Verde County, Texas","B27001_056",1556,84
"13281","48465","Val Verde County, Texas","B27001_057",28,37
"13282","48467","Van Zandt County, Texas","B27001_001",62038,39
"13283","48467","Van Zandt County, Texas","B27001_002",30333,182
"13284","48467","Van Zandt County, Texas","B27001_003",2478,253
"13285","48467","Van Zandt County, Texas","B27001_004",2149,286
"13286","48467","Van Zandt County, Texas","B27001_005",329,111
"13287","48467","Van Zandt County, Texas","B27001_006",4999,290
"13288","48467","Van Zandt County, Texas","B27001_007",4306,348
"13289","48467","Van Zandt County, Texas","B27001_008",693,202
"13290","48467","Van Zandt County, Texas","B27001_009",2223,224
"13291","48467","Van Zandt County, Texas","B27001_010",1709,238
"13292","48467","Van Zandt County, Texas","B27001_011",514,219
"13293","48467","Van Zandt County, Texas","B27001_012",3091,205
"13294","48467","Van Zandt County, Texas","B27001_013",2104,298
"13295","48467","Van Zandt County, Texas","B27001_014",987,213
"13296","48467","Van Zandt County, Texas","B27001_015",3695,147
"13297","48467","Van Zandt County, Texas","B27001_016",2709,271
"13298","48467","Van Zandt County, Texas","B27001_017",986,222
"13299","48467","Van Zandt County, Texas","B27001_018",3711,63
"13300","48467","Van Zandt County, Texas","B27001_019",2916,193
"13301","48467","Van Zandt County, Texas","B27001_020",795,185
"13302","48467","Van Zandt County, Texas","B27001_021",4391,86
"13303","48467","Van Zandt County, Texas","B27001_022",3551,209
"13304","48467","Van Zandt County, Texas","B27001_023",840,202
"13305","48467","Van Zandt County, Texas","B27001_024",3553,87
"13306","48467","Van Zandt County, Texas","B27001_025",3551,88
"13307","48467","Van Zandt County, Texas","B27001_026",2,5
"13308","48467","Van Zandt County, Texas","B27001_027",2192,69
"13309","48467","Van Zandt County, Texas","B27001_028",2185,65
"13310","48467","Van Zandt County, Texas","B27001_029",7,16
"13311","48467","Van Zandt County, Texas","B27001_030",31705,188
"13312","48467","Van Zandt County, Texas","B27001_031",2155,175
"13313","48467","Van Zandt County, Texas","B27001_032",1767,240
"13314","48467","Van Zandt County, Texas","B27001_033",388,179
"13315","48467","Van Zandt County, Texas","B27001_034",5415,183
"13316","48467","Van Zandt County, Texas","B27001_035",4481,378
"13317","48467","Van Zandt County, Texas","B27001_036",934,307
"13318","48467","Van Zandt County, Texas","B27001_037",2036,150
"13319","48467","Van Zandt County, Texas","B27001_038",1407,185
"13320","48467","Van Zandt County, Texas","B27001_039",629,186
"13321","48467","Van Zandt County, Texas","B27001_040",3380,155
"13322","48467","Van Zandt County, Texas","B27001_041",2171,291
"13323","48467","Van Zandt County, Texas","B27001_042",1209,235
"13324","48467","Van Zandt County, Texas","B27001_043",3725,178
"13325","48467","Van Zandt County, Texas","B27001_044",2436,334
"13326","48467","Van Zandt County, Texas","B27001_045",1289,346
"13327","48467","Van Zandt County, Texas","B27001_046",3954,187
"13328","48467","Van Zandt County, Texas","B27001_047",2897,237
"13329","48467","Van Zandt County, Texas","B27001_048",1057,266
"13330","48467","Van Zandt County, Texas","B27001_049",4288,95
"13331","48467","Van Zandt County, Texas","B27001_050",3605,270
"13332","48467","Van Zandt County, Texas","B27001_051",683,263
"13333","48467","Van Zandt County, Texas","B27001_052",3889,104
"13334","48467","Van Zandt County, Texas","B27001_053",3821,102
"13335","48467","Van Zandt County, Texas","B27001_054",68,71
"13336","48467","Van Zandt County, Texas","B27001_055",2863,110
"13337","48467","Van Zandt County, Texas","B27001_056",2863,110
"13338","48467","Van Zandt County, Texas","B27001_057",0,35
"13339","48469","Victoria County, Texas","B27001_001",90348,196
"13340","48469","Victoria County, Texas","B27001_002",44285,249
"13341","48469","Victoria County, Texas","B27001_003",3812,251
"13342","48469","Victoria County, Texas","B27001_004",3459,278
"13343","48469","Victoria County, Texas","B27001_005",353,200
"13344","48469","Victoria County, Texas","B27001_006",8491,283
"13345","48469","Victoria County, Texas","B27001_007",7223,466
"13346","48469","Victoria County, Texas","B27001_008",1268,457
"13347","48469","Victoria County, Texas","B27001_009",4149,349
"13348","48469","Victoria County, Texas","B27001_010",2760,366
"13349","48469","Victoria County, Texas","B27001_011",1389,368
"13350","48469","Victoria County, Texas","B27001_012",5105,242
"13351","48469","Victoria County, Texas","B27001_013",3955,299
"13352","48469","Victoria County, Texas","B27001_014",1150,239
"13353","48469","Victoria County, Texas","B27001_015",5784,167
"13354","48469","Victoria County, Texas","B27001_016",3960,390
"13355","48469","Victoria County, Texas","B27001_017",1824,404
"13356","48469","Victoria County, Texas","B27001_018",4795,162
"13357","48469","Victoria County, Texas","B27001_019",3756,288
"13358","48469","Victoria County, Texas","B27001_020",1039,259
"13359","48469","Victoria County, Texas","B27001_021",5227,57
"13360","48469","Victoria County, Texas","B27001_022",4516,236
"13361","48469","Victoria County, Texas","B27001_023",711,216
"13362","48469","Victoria County, Texas","B27001_024",4254,101
"13363","48469","Victoria County, Texas","B27001_025",4246,102
"13364","48469","Victoria County, Texas","B27001_026",8,10
"13365","48469","Victoria County, Texas","B27001_027",2668,95
"13366","48469","Victoria County, Texas","B27001_028",2668,95
"13367","48469","Victoria County, Texas","B27001_029",0,35
"13368","48469","Victoria County, Texas","B27001_030",46063,151
"13369","48469","Victoria County, Texas","B27001_031",3296,191
"13370","48469","Victoria County, Texas","B27001_032",3039,281
"13371","48469","Victoria County, Texas","B27001_033",257,184
"13372","48469","Victoria County, Texas","B27001_034",8517,323
"13373","48469","Victoria County, Texas","B27001_035",7225,574
"13374","48469","Victoria County, Texas","B27001_036",1292,504
"13375","48469","Victoria County, Texas","B27001_037",4255,301
"13376","48469","Victoria County, Texas","B27001_038",3024,367
"13377","48469","Victoria County, Texas","B27001_039",1231,330
"13378","48469","Victoria County, Texas","B27001_040",5254,223
"13379","48469","Victoria County, Texas","B27001_041",3775,392
"13380","48469","Victoria County, Texas","B27001_042",1479,354
"13381","48469","Victoria County, Texas","B27001_043",5835,126
"13382","48469","Victoria County, Texas","B27001_044",4228,381
"13383","48469","Victoria County, Texas","B27001_045",1607,398
"13384","48469","Victoria County, Texas","B27001_046",5038,135
"13385","48469","Victoria County, Texas","B27001_047",3945,328
"13386","48469","Victoria County, Texas","B27001_048",1093,349
"13387","48469","Victoria County, Texas","B27001_049",5490,67
"13388","48469","Victoria County, Texas","B27001_050",4716,196
"13389","48469","Victoria County, Texas","B27001_051",774,191
"13390","48469","Victoria County, Texas","B27001_052",4822,52
"13391","48469","Victoria County, Texas","B27001_053",4792,60
"13392","48469","Victoria County, Texas","B27001_054",30,24
"13393","48469","Victoria County, Texas","B27001_055",3556,69
"13394","48469","Victoria County, Texas","B27001_056",3501,100
"13395","48469","Victoria County, Texas","B27001_057",55,72
"13396","48471","Walker County, Texas","B27001_001",66817,204
"13397","48471","Walker County, Texas","B27001_002",34132,360
"13398","48471","Walker County, Texas","B27001_003",1960,268
"13399","48471","Walker County, Texas","B27001_004",1858,278
"13400","48471","Walker County, Texas","B27001_005",102,111
"13401","48471","Walker County, Texas","B27001_006",5028,246
"13402","48471","Walker County, Texas","B27001_007",4300,345
"13403","48471","Walker County, Texas","B27001_008",728,232
"13404","48471","Walker County, Texas","B27001_009",6203,465
"13405","48471","Walker County, Texas","B27001_010",4979,573
"13406","48471","Walker County, Texas","B27001_011",1224,435
"13407","48471","Walker County, Texas","B27001_012",3885,434
"13408","48471","Walker County, Texas","B27001_013",2975,445
"13409","48471","Walker County, Texas","B27001_014",910,384
"13410","48471","Walker County, Texas","B27001_015",4567,449
"13411","48471","Walker County, Texas","B27001_016",3506,480
"13412","48471","Walker County, Texas","B27001_017",1061,376
"13413","48471","Walker County, Texas","B27001_018",4626,343
"13414","48471","Walker County, Texas","B27001_019",3770,453
"13415","48471","Walker County, Texas","B27001_020",856,308
"13416","48471","Walker County, Texas","B27001_021",3160,447
"13417","48471","Walker County, Texas","B27001_022",2654,443
"13418","48471","Walker County, Texas","B27001_023",506,248
"13419","48471","Walker County, Texas","B27001_024",2851,183
"13420","48471","Walker County, Texas","B27001_025",2851,183
"13421","48471","Walker County, Texas","B27001_026",0,35
"13422","48471","Walker County, Texas","B27001_027",1852,110
"13423","48471","Walker County, Texas","B27001_028",1852,110
"13424","48471","Walker County, Texas","B27001_029",0,35
"13425","48471","Walker County, Texas","B27001_030",32685,299
"13426","48471","Walker County, Texas","B27001_031",1700,326
"13427","48471","Walker County, Texas","B27001_032",1611,337
"13428","48471","Walker County, Texas","B27001_033",89,131
"13429","48471","Walker County, Texas","B27001_034",4944,347
"13430","48471","Walker County, Texas","B27001_035",4360,321
"13431","48471","Walker County, Texas","B27001_036",584,269
"13432","48471","Walker County, Texas","B27001_037",6624,332
"13433","48471","Walker County, Texas","B27001_038",5277,477
"13434","48471","Walker County, Texas","B27001_039",1347,396
"13435","48471","Walker County, Texas","B27001_040",2959,358
"13436","48471","Walker County, Texas","B27001_041",2184,413
"13437","48471","Walker County, Texas","B27001_042",775,322
"13438","48471","Walker County, Texas","B27001_043",3736,293
"13439","48471","Walker County, Texas","B27001_044",3040,344
"13440","48471","Walker County, Texas","B27001_045",696,213
"13441","48471","Walker County, Texas","B27001_046",3133,137
"13442","48471","Walker County, Texas","B27001_047",2429,269
"13443","48471","Walker County, Texas","B27001_048",704,233
"13444","48471","Walker County, Texas","B27001_049",3901,119
"13445","48471","Walker County, Texas","B27001_050",3305,264
"13446","48471","Walker County, Texas","B27001_051",596,273
"13447","48471","Walker County, Texas","B27001_052",3382,115
"13448","48471","Walker County, Texas","B27001_053",3335,126
"13449","48471","Walker County, Texas","B27001_054",47,58
"13450","48471","Walker County, Texas","B27001_055",2306,122
"13451","48471","Walker County, Texas","B27001_056",2256,146
"13452","48471","Walker County, Texas","B27001_057",50,76
"13453","48473","Waller County, Texas","B27001_001",61334,53
"13454","48473","Waller County, Texas","B27001_002",30564,152
"13455","48473","Waller County, Texas","B27001_003",2402,186
"13456","48473","Waller County, Texas","B27001_004",1969,271
"13457","48473","Waller County, Texas","B27001_005",433,200
"13458","48473","Waller County, Texas","B27001_006",5644,230
"13459","48473","Waller County, Texas","B27001_007",4566,376
"13460","48473","Waller County, Texas","B27001_008",1078,315
"13461","48473","Waller County, Texas","B27001_009",4467,758
"13462","48473","Waller County, Texas","B27001_010",3214,745
"13463","48473","Waller County, Texas","B27001_011",1253,351
"13464","48473","Waller County, Texas","B27001_012",3481,425
"13465","48473","Waller County, Texas","B27001_013",2168,477
"13466","48473","Waller County, Texas","B27001_014",1313,336
"13467","48473","Waller County, Texas","B27001_015",4896,788
"13468","48473","Waller County, Texas","B27001_016",3412,777
"13469","48473","Waller County, Texas","B27001_017",1484,386
"13470","48473","Waller County, Texas","B27001_018",3102,54
"13471","48473","Waller County, Texas","B27001_019",2312,203
"13472","48473","Waller County, Texas","B27001_020",790,206
"13473","48473","Waller County, Texas","B27001_021",3165,55
"13474","48473","Waller County, Texas","B27001_022",2840,159
"13475","48473","Waller County, Texas","B27001_023",325,147
"13476","48473","Waller County, Texas","B27001_024",2284,111
"13477","48473","Waller County, Texas","B27001_025",2235,126
"13478","48473","Waller County, Texas","B27001_026",49,65
"13479","48473","Waller County, Texas","B27001_027",1123,106
"13480","48473","Waller County, Texas","B27001_028",1123,106
"13481","48473","Waller County, Texas","B27001_029",0,35
"13482","48473","Waller County, Texas","B27001_030",30770,172
"13483","48473","Waller County, Texas","B27001_031",1939,144
"13484","48473","Waller County, Texas","B27001_032",1594,156
"13485","48473","Waller County, Texas","B27001_033",345,156
"13486","48473","Waller County, Texas","B27001_034",6187,406
"13487","48473","Waller County, Texas","B27001_035",5093,451
"13488","48473","Waller County, Texas","B27001_036",1094,321
"13489","48473","Waller County, Texas","B27001_037",5907,476
"13490","48473","Waller County, Texas","B27001_038",4672,586
"13491","48473","Waller County, Texas","B27001_039",1235,372
"13492","48473","Waller County, Texas","B27001_040",3400,437
"13493","48473","Waller County, Texas","B27001_041",2688,496
"13494","48473","Waller County, Texas","B27001_042",712,163
"13495","48473","Waller County, Texas","B27001_043",3479,277
"13496","48473","Waller County, Texas","B27001_044",2755,350
"13497","48473","Waller County, Texas","B27001_045",724,217
"13498","48473","Waller County, Texas","B27001_046",3021,51
"13499","48473","Waller County, Texas","B27001_047",2245,194
"13500","48473","Waller County, Texas","B27001_048",776,196
"13501","48473","Waller County, Texas","B27001_049",3197,65
"13502","48473","Waller County, Texas","B27001_050",2616,198
"13503","48473","Waller County, Texas","B27001_051",581,188
"13504","48473","Waller County, Texas","B27001_052",2301,94
"13505","48473","Waller County, Texas","B27001_053",2221,116
"13506","48473","Waller County, Texas","B27001_054",80,76
"13507","48473","Waller County, Texas","B27001_055",1339,79
"13508","48473","Waller County, Texas","B27001_056",1294,78
"13509","48473","Waller County, Texas","B27001_057",45,45
"13510","48475","Ward County, Texas","B27001_001",11026,6
"13511","48475","Ward County, Texas","B27001_002",5652,134
"13512","48475","Ward County, Texas","B27001_003",508,106
"13513","48475","Ward County, Texas","B27001_004",479,110
"13514","48475","Ward County, Texas","B27001_005",29,41
"13515","48475","Ward County, Texas","B27001_006",1219,148
"13516","48475","Ward County, Texas","B27001_007",1015,138
"13517","48475","Ward County, Texas","B27001_008",204,132
"13518","48475","Ward County, Texas","B27001_009",342,104
"13519","48475","Ward County, Texas","B27001_010",199,124
"13520","48475","Ward County, Texas","B27001_011",143,79
"13521","48475","Ward County, Texas","B27001_012",793,117
"13522","48475","Ward County, Texas","B27001_013",595,134
"13523","48475","Ward County, Texas","B27001_014",198,99
"13524","48475","Ward County, Texas","B27001_015",908,152
"13525","48475","Ward County, Texas","B27001_016",708,182
"13526","48475","Ward County, Texas","B27001_017",200,98
"13527","48475","Ward County, Texas","B27001_018",650,132
"13528","48475","Ward County, Texas","B27001_019",436,101
"13529","48475","Ward County, Texas","B27001_020",214,136
"13530","48475","Ward County, Texas","B27001_021",584,34
"13531","48475","Ward County, Texas","B27001_022",465,64
"13532","48475","Ward County, Texas","B27001_023",119,75
"13533","48475","Ward County, Texas","B27001_024",375,7
"13534","48475","Ward County, Texas","B27001_025",375,7
"13535","48475","Ward County, Texas","B27001_026",0,23
"13536","48475","Ward County, Texas","B27001_027",273,37
"13537","48475","Ward County, Texas","B27001_028",273,37
"13538","48475","Ward County, Texas","B27001_029",0,23
"13539","48475","Ward County, Texas","B27001_030",5374,135
"13540","48475","Ward County, Texas","B27001_031",420,82
"13541","48475","Ward County, Texas","B27001_032",309,120
"13542","48475","Ward County, Texas","B27001_033",111,74
"13543","48475","Ward County, Texas","B27001_034",1213,112
"13544","48475","Ward County, Texas","B27001_035",984,156
"13545","48475","Ward County, Texas","B27001_036",229,116
"13546","48475","Ward County, Texas","B27001_037",298,90
"13547","48475","Ward County, Texas","B27001_038",230,91
"13548","48475","Ward County, Texas","B27001_039",68,42
"13549","48475","Ward County, Texas","B27001_040",811,171
"13550","48475","Ward County, Texas","B27001_041",584,182
"13551","48475","Ward County, Texas","B27001_042",227,137
"13552","48475","Ward County, Texas","B27001_043",711,145
"13553","48475","Ward County, Texas","B27001_044",513,143
"13554","48475","Ward County, Texas","B27001_045",198,105
"13555","48475","Ward County, Texas","B27001_046",526,112
"13556","48475","Ward County, Texas","B27001_047",418,120
"13557","48475","Ward County, Texas","B27001_048",108,69
"13558","48475","Ward County, Texas","B27001_049",574,20
"13559","48475","Ward County, Texas","B27001_050",533,38
"13560","48475","Ward County, Texas","B27001_051",41,31
"13561","48475","Ward County, Texas","B27001_052",419,31
"13562","48475","Ward County, Texas","B27001_053",419,31
"13563","48475","Ward County, Texas","B27001_054",0,23
"13564","48475","Ward County, Texas","B27001_055",402,86
"13565","48475","Ward County, Texas","B27001_056",402,86
"13566","48475","Ward County, Texas","B27001_057",0,23
"13567","48477","Washington County, Texas","B27001_001",35764,53
"13568","48477","Washington County, Texas","B27001_002",17583,230
"13569","48477","Washington County, Texas","B27001_003",1194,260
"13570","48477","Washington County, Texas","B27001_004",949,193
"13571","48477","Washington County, Texas","B27001_005",245,138
"13572","48477","Washington County, Texas","B27001_006",3385,304
"13573","48477","Washington County, Texas","B27001_007",2640,413
"13574","48477","Washington County, Texas","B27001_008",745,321
"13575","48477","Washington County, Texas","B27001_009",1703,261
"13576","48477","Washington County, Texas","B27001_010",1286,304
"13577","48477","Washington County, Texas","B27001_011",417,183
"13578","48477","Washington County, Texas","B27001_012",1807,281
"13579","48477","Washington County, Texas","B27001_013",1346,269
"13580","48477","Washington County, Texas","B27001_014",461,184
"13581","48477","Washington County, Texas","B27001_015",1822,241
"13582","48477","Washington County, Texas","B27001_016",1380,180
"13583","48477","Washington County, Texas","B27001_017",442,186
"13584","48477","Washington County, Texas","B27001_018",1794,207
"13585","48477","Washington County, Texas","B27001_019",1584,242
"13586","48477","Washington County, Texas","B27001_020",210,99
"13587","48477","Washington County, Texas","B27001_021",2233,46
"13588","48477","Washington County, Texas","B27001_022",1783,175
"13589","48477","Washington County, Texas","B27001_023",450,175
"13590","48477","Washington County, Texas","B27001_024",2241,99
"13591","48477","Washington County, Texas","B27001_025",2241,99
"13592","48477","Washington County, Texas","B27001_026",0,31
"13593","48477","Washington County, Texas","B27001_027",1404,90
"13594","48477","Washington County, Texas","B27001_028",1403,90
"13595","48477","Washington County, Texas","B27001_029",1,5
"13596","48477","Washington County, Texas","B27001_030",18181,213
"13597","48477","Washington County, Texas","B27001_031",1108,150
"13598","48477","Washington County, Texas","B27001_032",1008,165
"13599","48477","Washington County, Texas","B27001_033",100,79
"13600","48477","Washington County, Texas","B27001_034",2785,204
"13601","48477","Washington County, Texas","B27001_035",2239,198
"13602","48477","Washington County, Texas","B27001_036",546,200
"13603","48477","Washington County, Texas","B27001_037",1606,237
"13604","48477","Washington County, Texas","B27001_038",1290,249
"13605","48477","Washington County, Texas","B27001_039",316,127
"13606","48477","Washington County, Texas","B27001_040",1849,269
"13607","48477","Washington County, Texas","B27001_041",1574,263
"13608","48477","Washington County, Texas","B27001_042",275,131
"13609","48477","Washington County, Texas","B27001_043",1904,191
"13610","48477","Washington County, Texas","B27001_044",1395,208
"13611","48477","Washington County, Texas","B27001_045",509,210
"13612","48477","Washington County, Texas","B27001_046",1953,182
"13613","48477","Washington County, Texas","B27001_047",1718,210
"13614","48477","Washington County, Texas","B27001_048",235,119
"13615","48477","Washington County, Texas","B27001_049",2407,68
"13616","48477","Washington County, Texas","B27001_050",2222,116
"13617","48477","Washington County, Texas","B27001_051",185,104
"13618","48477","Washington County, Texas","B27001_052",2512,124
"13619","48477","Washington County, Texas","B27001_053",2464,126
"13620","48477","Washington County, Texas","B27001_054",48,51
"13621","48477","Washington County, Texas","B27001_055",2057,89
"13622","48477","Washington County, Texas","B27001_056",2057,89
"13623","48477","Washington County, Texas","B27001_057",0,31
"13624","48479","Webb County, Texas","B27001_001",267637,206
"13625","48479","Webb County, Texas","B27001_002",132524,329
"13626","48479","Webb County, Texas","B27001_003",13384,486
"13627","48479","Webb County, Texas","B27001_004",12546,573
"13628","48479","Webb County, Texas","B27001_005",838,302
"13629","48479","Webb County, Texas","B27001_006",31875,489
"13630","48479","Webb County, Texas","B27001_007",26461,746
"13631","48479","Webb County, Texas","B27001_008",5414,747
"13632","48479","Webb County, Texas","B27001_009",15628,584
"13633","48479","Webb County, Texas","B27001_010",8203,673
"13634","48479","Webb County, Texas","B27001_011",7425,704
"13635","48479","Webb County, Texas","B27001_012",16384,511
"13636","48479","Webb County, Texas","B27001_013",8544,704
"13637","48479","Webb County, Texas","B27001_014",7840,699
"13638","48479","Webb County, Texas","B27001_015",16611,234
"13639","48479","Webb County, Texas","B27001_016",10364,635
"13640","48479","Webb County, Texas","B27001_017",6247,632
"13641","48479","Webb County, Texas","B27001_018",15325,206
"13642","48479","Webb County, Texas","B27001_019",9546,615
"13643","48479","Webb County, Texas","B27001_020",5779,632
"13644","48479","Webb County, Texas","B27001_021",11400,103
"13645","48479","Webb County, Texas","B27001_022",8245,462
"13646","48479","Webb County, Texas","B27001_023",3155,455
"13647","48479","Webb County, Texas","B27001_024",7497,139
"13648","48479","Webb County, Texas","B27001_025",7043,239
"13649","48479","Webb County, Texas","B27001_026",454,202
"13650","48479","Webb County, Texas","B27001_027",4420,74
"13651","48479","Webb County, Texas","B27001_028",4252,124
"13652","48479","Webb County, Texas","B27001_029",168,100
"13653","48479","Webb County, Texas","B27001_030",135113,237
"13654","48479","Webb County, Texas","B27001_031",12582,427
"13655","48479","Webb County, Texas","B27001_032",11596,509
"13656","48479","Webb County, Texas","B27001_033",986,324
"13657","48479","Webb County, Texas","B27001_034",30995,565
"13658","48479","Webb County, Texas","B27001_035",26095,947
"13659","48479","Webb County, Texas","B27001_036",4900,731
"13660","48479","Webb County, Texas","B27001_037",14580,444
"13661","48479","Webb County, Texas","B27001_038",8553,694
"13662","48479","Webb County, Texas","B27001_039",6027,594
"13663","48479","Webb County, Texas","B27001_040",16283,356
"13664","48479","Webb County, Texas","B27001_041",9369,567
"13665","48479","Webb County, Texas","B27001_042",6914,600
"13666","48479","Webb County, Texas","B27001_043",16208,144
"13667","48479","Webb County, Texas","B27001_044",10005,627
"13668","48479","Webb County, Texas","B27001_045",6203,602
"13669","48479","Webb County, Texas","B27001_046",16253,78
"13670","48479","Webb County, Texas","B27001_047",10468,624
"13671","48479","Webb County, Texas","B27001_048",5785,617
"13672","48479","Webb County, Texas","B27001_049",12840,75
"13673","48479","Webb County, Texas","B27001_050",8710,418
"13674","48479","Webb County, Texas","B27001_051",4130,415
"13675","48479","Webb County, Texas","B27001_052",8811,49
"13676","48479","Webb County, Texas","B27001_053",8120,244
"13677","48479","Webb County, Texas","B27001_054",691,241
"13678","48479","Webb County, Texas","B27001_055",6561,89
"13679","48479","Webb County, Texas","B27001_056",6376,131
"13680","48479","Webb County, Texas","B27001_057",185,97
"13681","48481","Wharton County, Texas","B27001_001",41353,13
"13682","48481","Wharton County, Texas","B27001_002",20525,259
"13683","48481","Wharton County, Texas","B27001_003",1458,126
"13684","48481","Wharton County, Texas","B27001_004",1405,109
"13685","48481","Wharton County, Texas","B27001_005",53,76
"13686","48481","Wharton County, Texas","B27001_006",4497,253
"13687","48481","Wharton County, Texas","B27001_007",3645,356
"13688","48481","Wharton County, Texas","B27001_008",852,363
"13689","48481","Wharton County, Texas","B27001_009",1873,183
"13690","48481","Wharton County, Texas","B27001_010",1478,210
"13691","48481","Wharton County, Texas","B27001_011",395,144
"13692","48481","Wharton County, Texas","B27001_012",2202,195
"13693","48481","Wharton County, Texas","B27001_013",1701,256
"13694","48481","Wharton County, Texas","B27001_014",501,180
"13695","48481","Wharton County, Texas","B27001_015",2481,120
"13696","48481","Wharton County, Texas","B27001_016",1870,185
"13697","48481","Wharton County, Texas","B27001_017",611,200
"13698","48481","Wharton County, Texas","B27001_018",2187,110
"13699","48481","Wharton County, Texas","B27001_019",1765,171
"13700","48481","Wharton County, Texas","B27001_020",422,150
"13701","48481","Wharton County, Texas","B27001_021",2482,67
"13702","48481","Wharton County, Texas","B27001_022",2110,143
"13703","48481","Wharton County, Texas","B27001_023",372,132
"13704","48481","Wharton County, Texas","B27001_024",2222,102
"13705","48481","Wharton County, Texas","B27001_025",2199,105
"13706","48481","Wharton County, Texas","B27001_026",23,42
"13707","48481","Wharton County, Texas","B27001_027",1123,93
"13708","48481","Wharton County, Texas","B27001_028",1123,93
"13709","48481","Wharton County, Texas","B27001_029",0,31
"13710","48481","Wharton County, Texas","B27001_030",20828,256
"13711","48481","Wharton County, Texas","B27001_031",1594,152
"13712","48481","Wharton County, Texas","B27001_032",1467,220
"13713","48481","Wharton County, Texas","B27001_033",127,155
"13714","48481","Wharton County, Texas","B27001_034",3506,257
"13715","48481","Wharton County, Texas","B27001_035",3062,374
"13716","48481","Wharton County, Texas","B27001_036",444,267
"13717","48481","Wharton County, Texas","B27001_037",1932,163
"13718","48481","Wharton County, Texas","B27001_038",1519,246
"13719","48481","Wharton County, Texas","B27001_039",413,206
"13720","48481","Wharton County, Texas","B27001_040",2219,193
"13721","48481","Wharton County, Texas","B27001_041",1619,216
"13722","48481","Wharton County, Texas","B27001_042",600,283
"13723","48481","Wharton County, Texas","B27001_043",2503,169
"13724","48481","Wharton County, Texas","B27001_044",2075,194
"13725","48481","Wharton County, Texas","B27001_045",428,189
"13726","48481","Wharton County, Texas","B27001_046",2406,184
"13727","48481","Wharton County, Texas","B27001_047",2072,213
"13728","48481","Wharton County, Texas","B27001_048",334,132
"13729","48481","Wharton County, Texas","B27001_049",2620,51
"13730","48481","Wharton County, Texas","B27001_050",2382,114
"13731","48481","Wharton County, Texas","B27001_051",238,111
"13732","48481","Wharton County, Texas","B27001_052",2237,21
"13733","48481","Wharton County, Texas","B27001_053",2196,59
"13734","48481","Wharton County, Texas","B27001_054",41,55
"13735","48481","Wharton County, Texas","B27001_055",1811,58
"13736","48481","Wharton County, Texas","B27001_056",1808,58
"13737","48481","Wharton County, Texas","B27001_057",3,5
"13738","48483","Wheeler County, Texas","B27001_001",4773,31
"13739","48483","Wheeler County, Texas","B27001_002",2454,65
"13740","48483","Wheeler County, Texas","B27001_003",164,44
"13741","48483","Wheeler County, Texas","B27001_004",148,41
"13742","48483","Wheeler County, Texas","B27001_005",16,22
"13743","48483","Wheeler County, Texas","B27001_006",570,69
"13744","48483","Wheeler County, Texas","B27001_007",483,77
"13745","48483","Wheeler County, Texas","B27001_008",87,46
"13746","48483","Wheeler County, Texas","B27001_009",106,53
"13747","48483","Wheeler County, Texas","B27001_010",55,37
"13748","48483","Wheeler County, Texas","B27001_011",51,45
"13749","48483","Wheeler County, Texas","B27001_012",203,63
"13750","48483","Wheeler County, Texas","B27001_013",162,50
"13751","48483","Wheeler County, Texas","B27001_014",41,40
"13752","48483","Wheeler County, Texas","B27001_015",325,50
"13753","48483","Wheeler County, Texas","B27001_016",198,60
"13754","48483","Wheeler County, Texas","B27001_017",127,53
"13755","48483","Wheeler County, Texas","B27001_018",330,51
"13756","48483","Wheeler County, Texas","B27001_019",183,61
"13757","48483","Wheeler County, Texas","B27001_020",147,59
"13758","48483","Wheeler County, Texas","B27001_021",308,39
"13759","48483","Wheeler County, Texas","B27001_022",247,41
"13760","48483","Wheeler County, Texas","B27001_023",61,49
"13761","48483","Wheeler County, Texas","B27001_024",256,6
"13762","48483","Wheeler County, Texas","B27001_025",256,6
"13763","48483","Wheeler County, Texas","B27001_026",0,15
"13764","48483","Wheeler County, Texas","B27001_027",192,30
"13765","48483","Wheeler County, Texas","B27001_028",192,30
"13766","48483","Wheeler County, Texas","B27001_029",0,15
"13767","48483","Wheeler County, Texas","B27001_030",2319,64
"13768","48483","Wheeler County, Texas","B27001_031",67,36
"13769","48483","Wheeler County, Texas","B27001_032",67,36
"13770","48483","Wheeler County, Texas","B27001_033",0,15
"13771","48483","Wheeler County, Texas","B27001_034",514,73
"13772","48483","Wheeler County, Texas","B27001_035",433,42
"13773","48483","Wheeler County, Texas","B27001_036",81,67
"13774","48483","Wheeler County, Texas","B27001_037",66,39
"13775","48483","Wheeler County, Texas","B27001_038",38,25
"13776","48483","Wheeler County, Texas","B27001_039",28,37
"13777","48483","Wheeler County, Texas","B27001_040",216,63
"13778","48483","Wheeler County, Texas","B27001_041",128,56
"13779","48483","Wheeler County, Texas","B27001_042",88,53
"13780","48483","Wheeler County, Texas","B27001_043",387,54
"13781","48483","Wheeler County, Texas","B27001_044",188,61
"13782","48483","Wheeler County, Texas","B27001_045",199,63
"13783","48483","Wheeler County, Texas","B27001_046",260,49
"13784","48483","Wheeler County, Texas","B27001_047",204,41
"13785","48483","Wheeler County, Texas","B27001_048",56,43
"13786","48483","Wheeler County, Texas","B27001_049",283,26
"13787","48483","Wheeler County, Texas","B27001_050",251,32
"13788","48483","Wheeler County, Texas","B27001_051",32,23
"13789","48483","Wheeler County, Texas","B27001_052",312,44
"13790","48483","Wheeler County, Texas","B27001_053",312,44
"13791","48483","Wheeler County, Texas","B27001_054",0,15
"13792","48483","Wheeler County, Texas","B27001_055",214,24
"13793","48483","Wheeler County, Texas","B27001_056",214,24
"13794","48483","Wheeler County, Texas","B27001_057",0,15
"13795","48485","Wichita County, Texas","B27001_001",118011,583
"13796","48485","Wichita County, Texas","B27001_002",57008,581
"13797","48485","Wichita County, Texas","B27001_003",4994,222
"13798","48485","Wichita County, Texas","B27001_004",4719,231
"13799","48485","Wichita County, Texas","B27001_005",275,141
"13800","48485","Wichita County, Texas","B27001_006",11172,407
"13801","48485","Wichita County, Texas","B27001_007",9811,488
"13802","48485","Wichita County, Texas","B27001_008",1361,357
"13803","48485","Wichita County, Texas","B27001_009",5789,456
"13804","48485","Wichita County, Texas","B27001_010",3874,397
"13805","48485","Wichita County, Texas","B27001_011",1915,379
"13806","48485","Wichita County, Texas","B27001_012",6879,434
"13807","48485","Wichita County, Texas","B27001_013",4613,479
"13808","48485","Wichita County, Texas","B27001_014",2266,400
"13809","48485","Wichita County, Texas","B27001_015",6747,231
"13810","48485","Wichita County, Texas","B27001_016",5133,377
"13811","48485","Wichita County, Texas","B27001_017",1614,299
"13812","48485","Wichita County, Texas","B27001_018",6209,181
"13813","48485","Wichita County, Texas","B27001_019",4866,334
"13814","48485","Wichita County, Texas","B27001_020",1343,274
"13815","48485","Wichita County, Texas","B27001_021",6735,189
"13816","48485","Wichita County, Texas","B27001_022",5808,253
"13817","48485","Wichita County, Texas","B27001_023",927,211
"13818","48485","Wichita County, Texas","B27001_024",5492,109
"13819","48485","Wichita County, Texas","B27001_025",5387,128
"13820","48485","Wichita County, Texas","B27001_026",105,68
"13821","48485","Wichita County, Texas","B27001_027",2991,91
"13822","48485","Wichita County, Texas","B27001_028",2983,92
"13823","48485","Wichita County, Texas","B27001_029",8,12
"13824","48485","Wichita County, Texas","B27001_030",61003,279
"13825","48485","Wichita County, Texas","B27001_031",4438,170
"13826","48485","Wichita County, Texas","B27001_032",4125,228
"13827","48485","Wichita County, Texas","B27001_033",313,161
"13828","48485","Wichita County, Texas","B27001_034",10752,275
"13829","48485","Wichita County, Texas","B27001_035",9597,338
"13830","48485","Wichita County, Texas","B27001_036",1155,323
"13831","48485","Wichita County, Texas","B27001_037",6322,328
"13832","48485","Wichita County, Texas","B27001_038",4566,329
"13833","48485","Wichita County, Texas","B27001_039",1756,305
"13834","48485","Wichita County, Texas","B27001_040",7257,243
"13835","48485","Wichita County, Texas","B27001_041",5652,304
"13836","48485","Wichita County, Texas","B27001_042",1605,328
"13837","48485","Wichita County, Texas","B27001_043",7674,125
"13838","48485","Wichita County, Texas","B27001_044",6191,296
"13839","48485","Wichita County, Texas","B27001_045",1483,288
"13840","48485","Wichita County, Texas","B27001_046",6432,119
"13841","48485","Wichita County, Texas","B27001_047",5183,282
"13842","48485","Wichita County, Texas","B27001_048",1249,263
"13843","48485","Wichita County, Texas","B27001_049",7545,59
"13844","48485","Wichita County, Texas","B27001_050",6687,253
"13845","48485","Wichita County, Texas","B27001_051",858,247
"13846","48485","Wichita County, Texas","B27001_052",6045,106
"13847","48485","Wichita County, Texas","B27001_053",6003,112
"13848","48485","Wichita County, Texas","B27001_054",42,38
"13849","48485","Wichita County, Texas","B27001_055",4538,120
"13850","48485","Wichita County, Texas","B27001_056",4433,136
"13851","48485","Wichita County, Texas","B27001_057",105,78
"13852","48487","Wilbarger County, Texas","B27001_001",12292,19
"13853","48487","Wilbarger County, Texas","B27001_002",5976,257
"13854","48487","Wilbarger County, Texas","B27001_003",461,147
"13855","48487","Wilbarger County, Texas","B27001_004",415,135
"13856","48487","Wilbarger County, Texas","B27001_005",46,59
"13857","48487","Wilbarger County, Texas","B27001_006",990,193
"13858","48487","Wilbarger County, Texas","B27001_007",990,193
"13859","48487","Wilbarger County, Texas","B27001_008",0,23
"13860","48487","Wilbarger County, Texas","B27001_009",477,149
"13861","48487","Wilbarger County, Texas","B27001_010",358,132
"13862","48487","Wilbarger County, Texas","B27001_011",119,79
"13863","48487","Wilbarger County, Texas","B27001_012",898,139
"13864","48487","Wilbarger County, Texas","B27001_013",723,156
"13865","48487","Wilbarger County, Texas","B27001_014",175,82
"13866","48487","Wilbarger County, Texas","B27001_015",727,130
"13867","48487","Wilbarger County, Texas","B27001_016",666,132
"13868","48487","Wilbarger County, Texas","B27001_017",61,64
"13869","48487","Wilbarger County, Texas","B27001_018",736,156
"13870","48487","Wilbarger County, Texas","B27001_019",430,101
"13871","48487","Wilbarger County, Texas","B27001_020",306,193
"13872","48487","Wilbarger County, Texas","B27001_021",629,66
"13873","48487","Wilbarger County, Texas","B27001_022",596,72
"13874","48487","Wilbarger County, Texas","B27001_023",33,39
"13875","48487","Wilbarger County, Texas","B27001_024",737,91
"13876","48487","Wilbarger County, Texas","B27001_025",737,91
"13877","48487","Wilbarger County, Texas","B27001_026",0,23
"13878","48487","Wilbarger County, Texas","B27001_027",321,74
"13879","48487","Wilbarger County, Texas","B27001_028",321,74
"13880","48487","Wilbarger County, Texas","B27001_029",0,23
"13881","48487","Wilbarger County, Texas","B27001_030",6316,259
"13882","48487","Wilbarger County, Texas","B27001_031",576,144
"13883","48487","Wilbarger County, Texas","B27001_032",576,144
"13884","48487","Wilbarger County, Texas","B27001_033",0,23
"13885","48487","Wilbarger County, Texas","B27001_034",953,221
"13886","48487","Wilbarger County, Texas","B27001_035",904,231
"13887","48487","Wilbarger County, Texas","B27001_036",49,52
"13888","48487","Wilbarger County, Texas","B27001_037",464,110
"13889","48487","Wilbarger County, Texas","B27001_038",441,117
"13890","48487","Wilbarger County, Texas","B27001_039",23,30
"13891","48487","Wilbarger County, Texas","B27001_040",547,174
"13892","48487","Wilbarger County, Texas","B27001_041",427,149
"13893","48487","Wilbarger County, Texas","B27001_042",120,85
"13894","48487","Wilbarger County, Texas","B27001_043",1032,156
"13895","48487","Wilbarger County, Texas","B27001_044",983,165
"13896","48487","Wilbarger County, Texas","B27001_045",49,63
"13897","48487","Wilbarger County, Texas","B27001_046",630,137
"13898","48487","Wilbarger County, Texas","B27001_047",563,123
"13899","48487","Wilbarger County, Texas","B27001_048",67,57
"13900","48487","Wilbarger County, Texas","B27001_049",860,91
"13901","48487","Wilbarger County, Texas","B27001_050",811,107
"13902","48487","Wilbarger County, Texas","B27001_051",49,40
"13903","48487","Wilbarger County, Texas","B27001_052",766,124
"13904","48487","Wilbarger County, Texas","B27001_053",766,124
"13905","48487","Wilbarger County, Texas","B27001_054",0,23
"13906","48487","Wilbarger County, Texas","B27001_055",488,64
"13907","48487","Wilbarger County, Texas","B27001_056",488,64
"13908","48487","Wilbarger County, Texas","B27001_057",0,23
"13909","48489","Willacy County, Texas","B27001_001",18518,86
"13910","48489","Willacy County, Texas","B27001_002",9554,270
"13911","48489","Willacy County, Texas","B27001_003",734,109
"13912","48489","Willacy County, Texas","B27001_004",623,119
"13913","48489","Willacy County, Texas","B27001_005",111,92
"13914","48489","Willacy County, Texas","B27001_006",1810,147
"13915","48489","Willacy County, Texas","B27001_007",1677,169
"13916","48489","Willacy County, Texas","B27001_008",133,106
"13917","48489","Willacy County, Texas","B27001_009",1243,274
"13918","48489","Willacy County, Texas","B27001_010",640,227
"13919","48489","Willacy County, Texas","B27001_011",603,229
"13920","48489","Willacy County, Texas","B27001_012",1260,219
"13921","48489","Willacy County, Texas","B27001_013",737,262
"13922","48489","Willacy County, Texas","B27001_014",523,228
"13923","48489","Willacy County, Texas","B27001_015",1302,129
"13924","48489","Willacy County, Texas","B27001_016",805,173
"13925","48489","Willacy County, Texas","B27001_017",497,174
"13926","48489","Willacy County, Texas","B27001_018",1156,180
"13927","48489","Willacy County, Texas","B27001_019",681,160
"13928","48489","Willacy County, Texas","B27001_020",475,201
"13929","48489","Willacy County, Texas","B27001_021",769,134
"13930","48489","Willacy County, Texas","B27001_022",608,127
"13931","48489","Willacy County, Texas","B27001_023",161,94
"13932","48489","Willacy County, Texas","B27001_024",764,77
"13933","48489","Willacy County, Texas","B27001_025",735,87
"13934","48489","Willacy County, Texas","B27001_026",29,34
"13935","48489","Willacy County, Texas","B27001_027",516,65
"13936","48489","Willacy County, Texas","B27001_028",516,65
"13937","48489","Willacy County, Texas","B27001_029",0,28
"13938","48489","Willacy County, Texas","B27001_030",8964,261
"13939","48489","Willacy County, Texas","B27001_031",583,32
"13940","48489","Willacy County, Texas","B27001_032",511,78
"13941","48489","Willacy County, Texas","B27001_033",72,69
"13942","48489","Willacy County, Texas","B27001_034",2096,112
"13943","48489","Willacy County, Texas","B27001_035",1758,130
"13944","48489","Willacy County, Texas","B27001_036",338,155
"13945","48489","Willacy County, Texas","B27001_037",768,96
"13946","48489","Willacy County, Texas","B27001_038",549,151
"13947","48489","Willacy County, Texas","B27001_039",219,108
"13948","48489","Willacy County, Texas","B27001_040",947,193
"13949","48489","Willacy County, Texas","B27001_041",626,236
"13950","48489","Willacy County, Texas","B27001_042",321,151
"13951","48489","Willacy County, Texas","B27001_043",1070,96
"13952","48489","Willacy County, Texas","B27001_044",771,128
"13953","48489","Willacy County, Texas","B27001_045",299,117
"13954","48489","Willacy County, Texas","B27001_046",959,60
"13955","48489","Willacy County, Texas","B27001_047",587,158
"13956","48489","Willacy County, Texas","B27001_048",372,140
"13957","48489","Willacy County, Texas","B27001_049",982,28
"13958","48489","Willacy County, Texas","B27001_050",765,91
"13959","48489","Willacy County, Texas","B27001_051",217,91
"13960","48489","Willacy County, Texas","B27001_052",931,51
"13961","48489","Willacy County, Texas","B27001_053",874,62
"13962","48489","Willacy County, Texas","B27001_054",57,38
"13963","48489","Willacy County, Texas","B27001_055",628,44
"13964","48489","Willacy County, Texas","B27001_056",628,44
"13965","48489","Willacy County, Texas","B27001_057",0,28
"13966","48491","Williamson County, Texas","B27001_001",668630,359
"13967","48491","Williamson County, Texas","B27001_002",332918,441
"13968","48491","Williamson County, Texas","B27001_003",24930,536
"13969","48491","Williamson County, Texas","B27001_004",23591,587
"13970","48491","Williamson County, Texas","B27001_005",1339,315
"13971","48491","Williamson County, Texas","B27001_006",62269,616
"13972","48491","Williamson County, Texas","B27001_007",57977,847
"13973","48491","Williamson County, Texas","B27001_008",4292,638
"13974","48491","Williamson County, Texas","B27001_009",26391,642
"13975","48491","Williamson County, Texas","B27001_010",21077,854
"13976","48491","Williamson County, Texas","B27001_011",5314,553
"13977","48491","Williamson County, Texas","B27001_012",43922,650
"13978","48491","Williamson County, Texas","B27001_013",36108,1033
"13979","48491","Williamson County, Texas","B27001_014",7814,884
"13980","48491","Williamson County, Texas","B27001_015",57628,189
"13981","48491","Williamson County, Texas","B27001_016",50654,897
"13982","48491","Williamson County, Texas","B27001_017",6974,883
"13983","48491","Williamson County, Texas","B27001_018",46091,210
"13984","48491","Williamson County, Texas","B27001_019",41246,574
"13985","48491","Williamson County, Texas","B27001_020",4845,586
"13986","48491","Williamson County, Texas","B27001_021",33505,86
"13987","48491","Williamson County, Texas","B27001_022",29820,589
"13988","48491","Williamson County, Texas","B27001_023",3685,595
"13989","48491","Williamson County, Texas","B27001_024",23437,86
"13990","48491","Williamson County, Texas","B27001_025",23149,161
"13991","48491","Williamson County, Texas","B27001_026",288,137
"13992","48491","Williamson County, Texas","B27001_027",14745,85
"13993","48491","Williamson County, Texas","B27001_028",14662,119
"13994","48491","Williamson County, Texas","B27001_029",83,78
"13995","48491","Williamson County, Texas","B27001_030",335712,398
"13996","48491","Williamson County, Texas","B27001_031",23420,482
"13997","48491","Williamson County, Texas","B27001_032",22230,572
"13998","48491","Williamson County, Texas","B27001_033",1190,345
"13999","48491","Williamson County, Texas","B27001_034",59246,611
"14000","48491","Williamson County, Texas","B27001_035",54674,903
"14001","48491","Williamson County, Texas","B27001_036",4572,760
"14002","48491","Williamson County, Texas","B27001_037",26047,693
"14003","48491","Williamson County, Texas","B27001_038",21284,933
"14004","48491","Williamson County, Texas","B27001_039",4763,697
"14005","48491","Williamson County, Texas","B27001_040",44350,610
"14006","48491","Williamson County, Texas","B27001_041",38093,820
"14007","48491","Williamson County, Texas","B27001_042",6257,682
"14008","48491","Williamson County, Texas","B27001_043",56012,108
"14009","48491","Williamson County, Texas","B27001_044",50438,796
"14010","48491","Williamson County, Texas","B27001_045",5574,790
"14011","48491","Williamson County, Texas","B27001_046",44232,159
"14012","48491","Williamson County, Texas","B27001_047",39870,608
"14013","48491","Williamson County, Texas","B27001_048",4362,573
"14014","48491","Williamson County, Texas","B27001_049",35090,107
"14015","48491","Williamson County, Texas","B27001_050",31213,533
"14016","48491","Williamson County, Texas","B27001_051",3877,528
"14017","48491","Williamson County, Texas","B27001_052",28288,120
"14018","48491","Williamson County, Texas","B27001_053",27938,197
"14019","48491","Williamson County, Texas","B27001_054",350,153
"14020","48491","Williamson County, Texas","B27001_055",19027,142
"14021","48491","Williamson County, Texas","B27001_056",18842,151
"14022","48491","Williamson County, Texas","B27001_057",185,90
"14023","48493","Wilson County, Texas","B27001_001",52144,112
"14024","48493","Wilson County, Texas","B27001_002",26081,183
"14025","48493","Wilson County, Texas","B27001_003",1854,156
"14026","48493","Wilson County, Texas","B27001_004",1799,162
"14027","48493","Wilson County, Texas","B27001_005",55,54
"14028","48493","Wilson County, Texas","B27001_006",4819,194
"14029","48493","Wilson County, Texas","B27001_007",4533,230
"14030","48493","Wilson County, Texas","B27001_008",286,134
"14031","48493","Wilson County, Texas","B27001_009",2038,149
"14032","48493","Wilson County, Texas","B27001_010",1604,230
"14033","48493","Wilson County, Texas","B27001_011",434,168
"14034","48493","Wilson County, Texas","B27001_012",2573,135
"14035","48493","Wilson County, Texas","B27001_013",1932,223
"14036","48493","Wilson County, Texas","B27001_014",641,180
"14037","48493","Wilson County, Texas","B27001_015",3545,98
"14038","48493","Wilson County, Texas","B27001_016",2901,233
"14039","48493","Wilson County, Texas","B27001_017",644,240
"14040","48493","Wilson County, Texas","B27001_018",3549,97
"14041","48493","Wilson County, Texas","B27001_019",3068,225
"14042","48493","Wilson County, Texas","B27001_020",481,203
"14043","48493","Wilson County, Texas","B27001_021",3602,55
"14044","48493","Wilson County, Texas","B27001_022",3196,163
"14045","48493","Wilson County, Texas","B27001_023",406,150
"14046","48493","Wilson County, Texas","B27001_024",2684,96
"14047","48493","Wilson County, Texas","B27001_025",2679,96
"14048","48493","Wilson County, Texas","B27001_026",5,8
"14049","48493","Wilson County, Texas","B27001_027",1417,79
"14050","48493","Wilson County, Texas","B27001_028",1417,79
"14051","48493","Wilson County, Texas","B27001_029",0,35
"14052","48493","Wilson County, Texas","B27001_030",26063,134
"14053","48493","Wilson County, Texas","B27001_031",1645,129
"14054","48493","Wilson County, Texas","B27001_032",1606,120
"14055","48493","Wilson County, Texas","B27001_033",39,51
"14056","48493","Wilson County, Texas","B27001_034",4882,191
"14057","48493","Wilson County, Texas","B27001_035",4405,259
"14058","48493","Wilson County, Texas","B27001_036",477,186
"14059","48493","Wilson County, Texas","B27001_037",1665,124
"14060","48493","Wilson County, Texas","B27001_038",1271,208
"14061","48493","Wilson County, Texas","B27001_039",394,169
"14062","48493","Wilson County, Texas","B27001_040",2638,111
"14063","48493","Wilson County, Texas","B27001_041",2301,165
"14064","48493","Wilson County, Texas","B27001_042",337,129
"14065","48493","Wilson County, Texas","B27001_043",3623,103
"14066","48493","Wilson County, Texas","B27001_044",3270,190
"14067","48493","Wilson County, Texas","B27001_045",353,171
"14068","48493","Wilson County, Texas","B27001_046",3444,55
"14069","48493","Wilson County, Texas","B27001_047",2904,158
"14070","48493","Wilson County, Texas","B27001_048",540,155
"14071","48493","Wilson County, Texas","B27001_049",3602,72
"14072","48493","Wilson County, Texas","B27001_050",2995,196
"14073","48493","Wilson County, Texas","B27001_051",607,183
"14074","48493","Wilson County, Texas","B27001_052",2828,58
"14075","48493","Wilson County, Texas","B27001_053",2803,57
"14076","48493","Wilson County, Texas","B27001_054",25,24
"14077","48493","Wilson County, Texas","B27001_055",1736,69
"14078","48493","Wilson County, Texas","B27001_056",1736,69
"14079","48493","Wilson County, Texas","B27001_057",0,35
"14080","48495","Winkler County, Texas","B27001_001",7373,6
"14081","48495","Winkler County, Texas","B27001_002",3860,111
"14082","48495","Winkler County, Texas","B27001_003",317,27
"14083","48495","Winkler County, Texas","B27001_004",279,59
"14084","48495","Winkler County, Texas","B27001_005",38,56
"14085","48495","Winkler County, Texas","B27001_006",940,119
"14086","48495","Winkler County, Texas","B27001_007",790,161
"14087","48495","Winkler County, Texas","B27001_008",150,89
"14088","48495","Winkler County, Texas","B27001_009",259,91
"14089","48495","Winkler County, Texas","B27001_010",152,87
"14090","48495","Winkler County, Texas","B27001_011",107,68
"14091","48495","Winkler County, Texas","B27001_012",533,149
"14092","48495","Winkler County, Texas","B27001_013",519,150
"14093","48495","Winkler County, Texas","B27001_014",14,18
"14094","48495","Winkler County, Texas","B27001_015",631,139
"14095","48495","Winkler County, Texas","B27001_016",376,159
"14096","48495","Winkler County, Texas","B27001_017",255,164
"14097","48495","Winkler County, Texas","B27001_018",283,79
"14098","48495","Winkler County, Texas","B27001_019",249,71
"14099","48495","Winkler County, Texas","B27001_020",34,37
"14100","48495","Winkler County, Texas","B27001_021",467,13
"14101","48495","Winkler County, Texas","B27001_022",404,57
"14102","48495","Winkler County, Texas","B27001_023",63,56
"14103","48495","Winkler County, Texas","B27001_024",275,52
"14104","48495","Winkler County, Texas","B27001_025",275,52
"14105","48495","Winkler County, Texas","B27001_026",0,21
"14106","48495","Winkler County, Texas","B27001_027",155,52
"14107","48495","Winkler County, Texas","B27001_028",117,30
"14108","48495","Winkler County, Texas","B27001_029",38,50
"14109","48495","Winkler County, Texas","B27001_030",3513,113
"14110","48495","Winkler County, Texas","B27001_031",402,96
"14111","48495","Winkler County, Texas","B27001_032",325,82
"14112","48495","Winkler County, Texas","B27001_033",77,71
"14113","48495","Winkler County, Texas","B27001_034",663,151
"14114","48495","Winkler County, Texas","B27001_035",502,136
"14115","48495","Winkler County, Texas","B27001_036",161,137
"14116","48495","Winkler County, Texas","B27001_037",222,102
"14117","48495","Winkler County, Texas","B27001_038",173,101
"14118","48495","Winkler County, Texas","B27001_039",49,60
"14119","48495","Winkler County, Texas","B27001_040",321,80
"14120","48495","Winkler County, Texas","B27001_041",233,82
"14121","48495","Winkler County, Texas","B27001_042",88,42
"14122","48495","Winkler County, Texas","B27001_043",577,93
"14123","48495","Winkler County, Texas","B27001_044",377,103
"14124","48495","Winkler County, Texas","B27001_045",200,96
"14125","48495","Winkler County, Texas","B27001_046",430,61
"14126","48495","Winkler County, Texas","B27001_047",378,72
"14127","48495","Winkler County, Texas","B27001_048",52,49
"14128","48495","Winkler County, Texas","B27001_049",395,26
"14129","48495","Winkler County, Texas","B27001_050",344,43
"14130","48495","Winkler County, Texas","B27001_051",51,35
"14131","48495","Winkler County, Texas","B27001_052",324,57
"14132","48495","Winkler County, Texas","B27001_053",302,56
"14133","48495","Winkler County, Texas","B27001_054",22,32
"14134","48495","Winkler County, Texas","B27001_055",179,50
"14135","48495","Winkler County, Texas","B27001_056",179,50
"14136","48495","Winkler County, Texas","B27001_057",0,21
"14137","48497","Wise County, Texas","B27001_001",73891,41
"14138","48497","Wise County, Texas","B27001_002",36946,94
"14139","48497","Wise County, Texas","B27001_003",2687,147
"14140","48497","Wise County, Texas","B27001_004",2389,224
"14141","48497","Wise County, Texas","B27001_005",298,149
"14142","48497","Wise County, Texas","B27001_006",7300,201
"14143","48497","Wise County, Texas","B27001_007",6313,275
"14144","48497","Wise County, Texas","B27001_008",987,244
"14145","48497","Wise County, Texas","B27001_009",3120,210
"14146","48497","Wise County, Texas","B27001_010",2404,270
"14147","48497","Wise County, Texas","B27001_011",716,218
"14148","48497","Wise County, Texas","B27001_012",3738,220
"14149","48497","Wise County, Texas","B27001_013",2618,272
"14150","48497","Wise County, Texas","B27001_014",1120,262
"14151","48497","Wise County, Texas","B27001_015",4927,75
"14152","48497","Wise County, Texas","B27001_016",3794,262
"14153","48497","Wise County, Texas","B27001_017",1133,261
"14154","48497","Wise County, Texas","B27001_018",4588,103
"14155","48497","Wise County, Texas","B27001_019",3764,202
"14156","48497","Wise County, Texas","B27001_020",824,175
"14157","48497","Wise County, Texas","B27001_021",5121,77
"14158","48497","Wise County, Texas","B27001_022",4331,193
"14159","48497","Wise County, Texas","B27001_023",790,186
"14160","48497","Wise County, Texas","B27001_024",3491,110
"14161","48497","Wise County, Texas","B27001_025",3470,111
"14162","48497","Wise County, Texas","B27001_026",21,23
"14163","48497","Wise County, Texas","B27001_027",1974,110
"14164","48497","Wise County, Texas","B27001_028",1974,110
"14165","48497","Wise County, Texas","B27001_029",0,35
"14166","48497","Wise County, Texas","B27001_030",36945,91
"14167","48497","Wise County, Texas","B27001_031",2803,229
"14168","48497","Wise County, Texas","B27001_032",2432,253
"14169","48497","Wise County, Texas","B27001_033",371,149
"14170","48497","Wise County, Texas","B27001_034",6456,267
"14171","48497","Wise County, Texas","B27001_035",5984,297
"14172","48497","Wise County, Texas","B27001_036",472,182
"14173","48497","Wise County, Texas","B27001_037",2802,226
"14174","48497","Wise County, Texas","B27001_038",2057,246
"14175","48497","Wise County, Texas","B27001_039",745,175
"14176","48497","Wise County, Texas","B27001_040",3996,205
"14177","48497","Wise County, Texas","B27001_041",2874,209
"14178","48497","Wise County, Texas","B27001_042",1122,181
"14179","48497","Wise County, Texas","B27001_043",5004,81
"14180","48497","Wise County, Texas","B27001_044",4258,146
"14181","48497","Wise County, Texas","B27001_045",746,136
"14182","48497","Wise County, Texas","B27001_046",4755,82
"14183","48497","Wise County, Texas","B27001_047",3747,199
"14184","48497","Wise County, Texas","B27001_048",1008,194
"14185","48497","Wise County, Texas","B27001_049",5165,46
"14186","48497","Wise County, Texas","B27001_050",4494,180
"14187","48497","Wise County, Texas","B27001_051",671,186
"14188","48497","Wise County, Texas","B27001_052",3699,86
"14189","48497","Wise County, Texas","B27001_053",3688,88
"14190","48497","Wise County, Texas","B27001_054",11,15
"14191","48497","Wise County, Texas","B27001_055",2265,94
"14192","48497","Wise County, Texas","B27001_056",2265,94
"14193","48497","Wise County, Texas","B27001_057",0,35
"14194","48499","Wood County, Texas","B27001_001",45740,38
"14195","48499","Wood County, Texas","B27001_002",22527,116
"14196","48499","Wood County, Texas","B27001_003",1397,167
"14197","48499","Wood County, Texas","B27001_004",1149,151
"14198","48499","Wood County, Texas","B27001_005",248,106
"14199","48499","Wood County, Texas","B27001_006",3339,192
"14200","48499","Wood County, Texas","B27001_007",2844,232
"14201","48499","Wood County, Texas","B27001_008",495,170
"14202","48499","Wood County, Texas","B27001_009",1935,157
"14203","48499","Wood County, Texas","B27001_010",1189,193
"14204","48499","Wood County, Texas","B27001_011",746,189
"14205","48499","Wood County, Texas","B27001_012",1861,241
"14206","48499","Wood County, Texas","B27001_013",1004,244
"14207","48499","Wood County, Texas","B27001_014",857,260
"14208","48499","Wood County, Texas","B27001_015",2123,161
"14209","48499","Wood County, Texas","B27001_016",1631,209
"14210","48499","Wood County, Texas","B27001_017",492,182
"14211","48499","Wood County, Texas","B27001_018",2512,175
"14212","48499","Wood County, Texas","B27001_019",1920,219
"14213","48499","Wood County, Texas","B27001_020",592,167
"14214","48499","Wood County, Texas","B27001_021",3307,91
"14215","48499","Wood County, Texas","B27001_022",2654,173
"14216","48499","Wood County, Texas","B27001_023",653,153
"14217","48499","Wood County, Texas","B27001_024",3653,112
"14218","48499","Wood County, Texas","B27001_025",3617,122
"14219","48499","Wood County, Texas","B27001_026",36,46
"14220","48499","Wood County, Texas","B27001_027",2400,103
"14221","48499","Wood County, Texas","B27001_028",2400,103
"14222","48499","Wood County, Texas","B27001_029",0,31
"14223","48499","Wood County, Texas","B27001_030",23213,112
"14224","48499","Wood County, Texas","B27001_031",1184,137
"14225","48499","Wood County, Texas","B27001_032",1022,152
"14226","48499","Wood County, Texas","B27001_033",162,84
"14227","48499","Wood County, Texas","B27001_034",3470,190
"14228","48499","Wood County, Texas","B27001_035",2898,270
"14229","48499","Wood County, Texas","B27001_036",572,230
"14230","48499","Wood County, Texas","B27001_037",1552,154
"14231","48499","Wood County, Texas","B27001_038",1153,194
"14232","48499","Wood County, Texas","B27001_039",399,144
"14233","48499","Wood County, Texas","B27001_040",1876,139
"14234","48499","Wood County, Texas","B27001_041",1194,210
"14235","48499","Wood County, Texas","B27001_042",682,188
"14236","48499","Wood County, Texas","B27001_043",2353,169
"14237","48499","Wood County, Texas","B27001_044",1841,161
"14238","48499","Wood County, Texas","B27001_045",512,160
"14239","48499","Wood County, Texas","B27001_046",2485,147
"14240","48499","Wood County, Texas","B27001_047",1917,220
"14241","48499","Wood County, Texas","B27001_048",568,214
"14242","48499","Wood County, Texas","B27001_049",3659,51
"14243","48499","Wood County, Texas","B27001_050",2855,268
"14244","48499","Wood County, Texas","B27001_051",804,254
"14245","48499","Wood County, Texas","B27001_052",3749,90
"14246","48499","Wood County, Texas","B27001_053",3749,90
"14247","48499","Wood County, Texas","B27001_054",0,31
"14248","48499","Wood County, Texas","B27001_055",2885,102
"14249","48499","Wood County, Texas","B27001_056",2885,102
"14250","48499","Wood County, Texas","B27001_057",0,31
"14251","48501","Yoakum County, Texas","B27001_001",7497,4
"14252","48501","Yoakum County, Texas","B27001_002",3996,225
"14253","48501","Yoakum County, Texas","B27001_003",644,208
"14254","48501","Yoakum County, Texas","B27001_004",501,208
"14255","48501","Yoakum County, Texas","B27001_005",143,172
"14256","48501","Yoakum County, Texas","B27001_006",856,175
"14257","48501","Yoakum County, Texas","B27001_007",662,160
"14258","48501","Yoakum County, Texas","B27001_008",194,159
"14259","48501","Yoakum County, Texas","B27001_009",382,116
"14260","48501","Yoakum County, Texas","B27001_010",345,118
"14261","48501","Yoakum County, Texas","B27001_011",37,60
"14262","48501","Yoakum County, Texas","B27001_012",399,192
"14263","48501","Yoakum County, Texas","B27001_013",204,145
"14264","48501","Yoakum County, Texas","B27001_014",195,166
"14265","48501","Yoakum County, Texas","B27001_015",311,190
"14266","48501","Yoakum County, Texas","B27001_016",162,123
"14267","48501","Yoakum County, Texas","B27001_017",149,139
"14268","48501","Yoakum County, Texas","B27001_018",522,182
"14269","48501","Yoakum County, Texas","B27001_019",494,193
"14270","48501","Yoakum County, Texas","B27001_020",28,32
"14271","48501","Yoakum County, Texas","B27001_021",445,64
"14272","48501","Yoakum County, Texas","B27001_022",315,98
"14273","48501","Yoakum County, Texas","B27001_023",130,82
"14274","48501","Yoakum County, Texas","B27001_024",251,90
"14275","48501","Yoakum County, Texas","B27001_025",213,84
"14276","48501","Yoakum County, Texas","B27001_026",38,50
"14277","48501","Yoakum County, Texas","B27001_027",186,90
"14278","48501","Yoakum County, Texas","B27001_028",186,90
"14279","48501","Yoakum County, Texas","B27001_029",0,21
"14280","48501","Yoakum County, Texas","B27001_030",3501,226
"14281","48501","Yoakum County, Texas","B27001_031",284,136
"14282","48501","Yoakum County, Texas","B27001_032",191,157
"14283","48501","Yoakum County, Texas","B27001_033",93,74
"14284","48501","Yoakum County, Texas","B27001_034",820,151
"14285","48501","Yoakum County, Texas","B27001_035",562,160
"14286","48501","Yoakum County, Texas","B27001_036",258,152
"14287","48501","Yoakum County, Texas","B27001_037",418,166
"14288","48501","Yoakum County, Texas","B27001_038",321,203
"14289","48501","Yoakum County, Texas","B27001_039",97,91
"14290","48501","Yoakum County, Texas","B27001_040",324,190
"14291","48501","Yoakum County, Texas","B27001_041",253,197
"14292","48501","Yoakum County, Texas","B27001_042",71,54
"14293","48501","Yoakum County, Texas","B27001_043",302,113
"14294","48501","Yoakum County, Texas","B27001_044",210,123
"14295","48501","Yoakum County, Texas","B27001_045",92,50
"14296","48501","Yoakum County, Texas","B27001_046",545,126
"14297","48501","Yoakum County, Texas","B27001_047",491,129
"14298","48501","Yoakum County, Texas","B27001_048",54,31
"14299","48501","Yoakum County, Texas","B27001_049",325,86
"14300","48501","Yoakum County, Texas","B27001_050",228,92
"14301","48501","Yoakum County, Texas","B27001_051",97,75
"14302","48501","Yoakum County, Texas","B27001_052",268,123
"14303","48501","Yoakum County, Texas","B27001_053",255,125
"14304","48501","Yoakum County, Texas","B27001_054",13,26
"14305","48501","Yoakum County, Texas","B27001_055",215,87
"14306","48501","Yoakum County, Texas","B27001_056",215,87
"14307","48501","Yoakum County, Texas","B27001_057",0,21
"14308","48503","Young County, Texas","B27001_001",17781,5
"14309","48503","Young County, Texas","B27001_002",9286,180
"14310","48503","Young County, Texas","B27001_003",600,108
"14311","48503","Young County, Texas","B27001_004",498,109
"14312","48503","Young County, Texas","B27001_005",102,61
"14313","48503","Young County, Texas","B27001_006",1994,261
"14314","48503","Young County, Texas","B27001_007",1777,260
"14315","48503","Young County, Texas","B27001_008",217,117
"14316","48503","Young County, Texas","B27001_009",571,105
"14317","48503","Young County, Texas","B27001_010",473,120
"14318","48503","Young County, Texas","B27001_011",98,92
"14319","48503","Young County, Texas","B27001_012",987,170
"14320","48503","Young County, Texas","B27001_013",583,159
"14321","48503","Young County, Texas","B27001_014",404,157
"14322","48503","Young County, Texas","B27001_015",1067,124
"14323","48503","Young County, Texas","B27001_016",551,189
"14324","48503","Young County, Texas","B27001_017",516,175
"14325","48503","Young County, Texas","B27001_018",1086,136
"14326","48503","Young County, Texas","B27001_019",816,73
"14327","48503","Young County, Texas","B27001_020",270,139
"14328","48503","Young County, Texas","B27001_021",1215,103
"14329","48503","Young County, Texas","B27001_022",971,110
"14330","48503","Young County, Texas","B27001_023",244,114
"14331","48503","Young County, Texas","B27001_024",1146,129
"14332","48503","Young County, Texas","B27001_025",1146,129
"14333","48503","Young County, Texas","B27001_026",0,23
"14334","48503","Young County, Texas","B27001_027",620,96
"14335","48503","Young County, Texas","B27001_028",620,96
"14336","48503","Young County, Texas","B27001_029",0,23
"14337","48503","Young County, Texas","B27001_030",8495,181
"14338","48503","Young County, Texas","B27001_031",465,65
"14339","48503","Young County, Texas","B27001_032",389,78
"14340","48503","Young County, Texas","B27001_033",76,57
"14341","48503","Young County, Texas","B27001_034",1337,156
"14342","48503","Young County, Texas","B27001_035",1105,144
"14343","48503","Young County, Texas","B27001_036",232,114
"14344","48503","Young County, Texas","B27001_037",678,93
"14345","48503","Young County, Texas","B27001_038",430,116
"14346","48503","Young County, Texas","B27001_039",248,105
"14347","48503","Young County, Texas","B27001_040",885,141
"14348","48503","Young County, Texas","B27001_041",699,112
"14349","48503","Young County, Texas","B27001_042",186,122
"14350","48503","Young County, Texas","B27001_043",1013,97
"14351","48503","Young County, Texas","B27001_044",747,105
"14352","48503","Young County, Texas","B27001_045",266,132
"14353","48503","Young County, Texas","B27001_046",1155,97
"14354","48503","Young County, Texas","B27001_047",890,135
"14355","48503","Young County, Texas","B27001_048",265,121
"14356","48503","Young County, Texas","B27001_049",1078,64
"14357","48503","Young County, Texas","B27001_050",913,106
"14358","48503","Young County, Texas","B27001_051",165,88
"14359","48503","Young County, Texas","B27001_052",1162,53
"14360","48503","Young County, Texas","B27001_053",1137,62
"14361","48503","Young County, Texas","B27001_054",25,37
"14362","48503","Young County, Texas","B27001_055",722,51
"14363","48503","Young County, Texas","B27001_056",722,51
"14364","48503","Young County, Texas","B27001_057",0,23
"14365","48505","Zapata County, Texas","B27001_001",13595,29
"14366","48505","Zapata County, Texas","B27001_002",6623,75
"14367","48505","Zapata County, Texas","B27001_003",608,91
"14368","48505","Zapata County, Texas","B27001_004",608,91
"14369","48505","Zapata County, Texas","B27001_005",0,23
"14370","48505","Zapata County, Texas","B27001_006",1789,104
"14371","48505","Zapata County, Texas","B27001_007",1610,122
"14372","48505","Zapata County, Texas","B27001_008",179,107
"14373","48505","Zapata County, Texas","B27001_009",685,175
"14374","48505","Zapata County, Texas","B27001_010",96,78
"14375","48505","Zapata County, Texas","B27001_011",589,173
"14376","48505","Zapata County, Texas","B27001_012",744,159
"14377","48505","Zapata County, Texas","B27001_013",294,152
"14378","48505","Zapata County, Texas","B27001_014",450,162
"14379","48505","Zapata County, Texas","B27001_015",738,53
"14380","48505","Zapata County, Texas","B27001_016",390,112
"14381","48505","Zapata County, Texas","B27001_017",348,106
"14382","48505","Zapata County, Texas","B27001_018",654,24
"14383","48505","Zapata County, Texas","B27001_019",407,105
"14384","48505","Zapata County, Texas","B27001_020",247,106
"14385","48505","Zapata County, Texas","B27001_021",550,29
"14386","48505","Zapata County, Texas","B27001_022",341,95
"14387","48505","Zapata County, Texas","B27001_023",209,91
"14388","48505","Zapata County, Texas","B27001_024",456,45
"14389","48505","Zapata County, Texas","B27001_025",449,43
"14390","48505","Zapata County, Texas","B27001_026",7,10
"14391","48505","Zapata County, Texas","B27001_027",399,40
"14392","48505","Zapata County, Texas","B27001_028",399,40
"14393","48505","Zapata County, Texas","B27001_029",0,23
"14394","48505","Zapata County, Texas","B27001_030",6972,67
"14395","48505","Zapata County, Texas","B27001_031",691,115
"14396","48505","Zapata County, Texas","B27001_032",546,137
"14397","48505","Zapata County, Texas","B27001_033",145,97
"14398","48505","Zapata County, Texas","B27001_034",1486,118
"14399","48505","Zapata County, Texas","B27001_035",1197,155
"14400","48505","Zapata County, Texas","B27001_036",289,122
"14401","48505","Zapata County, Texas","B27001_037",733,113
"14402","48505","Zapata County, Texas","B27001_038",391,133
"14403","48505","Zapata County, Texas","B27001_039",342,148
"14404","48505","Zapata County, Texas","B27001_040",709,107
"14405","48505","Zapata County, Texas","B27001_041",583,121
"14406","48505","Zapata County, Texas","B27001_042",126,89
"14407","48505","Zapata County, Texas","B27001_043",879,62
"14408","48505","Zapata County, Texas","B27001_044",532,116
"14409","48505","Zapata County, Texas","B27001_045",347,91
"14410","48505","Zapata County, Texas","B27001_046",798,26
"14411","48505","Zapata County, Texas","B27001_047",395,110
"14412","48505","Zapata County, Texas","B27001_048",403,106
"14413","48505","Zapata County, Texas","B27001_049",626,14
"14414","48505","Zapata County, Texas","B27001_050",574,52
"14415","48505","Zapata County, Texas","B27001_051",52,49
"14416","48505","Zapata County, Texas","B27001_052",593,28
"14417","48505","Zapata County, Texas","B27001_053",578,32
"14418","48505","Zapata County, Texas","B27001_054",15,23
"14419","48505","Zapata County, Texas","B27001_055",457,26
"14420","48505","Zapata County, Texas","B27001_056",457,26
"14421","48505","Zapata County, Texas","B27001_057",0,23
"14422","48507","Zavala County, Texas","B27001_001",9324,41
"14423","48507","Zavala County, Texas","B27001_002",4859,145
"14424","48507","Zavala County, Texas","B27001_003",434,75
"14425","48507","Zavala County, Texas","B27001_004",413,94
"14426","48507","Zavala County, Texas","B27001_005",21,47
"14427","48507","Zavala County, Texas","B27001_006",1301,226
"14428","48507","Zavala County, Texas","B27001_007",1231,251
"14429","48507","Zavala County, Texas","B27001_008",70,67
"14430","48507","Zavala County, Texas","B27001_009",215,162
"14431","48507","Zavala County, Texas","B27001_010",207,163
"14432","48507","Zavala County, Texas","B27001_011",8,15
"14433","48507","Zavala County, Texas","B27001_012",781,276
"14434","48507","Zavala County, Texas","B27001_013",471,190
"14435","48507","Zavala County, Texas","B27001_014",310,218
"14436","48507","Zavala County, Texas","B27001_015",491,261
"14437","48507","Zavala County, Texas","B27001_016",460,268
"14438","48507","Zavala County, Texas","B27001_017",31,52
"14439","48507","Zavala County, Texas","B27001_018",551,78
"14440","48507","Zavala County, Texas","B27001_019",393,75
"14441","48507","Zavala County, Texas","B27001_020",158,101
"14442","48507","Zavala County, Texas","B27001_021",405,26
"14443","48507","Zavala County, Texas","B27001_022",337,58
"14444","48507","Zavala County, Texas","B27001_023",68,51
"14445","48507","Zavala County, Texas","B27001_024",447,142
"14446","48507","Zavala County, Texas","B27001_025",447,142
"14447","48507","Zavala County, Texas","B27001_026",0,21
"14448","48507","Zavala County, Texas","B27001_027",234,131
"14449","48507","Zavala County, Texas","B27001_028",234,131
"14450","48507","Zavala County, Texas","B27001_029",0,21
"14451","48507","Zavala County, Texas","B27001_030",4465,140
"14452","48507","Zavala County, Texas","B27001_031",319,24
"14453","48507","Zavala County, Texas","B27001_032",319,24
"14454","48507","Zavala County, Texas","B27001_033",0,21
"14455","48507","Zavala County, Texas","B27001_034",906,121
"14456","48507","Zavala County, Texas","B27001_035",738,68
"14457","48507","Zavala County, Texas","B27001_036",168,124
"14458","48507","Zavala County, Texas","B27001_037",446,165
"14459","48507","Zavala County, Texas","B27001_038",413,164
"14460","48507","Zavala County, Texas","B27001_039",33,39
"14461","48507","Zavala County, Texas","B27001_040",982,245
"14462","48507","Zavala County, Texas","B27001_041",802,269
"14463","48507","Zavala County, Texas","B27001_042",180,163
"14464","48507","Zavala County, Texas","B27001_043",167,92
"14465","48507","Zavala County, Texas","B27001_044",97,65
"14466","48507","Zavala County, Texas","B27001_045",70,67
"14467","48507","Zavala County, Texas","B27001_046",411,115
"14468","48507","Zavala County, Texas","B27001_047",304,140
"14469","48507","Zavala County, Texas","B27001_048",107,62
"14470","48507","Zavala County, Texas","B27001_049",438,5
"14471","48507","Zavala County, Texas","B27001_050",275,123
"14472","48507","Zavala County, Texas","B27001_051",163,123
"14473","48507","Zavala County, Texas","B27001_052",491,25
"14474","48507","Zavala County, Texas","B27001_053",487,26
"14475","48507","Zavala County, Texas","B27001_054",4,9
"14476","48507","Zavala County, Texas","B27001_055",305,21
"14477","48507","Zavala County, Texas","B27001_056",305,21
"14478","48507","Zavala County, Texas","B27001_057",0,21
