"","GEOID","NAME","variable","estimate","moe"
"1","48001","Anderson County, Texas","B16002_001",17579,486
"2","48001","Anderson County, Texas","B16002_002",15472,611
"3","48001","Anderson County, Texas","B16002_003",1620,355
"4","48001","Anderson County, Texas","B16002_004",134,82
"5","48001","Anderson County, Texas","B16002_005",1486,352
"6","48001","Anderson County, Texas","B16002_006",87,100
"7","48001","Anderson County, Texas","B16002_007",0,35
"8","48001","Anderson County, Texas","B16002_008",87,100
"9","48001","Anderson County, Texas","B16002_009",38,52
"10","48001","Anderson County, Texas","B16002_010",0,35
"11","48001","Anderson County, Texas","B16002_011",38,52
"12","48001","Anderson County, Texas","B16002_012",29,28
"13","48001","Anderson County, Texas","B16002_013",0,35
"14","48001","Anderson County, Texas","B16002_014",29,28
"15","48001","Anderson County, Texas","B16002_015",39,54
"16","48001","Anderson County, Texas","B16002_016",0,35
"17","48001","Anderson County, Texas","B16002_017",39,54
"18","48001","Anderson County, Texas","B16002_018",31,39
"19","48001","Anderson County, Texas","B16002_019",0,35
"20","48001","Anderson County, Texas","B16002_020",31,39
"21","48001","Anderson County, Texas","B16002_021",0,35
"22","48001","Anderson County, Texas","B16002_022",0,35
"23","48001","Anderson County, Texas","B16002_023",0,35
"24","48001","Anderson County, Texas","B16002_024",22,16
"25","48001","Anderson County, Texas","B16002_025",22,16
"26","48001","Anderson County, Texas","B16002_026",0,35
"27","48001","Anderson County, Texas","B16002_027",50,35
"28","48001","Anderson County, Texas","B16002_028",0,35
"29","48001","Anderson County, Texas","B16002_029",50,35
"30","48001","Anderson County, Texas","B16002_030",7,10
"31","48001","Anderson County, Texas","B16002_031",3,7
"32","48001","Anderson County, Texas","B16002_032",4,7
"33","48001","Anderson County, Texas","B16002_033",0,35
"34","48001","Anderson County, Texas","B16002_034",0,35
"35","48001","Anderson County, Texas","B16002_035",0,35
"36","48001","Anderson County, Texas","B16002_036",184,145
"37","48001","Anderson County, Texas","B16002_037",39,43
"38","48001","Anderson County, Texas","B16002_038",145,141
"39","48003","Andrews County, Texas","B16002_001",6844,148
"40","48003","Andrews County, Texas","B16002_002",3450,258
"41","48003","Andrews County, Texas","B16002_003",3309,261
"42","48003","Andrews County, Texas","B16002_004",559,225
"43","48003","Andrews County, Texas","B16002_005",2750,296
"44","48003","Andrews County, Texas","B16002_006",21,34
"45","48003","Andrews County, Texas","B16002_007",0,23
"46","48003","Andrews County, Texas","B16002_008",21,34
"47","48003","Andrews County, Texas","B16002_009",0,23
"48","48003","Andrews County, Texas","B16002_010",0,23
"49","48003","Andrews County, Texas","B16002_011",0,23
"50","48003","Andrews County, Texas","B16002_012",0,23
"51","48003","Andrews County, Texas","B16002_013",0,23
"52","48003","Andrews County, Texas","B16002_014",0,23
"53","48003","Andrews County, Texas","B16002_015",0,23
"54","48003","Andrews County, Texas","B16002_016",0,23
"55","48003","Andrews County, Texas","B16002_017",0,23
"56","48003","Andrews County, Texas","B16002_018",0,23
"57","48003","Andrews County, Texas","B16002_019",0,23
"58","48003","Andrews County, Texas","B16002_020",0,23
"59","48003","Andrews County, Texas","B16002_021",0,23
"60","48003","Andrews County, Texas","B16002_022",0,23
"61","48003","Andrews County, Texas","B16002_023",0,23
"62","48003","Andrews County, Texas","B16002_024",0,23
"63","48003","Andrews County, Texas","B16002_025",0,23
"64","48003","Andrews County, Texas","B16002_026",0,23
"65","48003","Andrews County, Texas","B16002_027",0,23
"66","48003","Andrews County, Texas","B16002_028",0,23
"67","48003","Andrews County, Texas","B16002_029",0,23
"68","48003","Andrews County, Texas","B16002_030",21,34
"69","48003","Andrews County, Texas","B16002_031",0,23
"70","48003","Andrews County, Texas","B16002_032",21,34
"71","48003","Andrews County, Texas","B16002_033",0,23
"72","48003","Andrews County, Texas","B16002_034",0,23
"73","48003","Andrews County, Texas","B16002_035",0,23
"74","48003","Andrews County, Texas","B16002_036",43,67
"75","48003","Andrews County, Texas","B16002_037",0,23
"76","48003","Andrews County, Texas","B16002_038",43,67
"77","48005","Angelina County, Texas","B16002_001",32271,440
"78","48005","Angelina County, Texas","B16002_002",26335,502
"79","48005","Angelina County, Texas","B16002_003",5253,438
"80","48005","Angelina County, Texas","B16002_004",767,323
"81","48005","Angelina County, Texas","B16002_005",4486,484
"82","48005","Angelina County, Texas","B16002_006",14,22
"83","48005","Angelina County, Texas","B16002_007",0,35
"84","48005","Angelina County, Texas","B16002_008",14,22
"85","48005","Angelina County, Texas","B16002_009",8,13
"86","48005","Angelina County, Texas","B16002_010",0,35
"87","48005","Angelina County, Texas","B16002_011",8,13
"88","48005","Angelina County, Texas","B16002_012",20,33
"89","48005","Angelina County, Texas","B16002_013",0,35
"90","48005","Angelina County, Texas","B16002_014",20,33
"91","48005","Angelina County, Texas","B16002_015",86,98
"92","48005","Angelina County, Texas","B16002_016",0,35
"93","48005","Angelina County, Texas","B16002_017",86,98
"94","48005","Angelina County, Texas","B16002_018",7,15
"95","48005","Angelina County, Texas","B16002_019",0,35
"96","48005","Angelina County, Texas","B16002_020",7,15
"97","48005","Angelina County, Texas","B16002_021",43,49
"98","48005","Angelina County, Texas","B16002_022",0,35
"99","48005","Angelina County, Texas","B16002_023",43,49
"100","48005","Angelina County, Texas","B16002_024",121,98
"101","48005","Angelina County, Texas","B16002_025",18,28
"102","48005","Angelina County, Texas","B16002_026",103,89
"103","48005","Angelina County, Texas","B16002_027",133,87
"104","48005","Angelina County, Texas","B16002_028",0,35
"105","48005","Angelina County, Texas","B16002_029",133,87
"106","48005","Angelina County, Texas","B16002_030",53,48
"107","48005","Angelina County, Texas","B16002_031",0,35
"108","48005","Angelina County, Texas","B16002_032",53,48
"109","48005","Angelina County, Texas","B16002_033",79,99
"110","48005","Angelina County, Texas","B16002_034",0,35
"111","48005","Angelina County, Texas","B16002_035",79,99
"112","48005","Angelina County, Texas","B16002_036",119,122
"113","48005","Angelina County, Texas","B16002_037",0,35
"114","48005","Angelina County, Texas","B16002_038",119,122
"115","48007","Aransas County, Texas","B16002_001",12478,428
"116","48007","Aransas County, Texas","B16002_002",10369,451
"117","48007","Aransas County, Texas","B16002_003",1732,294
"118","48007","Aransas County, Texas","B16002_004",84,96
"119","48007","Aransas County, Texas","B16002_005",1648,310
"120","48007","Aransas County, Texas","B16002_006",20,38
"121","48007","Aransas County, Texas","B16002_007",0,28
"122","48007","Aransas County, Texas","B16002_008",20,38
"123","48007","Aransas County, Texas","B16002_009",128,97
"124","48007","Aransas County, Texas","B16002_010",0,28
"125","48007","Aransas County, Texas","B16002_011",128,97
"126","48007","Aransas County, Texas","B16002_012",34,37
"127","48007","Aransas County, Texas","B16002_013",0,28
"128","48007","Aransas County, Texas","B16002_014",34,37
"129","48007","Aransas County, Texas","B16002_015",37,51
"130","48007","Aransas County, Texas","B16002_016",0,28
"131","48007","Aransas County, Texas","B16002_017",37,51
"132","48007","Aransas County, Texas","B16002_018",11,18
"133","48007","Aransas County, Texas","B16002_019",0,28
"134","48007","Aransas County, Texas","B16002_020",11,18
"135","48007","Aransas County, Texas","B16002_021",6,10
"136","48007","Aransas County, Texas","B16002_022",0,28
"137","48007","Aransas County, Texas","B16002_023",6,10
"138","48007","Aransas County, Texas","B16002_024",127,101
"139","48007","Aransas County, Texas","B16002_025",26,33
"140","48007","Aransas County, Texas","B16002_026",101,99
"141","48007","Aransas County, Texas","B16002_027",0,28
"142","48007","Aransas County, Texas","B16002_028",0,28
"143","48007","Aransas County, Texas","B16002_029",0,28
"144","48007","Aransas County, Texas","B16002_030",14,20
"145","48007","Aransas County, Texas","B16002_031",11,19
"146","48007","Aransas County, Texas","B16002_032",3,5
"147","48007","Aransas County, Texas","B16002_033",0,28
"148","48007","Aransas County, Texas","B16002_034",0,28
"149","48007","Aransas County, Texas","B16002_035",0,28
"150","48007","Aransas County, Texas","B16002_036",0,28
"151","48007","Aransas County, Texas","B16002_037",0,28
"152","48007","Aransas County, Texas","B16002_038",0,28
"153","48009","Archer County, Texas","B16002_001",3468,111
"154","48009","Archer County, Texas","B16002_002",3201,103
"155","48009","Archer County, Texas","B16002_003",183,41
"156","48009","Archer County, Texas","B16002_004",31,23
"157","48009","Archer County, Texas","B16002_005",152,44
"158","48009","Archer County, Texas","B16002_006",13,17
"159","48009","Archer County, Texas","B16002_007",0,21
"160","48009","Archer County, Texas","B16002_008",13,17
"161","48009","Archer County, Texas","B16002_009",57,36
"162","48009","Archer County, Texas","B16002_010",0,21
"163","48009","Archer County, Texas","B16002_011",57,36
"164","48009","Archer County, Texas","B16002_012",0,21
"165","48009","Archer County, Texas","B16002_013",0,21
"166","48009","Archer County, Texas","B16002_014",0,21
"167","48009","Archer County, Texas","B16002_015",14,14
"168","48009","Archer County, Texas","B16002_016",0,21
"169","48009","Archer County, Texas","B16002_017",14,14
"170","48009","Archer County, Texas","B16002_018",0,21
"171","48009","Archer County, Texas","B16002_019",0,21
"172","48009","Archer County, Texas","B16002_020",0,21
"173","48009","Archer County, Texas","B16002_021",0,21
"174","48009","Archer County, Texas","B16002_022",0,21
"175","48009","Archer County, Texas","B16002_023",0,21
"176","48009","Archer County, Texas","B16002_024",0,21
"177","48009","Archer County, Texas","B16002_025",0,21
"178","48009","Archer County, Texas","B16002_026",0,21
"179","48009","Archer County, Texas","B16002_027",0,21
"180","48009","Archer County, Texas","B16002_028",0,21
"181","48009","Archer County, Texas","B16002_029",0,21
"182","48009","Archer County, Texas","B16002_030",0,21
"183","48009","Archer County, Texas","B16002_031",0,21
"184","48009","Archer County, Texas","B16002_032",0,21
"185","48009","Archer County, Texas","B16002_033",0,21
"186","48009","Archer County, Texas","B16002_034",0,21
"187","48009","Archer County, Texas","B16002_035",0,21
"188","48009","Archer County, Texas","B16002_036",0,21
"189","48009","Archer County, Texas","B16002_037",0,21
"190","48009","Archer County, Texas","B16002_038",0,21
"191","48011","Armstrong County, Texas","B16002_001",767,67
"192","48011","Armstrong County, Texas","B16002_002",706,73
"193","48011","Armstrong County, Texas","B16002_003",42,26
"194","48011","Armstrong County, Texas","B16002_004",0,15
"195","48011","Armstrong County, Texas","B16002_005",42,26
"196","48011","Armstrong County, Texas","B16002_006",0,15
"197","48011","Armstrong County, Texas","B16002_007",0,15
"198","48011","Armstrong County, Texas","B16002_008",0,15
"199","48011","Armstrong County, Texas","B16002_009",12,17
"200","48011","Armstrong County, Texas","B16002_010",0,15
"201","48011","Armstrong County, Texas","B16002_011",12,17
"202","48011","Armstrong County, Texas","B16002_012",0,15
"203","48011","Armstrong County, Texas","B16002_013",0,15
"204","48011","Armstrong County, Texas","B16002_014",0,15
"205","48011","Armstrong County, Texas","B16002_015",0,15
"206","48011","Armstrong County, Texas","B16002_016",0,15
"207","48011","Armstrong County, Texas","B16002_017",0,15
"208","48011","Armstrong County, Texas","B16002_018",1,3
"209","48011","Armstrong County, Texas","B16002_019",0,15
"210","48011","Armstrong County, Texas","B16002_020",1,3
"211","48011","Armstrong County, Texas","B16002_021",6,7
"212","48011","Armstrong County, Texas","B16002_022",6,7
"213","48011","Armstrong County, Texas","B16002_023",0,15
"214","48011","Armstrong County, Texas","B16002_024",0,15
"215","48011","Armstrong County, Texas","B16002_025",0,15
"216","48011","Armstrong County, Texas","B16002_026",0,15
"217","48011","Armstrong County, Texas","B16002_027",0,15
"218","48011","Armstrong County, Texas","B16002_028",0,15
"219","48011","Armstrong County, Texas","B16002_029",0,15
"220","48011","Armstrong County, Texas","B16002_030",0,15
"221","48011","Armstrong County, Texas","B16002_031",0,15
"222","48011","Armstrong County, Texas","B16002_032",0,15
"223","48011","Armstrong County, Texas","B16002_033",0,15
"224","48011","Armstrong County, Texas","B16002_034",0,15
"225","48011","Armstrong County, Texas","B16002_035",0,15
"226","48011","Armstrong County, Texas","B16002_036",0,15
"227","48011","Armstrong County, Texas","B16002_037",0,15
"228","48011","Armstrong County, Texas","B16002_038",0,15
"229","48013","Atascosa County, Texas","B16002_001",16786,467
"230","48013","Atascosa County, Texas","B16002_002",8667,519
"231","48013","Atascosa County, Texas","B16002_003",7841,438
"232","48013","Atascosa County, Texas","B16002_004",1252,372
"233","48013","Atascosa County, Texas","B16002_005",6589,467
"234","48013","Atascosa County, Texas","B16002_006",0,35
"235","48013","Atascosa County, Texas","B16002_007",0,35
"236","48013","Atascosa County, Texas","B16002_008",0,35
"237","48013","Atascosa County, Texas","B16002_009",134,122
"238","48013","Atascosa County, Texas","B16002_010",0,35
"239","48013","Atascosa County, Texas","B16002_011",134,122
"240","48013","Atascosa County, Texas","B16002_012",0,35
"241","48013","Atascosa County, Texas","B16002_013",0,35
"242","48013","Atascosa County, Texas","B16002_014",0,35
"243","48013","Atascosa County, Texas","B16002_015",71,57
"244","48013","Atascosa County, Texas","B16002_016",0,35
"245","48013","Atascosa County, Texas","B16002_017",71,57
"246","48013","Atascosa County, Texas","B16002_018",0,35
"247","48013","Atascosa County, Texas","B16002_019",0,35
"248","48013","Atascosa County, Texas","B16002_020",0,35
"249","48013","Atascosa County, Texas","B16002_021",0,35
"250","48013","Atascosa County, Texas","B16002_022",0,35
"251","48013","Atascosa County, Texas","B16002_023",0,35
"252","48013","Atascosa County, Texas","B16002_024",0,35
"253","48013","Atascosa County, Texas","B16002_025",0,35
"254","48013","Atascosa County, Texas","B16002_026",0,35
"255","48013","Atascosa County, Texas","B16002_027",50,43
"256","48013","Atascosa County, Texas","B16002_028",0,35
"257","48013","Atascosa County, Texas","B16002_029",50,43
"258","48013","Atascosa County, Texas","B16002_030",6,10
"259","48013","Atascosa County, Texas","B16002_031",6,10
"260","48013","Atascosa County, Texas","B16002_032",0,35
"261","48013","Atascosa County, Texas","B16002_033",17,25
"262","48013","Atascosa County, Texas","B16002_034",0,35
"263","48013","Atascosa County, Texas","B16002_035",17,25
"264","48013","Atascosa County, Texas","B16002_036",0,35
"265","48013","Atascosa County, Texas","B16002_037",0,35
"266","48013","Atascosa County, Texas","B16002_038",0,35
"267","48015","Austin County, Texas","B16002_001",12128,350
"268","48015","Austin County, Texas","B16002_002",9246,427
"269","48015","Austin County, Texas","B16002_003",2337,289
"270","48015","Austin County, Texas","B16002_004",287,139
"271","48015","Austin County, Texas","B16002_005",2050,306
"272","48015","Austin County, Texas","B16002_006",37,49
"273","48015","Austin County, Texas","B16002_007",0,31
"274","48015","Austin County, Texas","B16002_008",37,49
"275","48015","Austin County, Texas","B16002_009",190,102
"276","48015","Austin County, Texas","B16002_010",28,50
"277","48015","Austin County, Texas","B16002_011",162,87
"278","48015","Austin County, Texas","B16002_012",129,87
"279","48015","Austin County, Texas","B16002_013",2,5
"280","48015","Austin County, Texas","B16002_014",127,86
"281","48015","Austin County, Texas","B16002_015",125,88
"282","48015","Austin County, Texas","B16002_016",0,31
"283","48015","Austin County, Texas","B16002_017",125,88
"284","48015","Austin County, Texas","B16002_018",0,31
"285","48015","Austin County, Texas","B16002_019",0,31
"286","48015","Austin County, Texas","B16002_020",0,31
"287","48015","Austin County, Texas","B16002_021",0,31
"288","48015","Austin County, Texas","B16002_022",0,31
"289","48015","Austin County, Texas","B16002_023",0,31
"290","48015","Austin County, Texas","B16002_024",31,29
"291","48015","Austin County, Texas","B16002_025",26,25
"292","48015","Austin County, Texas","B16002_026",5,13
"293","48015","Austin County, Texas","B16002_027",0,31
"294","48015","Austin County, Texas","B16002_028",0,31
"295","48015","Austin County, Texas","B16002_029",0,31
"296","48015","Austin County, Texas","B16002_030",33,37
"297","48015","Austin County, Texas","B16002_031",0,31
"298","48015","Austin County, Texas","B16002_032",33,37
"299","48015","Austin County, Texas","B16002_033",0,31
"300","48015","Austin County, Texas","B16002_034",0,31
"301","48015","Austin County, Texas","B16002_035",0,31
"302","48015","Austin County, Texas","B16002_036",0,31
"303","48015","Austin County, Texas","B16002_037",0,31
"304","48015","Austin County, Texas","B16002_038",0,31
"305","48017","Bailey County, Texas","B16002_001",2209,247
"306","48017","Bailey County, Texas","B16002_002",1009,149
"307","48017","Bailey County, Texas","B16002_003",1130,196
"308","48017","Bailey County, Texas","B16002_004",312,150
"309","48017","Bailey County, Texas","B16002_005",818,210
"310","48017","Bailey County, Texas","B16002_006",0,21
"311","48017","Bailey County, Texas","B16002_007",0,21
"312","48017","Bailey County, Texas","B16002_008",0,21
"313","48017","Bailey County, Texas","B16002_009",55,59
"314","48017","Bailey County, Texas","B16002_010",15,26
"315","48017","Bailey County, Texas","B16002_011",40,53
"316","48017","Bailey County, Texas","B16002_012",0,21
"317","48017","Bailey County, Texas","B16002_013",0,21
"318","48017","Bailey County, Texas","B16002_014",0,21
"319","48017","Bailey County, Texas","B16002_015",15,23
"320","48017","Bailey County, Texas","B16002_016",0,21
"321","48017","Bailey County, Texas","B16002_017",15,23
"322","48017","Bailey County, Texas","B16002_018",0,21
"323","48017","Bailey County, Texas","B16002_019",0,21
"324","48017","Bailey County, Texas","B16002_020",0,21
"325","48017","Bailey County, Texas","B16002_021",0,21
"326","48017","Bailey County, Texas","B16002_022",0,21
"327","48017","Bailey County, Texas","B16002_023",0,21
"328","48017","Bailey County, Texas","B16002_024",0,21
"329","48017","Bailey County, Texas","B16002_025",0,21
"330","48017","Bailey County, Texas","B16002_026",0,21
"331","48017","Bailey County, Texas","B16002_027",0,21
"332","48017","Bailey County, Texas","B16002_028",0,21
"333","48017","Bailey County, Texas","B16002_029",0,21
"334","48017","Bailey County, Texas","B16002_030",0,21
"335","48017","Bailey County, Texas","B16002_031",0,21
"336","48017","Bailey County, Texas","B16002_032",0,21
"337","48017","Bailey County, Texas","B16002_033",0,21
"338","48017","Bailey County, Texas","B16002_034",0,21
"339","48017","Bailey County, Texas","B16002_035",0,21
"340","48017","Bailey County, Texas","B16002_036",0,21
"341","48017","Bailey County, Texas","B16002_037",0,21
"342","48017","Bailey County, Texas","B16002_038",0,21
"343","48019","Bandera County, Texas","B16002_001",9255,309
"344","48019","Bandera County, Texas","B16002_002",7523,373
"345","48019","Bandera County, Texas","B16002_003",1463,226
"346","48019","Bandera County, Texas","B16002_004",73,83
"347","48019","Bandera County, Texas","B16002_005",1390,223
"348","48019","Bandera County, Texas","B16002_006",7,15
"349","48019","Bandera County, Texas","B16002_007",0,28
"350","48019","Bandera County, Texas","B16002_008",7,15
"351","48019","Bandera County, Texas","B16002_009",162,93
"352","48019","Bandera County, Texas","B16002_010",19,28
"353","48019","Bandera County, Texas","B16002_011",143,87
"354","48019","Bandera County, Texas","B16002_012",22,25
"355","48019","Bandera County, Texas","B16002_013",9,14
"356","48019","Bandera County, Texas","B16002_014",13,20
"357","48019","Bandera County, Texas","B16002_015",11,18
"358","48019","Bandera County, Texas","B16002_016",0,28
"359","48019","Bandera County, Texas","B16002_017",11,18
"360","48019","Bandera County, Texas","B16002_018",0,28
"361","48019","Bandera County, Texas","B16002_019",0,28
"362","48019","Bandera County, Texas","B16002_020",0,28
"363","48019","Bandera County, Texas","B16002_021",1,3
"364","48019","Bandera County, Texas","B16002_022",0,28
"365","48019","Bandera County, Texas","B16002_023",1,3
"366","48019","Bandera County, Texas","B16002_024",21,30
"367","48019","Bandera County, Texas","B16002_025",0,28
"368","48019","Bandera County, Texas","B16002_026",21,30
"369","48019","Bandera County, Texas","B16002_027",29,38
"370","48019","Bandera County, Texas","B16002_028",0,28
"371","48019","Bandera County, Texas","B16002_029",29,38
"372","48019","Bandera County, Texas","B16002_030",16,28
"373","48019","Bandera County, Texas","B16002_031",0,28
"374","48019","Bandera County, Texas","B16002_032",16,28
"375","48019","Bandera County, Texas","B16002_033",0,28
"376","48019","Bandera County, Texas","B16002_034",0,28
"377","48019","Bandera County, Texas","B16002_035",0,28
"378","48019","Bandera County, Texas","B16002_036",0,28
"379","48019","Bandera County, Texas","B16002_037",0,28
"380","48019","Bandera County, Texas","B16002_038",0,28
"381","48021","Bastrop County, Texas","B16002_001",36868,521
"382","48021","Bastrop County, Texas","B16002_002",25110,668
"383","48021","Bastrop County, Texas","B16002_003",11024,660
"384","48021","Bastrop County, Texas","B16002_004",1936,458
"385","48021","Bastrop County, Texas","B16002_005",9088,687
"386","48021","Bastrop County, Texas","B16002_006",70,68
"387","48021","Bastrop County, Texas","B16002_007",0,35
"388","48021","Bastrop County, Texas","B16002_008",70,68
"389","48021","Bastrop County, Texas","B16002_009",134,88
"390","48021","Bastrop County, Texas","B16002_010",28,35
"391","48021","Bastrop County, Texas","B16002_011",106,86
"392","48021","Bastrop County, Texas","B16002_012",0,35
"393","48021","Bastrop County, Texas","B16002_013",0,35
"394","48021","Bastrop County, Texas","B16002_014",0,35
"395","48021","Bastrop County, Texas","B16002_015",187,122
"396","48021","Bastrop County, Texas","B16002_016",0,35
"397","48021","Bastrop County, Texas","B16002_017",187,122
"398","48021","Bastrop County, Texas","B16002_018",0,35
"399","48021","Bastrop County, Texas","B16002_019",0,35
"400","48021","Bastrop County, Texas","B16002_020",0,35
"401","48021","Bastrop County, Texas","B16002_021",57,52
"402","48021","Bastrop County, Texas","B16002_022",0,35
"403","48021","Bastrop County, Texas","B16002_023",57,52
"404","48021","Bastrop County, Texas","B16002_024",78,84
"405","48021","Bastrop County, Texas","B16002_025",0,35
"406","48021","Bastrop County, Texas","B16002_026",78,84
"407","48021","Bastrop County, Texas","B16002_027",6,12
"408","48021","Bastrop County, Texas","B16002_028",0,35
"409","48021","Bastrop County, Texas","B16002_029",6,12
"410","48021","Bastrop County, Texas","B16002_030",94,81
"411","48021","Bastrop County, Texas","B16002_031",27,44
"412","48021","Bastrop County, Texas","B16002_032",67,67
"413","48021","Bastrop County, Texas","B16002_033",0,35
"414","48021","Bastrop County, Texas","B16002_034",0,35
"415","48021","Bastrop County, Texas","B16002_035",0,35
"416","48021","Bastrop County, Texas","B16002_036",108,113
"417","48021","Bastrop County, Texas","B16002_037",0,35
"418","48021","Bastrop County, Texas","B16002_038",108,113
"419","48023","Baylor County, Texas","B16002_001",1530,109
"420","48023","Baylor County, Texas","B16002_002",1351,119
"421","48023","Baylor County, Texas","B16002_003",172,82
"422","48023","Baylor County, Texas","B16002_004",0,15
"423","48023","Baylor County, Texas","B16002_005",172,82
"424","48023","Baylor County, Texas","B16002_006",0,15
"425","48023","Baylor County, Texas","B16002_007",0,15
"426","48023","Baylor County, Texas","B16002_008",0,15
"427","48023","Baylor County, Texas","B16002_009",7,10
"428","48023","Baylor County, Texas","B16002_010",0,15
"429","48023","Baylor County, Texas","B16002_011",7,10
"430","48023","Baylor County, Texas","B16002_012",0,15
"431","48023","Baylor County, Texas","B16002_013",0,15
"432","48023","Baylor County, Texas","B16002_014",0,15
"433","48023","Baylor County, Texas","B16002_015",0,15
"434","48023","Baylor County, Texas","B16002_016",0,15
"435","48023","Baylor County, Texas","B16002_017",0,15
"436","48023","Baylor County, Texas","B16002_018",0,15
"437","48023","Baylor County, Texas","B16002_019",0,15
"438","48023","Baylor County, Texas","B16002_020",0,15
"439","48023","Baylor County, Texas","B16002_021",0,15
"440","48023","Baylor County, Texas","B16002_022",0,15
"441","48023","Baylor County, Texas","B16002_023",0,15
"442","48023","Baylor County, Texas","B16002_024",0,15
"443","48023","Baylor County, Texas","B16002_025",0,15
"444","48023","Baylor County, Texas","B16002_026",0,15
"445","48023","Baylor County, Texas","B16002_027",0,15
"446","48023","Baylor County, Texas","B16002_028",0,15
"447","48023","Baylor County, Texas","B16002_029",0,15
"448","48023","Baylor County, Texas","B16002_030",0,15
"449","48023","Baylor County, Texas","B16002_031",0,15
"450","48023","Baylor County, Texas","B16002_032",0,15
"451","48023","Baylor County, Texas","B16002_033",0,15
"452","48023","Baylor County, Texas","B16002_034",0,15
"453","48023","Baylor County, Texas","B16002_035",0,15
"454","48023","Baylor County, Texas","B16002_036",0,15
"455","48023","Baylor County, Texas","B16002_037",0,15
"456","48023","Baylor County, Texas","B16002_038",0,15
"457","48025","Bee County, Texas","B16002_001",8807,317
"458","48025","Bee County, Texas","B16002_002",4679,479
"459","48025","Bee County, Texas","B16002_003",4049,403
"460","48025","Bee County, Texas","B16002_004",321,141
"461","48025","Bee County, Texas","B16002_005",3728,420
"462","48025","Bee County, Texas","B16002_006",15,21
"463","48025","Bee County, Texas","B16002_007",15,21
"464","48025","Bee County, Texas","B16002_008",0,31
"465","48025","Bee County, Texas","B16002_009",14,24
"466","48025","Bee County, Texas","B16002_010",0,31
"467","48025","Bee County, Texas","B16002_011",14,24
"468","48025","Bee County, Texas","B16002_012",0,31
"469","48025","Bee County, Texas","B16002_013",0,31
"470","48025","Bee County, Texas","B16002_014",0,31
"471","48025","Bee County, Texas","B16002_015",27,22
"472","48025","Bee County, Texas","B16002_016",0,31
"473","48025","Bee County, Texas","B16002_017",27,22
"474","48025","Bee County, Texas","B16002_018",0,31
"475","48025","Bee County, Texas","B16002_019",0,31
"476","48025","Bee County, Texas","B16002_020",0,31
"477","48025","Bee County, Texas","B16002_021",0,31
"478","48025","Bee County, Texas","B16002_022",0,31
"479","48025","Bee County, Texas","B16002_023",0,31
"480","48025","Bee County, Texas","B16002_024",0,31
"481","48025","Bee County, Texas","B16002_025",0,31
"482","48025","Bee County, Texas","B16002_026",0,31
"483","48025","Bee County, Texas","B16002_027",12,18
"484","48025","Bee County, Texas","B16002_028",3,6
"485","48025","Bee County, Texas","B16002_029",9,15
"486","48025","Bee County, Texas","B16002_030",0,31
"487","48025","Bee County, Texas","B16002_031",0,31
"488","48025","Bee County, Texas","B16002_032",0,31
"489","48025","Bee County, Texas","B16002_033",6,9
"490","48025","Bee County, Texas","B16002_034",0,31
"491","48025","Bee County, Texas","B16002_035",6,9
"492","48025","Bee County, Texas","B16002_036",5,7
"493","48025","Bee County, Texas","B16002_037",0,31
"494","48025","Bee County, Texas","B16002_038",5,7
"495","48027","Bell County, Texas","B16002_001",142305,954
"496","48027","Bell County, Texas","B16002_002",106998,1309
"497","48027","Bell County, Texas","B16002_003",24642,1123
"498","48027","Bell County, Texas","B16002_004",3318,523
"499","48027","Bell County, Texas","B16002_005",21324,948
"500","48027","Bell County, Texas","B16002_006",1245,437
"501","48027","Bell County, Texas","B16002_007",48,37
"502","48027","Bell County, Texas","B16002_008",1197,439
"503","48027","Bell County, Texas","B16002_009",2035,374
"504","48027","Bell County, Texas","B16002_010",29,29
"505","48027","Bell County, Texas","B16002_011",2006,373
"506","48027","Bell County, Texas","B16002_012",462,167
"507","48027","Bell County, Texas","B16002_013",0,35
"508","48027","Bell County, Texas","B16002_014",462,167
"509","48027","Bell County, Texas","B16002_015",695,215
"510","48027","Bell County, Texas","B16002_016",45,49
"511","48027","Bell County, Texas","B16002_017",650,205
"512","48027","Bell County, Texas","B16002_018",1547,317
"513","48027","Bell County, Texas","B16002_019",404,172
"514","48027","Bell County, Texas","B16002_020",1143,284
"515","48027","Bell County, Texas","B16002_021",398,163
"516","48027","Bell County, Texas","B16002_022",169,99
"517","48027","Bell County, Texas","B16002_023",229,123
"518","48027","Bell County, Texas","B16002_024",408,178
"519","48027","Bell County, Texas","B16002_025",95,61
"520","48027","Bell County, Texas","B16002_026",313,159
"521","48027","Bell County, Texas","B16002_027",1179,287
"522","48027","Bell County, Texas","B16002_028",48,42
"523","48027","Bell County, Texas","B16002_029",1131,292
"524","48027","Bell County, Texas","B16002_030",1221,322
"525","48027","Bell County, Texas","B16002_031",17,20
"526","48027","Bell County, Texas","B16002_032",1204,322
"527","48027","Bell County, Texas","B16002_033",353,155
"528","48027","Bell County, Texas","B16002_034",16,27
"529","48027","Bell County, Texas","B16002_035",337,152
"530","48027","Bell County, Texas","B16002_036",1122,332
"531","48027","Bell County, Texas","B16002_037",116,121
"532","48027","Bell County, Texas","B16002_038",1006,326
"533","48029","Bexar County, Texas","B16002_001",750939,2459
"534","48029","Bexar County, Texas","B16002_002",404580,4402
"535","48029","Bexar County, Texas","B16002_003",306344,3351
"536","48029","Bexar County, Texas","B16002_004",41229,2141
"537","48029","Bexar County, Texas","B16002_005",265115,3446
"538","48029","Bexar County, Texas","B16002_006",2178,453
"539","48029","Bexar County, Texas","B16002_007",296,169
"540","48029","Bexar County, Texas","B16002_008",1882,424
"541","48029","Bexar County, Texas","B16002_009",3253,515
"542","48029","Bexar County, Texas","B16002_010",95,65
"543","48029","Bexar County, Texas","B16002_011",3158,511
"544","48029","Bexar County, Texas","B16002_012",1963,463
"545","48029","Bexar County, Texas","B16002_013",249,144
"546","48029","Bexar County, Texas","B16002_014",1714,449
"547","48029","Bexar County, Texas","B16002_015",7987,900
"548","48029","Bexar County, Texas","B16002_016",1044,296
"549","48029","Bexar County, Texas","B16002_017",6943,844
"550","48029","Bexar County, Texas","B16002_018",2065,415
"551","48029","Bexar County, Texas","B16002_019",299,170
"552","48029","Bexar County, Texas","B16002_020",1766,372
"553","48029","Bexar County, Texas","B16002_021",2780,444
"554","48029","Bexar County, Texas","B16002_022",849,229
"555","48029","Bexar County, Texas","B16002_023",1931,360
"556","48029","Bexar County, Texas","B16002_024",2510,503
"557","48029","Bexar County, Texas","B16002_025",595,251
"558","48029","Bexar County, Texas","B16002_026",1915,414
"559","48029","Bexar County, Texas","B16002_027",4679,706
"560","48029","Bexar County, Texas","B16002_028",546,327
"561","48029","Bexar County, Texas","B16002_029",4133,583
"562","48029","Bexar County, Texas","B16002_030",6588,712
"563","48029","Bexar County, Texas","B16002_031",1297,393
"564","48029","Bexar County, Texas","B16002_032",5291,667
"565","48029","Bexar County, Texas","B16002_033",2731,477
"566","48029","Bexar County, Texas","B16002_034",660,298
"567","48029","Bexar County, Texas","B16002_035",2071,464
"568","48029","Bexar County, Texas","B16002_036",3281,607
"569","48029","Bexar County, Texas","B16002_037",548,204
"570","48029","Bexar County, Texas","B16002_038",2733,587
"571","48031","Blanco County, Texas","B16002_001",5166,218
"572","48031","Blanco County, Texas","B16002_002",4494,225
"573","48031","Blanco County, Texas","B16002_003",559,132
"574","48031","Blanco County, Texas","B16002_004",26,22
"575","48031","Blanco County, Texas","B16002_005",533,134
"576","48031","Blanco County, Texas","B16002_006",15,19
"577","48031","Blanco County, Texas","B16002_007",0,23
"578","48031","Blanco County, Texas","B16002_008",15,19
"579","48031","Blanco County, Texas","B16002_009",32,33
"580","48031","Blanco County, Texas","B16002_010",0,23
"581","48031","Blanco County, Texas","B16002_011",32,33
"582","48031","Blanco County, Texas","B16002_012",7,10
"583","48031","Blanco County, Texas","B16002_013",0,23
"584","48031","Blanco County, Texas","B16002_014",7,10
"585","48031","Blanco County, Texas","B16002_015",53,71
"586","48031","Blanco County, Texas","B16002_016",0,23
"587","48031","Blanco County, Texas","B16002_017",53,71
"588","48031","Blanco County, Texas","B16002_018",0,23
"589","48031","Blanco County, Texas","B16002_019",0,23
"590","48031","Blanco County, Texas","B16002_020",0,23
"591","48031","Blanco County, Texas","B16002_021",0,23
"592","48031","Blanco County, Texas","B16002_022",0,23
"593","48031","Blanco County, Texas","B16002_023",0,23
"594","48031","Blanco County, Texas","B16002_024",0,23
"595","48031","Blanco County, Texas","B16002_025",0,23
"596","48031","Blanco County, Texas","B16002_026",0,23
"597","48031","Blanco County, Texas","B16002_027",0,23
"598","48031","Blanco County, Texas","B16002_028",0,23
"599","48031","Blanco County, Texas","B16002_029",0,23
"600","48031","Blanco County, Texas","B16002_030",6,9
"601","48031","Blanco County, Texas","B16002_031",0,23
"602","48031","Blanco County, Texas","B16002_032",6,9
"603","48031","Blanco County, Texas","B16002_033",0,23
"604","48031","Blanco County, Texas","B16002_034",0,23
"605","48031","Blanco County, Texas","B16002_035",0,23
"606","48031","Blanco County, Texas","B16002_036",0,23
"607","48031","Blanco County, Texas","B16002_037",0,23
"608","48031","Blanco County, Texas","B16002_038",0,23
"609","48033","Borden County, Texas","B16002_001",243,43
"610","48033","Borden County, Texas","B16002_002",226,41
"611","48033","Borden County, Texas","B16002_003",5,6
"612","48033","Borden County, Texas","B16002_004",0,15
"613","48033","Borden County, Texas","B16002_005",5,6
"614","48033","Borden County, Texas","B16002_006",0,15
"615","48033","Borden County, Texas","B16002_007",0,15
"616","48033","Borden County, Texas","B16002_008",0,15
"617","48033","Borden County, Texas","B16002_009",9,9
"618","48033","Borden County, Texas","B16002_010",0,15
"619","48033","Borden County, Texas","B16002_011",9,9
"620","48033","Borden County, Texas","B16002_012",0,15
"621","48033","Borden County, Texas","B16002_013",0,15
"622","48033","Borden County, Texas","B16002_014",0,15
"623","48033","Borden County, Texas","B16002_015",3,4
"624","48033","Borden County, Texas","B16002_016",0,15
"625","48033","Borden County, Texas","B16002_017",3,4
"626","48033","Borden County, Texas","B16002_018",0,15
"627","48033","Borden County, Texas","B16002_019",0,15
"628","48033","Borden County, Texas","B16002_020",0,15
"629","48033","Borden County, Texas","B16002_021",0,15
"630","48033","Borden County, Texas","B16002_022",0,15
"631","48033","Borden County, Texas","B16002_023",0,15
"632","48033","Borden County, Texas","B16002_024",0,15
"633","48033","Borden County, Texas","B16002_025",0,15
"634","48033","Borden County, Texas","B16002_026",0,15
"635","48033","Borden County, Texas","B16002_027",0,15
"636","48033","Borden County, Texas","B16002_028",0,15
"637","48033","Borden County, Texas","B16002_029",0,15
"638","48033","Borden County, Texas","B16002_030",0,15
"639","48033","Borden County, Texas","B16002_031",0,15
"640","48033","Borden County, Texas","B16002_032",0,15
"641","48033","Borden County, Texas","B16002_033",0,15
"642","48033","Borden County, Texas","B16002_034",0,15
"643","48033","Borden County, Texas","B16002_035",0,15
"644","48033","Borden County, Texas","B16002_036",0,15
"645","48033","Borden County, Texas","B16002_037",0,15
"646","48033","Borden County, Texas","B16002_038",0,15
"647","48035","Bosque County, Texas","B16002_001",7496,216
"648","48035","Bosque County, Texas","B16002_002",6342,189
"649","48035","Bosque County, Texas","B16002_003",1075,123
"650","48035","Bosque County, Texas","B16002_004",76,46
"651","48035","Bosque County, Texas","B16002_005",999,125
"652","48035","Bosque County, Texas","B16002_006",0,23
"653","48035","Bosque County, Texas","B16002_007",0,23
"654","48035","Bosque County, Texas","B16002_008",0,23
"655","48035","Bosque County, Texas","B16002_009",36,25
"656","48035","Bosque County, Texas","B16002_010",1,3
"657","48035","Bosque County, Texas","B16002_011",35,25
"658","48035","Bosque County, Texas","B16002_012",0,23
"659","48035","Bosque County, Texas","B16002_013",0,23
"660","48035","Bosque County, Texas","B16002_014",0,23
"661","48035","Bosque County, Texas","B16002_015",25,23
"662","48035","Bosque County, Texas","B16002_016",0,23
"663","48035","Bosque County, Texas","B16002_017",25,23
"664","48035","Bosque County, Texas","B16002_018",0,23
"665","48035","Bosque County, Texas","B16002_019",0,23
"666","48035","Bosque County, Texas","B16002_020",0,23
"667","48035","Bosque County, Texas","B16002_021",6,11
"668","48035","Bosque County, Texas","B16002_022",0,23
"669","48035","Bosque County, Texas","B16002_023",6,11
"670","48035","Bosque County, Texas","B16002_024",0,23
"671","48035","Bosque County, Texas","B16002_025",0,23
"672","48035","Bosque County, Texas","B16002_026",0,23
"673","48035","Bosque County, Texas","B16002_027",3,5
"674","48035","Bosque County, Texas","B16002_028",0,23
"675","48035","Bosque County, Texas","B16002_029",3,5
"676","48035","Bosque County, Texas","B16002_030",9,13
"677","48035","Bosque County, Texas","B16002_031",0,23
"678","48035","Bosque County, Texas","B16002_032",9,13
"679","48035","Bosque County, Texas","B16002_033",0,23
"680","48035","Bosque County, Texas","B16002_034",0,23
"681","48035","Bosque County, Texas","B16002_035",0,23
"682","48035","Bosque County, Texas","B16002_036",0,23
"683","48035","Bosque County, Texas","B16002_037",0,23
"684","48035","Bosque County, Texas","B16002_038",0,23
"685","48037","Bowie County, Texas","B16002_001",35073,498
"686","48037","Bowie County, Texas","B16002_002",32054,600
"687","48037","Bowie County, Texas","B16002_003",2002,313
"688","48037","Bowie County, Texas","B16002_004",302,131
"689","48037","Bowie County, Texas","B16002_005",1700,313
"690","48037","Bowie County, Texas","B16002_006",117,97
"691","48037","Bowie County, Texas","B16002_007",0,35
"692","48037","Bowie County, Texas","B16002_008",117,97
"693","48037","Bowie County, Texas","B16002_009",55,44
"694","48037","Bowie County, Texas","B16002_010",0,35
"695","48037","Bowie County, Texas","B16002_011",55,44
"696","48037","Bowie County, Texas","B16002_012",78,95
"697","48037","Bowie County, Texas","B16002_013",17,27
"698","48037","Bowie County, Texas","B16002_014",61,92
"699","48037","Bowie County, Texas","B16002_015",305,213
"700","48037","Bowie County, Texas","B16002_016",10,17
"701","48037","Bowie County, Texas","B16002_017",295,209
"702","48037","Bowie County, Texas","B16002_018",111,98
"703","48037","Bowie County, Texas","B16002_019",0,35
"704","48037","Bowie County, Texas","B16002_020",111,98
"705","48037","Bowie County, Texas","B16002_021",95,74
"706","48037","Bowie County, Texas","B16002_022",34,46
"707","48037","Bowie County, Texas","B16002_023",61,57
"708","48037","Bowie County, Texas","B16002_024",85,65
"709","48037","Bowie County, Texas","B16002_025",0,35
"710","48037","Bowie County, Texas","B16002_026",85,65
"711","48037","Bowie County, Texas","B16002_027",104,76
"712","48037","Bowie County, Texas","B16002_028",0,35
"713","48037","Bowie County, Texas","B16002_029",104,76
"714","48037","Bowie County, Texas","B16002_030",27,35
"715","48037","Bowie County, Texas","B16002_031",17,31
"716","48037","Bowie County, Texas","B16002_032",10,16
"717","48037","Bowie County, Texas","B16002_033",15,24
"718","48037","Bowie County, Texas","B16002_034",0,35
"719","48037","Bowie County, Texas","B16002_035",15,24
"720","48037","Bowie County, Texas","B16002_036",25,38
"721","48037","Bowie County, Texas","B16002_037",0,35
"722","48037","Bowie County, Texas","B16002_038",25,38
"723","48039","Brazoria County, Texas","B16002_001",133898,1160
"724","48039","Brazoria County, Texas","B16002_002",92129,1648
"725","48039","Brazoria County, Texas","B16002_003",29614,1003
"726","48039","Brazoria County, Texas","B16002_004",4083,527
"727","48039","Brazoria County, Texas","B16002_005",25531,1075
"728","48039","Brazoria County, Texas","B16002_006",667,248
"729","48039","Brazoria County, Texas","B16002_007",0,35
"730","48039","Brazoria County, Texas","B16002_008",667,248
"731","48039","Brazoria County, Texas","B16002_009",333,143
"732","48039","Brazoria County, Texas","B16002_010",34,39
"733","48039","Brazoria County, Texas","B16002_011",299,135
"734","48039","Brazoria County, Texas","B16002_012",358,174
"735","48039","Brazoria County, Texas","B16002_013",0,35
"736","48039","Brazoria County, Texas","B16002_014",358,174
"737","48039","Brazoria County, Texas","B16002_015",1732,357
"738","48039","Brazoria County, Texas","B16002_016",57,52
"739","48039","Brazoria County, Texas","B16002_017",1675,348
"740","48039","Brazoria County, Texas","B16002_018",326,152
"741","48039","Brazoria County, Texas","B16002_019",93,84
"742","48039","Brazoria County, Texas","B16002_020",233,149
"743","48039","Brazoria County, Texas","B16002_021",1819,304
"744","48039","Brazoria County, Texas","B16002_022",445,212
"745","48039","Brazoria County, Texas","B16002_023",1374,230
"746","48039","Brazoria County, Texas","B16002_024",2234,359
"747","48039","Brazoria County, Texas","B16002_025",593,269
"748","48039","Brazoria County, Texas","B16002_026",1641,337
"749","48039","Brazoria County, Texas","B16002_027",1520,357
"750","48039","Brazoria County, Texas","B16002_028",90,110
"751","48039","Brazoria County, Texas","B16002_029",1430,345
"752","48039","Brazoria County, Texas","B16002_030",1449,330
"753","48039","Brazoria County, Texas","B16002_031",219,109
"754","48039","Brazoria County, Texas","B16002_032",1230,316
"755","48039","Brazoria County, Texas","B16002_033",529,215
"756","48039","Brazoria County, Texas","B16002_034",0,35
"757","48039","Brazoria County, Texas","B16002_035",529,215
"758","48039","Brazoria County, Texas","B16002_036",1188,558
"759","48039","Brazoria County, Texas","B16002_037",9,16
"760","48039","Brazoria County, Texas","B16002_038",1179,558
"761","48041","Brazos County, Texas","B16002_001",91087,1012
"762","48041","Brazos County, Texas","B16002_002",66689,1111
"763","48041","Brazos County, Texas","B16002_003",16416,678
"764","48041","Brazos County, Texas","B16002_004",2546,430
"765","48041","Brazos County, Texas","B16002_005",13870,690
"766","48041","Brazos County, Texas","B16002_006",420,172
"767","48041","Brazos County, Texas","B16002_007",62,71
"768","48041","Brazos County, Texas","B16002_008",358,169
"769","48041","Brazos County, Texas","B16002_009",410,147
"770","48041","Brazos County, Texas","B16002_010",0,35
"771","48041","Brazos County, Texas","B16002_011",410,147
"772","48041","Brazos County, Texas","B16002_012",250,113
"773","48041","Brazos County, Texas","B16002_013",18,28
"774","48041","Brazos County, Texas","B16002_014",232,109
"775","48041","Brazos County, Texas","B16002_015",2072,310
"776","48041","Brazos County, Texas","B16002_016",272,170
"777","48041","Brazos County, Texas","B16002_017",1800,296
"778","48041","Brazos County, Texas","B16002_018",604,224
"779","48041","Brazos County, Texas","B16002_019",164,117
"780","48041","Brazos County, Texas","B16002_020",440,176
"781","48041","Brazos County, Texas","B16002_021",1359,279
"782","48041","Brazos County, Texas","B16002_022",298,111
"783","48041","Brazos County, Texas","B16002_023",1061,238
"784","48041","Brazos County, Texas","B16002_024",222,97
"785","48041","Brazos County, Texas","B16002_025",0,35
"786","48041","Brazos County, Texas","B16002_026",222,97
"787","48041","Brazos County, Texas","B16002_027",225,121
"788","48041","Brazos County, Texas","B16002_028",0,35
"789","48041","Brazos County, Texas","B16002_029",225,121
"790","48041","Brazos County, Texas","B16002_030",1341,334
"791","48041","Brazos County, Texas","B16002_031",251,179
"792","48041","Brazos County, Texas","B16002_032",1090,284
"793","48041","Brazos County, Texas","B16002_033",614,228
"794","48041","Brazos County, Texas","B16002_034",90,106
"795","48041","Brazos County, Texas","B16002_035",524,199
"796","48041","Brazos County, Texas","B16002_036",465,198
"797","48041","Brazos County, Texas","B16002_037",18,25
"798","48041","Brazos County, Texas","B16002_038",447,200
"799","48043","Brewster County, Texas","B16002_001",4951,177
"800","48043","Brewster County, Texas","B16002_002",3118,279
"801","48043","Brewster County, Texas","B16002_003",1710,224
"802","48043","Brewster County, Texas","B16002_004",236,151
"803","48043","Brewster County, Texas","B16002_005",1474,231
"804","48043","Brewster County, Texas","B16002_006",0,21
"805","48043","Brewster County, Texas","B16002_007",0,21
"806","48043","Brewster County, Texas","B16002_008",0,21
"807","48043","Brewster County, Texas","B16002_009",15,26
"808","48043","Brewster County, Texas","B16002_010",0,21
"809","48043","Brewster County, Texas","B16002_011",15,26
"810","48043","Brewster County, Texas","B16002_012",0,21
"811","48043","Brewster County, Texas","B16002_013",0,21
"812","48043","Brewster County, Texas","B16002_014",0,21
"813","48043","Brewster County, Texas","B16002_015",0,21
"814","48043","Brewster County, Texas","B16002_016",0,21
"815","48043","Brewster County, Texas","B16002_017",0,21
"816","48043","Brewster County, Texas","B16002_018",0,21
"817","48043","Brewster County, Texas","B16002_019",0,21
"818","48043","Brewster County, Texas","B16002_020",0,21
"819","48043","Brewster County, Texas","B16002_021",0,21
"820","48043","Brewster County, Texas","B16002_022",0,21
"821","48043","Brewster County, Texas","B16002_023",0,21
"822","48043","Brewster County, Texas","B16002_024",0,21
"823","48043","Brewster County, Texas","B16002_025",0,21
"824","48043","Brewster County, Texas","B16002_026",0,21
"825","48043","Brewster County, Texas","B16002_027",38,56
"826","48043","Brewster County, Texas","B16002_028",0,21
"827","48043","Brewster County, Texas","B16002_029",38,56
"828","48043","Brewster County, Texas","B16002_030",33,44
"829","48043","Brewster County, Texas","B16002_031",0,21
"830","48043","Brewster County, Texas","B16002_032",33,44
"831","48043","Brewster County, Texas","B16002_033",0,21
"832","48043","Brewster County, Texas","B16002_034",0,21
"833","48043","Brewster County, Texas","B16002_035",0,21
"834","48043","Brewster County, Texas","B16002_036",37,54
"835","48043","Brewster County, Texas","B16002_037",0,21
"836","48043","Brewster County, Texas","B16002_038",37,54
"837","48045","Briscoe County, Texas","B16002_001",553,74
"838","48045","Briscoe County, Texas","B16002_002",432,77
"839","48045","Briscoe County, Texas","B16002_003",105,43
"840","48045","Briscoe County, Texas","B16002_004",16,13
"841","48045","Briscoe County, Texas","B16002_005",89,42
"842","48045","Briscoe County, Texas","B16002_006",0,15
"843","48045","Briscoe County, Texas","B16002_007",0,15
"844","48045","Briscoe County, Texas","B16002_008",0,15
"845","48045","Briscoe County, Texas","B16002_009",7,9
"846","48045","Briscoe County, Texas","B16002_010",7,9
"847","48045","Briscoe County, Texas","B16002_011",0,15
"848","48045","Briscoe County, Texas","B16002_012",9,14
"849","48045","Briscoe County, Texas","B16002_013",0,15
"850","48045","Briscoe County, Texas","B16002_014",9,14
"851","48045","Briscoe County, Texas","B16002_015",0,15
"852","48045","Briscoe County, Texas","B16002_016",0,15
"853","48045","Briscoe County, Texas","B16002_017",0,15
"854","48045","Briscoe County, Texas","B16002_018",0,15
"855","48045","Briscoe County, Texas","B16002_019",0,15
"856","48045","Briscoe County, Texas","B16002_020",0,15
"857","48045","Briscoe County, Texas","B16002_021",0,15
"858","48045","Briscoe County, Texas","B16002_022",0,15
"859","48045","Briscoe County, Texas","B16002_023",0,15
"860","48045","Briscoe County, Texas","B16002_024",0,15
"861","48045","Briscoe County, Texas","B16002_025",0,15
"862","48045","Briscoe County, Texas","B16002_026",0,15
"863","48045","Briscoe County, Texas","B16002_027",0,15
"864","48045","Briscoe County, Texas","B16002_028",0,15
"865","48045","Briscoe County, Texas","B16002_029",0,15
"866","48045","Briscoe County, Texas","B16002_030",0,15
"867","48045","Briscoe County, Texas","B16002_031",0,15
"868","48045","Briscoe County, Texas","B16002_032",0,15
"869","48045","Briscoe County, Texas","B16002_033",0,15
"870","48045","Briscoe County, Texas","B16002_034",0,15
"871","48045","Briscoe County, Texas","B16002_035",0,15
"872","48045","Briscoe County, Texas","B16002_036",0,15
"873","48045","Briscoe County, Texas","B16002_037",0,15
"874","48045","Briscoe County, Texas","B16002_038",0,15
"875","48047","Brooks County, Texas","B16002_001",2977,260
"876","48047","Brooks County, Texas","B16002_002",507,218
"877","48047","Brooks County, Texas","B16002_003",2430,317
"878","48047","Brooks County, Texas","B16002_004",342,185
"879","48047","Brooks County, Texas","B16002_005",2088,369
"880","48047","Brooks County, Texas","B16002_006",0,21
"881","48047","Brooks County, Texas","B16002_007",0,21
"882","48047","Brooks County, Texas","B16002_008",0,21
"883","48047","Brooks County, Texas","B16002_009",0,21
"884","48047","Brooks County, Texas","B16002_010",0,21
"885","48047","Brooks County, Texas","B16002_011",0,21
"886","48047","Brooks County, Texas","B16002_012",0,21
"887","48047","Brooks County, Texas","B16002_013",0,21
"888","48047","Brooks County, Texas","B16002_014",0,21
"889","48047","Brooks County, Texas","B16002_015",0,21
"890","48047","Brooks County, Texas","B16002_016",0,21
"891","48047","Brooks County, Texas","B16002_017",0,21
"892","48047","Brooks County, Texas","B16002_018",0,21
"893","48047","Brooks County, Texas","B16002_019",0,21
"894","48047","Brooks County, Texas","B16002_020",0,21
"895","48047","Brooks County, Texas","B16002_021",0,21
"896","48047","Brooks County, Texas","B16002_022",0,21
"897","48047","Brooks County, Texas","B16002_023",0,21
"898","48047","Brooks County, Texas","B16002_024",0,21
"899","48047","Brooks County, Texas","B16002_025",0,21
"900","48047","Brooks County, Texas","B16002_026",0,21
"901","48047","Brooks County, Texas","B16002_027",0,21
"902","48047","Brooks County, Texas","B16002_028",0,21
"903","48047","Brooks County, Texas","B16002_029",0,21
"904","48047","Brooks County, Texas","B16002_030",0,21
"905","48047","Brooks County, Texas","B16002_031",0,21
"906","48047","Brooks County, Texas","B16002_032",0,21
"907","48047","Brooks County, Texas","B16002_033",0,21
"908","48047","Brooks County, Texas","B16002_034",0,21
"909","48047","Brooks County, Texas","B16002_035",0,21
"910","48047","Brooks County, Texas","B16002_036",40,67
"911","48047","Brooks County, Texas","B16002_037",0,21
"912","48047","Brooks County, Texas","B16002_038",40,67
"913","48049","Brown County, Texas","B16002_001",14972,381
"914","48049","Brown County, Texas","B16002_002",11982,404
"915","48049","Brown County, Texas","B16002_003",2796,243
"916","48049","Brown County, Texas","B16002_004",186,92
"917","48049","Brown County, Texas","B16002_005",2610,246
"918","48049","Brown County, Texas","B16002_006",38,31
"919","48049","Brown County, Texas","B16002_007",0,31
"920","48049","Brown County, Texas","B16002_008",38,31
"921","48049","Brown County, Texas","B16002_009",33,45
"922","48049","Brown County, Texas","B16002_010",0,31
"923","48049","Brown County, Texas","B16002_011",33,45
"924","48049","Brown County, Texas","B16002_012",19,31
"925","48049","Brown County, Texas","B16002_013",0,31
"926","48049","Brown County, Texas","B16002_014",19,31
"927","48049","Brown County, Texas","B16002_015",25,26
"928","48049","Brown County, Texas","B16002_016",0,31
"929","48049","Brown County, Texas","B16002_017",25,26
"930","48049","Brown County, Texas","B16002_018",0,31
"931","48049","Brown County, Texas","B16002_019",0,31
"932","48049","Brown County, Texas","B16002_020",0,31
"933","48049","Brown County, Texas","B16002_021",25,25
"934","48049","Brown County, Texas","B16002_022",7,11
"935","48049","Brown County, Texas","B16002_023",18,24
"936","48049","Brown County, Texas","B16002_024",16,32
"937","48049","Brown County, Texas","B16002_025",16,32
"938","48049","Brown County, Texas","B16002_026",0,31
"939","48049","Brown County, Texas","B16002_027",7,12
"940","48049","Brown County, Texas","B16002_028",0,31
"941","48049","Brown County, Texas","B16002_029",7,12
"942","48049","Brown County, Texas","B16002_030",16,20
"943","48049","Brown County, Texas","B16002_031",10,16
"944","48049","Brown County, Texas","B16002_032",6,11
"945","48049","Brown County, Texas","B16002_033",8,13
"946","48049","Brown County, Texas","B16002_034",0,31
"947","48049","Brown County, Texas","B16002_035",8,13
"948","48049","Brown County, Texas","B16002_036",7,12
"949","48049","Brown County, Texas","B16002_037",0,31
"950","48049","Brown County, Texas","B16002_038",7,12
"951","48051","Burleson County, Texas","B16002_001",7900,218
"952","48051","Burleson County, Texas","B16002_002",6638,219
"953","48051","Burleson County, Texas","B16002_003",1130,153
"954","48051","Burleson County, Texas","B16002_004",163,99
"955","48051","Burleson County, Texas","B16002_005",967,168
"956","48051","Burleson County, Texas","B16002_006",5,10
"957","48051","Burleson County, Texas","B16002_007",0,23
"958","48051","Burleson County, Texas","B16002_008",5,10
"959","48051","Burleson County, Texas","B16002_009",17,26
"960","48051","Burleson County, Texas","B16002_010",0,23
"961","48051","Burleson County, Texas","B16002_011",17,26
"962","48051","Burleson County, Texas","B16002_012",22,27
"963","48051","Burleson County, Texas","B16002_013",0,23
"964","48051","Burleson County, Texas","B16002_014",22,27
"965","48051","Burleson County, Texas","B16002_015",7,9
"966","48051","Burleson County, Texas","B16002_016",0,23
"967","48051","Burleson County, Texas","B16002_017",7,9
"968","48051","Burleson County, Texas","B16002_018",22,28
"969","48051","Burleson County, Texas","B16002_019",0,23
"970","48051","Burleson County, Texas","B16002_020",22,28
"971","48051","Burleson County, Texas","B16002_021",0,23
"972","48051","Burleson County, Texas","B16002_022",0,23
"973","48051","Burleson County, Texas","B16002_023",0,23
"974","48051","Burleson County, Texas","B16002_024",33,22
"975","48051","Burleson County, Texas","B16002_025",11,12
"976","48051","Burleson County, Texas","B16002_026",22,20
"977","48051","Burleson County, Texas","B16002_027",13,20
"978","48051","Burleson County, Texas","B16002_028",0,23
"979","48051","Burleson County, Texas","B16002_029",13,20
"980","48051","Burleson County, Texas","B16002_030",13,20
"981","48051","Burleson County, Texas","B16002_031",0,23
"982","48051","Burleson County, Texas","B16002_032",13,20
"983","48051","Burleson County, Texas","B16002_033",0,23
"984","48051","Burleson County, Texas","B16002_034",0,23
"985","48051","Burleson County, Texas","B16002_035",0,23
"986","48051","Burleson County, Texas","B16002_036",0,23
"987","48051","Burleson County, Texas","B16002_037",0,23
"988","48051","Burleson County, Texas","B16002_038",0,23
"989","48053","Burnet County, Texas","B16002_001",20969,478
"990","48053","Burnet County, Texas","B16002_002",17550,528
"991","48053","Burnet County, Texas","B16002_003",3073,374
"992","48053","Burnet County, Texas","B16002_004",334,157
"993","48053","Burnet County, Texas","B16002_005",2739,378
"994","48053","Burnet County, Texas","B16002_006",62,46
"995","48053","Burnet County, Texas","B16002_007",0,35
"996","48053","Burnet County, Texas","B16002_008",62,46
"997","48053","Burnet County, Texas","B16002_009",67,45
"998","48053","Burnet County, Texas","B16002_010",0,35
"999","48053","Burnet County, Texas","B16002_011",67,45
"1000","48053","Burnet County, Texas","B16002_012",0,35
"1001","48053","Burnet County, Texas","B16002_013",0,35
"1002","48053","Burnet County, Texas","B16002_014",0,35
"1003","48053","Burnet County, Texas","B16002_015",127,65
"1004","48053","Burnet County, Texas","B16002_016",35,46
"1005","48053","Burnet County, Texas","B16002_017",92,55
"1006","48053","Burnet County, Texas","B16002_018",24,33
"1007","48053","Burnet County, Texas","B16002_019",0,35
"1008","48053","Burnet County, Texas","B16002_020",24,33
"1009","48053","Burnet County, Texas","B16002_021",1,3
"1010","48053","Burnet County, Texas","B16002_022",0,35
"1011","48053","Burnet County, Texas","B16002_023",1,3
"1012","48053","Burnet County, Texas","B16002_024",18,31
"1013","48053","Burnet County, Texas","B16002_025",18,31
"1014","48053","Burnet County, Texas","B16002_026",0,35
"1015","48053","Burnet County, Texas","B16002_027",13,21
"1016","48053","Burnet County, Texas","B16002_028",0,35
"1017","48053","Burnet County, Texas","B16002_029",13,21
"1018","48053","Burnet County, Texas","B16002_030",18,19
"1019","48053","Burnet County, Texas","B16002_031",0,35
"1020","48053","Burnet County, Texas","B16002_032",18,19
"1021","48053","Burnet County, Texas","B16002_033",0,35
"1022","48053","Burnet County, Texas","B16002_034",0,35
"1023","48053","Burnet County, Texas","B16002_035",0,35
"1024","48053","Burnet County, Texas","B16002_036",16,21
"1025","48053","Burnet County, Texas","B16002_037",0,35
"1026","48053","Burnet County, Texas","B16002_038",16,21
"1027","48055","Caldwell County, Texas","B16002_001",16647,240
"1028","48055","Caldwell County, Texas","B16002_002",9860,504
"1029","48055","Caldwell County, Texas","B16002_003",6633,483
"1030","48055","Caldwell County, Texas","B16002_004",944,285
"1031","48055","Caldwell County, Texas","B16002_005",5689,482
"1032","48055","Caldwell County, Texas","B16002_006",26,36
"1033","48055","Caldwell County, Texas","B16002_007",0,31
"1034","48055","Caldwell County, Texas","B16002_008",26,36
"1035","48055","Caldwell County, Texas","B16002_009",32,31
"1036","48055","Caldwell County, Texas","B16002_010",0,31
"1037","48055","Caldwell County, Texas","B16002_011",32,31
"1038","48055","Caldwell County, Texas","B16002_012",13,23
"1039","48055","Caldwell County, Texas","B16002_013",0,31
"1040","48055","Caldwell County, Texas","B16002_014",13,23
"1041","48055","Caldwell County, Texas","B16002_015",40,16
"1042","48055","Caldwell County, Texas","B16002_016",0,31
"1043","48055","Caldwell County, Texas","B16002_017",40,16
"1044","48055","Caldwell County, Texas","B16002_018",0,31
"1045","48055","Caldwell County, Texas","B16002_019",0,31
"1046","48055","Caldwell County, Texas","B16002_020",0,31
"1047","48055","Caldwell County, Texas","B16002_021",6,10
"1048","48055","Caldwell County, Texas","B16002_022",0,31
"1049","48055","Caldwell County, Texas","B16002_023",6,10
"1050","48055","Caldwell County, Texas","B16002_024",0,31
"1051","48055","Caldwell County, Texas","B16002_025",0,31
"1052","48055","Caldwell County, Texas","B16002_026",0,31
"1053","48055","Caldwell County, Texas","B16002_027",0,31
"1054","48055","Caldwell County, Texas","B16002_028",0,31
"1055","48055","Caldwell County, Texas","B16002_029",0,31
"1056","48055","Caldwell County, Texas","B16002_030",31,35
"1057","48055","Caldwell County, Texas","B16002_031",0,31
"1058","48055","Caldwell County, Texas","B16002_032",31,35
"1059","48055","Caldwell County, Texas","B16002_033",0,31
"1060","48055","Caldwell County, Texas","B16002_034",0,31
"1061","48055","Caldwell County, Texas","B16002_035",0,31
"1062","48055","Caldwell County, Texas","B16002_036",6,10
"1063","48055","Caldwell County, Texas","B16002_037",0,31
"1064","48055","Caldwell County, Texas","B16002_038",6,10
"1065","48057","Calhoun County, Texas","B16002_001",8670,462
"1066","48057","Calhoun County, Texas","B16002_002",5497,550
"1067","48057","Calhoun County, Texas","B16002_003",2693,404
"1068","48057","Calhoun County, Texas","B16002_004",111,83
"1069","48057","Calhoun County, Texas","B16002_005",2582,390
"1070","48057","Calhoun County, Texas","B16002_006",31,53
"1071","48057","Calhoun County, Texas","B16002_007",31,53
"1072","48057","Calhoun County, Texas","B16002_008",0,23
"1073","48057","Calhoun County, Texas","B16002_009",14,18
"1074","48057","Calhoun County, Texas","B16002_010",0,23
"1075","48057","Calhoun County, Texas","B16002_011",14,18
"1076","48057","Calhoun County, Texas","B16002_012",0,23
"1077","48057","Calhoun County, Texas","B16002_013",0,23
"1078","48057","Calhoun County, Texas","B16002_014",0,23
"1079","48057","Calhoun County, Texas","B16002_015",0,23
"1080","48057","Calhoun County, Texas","B16002_016",0,23
"1081","48057","Calhoun County, Texas","B16002_017",0,23
"1082","48057","Calhoun County, Texas","B16002_018",0,23
"1083","48057","Calhoun County, Texas","B16002_019",0,23
"1084","48057","Calhoun County, Texas","B16002_020",0,23
"1085","48057","Calhoun County, Texas","B16002_021",265,81
"1086","48057","Calhoun County, Texas","B16002_022",151,71
"1087","48057","Calhoun County, Texas","B16002_023",114,63
"1088","48057","Calhoun County, Texas","B16002_024",23,35
"1089","48057","Calhoun County, Texas","B16002_025",23,35
"1090","48057","Calhoun County, Texas","B16002_026",0,23
"1091","48057","Calhoun County, Texas","B16002_027",9,12
"1092","48057","Calhoun County, Texas","B16002_028",0,23
"1093","48057","Calhoun County, Texas","B16002_029",9,12
"1094","48057","Calhoun County, Texas","B16002_030",78,52
"1095","48057","Calhoun County, Texas","B16002_031",5,9
"1096","48057","Calhoun County, Texas","B16002_032",73,52
"1097","48057","Calhoun County, Texas","B16002_033",11,19
"1098","48057","Calhoun County, Texas","B16002_034",0,23
"1099","48057","Calhoun County, Texas","B16002_035",11,19
"1100","48057","Calhoun County, Texas","B16002_036",49,66
"1101","48057","Calhoun County, Texas","B16002_037",0,23
"1102","48057","Calhoun County, Texas","B16002_038",49,66
"1103","48059","Callahan County, Texas","B16002_001",5239,264
"1104","48059","Callahan County, Texas","B16002_002",4472,292
"1105","48059","Callahan County, Texas","B16002_003",604,167
"1106","48059","Callahan County, Texas","B16002_004",6,8
"1107","48059","Callahan County, Texas","B16002_005",598,169
"1108","48059","Callahan County, Texas","B16002_006",8,14
"1109","48059","Callahan County, Texas","B16002_007",0,23
"1110","48059","Callahan County, Texas","B16002_008",8,14
"1111","48059","Callahan County, Texas","B16002_009",48,51
"1112","48059","Callahan County, Texas","B16002_010",0,23
"1113","48059","Callahan County, Texas","B16002_011",48,51
"1114","48059","Callahan County, Texas","B16002_012",0,23
"1115","48059","Callahan County, Texas","B16002_013",0,23
"1116","48059","Callahan County, Texas","B16002_014",0,23
"1117","48059","Callahan County, Texas","B16002_015",37,51
"1118","48059","Callahan County, Texas","B16002_016",0,23
"1119","48059","Callahan County, Texas","B16002_017",37,51
"1120","48059","Callahan County, Texas","B16002_018",0,23
"1121","48059","Callahan County, Texas","B16002_019",0,23
"1122","48059","Callahan County, Texas","B16002_020",0,23
"1123","48059","Callahan County, Texas","B16002_021",5,8
"1124","48059","Callahan County, Texas","B16002_022",0,23
"1125","48059","Callahan County, Texas","B16002_023",5,8
"1126","48059","Callahan County, Texas","B16002_024",0,23
"1127","48059","Callahan County, Texas","B16002_025",0,23
"1128","48059","Callahan County, Texas","B16002_026",0,23
"1129","48059","Callahan County, Texas","B16002_027",7,8
"1130","48059","Callahan County, Texas","B16002_028",0,23
"1131","48059","Callahan County, Texas","B16002_029",7,8
"1132","48059","Callahan County, Texas","B16002_030",16,20
"1133","48059","Callahan County, Texas","B16002_031",0,23
"1134","48059","Callahan County, Texas","B16002_032",16,20
"1135","48059","Callahan County, Texas","B16002_033",0,23
"1136","48059","Callahan County, Texas","B16002_034",0,23
"1137","48059","Callahan County, Texas","B16002_035",0,23
"1138","48059","Callahan County, Texas","B16002_036",42,36
"1139","48059","Callahan County, Texas","B16002_037",0,23
"1140","48059","Callahan County, Texas","B16002_038",42,36
"1141","48061","Cameron County, Texas","B16002_001",138433,877
"1142","48061","Cameron County, Texas","B16002_002",26202,982
"1143","48061","Cameron County, Texas","B16002_003",110403,1244
"1144","48061","Cameron County, Texas","B16002_004",21895,1207
"1145","48061","Cameron County, Texas","B16002_005",88508,1618
"1146","48061","Cameron County, Texas","B16002_006",201,117
"1147","48061","Cameron County, Texas","B16002_007",22,34
"1148","48061","Cameron County, Texas","B16002_008",179,108
"1149","48061","Cameron County, Texas","B16002_009",52,42
"1150","48061","Cameron County, Texas","B16002_010",6,10
"1151","48061","Cameron County, Texas","B16002_011",46,40
"1152","48061","Cameron County, Texas","B16002_012",222,112
"1153","48061","Cameron County, Texas","B16002_013",42,57
"1154","48061","Cameron County, Texas","B16002_014",180,101
"1155","48061","Cameron County, Texas","B16002_015",434,157
"1156","48061","Cameron County, Texas","B16002_016",60,63
"1157","48061","Cameron County, Texas","B16002_017",374,148
"1158","48061","Cameron County, Texas","B16002_018",65,55
"1159","48061","Cameron County, Texas","B16002_019",32,35
"1160","48061","Cameron County, Texas","B16002_020",33,38
"1161","48061","Cameron County, Texas","B16002_021",78,54
"1162","48061","Cameron County, Texas","B16002_022",17,24
"1163","48061","Cameron County, Texas","B16002_023",61,49
"1164","48061","Cameron County, Texas","B16002_024",135,77
"1165","48061","Cameron County, Texas","B16002_025",33,33
"1166","48061","Cameron County, Texas","B16002_026",102,71
"1167","48061","Cameron County, Texas","B16002_027",306,106
"1168","48061","Cameron County, Texas","B16002_028",10,17
"1169","48061","Cameron County, Texas","B16002_029",296,104
"1170","48061","Cameron County, Texas","B16002_030",222,120
"1171","48061","Cameron County, Texas","B16002_031",49,52
"1172","48061","Cameron County, Texas","B16002_032",173,113
"1173","48061","Cameron County, Texas","B16002_033",109,114
"1174","48061","Cameron County, Texas","B16002_034",0,35
"1175","48061","Cameron County, Texas","B16002_035",109,114
"1176","48061","Cameron County, Texas","B16002_036",4,6
"1177","48061","Cameron County, Texas","B16002_037",0,35
"1178","48061","Cameron County, Texas","B16002_038",4,6
"1179","48063","Camp County, Texas","B16002_001",4817,248
"1180","48063","Camp County, Texas","B16002_002",3957,244
"1181","48063","Camp County, Texas","B16002_003",759,119
"1182","48063","Camp County, Texas","B16002_004",157,96
"1183","48063","Camp County, Texas","B16002_005",602,157
"1184","48063","Camp County, Texas","B16002_006",30,34
"1185","48063","Camp County, Texas","B16002_007",0,23
"1186","48063","Camp County, Texas","B16002_008",30,34
"1187","48063","Camp County, Texas","B16002_009",0,23
"1188","48063","Camp County, Texas","B16002_010",0,23
"1189","48063","Camp County, Texas","B16002_011",0,23
"1190","48063","Camp County, Texas","B16002_012",0,23
"1191","48063","Camp County, Texas","B16002_013",0,23
"1192","48063","Camp County, Texas","B16002_014",0,23
"1193","48063","Camp County, Texas","B16002_015",14,29
"1194","48063","Camp County, Texas","B16002_016",0,23
"1195","48063","Camp County, Texas","B16002_017",14,29
"1196","48063","Camp County, Texas","B16002_018",0,23
"1197","48063","Camp County, Texas","B16002_019",0,23
"1198","48063","Camp County, Texas","B16002_020",0,23
"1199","48063","Camp County, Texas","B16002_021",0,23
"1200","48063","Camp County, Texas","B16002_022",0,23
"1201","48063","Camp County, Texas","B16002_023",0,23
"1202","48063","Camp County, Texas","B16002_024",37,19
"1203","48063","Camp County, Texas","B16002_025",0,23
"1204","48063","Camp County, Texas","B16002_026",37,19
"1205","48063","Camp County, Texas","B16002_027",0,23
"1206","48063","Camp County, Texas","B16002_028",0,23
"1207","48063","Camp County, Texas","B16002_029",0,23
"1208","48063","Camp County, Texas","B16002_030",0,23
"1209","48063","Camp County, Texas","B16002_031",0,23
"1210","48063","Camp County, Texas","B16002_032",0,23
"1211","48063","Camp County, Texas","B16002_033",20,28
"1212","48063","Camp County, Texas","B16002_034",0,23
"1213","48063","Camp County, Texas","B16002_035",20,28
"1214","48063","Camp County, Texas","B16002_036",0,23
"1215","48063","Camp County, Texas","B16002_037",0,23
"1216","48063","Camp County, Texas","B16002_038",0,23
"1217","48065","Carson County, Texas","B16002_001",2293,113
"1218","48065","Carson County, Texas","B16002_002",2195,123
"1219","48065","Carson County, Texas","B16002_003",85,37
"1220","48065","Carson County, Texas","B16002_004",0,21
"1221","48065","Carson County, Texas","B16002_005",85,37
"1222","48065","Carson County, Texas","B16002_006",0,21
"1223","48065","Carson County, Texas","B16002_007",0,21
"1224","48065","Carson County, Texas","B16002_008",0,21
"1225","48065","Carson County, Texas","B16002_009",10,18
"1226","48065","Carson County, Texas","B16002_010",0,21
"1227","48065","Carson County, Texas","B16002_011",10,18
"1228","48065","Carson County, Texas","B16002_012",0,21
"1229","48065","Carson County, Texas","B16002_013",0,21
"1230","48065","Carson County, Texas","B16002_014",0,21
"1231","48065","Carson County, Texas","B16002_015",0,21
"1232","48065","Carson County, Texas","B16002_016",0,21
"1233","48065","Carson County, Texas","B16002_017",0,21
"1234","48065","Carson County, Texas","B16002_018",1,2
"1235","48065","Carson County, Texas","B16002_019",0,21
"1236","48065","Carson County, Texas","B16002_020",1,2
"1237","48065","Carson County, Texas","B16002_021",2,3
"1238","48065","Carson County, Texas","B16002_022",0,21
"1239","48065","Carson County, Texas","B16002_023",2,3
"1240","48065","Carson County, Texas","B16002_024",0,21
"1241","48065","Carson County, Texas","B16002_025",0,21
"1242","48065","Carson County, Texas","B16002_026",0,21
"1243","48065","Carson County, Texas","B16002_027",0,21
"1244","48065","Carson County, Texas","B16002_028",0,21
"1245","48065","Carson County, Texas","B16002_029",0,21
"1246","48065","Carson County, Texas","B16002_030",0,21
"1247","48065","Carson County, Texas","B16002_031",0,21
"1248","48065","Carson County, Texas","B16002_032",0,21
"1249","48065","Carson County, Texas","B16002_033",0,21
"1250","48065","Carson County, Texas","B16002_034",0,21
"1251","48065","Carson County, Texas","B16002_035",0,21
"1252","48065","Carson County, Texas","B16002_036",0,21
"1253","48065","Carson County, Texas","B16002_037",0,21
"1254","48065","Carson County, Texas","B16002_038",0,21
"1255","48067","Cass County, Texas","B16002_001",11805,313
"1256","48067","Cass County, Texas","B16002_002",11195,360
"1257","48067","Cass County, Texas","B16002_003",372,116
"1258","48067","Cass County, Texas","B16002_004",0,28
"1259","48067","Cass County, Texas","B16002_005",372,116
"1260","48067","Cass County, Texas","B16002_006",13,21
"1261","48067","Cass County, Texas","B16002_007",0,28
"1262","48067","Cass County, Texas","B16002_008",13,21
"1263","48067","Cass County, Texas","B16002_009",97,88
"1264","48067","Cass County, Texas","B16002_010",0,28
"1265","48067","Cass County, Texas","B16002_011",97,88
"1266","48067","Cass County, Texas","B16002_012",6,11
"1267","48067","Cass County, Texas","B16002_013",0,28
"1268","48067","Cass County, Texas","B16002_014",6,11
"1269","48067","Cass County, Texas","B16002_015",41,32
"1270","48067","Cass County, Texas","B16002_016",21,26
"1271","48067","Cass County, Texas","B16002_017",20,20
"1272","48067","Cass County, Texas","B16002_018",0,28
"1273","48067","Cass County, Texas","B16002_019",0,28
"1274","48067","Cass County, Texas","B16002_020",0,28
"1275","48067","Cass County, Texas","B16002_021",36,58
"1276","48067","Cass County, Texas","B16002_022",0,28
"1277","48067","Cass County, Texas","B16002_023",36,58
"1278","48067","Cass County, Texas","B16002_024",1,3
"1279","48067","Cass County, Texas","B16002_025",1,3
"1280","48067","Cass County, Texas","B16002_026",0,28
"1281","48067","Cass County, Texas","B16002_027",18,26
"1282","48067","Cass County, Texas","B16002_028",0,28
"1283","48067","Cass County, Texas","B16002_029",18,26
"1284","48067","Cass County, Texas","B16002_030",13,18
"1285","48067","Cass County, Texas","B16002_031",0,28
"1286","48067","Cass County, Texas","B16002_032",13,18
"1287","48067","Cass County, Texas","B16002_033",13,13
"1288","48067","Cass County, Texas","B16002_034",0,28
"1289","48067","Cass County, Texas","B16002_035",13,13
"1290","48067","Cass County, Texas","B16002_036",0,28
"1291","48067","Cass County, Texas","B16002_037",0,28
"1292","48067","Cass County, Texas","B16002_038",0,28
"1293","48069","Castro County, Texas","B16002_001",2413,136
"1294","48069","Castro County, Texas","B16002_002",1070,126
"1295","48069","Castro County, Texas","B16002_003",1277,160
"1296","48069","Castro County, Texas","B16002_004",177,84
"1297","48069","Castro County, Texas","B16002_005",1100,149
"1298","48069","Castro County, Texas","B16002_006",0,21
"1299","48069","Castro County, Texas","B16002_007",0,21
"1300","48069","Castro County, Texas","B16002_008",0,21
"1301","48069","Castro County, Texas","B16002_009",0,21
"1302","48069","Castro County, Texas","B16002_010",0,21
"1303","48069","Castro County, Texas","B16002_011",0,21
"1304","48069","Castro County, Texas","B16002_012",0,21
"1305","48069","Castro County, Texas","B16002_013",0,21
"1306","48069","Castro County, Texas","B16002_014",0,21
"1307","48069","Castro County, Texas","B16002_015",0,21
"1308","48069","Castro County, Texas","B16002_016",0,21
"1309","48069","Castro County, Texas","B16002_017",0,21
"1310","48069","Castro County, Texas","B16002_018",0,21
"1311","48069","Castro County, Texas","B16002_019",0,21
"1312","48069","Castro County, Texas","B16002_020",0,21
"1313","48069","Castro County, Texas","B16002_021",0,21
"1314","48069","Castro County, Texas","B16002_022",0,21
"1315","48069","Castro County, Texas","B16002_023",0,21
"1316","48069","Castro County, Texas","B16002_024",0,21
"1317","48069","Castro County, Texas","B16002_025",0,21
"1318","48069","Castro County, Texas","B16002_026",0,21
"1319","48069","Castro County, Texas","B16002_027",51,75
"1320","48069","Castro County, Texas","B16002_028",51,75
"1321","48069","Castro County, Texas","B16002_029",0,21
"1322","48069","Castro County, Texas","B16002_030",15,14
"1323","48069","Castro County, Texas","B16002_031",0,21
"1324","48069","Castro County, Texas","B16002_032",15,14
"1325","48069","Castro County, Texas","B16002_033",0,21
"1326","48069","Castro County, Texas","B16002_034",0,21
"1327","48069","Castro County, Texas","B16002_035",0,21
"1328","48069","Castro County, Texas","B16002_036",0,21
"1329","48069","Castro County, Texas","B16002_037",0,21
"1330","48069","Castro County, Texas","B16002_038",0,21
"1331","48071","Chambers County, Texas","B16002_001",17229,420
"1332","48071","Chambers County, Texas","B16002_002",13137,524
"1333","48071","Chambers County, Texas","B16002_003",3368,427
"1334","48071","Chambers County, Texas","B16002_004",456,256
"1335","48071","Chambers County, Texas","B16002_005",2912,425
"1336","48071","Chambers County, Texas","B16002_006",83,78
"1337","48071","Chambers County, Texas","B16002_007",0,35
"1338","48071","Chambers County, Texas","B16002_008",83,78
"1339","48071","Chambers County, Texas","B16002_009",17,27
"1340","48071","Chambers County, Texas","B16002_010",0,35
"1341","48071","Chambers County, Texas","B16002_011",17,27
"1342","48071","Chambers County, Texas","B16002_012",176,112
"1343","48071","Chambers County, Texas","B16002_013",0,35
"1344","48071","Chambers County, Texas","B16002_014",176,112
"1345","48071","Chambers County, Texas","B16002_015",95,108
"1346","48071","Chambers County, Texas","B16002_016",0,35
"1347","48071","Chambers County, Texas","B16002_017",95,108
"1348","48071","Chambers County, Texas","B16002_018",0,35
"1349","48071","Chambers County, Texas","B16002_019",0,35
"1350","48071","Chambers County, Texas","B16002_020",0,35
"1351","48071","Chambers County, Texas","B16002_021",0,35
"1352","48071","Chambers County, Texas","B16002_022",0,35
"1353","48071","Chambers County, Texas","B16002_023",0,35
"1354","48071","Chambers County, Texas","B16002_024",80,60
"1355","48071","Chambers County, Texas","B16002_025",0,35
"1356","48071","Chambers County, Texas","B16002_026",80,60
"1357","48071","Chambers County, Texas","B16002_027",62,75
"1358","48071","Chambers County, Texas","B16002_028",0,35
"1359","48071","Chambers County, Texas","B16002_029",62,75
"1360","48071","Chambers County, Texas","B16002_030",115,112
"1361","48071","Chambers County, Texas","B16002_031",58,93
"1362","48071","Chambers County, Texas","B16002_032",57,66
"1363","48071","Chambers County, Texas","B16002_033",0,35
"1364","48071","Chambers County, Texas","B16002_034",0,35
"1365","48071","Chambers County, Texas","B16002_035",0,35
"1366","48071","Chambers County, Texas","B16002_036",96,127
"1367","48071","Chambers County, Texas","B16002_037",0,35
"1368","48071","Chambers County, Texas","B16002_038",96,127
"1369","48073","Cherokee County, Texas","B16002_001",18185,453
"1370","48073","Cherokee County, Texas","B16002_002",14968,409
"1371","48073","Cherokee County, Texas","B16002_003",3056,296
"1372","48073","Cherokee County, Texas","B16002_004",557,204
"1373","48073","Cherokee County, Texas","B16002_005",2499,290
"1374","48073","Cherokee County, Texas","B16002_006",18,19
"1375","48073","Cherokee County, Texas","B16002_007",7,15
"1376","48073","Cherokee County, Texas","B16002_008",11,19
"1377","48073","Cherokee County, Texas","B16002_009",0,35
"1378","48073","Cherokee County, Texas","B16002_010",0,35
"1379","48073","Cherokee County, Texas","B16002_011",0,35
"1380","48073","Cherokee County, Texas","B16002_012",20,31
"1381","48073","Cherokee County, Texas","B16002_013",0,35
"1382","48073","Cherokee County, Texas","B16002_014",20,31
"1383","48073","Cherokee County, Texas","B16002_015",16,18
"1384","48073","Cherokee County, Texas","B16002_016",2,4
"1385","48073","Cherokee County, Texas","B16002_017",14,17
"1386","48073","Cherokee County, Texas","B16002_018",0,35
"1387","48073","Cherokee County, Texas","B16002_019",0,35
"1388","48073","Cherokee County, Texas","B16002_020",0,35
"1389","48073","Cherokee County, Texas","B16002_021",20,38
"1390","48073","Cherokee County, Texas","B16002_022",0,35
"1391","48073","Cherokee County, Texas","B16002_023",20,38
"1392","48073","Cherokee County, Texas","B16002_024",5,33
"1393","48073","Cherokee County, Texas","B16002_025",0,35
"1394","48073","Cherokee County, Texas","B16002_026",5,33
"1395","48073","Cherokee County, Texas","B16002_027",66,42
"1396","48073","Cherokee County, Texas","B16002_028",6,11
"1397","48073","Cherokee County, Texas","B16002_029",60,41
"1398","48073","Cherokee County, Texas","B16002_030",7,14
"1399","48073","Cherokee County, Texas","B16002_031",7,14
"1400","48073","Cherokee County, Texas","B16002_032",0,35
"1401","48073","Cherokee County, Texas","B16002_033",0,35
"1402","48073","Cherokee County, Texas","B16002_034",0,35
"1403","48073","Cherokee County, Texas","B16002_035",0,35
"1404","48073","Cherokee County, Texas","B16002_036",9,21
"1405","48073","Cherokee County, Texas","B16002_037",0,35
"1406","48073","Cherokee County, Texas","B16002_038",9,21
"1407","48075","Childress County, Texas","B16002_001",1838,196
"1408","48075","Childress County, Texas","B16002_002",1464,205
"1409","48075","Childress County, Texas","B16002_003",374,122
"1410","48075","Childress County, Texas","B16002_004",14,38
"1411","48075","Childress County, Texas","B16002_005",360,116
"1412","48075","Childress County, Texas","B16002_006",0,21
"1413","48075","Childress County, Texas","B16002_007",0,21
"1414","48075","Childress County, Texas","B16002_008",0,21
"1415","48075","Childress County, Texas","B16002_009",0,21
"1416","48075","Childress County, Texas","B16002_010",0,21
"1417","48075","Childress County, Texas","B16002_011",0,21
"1418","48075","Childress County, Texas","B16002_012",0,21
"1419","48075","Childress County, Texas","B16002_013",0,21
"1420","48075","Childress County, Texas","B16002_014",0,21
"1421","48075","Childress County, Texas","B16002_015",0,21
"1422","48075","Childress County, Texas","B16002_016",0,21
"1423","48075","Childress County, Texas","B16002_017",0,21
"1424","48075","Childress County, Texas","B16002_018",0,21
"1425","48075","Childress County, Texas","B16002_019",0,21
"1426","48075","Childress County, Texas","B16002_020",0,21
"1427","48075","Childress County, Texas","B16002_021",0,21
"1428","48075","Childress County, Texas","B16002_022",0,21
"1429","48075","Childress County, Texas","B16002_023",0,21
"1430","48075","Childress County, Texas","B16002_024",0,21
"1431","48075","Childress County, Texas","B16002_025",0,21
"1432","48075","Childress County, Texas","B16002_026",0,21
"1433","48075","Childress County, Texas","B16002_027",0,21
"1434","48075","Childress County, Texas","B16002_028",0,21
"1435","48075","Childress County, Texas","B16002_029",0,21
"1436","48075","Childress County, Texas","B16002_030",0,21
"1437","48075","Childress County, Texas","B16002_031",0,21
"1438","48075","Childress County, Texas","B16002_032",0,21
"1439","48075","Childress County, Texas","B16002_033",0,21
"1440","48075","Childress County, Texas","B16002_034",0,21
"1441","48075","Childress County, Texas","B16002_035",0,21
"1442","48075","Childress County, Texas","B16002_036",0,21
"1443","48075","Childress County, Texas","B16002_037",0,21
"1444","48075","Childress County, Texas","B16002_038",0,21
"1445","48077","Clay County, Texas","B16002_001",4289,157
"1446","48077","Clay County, Texas","B16002_002",4115,154
"1447","48077","Clay County, Texas","B16002_003",142,52
"1448","48077","Clay County, Texas","B16002_004",0,23
"1449","48077","Clay County, Texas","B16002_005",142,52
"1450","48077","Clay County, Texas","B16002_006",2,3
"1451","48077","Clay County, Texas","B16002_007",0,23
"1452","48077","Clay County, Texas","B16002_008",2,3
"1453","48077","Clay County, Texas","B16002_009",15,18
"1454","48077","Clay County, Texas","B16002_010",0,23
"1455","48077","Clay County, Texas","B16002_011",15,18
"1456","48077","Clay County, Texas","B16002_012",0,23
"1457","48077","Clay County, Texas","B16002_013",0,23
"1458","48077","Clay County, Texas","B16002_014",0,23
"1459","48077","Clay County, Texas","B16002_015",0,23
"1460","48077","Clay County, Texas","B16002_016",0,23
"1461","48077","Clay County, Texas","B16002_017",0,23
"1462","48077","Clay County, Texas","B16002_018",0,23
"1463","48077","Clay County, Texas","B16002_019",0,23
"1464","48077","Clay County, Texas","B16002_020",0,23
"1465","48077","Clay County, Texas","B16002_021",0,23
"1466","48077","Clay County, Texas","B16002_022",0,23
"1467","48077","Clay County, Texas","B16002_023",0,23
"1468","48077","Clay County, Texas","B16002_024",0,23
"1469","48077","Clay County, Texas","B16002_025",0,23
"1470","48077","Clay County, Texas","B16002_026",0,23
"1471","48077","Clay County, Texas","B16002_027",8,12
"1472","48077","Clay County, Texas","B16002_028",0,23
"1473","48077","Clay County, Texas","B16002_029",8,12
"1474","48077","Clay County, Texas","B16002_030",7,9
"1475","48077","Clay County, Texas","B16002_031",0,23
"1476","48077","Clay County, Texas","B16002_032",7,9
"1477","48077","Clay County, Texas","B16002_033",0,23
"1478","48077","Clay County, Texas","B16002_034",0,23
"1479","48077","Clay County, Texas","B16002_035",0,23
"1480","48077","Clay County, Texas","B16002_036",0,23
"1481","48077","Clay County, Texas","B16002_037",0,23
"1482","48077","Clay County, Texas","B16002_038",0,23
"1483","48079","Cochran County, Texas","B16002_001",922,64
"1484","48079","Cochran County, Texas","B16002_002",379,48
"1485","48079","Cochran County, Texas","B16002_003",518,58
"1486","48079","Cochran County, Texas","B16002_004",102,40
"1487","48079","Cochran County, Texas","B16002_005",416,62
"1488","48079","Cochran County, Texas","B16002_006",0,15
"1489","48079","Cochran County, Texas","B16002_007",0,15
"1490","48079","Cochran County, Texas","B16002_008",0,15
"1491","48079","Cochran County, Texas","B16002_009",23,20
"1492","48079","Cochran County, Texas","B16002_010",23,20
"1493","48079","Cochran County, Texas","B16002_011",0,15
"1494","48079","Cochran County, Texas","B16002_012",0,15
"1495","48079","Cochran County, Texas","B16002_013",0,15
"1496","48079","Cochran County, Texas","B16002_014",0,15
"1497","48079","Cochran County, Texas","B16002_015",0,15
"1498","48079","Cochran County, Texas","B16002_016",0,15
"1499","48079","Cochran County, Texas","B16002_017",0,15
"1500","48079","Cochran County, Texas","B16002_018",0,15
"1501","48079","Cochran County, Texas","B16002_019",0,15
"1502","48079","Cochran County, Texas","B16002_020",0,15
"1503","48079","Cochran County, Texas","B16002_021",0,15
"1504","48079","Cochran County, Texas","B16002_022",0,15
"1505","48079","Cochran County, Texas","B16002_023",0,15
"1506","48079","Cochran County, Texas","B16002_024",0,15
"1507","48079","Cochran County, Texas","B16002_025",0,15
"1508","48079","Cochran County, Texas","B16002_026",0,15
"1509","48079","Cochran County, Texas","B16002_027",0,15
"1510","48079","Cochran County, Texas","B16002_028",0,15
"1511","48079","Cochran County, Texas","B16002_029",0,15
"1512","48079","Cochran County, Texas","B16002_030",0,15
"1513","48079","Cochran County, Texas","B16002_031",0,15
"1514","48079","Cochran County, Texas","B16002_032",0,15
"1515","48079","Cochran County, Texas","B16002_033",0,15
"1516","48079","Cochran County, Texas","B16002_034",0,15
"1517","48079","Cochran County, Texas","B16002_035",0,15
"1518","48079","Cochran County, Texas","B16002_036",2,3
"1519","48079","Cochran County, Texas","B16002_037",0,15
"1520","48079","Cochran County, Texas","B16002_038",2,3
"1521","48081","Coke County, Texas","B16002_001",1594,95
"1522","48081","Coke County, Texas","B16002_002",1431,91
"1523","48081","Coke County, Texas","B16002_003",145,52
"1524","48081","Coke County, Texas","B16002_004",16,18
"1525","48081","Coke County, Texas","B16002_005",129,50
"1526","48081","Coke County, Texas","B16002_006",0,15
"1527","48081","Coke County, Texas","B16002_007",0,15
"1528","48081","Coke County, Texas","B16002_008",0,15
"1529","48081","Coke County, Texas","B16002_009",2,4
"1530","48081","Coke County, Texas","B16002_010",0,15
"1531","48081","Coke County, Texas","B16002_011",2,4
"1532","48081","Coke County, Texas","B16002_012",0,15
"1533","48081","Coke County, Texas","B16002_013",0,15
"1534","48081","Coke County, Texas","B16002_014",0,15
"1535","48081","Coke County, Texas","B16002_015",0,15
"1536","48081","Coke County, Texas","B16002_016",0,15
"1537","48081","Coke County, Texas","B16002_017",0,15
"1538","48081","Coke County, Texas","B16002_018",0,15
"1539","48081","Coke County, Texas","B16002_019",0,15
"1540","48081","Coke County, Texas","B16002_020",0,15
"1541","48081","Coke County, Texas","B16002_021",0,15
"1542","48081","Coke County, Texas","B16002_022",0,15
"1543","48081","Coke County, Texas","B16002_023",0,15
"1544","48081","Coke County, Texas","B16002_024",0,15
"1545","48081","Coke County, Texas","B16002_025",0,15
"1546","48081","Coke County, Texas","B16002_026",0,15
"1547","48081","Coke County, Texas","B16002_027",0,15
"1548","48081","Coke County, Texas","B16002_028",0,15
"1549","48081","Coke County, Texas","B16002_029",0,15
"1550","48081","Coke County, Texas","B16002_030",16,17
"1551","48081","Coke County, Texas","B16002_031",0,15
"1552","48081","Coke County, Texas","B16002_032",16,17
"1553","48081","Coke County, Texas","B16002_033",0,15
"1554","48081","Coke County, Texas","B16002_034",0,15
"1555","48081","Coke County, Texas","B16002_035",0,15
"1556","48081","Coke County, Texas","B16002_036",0,15
"1557","48081","Coke County, Texas","B16002_037",0,15
"1558","48081","Coke County, Texas","B16002_038",0,15
"1559","48083","Coleman County, Texas","B16002_001",3343,247
"1560","48083","Coleman County, Texas","B16002_002",2825,233
"1561","48083","Coleman County, Texas","B16002_003",451,123
"1562","48083","Coleman County, Texas","B16002_004",55,38
"1563","48083","Coleman County, Texas","B16002_005",396,134
"1564","48083","Coleman County, Texas","B16002_006",0,21
"1565","48083","Coleman County, Texas","B16002_007",0,21
"1566","48083","Coleman County, Texas","B16002_008",0,21
"1567","48083","Coleman County, Texas","B16002_009",7,9
"1568","48083","Coleman County, Texas","B16002_010",0,21
"1569","48083","Coleman County, Texas","B16002_011",7,9
"1570","48083","Coleman County, Texas","B16002_012",0,21
"1571","48083","Coleman County, Texas","B16002_013",0,21
"1572","48083","Coleman County, Texas","B16002_014",0,21
"1573","48083","Coleman County, Texas","B16002_015",0,21
"1574","48083","Coleman County, Texas","B16002_016",0,21
"1575","48083","Coleman County, Texas","B16002_017",0,21
"1576","48083","Coleman County, Texas","B16002_018",0,21
"1577","48083","Coleman County, Texas","B16002_019",0,21
"1578","48083","Coleman County, Texas","B16002_020",0,21
"1579","48083","Coleman County, Texas","B16002_021",6,10
"1580","48083","Coleman County, Texas","B16002_022",0,21
"1581","48083","Coleman County, Texas","B16002_023",6,10
"1582","48083","Coleman County, Texas","B16002_024",0,21
"1583","48083","Coleman County, Texas","B16002_025",0,21
"1584","48083","Coleman County, Texas","B16002_026",0,21
"1585","48083","Coleman County, Texas","B16002_027",14,15
"1586","48083","Coleman County, Texas","B16002_028",0,21
"1587","48083","Coleman County, Texas","B16002_029",14,15
"1588","48083","Coleman County, Texas","B16002_030",0,21
"1589","48083","Coleman County, Texas","B16002_031",0,21
"1590","48083","Coleman County, Texas","B16002_032",0,21
"1591","48083","Coleman County, Texas","B16002_033",0,21
"1592","48083","Coleman County, Texas","B16002_034",0,21
"1593","48083","Coleman County, Texas","B16002_035",0,21
"1594","48083","Coleman County, Texas","B16002_036",40,30
"1595","48083","Coleman County, Texas","B16002_037",40,30
"1596","48083","Coleman County, Texas","B16002_038",0,21
"1597","48085","Collin County, Texas","B16002_001",416646,1382
"1598","48085","Collin County, Texas","B16002_002",273684,2516
"1599","48085","Collin County, Texas","B16002_003",49431,1579
"1600","48085","Collin County, Texas","B16002_004",5723,714
"1601","48085","Collin County, Texas","B16002_005",43708,1524
"1602","48085","Collin County, Texas","B16002_006",2478,517
"1603","48085","Collin County, Texas","B16002_007",324,179
"1604","48085","Collin County, Texas","B16002_008",2154,476
"1605","48085","Collin County, Texas","B16002_009",1610,404
"1606","48085","Collin County, Texas","B16002_010",19,35
"1607","48085","Collin County, Texas","B16002_011",1591,404
"1608","48085","Collin County, Texas","B16002_012",3696,524
"1609","48085","Collin County, Texas","B16002_013",509,165
"1610","48085","Collin County, Texas","B16002_014",3187,504
"1611","48085","Collin County, Texas","B16002_015",28536,1474
"1612","48085","Collin County, Texas","B16002_016",2149,387
"1613","48085","Collin County, Texas","B16002_017",26387,1431
"1614","48085","Collin County, Texas","B16002_018",3623,562
"1615","48085","Collin County, Texas","B16002_019",570,219
"1616","48085","Collin County, Texas","B16002_020",3053,491
"1617","48085","Collin County, Texas","B16002_021",11333,935
"1618","48085","Collin County, Texas","B16002_022",2718,347
"1619","48085","Collin County, Texas","B16002_023",8615,810
"1620","48085","Collin County, Texas","B16002_024",4824,570
"1621","48085","Collin County, Texas","B16002_025",879,229
"1622","48085","Collin County, Texas","B16002_026",3945,516
"1623","48085","Collin County, Texas","B16002_027",3198,610
"1624","48085","Collin County, Texas","B16002_028",163,78
"1625","48085","Collin County, Texas","B16002_029",3035,619
"1626","48085","Collin County, Texas","B16002_030",21849,920
"1627","48085","Collin County, Texas","B16002_031",2021,377
"1628","48085","Collin County, Texas","B16002_032",19828,975
"1629","48085","Collin County, Texas","B16002_033",4077,547
"1630","48085","Collin County, Texas","B16002_034",333,131
"1631","48085","Collin County, Texas","B16002_035",3744,540
"1632","48085","Collin County, Texas","B16002_036",8307,808
"1633","48085","Collin County, Texas","B16002_037",994,371
"1634","48085","Collin County, Texas","B16002_038",7313,787
"1635","48087","Collingsworth County, Texas","B16002_001",975,94
"1636","48087","Collingsworth County, Texas","B16002_002",730,101
"1637","48087","Collingsworth County, Texas","B16002_003",188,67
"1638","48087","Collingsworth County, Texas","B16002_004",72,40
"1639","48087","Collingsworth County, Texas","B16002_005",116,48
"1640","48087","Collingsworth County, Texas","B16002_006",0,15
"1641","48087","Collingsworth County, Texas","B16002_007",0,15
"1642","48087","Collingsworth County, Texas","B16002_008",0,15
"1643","48087","Collingsworth County, Texas","B16002_009",55,36
"1644","48087","Collingsworth County, Texas","B16002_010",3,5
"1645","48087","Collingsworth County, Texas","B16002_011",52,36
"1646","48087","Collingsworth County, Texas","B16002_012",0,15
"1647","48087","Collingsworth County, Texas","B16002_013",0,15
"1648","48087","Collingsworth County, Texas","B16002_014",0,15
"1649","48087","Collingsworth County, Texas","B16002_015",2,4
"1650","48087","Collingsworth County, Texas","B16002_016",0,15
"1651","48087","Collingsworth County, Texas","B16002_017",2,4
"1652","48087","Collingsworth County, Texas","B16002_018",0,15
"1653","48087","Collingsworth County, Texas","B16002_019",0,15
"1654","48087","Collingsworth County, Texas","B16002_020",0,15
"1655","48087","Collingsworth County, Texas","B16002_021",0,15
"1656","48087","Collingsworth County, Texas","B16002_022",0,15
"1657","48087","Collingsworth County, Texas","B16002_023",0,15
"1658","48087","Collingsworth County, Texas","B16002_024",0,15
"1659","48087","Collingsworth County, Texas","B16002_025",0,15
"1660","48087","Collingsworth County, Texas","B16002_026",0,15
"1661","48087","Collingsworth County, Texas","B16002_027",0,15
"1662","48087","Collingsworth County, Texas","B16002_028",0,15
"1663","48087","Collingsworth County, Texas","B16002_029",0,15
"1664","48087","Collingsworth County, Texas","B16002_030",0,15
"1665","48087","Collingsworth County, Texas","B16002_031",0,15
"1666","48087","Collingsworth County, Texas","B16002_032",0,15
"1667","48087","Collingsworth County, Texas","B16002_033",0,15
"1668","48087","Collingsworth County, Texas","B16002_034",0,15
"1669","48087","Collingsworth County, Texas","B16002_035",0,15
"1670","48087","Collingsworth County, Texas","B16002_036",0,15
"1671","48087","Collingsworth County, Texas","B16002_037",0,15
"1672","48087","Collingsworth County, Texas","B16002_038",0,15
"1673","48089","Colorado County, Texas","B16002_001",7937,335
"1674","48089","Colorado County, Texas","B16002_002",6310,287
"1675","48089","Colorado County, Texas","B16002_003",1504,214
"1676","48089","Colorado County, Texas","B16002_004",373,162
"1677","48089","Colorado County, Texas","B16002_005",1131,204
"1678","48089","Colorado County, Texas","B16002_006",0,28
"1679","48089","Colorado County, Texas","B16002_007",0,28
"1680","48089","Colorado County, Texas","B16002_008",0,28
"1681","48089","Colorado County, Texas","B16002_009",29,35
"1682","48089","Colorado County, Texas","B16002_010",0,28
"1683","48089","Colorado County, Texas","B16002_011",29,35
"1684","48089","Colorado County, Texas","B16002_012",0,28
"1685","48089","Colorado County, Texas","B16002_013",0,28
"1686","48089","Colorado County, Texas","B16002_014",0,28
"1687","48089","Colorado County, Texas","B16002_015",8,11
"1688","48089","Colorado County, Texas","B16002_016",0,28
"1689","48089","Colorado County, Texas","B16002_017",8,11
"1690","48089","Colorado County, Texas","B16002_018",0,28
"1691","48089","Colorado County, Texas","B16002_019",0,28
"1692","48089","Colorado County, Texas","B16002_020",0,28
"1693","48089","Colorado County, Texas","B16002_021",0,28
"1694","48089","Colorado County, Texas","B16002_022",0,28
"1695","48089","Colorado County, Texas","B16002_023",0,28
"1696","48089","Colorado County, Texas","B16002_024",25,39
"1697","48089","Colorado County, Texas","B16002_025",0,28
"1698","48089","Colorado County, Texas","B16002_026",25,39
"1699","48089","Colorado County, Texas","B16002_027",0,28
"1700","48089","Colorado County, Texas","B16002_028",0,28
"1701","48089","Colorado County, Texas","B16002_029",0,28
"1702","48089","Colorado County, Texas","B16002_030",0,28
"1703","48089","Colorado County, Texas","B16002_031",0,28
"1704","48089","Colorado County, Texas","B16002_032",0,28
"1705","48089","Colorado County, Texas","B16002_033",0,28
"1706","48089","Colorado County, Texas","B16002_034",0,28
"1707","48089","Colorado County, Texas","B16002_035",0,28
"1708","48089","Colorado County, Texas","B16002_036",61,67
"1709","48089","Colorado County, Texas","B16002_037",0,28
"1710","48089","Colorado County, Texas","B16002_038",61,67
"1711","48091","Comal County, Texas","B16002_001",71354,807
"1712","48091","Comal County, Texas","B16002_002",57133,1034
"1713","48091","Comal County, Texas","B16002_003",12017,840
"1714","48091","Comal County, Texas","B16002_004",1181,374
"1715","48091","Comal County, Texas","B16002_005",10836,826
"1716","48091","Comal County, Texas","B16002_006",279,136
"1717","48091","Comal County, Texas","B16002_007",29,34
"1718","48091","Comal County, Texas","B16002_008",250,133
"1719","48091","Comal County, Texas","B16002_009",562,220
"1720","48091","Comal County, Texas","B16002_010",31,38
"1721","48091","Comal County, Texas","B16002_011",531,213
"1722","48091","Comal County, Texas","B16002_012",104,74
"1723","48091","Comal County, Texas","B16002_013",0,35
"1724","48091","Comal County, Texas","B16002_014",104,74
"1725","48091","Comal County, Texas","B16002_015",296,154
"1726","48091","Comal County, Texas","B16002_016",31,43
"1727","48091","Comal County, Texas","B16002_017",265,143
"1728","48091","Comal County, Texas","B16002_018",133,123
"1729","48091","Comal County, Texas","B16002_019",0,35
"1730","48091","Comal County, Texas","B16002_020",133,123
"1731","48091","Comal County, Texas","B16002_021",89,67
"1732","48091","Comal County, Texas","B16002_022",21,33
"1733","48091","Comal County, Texas","B16002_023",68,61
"1734","48091","Comal County, Texas","B16002_024",12,19
"1735","48091","Comal County, Texas","B16002_025",0,35
"1736","48091","Comal County, Texas","B16002_026",12,19
"1737","48091","Comal County, Texas","B16002_027",257,126
"1738","48091","Comal County, Texas","B16002_028",0,35
"1739","48091","Comal County, Texas","B16002_029",257,126
"1740","48091","Comal County, Texas","B16002_030",310,133
"1741","48091","Comal County, Texas","B16002_031",35,55
"1742","48091","Comal County, Texas","B16002_032",275,135
"1743","48091","Comal County, Texas","B16002_033",48,54
"1744","48091","Comal County, Texas","B16002_034",0,35
"1745","48091","Comal County, Texas","B16002_035",48,54
"1746","48091","Comal County, Texas","B16002_036",114,96
"1747","48091","Comal County, Texas","B16002_037",0,35
"1748","48091","Comal County, Texas","B16002_038",114,96
"1749","48093","Comanche County, Texas","B16002_001",5355,212
"1750","48093","Comanche County, Texas","B16002_002",4157,194
"1751","48093","Comanche County, Texas","B16002_003",1115,139
"1752","48093","Comanche County, Texas","B16002_004",229,96
"1753","48093","Comanche County, Texas","B16002_005",886,121
"1754","48093","Comanche County, Texas","B16002_006",0,23
"1755","48093","Comanche County, Texas","B16002_007",0,23
"1756","48093","Comanche County, Texas","B16002_008",0,23
"1757","48093","Comanche County, Texas","B16002_009",52,50
"1758","48093","Comanche County, Texas","B16002_010",0,23
"1759","48093","Comanche County, Texas","B16002_011",52,50
"1760","48093","Comanche County, Texas","B16002_012",0,23
"1761","48093","Comanche County, Texas","B16002_013",0,23
"1762","48093","Comanche County, Texas","B16002_014",0,23
"1763","48093","Comanche County, Texas","B16002_015",0,23
"1764","48093","Comanche County, Texas","B16002_016",0,23
"1765","48093","Comanche County, Texas","B16002_017",0,23
"1766","48093","Comanche County, Texas","B16002_018",9,12
"1767","48093","Comanche County, Texas","B16002_019",0,23
"1768","48093","Comanche County, Texas","B16002_020",9,12
"1769","48093","Comanche County, Texas","B16002_021",0,23
"1770","48093","Comanche County, Texas","B16002_022",0,23
"1771","48093","Comanche County, Texas","B16002_023",0,23
"1772","48093","Comanche County, Texas","B16002_024",0,23
"1773","48093","Comanche County, Texas","B16002_025",0,23
"1774","48093","Comanche County, Texas","B16002_026",0,23
"1775","48093","Comanche County, Texas","B16002_027",0,23
"1776","48093","Comanche County, Texas","B16002_028",0,23
"1777","48093","Comanche County, Texas","B16002_029",0,23
"1778","48093","Comanche County, Texas","B16002_030",4,9
"1779","48093","Comanche County, Texas","B16002_031",0,23
"1780","48093","Comanche County, Texas","B16002_032",4,9
"1781","48093","Comanche County, Texas","B16002_033",17,27
"1782","48093","Comanche County, Texas","B16002_034",0,23
"1783","48093","Comanche County, Texas","B16002_035",17,27
"1784","48093","Comanche County, Texas","B16002_036",1,2
"1785","48093","Comanche County, Texas","B16002_037",0,23
"1786","48093","Comanche County, Texas","B16002_038",1,2
"1787","48095","Concho County, Texas","B16002_001",814,86
"1788","48095","Concho County, Texas","B16002_002",555,95
"1789","48095","Concho County, Texas","B16002_003",246,86
"1790","48095","Concho County, Texas","B16002_004",23,20
"1791","48095","Concho County, Texas","B16002_005",223,89
"1792","48095","Concho County, Texas","B16002_006",0,15
"1793","48095","Concho County, Texas","B16002_007",0,15
"1794","48095","Concho County, Texas","B16002_008",0,15
"1795","48095","Concho County, Texas","B16002_009",3,5
"1796","48095","Concho County, Texas","B16002_010",0,15
"1797","48095","Concho County, Texas","B16002_011",3,5
"1798","48095","Concho County, Texas","B16002_012",0,15
"1799","48095","Concho County, Texas","B16002_013",0,15
"1800","48095","Concho County, Texas","B16002_014",0,15
"1801","48095","Concho County, Texas","B16002_015",0,15
"1802","48095","Concho County, Texas","B16002_016",0,15
"1803","48095","Concho County, Texas","B16002_017",0,15
"1804","48095","Concho County, Texas","B16002_018",0,15
"1805","48095","Concho County, Texas","B16002_019",0,15
"1806","48095","Concho County, Texas","B16002_020",0,15
"1807","48095","Concho County, Texas","B16002_021",2,3
"1808","48095","Concho County, Texas","B16002_022",0,15
"1809","48095","Concho County, Texas","B16002_023",2,3
"1810","48095","Concho County, Texas","B16002_024",0,15
"1811","48095","Concho County, Texas","B16002_025",0,15
"1812","48095","Concho County, Texas","B16002_026",0,15
"1813","48095","Concho County, Texas","B16002_027",2,5
"1814","48095","Concho County, Texas","B16002_028",0,15
"1815","48095","Concho County, Texas","B16002_029",2,5
"1816","48095","Concho County, Texas","B16002_030",6,10
"1817","48095","Concho County, Texas","B16002_031",0,15
"1818","48095","Concho County, Texas","B16002_032",6,10
"1819","48095","Concho County, Texas","B16002_033",0,15
"1820","48095","Concho County, Texas","B16002_034",0,15
"1821","48095","Concho County, Texas","B16002_035",0,15
"1822","48095","Concho County, Texas","B16002_036",0,15
"1823","48095","Concho County, Texas","B16002_037",0,15
"1824","48095","Concho County, Texas","B16002_038",0,15
"1825","48097","Cooke County, Texas","B16002_001",16528,353
"1826","48097","Cooke County, Texas","B16002_002",14283,383
"1827","48097","Cooke County, Texas","B16002_003",2001,220
"1828","48097","Cooke County, Texas","B16002_004",313,166
"1829","48097","Cooke County, Texas","B16002_005",1688,250
"1830","48097","Cooke County, Texas","B16002_006",13,18
"1831","48097","Cooke County, Texas","B16002_007",0,31
"1832","48097","Cooke County, Texas","B16002_008",13,18
"1833","48097","Cooke County, Texas","B16002_009",11,9
"1834","48097","Cooke County, Texas","B16002_010",3,4
"1835","48097","Cooke County, Texas","B16002_011",8,8
"1836","48097","Cooke County, Texas","B16002_012",42,39
"1837","48097","Cooke County, Texas","B16002_013",0,31
"1838","48097","Cooke County, Texas","B16002_014",42,39
"1839","48097","Cooke County, Texas","B16002_015",106,102
"1840","48097","Cooke County, Texas","B16002_016",9,17
"1841","48097","Cooke County, Texas","B16002_017",97,101
"1842","48097","Cooke County, Texas","B16002_018",0,31
"1843","48097","Cooke County, Texas","B16002_019",0,31
"1844","48097","Cooke County, Texas","B16002_020",0,31
"1845","48097","Cooke County, Texas","B16002_021",3,7
"1846","48097","Cooke County, Texas","B16002_022",0,31
"1847","48097","Cooke County, Texas","B16002_023",3,7
"1848","48097","Cooke County, Texas","B16002_024",12,20
"1849","48097","Cooke County, Texas","B16002_025",0,31
"1850","48097","Cooke County, Texas","B16002_026",12,20
"1851","48097","Cooke County, Texas","B16002_027",13,14
"1852","48097","Cooke County, Texas","B16002_028",0,31
"1853","48097","Cooke County, Texas","B16002_029",13,14
"1854","48097","Cooke County, Texas","B16002_030",0,31
"1855","48097","Cooke County, Texas","B16002_031",0,31
"1856","48097","Cooke County, Texas","B16002_032",0,31
"1857","48097","Cooke County, Texas","B16002_033",2,3
"1858","48097","Cooke County, Texas","B16002_034",0,31
"1859","48097","Cooke County, Texas","B16002_035",2,3
"1860","48097","Cooke County, Texas","B16002_036",42,79
"1861","48097","Cooke County, Texas","B16002_037",0,31
"1862","48097","Cooke County, Texas","B16002_038",42,79
"1863","48099","Coryell County, Texas","B16002_001",26986,500
"1864","48099","Coryell County, Texas","B16002_002",21813,540
"1865","48099","Coryell County, Texas","B16002_003",3294,381
"1866","48099","Coryell County, Texas","B16002_004",615,179
"1867","48099","Coryell County, Texas","B16002_005",2679,369
"1868","48099","Coryell County, Texas","B16002_006",37,37
"1869","48099","Coryell County, Texas","B16002_007",5,17
"1870","48099","Coryell County, Texas","B16002_008",32,33
"1871","48099","Coryell County, Texas","B16002_009",586,181
"1872","48099","Coryell County, Texas","B16002_010",32,38
"1873","48099","Coryell County, Texas","B16002_011",554,182
"1874","48099","Coryell County, Texas","B16002_012",87,55
"1875","48099","Coryell County, Texas","B16002_013",22,36
"1876","48099","Coryell County, Texas","B16002_014",65,46
"1877","48099","Coryell County, Texas","B16002_015",364,149
"1878","48099","Coryell County, Texas","B16002_016",0,35
"1879","48099","Coryell County, Texas","B16002_017",364,149
"1880","48099","Coryell County, Texas","B16002_018",253,100
"1881","48099","Coryell County, Texas","B16002_019",3,6
"1882","48099","Coryell County, Texas","B16002_020",250,97
"1883","48099","Coryell County, Texas","B16002_021",26,28
"1884","48099","Coryell County, Texas","B16002_022",11,17
"1885","48099","Coryell County, Texas","B16002_023",15,21
"1886","48099","Coryell County, Texas","B16002_024",13,16
"1887","48099","Coryell County, Texas","B16002_025",6,13
"1888","48099","Coryell County, Texas","B16002_026",7,10
"1889","48099","Coryell County, Texas","B16002_027",154,104
"1890","48099","Coryell County, Texas","B16002_028",24,33
"1891","48099","Coryell County, Texas","B16002_029",130,93
"1892","48099","Coryell County, Texas","B16002_030",287,120
"1893","48099","Coryell County, Texas","B16002_031",107,94
"1894","48099","Coryell County, Texas","B16002_032",180,78
"1895","48099","Coryell County, Texas","B16002_033",34,43
"1896","48099","Coryell County, Texas","B16002_034",0,35
"1897","48099","Coryell County, Texas","B16002_035",34,43
"1898","48099","Coryell County, Texas","B16002_036",38,38
"1899","48099","Coryell County, Texas","B16002_037",11,20
"1900","48099","Coryell County, Texas","B16002_038",27,31
"1901","48101","Cottle County, Texas","B16002_001",577,96
"1902","48101","Cottle County, Texas","B16002_002",444,97
"1903","48101","Cottle County, Texas","B16002_003",130,63
"1904","48101","Cottle County, Texas","B16002_004",30,47
"1905","48101","Cottle County, Texas","B16002_005",100,50
"1906","48101","Cottle County, Texas","B16002_006",0,15
"1907","48101","Cottle County, Texas","B16002_007",0,15
"1908","48101","Cottle County, Texas","B16002_008",0,15
"1909","48101","Cottle County, Texas","B16002_009",3,5
"1910","48101","Cottle County, Texas","B16002_010",0,15
"1911","48101","Cottle County, Texas","B16002_011",3,5
"1912","48101","Cottle County, Texas","B16002_012",0,15
"1913","48101","Cottle County, Texas","B16002_013",0,15
"1914","48101","Cottle County, Texas","B16002_014",0,15
"1915","48101","Cottle County, Texas","B16002_015",0,15
"1916","48101","Cottle County, Texas","B16002_016",0,15
"1917","48101","Cottle County, Texas","B16002_017",0,15
"1918","48101","Cottle County, Texas","B16002_018",0,15
"1919","48101","Cottle County, Texas","B16002_019",0,15
"1920","48101","Cottle County, Texas","B16002_020",0,15
"1921","48101","Cottle County, Texas","B16002_021",0,15
"1922","48101","Cottle County, Texas","B16002_022",0,15
"1923","48101","Cottle County, Texas","B16002_023",0,15
"1924","48101","Cottle County, Texas","B16002_024",0,15
"1925","48101","Cottle County, Texas","B16002_025",0,15
"1926","48101","Cottle County, Texas","B16002_026",0,15
"1927","48101","Cottle County, Texas","B16002_027",0,15
"1928","48101","Cottle County, Texas","B16002_028",0,15
"1929","48101","Cottle County, Texas","B16002_029",0,15
"1930","48101","Cottle County, Texas","B16002_030",0,15
"1931","48101","Cottle County, Texas","B16002_031",0,15
"1932","48101","Cottle County, Texas","B16002_032",0,15
"1933","48101","Cottle County, Texas","B16002_033",0,15
"1934","48101","Cottle County, Texas","B16002_034",0,15
"1935","48101","Cottle County, Texas","B16002_035",0,15
"1936","48101","Cottle County, Texas","B16002_036",0,15
"1937","48101","Cottle County, Texas","B16002_037",0,15
"1938","48101","Cottle County, Texas","B16002_038",0,15
"1939","48103","Crane County, Texas","B16002_001",1632,109
"1940","48103","Crane County, Texas","B16002_002",528,95
"1941","48103","Crane County, Texas","B16002_003",1067,127
"1942","48103","Crane County, Texas","B16002_004",233,173
"1943","48103","Crane County, Texas","B16002_005",834,173
"1944","48103","Crane County, Texas","B16002_006",0,15
"1945","48103","Crane County, Texas","B16002_007",0,15
"1946","48103","Crane County, Texas","B16002_008",0,15
"1947","48103","Crane County, Texas","B16002_009",0,15
"1948","48103","Crane County, Texas","B16002_010",0,15
"1949","48103","Crane County, Texas","B16002_011",0,15
"1950","48103","Crane County, Texas","B16002_012",0,15
"1951","48103","Crane County, Texas","B16002_013",0,15
"1952","48103","Crane County, Texas","B16002_014",0,15
"1953","48103","Crane County, Texas","B16002_015",15,26
"1954","48103","Crane County, Texas","B16002_016",0,15
"1955","48103","Crane County, Texas","B16002_017",15,26
"1956","48103","Crane County, Texas","B16002_018",0,15
"1957","48103","Crane County, Texas","B16002_019",0,15
"1958","48103","Crane County, Texas","B16002_020",0,15
"1959","48103","Crane County, Texas","B16002_021",0,15
"1960","48103","Crane County, Texas","B16002_022",0,15
"1961","48103","Crane County, Texas","B16002_023",0,15
"1962","48103","Crane County, Texas","B16002_024",0,15
"1963","48103","Crane County, Texas","B16002_025",0,15
"1964","48103","Crane County, Texas","B16002_026",0,15
"1965","48103","Crane County, Texas","B16002_027",6,11
"1966","48103","Crane County, Texas","B16002_028",0,15
"1967","48103","Crane County, Texas","B16002_029",6,11
"1968","48103","Crane County, Texas","B16002_030",7,11
"1969","48103","Crane County, Texas","B16002_031",0,15
"1970","48103","Crane County, Texas","B16002_032",7,11
"1971","48103","Crane County, Texas","B16002_033",0,15
"1972","48103","Crane County, Texas","B16002_034",0,15
"1973","48103","Crane County, Texas","B16002_035",0,15
"1974","48103","Crane County, Texas","B16002_036",9,16
"1975","48103","Crane County, Texas","B16002_037",0,15
"1976","48103","Crane County, Texas","B16002_038",9,16
"1977","48105","Crockett County, Texas","B16002_001",1225,177
"1978","48105","Crockett County, Texas","B16002_002",555,197
"1979","48105","Crockett County, Texas","B16002_003",670,156
"1980","48105","Crockett County, Texas","B16002_004",116,109
"1981","48105","Crockett County, Texas","B16002_005",554,158
"1982","48105","Crockett County, Texas","B16002_006",0,15
"1983","48105","Crockett County, Texas","B16002_007",0,15
"1984","48105","Crockett County, Texas","B16002_008",0,15
"1985","48105","Crockett County, Texas","B16002_009",0,15
"1986","48105","Crockett County, Texas","B16002_010",0,15
"1987","48105","Crockett County, Texas","B16002_011",0,15
"1988","48105","Crockett County, Texas","B16002_012",0,15
"1989","48105","Crockett County, Texas","B16002_013",0,15
"1990","48105","Crockett County, Texas","B16002_014",0,15
"1991","48105","Crockett County, Texas","B16002_015",0,15
"1992","48105","Crockett County, Texas","B16002_016",0,15
"1993","48105","Crockett County, Texas","B16002_017",0,15
"1994","48105","Crockett County, Texas","B16002_018",0,15
"1995","48105","Crockett County, Texas","B16002_019",0,15
"1996","48105","Crockett County, Texas","B16002_020",0,15
"1997","48105","Crockett County, Texas","B16002_021",0,15
"1998","48105","Crockett County, Texas","B16002_022",0,15
"1999","48105","Crockett County, Texas","B16002_023",0,15
"2000","48105","Crockett County, Texas","B16002_024",0,15
"2001","48105","Crockett County, Texas","B16002_025",0,15
"2002","48105","Crockett County, Texas","B16002_026",0,15
"2003","48105","Crockett County, Texas","B16002_027",0,15
"2004","48105","Crockett County, Texas","B16002_028",0,15
"2005","48105","Crockett County, Texas","B16002_029",0,15
"2006","48105","Crockett County, Texas","B16002_030",0,15
"2007","48105","Crockett County, Texas","B16002_031",0,15
"2008","48105","Crockett County, Texas","B16002_032",0,15
"2009","48105","Crockett County, Texas","B16002_033",0,15
"2010","48105","Crockett County, Texas","B16002_034",0,15
"2011","48105","Crockett County, Texas","B16002_035",0,15
"2012","48105","Crockett County, Texas","B16002_036",0,15
"2013","48105","Crockett County, Texas","B16002_037",0,15
"2014","48105","Crockett County, Texas","B16002_038",0,15
"2015","48107","Crosby County, Texas","B16002_001",1929,101
"2016","48107","Crosby County, Texas","B16002_002",1118,93
"2017","48107","Crosby County, Texas","B16002_003",786,97
"2018","48107","Crosby County, Texas","B16002_004",53,32
"2019","48107","Crosby County, Texas","B16002_005",733,94
"2020","48107","Crosby County, Texas","B16002_006",0,21
"2021","48107","Crosby County, Texas","B16002_007",0,21
"2022","48107","Crosby County, Texas","B16002_008",0,21
"2023","48107","Crosby County, Texas","B16002_009",8,12
"2024","48107","Crosby County, Texas","B16002_010",0,21
"2025","48107","Crosby County, Texas","B16002_011",8,12
"2026","48107","Crosby County, Texas","B16002_012",0,21
"2027","48107","Crosby County, Texas","B16002_013",0,21
"2028","48107","Crosby County, Texas","B16002_014",0,21
"2029","48107","Crosby County, Texas","B16002_015",3,6
"2030","48107","Crosby County, Texas","B16002_016",0,21
"2031","48107","Crosby County, Texas","B16002_017",3,6
"2032","48107","Crosby County, Texas","B16002_018",0,21
"2033","48107","Crosby County, Texas","B16002_019",0,21
"2034","48107","Crosby County, Texas","B16002_020",0,21
"2035","48107","Crosby County, Texas","B16002_021",14,16
"2036","48107","Crosby County, Texas","B16002_022",0,21
"2037","48107","Crosby County, Texas","B16002_023",14,16
"2038","48107","Crosby County, Texas","B16002_024",0,21
"2039","48107","Crosby County, Texas","B16002_025",0,21
"2040","48107","Crosby County, Texas","B16002_026",0,21
"2041","48107","Crosby County, Texas","B16002_027",0,21
"2042","48107","Crosby County, Texas","B16002_028",0,21
"2043","48107","Crosby County, Texas","B16002_029",0,21
"2044","48107","Crosby County, Texas","B16002_030",0,21
"2045","48107","Crosby County, Texas","B16002_031",0,21
"2046","48107","Crosby County, Texas","B16002_032",0,21
"2047","48107","Crosby County, Texas","B16002_033",0,21
"2048","48107","Crosby County, Texas","B16002_034",0,21
"2049","48107","Crosby County, Texas","B16002_035",0,21
"2050","48107","Crosby County, Texas","B16002_036",0,21
"2051","48107","Crosby County, Texas","B16002_037",0,21
"2052","48107","Crosby County, Texas","B16002_038",0,21
"2053","48109","Culberson County, Texas","B16002_001",868,208
"2054","48109","Culberson County, Texas","B16002_002",251,109
"2055","48109","Culberson County, Texas","B16002_003",602,204
"2056","48109","Culberson County, Texas","B16002_004",138,112
"2057","48109","Culberson County, Texas","B16002_005",464,160
"2058","48109","Culberson County, Texas","B16002_006",0,15
"2059","48109","Culberson County, Texas","B16002_007",0,15
"2060","48109","Culberson County, Texas","B16002_008",0,15
"2061","48109","Culberson County, Texas","B16002_009",0,15
"2062","48109","Culberson County, Texas","B16002_010",0,15
"2063","48109","Culberson County, Texas","B16002_011",0,15
"2064","48109","Culberson County, Texas","B16002_012",0,15
"2065","48109","Culberson County, Texas","B16002_013",0,15
"2066","48109","Culberson County, Texas","B16002_014",0,15
"2067","48109","Culberson County, Texas","B16002_015",0,15
"2068","48109","Culberson County, Texas","B16002_016",0,15
"2069","48109","Culberson County, Texas","B16002_017",0,15
"2070","48109","Culberson County, Texas","B16002_018",0,15
"2071","48109","Culberson County, Texas","B16002_019",0,15
"2072","48109","Culberson County, Texas","B16002_020",0,15
"2073","48109","Culberson County, Texas","B16002_021",0,15
"2074","48109","Culberson County, Texas","B16002_022",0,15
"2075","48109","Culberson County, Texas","B16002_023",0,15
"2076","48109","Culberson County, Texas","B16002_024",0,15
"2077","48109","Culberson County, Texas","B16002_025",0,15
"2078","48109","Culberson County, Texas","B16002_026",0,15
"2079","48109","Culberson County, Texas","B16002_027",15,25
"2080","48109","Culberson County, Texas","B16002_028",0,15
"2081","48109","Culberson County, Texas","B16002_029",15,25
"2082","48109","Culberson County, Texas","B16002_030",0,15
"2083","48109","Culberson County, Texas","B16002_031",0,15
"2084","48109","Culberson County, Texas","B16002_032",0,15
"2085","48109","Culberson County, Texas","B16002_033",0,15
"2086","48109","Culberson County, Texas","B16002_034",0,15
"2087","48109","Culberson County, Texas","B16002_035",0,15
"2088","48109","Culberson County, Texas","B16002_036",0,15
"2089","48109","Culberson County, Texas","B16002_037",0,15
"2090","48109","Culberson County, Texas","B16002_038",0,15
"2091","48111","Dallam County, Texas","B16002_001",2586,195
"2092","48111","Dallam County, Texas","B16002_002",1537,226
"2093","48111","Dallam County, Texas","B16002_003",883,226
"2094","48111","Dallam County, Texas","B16002_004",83,117
"2095","48111","Dallam County, Texas","B16002_005",800,238
"2096","48111","Dallam County, Texas","B16002_006",0,21
"2097","48111","Dallam County, Texas","B16002_007",0,21
"2098","48111","Dallam County, Texas","B16002_008",0,21
"2099","48111","Dallam County, Texas","B16002_009",161,143
"2100","48111","Dallam County, Texas","B16002_010",1,2
"2101","48111","Dallam County, Texas","B16002_011",160,143
"2102","48111","Dallam County, Texas","B16002_012",0,21
"2103","48111","Dallam County, Texas","B16002_013",0,21
"2104","48111","Dallam County, Texas","B16002_014",0,21
"2105","48111","Dallam County, Texas","B16002_015",0,21
"2106","48111","Dallam County, Texas","B16002_016",0,21
"2107","48111","Dallam County, Texas","B16002_017",0,21
"2108","48111","Dallam County, Texas","B16002_018",0,21
"2109","48111","Dallam County, Texas","B16002_019",0,21
"2110","48111","Dallam County, Texas","B16002_020",0,21
"2111","48111","Dallam County, Texas","B16002_021",0,21
"2112","48111","Dallam County, Texas","B16002_022",0,21
"2113","48111","Dallam County, Texas","B16002_023",0,21
"2114","48111","Dallam County, Texas","B16002_024",0,21
"2115","48111","Dallam County, Texas","B16002_025",0,21
"2116","48111","Dallam County, Texas","B16002_026",0,21
"2117","48111","Dallam County, Texas","B16002_027",5,6
"2118","48111","Dallam County, Texas","B16002_028",0,21
"2119","48111","Dallam County, Texas","B16002_029",5,6
"2120","48111","Dallam County, Texas","B16002_030",0,21
"2121","48111","Dallam County, Texas","B16002_031",0,21
"2122","48111","Dallam County, Texas","B16002_032",0,21
"2123","48111","Dallam County, Texas","B16002_033",0,21
"2124","48111","Dallam County, Texas","B16002_034",0,21
"2125","48111","Dallam County, Texas","B16002_035",0,21
"2126","48111","Dallam County, Texas","B16002_036",0,21
"2127","48111","Dallam County, Texas","B16002_037",0,21
"2128","48111","Dallam County, Texas","B16002_038",0,21
"2129","48113","Dallas County, Texas","B16002_001",982737,2364
"2130","48113","Dallas County, Texas","B16002_002",585210,3924
"2131","48113","Dallas County, Texas","B16002_003",290971,2998
"2132","48113","Dallas County, Texas","B16002_004",64789,2352
"2133","48113","Dallas County, Texas","B16002_005",226182,2829
"2134","48113","Dallas County, Texas","B16002_006",7131,923
"2135","48113","Dallas County, Texas","B16002_007",1011,344
"2136","48113","Dallas County, Texas","B16002_008",6120,831
"2137","48113","Dallas County, Texas","B16002_009",2594,415
"2138","48113","Dallas County, Texas","B16002_010",116,96
"2139","48113","Dallas County, Texas","B16002_011",2478,398
"2140","48113","Dallas County, Texas","B16002_012",2928,474
"2141","48113","Dallas County, Texas","B16002_013",398,159
"2142","48113","Dallas County, Texas","B16002_014",2530,422
"2143","48113","Dallas County, Texas","B16002_015",24703,1277
"2144","48113","Dallas County, Texas","B16002_016",2217,416
"2145","48113","Dallas County, Texas","B16002_017",22486,1311
"2146","48113","Dallas County, Texas","B16002_018",3797,610
"2147","48113","Dallas County, Texas","B16002_019",1055,306
"2148","48113","Dallas County, Texas","B16002_020",2742,545
"2149","48113","Dallas County, Texas","B16002_021",7520,769
"2150","48113","Dallas County, Texas","B16002_022",1831,311
"2151","48113","Dallas County, Texas","B16002_023",5689,724
"2152","48113","Dallas County, Texas","B16002_024",11456,948
"2153","48113","Dallas County, Texas","B16002_025",3241,502
"2154","48113","Dallas County, Texas","B16002_026",8215,767
"2155","48113","Dallas County, Texas","B16002_027",3925,472
"2156","48113","Dallas County, Texas","B16002_028",171,99
"2157","48113","Dallas County, Texas","B16002_029",3754,471
"2158","48113","Dallas County, Texas","B16002_030",17856,1098
"2159","48113","Dallas County, Texas","B16002_031",2173,458
"2160","48113","Dallas County, Texas","B16002_032",15683,1022
"2161","48113","Dallas County, Texas","B16002_033",4902,787
"2162","48113","Dallas County, Texas","B16002_034",610,218
"2163","48113","Dallas County, Texas","B16002_035",4292,753
"2164","48113","Dallas County, Texas","B16002_036",19744,1329
"2165","48113","Dallas County, Texas","B16002_037",3344,660
"2166","48113","Dallas County, Texas","B16002_038",16400,1329
"2167","48115","Dawson County, Texas","B16002_001",4043,207
"2168","48115","Dawson County, Texas","B16002_002",2164,208
"2169","48115","Dawson County, Texas","B16002_003",1755,186
"2170","48115","Dawson County, Texas","B16002_004",243,80
"2171","48115","Dawson County, Texas","B16002_005",1512,183
"2172","48115","Dawson County, Texas","B16002_006",0,23
"2173","48115","Dawson County, Texas","B16002_007",0,23
"2174","48115","Dawson County, Texas","B16002_008",0,23
"2175","48115","Dawson County, Texas","B16002_009",101,62
"2176","48115","Dawson County, Texas","B16002_010",76,56
"2177","48115","Dawson County, Texas","B16002_011",25,22
"2178","48115","Dawson County, Texas","B16002_012",0,23
"2179","48115","Dawson County, Texas","B16002_013",0,23
"2180","48115","Dawson County, Texas","B16002_014",0,23
"2181","48115","Dawson County, Texas","B16002_015",21,27
"2182","48115","Dawson County, Texas","B16002_016",0,23
"2183","48115","Dawson County, Texas","B16002_017",21,27
"2184","48115","Dawson County, Texas","B16002_018",0,23
"2185","48115","Dawson County, Texas","B16002_019",0,23
"2186","48115","Dawson County, Texas","B16002_020",0,23
"2187","48115","Dawson County, Texas","B16002_021",0,23
"2188","48115","Dawson County, Texas","B16002_022",0,23
"2189","48115","Dawson County, Texas","B16002_023",0,23
"2190","48115","Dawson County, Texas","B16002_024",0,23
"2191","48115","Dawson County, Texas","B16002_025",0,23
"2192","48115","Dawson County, Texas","B16002_026",0,23
"2193","48115","Dawson County, Texas","B16002_027",0,23
"2194","48115","Dawson County, Texas","B16002_028",0,23
"2195","48115","Dawson County, Texas","B16002_029",0,23
"2196","48115","Dawson County, Texas","B16002_030",0,23
"2197","48115","Dawson County, Texas","B16002_031",0,23
"2198","48115","Dawson County, Texas","B16002_032",0,23
"2199","48115","Dawson County, Texas","B16002_033",2,9
"2200","48115","Dawson County, Texas","B16002_034",0,23
"2201","48115","Dawson County, Texas","B16002_035",2,9
"2202","48115","Dawson County, Texas","B16002_036",0,23
"2203","48115","Dawson County, Texas","B16002_037",0,23
"2204","48115","Dawson County, Texas","B16002_038",0,23
"2205","48117","Deaf Smith County, Texas","B16002_001",6051,187
"2206","48117","Deaf Smith County, Texas","B16002_002",2380,234
"2207","48117","Deaf Smith County, Texas","B16002_003",3636,263
"2208","48117","Deaf Smith County, Texas","B16002_004",637,206
"2209","48117","Deaf Smith County, Texas","B16002_005",2999,309
"2210","48117","Deaf Smith County, Texas","B16002_006",8,17
"2211","48117","Deaf Smith County, Texas","B16002_007",0,23
"2212","48117","Deaf Smith County, Texas","B16002_008",8,17
"2213","48117","Deaf Smith County, Texas","B16002_009",2,4
"2214","48117","Deaf Smith County, Texas","B16002_010",0,23
"2215","48117","Deaf Smith County, Texas","B16002_011",2,4
"2216","48117","Deaf Smith County, Texas","B16002_012",0,23
"2217","48117","Deaf Smith County, Texas","B16002_013",0,23
"2218","48117","Deaf Smith County, Texas","B16002_014",0,23
"2219","48117","Deaf Smith County, Texas","B16002_015",13,21
"2220","48117","Deaf Smith County, Texas","B16002_016",13,21
"2221","48117","Deaf Smith County, Texas","B16002_017",0,23
"2222","48117","Deaf Smith County, Texas","B16002_018",0,23
"2223","48117","Deaf Smith County, Texas","B16002_019",0,23
"2224","48117","Deaf Smith County, Texas","B16002_020",0,23
"2225","48117","Deaf Smith County, Texas","B16002_021",0,23
"2226","48117","Deaf Smith County, Texas","B16002_022",0,23
"2227","48117","Deaf Smith County, Texas","B16002_023",0,23
"2228","48117","Deaf Smith County, Texas","B16002_024",0,23
"2229","48117","Deaf Smith County, Texas","B16002_025",0,23
"2230","48117","Deaf Smith County, Texas","B16002_026",0,23
"2231","48117","Deaf Smith County, Texas","B16002_027",0,23
"2232","48117","Deaf Smith County, Texas","B16002_028",0,23
"2233","48117","Deaf Smith County, Texas","B16002_029",0,23
"2234","48117","Deaf Smith County, Texas","B16002_030",0,23
"2235","48117","Deaf Smith County, Texas","B16002_031",0,23
"2236","48117","Deaf Smith County, Texas","B16002_032",0,23
"2237","48117","Deaf Smith County, Texas","B16002_033",0,23
"2238","48117","Deaf Smith County, Texas","B16002_034",0,23
"2239","48117","Deaf Smith County, Texas","B16002_035",0,23
"2240","48117","Deaf Smith County, Texas","B16002_036",12,19
"2241","48117","Deaf Smith County, Texas","B16002_037",0,23
"2242","48117","Deaf Smith County, Texas","B16002_038",12,19
"2243","48119","Delta County, Texas","B16002_001",2173,106
"2244","48119","Delta County, Texas","B16002_002",2111,114
"2245","48119","Delta County, Texas","B16002_003",48,33
"2246","48119","Delta County, Texas","B16002_004",14,19
"2247","48119","Delta County, Texas","B16002_005",34,25
"2248","48119","Delta County, Texas","B16002_006",0,21
"2249","48119","Delta County, Texas","B16002_007",0,21
"2250","48119","Delta County, Texas","B16002_008",0,21
"2251","48119","Delta County, Texas","B16002_009",0,21
"2252","48119","Delta County, Texas","B16002_010",0,21
"2253","48119","Delta County, Texas","B16002_011",0,21
"2254","48119","Delta County, Texas","B16002_012",4,6
"2255","48119","Delta County, Texas","B16002_013",0,21
"2256","48119","Delta County, Texas","B16002_014",4,6
"2257","48119","Delta County, Texas","B16002_015",0,21
"2258","48119","Delta County, Texas","B16002_016",0,21
"2259","48119","Delta County, Texas","B16002_017",0,21
"2260","48119","Delta County, Texas","B16002_018",0,21
"2261","48119","Delta County, Texas","B16002_019",0,21
"2262","48119","Delta County, Texas","B16002_020",0,21
"2263","48119","Delta County, Texas","B16002_021",0,21
"2264","48119","Delta County, Texas","B16002_022",0,21
"2265","48119","Delta County, Texas","B16002_023",0,21
"2266","48119","Delta County, Texas","B16002_024",0,21
"2267","48119","Delta County, Texas","B16002_025",0,21
"2268","48119","Delta County, Texas","B16002_026",0,21
"2269","48119","Delta County, Texas","B16002_027",10,12
"2270","48119","Delta County, Texas","B16002_028",0,21
"2271","48119","Delta County, Texas","B16002_029",10,12
"2272","48119","Delta County, Texas","B16002_030",0,21
"2273","48119","Delta County, Texas","B16002_031",0,21
"2274","48119","Delta County, Texas","B16002_032",0,21
"2275","48119","Delta County, Texas","B16002_033",0,21
"2276","48119","Delta County, Texas","B16002_034",0,21
"2277","48119","Delta County, Texas","B16002_035",0,21
"2278","48119","Delta County, Texas","B16002_036",0,21
"2279","48119","Delta County, Texas","B16002_037",0,21
"2280","48119","Delta County, Texas","B16002_038",0,21
"2281","48121","Denton County, Texas","B16002_001",360392,1242
"2282","48121","Denton County, Texas","B16002_002",258374,2062
"2283","48121","Denton County, Texas","B16002_003",52988,1541
"2284","48121","Denton County, Texas","B16002_004",7252,884
"2285","48121","Denton County, Texas","B16002_005",45736,1498
"2286","48121","Denton County, Texas","B16002_006",1973,369
"2287","48121","Denton County, Texas","B16002_007",190,103
"2288","48121","Denton County, Texas","B16002_008",1783,366
"2289","48121","Denton County, Texas","B16002_009",1659,384
"2290","48121","Denton County, Texas","B16002_010",40,51
"2291","48121","Denton County, Texas","B16002_011",1619,381
"2292","48121","Denton County, Texas","B16002_012",1870,363
"2293","48121","Denton County, Texas","B16002_013",184,114
"2294","48121","Denton County, Texas","B16002_014",1686,340
"2295","48121","Denton County, Texas","B16002_015",12689,778
"2296","48121","Denton County, Texas","B16002_016",939,271
"2297","48121","Denton County, Texas","B16002_017",11750,756
"2298","48121","Denton County, Texas","B16002_018",5008,579
"2299","48121","Denton County, Texas","B16002_019",1580,369
"2300","48121","Denton County, Texas","B16002_020",3428,471
"2301","48121","Denton County, Texas","B16002_021",4143,442
"2302","48121","Denton County, Texas","B16002_022",710,239
"2303","48121","Denton County, Texas","B16002_023",3433,431
"2304","48121","Denton County, Texas","B16002_024",2687,363
"2305","48121","Denton County, Texas","B16002_025",504,142
"2306","48121","Denton County, Texas","B16002_026",2183,351
"2307","48121","Denton County, Texas","B16002_027",1602,335
"2308","48121","Denton County, Texas","B16002_028",131,97
"2309","48121","Denton County, Texas","B16002_029",1471,317
"2310","48121","Denton County, Texas","B16002_030",11114,893
"2311","48121","Denton County, Texas","B16002_031",1076,293
"2312","48121","Denton County, Texas","B16002_032",10038,862
"2313","48121","Denton County, Texas","B16002_033",1719,489
"2314","48121","Denton County, Texas","B16002_034",126,111
"2315","48121","Denton County, Texas","B16002_035",1593,462
"2316","48121","Denton County, Texas","B16002_036",4566,627
"2317","48121","Denton County, Texas","B16002_037",85,61
"2318","48121","Denton County, Texas","B16002_038",4481,639
"2319","48123","DeWitt County, Texas","B16002_001",6921,244
"2320","48123","DeWitt County, Texas","B16002_002",5567,290
"2321","48123","DeWitt County, Texas","B16002_003",1214,188
"2322","48123","DeWitt County, Texas","B16002_004",128,79
"2323","48123","DeWitt County, Texas","B16002_005",1086,188
"2324","48123","DeWitt County, Texas","B16002_006",3,5
"2325","48123","DeWitt County, Texas","B16002_007",0,28
"2326","48123","DeWitt County, Texas","B16002_008",3,5
"2327","48123","DeWitt County, Texas","B16002_009",42,34
"2328","48123","DeWitt County, Texas","B16002_010",17,27
"2329","48123","DeWitt County, Texas","B16002_011",25,24
"2330","48123","DeWitt County, Texas","B16002_012",51,53
"2331","48123","DeWitt County, Texas","B16002_013",0,28
"2332","48123","DeWitt County, Texas","B16002_014",51,53
"2333","48123","DeWitt County, Texas","B16002_015",19,20
"2334","48123","DeWitt County, Texas","B16002_016",0,28
"2335","48123","DeWitt County, Texas","B16002_017",19,20
"2336","48123","DeWitt County, Texas","B16002_018",0,28
"2337","48123","DeWitt County, Texas","B16002_019",0,28
"2338","48123","DeWitt County, Texas","B16002_020",0,28
"2339","48123","DeWitt County, Texas","B16002_021",0,28
"2340","48123","DeWitt County, Texas","B16002_022",0,28
"2341","48123","DeWitt County, Texas","B16002_023",0,28
"2342","48123","DeWitt County, Texas","B16002_024",18,28
"2343","48123","DeWitt County, Texas","B16002_025",0,28
"2344","48123","DeWitt County, Texas","B16002_026",18,28
"2345","48123","DeWitt County, Texas","B16002_027",0,28
"2346","48123","DeWitt County, Texas","B16002_028",0,28
"2347","48123","DeWitt County, Texas","B16002_029",0,28
"2348","48123","DeWitt County, Texas","B16002_030",0,28
"2349","48123","DeWitt County, Texas","B16002_031",0,28
"2350","48123","DeWitt County, Texas","B16002_032",0,28
"2351","48123","DeWitt County, Texas","B16002_033",7,11
"2352","48123","DeWitt County, Texas","B16002_034",0,28
"2353","48123","DeWitt County, Texas","B16002_035",7,11
"2354","48123","DeWitt County, Texas","B16002_036",0,28
"2355","48123","DeWitt County, Texas","B16002_037",0,28
"2356","48123","DeWitt County, Texas","B16002_038",0,28
"2357","48125","Dickens County, Texas","B16002_001",727,83
"2358","48125","Dickens County, Texas","B16002_002",580,82
"2359","48125","Dickens County, Texas","B16002_003",143,44
"2360","48125","Dickens County, Texas","B16002_004",13,15
"2361","48125","Dickens County, Texas","B16002_005",130,44
"2362","48125","Dickens County, Texas","B16002_006",0,15
"2363","48125","Dickens County, Texas","B16002_007",0,15
"2364","48125","Dickens County, Texas","B16002_008",0,15
"2365","48125","Dickens County, Texas","B16002_009",0,15
"2366","48125","Dickens County, Texas","B16002_010",0,15
"2367","48125","Dickens County, Texas","B16002_011",0,15
"2368","48125","Dickens County, Texas","B16002_012",0,15
"2369","48125","Dickens County, Texas","B16002_013",0,15
"2370","48125","Dickens County, Texas","B16002_014",0,15
"2371","48125","Dickens County, Texas","B16002_015",0,15
"2372","48125","Dickens County, Texas","B16002_016",0,15
"2373","48125","Dickens County, Texas","B16002_017",0,15
"2374","48125","Dickens County, Texas","B16002_018",0,15
"2375","48125","Dickens County, Texas","B16002_019",0,15
"2376","48125","Dickens County, Texas","B16002_020",0,15
"2377","48125","Dickens County, Texas","B16002_021",4,6
"2378","48125","Dickens County, Texas","B16002_022",0,15
"2379","48125","Dickens County, Texas","B16002_023",4,6
"2380","48125","Dickens County, Texas","B16002_024",0,15
"2381","48125","Dickens County, Texas","B16002_025",0,15
"2382","48125","Dickens County, Texas","B16002_026",0,15
"2383","48125","Dickens County, Texas","B16002_027",0,15
"2384","48125","Dickens County, Texas","B16002_028",0,15
"2385","48125","Dickens County, Texas","B16002_029",0,15
"2386","48125","Dickens County, Texas","B16002_030",0,15
"2387","48125","Dickens County, Texas","B16002_031",0,15
"2388","48125","Dickens County, Texas","B16002_032",0,15
"2389","48125","Dickens County, Texas","B16002_033",0,15
"2390","48125","Dickens County, Texas","B16002_034",0,15
"2391","48125","Dickens County, Texas","B16002_035",0,15
"2392","48125","Dickens County, Texas","B16002_036",0,15
"2393","48125","Dickens County, Texas","B16002_037",0,15
"2394","48125","Dickens County, Texas","B16002_038",0,15
"2395","48127","Dimmit County, Texas","B16002_001",2998,185
"2396","48127","Dimmit County, Texas","B16002_002",646,209
"2397","48127","Dimmit County, Texas","B16002_003",2206,282
"2398","48127","Dimmit County, Texas","B16002_004",294,155
"2399","48127","Dimmit County, Texas","B16002_005",1912,276
"2400","48127","Dimmit County, Texas","B16002_006",0,21
"2401","48127","Dimmit County, Texas","B16002_007",0,21
"2402","48127","Dimmit County, Texas","B16002_008",0,21
"2403","48127","Dimmit County, Texas","B16002_009",0,21
"2404","48127","Dimmit County, Texas","B16002_010",0,21
"2405","48127","Dimmit County, Texas","B16002_011",0,21
"2406","48127","Dimmit County, Texas","B16002_012",0,21
"2407","48127","Dimmit County, Texas","B16002_013",0,21
"2408","48127","Dimmit County, Texas","B16002_014",0,21
"2409","48127","Dimmit County, Texas","B16002_015",9,16
"2410","48127","Dimmit County, Texas","B16002_016",9,16
"2411","48127","Dimmit County, Texas","B16002_017",0,21
"2412","48127","Dimmit County, Texas","B16002_018",0,21
"2413","48127","Dimmit County, Texas","B16002_019",0,21
"2414","48127","Dimmit County, Texas","B16002_020",0,21
"2415","48127","Dimmit County, Texas","B16002_021",0,21
"2416","48127","Dimmit County, Texas","B16002_022",0,21
"2417","48127","Dimmit County, Texas","B16002_023",0,21
"2418","48127","Dimmit County, Texas","B16002_024",0,21
"2419","48127","Dimmit County, Texas","B16002_025",0,21
"2420","48127","Dimmit County, Texas","B16002_026",0,21
"2421","48127","Dimmit County, Texas","B16002_027",12,23
"2422","48127","Dimmit County, Texas","B16002_028",0,21
"2423","48127","Dimmit County, Texas","B16002_029",12,23
"2424","48127","Dimmit County, Texas","B16002_030",0,21
"2425","48127","Dimmit County, Texas","B16002_031",0,21
"2426","48127","Dimmit County, Texas","B16002_032",0,21
"2427","48127","Dimmit County, Texas","B16002_033",0,21
"2428","48127","Dimmit County, Texas","B16002_034",0,21
"2429","48127","Dimmit County, Texas","B16002_035",0,21
"2430","48127","Dimmit County, Texas","B16002_036",125,117
"2431","48127","Dimmit County, Texas","B16002_037",0,21
"2432","48127","Dimmit County, Texas","B16002_038",125,117
"2433","48129","Donley County, Texas","B16002_001",1180,103
"2434","48129","Donley County, Texas","B16002_002",1133,106
"2435","48129","Donley County, Texas","B16002_003",25,16
"2436","48129","Donley County, Texas","B16002_004",6,8
"2437","48129","Donley County, Texas","B16002_005",19,15
"2438","48129","Donley County, Texas","B16002_006",0,15
"2439","48129","Donley County, Texas","B16002_007",0,15
"2440","48129","Donley County, Texas","B16002_008",0,15
"2441","48129","Donley County, Texas","B16002_009",0,15
"2442","48129","Donley County, Texas","B16002_010",0,15
"2443","48129","Donley County, Texas","B16002_011",0,15
"2444","48129","Donley County, Texas","B16002_012",0,15
"2445","48129","Donley County, Texas","B16002_013",0,15
"2446","48129","Donley County, Texas","B16002_014",0,15
"2447","48129","Donley County, Texas","B16002_015",0,15
"2448","48129","Donley County, Texas","B16002_016",0,15
"2449","48129","Donley County, Texas","B16002_017",0,15
"2450","48129","Donley County, Texas","B16002_018",0,15
"2451","48129","Donley County, Texas","B16002_019",0,15
"2452","48129","Donley County, Texas","B16002_020",0,15
"2453","48129","Donley County, Texas","B16002_021",9,9
"2454","48129","Donley County, Texas","B16002_022",0,15
"2455","48129","Donley County, Texas","B16002_023",9,9
"2456","48129","Donley County, Texas","B16002_024",0,15
"2457","48129","Donley County, Texas","B16002_025",0,15
"2458","48129","Donley County, Texas","B16002_026",0,15
"2459","48129","Donley County, Texas","B16002_027",0,15
"2460","48129","Donley County, Texas","B16002_028",0,15
"2461","48129","Donley County, Texas","B16002_029",0,15
"2462","48129","Donley County, Texas","B16002_030",13,15
"2463","48129","Donley County, Texas","B16002_031",6,11
"2464","48129","Donley County, Texas","B16002_032",7,10
"2465","48129","Donley County, Texas","B16002_033",0,15
"2466","48129","Donley County, Texas","B16002_034",0,15
"2467","48129","Donley County, Texas","B16002_035",0,15
"2468","48129","Donley County, Texas","B16002_036",0,15
"2469","48129","Donley County, Texas","B16002_037",0,15
"2470","48129","Donley County, Texas","B16002_038",0,15
"2471","48131","Duval County, Texas","B16002_001",3053,170
"2472","48131","Duval County, Texas","B16002_002",812,233
"2473","48131","Duval County, Texas","B16002_003",2060,254
"2474","48131","Duval County, Texas","B16002_004",134,79
"2475","48131","Duval County, Texas","B16002_005",1926,240
"2476","48131","Duval County, Texas","B16002_006",0,21
"2477","48131","Duval County, Texas","B16002_007",0,21
"2478","48131","Duval County, Texas","B16002_008",0,21
"2479","48131","Duval County, Texas","B16002_009",70,85
"2480","48131","Duval County, Texas","B16002_010",0,21
"2481","48131","Duval County, Texas","B16002_011",70,85
"2482","48131","Duval County, Texas","B16002_012",0,21
"2483","48131","Duval County, Texas","B16002_013",0,21
"2484","48131","Duval County, Texas","B16002_014",0,21
"2485","48131","Duval County, Texas","B16002_015",0,21
"2486","48131","Duval County, Texas","B16002_016",0,21
"2487","48131","Duval County, Texas","B16002_017",0,21
"2488","48131","Duval County, Texas","B16002_018",0,21
"2489","48131","Duval County, Texas","B16002_019",0,21
"2490","48131","Duval County, Texas","B16002_020",0,21
"2491","48131","Duval County, Texas","B16002_021",0,21
"2492","48131","Duval County, Texas","B16002_022",0,21
"2493","48131","Duval County, Texas","B16002_023",0,21
"2494","48131","Duval County, Texas","B16002_024",111,147
"2495","48131","Duval County, Texas","B16002_025",111,147
"2496","48131","Duval County, Texas","B16002_026",0,21
"2497","48131","Duval County, Texas","B16002_027",0,21
"2498","48131","Duval County, Texas","B16002_028",0,21
"2499","48131","Duval County, Texas","B16002_029",0,21
"2500","48131","Duval County, Texas","B16002_030",0,21
"2501","48131","Duval County, Texas","B16002_031",0,21
"2502","48131","Duval County, Texas","B16002_032",0,21
"2503","48131","Duval County, Texas","B16002_033",0,21
"2504","48131","Duval County, Texas","B16002_034",0,21
"2505","48131","Duval County, Texas","B16002_035",0,21
"2506","48131","Duval County, Texas","B16002_036",0,21
"2507","48131","Duval County, Texas","B16002_037",0,21
"2508","48131","Duval County, Texas","B16002_038",0,21
"2509","48133","Eastland County, Texas","B16002_001",7236,307
"2510","48133","Eastland County, Texas","B16002_002",5971,312
"2511","48133","Eastland County, Texas","B16002_003",1129,195
"2512","48133","Eastland County, Texas","B16002_004",186,133
"2513","48133","Eastland County, Texas","B16002_005",943,217
"2514","48133","Eastland County, Texas","B16002_006",21,32
"2515","48133","Eastland County, Texas","B16002_007",0,23
"2516","48133","Eastland County, Texas","B16002_008",21,32
"2517","48133","Eastland County, Texas","B16002_009",9,13
"2518","48133","Eastland County, Texas","B16002_010",0,23
"2519","48133","Eastland County, Texas","B16002_011",9,13
"2520","48133","Eastland County, Texas","B16002_012",0,23
"2521","48133","Eastland County, Texas","B16002_013",0,23
"2522","48133","Eastland County, Texas","B16002_014",0,23
"2523","48133","Eastland County, Texas","B16002_015",3,6
"2524","48133","Eastland County, Texas","B16002_016",0,23
"2525","48133","Eastland County, Texas","B16002_017",3,6
"2526","48133","Eastland County, Texas","B16002_018",7,11
"2527","48133","Eastland County, Texas","B16002_019",0,23
"2528","48133","Eastland County, Texas","B16002_020",7,11
"2529","48133","Eastland County, Texas","B16002_021",0,23
"2530","48133","Eastland County, Texas","B16002_022",0,23
"2531","48133","Eastland County, Texas","B16002_023",0,23
"2532","48133","Eastland County, Texas","B16002_024",63,86
"2533","48133","Eastland County, Texas","B16002_025",0,23
"2534","48133","Eastland County, Texas","B16002_026",63,86
"2535","48133","Eastland County, Texas","B16002_027",8,13
"2536","48133","Eastland County, Texas","B16002_028",0,23
"2537","48133","Eastland County, Texas","B16002_029",8,13
"2538","48133","Eastland County, Texas","B16002_030",24,24
"2539","48133","Eastland County, Texas","B16002_031",1,3
"2540","48133","Eastland County, Texas","B16002_032",23,25
"2541","48133","Eastland County, Texas","B16002_033",0,23
"2542","48133","Eastland County, Texas","B16002_034",0,23
"2543","48133","Eastland County, Texas","B16002_035",0,23
"2544","48133","Eastland County, Texas","B16002_036",1,2
"2545","48133","Eastland County, Texas","B16002_037",0,23
"2546","48133","Eastland County, Texas","B16002_038",1,2
"2547","48135","Ector County, Texas","B16002_001",64563,626
"2548","48135","Ector County, Texas","B16002_002",29259,1275
"2549","48135","Ector County, Texas","B16002_003",33261,1204
"2550","48135","Ector County, Texas","B16002_004",6489,805
"2551","48135","Ector County, Texas","B16002_005",26772,1338
"2552","48135","Ector County, Texas","B16002_006",116,120
"2553","48135","Ector County, Texas","B16002_007",0,35
"2554","48135","Ector County, Texas","B16002_008",116,120
"2555","48135","Ector County, Texas","B16002_009",337,236
"2556","48135","Ector County, Texas","B16002_010",0,35
"2557","48135","Ector County, Texas","B16002_011",337,236
"2558","48135","Ector County, Texas","B16002_012",41,44
"2559","48135","Ector County, Texas","B16002_013",0,35
"2560","48135","Ector County, Texas","B16002_014",41,44
"2561","48135","Ector County, Texas","B16002_015",152,96
"2562","48135","Ector County, Texas","B16002_016",14,26
"2563","48135","Ector County, Texas","B16002_017",138,93
"2564","48135","Ector County, Texas","B16002_018",56,72
"2565","48135","Ector County, Texas","B16002_019",0,35
"2566","48135","Ector County, Texas","B16002_020",56,72
"2567","48135","Ector County, Texas","B16002_021",77,57
"2568","48135","Ector County, Texas","B16002_022",62,59
"2569","48135","Ector County, Texas","B16002_023",15,23
"2570","48135","Ector County, Texas","B16002_024",125,67
"2571","48135","Ector County, Texas","B16002_025",61,52
"2572","48135","Ector County, Texas","B16002_026",64,58
"2573","48135","Ector County, Texas","B16002_027",423,326
"2574","48135","Ector County, Texas","B16002_028",49,76
"2575","48135","Ector County, Texas","B16002_029",374,319
"2576","48135","Ector County, Texas","B16002_030",218,129
"2577","48135","Ector County, Texas","B16002_031",0,35
"2578","48135","Ector County, Texas","B16002_032",218,129
"2579","48135","Ector County, Texas","B16002_033",36,44
"2580","48135","Ector County, Texas","B16002_034",0,35
"2581","48135","Ector County, Texas","B16002_035",36,44
"2582","48135","Ector County, Texas","B16002_036",462,218
"2583","48135","Ector County, Texas","B16002_037",0,35
"2584","48135","Ector County, Texas","B16002_038",462,218
"2585","48137","Edwards County, Texas","B16002_001",404,118
"2586","48137","Edwards County, Texas","B16002_002",195,77
"2587","48137","Edwards County, Texas","B16002_003",209,93
"2588","48137","Edwards County, Texas","B16002_004",65,51
"2589","48137","Edwards County, Texas","B16002_005",144,94
"2590","48137","Edwards County, Texas","B16002_006",0,15
"2591","48137","Edwards County, Texas","B16002_007",0,15
"2592","48137","Edwards County, Texas","B16002_008",0,15
"2593","48137","Edwards County, Texas","B16002_009",0,15
"2594","48137","Edwards County, Texas","B16002_010",0,15
"2595","48137","Edwards County, Texas","B16002_011",0,15
"2596","48137","Edwards County, Texas","B16002_012",0,15
"2597","48137","Edwards County, Texas","B16002_013",0,15
"2598","48137","Edwards County, Texas","B16002_014",0,15
"2599","48137","Edwards County, Texas","B16002_015",0,15
"2600","48137","Edwards County, Texas","B16002_016",0,15
"2601","48137","Edwards County, Texas","B16002_017",0,15
"2602","48137","Edwards County, Texas","B16002_018",0,15
"2603","48137","Edwards County, Texas","B16002_019",0,15
"2604","48137","Edwards County, Texas","B16002_020",0,15
"2605","48137","Edwards County, Texas","B16002_021",0,15
"2606","48137","Edwards County, Texas","B16002_022",0,15
"2607","48137","Edwards County, Texas","B16002_023",0,15
"2608","48137","Edwards County, Texas","B16002_024",0,15
"2609","48137","Edwards County, Texas","B16002_025",0,15
"2610","48137","Edwards County, Texas","B16002_026",0,15
"2611","48137","Edwards County, Texas","B16002_027",0,15
"2612","48137","Edwards County, Texas","B16002_028",0,15
"2613","48137","Edwards County, Texas","B16002_029",0,15
"2614","48137","Edwards County, Texas","B16002_030",0,15
"2615","48137","Edwards County, Texas","B16002_031",0,15
"2616","48137","Edwards County, Texas","B16002_032",0,15
"2617","48137","Edwards County, Texas","B16002_033",0,15
"2618","48137","Edwards County, Texas","B16002_034",0,15
"2619","48137","Edwards County, Texas","B16002_035",0,15
"2620","48137","Edwards County, Texas","B16002_036",0,15
"2621","48137","Edwards County, Texas","B16002_037",0,15
"2622","48137","Edwards County, Texas","B16002_038",0,15
"2623","48139","Ellis County, Texas","B16002_001",71759,597
"2624","48139","Ellis County, Texas","B16002_002",55162,853
"2625","48139","Ellis County, Texas","B16002_003",14662,616
"2626","48139","Ellis County, Texas","B16002_004",1952,407
"2627","48139","Ellis County, Texas","B16002_005",12710,619
"2628","48139","Ellis County, Texas","B16002_006",292,188
"2629","48139","Ellis County, Texas","B16002_007",0,35
"2630","48139","Ellis County, Texas","B16002_008",292,188
"2631","48139","Ellis County, Texas","B16002_009",146,82
"2632","48139","Ellis County, Texas","B16002_010",0,35
"2633","48139","Ellis County, Texas","B16002_011",146,82
"2634","48139","Ellis County, Texas","B16002_012",210,143
"2635","48139","Ellis County, Texas","B16002_013",0,35
"2636","48139","Ellis County, Texas","B16002_014",210,143
"2637","48139","Ellis County, Texas","B16002_015",343,100
"2638","48139","Ellis County, Texas","B16002_016",13,21
"2639","48139","Ellis County, Texas","B16002_017",330,106
"2640","48139","Ellis County, Texas","B16002_018",19,29
"2641","48139","Ellis County, Texas","B16002_019",0,35
"2642","48139","Ellis County, Texas","B16002_020",19,29
"2643","48139","Ellis County, Texas","B16002_021",80,59
"2644","48139","Ellis County, Texas","B16002_022",17,28
"2645","48139","Ellis County, Texas","B16002_023",63,54
"2646","48139","Ellis County, Texas","B16002_024",80,68
"2647","48139","Ellis County, Texas","B16002_025",47,57
"2648","48139","Ellis County, Texas","B16002_026",33,36
"2649","48139","Ellis County, Texas","B16002_027",117,69
"2650","48139","Ellis County, Texas","B16002_028",0,35
"2651","48139","Ellis County, Texas","B16002_029",117,69
"2652","48139","Ellis County, Texas","B16002_030",156,130
"2653","48139","Ellis County, Texas","B16002_031",97,125
"2654","48139","Ellis County, Texas","B16002_032",59,57
"2655","48139","Ellis County, Texas","B16002_033",62,71
"2656","48139","Ellis County, Texas","B16002_034",14,24
"2657","48139","Ellis County, Texas","B16002_035",48,61
"2658","48139","Ellis County, Texas","B16002_036",430,228
"2659","48139","Ellis County, Texas","B16002_037",0,35
"2660","48139","Ellis County, Texas","B16002_038",430,228
"2661","48141","El Paso County, Texas","B16002_001",299637,1051
"2662","48141","El Paso County, Texas","B16002_002",68363,1811
"2663","48141","El Paso County, Texas","B16002_003",222930,1796
"2664","48141","El Paso County, Texas","B16002_004",51561,1984
"2665","48141","El Paso County, Texas","B16002_005",171369,2325
"2666","48141","El Paso County, Texas","B16002_006",1229,394
"2667","48141","El Paso County, Texas","B16002_007",220,188
"2668","48141","El Paso County, Texas","B16002_008",1009,363
"2669","48141","El Paso County, Texas","B16002_009",1527,383
"2670","48141","El Paso County, Texas","B16002_010",32,42
"2671","48141","El Paso County, Texas","B16002_011",1495,384
"2672","48141","El Paso County, Texas","B16002_012",316,152
"2673","48141","El Paso County, Texas","B16002_013",0,35
"2674","48141","El Paso County, Texas","B16002_014",316,152
"2675","48141","El Paso County, Texas","B16002_015",971,206
"2676","48141","El Paso County, Texas","B16002_016",46,47
"2677","48141","El Paso County, Texas","B16002_017",925,194
"2678","48141","El Paso County, Texas","B16002_018",639,251
"2679","48141","El Paso County, Texas","B16002_019",89,56
"2680","48141","El Paso County, Texas","B16002_020",550,254
"2681","48141","El Paso County, Texas","B16002_021",428,141
"2682","48141","El Paso County, Texas","B16002_022",136,80
"2683","48141","El Paso County, Texas","B16002_023",292,124
"2684","48141","El Paso County, Texas","B16002_024",414,154
"2685","48141","El Paso County, Texas","B16002_025",70,62
"2686","48141","El Paso County, Texas","B16002_026",344,141
"2687","48141","El Paso County, Texas","B16002_027",746,202
"2688","48141","El Paso County, Texas","B16002_028",58,57
"2689","48141","El Paso County, Texas","B16002_029",688,185
"2690","48141","El Paso County, Texas","B16002_030",1360,300
"2691","48141","El Paso County, Texas","B16002_031",317,165
"2692","48141","El Paso County, Texas","B16002_032",1043,275
"2693","48141","El Paso County, Texas","B16002_033",202,119
"2694","48141","El Paso County, Texas","B16002_034",7,12
"2695","48141","El Paso County, Texas","B16002_035",195,118
"2696","48141","El Paso County, Texas","B16002_036",512,237
"2697","48141","El Paso County, Texas","B16002_037",114,174
"2698","48141","El Paso County, Texas","B16002_038",398,156
"2699","48143","Erath County, Texas","B16002_001",16816,347
"2700","48143","Erath County, Texas","B16002_002",13948,369
"2701","48143","Erath County, Texas","B16002_003",2551,224
"2702","48143","Erath County, Texas","B16002_004",568,204
"2703","48143","Erath County, Texas","B16002_005",1983,295
"2704","48143","Erath County, Texas","B16002_006",34,39
"2705","48143","Erath County, Texas","B16002_007",0,31
"2706","48143","Erath County, Texas","B16002_008",34,39
"2707","48143","Erath County, Texas","B16002_009",112,67
"2708","48143","Erath County, Texas","B16002_010",0,31
"2709","48143","Erath County, Texas","B16002_011",112,67
"2710","48143","Erath County, Texas","B16002_012",18,34
"2711","48143","Erath County, Texas","B16002_013",0,31
"2712","48143","Erath County, Texas","B16002_014",18,34
"2713","48143","Erath County, Texas","B16002_015",22,29
"2714","48143","Erath County, Texas","B16002_016",0,31
"2715","48143","Erath County, Texas","B16002_017",22,29
"2716","48143","Erath County, Texas","B16002_018",0,31
"2717","48143","Erath County, Texas","B16002_019",0,31
"2718","48143","Erath County, Texas","B16002_020",0,31
"2719","48143","Erath County, Texas","B16002_021",41,49
"2720","48143","Erath County, Texas","B16002_022",0,31
"2721","48143","Erath County, Texas","B16002_023",41,49
"2722","48143","Erath County, Texas","B16002_024",0,31
"2723","48143","Erath County, Texas","B16002_025",0,31
"2724","48143","Erath County, Texas","B16002_026",0,31
"2725","48143","Erath County, Texas","B16002_027",47,46
"2726","48143","Erath County, Texas","B16002_028",6,10
"2727","48143","Erath County, Texas","B16002_029",41,45
"2728","48143","Erath County, Texas","B16002_030",24,28
"2729","48143","Erath County, Texas","B16002_031",0,31
"2730","48143","Erath County, Texas","B16002_032",24,28
"2731","48143","Erath County, Texas","B16002_033",19,30
"2732","48143","Erath County, Texas","B16002_034",0,31
"2733","48143","Erath County, Texas","B16002_035",19,30
"2734","48143","Erath County, Texas","B16002_036",0,31
"2735","48143","Erath County, Texas","B16002_037",0,31
"2736","48143","Erath County, Texas","B16002_038",0,31
"2737","48145","Falls County, Texas","B16002_001",6344,219
"2738","48145","Falls County, Texas","B16002_002",5229,282
"2739","48145","Falls County, Texas","B16002_003",941,212
"2740","48145","Falls County, Texas","B16002_004",176,73
"2741","48145","Falls County, Texas","B16002_005",765,194
"2742","48145","Falls County, Texas","B16002_006",0,23
"2743","48145","Falls County, Texas","B16002_007",0,23
"2744","48145","Falls County, Texas","B16002_008",0,23
"2745","48145","Falls County, Texas","B16002_009",12,12
"2746","48145","Falls County, Texas","B16002_010",3,4
"2747","48145","Falls County, Texas","B16002_011",9,12
"2748","48145","Falls County, Texas","B16002_012",8,9
"2749","48145","Falls County, Texas","B16002_013",0,23
"2750","48145","Falls County, Texas","B16002_014",8,9
"2751","48145","Falls County, Texas","B16002_015",110,144
"2752","48145","Falls County, Texas","B16002_016",0,23
"2753","48145","Falls County, Texas","B16002_017",110,144
"2754","48145","Falls County, Texas","B16002_018",0,23
"2755","48145","Falls County, Texas","B16002_019",0,23
"2756","48145","Falls County, Texas","B16002_020",0,23
"2757","48145","Falls County, Texas","B16002_021",0,23
"2758","48145","Falls County, Texas","B16002_022",0,23
"2759","48145","Falls County, Texas","B16002_023",0,23
"2760","48145","Falls County, Texas","B16002_024",0,23
"2761","48145","Falls County, Texas","B16002_025",0,23
"2762","48145","Falls County, Texas","B16002_026",0,23
"2763","48145","Falls County, Texas","B16002_027",11,12
"2764","48145","Falls County, Texas","B16002_028",0,23
"2765","48145","Falls County, Texas","B16002_029",11,12
"2766","48145","Falls County, Texas","B16002_030",0,23
"2767","48145","Falls County, Texas","B16002_031",0,23
"2768","48145","Falls County, Texas","B16002_032",0,23
"2769","48145","Falls County, Texas","B16002_033",0,23
"2770","48145","Falls County, Texas","B16002_034",0,23
"2771","48145","Falls County, Texas","B16002_035",0,23
"2772","48145","Falls County, Texas","B16002_036",33,48
"2773","48145","Falls County, Texas","B16002_037",0,23
"2774","48145","Falls County, Texas","B16002_038",33,48
"2775","48147","Fannin County, Texas","B16002_001",12767,333
"2776","48147","Fannin County, Texas","B16002_002",11465,400
"2777","48147","Fannin County, Texas","B16002_003",1119,197
"2778","48147","Fannin County, Texas","B16002_004",185,162
"2779","48147","Fannin County, Texas","B16002_005",934,187
"2780","48147","Fannin County, Texas","B16002_006",0,31
"2781","48147","Fannin County, Texas","B16002_007",0,31
"2782","48147","Fannin County, Texas","B16002_008",0,31
"2783","48147","Fannin County, Texas","B16002_009",40,30
"2784","48147","Fannin County, Texas","B16002_010",0,31
"2785","48147","Fannin County, Texas","B16002_011",40,30
"2786","48147","Fannin County, Texas","B16002_012",2,5
"2787","48147","Fannin County, Texas","B16002_013",0,31
"2788","48147","Fannin County, Texas","B16002_014",2,5
"2789","48147","Fannin County, Texas","B16002_015",35,30
"2790","48147","Fannin County, Texas","B16002_016",0,31
"2791","48147","Fannin County, Texas","B16002_017",35,30
"2792","48147","Fannin County, Texas","B16002_018",9,14
"2793","48147","Fannin County, Texas","B16002_019",9,14
"2794","48147","Fannin County, Texas","B16002_020",0,31
"2795","48147","Fannin County, Texas","B16002_021",25,17
"2796","48147","Fannin County, Texas","B16002_022",11,17
"2797","48147","Fannin County, Texas","B16002_023",14,19
"2798","48147","Fannin County, Texas","B16002_024",0,31
"2799","48147","Fannin County, Texas","B16002_025",0,31
"2800","48147","Fannin County, Texas","B16002_026",0,31
"2801","48147","Fannin County, Texas","B16002_027",2,4
"2802","48147","Fannin County, Texas","B16002_028",0,31
"2803","48147","Fannin County, Texas","B16002_029",2,4
"2804","48147","Fannin County, Texas","B16002_030",46,37
"2805","48147","Fannin County, Texas","B16002_031",0,31
"2806","48147","Fannin County, Texas","B16002_032",46,37
"2807","48147","Fannin County, Texas","B16002_033",6,9
"2808","48147","Fannin County, Texas","B16002_034",0,31
"2809","48147","Fannin County, Texas","B16002_035",6,9
"2810","48147","Fannin County, Texas","B16002_036",18,25
"2811","48147","Fannin County, Texas","B16002_037",2,4
"2812","48147","Fannin County, Texas","B16002_038",16,24
"2813","48149","Fayette County, Texas","B16002_001",10403,310
"2814","48149","Fayette County, Texas","B16002_002",8411,314
"2815","48149","Fayette County, Texas","B16002_003",1653,235
"2816","48149","Fayette County, Texas","B16002_004",58,48
"2817","48149","Fayette County, Texas","B16002_005",1595,236
"2818","48149","Fayette County, Texas","B16002_006",99,112
"2819","48149","Fayette County, Texas","B16002_007",0,28
"2820","48149","Fayette County, Texas","B16002_008",99,112
"2821","48149","Fayette County, Texas","B16002_009",102,51
"2822","48149","Fayette County, Texas","B16002_010",17,19
"2823","48149","Fayette County, Texas","B16002_011",85,47
"2824","48149","Fayette County, Texas","B16002_012",82,35
"2825","48149","Fayette County, Texas","B16002_013",2,4
"2826","48149","Fayette County, Texas","B16002_014",80,35
"2827","48149","Fayette County, Texas","B16002_015",17,13
"2828","48149","Fayette County, Texas","B16002_016",0,28
"2829","48149","Fayette County, Texas","B16002_017",17,13
"2830","48149","Fayette County, Texas","B16002_018",10,16
"2831","48149","Fayette County, Texas","B16002_019",0,28
"2832","48149","Fayette County, Texas","B16002_020",10,16
"2833","48149","Fayette County, Texas","B16002_021",5,8
"2834","48149","Fayette County, Texas","B16002_022",5,8
"2835","48149","Fayette County, Texas","B16002_023",0,28
"2836","48149","Fayette County, Texas","B16002_024",6,10
"2837","48149","Fayette County, Texas","B16002_025",0,28
"2838","48149","Fayette County, Texas","B16002_026",6,10
"2839","48149","Fayette County, Texas","B16002_027",5,8
"2840","48149","Fayette County, Texas","B16002_028",0,28
"2841","48149","Fayette County, Texas","B16002_029",5,8
"2842","48149","Fayette County, Texas","B16002_030",7,11
"2843","48149","Fayette County, Texas","B16002_031",0,28
"2844","48149","Fayette County, Texas","B16002_032",7,11
"2845","48149","Fayette County, Texas","B16002_033",0,28
"2846","48149","Fayette County, Texas","B16002_034",0,28
"2847","48149","Fayette County, Texas","B16002_035",0,28
"2848","48149","Fayette County, Texas","B16002_036",6,8
"2849","48149","Fayette County, Texas","B16002_037",0,28
"2850","48149","Fayette County, Texas","B16002_038",6,8
"2851","48151","Fisher County, Texas","B16002_001",1564,98
"2852","48151","Fisher County, Texas","B16002_002",1240,108
"2853","48151","Fisher County, Texas","B16002_003",324,71
"2854","48151","Fisher County, Texas","B16002_004",15,14
"2855","48151","Fisher County, Texas","B16002_005",309,69
"2856","48151","Fisher County, Texas","B16002_006",0,15
"2857","48151","Fisher County, Texas","B16002_007",0,15
"2858","48151","Fisher County, Texas","B16002_008",0,15
"2859","48151","Fisher County, Texas","B16002_009",0,15
"2860","48151","Fisher County, Texas","B16002_010",0,15
"2861","48151","Fisher County, Texas","B16002_011",0,15
"2862","48151","Fisher County, Texas","B16002_012",0,15
"2863","48151","Fisher County, Texas","B16002_013",0,15
"2864","48151","Fisher County, Texas","B16002_014",0,15
"2865","48151","Fisher County, Texas","B16002_015",0,15
"2866","48151","Fisher County, Texas","B16002_016",0,15
"2867","48151","Fisher County, Texas","B16002_017",0,15
"2868","48151","Fisher County, Texas","B16002_018",0,15
"2869","48151","Fisher County, Texas","B16002_019",0,15
"2870","48151","Fisher County, Texas","B16002_020",0,15
"2871","48151","Fisher County, Texas","B16002_021",0,15
"2872","48151","Fisher County, Texas","B16002_022",0,15
"2873","48151","Fisher County, Texas","B16002_023",0,15
"2874","48151","Fisher County, Texas","B16002_024",0,15
"2875","48151","Fisher County, Texas","B16002_025",0,15
"2876","48151","Fisher County, Texas","B16002_026",0,15
"2877","48151","Fisher County, Texas","B16002_027",0,15
"2878","48151","Fisher County, Texas","B16002_028",0,15
"2879","48151","Fisher County, Texas","B16002_029",0,15
"2880","48151","Fisher County, Texas","B16002_030",0,15
"2881","48151","Fisher County, Texas","B16002_031",0,15
"2882","48151","Fisher County, Texas","B16002_032",0,15
"2883","48151","Fisher County, Texas","B16002_033",0,15
"2884","48151","Fisher County, Texas","B16002_034",0,15
"2885","48151","Fisher County, Texas","B16002_035",0,15
"2886","48151","Fisher County, Texas","B16002_036",0,15
"2887","48151","Fisher County, Texas","B16002_037",0,15
"2888","48151","Fisher County, Texas","B16002_038",0,15
"2889","48153","Floyd County, Texas","B16002_001",1952,115
"2890","48153","Floyd County, Texas","B16002_002",1053,127
"2891","48153","Floyd County, Texas","B16002_003",884,115
"2892","48153","Floyd County, Texas","B16002_004",111,75
"2893","48153","Floyd County, Texas","B16002_005",773,119
"2894","48153","Floyd County, Texas","B16002_006",0,21
"2895","48153","Floyd County, Texas","B16002_007",0,21
"2896","48153","Floyd County, Texas","B16002_008",0,21
"2897","48153","Floyd County, Texas","B16002_009",0,21
"2898","48153","Floyd County, Texas","B16002_010",0,21
"2899","48153","Floyd County, Texas","B16002_011",0,21
"2900","48153","Floyd County, Texas","B16002_012",0,21
"2901","48153","Floyd County, Texas","B16002_013",0,21
"2902","48153","Floyd County, Texas","B16002_014",0,21
"2903","48153","Floyd County, Texas","B16002_015",8,11
"2904","48153","Floyd County, Texas","B16002_016",0,21
"2905","48153","Floyd County, Texas","B16002_017",8,11
"2906","48153","Floyd County, Texas","B16002_018",0,21
"2907","48153","Floyd County, Texas","B16002_019",0,21
"2908","48153","Floyd County, Texas","B16002_020",0,21
"2909","48153","Floyd County, Texas","B16002_021",3,5
"2910","48153","Floyd County, Texas","B16002_022",0,21
"2911","48153","Floyd County, Texas","B16002_023",3,5
"2912","48153","Floyd County, Texas","B16002_024",0,21
"2913","48153","Floyd County, Texas","B16002_025",0,21
"2914","48153","Floyd County, Texas","B16002_026",0,21
"2915","48153","Floyd County, Texas","B16002_027",0,21
"2916","48153","Floyd County, Texas","B16002_028",0,21
"2917","48153","Floyd County, Texas","B16002_029",0,21
"2918","48153","Floyd County, Texas","B16002_030",0,21
"2919","48153","Floyd County, Texas","B16002_031",0,21
"2920","48153","Floyd County, Texas","B16002_032",0,21
"2921","48153","Floyd County, Texas","B16002_033",0,21
"2922","48153","Floyd County, Texas","B16002_034",0,21
"2923","48153","Floyd County, Texas","B16002_035",0,21
"2924","48153","Floyd County, Texas","B16002_036",4,6
"2925","48153","Floyd County, Texas","B16002_037",0,21
"2926","48153","Floyd County, Texas","B16002_038",4,6
"2927","48155","Foard County, Texas","B16002_001",437,76
"2928","48155","Foard County, Texas","B16002_002",389,72
"2929","48155","Foard County, Texas","B16002_003",36,31
"2930","48155","Foard County, Texas","B16002_004",13,21
"2931","48155","Foard County, Texas","B16002_005",23,22
"2932","48155","Foard County, Texas","B16002_006",0,15
"2933","48155","Foard County, Texas","B16002_007",0,15
"2934","48155","Foard County, Texas","B16002_008",0,15
"2935","48155","Foard County, Texas","B16002_009",0,15
"2936","48155","Foard County, Texas","B16002_010",0,15
"2937","48155","Foard County, Texas","B16002_011",0,15
"2938","48155","Foard County, Texas","B16002_012",11,16
"2939","48155","Foard County, Texas","B16002_013",0,15
"2940","48155","Foard County, Texas","B16002_014",11,16
"2941","48155","Foard County, Texas","B16002_015",0,15
"2942","48155","Foard County, Texas","B16002_016",0,15
"2943","48155","Foard County, Texas","B16002_017",0,15
"2944","48155","Foard County, Texas","B16002_018",0,15
"2945","48155","Foard County, Texas","B16002_019",0,15
"2946","48155","Foard County, Texas","B16002_020",0,15
"2947","48155","Foard County, Texas","B16002_021",0,15
"2948","48155","Foard County, Texas","B16002_022",0,15
"2949","48155","Foard County, Texas","B16002_023",0,15
"2950","48155","Foard County, Texas","B16002_024",0,15
"2951","48155","Foard County, Texas","B16002_025",0,15
"2952","48155","Foard County, Texas","B16002_026",0,15
"2953","48155","Foard County, Texas","B16002_027",0,15
"2954","48155","Foard County, Texas","B16002_028",0,15
"2955","48155","Foard County, Texas","B16002_029",0,15
"2956","48155","Foard County, Texas","B16002_030",1,2
"2957","48155","Foard County, Texas","B16002_031",0,15
"2958","48155","Foard County, Texas","B16002_032",1,2
"2959","48155","Foard County, Texas","B16002_033",0,15
"2960","48155","Foard County, Texas","B16002_034",0,15
"2961","48155","Foard County, Texas","B16002_035",0,15
"2962","48155","Foard County, Texas","B16002_036",0,15
"2963","48155","Foard County, Texas","B16002_037",0,15
"2964","48155","Foard County, Texas","B16002_038",0,15
"2965","48157","Fort Bend County, Texas","B16002_001",292713,1417
"2966","48157","Fort Bend County, Texas","B16002_002",156213,2780
"2967","48157","Fort Bend County, Texas","B16002_003",56828,1742
"2968","48157","Fort Bend County, Texas","B16002_004",7994,855
"2969","48157","Fort Bend County, Texas","B16002_005",48834,1964
"2970","48157","Fort Bend County, Texas","B16002_006",1867,583
"2971","48157","Fort Bend County, Texas","B16002_007",28,37
"2972","48157","Fort Bend County, Texas","B16002_008",1839,576
"2973","48157","Fort Bend County, Texas","B16002_009",1311,629
"2974","48157","Fort Bend County, Texas","B16002_010",0,35
"2975","48157","Fort Bend County, Texas","B16002_011",1311,629
"2976","48157","Fort Bend County, Texas","B16002_012",1688,424
"2977","48157","Fort Bend County, Texas","B16002_013",288,156
"2978","48157","Fort Bend County, Texas","B16002_014",1400,413
"2979","48157","Fort Bend County, Texas","B16002_015",22070,1426
"2980","48157","Fort Bend County, Texas","B16002_016",1255,314
"2981","48157","Fort Bend County, Texas","B16002_017",20815,1373
"2982","48157","Fort Bend County, Texas","B16002_018",1220,406
"2983","48157","Fort Bend County, Texas","B16002_019",261,151
"2984","48157","Fort Bend County, Texas","B16002_020",959,358
"2985","48157","Fort Bend County, Texas","B16002_021",13602,1148
"2986","48157","Fort Bend County, Texas","B16002_022",4897,770
"2987","48157","Fort Bend County, Texas","B16002_023",8705,851
"2988","48157","Fort Bend County, Texas","B16002_024",8610,1044
"2989","48157","Fort Bend County, Texas","B16002_025",2104,610
"2990","48157","Fort Bend County, Texas","B16002_026",6506,967
"2991","48157","Fort Bend County, Texas","B16002_027",4203,707
"2992","48157","Fort Bend County, Texas","B16002_028",265,143
"2993","48157","Fort Bend County, Texas","B16002_029",3938,714
"2994","48157","Fort Bend County, Texas","B16002_030",11388,975
"2995","48157","Fort Bend County, Texas","B16002_031",959,232
"2996","48157","Fort Bend County, Texas","B16002_032",10429,937
"2997","48157","Fort Bend County, Texas","B16002_033",4318,914
"2998","48157","Fort Bend County, Texas","B16002_034",422,267
"2999","48157","Fort Bend County, Texas","B16002_035",3896,929
"3000","48157","Fort Bend County, Texas","B16002_036",9395,1309
"3001","48157","Fort Bend County, Texas","B16002_037",72,75
"3002","48157","Fort Bend County, Texas","B16002_038",9323,1304
"3003","48159","Franklin County, Texas","B16002_001",3897,211
"3004","48159","Franklin County, Texas","B16002_002",3350,158
"3005","48159","Franklin County, Texas","B16002_003",473,90
"3006","48159","Franklin County, Texas","B16002_004",136,89
"3007","48159","Franklin County, Texas","B16002_005",337,104
"3008","48159","Franklin County, Texas","B16002_006",28,45
"3009","48159","Franklin County, Texas","B16002_007",0,23
"3010","48159","Franklin County, Texas","B16002_008",28,45
"3011","48159","Franklin County, Texas","B16002_009",17,23
"3012","48159","Franklin County, Texas","B16002_010",0,23
"3013","48159","Franklin County, Texas","B16002_011",17,23
"3014","48159","Franklin County, Texas","B16002_012",5,10
"3015","48159","Franklin County, Texas","B16002_013",0,23
"3016","48159","Franklin County, Texas","B16002_014",5,10
"3017","48159","Franklin County, Texas","B16002_015",0,23
"3018","48159","Franklin County, Texas","B16002_016",0,23
"3019","48159","Franklin County, Texas","B16002_017",0,23
"3020","48159","Franklin County, Texas","B16002_018",15,24
"3021","48159","Franklin County, Texas","B16002_019",0,23
"3022","48159","Franklin County, Texas","B16002_020",15,24
"3023","48159","Franklin County, Texas","B16002_021",0,23
"3024","48159","Franklin County, Texas","B16002_022",0,23
"3025","48159","Franklin County, Texas","B16002_023",0,23
"3026","48159","Franklin County, Texas","B16002_024",0,23
"3027","48159","Franklin County, Texas","B16002_025",0,23
"3028","48159","Franklin County, Texas","B16002_026",0,23
"3029","48159","Franklin County, Texas","B16002_027",0,23
"3030","48159","Franklin County, Texas","B16002_028",0,23
"3031","48159","Franklin County, Texas","B16002_029",0,23
"3032","48159","Franklin County, Texas","B16002_030",0,23
"3033","48159","Franklin County, Texas","B16002_031",0,23
"3034","48159","Franklin County, Texas","B16002_032",0,23
"3035","48159","Franklin County, Texas","B16002_033",0,23
"3036","48159","Franklin County, Texas","B16002_034",0,23
"3037","48159","Franklin County, Texas","B16002_035",0,23
"3038","48159","Franklin County, Texas","B16002_036",9,17
"3039","48159","Franklin County, Texas","B16002_037",0,23
"3040","48159","Franklin County, Texas","B16002_038",9,17
"3041","48161","Freestone County, Texas","B16002_001",7090,295
"3042","48161","Freestone County, Texas","B16002_002",6328,309
"3043","48161","Freestone County, Texas","B16002_003",683,153
"3044","48161","Freestone County, Texas","B16002_004",52,46
"3045","48161","Freestone County, Texas","B16002_005",631,140
"3046","48161","Freestone County, Texas","B16002_006",0,28
"3047","48161","Freestone County, Texas","B16002_007",0,28
"3048","48161","Freestone County, Texas","B16002_008",0,28
"3049","48161","Freestone County, Texas","B16002_009",0,28
"3050","48161","Freestone County, Texas","B16002_010",0,28
"3051","48161","Freestone County, Texas","B16002_011",0,28
"3052","48161","Freestone County, Texas","B16002_012",2,4
"3053","48161","Freestone County, Texas","B16002_013",0,28
"3054","48161","Freestone County, Texas","B16002_014",2,4
"3055","48161","Freestone County, Texas","B16002_015",20,32
"3056","48161","Freestone County, Texas","B16002_016",0,28
"3057","48161","Freestone County, Texas","B16002_017",20,32
"3058","48161","Freestone County, Texas","B16002_018",0,28
"3059","48161","Freestone County, Texas","B16002_019",0,28
"3060","48161","Freestone County, Texas","B16002_020",0,28
"3061","48161","Freestone County, Texas","B16002_021",0,28
"3062","48161","Freestone County, Texas","B16002_022",0,28
"3063","48161","Freestone County, Texas","B16002_023",0,28
"3064","48161","Freestone County, Texas","B16002_024",17,28
"3065","48161","Freestone County, Texas","B16002_025",17,28
"3066","48161","Freestone County, Texas","B16002_026",0,28
"3067","48161","Freestone County, Texas","B16002_027",34,45
"3068","48161","Freestone County, Texas","B16002_028",0,28
"3069","48161","Freestone County, Texas","B16002_029",34,45
"3070","48161","Freestone County, Texas","B16002_030",6,10
"3071","48161","Freestone County, Texas","B16002_031",0,28
"3072","48161","Freestone County, Texas","B16002_032",6,10
"3073","48161","Freestone County, Texas","B16002_033",0,28
"3074","48161","Freestone County, Texas","B16002_034",0,28
"3075","48161","Freestone County, Texas","B16002_035",0,28
"3076","48161","Freestone County, Texas","B16002_036",0,28
"3077","48161","Freestone County, Texas","B16002_037",0,28
"3078","48161","Freestone County, Texas","B16002_038",0,28
"3079","48163","Frio County, Texas","B16002_001",5437,254
"3080","48163","Frio County, Texas","B16002_002",2056,278
"3081","48163","Frio County, Texas","B16002_003",3307,293
"3082","48163","Frio County, Texas","B16002_004",881,324
"3083","48163","Frio County, Texas","B16002_005",2426,364
"3084","48163","Frio County, Texas","B16002_006",0,23
"3085","48163","Frio County, Texas","B16002_007",0,23
"3086","48163","Frio County, Texas","B16002_008",0,23
"3087","48163","Frio County, Texas","B16002_009",0,23
"3088","48163","Frio County, Texas","B16002_010",0,23
"3089","48163","Frio County, Texas","B16002_011",0,23
"3090","48163","Frio County, Texas","B16002_012",0,23
"3091","48163","Frio County, Texas","B16002_013",0,23
"3092","48163","Frio County, Texas","B16002_014",0,23
"3093","48163","Frio County, Texas","B16002_015",0,23
"3094","48163","Frio County, Texas","B16002_016",0,23
"3095","48163","Frio County, Texas","B16002_017",0,23
"3096","48163","Frio County, Texas","B16002_018",0,23
"3097","48163","Frio County, Texas","B16002_019",0,23
"3098","48163","Frio County, Texas","B16002_020",0,23
"3099","48163","Frio County, Texas","B16002_021",0,23
"3100","48163","Frio County, Texas","B16002_022",0,23
"3101","48163","Frio County, Texas","B16002_023",0,23
"3102","48163","Frio County, Texas","B16002_024",71,105
"3103","48163","Frio County, Texas","B16002_025",0,23
"3104","48163","Frio County, Texas","B16002_026",71,105
"3105","48163","Frio County, Texas","B16002_027",0,23
"3106","48163","Frio County, Texas","B16002_028",0,23
"3107","48163","Frio County, Texas","B16002_029",0,23
"3108","48163","Frio County, Texas","B16002_030",0,23
"3109","48163","Frio County, Texas","B16002_031",0,23
"3110","48163","Frio County, Texas","B16002_032",0,23
"3111","48163","Frio County, Texas","B16002_033",0,23
"3112","48163","Frio County, Texas","B16002_034",0,23
"3113","48163","Frio County, Texas","B16002_035",0,23
"3114","48163","Frio County, Texas","B16002_036",3,7
"3115","48163","Frio County, Texas","B16002_037",3,7
"3116","48163","Frio County, Texas","B16002_038",0,23
"3117","48165","Gaines County, Texas","B16002_001",6929,234
"3118","48165","Gaines County, Texas","B16002_002",2642,361
"3119","48165","Gaines County, Texas","B16002_003",2346,312
"3120","48165","Gaines County, Texas","B16002_004",645,219
"3121","48165","Gaines County, Texas","B16002_005",1701,300
"3122","48165","Gaines County, Texas","B16002_006",0,28
"3123","48165","Gaines County, Texas","B16002_007",0,28
"3124","48165","Gaines County, Texas","B16002_008",0,28
"3125","48165","Gaines County, Texas","B16002_009",1941,271
"3126","48165","Gaines County, Texas","B16002_010",513,202
"3127","48165","Gaines County, Texas","B16002_011",1428,264
"3128","48165","Gaines County, Texas","B16002_012",0,28
"3129","48165","Gaines County, Texas","B16002_013",0,28
"3130","48165","Gaines County, Texas","B16002_014",0,28
"3131","48165","Gaines County, Texas","B16002_015",0,28
"3132","48165","Gaines County, Texas","B16002_016",0,28
"3133","48165","Gaines County, Texas","B16002_017",0,28
"3134","48165","Gaines County, Texas","B16002_018",0,28
"3135","48165","Gaines County, Texas","B16002_019",0,28
"3136","48165","Gaines County, Texas","B16002_020",0,28
"3137","48165","Gaines County, Texas","B16002_021",0,28
"3138","48165","Gaines County, Texas","B16002_022",0,28
"3139","48165","Gaines County, Texas","B16002_023",0,28
"3140","48165","Gaines County, Texas","B16002_024",0,28
"3141","48165","Gaines County, Texas","B16002_025",0,28
"3142","48165","Gaines County, Texas","B16002_026",0,28
"3143","48165","Gaines County, Texas","B16002_027",0,28
"3144","48165","Gaines County, Texas","B16002_028",0,28
"3145","48165","Gaines County, Texas","B16002_029",0,28
"3146","48165","Gaines County, Texas","B16002_030",0,28
"3147","48165","Gaines County, Texas","B16002_031",0,28
"3148","48165","Gaines County, Texas","B16002_032",0,28
"3149","48165","Gaines County, Texas","B16002_033",0,28
"3150","48165","Gaines County, Texas","B16002_034",0,28
"3151","48165","Gaines County, Texas","B16002_035",0,28
"3152","48165","Gaines County, Texas","B16002_036",0,28
"3153","48165","Gaines County, Texas","B16002_037",0,28
"3154","48165","Gaines County, Texas","B16002_038",0,28
"3155","48167","Galveston County, Texas","B16002_001",140660,969
"3156","48167","Galveston County, Texas","B16002_002",106582,1633
"3157","48167","Galveston County, Texas","B16002_003",25489,1180
"3158","48167","Galveston County, Texas","B16002_004",3273,541
"3159","48167","Galveston County, Texas","B16002_005",22216,1232
"3160","48167","Galveston County, Texas","B16002_006",393,118
"3161","48167","Galveston County, Texas","B16002_007",11,16
"3162","48167","Galveston County, Texas","B16002_008",382,119
"3163","48167","Galveston County, Texas","B16002_009",563,201
"3164","48167","Galveston County, Texas","B16002_010",0,35
"3165","48167","Galveston County, Texas","B16002_011",563,201
"3166","48167","Galveston County, Texas","B16002_012",472,203
"3167","48167","Galveston County, Texas","B16002_013",61,54
"3168","48167","Galveston County, Texas","B16002_014",411,190
"3169","48167","Galveston County, Texas","B16002_015",2094,376
"3170","48167","Galveston County, Texas","B16002_016",388,189
"3171","48167","Galveston County, Texas","B16002_017",1706,336
"3172","48167","Galveston County, Texas","B16002_018",190,104
"3173","48167","Galveston County, Texas","B16002_019",13,22
"3174","48167","Galveston County, Texas","B16002_020",177,97
"3175","48167","Galveston County, Texas","B16002_021",728,276
"3176","48167","Galveston County, Texas","B16002_022",87,76
"3177","48167","Galveston County, Texas","B16002_023",641,253
"3178","48167","Galveston County, Texas","B16002_024",1111,274
"3179","48167","Galveston County, Texas","B16002_025",165,95
"3180","48167","Galveston County, Texas","B16002_026",946,247
"3181","48167","Galveston County, Texas","B16002_027",775,196
"3182","48167","Galveston County, Texas","B16002_028",64,58
"3183","48167","Galveston County, Texas","B16002_029",711,189
"3184","48167","Galveston County, Texas","B16002_030",1487,262
"3185","48167","Galveston County, Texas","B16002_031",239,157
"3186","48167","Galveston County, Texas","B16002_032",1248,254
"3187","48167","Galveston County, Texas","B16002_033",261,106
"3188","48167","Galveston County, Texas","B16002_034",7,11
"3189","48167","Galveston County, Texas","B16002_035",254,105
"3190","48167","Galveston County, Texas","B16002_036",515,195
"3191","48167","Galveston County, Texas","B16002_037",0,35
"3192","48167","Galveston County, Texas","B16002_038",515,195
"3193","48169","Garza County, Texas","B16002_001",1463,176
"3194","48169","Garza County, Texas","B16002_002",914,188
"3195","48169","Garza County, Texas","B16002_003",543,145
"3196","48169","Garza County, Texas","B16002_004",40,42
"3197","48169","Garza County, Texas","B16002_005",503,149
"3198","48169","Garza County, Texas","B16002_006",0,21
"3199","48169","Garza County, Texas","B16002_007",0,21
"3200","48169","Garza County, Texas","B16002_008",0,21
"3201","48169","Garza County, Texas","B16002_009",0,21
"3202","48169","Garza County, Texas","B16002_010",0,21
"3203","48169","Garza County, Texas","B16002_011",0,21
"3204","48169","Garza County, Texas","B16002_012",0,21
"3205","48169","Garza County, Texas","B16002_013",0,21
"3206","48169","Garza County, Texas","B16002_014",0,21
"3207","48169","Garza County, Texas","B16002_015",0,21
"3208","48169","Garza County, Texas","B16002_016",0,21
"3209","48169","Garza County, Texas","B16002_017",0,21
"3210","48169","Garza County, Texas","B16002_018",0,21
"3211","48169","Garza County, Texas","B16002_019",0,21
"3212","48169","Garza County, Texas","B16002_020",0,21
"3213","48169","Garza County, Texas","B16002_021",0,21
"3214","48169","Garza County, Texas","B16002_022",0,21
"3215","48169","Garza County, Texas","B16002_023",0,21
"3216","48169","Garza County, Texas","B16002_024",0,21
"3217","48169","Garza County, Texas","B16002_025",0,21
"3218","48169","Garza County, Texas","B16002_026",0,21
"3219","48169","Garza County, Texas","B16002_027",0,21
"3220","48169","Garza County, Texas","B16002_028",0,21
"3221","48169","Garza County, Texas","B16002_029",0,21
"3222","48169","Garza County, Texas","B16002_030",0,21
"3223","48169","Garza County, Texas","B16002_031",0,21
"3224","48169","Garza County, Texas","B16002_032",0,21
"3225","48169","Garza County, Texas","B16002_033",0,21
"3226","48169","Garza County, Texas","B16002_034",0,21
"3227","48169","Garza County, Texas","B16002_035",0,21
"3228","48169","Garza County, Texas","B16002_036",6,10
"3229","48169","Garza County, Texas","B16002_037",6,10
"3230","48169","Garza County, Texas","B16002_038",0,21
"3231","48171","Gillespie County, Texas","B16002_001",11513,437
"3232","48171","Gillespie County, Texas","B16002_002",9282,431
"3233","48171","Gillespie County, Texas","B16002_003",1691,272
"3234","48171","Gillespie County, Texas","B16002_004",132,102
"3235","48171","Gillespie County, Texas","B16002_005",1559,262
"3236","48171","Gillespie County, Texas","B16002_006",9,17
"3237","48171","Gillespie County, Texas","B16002_007",0,28
"3238","48171","Gillespie County, Texas","B16002_008",9,17
"3239","48171","Gillespie County, Texas","B16002_009",440,147
"3240","48171","Gillespie County, Texas","B16002_010",9,15
"3241","48171","Gillespie County, Texas","B16002_011",431,147
"3242","48171","Gillespie County, Texas","B16002_012",3,7
"3243","48171","Gillespie County, Texas","B16002_013",0,28
"3244","48171","Gillespie County, Texas","B16002_014",3,7
"3245","48171","Gillespie County, Texas","B16002_015",0,28
"3246","48171","Gillespie County, Texas","B16002_016",0,28
"3247","48171","Gillespie County, Texas","B16002_017",0,28
"3248","48171","Gillespie County, Texas","B16002_018",0,28
"3249","48171","Gillespie County, Texas","B16002_019",0,28
"3250","48171","Gillespie County, Texas","B16002_020",0,28
"3251","48171","Gillespie County, Texas","B16002_021",0,28
"3252","48171","Gillespie County, Texas","B16002_022",0,28
"3253","48171","Gillespie County, Texas","B16002_023",0,28
"3254","48171","Gillespie County, Texas","B16002_024",0,28
"3255","48171","Gillespie County, Texas","B16002_025",0,28
"3256","48171","Gillespie County, Texas","B16002_026",0,28
"3257","48171","Gillespie County, Texas","B16002_027",47,64
"3258","48171","Gillespie County, Texas","B16002_028",0,28
"3259","48171","Gillespie County, Texas","B16002_029",47,64
"3260","48171","Gillespie County, Texas","B16002_030",29,28
"3261","48171","Gillespie County, Texas","B16002_031",0,28
"3262","48171","Gillespie County, Texas","B16002_032",29,28
"3263","48171","Gillespie County, Texas","B16002_033",0,28
"3264","48171","Gillespie County, Texas","B16002_034",0,28
"3265","48171","Gillespie County, Texas","B16002_035",0,28
"3266","48171","Gillespie County, Texas","B16002_036",12,20
"3267","48171","Gillespie County, Texas","B16002_037",0,28
"3268","48171","Gillespie County, Texas","B16002_038",12,20
"3269","48173","Glasscock County, Texas","B16002_001",460,70
"3270","48173","Glasscock County, Texas","B16002_002",344,65
"3271","48173","Glasscock County, Texas","B16002_003",89,54
"3272","48173","Glasscock County, Texas","B16002_004",25,28
"3273","48173","Glasscock County, Texas","B16002_005",64,45
"3274","48173","Glasscock County, Texas","B16002_006",0,15
"3275","48173","Glasscock County, Texas","B16002_007",0,15
"3276","48173","Glasscock County, Texas","B16002_008",0,15
"3277","48173","Glasscock County, Texas","B16002_009",0,15
"3278","48173","Glasscock County, Texas","B16002_010",0,15
"3279","48173","Glasscock County, Texas","B16002_011",0,15
"3280","48173","Glasscock County, Texas","B16002_012",13,21
"3281","48173","Glasscock County, Texas","B16002_013",0,15
"3282","48173","Glasscock County, Texas","B16002_014",13,21
"3283","48173","Glasscock County, Texas","B16002_015",0,15
"3284","48173","Glasscock County, Texas","B16002_016",0,15
"3285","48173","Glasscock County, Texas","B16002_017",0,15
"3286","48173","Glasscock County, Texas","B16002_018",0,15
"3287","48173","Glasscock County, Texas","B16002_019",0,15
"3288","48173","Glasscock County, Texas","B16002_020",0,15
"3289","48173","Glasscock County, Texas","B16002_021",0,15
"3290","48173","Glasscock County, Texas","B16002_022",0,15
"3291","48173","Glasscock County, Texas","B16002_023",0,15
"3292","48173","Glasscock County, Texas","B16002_024",0,15
"3293","48173","Glasscock County, Texas","B16002_025",0,15
"3294","48173","Glasscock County, Texas","B16002_026",0,15
"3295","48173","Glasscock County, Texas","B16002_027",0,15
"3296","48173","Glasscock County, Texas","B16002_028",0,15
"3297","48173","Glasscock County, Texas","B16002_029",0,15
"3298","48173","Glasscock County, Texas","B16002_030",0,15
"3299","48173","Glasscock County, Texas","B16002_031",0,15
"3300","48173","Glasscock County, Texas","B16002_032",0,15
"3301","48173","Glasscock County, Texas","B16002_033",14,25
"3302","48173","Glasscock County, Texas","B16002_034",0,15
"3303","48173","Glasscock County, Texas","B16002_035",14,25
"3304","48173","Glasscock County, Texas","B16002_036",0,15
"3305","48173","Glasscock County, Texas","B16002_037",0,15
"3306","48173","Glasscock County, Texas","B16002_038",0,15
"3307","48175","Goliad County, Texas","B16002_001",2811,172
"3308","48175","Goliad County, Texas","B16002_002",2210,169
"3309","48175","Goliad County, Texas","B16002_003",544,107
"3310","48175","Goliad County, Texas","B16002_004",63,39
"3311","48175","Goliad County, Texas","B16002_005",481,113
"3312","48175","Goliad County, Texas","B16002_006",50,50
"3313","48175","Goliad County, Texas","B16002_007",0,21
"3314","48175","Goliad County, Texas","B16002_008",50,50
"3315","48175","Goliad County, Texas","B16002_009",0,21
"3316","48175","Goliad County, Texas","B16002_010",0,21
"3317","48175","Goliad County, Texas","B16002_011",0,21
"3318","48175","Goliad County, Texas","B16002_012",0,21
"3319","48175","Goliad County, Texas","B16002_013",0,21
"3320","48175","Goliad County, Texas","B16002_014",0,21
"3321","48175","Goliad County, Texas","B16002_015",0,21
"3322","48175","Goliad County, Texas","B16002_016",0,21
"3323","48175","Goliad County, Texas","B16002_017",0,21
"3324","48175","Goliad County, Texas","B16002_018",0,21
"3325","48175","Goliad County, Texas","B16002_019",0,21
"3326","48175","Goliad County, Texas","B16002_020",0,21
"3327","48175","Goliad County, Texas","B16002_021",0,21
"3328","48175","Goliad County, Texas","B16002_022",0,21
"3329","48175","Goliad County, Texas","B16002_023",0,21
"3330","48175","Goliad County, Texas","B16002_024",0,21
"3331","48175","Goliad County, Texas","B16002_025",0,21
"3332","48175","Goliad County, Texas","B16002_026",0,21
"3333","48175","Goliad County, Texas","B16002_027",0,21
"3334","48175","Goliad County, Texas","B16002_028",0,21
"3335","48175","Goliad County, Texas","B16002_029",0,21
"3336","48175","Goliad County, Texas","B16002_030",0,21
"3337","48175","Goliad County, Texas","B16002_031",0,21
"3338","48175","Goliad County, Texas","B16002_032",0,21
"3339","48175","Goliad County, Texas","B16002_033",7,12
"3340","48175","Goliad County, Texas","B16002_034",0,21
"3341","48175","Goliad County, Texas","B16002_035",7,12
"3342","48175","Goliad County, Texas","B16002_036",0,21
"3343","48175","Goliad County, Texas","B16002_037",0,21
"3344","48175","Goliad County, Texas","B16002_038",0,21
"3345","48177","Gonzales County, Texas","B16002_001",7926,216
"3346","48177","Gonzales County, Texas","B16002_002",5446,338
"3347","48177","Gonzales County, Texas","B16002_003",2373,258
"3348","48177","Gonzales County, Texas","B16002_004",422,161
"3349","48177","Gonzales County, Texas","B16002_005",1951,238
"3350","48177","Gonzales County, Texas","B16002_006",0,23
"3351","48177","Gonzales County, Texas","B16002_007",0,23
"3352","48177","Gonzales County, Texas","B16002_008",0,23
"3353","48177","Gonzales County, Texas","B16002_009",51,67
"3354","48177","Gonzales County, Texas","B16002_010",0,23
"3355","48177","Gonzales County, Texas","B16002_011",51,67
"3356","48177","Gonzales County, Texas","B16002_012",16,24
"3357","48177","Gonzales County, Texas","B16002_013",0,23
"3358","48177","Gonzales County, Texas","B16002_014",16,24
"3359","48177","Gonzales County, Texas","B16002_015",0,23
"3360","48177","Gonzales County, Texas","B16002_016",0,23
"3361","48177","Gonzales County, Texas","B16002_017",0,23
"3362","48177","Gonzales County, Texas","B16002_018",15,20
"3363","48177","Gonzales County, Texas","B16002_019",0,23
"3364","48177","Gonzales County, Texas","B16002_020",15,20
"3365","48177","Gonzales County, Texas","B16002_021",5,10
"3366","48177","Gonzales County, Texas","B16002_022",0,23
"3367","48177","Gonzales County, Texas","B16002_023",5,10
"3368","48177","Gonzales County, Texas","B16002_024",0,23
"3369","48177","Gonzales County, Texas","B16002_025",0,23
"3370","48177","Gonzales County, Texas","B16002_026",0,23
"3371","48177","Gonzales County, Texas","B16002_027",12,17
"3372","48177","Gonzales County, Texas","B16002_028",0,23
"3373","48177","Gonzales County, Texas","B16002_029",12,17
"3374","48177","Gonzales County, Texas","B16002_030",8,13
"3375","48177","Gonzales County, Texas","B16002_031",8,13
"3376","48177","Gonzales County, Texas","B16002_032",0,23
"3377","48177","Gonzales County, Texas","B16002_033",0,23
"3378","48177","Gonzales County, Texas","B16002_034",0,23
"3379","48177","Gonzales County, Texas","B16002_035",0,23
"3380","48177","Gonzales County, Texas","B16002_036",0,23
"3381","48177","Gonzales County, Texas","B16002_037",0,23
"3382","48177","Gonzales County, Texas","B16002_038",0,23
"3383","48179","Gray County, Texas","B16002_001",7991,253
"3384","48179","Gray County, Texas","B16002_002",6103,314
"3385","48179","Gray County, Texas","B16002_003",1665,221
"3386","48179","Gray County, Texas","B16002_004",420,159
"3387","48179","Gray County, Texas","B16002_005",1245,198
"3388","48179","Gray County, Texas","B16002_006",0,28
"3389","48179","Gray County, Texas","B16002_007",0,28
"3390","48179","Gray County, Texas","B16002_008",0,28
"3391","48179","Gray County, Texas","B16002_009",18,24
"3392","48179","Gray County, Texas","B16002_010",0,28
"3393","48179","Gray County, Texas","B16002_011",18,24
"3394","48179","Gray County, Texas","B16002_012",0,28
"3395","48179","Gray County, Texas","B16002_013",0,28
"3396","48179","Gray County, Texas","B16002_014",0,28
"3397","48179","Gray County, Texas","B16002_015",3,9
"3398","48179","Gray County, Texas","B16002_016",0,28
"3399","48179","Gray County, Texas","B16002_017",3,9
"3400","48179","Gray County, Texas","B16002_018",116,101
"3401","48179","Gray County, Texas","B16002_019",0,28
"3402","48179","Gray County, Texas","B16002_020",116,101
"3403","48179","Gray County, Texas","B16002_021",0,28
"3404","48179","Gray County, Texas","B16002_022",0,28
"3405","48179","Gray County, Texas","B16002_023",0,28
"3406","48179","Gray County, Texas","B16002_024",11,19
"3407","48179","Gray County, Texas","B16002_025",0,28
"3408","48179","Gray County, Texas","B16002_026",11,19
"3409","48179","Gray County, Texas","B16002_027",10,15
"3410","48179","Gray County, Texas","B16002_028",8,14
"3411","48179","Gray County, Texas","B16002_029",2,4
"3412","48179","Gray County, Texas","B16002_030",9,14
"3413","48179","Gray County, Texas","B16002_031",0,28
"3414","48179","Gray County, Texas","B16002_032",9,14
"3415","48179","Gray County, Texas","B16002_033",56,63
"3416","48179","Gray County, Texas","B16002_034",3,9
"3417","48179","Gray County, Texas","B16002_035",53,62
"3418","48179","Gray County, Texas","B16002_036",0,28
"3419","48179","Gray County, Texas","B16002_037",0,28
"3420","48179","Gray County, Texas","B16002_038",0,28
"3421","48181","Grayson County, Texas","B16002_001",55248,772
"3422","48181","Grayson County, Texas","B16002_002",48228,866
"3423","48181","Grayson County, Texas","B16002_003",5506,534
"3424","48181","Grayson County, Texas","B16002_004",889,231
"3425","48181","Grayson County, Texas","B16002_005",4617,514
"3426","48181","Grayson County, Texas","B16002_006",179,86
"3427","48181","Grayson County, Texas","B16002_007",0,35
"3428","48181","Grayson County, Texas","B16002_008",179,86
"3429","48181","Grayson County, Texas","B16002_009",300,155
"3430","48181","Grayson County, Texas","B16002_010",0,35
"3431","48181","Grayson County, Texas","B16002_011",300,155
"3432","48181","Grayson County, Texas","B16002_012",115,68
"3433","48181","Grayson County, Texas","B16002_013",35,29
"3434","48181","Grayson County, Texas","B16002_014",80,66
"3435","48181","Grayson County, Texas","B16002_015",320,112
"3436","48181","Grayson County, Texas","B16002_016",32,39
"3437","48181","Grayson County, Texas","B16002_017",288,111
"3438","48181","Grayson County, Texas","B16002_018",70,45
"3439","48181","Grayson County, Texas","B16002_019",6,16
"3440","48181","Grayson County, Texas","B16002_020",64,44
"3441","48181","Grayson County, Texas","B16002_021",112,65
"3442","48181","Grayson County, Texas","B16002_022",29,39
"3443","48181","Grayson County, Texas","B16002_023",83,59
"3444","48181","Grayson County, Texas","B16002_024",21,22
"3445","48181","Grayson County, Texas","B16002_025",10,20
"3446","48181","Grayson County, Texas","B16002_026",11,13
"3447","48181","Grayson County, Texas","B16002_027",62,49
"3448","48181","Grayson County, Texas","B16002_028",0,35
"3449","48181","Grayson County, Texas","B16002_029",62,49
"3450","48181","Grayson County, Texas","B16002_030",248,158
"3451","48181","Grayson County, Texas","B16002_031",27,35
"3452","48181","Grayson County, Texas","B16002_032",221,155
"3453","48181","Grayson County, Texas","B16002_033",13,21
"3454","48181","Grayson County, Texas","B16002_034",0,35
"3455","48181","Grayson County, Texas","B16002_035",13,21
"3456","48181","Grayson County, Texas","B16002_036",74,64
"3457","48181","Grayson County, Texas","B16002_037",0,35
"3458","48181","Grayson County, Texas","B16002_038",74,64
"3459","48183","Gregg County, Texas","B16002_001",48277,534
"3460","48183","Gregg County, Texas","B16002_002",40430,669
"3461","48183","Gregg County, Texas","B16002_003",6719,416
"3462","48183","Gregg County, Texas","B16002_004",1059,261
"3463","48183","Gregg County, Texas","B16002_005",5660,456
"3464","48183","Gregg County, Texas","B16002_006",50,43
"3465","48183","Gregg County, Texas","B16002_007",0,35
"3466","48183","Gregg County, Texas","B16002_008",50,43
"3467","48183","Gregg County, Texas","B16002_009",192,103
"3468","48183","Gregg County, Texas","B16002_010",14,23
"3469","48183","Gregg County, Texas","B16002_011",178,96
"3470","48183","Gregg County, Texas","B16002_012",19,32
"3471","48183","Gregg County, Texas","B16002_013",19,32
"3472","48183","Gregg County, Texas","B16002_014",0,35
"3473","48183","Gregg County, Texas","B16002_015",189,80
"3474","48183","Gregg County, Texas","B16002_016",22,28
"3475","48183","Gregg County, Texas","B16002_017",167,82
"3476","48183","Gregg County, Texas","B16002_018",50,42
"3477","48183","Gregg County, Texas","B16002_019",24,27
"3478","48183","Gregg County, Texas","B16002_020",26,29
"3479","48183","Gregg County, Texas","B16002_021",40,36
"3480","48183","Gregg County, Texas","B16002_022",9,13
"3481","48183","Gregg County, Texas","B16002_023",31,35
"3482","48183","Gregg County, Texas","B16002_024",125,84
"3483","48183","Gregg County, Texas","B16002_025",16,21
"3484","48183","Gregg County, Texas","B16002_026",109,81
"3485","48183","Gregg County, Texas","B16002_027",23,38
"3486","48183","Gregg County, Texas","B16002_028",0,35
"3487","48183","Gregg County, Texas","B16002_029",23,38
"3488","48183","Gregg County, Texas","B16002_030",276,236
"3489","48183","Gregg County, Texas","B16002_031",45,49
"3490","48183","Gregg County, Texas","B16002_032",231,239
"3491","48183","Gregg County, Texas","B16002_033",52,59
"3492","48183","Gregg County, Texas","B16002_034",0,35
"3493","48183","Gregg County, Texas","B16002_035",52,59
"3494","48183","Gregg County, Texas","B16002_036",112,138
"3495","48183","Gregg County, Texas","B16002_037",0,35
"3496","48183","Gregg County, Texas","B16002_038",112,138
"3497","48185","Grimes County, Texas","B16002_001",10255,451
"3498","48185","Grimes County, Texas","B16002_002",8564,465
"3499","48185","Grimes County, Texas","B16002_003",1503,227
"3500","48185","Grimes County, Texas","B16002_004",264,212
"3501","48185","Grimes County, Texas","B16002_005",1239,202
"3502","48185","Grimes County, Texas","B16002_006",10,13
"3503","48185","Grimes County, Texas","B16002_007",0,31
"3504","48185","Grimes County, Texas","B16002_008",10,13
"3505","48185","Grimes County, Texas","B16002_009",6,10
"3506","48185","Grimes County, Texas","B16002_010",0,31
"3507","48185","Grimes County, Texas","B16002_011",6,10
"3508","48185","Grimes County, Texas","B16002_012",106,105
"3509","48185","Grimes County, Texas","B16002_013",0,31
"3510","48185","Grimes County, Texas","B16002_014",106,105
"3511","48185","Grimes County, Texas","B16002_015",3,7
"3512","48185","Grimes County, Texas","B16002_016",0,31
"3513","48185","Grimes County, Texas","B16002_017",3,7
"3514","48185","Grimes County, Texas","B16002_018",0,31
"3515","48185","Grimes County, Texas","B16002_019",0,31
"3516","48185","Grimes County, Texas","B16002_020",0,31
"3517","48185","Grimes County, Texas","B16002_021",0,31
"3518","48185","Grimes County, Texas","B16002_022",0,31
"3519","48185","Grimes County, Texas","B16002_023",0,31
"3520","48185","Grimes County, Texas","B16002_024",0,31
"3521","48185","Grimes County, Texas","B16002_025",0,31
"3522","48185","Grimes County, Texas","B16002_026",0,31
"3523","48185","Grimes County, Texas","B16002_027",0,31
"3524","48185","Grimes County, Texas","B16002_028",0,31
"3525","48185","Grimes County, Texas","B16002_029",0,31
"3526","48185","Grimes County, Texas","B16002_030",63,58
"3527","48185","Grimes County, Texas","B16002_031",0,31
"3528","48185","Grimes County, Texas","B16002_032",63,58
"3529","48185","Grimes County, Texas","B16002_033",0,31
"3530","48185","Grimes County, Texas","B16002_034",0,31
"3531","48185","Grimes County, Texas","B16002_035",0,31
"3532","48185","Grimes County, Texas","B16002_036",0,31
"3533","48185","Grimes County, Texas","B16002_037",0,31
"3534","48185","Grimes County, Texas","B16002_038",0,31
"3535","48187","Guadalupe County, Texas","B16002_001",65424,593
"3536","48187","Guadalupe County, Texas","B16002_002",46289,924
"3537","48187","Guadalupe County, Texas","B16002_003",16257,851
"3538","48187","Guadalupe County, Texas","B16002_004",1605,348
"3539","48187","Guadalupe County, Texas","B16002_005",14652,886
"3540","48187","Guadalupe County, Texas","B16002_006",35,31
"3541","48187","Guadalupe County, Texas","B16002_007",9,14
"3542","48187","Guadalupe County, Texas","B16002_008",26,28
"3543","48187","Guadalupe County, Texas","B16002_009",1030,335
"3544","48187","Guadalupe County, Texas","B16002_010",15,23
"3545","48187","Guadalupe County, Texas","B16002_011",1015,332
"3546","48187","Guadalupe County, Texas","B16002_012",106,63
"3547","48187","Guadalupe County, Texas","B16002_013",5,10
"3548","48187","Guadalupe County, Texas","B16002_014",101,62
"3549","48187","Guadalupe County, Texas","B16002_015",301,129
"3550","48187","Guadalupe County, Texas","B16002_016",13,21
"3551","48187","Guadalupe County, Texas","B16002_017",288,128
"3552","48187","Guadalupe County, Texas","B16002_018",177,124
"3553","48187","Guadalupe County, Texas","B16002_019",26,30
"3554","48187","Guadalupe County, Texas","B16002_020",151,121
"3555","48187","Guadalupe County, Texas","B16002_021",252,135
"3556","48187","Guadalupe County, Texas","B16002_022",172,123
"3557","48187","Guadalupe County, Texas","B16002_023",80,69
"3558","48187","Guadalupe County, Texas","B16002_024",271,129
"3559","48187","Guadalupe County, Texas","B16002_025",32,78
"3560","48187","Guadalupe County, Texas","B16002_026",239,123
"3561","48187","Guadalupe County, Texas","B16002_027",307,150
"3562","48187","Guadalupe County, Texas","B16002_028",0,35
"3563","48187","Guadalupe County, Texas","B16002_029",307,150
"3564","48187","Guadalupe County, Texas","B16002_030",226,98
"3565","48187","Guadalupe County, Texas","B16002_031",33,36
"3566","48187","Guadalupe County, Texas","B16002_032",193,97
"3567","48187","Guadalupe County, Texas","B16002_033",33,32
"3568","48187","Guadalupe County, Texas","B16002_034",33,32
"3569","48187","Guadalupe County, Texas","B16002_035",0,35
"3570","48187","Guadalupe County, Texas","B16002_036",140,111
"3571","48187","Guadalupe County, Texas","B16002_037",0,35
"3572","48187","Guadalupe County, Texas","B16002_038",140,111
"3573","48189","Hale County, Texas","B16002_001",11024,281
"3574","48189","Hale County, Texas","B16002_002",5524,379
"3575","48189","Hale County, Texas","B16002_003",5364,403
"3576","48189","Hale County, Texas","B16002_004",791,216
"3577","48189","Hale County, Texas","B16002_005",4573,399
"3578","48189","Hale County, Texas","B16002_006",0,31
"3579","48189","Hale County, Texas","B16002_007",0,31
"3580","48189","Hale County, Texas","B16002_008",0,31
"3581","48189","Hale County, Texas","B16002_009",12,19
"3582","48189","Hale County, Texas","B16002_010",12,19
"3583","48189","Hale County, Texas","B16002_011",0,31
"3584","48189","Hale County, Texas","B16002_012",35,45
"3585","48189","Hale County, Texas","B16002_013",0,31
"3586","48189","Hale County, Texas","B16002_014",35,45
"3587","48189","Hale County, Texas","B16002_015",57,58
"3588","48189","Hale County, Texas","B16002_016",0,31
"3589","48189","Hale County, Texas","B16002_017",57,58
"3590","48189","Hale County, Texas","B16002_018",0,31
"3591","48189","Hale County, Texas","B16002_019",0,31
"3592","48189","Hale County, Texas","B16002_020",0,31
"3593","48189","Hale County, Texas","B16002_021",0,31
"3594","48189","Hale County, Texas","B16002_022",0,31
"3595","48189","Hale County, Texas","B16002_023",0,31
"3596","48189","Hale County, Texas","B16002_024",0,31
"3597","48189","Hale County, Texas","B16002_025",0,31
"3598","48189","Hale County, Texas","B16002_026",0,31
"3599","48189","Hale County, Texas","B16002_027",12,20
"3600","48189","Hale County, Texas","B16002_028",0,31
"3601","48189","Hale County, Texas","B16002_029",12,20
"3602","48189","Hale County, Texas","B16002_030",0,31
"3603","48189","Hale County, Texas","B16002_031",0,31
"3604","48189","Hale County, Texas","B16002_032",0,31
"3605","48189","Hale County, Texas","B16002_033",20,29
"3606","48189","Hale County, Texas","B16002_034",0,31
"3607","48189","Hale County, Texas","B16002_035",20,29
"3608","48189","Hale County, Texas","B16002_036",0,31
"3609","48189","Hale County, Texas","B16002_037",0,31
"3610","48189","Hale County, Texas","B16002_038",0,31
"3611","48191","Hall County, Texas","B16002_001",1169,106
"3612","48191","Hall County, Texas","B16002_002",858,79
"3613","48191","Hall County, Texas","B16002_003",308,66
"3614","48191","Hall County, Texas","B16002_004",4,4
"3615","48191","Hall County, Texas","B16002_005",304,64
"3616","48191","Hall County, Texas","B16002_006",0,15
"3617","48191","Hall County, Texas","B16002_007",0,15
"3618","48191","Hall County, Texas","B16002_008",0,15
"3619","48191","Hall County, Texas","B16002_009",0,15
"3620","48191","Hall County, Texas","B16002_010",0,15
"3621","48191","Hall County, Texas","B16002_011",0,15
"3622","48191","Hall County, Texas","B16002_012",0,15
"3623","48191","Hall County, Texas","B16002_013",0,15
"3624","48191","Hall County, Texas","B16002_014",0,15
"3625","48191","Hall County, Texas","B16002_015",0,15
"3626","48191","Hall County, Texas","B16002_016",0,15
"3627","48191","Hall County, Texas","B16002_017",0,15
"3628","48191","Hall County, Texas","B16002_018",0,15
"3629","48191","Hall County, Texas","B16002_019",0,15
"3630","48191","Hall County, Texas","B16002_020",0,15
"3631","48191","Hall County, Texas","B16002_021",0,15
"3632","48191","Hall County, Texas","B16002_022",0,15
"3633","48191","Hall County, Texas","B16002_023",0,15
"3634","48191","Hall County, Texas","B16002_024",3,6
"3635","48191","Hall County, Texas","B16002_025",0,15
"3636","48191","Hall County, Texas","B16002_026",3,6
"3637","48191","Hall County, Texas","B16002_027",0,15
"3638","48191","Hall County, Texas","B16002_028",0,15
"3639","48191","Hall County, Texas","B16002_029",0,15
"3640","48191","Hall County, Texas","B16002_030",0,15
"3641","48191","Hall County, Texas","B16002_031",0,15
"3642","48191","Hall County, Texas","B16002_032",0,15
"3643","48191","Hall County, Texas","B16002_033",0,15
"3644","48191","Hall County, Texas","B16002_034",0,15
"3645","48191","Hall County, Texas","B16002_035",0,15
"3646","48191","Hall County, Texas","B16002_036",0,15
"3647","48191","Hall County, Texas","B16002_037",0,15
"3648","48191","Hall County, Texas","B16002_038",0,15
"3649","48193","Hamilton County, Texas","B16002_001",3120,186
"3650","48193","Hamilton County, Texas","B16002_002",2786,199
"3651","48193","Hamilton County, Texas","B16002_003",222,75
"3652","48193","Hamilton County, Texas","B16002_004",27,26
"3653","48193","Hamilton County, Texas","B16002_005",195,72
"3654","48193","Hamilton County, Texas","B16002_006",0,21
"3655","48193","Hamilton County, Texas","B16002_007",0,21
"3656","48193","Hamilton County, Texas","B16002_008",0,21
"3657","48193","Hamilton County, Texas","B16002_009",54,37
"3658","48193","Hamilton County, Texas","B16002_010",11,14
"3659","48193","Hamilton County, Texas","B16002_011",43,36
"3660","48193","Hamilton County, Texas","B16002_012",57,52
"3661","48193","Hamilton County, Texas","B16002_013",0,21
"3662","48193","Hamilton County, Texas","B16002_014",57,52
"3663","48193","Hamilton County, Texas","B16002_015",0,21
"3664","48193","Hamilton County, Texas","B16002_016",0,21
"3665","48193","Hamilton County, Texas","B16002_017",0,21
"3666","48193","Hamilton County, Texas","B16002_018",0,21
"3667","48193","Hamilton County, Texas","B16002_019",0,21
"3668","48193","Hamilton County, Texas","B16002_020",0,21
"3669","48193","Hamilton County, Texas","B16002_021",0,21
"3670","48193","Hamilton County, Texas","B16002_022",0,21
"3671","48193","Hamilton County, Texas","B16002_023",0,21
"3672","48193","Hamilton County, Texas","B16002_024",0,21
"3673","48193","Hamilton County, Texas","B16002_025",0,21
"3674","48193","Hamilton County, Texas","B16002_026",0,21
"3675","48193","Hamilton County, Texas","B16002_027",0,21
"3676","48193","Hamilton County, Texas","B16002_028",0,21
"3677","48193","Hamilton County, Texas","B16002_029",0,21
"3678","48193","Hamilton County, Texas","B16002_030",1,3
"3679","48193","Hamilton County, Texas","B16002_031",0,21
"3680","48193","Hamilton County, Texas","B16002_032",1,3
"3681","48193","Hamilton County, Texas","B16002_033",0,21
"3682","48193","Hamilton County, Texas","B16002_034",0,21
"3683","48193","Hamilton County, Texas","B16002_035",0,21
"3684","48193","Hamilton County, Texas","B16002_036",0,21
"3685","48193","Hamilton County, Texas","B16002_037",0,21
"3686","48193","Hamilton County, Texas","B16002_038",0,21
"3687","48195","Hansford County, Texas","B16002_001",1858,107
"3688","48195","Hansford County, Texas","B16002_002",1171,105
"3689","48195","Hansford County, Texas","B16002_003",658,101
"3690","48195","Hansford County, Texas","B16002_004",232,85
"3691","48195","Hansford County, Texas","B16002_005",426,95
"3692","48195","Hansford County, Texas","B16002_006",0,21
"3693","48195","Hansford County, Texas","B16002_007",0,21
"3694","48195","Hansford County, Texas","B16002_008",0,21
"3695","48195","Hansford County, Texas","B16002_009",21,29
"3696","48195","Hansford County, Texas","B16002_010",0,21
"3697","48195","Hansford County, Texas","B16002_011",21,29
"3698","48195","Hansford County, Texas","B16002_012",0,21
"3699","48195","Hansford County, Texas","B16002_013",0,21
"3700","48195","Hansford County, Texas","B16002_014",0,21
"3701","48195","Hansford County, Texas","B16002_015",0,21
"3702","48195","Hansford County, Texas","B16002_016",0,21
"3703","48195","Hansford County, Texas","B16002_017",0,21
"3704","48195","Hansford County, Texas","B16002_018",0,21
"3705","48195","Hansford County, Texas","B16002_019",0,21
"3706","48195","Hansford County, Texas","B16002_020",0,21
"3707","48195","Hansford County, Texas","B16002_021",8,14
"3708","48195","Hansford County, Texas","B16002_022",0,21
"3709","48195","Hansford County, Texas","B16002_023",8,14
"3710","48195","Hansford County, Texas","B16002_024",0,21
"3711","48195","Hansford County, Texas","B16002_025",0,21
"3712","48195","Hansford County, Texas","B16002_026",0,21
"3713","48195","Hansford County, Texas","B16002_027",0,21
"3714","48195","Hansford County, Texas","B16002_028",0,21
"3715","48195","Hansford County, Texas","B16002_029",0,21
"3716","48195","Hansford County, Texas","B16002_030",0,21
"3717","48195","Hansford County, Texas","B16002_031",0,21
"3718","48195","Hansford County, Texas","B16002_032",0,21
"3719","48195","Hansford County, Texas","B16002_033",0,21
"3720","48195","Hansford County, Texas","B16002_034",0,21
"3721","48195","Hansford County, Texas","B16002_035",0,21
"3722","48195","Hansford County, Texas","B16002_036",0,21
"3723","48195","Hansford County, Texas","B16002_037",0,21
"3724","48195","Hansford County, Texas","B16002_038",0,21
"3725","48197","Hardeman County, Texas","B16002_001",1230,122
"3726","48197","Hardeman County, Texas","B16002_002",975,124
"3727","48197","Hardeman County, Texas","B16002_003",206,91
"3728","48197","Hardeman County, Texas","B16002_004",43,45
"3729","48197","Hardeman County, Texas","B16002_005",163,75
"3730","48197","Hardeman County, Texas","B16002_006",0,15
"3731","48197","Hardeman County, Texas","B16002_007",0,15
"3732","48197","Hardeman County, Texas","B16002_008",0,15
"3733","48197","Hardeman County, Texas","B16002_009",4,7
"3734","48197","Hardeman County, Texas","B16002_010",0,15
"3735","48197","Hardeman County, Texas","B16002_011",4,7
"3736","48197","Hardeman County, Texas","B16002_012",0,15
"3737","48197","Hardeman County, Texas","B16002_013",0,15
"3738","48197","Hardeman County, Texas","B16002_014",0,15
"3739","48197","Hardeman County, Texas","B16002_015",1,3
"3740","48197","Hardeman County, Texas","B16002_016",0,15
"3741","48197","Hardeman County, Texas","B16002_017",1,3
"3742","48197","Hardeman County, Texas","B16002_018",0,15
"3743","48197","Hardeman County, Texas","B16002_019",0,15
"3744","48197","Hardeman County, Texas","B16002_020",0,15
"3745","48197","Hardeman County, Texas","B16002_021",6,8
"3746","48197","Hardeman County, Texas","B16002_022",0,15
"3747","48197","Hardeman County, Texas","B16002_023",6,8
"3748","48197","Hardeman County, Texas","B16002_024",2,5
"3749","48197","Hardeman County, Texas","B16002_025",2,5
"3750","48197","Hardeman County, Texas","B16002_026",0,15
"3751","48197","Hardeman County, Texas","B16002_027",4,8
"3752","48197","Hardeman County, Texas","B16002_028",0,15
"3753","48197","Hardeman County, Texas","B16002_029",4,8
"3754","48197","Hardeman County, Texas","B16002_030",1,3
"3755","48197","Hardeman County, Texas","B16002_031",0,15
"3756","48197","Hardeman County, Texas","B16002_032",1,3
"3757","48197","Hardeman County, Texas","B16002_033",0,15
"3758","48197","Hardeman County, Texas","B16002_034",0,15
"3759","48197","Hardeman County, Texas","B16002_035",0,15
"3760","48197","Hardeman County, Texas","B16002_036",31,41
"3761","48197","Hardeman County, Texas","B16002_037",0,15
"3762","48197","Hardeman County, Texas","B16002_038",31,41
"3763","48199","Hardin County, Texas","B16002_001",22222,494
"3764","48199","Hardin County, Texas","B16002_002",20749,496
"3765","48199","Hardin County, Texas","B16002_003",1147,262
"3766","48199","Hardin County, Texas","B16002_004",217,150
"3767","48199","Hardin County, Texas","B16002_005",930,243
"3768","48199","Hardin County, Texas","B16002_006",101,98
"3769","48199","Hardin County, Texas","B16002_007",0,35
"3770","48199","Hardin County, Texas","B16002_008",101,98
"3771","48199","Hardin County, Texas","B16002_009",10,19
"3772","48199","Hardin County, Texas","B16002_010",0,35
"3773","48199","Hardin County, Texas","B16002_011",10,19
"3774","48199","Hardin County, Texas","B16002_012",0,35
"3775","48199","Hardin County, Texas","B16002_013",0,35
"3776","48199","Hardin County, Texas","B16002_014",0,35
"3777","48199","Hardin County, Texas","B16002_015",131,117
"3778","48199","Hardin County, Texas","B16002_016",0,35
"3779","48199","Hardin County, Texas","B16002_017",131,117
"3780","48199","Hardin County, Texas","B16002_018",2,6
"3781","48199","Hardin County, Texas","B16002_019",0,35
"3782","48199","Hardin County, Texas","B16002_020",2,6
"3783","48199","Hardin County, Texas","B16002_021",16,21
"3784","48199","Hardin County, Texas","B16002_022",0,35
"3785","48199","Hardin County, Texas","B16002_023",16,21
"3786","48199","Hardin County, Texas","B16002_024",21,24
"3787","48199","Hardin County, Texas","B16002_025",0,35
"3788","48199","Hardin County, Texas","B16002_026",21,24
"3789","48199","Hardin County, Texas","B16002_027",23,45
"3790","48199","Hardin County, Texas","B16002_028",0,35
"3791","48199","Hardin County, Texas","B16002_029",23,45
"3792","48199","Hardin County, Texas","B16002_030",11,14
"3793","48199","Hardin County, Texas","B16002_031",0,35
"3794","48199","Hardin County, Texas","B16002_032",11,14
"3795","48199","Hardin County, Texas","B16002_033",0,35
"3796","48199","Hardin County, Texas","B16002_034",0,35
"3797","48199","Hardin County, Texas","B16002_035",0,35
"3798","48199","Hardin County, Texas","B16002_036",11,14
"3799","48199","Hardin County, Texas","B16002_037",0,35
"3800","48199","Hardin County, Texas","B16002_038",11,14
"3801","48201","Harris County, Texas","B16002_001",1757164,3293
"3802","48201","Harris County, Texas","B16002_002",948931,5352
"3803","48201","Harris County, Texas","B16002_003",603599,4396
"3804","48201","Harris County, Texas","B16002_004",159986,3802
"3805","48201","Harris County, Texas","B16002_005",443613,4806
"3806","48201","Harris County, Texas","B16002_006",15710,1435
"3807","48201","Harris County, Texas","B16002_007",1270,453
"3808","48201","Harris County, Texas","B16002_008",14440,1482
"3809","48201","Harris County, Texas","B16002_009",7089,847
"3810","48201","Harris County, Texas","B16002_010",260,141
"3811","48201","Harris County, Texas","B16002_011",6829,838
"3812","48201","Harris County, Texas","B16002_012",8587,881
"3813","48201","Harris County, Texas","B16002_013",818,226
"3814","48201","Harris County, Texas","B16002_014",7769,863
"3815","48201","Harris County, Texas","B16002_015",43219,2103
"3816","48201","Harris County, Texas","B16002_016",5093,713
"3817","48201","Harris County, Texas","B16002_017",38126,1948
"3818","48201","Harris County, Texas","B16002_018",5234,754
"3819","48201","Harris County, Texas","B16002_019",1341,340
"3820","48201","Harris County, Texas","B16002_020",3893,666
"3821","48201","Harris County, Texas","B16002_021",24815,1455
"3822","48201","Harris County, Texas","B16002_022",7408,846
"3823","48201","Harris County, Texas","B16002_023",17407,1064
"3824","48201","Harris County, Texas","B16002_024",34426,1634
"3825","48201","Harris County, Texas","B16002_025",12139,1017
"3826","48201","Harris County, Texas","B16002_026",22287,1283
"3827","48201","Harris County, Texas","B16002_027",10508,922
"3828","48201","Harris County, Texas","B16002_028",685,230
"3829","48201","Harris County, Texas","B16002_029",9823,917
"3830","48201","Harris County, Texas","B16002_030",18159,1207
"3831","48201","Harris County, Texas","B16002_031",3173,447
"3832","48201","Harris County, Texas","B16002_032",14986,1026
"3833","48201","Harris County, Texas","B16002_033",12398,1228
"3834","48201","Harris County, Texas","B16002_034",1656,481
"3835","48201","Harris County, Texas","B16002_035",10742,1116
"3836","48201","Harris County, Texas","B16002_036",24489,1475
"3837","48201","Harris County, Texas","B16002_037",2019,408
"3838","48201","Harris County, Texas","B16002_038",22470,1417
"3839","48203","Harrison County, Texas","B16002_001",26287,462
"3840","48203","Harrison County, Texas","B16002_002",23158,557
"3841","48203","Harrison County, Texas","B16002_003",2745,331
"3842","48203","Harrison County, Texas","B16002_004",303,169
"3843","48203","Harrison County, Texas","B16002_005",2442,306
"3844","48203","Harrison County, Texas","B16002_006",75,86
"3845","48203","Harrison County, Texas","B16002_007",0,35
"3846","48203","Harrison County, Texas","B16002_008",75,86
"3847","48203","Harrison County, Texas","B16002_009",31,35
"3848","48203","Harrison County, Texas","B16002_010",0,35
"3849","48203","Harrison County, Texas","B16002_011",31,35
"3850","48203","Harrison County, Texas","B16002_012",56,52
"3851","48203","Harrison County, Texas","B16002_013",42,49
"3852","48203","Harrison County, Texas","B16002_014",14,26
"3853","48203","Harrison County, Texas","B16002_015",0,35
"3854","48203","Harrison County, Texas","B16002_016",0,35
"3855","48203","Harrison County, Texas","B16002_017",0,35
"3856","48203","Harrison County, Texas","B16002_018",0,35
"3857","48203","Harrison County, Texas","B16002_019",0,35
"3858","48203","Harrison County, Texas","B16002_020",0,35
"3859","48203","Harrison County, Texas","B16002_021",17,30
"3860","48203","Harrison County, Texas","B16002_022",0,35
"3861","48203","Harrison County, Texas","B16002_023",17,30
"3862","48203","Harrison County, Texas","B16002_024",8,13
"3863","48203","Harrison County, Texas","B16002_025",0,35
"3864","48203","Harrison County, Texas","B16002_026",8,13
"3865","48203","Harrison County, Texas","B16002_027",0,35
"3866","48203","Harrison County, Texas","B16002_028",0,35
"3867","48203","Harrison County, Texas","B16002_029",0,35
"3868","48203","Harrison County, Texas","B16002_030",97,68
"3869","48203","Harrison County, Texas","B16002_031",42,46
"3870","48203","Harrison County, Texas","B16002_032",55,55
"3871","48203","Harrison County, Texas","B16002_033",13,19
"3872","48203","Harrison County, Texas","B16002_034",0,35
"3873","48203","Harrison County, Texas","B16002_035",13,19
"3874","48203","Harrison County, Texas","B16002_036",87,73
"3875","48203","Harrison County, Texas","B16002_037",0,35
"3876","48203","Harrison County, Texas","B16002_038",87,73
"3877","48205","Hartley County, Texas","B16002_001",1633,116
"3878","48205","Hartley County, Texas","B16002_002",1302,163
"3879","48205","Hartley County, Texas","B16002_003",249,160
"3880","48205","Hartley County, Texas","B16002_004",2,6
"3881","48205","Hartley County, Texas","B16002_005",247,159
"3882","48205","Hartley County, Texas","B16002_006",0,21
"3883","48205","Hartley County, Texas","B16002_007",0,21
"3884","48205","Hartley County, Texas","B16002_008",0,21
"3885","48205","Hartley County, Texas","B16002_009",65,58
"3886","48205","Hartley County, Texas","B16002_010",22,32
"3887","48205","Hartley County, Texas","B16002_011",43,50
"3888","48205","Hartley County, Texas","B16002_012",0,21
"3889","48205","Hartley County, Texas","B16002_013",0,21
"3890","48205","Hartley County, Texas","B16002_014",0,21
"3891","48205","Hartley County, Texas","B16002_015",7,16
"3892","48205","Hartley County, Texas","B16002_016",0,21
"3893","48205","Hartley County, Texas","B16002_017",7,16
"3894","48205","Hartley County, Texas","B16002_018",0,21
"3895","48205","Hartley County, Texas","B16002_019",0,21
"3896","48205","Hartley County, Texas","B16002_020",0,21
"3897","48205","Hartley County, Texas","B16002_021",0,21
"3898","48205","Hartley County, Texas","B16002_022",0,21
"3899","48205","Hartley County, Texas","B16002_023",0,21
"3900","48205","Hartley County, Texas","B16002_024",0,21
"3901","48205","Hartley County, Texas","B16002_025",0,21
"3902","48205","Hartley County, Texas","B16002_026",0,21
"3903","48205","Hartley County, Texas","B16002_027",0,21
"3904","48205","Hartley County, Texas","B16002_028",0,21
"3905","48205","Hartley County, Texas","B16002_029",0,21
"3906","48205","Hartley County, Texas","B16002_030",10,17
"3907","48205","Hartley County, Texas","B16002_031",0,21
"3908","48205","Hartley County, Texas","B16002_032",10,17
"3909","48205","Hartley County, Texas","B16002_033",0,21
"3910","48205","Hartley County, Texas","B16002_034",0,21
"3911","48205","Hartley County, Texas","B16002_035",0,21
"3912","48205","Hartley County, Texas","B16002_036",0,21
"3913","48205","Hartley County, Texas","B16002_037",0,21
"3914","48205","Hartley County, Texas","B16002_038",0,21
"3915","48207","Haskell County, Texas","B16002_001",2123,138
"3916","48207","Haskell County, Texas","B16002_002",1742,121
"3917","48207","Haskell County, Texas","B16002_003",365,67
"3918","48207","Haskell County, Texas","B16002_004",50,31
"3919","48207","Haskell County, Texas","B16002_005",315,69
"3920","48207","Haskell County, Texas","B16002_006",0,21
"3921","48207","Haskell County, Texas","B16002_007",0,21
"3922","48207","Haskell County, Texas","B16002_008",0,21
"3923","48207","Haskell County, Texas","B16002_009",3,5
"3924","48207","Haskell County, Texas","B16002_010",0,21
"3925","48207","Haskell County, Texas","B16002_011",3,5
"3926","48207","Haskell County, Texas","B16002_012",0,21
"3927","48207","Haskell County, Texas","B16002_013",0,21
"3928","48207","Haskell County, Texas","B16002_014",0,21
"3929","48207","Haskell County, Texas","B16002_015",7,10
"3930","48207","Haskell County, Texas","B16002_016",0,21
"3931","48207","Haskell County, Texas","B16002_017",7,10
"3932","48207","Haskell County, Texas","B16002_018",0,21
"3933","48207","Haskell County, Texas","B16002_019",0,21
"3934","48207","Haskell County, Texas","B16002_020",0,21
"3935","48207","Haskell County, Texas","B16002_021",0,21
"3936","48207","Haskell County, Texas","B16002_022",0,21
"3937","48207","Haskell County, Texas","B16002_023",0,21
"3938","48207","Haskell County, Texas","B16002_024",0,21
"3939","48207","Haskell County, Texas","B16002_025",0,21
"3940","48207","Haskell County, Texas","B16002_026",0,21
"3941","48207","Haskell County, Texas","B16002_027",0,21
"3942","48207","Haskell County, Texas","B16002_028",0,21
"3943","48207","Haskell County, Texas","B16002_029",0,21
"3944","48207","Haskell County, Texas","B16002_030",0,21
"3945","48207","Haskell County, Texas","B16002_031",0,21
"3946","48207","Haskell County, Texas","B16002_032",0,21
"3947","48207","Haskell County, Texas","B16002_033",0,21
"3948","48207","Haskell County, Texas","B16002_034",0,21
"3949","48207","Haskell County, Texas","B16002_035",0,21
"3950","48207","Haskell County, Texas","B16002_036",6,11
"3951","48207","Haskell County, Texas","B16002_037",0,21
"3952","48207","Haskell County, Texas","B16002_038",6,11
"3953","48209","Hays County, Texas","B16002_001",99849,744
"3954","48209","Hays County, Texas","B16002_002",70124,1135
"3955","48209","Hays County, Texas","B16002_003",25383,950
"3956","48209","Hays County, Texas","B16002_004",2819,674
"3957","48209","Hays County, Texas","B16002_005",22564,1047
"3958","48209","Hays County, Texas","B16002_006",315,147
"3959","48209","Hays County, Texas","B16002_007",16,24
"3960","48209","Hays County, Texas","B16002_008",299,144
"3961","48209","Hays County, Texas","B16002_009",733,239
"3962","48209","Hays County, Texas","B16002_010",0,35
"3963","48209","Hays County, Texas","B16002_011",733,239
"3964","48209","Hays County, Texas","B16002_012",156,88
"3965","48209","Hays County, Texas","B16002_013",0,35
"3966","48209","Hays County, Texas","B16002_014",156,88
"3967","48209","Hays County, Texas","B16002_015",1508,426
"3968","48209","Hays County, Texas","B16002_016",24,32
"3969","48209","Hays County, Texas","B16002_017",1484,426
"3970","48209","Hays County, Texas","B16002_018",137,110
"3971","48209","Hays County, Texas","B16002_019",6,12
"3972","48209","Hays County, Texas","B16002_020",131,110
"3973","48209","Hays County, Texas","B16002_021",184,110
"3974","48209","Hays County, Texas","B16002_022",0,35
"3975","48209","Hays County, Texas","B16002_023",184,110
"3976","48209","Hays County, Texas","B16002_024",173,80
"3977","48209","Hays County, Texas","B16002_025",11,18
"3978","48209","Hays County, Texas","B16002_026",162,78
"3979","48209","Hays County, Texas","B16002_027",370,159
"3980","48209","Hays County, Texas","B16002_028",0,35
"3981","48209","Hays County, Texas","B16002_029",370,159
"3982","48209","Hays County, Texas","B16002_030",332,147
"3983","48209","Hays County, Texas","B16002_031",0,35
"3984","48209","Hays County, Texas","B16002_032",332,147
"3985","48209","Hays County, Texas","B16002_033",58,78
"3986","48209","Hays County, Texas","B16002_034",0,35
"3987","48209","Hays County, Texas","B16002_035",58,78
"3988","48209","Hays County, Texas","B16002_036",376,192
"3989","48209","Hays County, Texas","B16002_037",62,92
"3990","48209","Hays County, Texas","B16002_038",314,181
"3991","48211","Hemphill County, Texas","B16002_001",1476,100
"3992","48211","Hemphill County, Texas","B16002_002",1119,111
"3993","48211","Hemphill County, Texas","B16002_003",357,73
"3994","48211","Hemphill County, Texas","B16002_004",21,19
"3995","48211","Hemphill County, Texas","B16002_005",336,73
"3996","48211","Hemphill County, Texas","B16002_006",0,15
"3997","48211","Hemphill County, Texas","B16002_007",0,15
"3998","48211","Hemphill County, Texas","B16002_008",0,15
"3999","48211","Hemphill County, Texas","B16002_009",0,15
"4000","48211","Hemphill County, Texas","B16002_010",0,15
"4001","48211","Hemphill County, Texas","B16002_011",0,15
"4002","48211","Hemphill County, Texas","B16002_012",0,15
"4003","48211","Hemphill County, Texas","B16002_013",0,15
"4004","48211","Hemphill County, Texas","B16002_014",0,15
"4005","48211","Hemphill County, Texas","B16002_015",0,15
"4006","48211","Hemphill County, Texas","B16002_016",0,15
"4007","48211","Hemphill County, Texas","B16002_017",0,15
"4008","48211","Hemphill County, Texas","B16002_018",0,15
"4009","48211","Hemphill County, Texas","B16002_019",0,15
"4010","48211","Hemphill County, Texas","B16002_020",0,15
"4011","48211","Hemphill County, Texas","B16002_021",0,15
"4012","48211","Hemphill County, Texas","B16002_022",0,15
"4013","48211","Hemphill County, Texas","B16002_023",0,15
"4014","48211","Hemphill County, Texas","B16002_024",0,15
"4015","48211","Hemphill County, Texas","B16002_025",0,15
"4016","48211","Hemphill County, Texas","B16002_026",0,15
"4017","48211","Hemphill County, Texas","B16002_027",0,15
"4018","48211","Hemphill County, Texas","B16002_028",0,15
"4019","48211","Hemphill County, Texas","B16002_029",0,15
"4020","48211","Hemphill County, Texas","B16002_030",0,15
"4021","48211","Hemphill County, Texas","B16002_031",0,15
"4022","48211","Hemphill County, Texas","B16002_032",0,15
"4023","48211","Hemphill County, Texas","B16002_033",0,15
"4024","48211","Hemphill County, Texas","B16002_034",0,15
"4025","48211","Hemphill County, Texas","B16002_035",0,15
"4026","48211","Hemphill County, Texas","B16002_036",0,15
"4027","48211","Hemphill County, Texas","B16002_037",0,15
"4028","48211","Hemphill County, Texas","B16002_038",0,15
"4029","48213","Henderson County, Texas","B16002_001",33575,572
"4030","48213","Henderson County, Texas","B16002_002",30201,600
"4031","48213","Henderson County, Texas","B16002_003",2907,322
"4032","48213","Henderson County, Texas","B16002_004",569,180
"4033","48213","Henderson County, Texas","B16002_005",2338,283
"4034","48213","Henderson County, Texas","B16002_006",40,34
"4035","48213","Henderson County, Texas","B16002_007",3,5
"4036","48213","Henderson County, Texas","B16002_008",37,34
"4037","48213","Henderson County, Texas","B16002_009",89,44
"4038","48213","Henderson County, Texas","B16002_010",19,26
"4039","48213","Henderson County, Texas","B16002_011",70,40
"4040","48213","Henderson County, Texas","B16002_012",4,6
"4041","48213","Henderson County, Texas","B16002_013",0,35
"4042","48213","Henderson County, Texas","B16002_014",4,6
"4043","48213","Henderson County, Texas","B16002_015",97,60
"4044","48213","Henderson County, Texas","B16002_016",0,35
"4045","48213","Henderson County, Texas","B16002_017",97,60
"4046","48213","Henderson County, Texas","B16002_018",0,35
"4047","48213","Henderson County, Texas","B16002_019",0,35
"4048","48213","Henderson County, Texas","B16002_020",0,35
"4049","48213","Henderson County, Texas","B16002_021",15,16
"4050","48213","Henderson County, Texas","B16002_022",0,35
"4051","48213","Henderson County, Texas","B16002_023",15,16
"4052","48213","Henderson County, Texas","B16002_024",14,24
"4053","48213","Henderson County, Texas","B16002_025",7,19
"4054","48213","Henderson County, Texas","B16002_026",7,14
"4055","48213","Henderson County, Texas","B16002_027",53,62
"4056","48213","Henderson County, Texas","B16002_028",0,35
"4057","48213","Henderson County, Texas","B16002_029",53,62
"4058","48213","Henderson County, Texas","B16002_030",139,59
"4059","48213","Henderson County, Texas","B16002_031",112,79
"4060","48213","Henderson County, Texas","B16002_032",27,40
"4061","48213","Henderson County, Texas","B16002_033",16,33
"4062","48213","Henderson County, Texas","B16002_034",0,35
"4063","48213","Henderson County, Texas","B16002_035",16,33
"4064","48213","Henderson County, Texas","B16002_036",0,35
"4065","48213","Henderson County, Texas","B16002_037",0,35
"4066","48213","Henderson County, Texas","B16002_038",0,35
"4067","48215","Hidalgo County, Texas","B16002_001",270210,1465
"4068","48215","Hidalgo County, Texas","B16002_002",37499,1367
"4069","48215","Hidalgo County, Texas","B16002_003",228641,1855
"4070","48215","Hidalgo County, Texas","B16002_004",48407,1817
"4071","48215","Hidalgo County, Texas","B16002_005",180234,2498
"4072","48215","Hidalgo County, Texas","B16002_006",261,142
"4073","48215","Hidalgo County, Texas","B16002_007",0,35
"4074","48215","Hidalgo County, Texas","B16002_008",261,142
"4075","48215","Hidalgo County, Texas","B16002_009",135,92
"4076","48215","Hidalgo County, Texas","B16002_010",5,8
"4077","48215","Hidalgo County, Texas","B16002_011",130,92
"4078","48215","Hidalgo County, Texas","B16002_012",45,36
"4079","48215","Hidalgo County, Texas","B16002_013",0,35
"4080","48215","Hidalgo County, Texas","B16002_014",45,36
"4081","48215","Hidalgo County, Texas","B16002_015",785,243
"4082","48215","Hidalgo County, Texas","B16002_016",92,64
"4083","48215","Hidalgo County, Texas","B16002_017",693,252
"4084","48215","Hidalgo County, Texas","B16002_018",412,150
"4085","48215","Hidalgo County, Texas","B16002_019",237,72
"4086","48215","Hidalgo County, Texas","B16002_020",175,135
"4087","48215","Hidalgo County, Texas","B16002_021",246,96
"4088","48215","Hidalgo County, Texas","B16002_022",55,40
"4089","48215","Hidalgo County, Texas","B16002_023",191,95
"4090","48215","Hidalgo County, Texas","B16002_024",159,87
"4091","48215","Hidalgo County, Texas","B16002_025",100,76
"4092","48215","Hidalgo County, Texas","B16002_026",59,37
"4093","48215","Hidalgo County, Texas","B16002_027",852,190
"4094","48215","Hidalgo County, Texas","B16002_028",38,40
"4095","48215","Hidalgo County, Texas","B16002_029",814,192
"4096","48215","Hidalgo County, Texas","B16002_030",782,223
"4097","48215","Hidalgo County, Texas","B16002_031",60,44
"4098","48215","Hidalgo County, Texas","B16002_032",722,217
"4099","48215","Hidalgo County, Texas","B16002_033",122,84
"4100","48215","Hidalgo County, Texas","B16002_034",56,61
"4101","48215","Hidalgo County, Texas","B16002_035",66,57
"4102","48215","Hidalgo County, Texas","B16002_036",271,142
"4103","48215","Hidalgo County, Texas","B16002_037",40,55
"4104","48215","Hidalgo County, Texas","B16002_038",231,128
"4105","48217","Hill County, Texas","B16002_001",13767,320
"4106","48217","Hill County, Texas","B16002_002",11596,259
"4107","48217","Hill County, Texas","B16002_003",1891,176
"4108","48217","Hill County, Texas","B16002_004",243,77
"4109","48217","Hill County, Texas","B16002_005",1648,164
"4110","48217","Hill County, Texas","B16002_006",23,23
"4111","48217","Hill County, Texas","B16002_007",14,21
"4112","48217","Hill County, Texas","B16002_008",9,11
"4113","48217","Hill County, Texas","B16002_009",71,69
"4114","48217","Hill County, Texas","B16002_010",0,31
"4115","48217","Hill County, Texas","B16002_011",71,69
"4116","48217","Hill County, Texas","B16002_012",59,44
"4117","48217","Hill County, Texas","B16002_013",2,3
"4118","48217","Hill County, Texas","B16002_014",57,44
"4119","48217","Hill County, Texas","B16002_015",49,32
"4120","48217","Hill County, Texas","B16002_016",0,31
"4121","48217","Hill County, Texas","B16002_017",49,32
"4122","48217","Hill County, Texas","B16002_018",12,17
"4123","48217","Hill County, Texas","B16002_019",12,17
"4124","48217","Hill County, Texas","B16002_020",0,31
"4125","48217","Hill County, Texas","B16002_021",27,18
"4126","48217","Hill County, Texas","B16002_022",4,6
"4127","48217","Hill County, Texas","B16002_023",23,18
"4128","48217","Hill County, Texas","B16002_024",8,14
"4129","48217","Hill County, Texas","B16002_025",0,31
"4130","48217","Hill County, Texas","B16002_026",8,14
"4131","48217","Hill County, Texas","B16002_027",0,31
"4132","48217","Hill County, Texas","B16002_028",0,31
"4133","48217","Hill County, Texas","B16002_029",0,31
"4134","48217","Hill County, Texas","B16002_030",14,13
"4135","48217","Hill County, Texas","B16002_031",0,31
"4136","48217","Hill County, Texas","B16002_032",14,13
"4137","48217","Hill County, Texas","B16002_033",15,20
"4138","48217","Hill County, Texas","B16002_034",0,31
"4139","48217","Hill County, Texas","B16002_035",15,20
"4140","48217","Hill County, Texas","B16002_036",2,3
"4141","48217","Hill County, Texas","B16002_037",2,3
"4142","48217","Hill County, Texas","B16002_038",0,31
"4143","48219","Hockley County, Texas","B16002_001",7915,252
"4144","48219","Hockley County, Texas","B16002_002",5209,233
"4145","48219","Hockley County, Texas","B16002_003",2662,229
"4146","48219","Hockley County, Texas","B16002_004",334,106
"4147","48219","Hockley County, Texas","B16002_005",2328,244
"4148","48219","Hockley County, Texas","B16002_006",0,28
"4149","48219","Hockley County, Texas","B16002_007",0,28
"4150","48219","Hockley County, Texas","B16002_008",0,28
"4151","48219","Hockley County, Texas","B16002_009",18,23
"4152","48219","Hockley County, Texas","B16002_010",15,23
"4153","48219","Hockley County, Texas","B16002_011",3,5
"4154","48219","Hockley County, Texas","B16002_012",0,28
"4155","48219","Hockley County, Texas","B16002_013",0,28
"4156","48219","Hockley County, Texas","B16002_014",0,28
"4157","48219","Hockley County, Texas","B16002_015",0,28
"4158","48219","Hockley County, Texas","B16002_016",0,28
"4159","48219","Hockley County, Texas","B16002_017",0,28
"4160","48219","Hockley County, Texas","B16002_018",0,28
"4161","48219","Hockley County, Texas","B16002_019",0,28
"4162","48219","Hockley County, Texas","B16002_020",0,28
"4163","48219","Hockley County, Texas","B16002_021",0,28
"4164","48219","Hockley County, Texas","B16002_022",0,28
"4165","48219","Hockley County, Texas","B16002_023",0,28
"4166","48219","Hockley County, Texas","B16002_024",0,28
"4167","48219","Hockley County, Texas","B16002_025",0,28
"4168","48219","Hockley County, Texas","B16002_026",0,28
"4169","48219","Hockley County, Texas","B16002_027",4,7
"4170","48219","Hockley County, Texas","B16002_028",4,7
"4171","48219","Hockley County, Texas","B16002_029",0,28
"4172","48219","Hockley County, Texas","B16002_030",0,28
"4173","48219","Hockley County, Texas","B16002_031",0,28
"4174","48219","Hockley County, Texas","B16002_032",0,28
"4175","48219","Hockley County, Texas","B16002_033",22,32
"4176","48219","Hockley County, Texas","B16002_034",0,28
"4177","48219","Hockley County, Texas","B16002_035",22,32
"4178","48219","Hockley County, Texas","B16002_036",0,28
"4179","48219","Hockley County, Texas","B16002_037",0,28
"4180","48219","Hockley County, Texas","B16002_038",0,28
"4181","48221","Hood County, Texas","B16002_001",25523,526
"4182","48221","Hood County, Texas","B16002_002",22767,630
"4183","48221","Hood County, Texas","B16002_003",2269,319
"4184","48221","Hood County, Texas","B16002_004",268,150
"4185","48221","Hood County, Texas","B16002_005",2001,296
"4186","48221","Hood County, Texas","B16002_006",12,20
"4187","48221","Hood County, Texas","B16002_007",0,35
"4188","48221","Hood County, Texas","B16002_008",12,20
"4189","48221","Hood County, Texas","B16002_009",138,79
"4190","48221","Hood County, Texas","B16002_010",0,35
"4191","48221","Hood County, Texas","B16002_011",138,79
"4192","48221","Hood County, Texas","B16002_012",0,35
"4193","48221","Hood County, Texas","B16002_013",0,35
"4194","48221","Hood County, Texas","B16002_014",0,35
"4195","48221","Hood County, Texas","B16002_015",142,77
"4196","48221","Hood County, Texas","B16002_016",24,32
"4197","48221","Hood County, Texas","B16002_017",118,72
"4198","48221","Hood County, Texas","B16002_018",34,51
"4199","48221","Hood County, Texas","B16002_019",4,12
"4200","48221","Hood County, Texas","B16002_020",30,49
"4201","48221","Hood County, Texas","B16002_021",33,36
"4202","48221","Hood County, Texas","B16002_022",0,35
"4203","48221","Hood County, Texas","B16002_023",33,36
"4204","48221","Hood County, Texas","B16002_024",8,12
"4205","48221","Hood County, Texas","B16002_025",8,12
"4206","48221","Hood County, Texas","B16002_026",0,35
"4207","48221","Hood County, Texas","B16002_027",40,33
"4208","48221","Hood County, Texas","B16002_028",0,35
"4209","48221","Hood County, Texas","B16002_029",40,33
"4210","48221","Hood County, Texas","B16002_030",80,58
"4211","48221","Hood County, Texas","B16002_031",0,35
"4212","48221","Hood County, Texas","B16002_032",80,58
"4213","48221","Hood County, Texas","B16002_033",0,35
"4214","48221","Hood County, Texas","B16002_034",0,35
"4215","48221","Hood County, Texas","B16002_035",0,35
"4216","48221","Hood County, Texas","B16002_036",0,35
"4217","48221","Hood County, Texas","B16002_037",0,35
"4218","48221","Hood County, Texas","B16002_038",0,35
"4219","48223","Hopkins County, Texas","B16002_001",14002,297
"4220","48223","Hopkins County, Texas","B16002_002",11786,311
"4221","48223","Hopkins County, Texas","B16002_003",1976,187
"4222","48223","Hopkins County, Texas","B16002_004",324,124
"4223","48223","Hopkins County, Texas","B16002_005",1652,188
"4224","48223","Hopkins County, Texas","B16002_006",0,31
"4225","48223","Hopkins County, Texas","B16002_007",0,31
"4226","48223","Hopkins County, Texas","B16002_008",0,31
"4227","48223","Hopkins County, Texas","B16002_009",64,44
"4228","48223","Hopkins County, Texas","B16002_010",0,31
"4229","48223","Hopkins County, Texas","B16002_011",64,44
"4230","48223","Hopkins County, Texas","B16002_012",0,31
"4231","48223","Hopkins County, Texas","B16002_013",0,31
"4232","48223","Hopkins County, Texas","B16002_014",0,31
"4233","48223","Hopkins County, Texas","B16002_015",21,29
"4234","48223","Hopkins County, Texas","B16002_016",0,31
"4235","48223","Hopkins County, Texas","B16002_017",21,29
"4236","48223","Hopkins County, Texas","B16002_018",4,6
"4237","48223","Hopkins County, Texas","B16002_019",0,31
"4238","48223","Hopkins County, Texas","B16002_020",4,6
"4239","48223","Hopkins County, Texas","B16002_021",0,31
"4240","48223","Hopkins County, Texas","B16002_022",0,31
"4241","48223","Hopkins County, Texas","B16002_023",0,31
"4242","48223","Hopkins County, Texas","B16002_024",61,46
"4243","48223","Hopkins County, Texas","B16002_025",34,39
"4244","48223","Hopkins County, Texas","B16002_026",27,45
"4245","48223","Hopkins County, Texas","B16002_027",29,42
"4246","48223","Hopkins County, Texas","B16002_028",0,31
"4247","48223","Hopkins County, Texas","B16002_029",29,42
"4248","48223","Hopkins County, Texas","B16002_030",23,29
"4249","48223","Hopkins County, Texas","B16002_031",0,31
"4250","48223","Hopkins County, Texas","B16002_032",23,29
"4251","48223","Hopkins County, Texas","B16002_033",31,37
"4252","48223","Hopkins County, Texas","B16002_034",0,31
"4253","48223","Hopkins County, Texas","B16002_035",31,37
"4254","48223","Hopkins County, Texas","B16002_036",7,11
"4255","48223","Hopkins County, Texas","B16002_037",0,31
"4256","48223","Hopkins County, Texas","B16002_038",7,11
"4257","48225","Houston County, Texas","B16002_001",7983,266
"4258","48225","Houston County, Texas","B16002_002",7388,273
"4259","48225","Houston County, Texas","B16002_003",479,147
"4260","48225","Houston County, Texas","B16002_004",83,80
"4261","48225","Houston County, Texas","B16002_005",396,125
"4262","48225","Houston County, Texas","B16002_006",0,28
"4263","48225","Houston County, Texas","B16002_007",0,28
"4264","48225","Houston County, Texas","B16002_008",0,28
"4265","48225","Houston County, Texas","B16002_009",16,18
"4266","48225","Houston County, Texas","B16002_010",0,28
"4267","48225","Houston County, Texas","B16002_011",16,18
"4268","48225","Houston County, Texas","B16002_012",0,28
"4269","48225","Houston County, Texas","B16002_013",0,28
"4270","48225","Houston County, Texas","B16002_014",0,28
"4271","48225","Houston County, Texas","B16002_015",64,53
"4272","48225","Houston County, Texas","B16002_016",0,28
"4273","48225","Houston County, Texas","B16002_017",64,53
"4274","48225","Houston County, Texas","B16002_018",0,28
"4275","48225","Houston County, Texas","B16002_019",0,28
"4276","48225","Houston County, Texas","B16002_020",0,28
"4277","48225","Houston County, Texas","B16002_021",0,28
"4278","48225","Houston County, Texas","B16002_022",0,28
"4279","48225","Houston County, Texas","B16002_023",0,28
"4280","48225","Houston County, Texas","B16002_024",0,28
"4281","48225","Houston County, Texas","B16002_025",0,28
"4282","48225","Houston County, Texas","B16002_026",0,28
"4283","48225","Houston County, Texas","B16002_027",12,20
"4284","48225","Houston County, Texas","B16002_028",0,28
"4285","48225","Houston County, Texas","B16002_029",12,20
"4286","48225","Houston County, Texas","B16002_030",24,35
"4287","48225","Houston County, Texas","B16002_031",19,35
"4288","48225","Houston County, Texas","B16002_032",5,8
"4289","48225","Houston County, Texas","B16002_033",0,28
"4290","48225","Houston County, Texas","B16002_034",0,28
"4291","48225","Houston County, Texas","B16002_035",0,28
"4292","48225","Houston County, Texas","B16002_036",0,28
"4293","48225","Houston County, Texas","B16002_037",0,28
"4294","48225","Houston County, Texas","B16002_038",0,28
"4295","48227","Howard County, Texas","B16002_001",12191,351
"4296","48227","Howard County, Texas","B16002_002",8107,361
"4297","48227","Howard County, Texas","B16002_003",3770,327
"4298","48227","Howard County, Texas","B16002_004",485,174
"4299","48227","Howard County, Texas","B16002_005",3285,293
"4300","48227","Howard County, Texas","B16002_006",30,36
"4301","48227","Howard County, Texas","B16002_007",0,31
"4302","48227","Howard County, Texas","B16002_008",30,36
"4303","48227","Howard County, Texas","B16002_009",90,59
"4304","48227","Howard County, Texas","B16002_010",0,31
"4305","48227","Howard County, Texas","B16002_011",90,59
"4306","48227","Howard County, Texas","B16002_012",0,31
"4307","48227","Howard County, Texas","B16002_013",0,31
"4308","48227","Howard County, Texas","B16002_014",0,31
"4309","48227","Howard County, Texas","B16002_015",62,76
"4310","48227","Howard County, Texas","B16002_016",21,34
"4311","48227","Howard County, Texas","B16002_017",41,64
"4312","48227","Howard County, Texas","B16002_018",20,27
"4313","48227","Howard County, Texas","B16002_019",0,31
"4314","48227","Howard County, Texas","B16002_020",20,27
"4315","48227","Howard County, Texas","B16002_021",24,27
"4316","48227","Howard County, Texas","B16002_022",24,27
"4317","48227","Howard County, Texas","B16002_023",0,31
"4318","48227","Howard County, Texas","B16002_024",0,31
"4319","48227","Howard County, Texas","B16002_025",0,31
"4320","48227","Howard County, Texas","B16002_026",0,31
"4321","48227","Howard County, Texas","B16002_027",59,45
"4322","48227","Howard County, Texas","B16002_028",0,31
"4323","48227","Howard County, Texas","B16002_029",59,45
"4324","48227","Howard County, Texas","B16002_030",13,16
"4325","48227","Howard County, Texas","B16002_031",0,31
"4326","48227","Howard County, Texas","B16002_032",13,16
"4327","48227","Howard County, Texas","B16002_033",0,31
"4328","48227","Howard County, Texas","B16002_034",0,31
"4329","48227","Howard County, Texas","B16002_035",0,31
"4330","48227","Howard County, Texas","B16002_036",16,24
"4331","48227","Howard County, Texas","B16002_037",0,31
"4332","48227","Howard County, Texas","B16002_038",16,24
"4333","48229","Hudspeth County, Texas","B16002_001",842,60
"4334","48229","Hudspeth County, Texas","B16002_002",260,73
"4335","48229","Hudspeth County, Texas","B16002_003",575,81
"4336","48229","Hudspeth County, Texas","B16002_004",129,50
"4337","48229","Hudspeth County, Texas","B16002_005",446,76
"4338","48229","Hudspeth County, Texas","B16002_006",0,15
"4339","48229","Hudspeth County, Texas","B16002_007",0,15
"4340","48229","Hudspeth County, Texas","B16002_008",0,15
"4341","48229","Hudspeth County, Texas","B16002_009",7,12
"4342","48229","Hudspeth County, Texas","B16002_010",7,12
"4343","48229","Hudspeth County, Texas","B16002_011",0,15
"4344","48229","Hudspeth County, Texas","B16002_012",0,15
"4345","48229","Hudspeth County, Texas","B16002_013",0,15
"4346","48229","Hudspeth County, Texas","B16002_014",0,15
"4347","48229","Hudspeth County, Texas","B16002_015",0,15
"4348","48229","Hudspeth County, Texas","B16002_016",0,15
"4349","48229","Hudspeth County, Texas","B16002_017",0,15
"4350","48229","Hudspeth County, Texas","B16002_018",0,15
"4351","48229","Hudspeth County, Texas","B16002_019",0,15
"4352","48229","Hudspeth County, Texas","B16002_020",0,15
"4353","48229","Hudspeth County, Texas","B16002_021",0,15
"4354","48229","Hudspeth County, Texas","B16002_022",0,15
"4355","48229","Hudspeth County, Texas","B16002_023",0,15
"4356","48229","Hudspeth County, Texas","B16002_024",0,15
"4357","48229","Hudspeth County, Texas","B16002_025",0,15
"4358","48229","Hudspeth County, Texas","B16002_026",0,15
"4359","48229","Hudspeth County, Texas","B16002_027",0,15
"4360","48229","Hudspeth County, Texas","B16002_028",0,15
"4361","48229","Hudspeth County, Texas","B16002_029",0,15
"4362","48229","Hudspeth County, Texas","B16002_030",0,15
"4363","48229","Hudspeth County, Texas","B16002_031",0,15
"4364","48229","Hudspeth County, Texas","B16002_032",0,15
"4365","48229","Hudspeth County, Texas","B16002_033",0,15
"4366","48229","Hudspeth County, Texas","B16002_034",0,15
"4367","48229","Hudspeth County, Texas","B16002_035",0,15
"4368","48229","Hudspeth County, Texas","B16002_036",0,15
"4369","48229","Hudspeth County, Texas","B16002_037",0,15
"4370","48229","Hudspeth County, Texas","B16002_038",0,15
"4371","48231","Hunt County, Texas","B16002_001",38466,518
"4372","48231","Hunt County, Texas","B16002_002",31607,682
"4373","48231","Hunt County, Texas","B16002_003",5472,336
"4374","48231","Hunt County, Texas","B16002_004",923,241
"4375","48231","Hunt County, Texas","B16002_005",4549,377
"4376","48231","Hunt County, Texas","B16002_006",19,31
"4377","48231","Hunt County, Texas","B16002_007",0,35
"4378","48231","Hunt County, Texas","B16002_008",19,31
"4379","48231","Hunt County, Texas","B16002_009",210,112
"4380","48231","Hunt County, Texas","B16002_010",0,35
"4381","48231","Hunt County, Texas","B16002_011",210,112
"4382","48231","Hunt County, Texas","B16002_012",208,132
"4383","48231","Hunt County, Texas","B16002_013",9,14
"4384","48231","Hunt County, Texas","B16002_014",199,132
"4385","48231","Hunt County, Texas","B16002_015",47,34
"4386","48231","Hunt County, Texas","B16002_016",13,19
"4387","48231","Hunt County, Texas","B16002_017",34,31
"4388","48231","Hunt County, Texas","B16002_018",57,58
"4389","48231","Hunt County, Texas","B16002_019",15,26
"4390","48231","Hunt County, Texas","B16002_020",42,53
"4391","48231","Hunt County, Texas","B16002_021",75,72
"4392","48231","Hunt County, Texas","B16002_022",13,22
"4393","48231","Hunt County, Texas","B16002_023",62,71
"4394","48231","Hunt County, Texas","B16002_024",370,180
"4395","48231","Hunt County, Texas","B16002_025",244,176
"4396","48231","Hunt County, Texas","B16002_026",126,83
"4397","48231","Hunt County, Texas","B16002_027",85,67
"4398","48231","Hunt County, Texas","B16002_028",0,35
"4399","48231","Hunt County, Texas","B16002_029",85,67
"4400","48231","Hunt County, Texas","B16002_030",39,46
"4401","48231","Hunt County, Texas","B16002_031",5,6
"4402","48231","Hunt County, Texas","B16002_032",34,47
"4403","48231","Hunt County, Texas","B16002_033",4,6
"4404","48231","Hunt County, Texas","B16002_034",0,35
"4405","48231","Hunt County, Texas","B16002_035",4,6
"4406","48231","Hunt County, Texas","B16002_036",273,144
"4407","48231","Hunt County, Texas","B16002_037",75,83
"4408","48231","Hunt County, Texas","B16002_038",198,131
"4409","48233","Hutchinson County, Texas","B16002_001",7000,307
"4410","48233","Hutchinson County, Texas","B16002_002",5754,272
"4411","48233","Hutchinson County, Texas","B16002_003",1230,176
"4412","48233","Hutchinson County, Texas","B16002_004",172,118
"4413","48233","Hutchinson County, Texas","B16002_005",1058,186
"4414","48233","Hutchinson County, Texas","B16002_006",0,28
"4415","48233","Hutchinson County, Texas","B16002_007",0,28
"4416","48233","Hutchinson County, Texas","B16002_008",0,28
"4417","48233","Hutchinson County, Texas","B16002_009",0,28
"4418","48233","Hutchinson County, Texas","B16002_010",0,28
"4419","48233","Hutchinson County, Texas","B16002_011",0,28
"4420","48233","Hutchinson County, Texas","B16002_012",0,28
"4421","48233","Hutchinson County, Texas","B16002_013",0,28
"4422","48233","Hutchinson County, Texas","B16002_014",0,28
"4423","48233","Hutchinson County, Texas","B16002_015",9,7
"4424","48233","Hutchinson County, Texas","B16002_016",0,28
"4425","48233","Hutchinson County, Texas","B16002_017",9,7
"4426","48233","Hutchinson County, Texas","B16002_018",0,28
"4427","48233","Hutchinson County, Texas","B16002_019",0,28
"4428","48233","Hutchinson County, Texas","B16002_020",0,28
"4429","48233","Hutchinson County, Texas","B16002_021",0,28
"4430","48233","Hutchinson County, Texas","B16002_022",0,28
"4431","48233","Hutchinson County, Texas","B16002_023",0,28
"4432","48233","Hutchinson County, Texas","B16002_024",0,28
"4433","48233","Hutchinson County, Texas","B16002_025",0,28
"4434","48233","Hutchinson County, Texas","B16002_026",0,28
"4435","48233","Hutchinson County, Texas","B16002_027",1,4
"4436","48233","Hutchinson County, Texas","B16002_028",0,28
"4437","48233","Hutchinson County, Texas","B16002_029",1,4
"4438","48233","Hutchinson County, Texas","B16002_030",6,5
"4439","48233","Hutchinson County, Texas","B16002_031",0,28
"4440","48233","Hutchinson County, Texas","B16002_032",6,5
"4441","48233","Hutchinson County, Texas","B16002_033",0,28
"4442","48233","Hutchinson County, Texas","B16002_034",0,28
"4443","48233","Hutchinson County, Texas","B16002_035",0,28
"4444","48233","Hutchinson County, Texas","B16002_036",0,28
"4445","48233","Hutchinson County, Texas","B16002_037",0,28
"4446","48233","Hutchinson County, Texas","B16002_038",0,28
"4447","48235","Irion County, Texas","B16002_001",588,70
"4448","48235","Irion County, Texas","B16002_002",454,70
"4449","48235","Irion County, Texas","B16002_003",134,41
"4450","48235","Irion County, Texas","B16002_004",13,15
"4451","48235","Irion County, Texas","B16002_005",121,40
"4452","48235","Irion County, Texas","B16002_006",0,15
"4453","48235","Irion County, Texas","B16002_007",0,15
"4454","48235","Irion County, Texas","B16002_008",0,15
"4455","48235","Irion County, Texas","B16002_009",0,15
"4456","48235","Irion County, Texas","B16002_010",0,15
"4457","48235","Irion County, Texas","B16002_011",0,15
"4458","48235","Irion County, Texas","B16002_012",0,15
"4459","48235","Irion County, Texas","B16002_013",0,15
"4460","48235","Irion County, Texas","B16002_014",0,15
"4461","48235","Irion County, Texas","B16002_015",0,15
"4462","48235","Irion County, Texas","B16002_016",0,15
"4463","48235","Irion County, Texas","B16002_017",0,15
"4464","48235","Irion County, Texas","B16002_018",0,15
"4465","48235","Irion County, Texas","B16002_019",0,15
"4466","48235","Irion County, Texas","B16002_020",0,15
"4467","48235","Irion County, Texas","B16002_021",0,15
"4468","48235","Irion County, Texas","B16002_022",0,15
"4469","48235","Irion County, Texas","B16002_023",0,15
"4470","48235","Irion County, Texas","B16002_024",0,15
"4471","48235","Irion County, Texas","B16002_025",0,15
"4472","48235","Irion County, Texas","B16002_026",0,15
"4473","48235","Irion County, Texas","B16002_027",0,15
"4474","48235","Irion County, Texas","B16002_028",0,15
"4475","48235","Irion County, Texas","B16002_029",0,15
"4476","48235","Irion County, Texas","B16002_030",0,15
"4477","48235","Irion County, Texas","B16002_031",0,15
"4478","48235","Irion County, Texas","B16002_032",0,15
"4479","48235","Irion County, Texas","B16002_033",0,15
"4480","48235","Irion County, Texas","B16002_034",0,15
"4481","48235","Irion County, Texas","B16002_035",0,15
"4482","48235","Irion County, Texas","B16002_036",0,15
"4483","48235","Irion County, Texas","B16002_037",0,15
"4484","48235","Irion County, Texas","B16002_038",0,15
"4485","48237","Jack County, Texas","B16002_001",2986,142
"4486","48237","Jack County, Texas","B16002_002",2758,170
"4487","48237","Jack County, Texas","B16002_003",211,113
"4488","48237","Jack County, Texas","B16002_004",50,56
"4489","48237","Jack County, Texas","B16002_005",161,99
"4490","48237","Jack County, Texas","B16002_006",0,21
"4491","48237","Jack County, Texas","B16002_007",0,21
"4492","48237","Jack County, Texas","B16002_008",0,21
"4493","48237","Jack County, Texas","B16002_009",0,21
"4494","48237","Jack County, Texas","B16002_010",0,21
"4495","48237","Jack County, Texas","B16002_011",0,21
"4496","48237","Jack County, Texas","B16002_012",0,21
"4497","48237","Jack County, Texas","B16002_013",0,21
"4498","48237","Jack County, Texas","B16002_014",0,21
"4499","48237","Jack County, Texas","B16002_015",0,21
"4500","48237","Jack County, Texas","B16002_016",0,21
"4501","48237","Jack County, Texas","B16002_017",0,21
"4502","48237","Jack County, Texas","B16002_018",0,21
"4503","48237","Jack County, Texas","B16002_019",0,21
"4504","48237","Jack County, Texas","B16002_020",0,21
"4505","48237","Jack County, Texas","B16002_021",3,4
"4506","48237","Jack County, Texas","B16002_022",0,21
"4507","48237","Jack County, Texas","B16002_023",3,4
"4508","48237","Jack County, Texas","B16002_024",0,21
"4509","48237","Jack County, Texas","B16002_025",0,21
"4510","48237","Jack County, Texas","B16002_026",0,21
"4511","48237","Jack County, Texas","B16002_027",0,21
"4512","48237","Jack County, Texas","B16002_028",0,21
"4513","48237","Jack County, Texas","B16002_029",0,21
"4514","48237","Jack County, Texas","B16002_030",0,21
"4515","48237","Jack County, Texas","B16002_031",0,21
"4516","48237","Jack County, Texas","B16002_032",0,21
"4517","48237","Jack County, Texas","B16002_033",0,21
"4518","48237","Jack County, Texas","B16002_034",0,21
"4519","48237","Jack County, Texas","B16002_035",0,21
"4520","48237","Jack County, Texas","B16002_036",14,27
"4521","48237","Jack County, Texas","B16002_037",0,21
"4522","48237","Jack County, Texas","B16002_038",14,27
"4523","48239","Jackson County, Texas","B16002_001",6028,227
"4524","48239","Jackson County, Texas","B16002_002",4697,266
"4525","48239","Jackson County, Texas","B16002_003",1275,252
"4526","48239","Jackson County, Texas","B16002_004",213,123
"4527","48239","Jackson County, Texas","B16002_005",1062,257
"4528","48239","Jackson County, Texas","B16002_006",0,23
"4529","48239","Jackson County, Texas","B16002_007",0,23
"4530","48239","Jackson County, Texas","B16002_008",0,23
"4531","48239","Jackson County, Texas","B16002_009",16,25
"4532","48239","Jackson County, Texas","B16002_010",0,23
"4533","48239","Jackson County, Texas","B16002_011",16,25
"4534","48239","Jackson County, Texas","B16002_012",14,25
"4535","48239","Jackson County, Texas","B16002_013",0,23
"4536","48239","Jackson County, Texas","B16002_014",14,25
"4537","48239","Jackson County, Texas","B16002_015",26,46
"4538","48239","Jackson County, Texas","B16002_016",0,23
"4539","48239","Jackson County, Texas","B16002_017",26,46
"4540","48239","Jackson County, Texas","B16002_018",0,23
"4541","48239","Jackson County, Texas","B16002_019",0,23
"4542","48239","Jackson County, Texas","B16002_020",0,23
"4543","48239","Jackson County, Texas","B16002_021",0,23
"4544","48239","Jackson County, Texas","B16002_022",0,23
"4545","48239","Jackson County, Texas","B16002_023",0,23
"4546","48239","Jackson County, Texas","B16002_024",0,23
"4547","48239","Jackson County, Texas","B16002_025",0,23
"4548","48239","Jackson County, Texas","B16002_026",0,23
"4549","48239","Jackson County, Texas","B16002_027",0,23
"4550","48239","Jackson County, Texas","B16002_028",0,23
"4551","48239","Jackson County, Texas","B16002_029",0,23
"4552","48239","Jackson County, Texas","B16002_030",0,23
"4553","48239","Jackson County, Texas","B16002_031",0,23
"4554","48239","Jackson County, Texas","B16002_032",0,23
"4555","48239","Jackson County, Texas","B16002_033",0,23
"4556","48239","Jackson County, Texas","B16002_034",0,23
"4557","48239","Jackson County, Texas","B16002_035",0,23
"4558","48239","Jackson County, Texas","B16002_036",0,23
"4559","48239","Jackson County, Texas","B16002_037",0,23
"4560","48239","Jackson County, Texas","B16002_038",0,23
"4561","48241","Jasper County, Texas","B16002_001",13845,362
"4562","48241","Jasper County, Texas","B16002_002",13009,442
"4563","48241","Jasper County, Texas","B16002_003",692,251
"4564","48241","Jasper County, Texas","B16002_004",56,51
"4565","48241","Jasper County, Texas","B16002_005",636,255
"4566","48241","Jasper County, Texas","B16002_006",38,42
"4567","48241","Jasper County, Texas","B16002_007",18,35
"4568","48241","Jasper County, Texas","B16002_008",20,16
"4569","48241","Jasper County, Texas","B16002_009",61,46
"4570","48241","Jasper County, Texas","B16002_010",0,31
"4571","48241","Jasper County, Texas","B16002_011",61,46
"4572","48241","Jasper County, Texas","B16002_012",0,31
"4573","48241","Jasper County, Texas","B16002_013",0,31
"4574","48241","Jasper County, Texas","B16002_014",0,31
"4575","48241","Jasper County, Texas","B16002_015",18,27
"4576","48241","Jasper County, Texas","B16002_016",14,27
"4577","48241","Jasper County, Texas","B16002_017",4,6
"4578","48241","Jasper County, Texas","B16002_018",17,30
"4579","48241","Jasper County, Texas","B16002_019",0,31
"4580","48241","Jasper County, Texas","B16002_020",17,30
"4581","48241","Jasper County, Texas","B16002_021",0,31
"4582","48241","Jasper County, Texas","B16002_022",0,31
"4583","48241","Jasper County, Texas","B16002_023",0,31
"4584","48241","Jasper County, Texas","B16002_024",0,31
"4585","48241","Jasper County, Texas","B16002_025",0,31
"4586","48241","Jasper County, Texas","B16002_026",0,31
"4587","48241","Jasper County, Texas","B16002_027",0,31
"4588","48241","Jasper County, Texas","B16002_028",0,31
"4589","48241","Jasper County, Texas","B16002_029",0,31
"4590","48241","Jasper County, Texas","B16002_030",10,14
"4591","48241","Jasper County, Texas","B16002_031",4,8
"4592","48241","Jasper County, Texas","B16002_032",6,10
"4593","48241","Jasper County, Texas","B16002_033",0,31
"4594","48241","Jasper County, Texas","B16002_034",0,31
"4595","48241","Jasper County, Texas","B16002_035",0,31
"4596","48241","Jasper County, Texas","B16002_036",0,31
"4597","48241","Jasper County, Texas","B16002_037",0,31
"4598","48241","Jasper County, Texas","B16002_038",0,31
"4599","48243","Jeff Davis County, Texas","B16002_001",966,175
"4600","48243","Jeff Davis County, Texas","B16002_002",676,161
"4601","48243","Jeff Davis County, Texas","B16002_003",270,144
"4602","48243","Jeff Davis County, Texas","B16002_004",60,91
"4603","48243","Jeff Davis County, Texas","B16002_005",210,112
"4604","48243","Jeff Davis County, Texas","B16002_006",0,15
"4605","48243","Jeff Davis County, Texas","B16002_007",0,15
"4606","48243","Jeff Davis County, Texas","B16002_008",0,15
"4607","48243","Jeff Davis County, Texas","B16002_009",11,18
"4608","48243","Jeff Davis County, Texas","B16002_010",0,15
"4609","48243","Jeff Davis County, Texas","B16002_011",11,18
"4610","48243","Jeff Davis County, Texas","B16002_012",0,15
"4611","48243","Jeff Davis County, Texas","B16002_013",0,15
"4612","48243","Jeff Davis County, Texas","B16002_014",0,15
"4613","48243","Jeff Davis County, Texas","B16002_015",0,15
"4614","48243","Jeff Davis County, Texas","B16002_016",0,15
"4615","48243","Jeff Davis County, Texas","B16002_017",0,15
"4616","48243","Jeff Davis County, Texas","B16002_018",0,15
"4617","48243","Jeff Davis County, Texas","B16002_019",0,15
"4618","48243","Jeff Davis County, Texas","B16002_020",0,15
"4619","48243","Jeff Davis County, Texas","B16002_021",0,15
"4620","48243","Jeff Davis County, Texas","B16002_022",0,15
"4621","48243","Jeff Davis County, Texas","B16002_023",0,15
"4622","48243","Jeff Davis County, Texas","B16002_024",0,15
"4623","48243","Jeff Davis County, Texas","B16002_025",0,15
"4624","48243","Jeff Davis County, Texas","B16002_026",0,15
"4625","48243","Jeff Davis County, Texas","B16002_027",0,15
"4626","48243","Jeff Davis County, Texas","B16002_028",0,15
"4627","48243","Jeff Davis County, Texas","B16002_029",0,15
"4628","48243","Jeff Davis County, Texas","B16002_030",0,15
"4629","48243","Jeff Davis County, Texas","B16002_031",0,15
"4630","48243","Jeff Davis County, Texas","B16002_032",0,15
"4631","48243","Jeff Davis County, Texas","B16002_033",0,15
"4632","48243","Jeff Davis County, Texas","B16002_034",0,15
"4633","48243","Jeff Davis County, Texas","B16002_035",0,15
"4634","48243","Jeff Davis County, Texas","B16002_036",9,16
"4635","48243","Jeff Davis County, Texas","B16002_037",0,15
"4636","48243","Jeff Davis County, Texas","B16002_038",9,16
"4637","48245","Jefferson County, Texas","B16002_001",94807,949
"4638","48245","Jefferson County, Texas","B16002_002",74595,934
"4639","48245","Jefferson County, Texas","B16002_003",15583,634
"4640","48245","Jefferson County, Texas","B16002_004",3172,447
"4641","48245","Jefferson County, Texas","B16002_005",12411,675
"4642","48245","Jefferson County, Texas","B16002_006",538,202
"4643","48245","Jefferson County, Texas","B16002_007",138,128
"4644","48245","Jefferson County, Texas","B16002_008",400,163
"4645","48245","Jefferson County, Texas","B16002_009",395,190
"4646","48245","Jefferson County, Texas","B16002_010",10,13
"4647","48245","Jefferson County, Texas","B16002_011",385,188
"4648","48245","Jefferson County, Texas","B16002_012",43,38
"4649","48245","Jefferson County, Texas","B16002_013",0,35
"4650","48245","Jefferson County, Texas","B16002_014",43,38
"4651","48245","Jefferson County, Texas","B16002_015",713,200
"4652","48245","Jefferson County, Texas","B16002_016",186,105
"4653","48245","Jefferson County, Texas","B16002_017",527,177
"4654","48245","Jefferson County, Texas","B16002_018",140,162
"4655","48245","Jefferson County, Texas","B16002_019",22,26
"4656","48245","Jefferson County, Texas","B16002_020",118,160
"4657","48245","Jefferson County, Texas","B16002_021",207,120
"4658","48245","Jefferson County, Texas","B16002_022",63,56
"4659","48245","Jefferson County, Texas","B16002_023",144,92
"4660","48245","Jefferson County, Texas","B16002_024",1167,241
"4661","48245","Jefferson County, Texas","B16002_025",319,131
"4662","48245","Jefferson County, Texas","B16002_026",848,231
"4663","48245","Jefferson County, Texas","B16002_027",436,155
"4664","48245","Jefferson County, Texas","B16002_028",12,20
"4665","48245","Jefferson County, Texas","B16002_029",424,153
"4666","48245","Jefferson County, Texas","B16002_030",525,181
"4667","48245","Jefferson County, Texas","B16002_031",206,128
"4668","48245","Jefferson County, Texas","B16002_032",319,122
"4669","48245","Jefferson County, Texas","B16002_033",180,140
"4670","48245","Jefferson County, Texas","B16002_034",92,115
"4671","48245","Jefferson County, Texas","B16002_035",88,76
"4672","48245","Jefferson County, Texas","B16002_036",285,164
"4673","48245","Jefferson County, Texas","B16002_037",0,35
"4674","48245","Jefferson County, Texas","B16002_038",285,164
"4675","48247","Jim Hogg County, Texas","B16002_001",1279,195
"4676","48247","Jim Hogg County, Texas","B16002_002",336,161
"4677","48247","Jim Hogg County, Texas","B16002_003",938,149
"4678","48247","Jim Hogg County, Texas","B16002_004",48,35
"4679","48247","Jim Hogg County, Texas","B16002_005",890,146
"4680","48247","Jim Hogg County, Texas","B16002_006",0,15
"4681","48247","Jim Hogg County, Texas","B16002_007",0,15
"4682","48247","Jim Hogg County, Texas","B16002_008",0,15
"4683","48247","Jim Hogg County, Texas","B16002_009",0,15
"4684","48247","Jim Hogg County, Texas","B16002_010",0,15
"4685","48247","Jim Hogg County, Texas","B16002_011",0,15
"4686","48247","Jim Hogg County, Texas","B16002_012",0,15
"4687","48247","Jim Hogg County, Texas","B16002_013",0,15
"4688","48247","Jim Hogg County, Texas","B16002_014",0,15
"4689","48247","Jim Hogg County, Texas","B16002_015",0,15
"4690","48247","Jim Hogg County, Texas","B16002_016",0,15
"4691","48247","Jim Hogg County, Texas","B16002_017",0,15
"4692","48247","Jim Hogg County, Texas","B16002_018",0,15
"4693","48247","Jim Hogg County, Texas","B16002_019",0,15
"4694","48247","Jim Hogg County, Texas","B16002_020",0,15
"4695","48247","Jim Hogg County, Texas","B16002_021",0,15
"4696","48247","Jim Hogg County, Texas","B16002_022",0,15
"4697","48247","Jim Hogg County, Texas","B16002_023",0,15
"4698","48247","Jim Hogg County, Texas","B16002_024",0,15
"4699","48247","Jim Hogg County, Texas","B16002_025",0,15
"4700","48247","Jim Hogg County, Texas","B16002_026",0,15
"4701","48247","Jim Hogg County, Texas","B16002_027",5,9
"4702","48247","Jim Hogg County, Texas","B16002_028",0,15
"4703","48247","Jim Hogg County, Texas","B16002_029",5,9
"4704","48247","Jim Hogg County, Texas","B16002_030",0,15
"4705","48247","Jim Hogg County, Texas","B16002_031",0,15
"4706","48247","Jim Hogg County, Texas","B16002_032",0,15
"4707","48247","Jim Hogg County, Texas","B16002_033",0,15
"4708","48247","Jim Hogg County, Texas","B16002_034",0,15
"4709","48247","Jim Hogg County, Texas","B16002_035",0,15
"4710","48247","Jim Hogg County, Texas","B16002_036",0,15
"4711","48247","Jim Hogg County, Texas","B16002_037",0,15
"4712","48247","Jim Hogg County, Texas","B16002_038",0,15
"4713","48249","Jim Wells County, Texas","B16002_001",13279,412
"4714","48249","Jim Wells County, Texas","B16002_002",5131,547
"4715","48249","Jim Wells County, Texas","B16002_003",7910,510
"4716","48249","Jim Wells County, Texas","B16002_004",876,306
"4717","48249","Jim Wells County, Texas","B16002_005",7034,457
"4718","48249","Jim Wells County, Texas","B16002_006",89,111
"4719","48249","Jim Wells County, Texas","B16002_007",0,31
"4720","48249","Jim Wells County, Texas","B16002_008",89,111
"4721","48249","Jim Wells County, Texas","B16002_009",27,42
"4722","48249","Jim Wells County, Texas","B16002_010",0,31
"4723","48249","Jim Wells County, Texas","B16002_011",27,42
"4724","48249","Jim Wells County, Texas","B16002_012",6,11
"4725","48249","Jim Wells County, Texas","B16002_013",0,31
"4726","48249","Jim Wells County, Texas","B16002_014",6,11
"4727","48249","Jim Wells County, Texas","B16002_015",34,25
"4728","48249","Jim Wells County, Texas","B16002_016",0,31
"4729","48249","Jim Wells County, Texas","B16002_017",34,25
"4730","48249","Jim Wells County, Texas","B16002_018",0,31
"4731","48249","Jim Wells County, Texas","B16002_019",0,31
"4732","48249","Jim Wells County, Texas","B16002_020",0,31
"4733","48249","Jim Wells County, Texas","B16002_021",0,31
"4734","48249","Jim Wells County, Texas","B16002_022",0,31
"4735","48249","Jim Wells County, Texas","B16002_023",0,31
"4736","48249","Jim Wells County, Texas","B16002_024",0,31
"4737","48249","Jim Wells County, Texas","B16002_025",0,31
"4738","48249","Jim Wells County, Texas","B16002_026",0,31
"4739","48249","Jim Wells County, Texas","B16002_027",35,44
"4740","48249","Jim Wells County, Texas","B16002_028",0,31
"4741","48249","Jim Wells County, Texas","B16002_029",35,44
"4742","48249","Jim Wells County, Texas","B16002_030",0,31
"4743","48249","Jim Wells County, Texas","B16002_031",0,31
"4744","48249","Jim Wells County, Texas","B16002_032",0,31
"4745","48249","Jim Wells County, Texas","B16002_033",47,64
"4746","48249","Jim Wells County, Texas","B16002_034",0,31
"4747","48249","Jim Wells County, Texas","B16002_035",47,64
"4748","48249","Jim Wells County, Texas","B16002_036",0,31
"4749","48249","Jim Wells County, Texas","B16002_037",0,31
"4750","48249","Jim Wells County, Texas","B16002_038",0,31
"4751","48251","Johnson County, Texas","B16002_001",65507,638
"4752","48251","Johnson County, Texas","B16002_002",52300,878
"4753","48251","Johnson County, Texas","B16002_003",11153,738
"4754","48251","Johnson County, Texas","B16002_004",1415,346
"4755","48251","Johnson County, Texas","B16002_005",9738,754
"4756","48251","Johnson County, Texas","B16002_006",99,67
"4757","48251","Johnson County, Texas","B16002_007",0,35
"4758","48251","Johnson County, Texas","B16002_008",99,67
"4759","48251","Johnson County, Texas","B16002_009",245,193
"4760","48251","Johnson County, Texas","B16002_010",0,35
"4761","48251","Johnson County, Texas","B16002_011",245,193
"4762","48251","Johnson County, Texas","B16002_012",142,94
"4763","48251","Johnson County, Texas","B16002_013",51,76
"4764","48251","Johnson County, Texas","B16002_014",91,61
"4765","48251","Johnson County, Texas","B16002_015",400,175
"4766","48251","Johnson County, Texas","B16002_016",66,87
"4767","48251","Johnson County, Texas","B16002_017",334,151
"4768","48251","Johnson County, Texas","B16002_018",209,103
"4769","48251","Johnson County, Texas","B16002_019",150,94
"4770","48251","Johnson County, Texas","B16002_020",59,49
"4771","48251","Johnson County, Texas","B16002_021",23,24
"4772","48251","Johnson County, Texas","B16002_022",0,35
"4773","48251","Johnson County, Texas","B16002_023",23,24
"4774","48251","Johnson County, Texas","B16002_024",133,61
"4775","48251","Johnson County, Texas","B16002_025",0,35
"4776","48251","Johnson County, Texas","B16002_026",133,61
"4777","48251","Johnson County, Texas","B16002_027",138,80
"4778","48251","Johnson County, Texas","B16002_028",17,27
"4779","48251","Johnson County, Texas","B16002_029",121,79
"4780","48251","Johnson County, Texas","B16002_030",275,96
"4781","48251","Johnson County, Texas","B16002_031",43,36
"4782","48251","Johnson County, Texas","B16002_032",232,83
"4783","48251","Johnson County, Texas","B16002_033",154,80
"4784","48251","Johnson County, Texas","B16002_034",0,35
"4785","48251","Johnson County, Texas","B16002_035",154,80
"4786","48251","Johnson County, Texas","B16002_036",236,117
"4787","48251","Johnson County, Texas","B16002_037",12,20
"4788","48251","Johnson County, Texas","B16002_038",224,113
"4789","48253","Jones County, Texas","B16002_001",5915,227
"4790","48253","Jones County, Texas","B16002_002",4675,287
"4791","48253","Jones County, Texas","B16002_003",1130,238
"4792","48253","Jones County, Texas","B16002_004",73,60
"4793","48253","Jones County, Texas","B16002_005",1057,232
"4794","48253","Jones County, Texas","B16002_006",0,28
"4795","48253","Jones County, Texas","B16002_007",0,28
"4796","48253","Jones County, Texas","B16002_008",0,28
"4797","48253","Jones County, Texas","B16002_009",48,52
"4798","48253","Jones County, Texas","B16002_010",0,28
"4799","48253","Jones County, Texas","B16002_011",48,52
"4800","48253","Jones County, Texas","B16002_012",0,28
"4801","48253","Jones County, Texas","B16002_013",0,28
"4802","48253","Jones County, Texas","B16002_014",0,28
"4803","48253","Jones County, Texas","B16002_015",38,32
"4804","48253","Jones County, Texas","B16002_016",9,15
"4805","48253","Jones County, Texas","B16002_017",29,29
"4806","48253","Jones County, Texas","B16002_018",0,28
"4807","48253","Jones County, Texas","B16002_019",0,28
"4808","48253","Jones County, Texas","B16002_020",0,28
"4809","48253","Jones County, Texas","B16002_021",0,28
"4810","48253","Jones County, Texas","B16002_022",0,28
"4811","48253","Jones County, Texas","B16002_023",0,28
"4812","48253","Jones County, Texas","B16002_024",4,9
"4813","48253","Jones County, Texas","B16002_025",4,9
"4814","48253","Jones County, Texas","B16002_026",0,28
"4815","48253","Jones County, Texas","B16002_027",1,6
"4816","48253","Jones County, Texas","B16002_028",0,28
"4817","48253","Jones County, Texas","B16002_029",1,6
"4818","48253","Jones County, Texas","B16002_030",10,18
"4819","48253","Jones County, Texas","B16002_031",0,28
"4820","48253","Jones County, Texas","B16002_032",10,18
"4821","48253","Jones County, Texas","B16002_033",0,28
"4822","48253","Jones County, Texas","B16002_034",0,28
"4823","48253","Jones County, Texas","B16002_035",0,28
"4824","48253","Jones County, Texas","B16002_036",9,16
"4825","48253","Jones County, Texas","B16002_037",0,28
"4826","48253","Jones County, Texas","B16002_038",9,16
"4827","48255","Karnes County, Texas","B16002_001",4730,249
"4828","48255","Karnes County, Texas","B16002_002",3310,288
"4829","48255","Karnes County, Texas","B16002_003",1295,201
"4830","48255","Karnes County, Texas","B16002_004",217,87
"4831","48255","Karnes County, Texas","B16002_005",1078,217
"4832","48255","Karnes County, Texas","B16002_006",5,8
"4833","48255","Karnes County, Texas","B16002_007",0,23
"4834","48255","Karnes County, Texas","B16002_008",5,8
"4835","48255","Karnes County, Texas","B16002_009",42,44
"4836","48255","Karnes County, Texas","B16002_010",20,35
"4837","48255","Karnes County, Texas","B16002_011",22,26
"4838","48255","Karnes County, Texas","B16002_012",63,37
"4839","48255","Karnes County, Texas","B16002_013",4,7
"4840","48255","Karnes County, Texas","B16002_014",59,37
"4841","48255","Karnes County, Texas","B16002_015",8,13
"4842","48255","Karnes County, Texas","B16002_016",0,23
"4843","48255","Karnes County, Texas","B16002_017",8,13
"4844","48255","Karnes County, Texas","B16002_018",0,23
"4845","48255","Karnes County, Texas","B16002_019",0,23
"4846","48255","Karnes County, Texas","B16002_020",0,23
"4847","48255","Karnes County, Texas","B16002_021",0,23
"4848","48255","Karnes County, Texas","B16002_022",0,23
"4849","48255","Karnes County, Texas","B16002_023",0,23
"4850","48255","Karnes County, Texas","B16002_024",0,23
"4851","48255","Karnes County, Texas","B16002_025",0,23
"4852","48255","Karnes County, Texas","B16002_026",0,23
"4853","48255","Karnes County, Texas","B16002_027",7,27
"4854","48255","Karnes County, Texas","B16002_028",0,23
"4855","48255","Karnes County, Texas","B16002_029",7,27
"4856","48255","Karnes County, Texas","B16002_030",0,23
"4857","48255","Karnes County, Texas","B16002_031",0,23
"4858","48255","Karnes County, Texas","B16002_032",0,23
"4859","48255","Karnes County, Texas","B16002_033",0,23
"4860","48255","Karnes County, Texas","B16002_034",0,23
"4861","48255","Karnes County, Texas","B16002_035",0,23
"4862","48255","Karnes County, Texas","B16002_036",0,23
"4863","48255","Karnes County, Texas","B16002_037",0,23
"4864","48255","Karnes County, Texas","B16002_038",0,23
"4865","48257","Kaufman County, Texas","B16002_001",50990,602
"4866","48257","Kaufman County, Texas","B16002_002",37973,926
"4867","48257","Kaufman County, Texas","B16002_003",9935,600
"4868","48257","Kaufman County, Texas","B16002_004",855,266
"4869","48257","Kaufman County, Texas","B16002_005",9080,599
"4870","48257","Kaufman County, Texas","B16002_006",464,237
"4871","48257","Kaufman County, Texas","B16002_007",10,17
"4872","48257","Kaufman County, Texas","B16002_008",454,235
"4873","48257","Kaufman County, Texas","B16002_009",124,81
"4874","48257","Kaufman County, Texas","B16002_010",0,35
"4875","48257","Kaufman County, Texas","B16002_011",124,81
"4876","48257","Kaufman County, Texas","B16002_012",141,89
"4877","48257","Kaufman County, Texas","B16002_013",0,35
"4878","48257","Kaufman County, Texas","B16002_014",141,89
"4879","48257","Kaufman County, Texas","B16002_015",258,174
"4880","48257","Kaufman County, Texas","B16002_016",49,81
"4881","48257","Kaufman County, Texas","B16002_017",209,154
"4882","48257","Kaufman County, Texas","B16002_018",52,47
"4883","48257","Kaufman County, Texas","B16002_019",0,35
"4884","48257","Kaufman County, Texas","B16002_020",52,47
"4885","48257","Kaufman County, Texas","B16002_021",124,112
"4886","48257","Kaufman County, Texas","B16002_022",82,105
"4887","48257","Kaufman County, Texas","B16002_023",42,39
"4888","48257","Kaufman County, Texas","B16002_024",253,177
"4889","48257","Kaufman County, Texas","B16002_025",11,18
"4890","48257","Kaufman County, Texas","B16002_026",242,178
"4891","48257","Kaufman County, Texas","B16002_027",66,63
"4892","48257","Kaufman County, Texas","B16002_028",0,35
"4893","48257","Kaufman County, Texas","B16002_029",66,63
"4894","48257","Kaufman County, Texas","B16002_030",269,150
"4895","48257","Kaufman County, Texas","B16002_031",41,65
"4896","48257","Kaufman County, Texas","B16002_032",228,136
"4897","48257","Kaufman County, Texas","B16002_033",300,145
"4898","48257","Kaufman County, Texas","B16002_034",113,106
"4899","48257","Kaufman County, Texas","B16002_035",187,120
"4900","48257","Kaufman County, Texas","B16002_036",1031,251
"4901","48257","Kaufman County, Texas","B16002_037",323,174
"4902","48257","Kaufman County, Texas","B16002_038",708,237
"4903","48259","Kendall County, Texas","B16002_001",17741,415
"4904","48259","Kendall County, Texas","B16002_002",14753,499
"4905","48259","Kendall County, Texas","B16002_003",2489,419
"4906","48259","Kendall County, Texas","B16002_004",304,212
"4907","48259","Kendall County, Texas","B16002_005",2185,371
"4908","48259","Kendall County, Texas","B16002_006",29,39
"4909","48259","Kendall County, Texas","B16002_007",0,31
"4910","48259","Kendall County, Texas","B16002_008",29,39
"4911","48259","Kendall County, Texas","B16002_009",89,56
"4912","48259","Kendall County, Texas","B16002_010",0,31
"4913","48259","Kendall County, Texas","B16002_011",89,56
"4914","48259","Kendall County, Texas","B16002_012",70,74
"4915","48259","Kendall County, Texas","B16002_013",0,31
"4916","48259","Kendall County, Texas","B16002_014",70,74
"4917","48259","Kendall County, Texas","B16002_015",71,76
"4918","48259","Kendall County, Texas","B16002_016",0,31
"4919","48259","Kendall County, Texas","B16002_017",71,76
"4920","48259","Kendall County, Texas","B16002_018",15,25
"4921","48259","Kendall County, Texas","B16002_019",0,31
"4922","48259","Kendall County, Texas","B16002_020",15,25
"4923","48259","Kendall County, Texas","B16002_021",36,43
"4924","48259","Kendall County, Texas","B16002_022",0,31
"4925","48259","Kendall County, Texas","B16002_023",36,43
"4926","48259","Kendall County, Texas","B16002_024",12,20
"4927","48259","Kendall County, Texas","B16002_025",0,31
"4928","48259","Kendall County, Texas","B16002_026",12,20
"4929","48259","Kendall County, Texas","B16002_027",80,80
"4930","48259","Kendall County, Texas","B16002_028",0,31
"4931","48259","Kendall County, Texas","B16002_029",80,80
"4932","48259","Kendall County, Texas","B16002_030",80,70
"4933","48259","Kendall County, Texas","B16002_031",0,31
"4934","48259","Kendall County, Texas","B16002_032",80,70
"4935","48259","Kendall County, Texas","B16002_033",17,21
"4936","48259","Kendall County, Texas","B16002_034",0,31
"4937","48259","Kendall County, Texas","B16002_035",17,21
"4938","48259","Kendall County, Texas","B16002_036",0,31
"4939","48259","Kendall County, Texas","B16002_037",0,31
"4940","48259","Kendall County, Texas","B16002_038",0,31
"4941","48261","Kenedy County, Texas","B16002_001",55,33
"4942","48261","Kenedy County, Texas","B16002_002",6,6
"4943","48261","Kenedy County, Texas","B16002_003",49,32
"4944","48261","Kenedy County, Texas","B16002_004",17,21
"4945","48261","Kenedy County, Texas","B16002_005",32,24
"4946","48261","Kenedy County, Texas","B16002_006",0,15
"4947","48261","Kenedy County, Texas","B16002_007",0,15
"4948","48261","Kenedy County, Texas","B16002_008",0,15
"4949","48261","Kenedy County, Texas","B16002_009",0,15
"4950","48261","Kenedy County, Texas","B16002_010",0,15
"4951","48261","Kenedy County, Texas","B16002_011",0,15
"4952","48261","Kenedy County, Texas","B16002_012",0,15
"4953","48261","Kenedy County, Texas","B16002_013",0,15
"4954","48261","Kenedy County, Texas","B16002_014",0,15
"4955","48261","Kenedy County, Texas","B16002_015",0,15
"4956","48261","Kenedy County, Texas","B16002_016",0,15
"4957","48261","Kenedy County, Texas","B16002_017",0,15
"4958","48261","Kenedy County, Texas","B16002_018",0,15
"4959","48261","Kenedy County, Texas","B16002_019",0,15
"4960","48261","Kenedy County, Texas","B16002_020",0,15
"4961","48261","Kenedy County, Texas","B16002_021",0,15
"4962","48261","Kenedy County, Texas","B16002_022",0,15
"4963","48261","Kenedy County, Texas","B16002_023",0,15
"4964","48261","Kenedy County, Texas","B16002_024",0,15
"4965","48261","Kenedy County, Texas","B16002_025",0,15
"4966","48261","Kenedy County, Texas","B16002_026",0,15
"4967","48261","Kenedy County, Texas","B16002_027",0,15
"4968","48261","Kenedy County, Texas","B16002_028",0,15
"4969","48261","Kenedy County, Texas","B16002_029",0,15
"4970","48261","Kenedy County, Texas","B16002_030",0,15
"4971","48261","Kenedy County, Texas","B16002_031",0,15
"4972","48261","Kenedy County, Texas","B16002_032",0,15
"4973","48261","Kenedy County, Texas","B16002_033",0,15
"4974","48261","Kenedy County, Texas","B16002_034",0,15
"4975","48261","Kenedy County, Texas","B16002_035",0,15
"4976","48261","Kenedy County, Texas","B16002_036",0,15
"4977","48261","Kenedy County, Texas","B16002_037",0,15
"4978","48261","Kenedy County, Texas","B16002_038",0,15
"4979","48263","Kent County, Texas","B16002_001",308,69
"4980","48263","Kent County, Texas","B16002_002",282,71
"4981","48263","Kent County, Texas","B16002_003",26,21
"4982","48263","Kent County, Texas","B16002_004",9,14
"4983","48263","Kent County, Texas","B16002_005",17,15
"4984","48263","Kent County, Texas","B16002_006",0,15
"4985","48263","Kent County, Texas","B16002_007",0,15
"4986","48263","Kent County, Texas","B16002_008",0,15
"4987","48263","Kent County, Texas","B16002_009",0,15
"4988","48263","Kent County, Texas","B16002_010",0,15
"4989","48263","Kent County, Texas","B16002_011",0,15
"4990","48263","Kent County, Texas","B16002_012",0,15
"4991","48263","Kent County, Texas","B16002_013",0,15
"4992","48263","Kent County, Texas","B16002_014",0,15
"4993","48263","Kent County, Texas","B16002_015",0,15
"4994","48263","Kent County, Texas","B16002_016",0,15
"4995","48263","Kent County, Texas","B16002_017",0,15
"4996","48263","Kent County, Texas","B16002_018",0,15
"4997","48263","Kent County, Texas","B16002_019",0,15
"4998","48263","Kent County, Texas","B16002_020",0,15
"4999","48263","Kent County, Texas","B16002_021",0,15
"5000","48263","Kent County, Texas","B16002_022",0,15
"5001","48263","Kent County, Texas","B16002_023",0,15
"5002","48263","Kent County, Texas","B16002_024",0,15
"5003","48263","Kent County, Texas","B16002_025",0,15
"5004","48263","Kent County, Texas","B16002_026",0,15
"5005","48263","Kent County, Texas","B16002_027",0,15
"5006","48263","Kent County, Texas","B16002_028",0,15
"5007","48263","Kent County, Texas","B16002_029",0,15
"5008","48263","Kent County, Texas","B16002_030",0,15
"5009","48263","Kent County, Texas","B16002_031",0,15
"5010","48263","Kent County, Texas","B16002_032",0,15
"5011","48263","Kent County, Texas","B16002_033",0,15
"5012","48263","Kent County, Texas","B16002_034",0,15
"5013","48263","Kent County, Texas","B16002_035",0,15
"5014","48263","Kent County, Texas","B16002_036",0,15
"5015","48263","Kent County, Texas","B16002_037",0,15
"5016","48263","Kent County, Texas","B16002_038",0,15
"5017","48265","Kerr County, Texas","B16002_001",22615,529
"5018","48265","Kerr County, Texas","B16002_002",19105,578
"5019","48265","Kerr County, Texas","B16002_003",3060,370
"5020","48265","Kerr County, Texas","B16002_004",399,152
"5021","48265","Kerr County, Texas","B16002_005",2661,357
"5022","48265","Kerr County, Texas","B16002_006",33,53
"5023","48265","Kerr County, Texas","B16002_007",0,35
"5024","48265","Kerr County, Texas","B16002_008",33,53
"5025","48265","Kerr County, Texas","B16002_009",88,64
"5026","48265","Kerr County, Texas","B16002_010",10,16
"5027","48265","Kerr County, Texas","B16002_011",78,60
"5028","48265","Kerr County, Texas","B16002_012",25,30
"5029","48265","Kerr County, Texas","B16002_013",0,35
"5030","48265","Kerr County, Texas","B16002_014",25,30
"5031","48265","Kerr County, Texas","B16002_015",51,32
"5032","48265","Kerr County, Texas","B16002_016",0,35
"5033","48265","Kerr County, Texas","B16002_017",51,32
"5034","48265","Kerr County, Texas","B16002_018",8,12
"5035","48265","Kerr County, Texas","B16002_019",0,35
"5036","48265","Kerr County, Texas","B16002_020",8,12
"5037","48265","Kerr County, Texas","B16002_021",52,39
"5038","48265","Kerr County, Texas","B16002_022",0,35
"5039","48265","Kerr County, Texas","B16002_023",52,39
"5040","48265","Kerr County, Texas","B16002_024",0,35
"5041","48265","Kerr County, Texas","B16002_025",0,35
"5042","48265","Kerr County, Texas","B16002_026",0,35
"5043","48265","Kerr County, Texas","B16002_027",9,10
"5044","48265","Kerr County, Texas","B16002_028",0,35
"5045","48265","Kerr County, Texas","B16002_029",9,10
"5046","48265","Kerr County, Texas","B16002_030",61,50
"5047","48265","Kerr County, Texas","B16002_031",0,35
"5048","48265","Kerr County, Texas","B16002_032",61,50
"5049","48265","Kerr County, Texas","B16002_033",0,35
"5050","48265","Kerr County, Texas","B16002_034",0,35
"5051","48265","Kerr County, Texas","B16002_035",0,35
"5052","48265","Kerr County, Texas","B16002_036",123,144
"5053","48265","Kerr County, Texas","B16002_037",0,35
"5054","48265","Kerr County, Texas","B16002_038",123,144
"5055","48267","Kimble County, Texas","B16002_001",2041,177
"5056","48267","Kimble County, Texas","B16002_002",1635,153
"5057","48267","Kimble County, Texas","B16002_003",383,102
"5058","48267","Kimble County, Texas","B16002_004",48,50
"5059","48267","Kimble County, Texas","B16002_005",335,96
"5060","48267","Kimble County, Texas","B16002_006",0,15
"5061","48267","Kimble County, Texas","B16002_007",0,15
"5062","48267","Kimble County, Texas","B16002_008",0,15
"5063","48267","Kimble County, Texas","B16002_009",17,27
"5064","48267","Kimble County, Texas","B16002_010",0,15
"5065","48267","Kimble County, Texas","B16002_011",17,27
"5066","48267","Kimble County, Texas","B16002_012",0,15
"5067","48267","Kimble County, Texas","B16002_013",0,15
"5068","48267","Kimble County, Texas","B16002_014",0,15
"5069","48267","Kimble County, Texas","B16002_015",0,15
"5070","48267","Kimble County, Texas","B16002_016",0,15
"5071","48267","Kimble County, Texas","B16002_017",0,15
"5072","48267","Kimble County, Texas","B16002_018",0,15
"5073","48267","Kimble County, Texas","B16002_019",0,15
"5074","48267","Kimble County, Texas","B16002_020",0,15
"5075","48267","Kimble County, Texas","B16002_021",0,15
"5076","48267","Kimble County, Texas","B16002_022",0,15
"5077","48267","Kimble County, Texas","B16002_023",0,15
"5078","48267","Kimble County, Texas","B16002_024",0,15
"5079","48267","Kimble County, Texas","B16002_025",0,15
"5080","48267","Kimble County, Texas","B16002_026",0,15
"5081","48267","Kimble County, Texas","B16002_027",0,15
"5082","48267","Kimble County, Texas","B16002_028",0,15
"5083","48267","Kimble County, Texas","B16002_029",0,15
"5084","48267","Kimble County, Texas","B16002_030",0,15
"5085","48267","Kimble County, Texas","B16002_031",0,15
"5086","48267","Kimble County, Texas","B16002_032",0,15
"5087","48267","Kimble County, Texas","B16002_033",0,15
"5088","48267","Kimble County, Texas","B16002_034",0,15
"5089","48267","Kimble County, Texas","B16002_035",0,15
"5090","48267","Kimble County, Texas","B16002_036",6,10
"5091","48267","Kimble County, Texas","B16002_037",0,15
"5092","48267","Kimble County, Texas","B16002_038",6,10
"5093","48269","King County, Texas","B16002_001",111,43
"5094","48269","King County, Texas","B16002_002",111,43
"5095","48269","King County, Texas","B16002_003",0,15
"5096","48269","King County, Texas","B16002_004",0,15
"5097","48269","King County, Texas","B16002_005",0,15
"5098","48269","King County, Texas","B16002_006",0,15
"5099","48269","King County, Texas","B16002_007",0,15
"5100","48269","King County, Texas","B16002_008",0,15
"5101","48269","King County, Texas","B16002_009",0,15
"5102","48269","King County, Texas","B16002_010",0,15
"5103","48269","King County, Texas","B16002_011",0,15
"5104","48269","King County, Texas","B16002_012",0,15
"5105","48269","King County, Texas","B16002_013",0,15
"5106","48269","King County, Texas","B16002_014",0,15
"5107","48269","King County, Texas","B16002_015",0,15
"5108","48269","King County, Texas","B16002_016",0,15
"5109","48269","King County, Texas","B16002_017",0,15
"5110","48269","King County, Texas","B16002_018",0,15
"5111","48269","King County, Texas","B16002_019",0,15
"5112","48269","King County, Texas","B16002_020",0,15
"5113","48269","King County, Texas","B16002_021",0,15
"5114","48269","King County, Texas","B16002_022",0,15
"5115","48269","King County, Texas","B16002_023",0,15
"5116","48269","King County, Texas","B16002_024",0,15
"5117","48269","King County, Texas","B16002_025",0,15
"5118","48269","King County, Texas","B16002_026",0,15
"5119","48269","King County, Texas","B16002_027",0,15
"5120","48269","King County, Texas","B16002_028",0,15
"5121","48269","King County, Texas","B16002_029",0,15
"5122","48269","King County, Texas","B16002_030",0,15
"5123","48269","King County, Texas","B16002_031",0,15
"5124","48269","King County, Texas","B16002_032",0,15
"5125","48269","King County, Texas","B16002_033",0,15
"5126","48269","King County, Texas","B16002_034",0,15
"5127","48269","King County, Texas","B16002_035",0,15
"5128","48269","King County, Texas","B16002_036",0,15
"5129","48269","King County, Texas","B16002_037",0,15
"5130","48269","King County, Texas","B16002_038",0,15
"5131","48271","Kinney County, Texas","B16002_001",1152,150
"5132","48271","Kinney County, Texas","B16002_002",635,128
"5133","48271","Kinney County, Texas","B16002_003",517,120
"5134","48271","Kinney County, Texas","B16002_004",24,25
"5135","48271","Kinney County, Texas","B16002_005",493,126
"5136","48271","Kinney County, Texas","B16002_006",0,15
"5137","48271","Kinney County, Texas","B16002_007",0,15
"5138","48271","Kinney County, Texas","B16002_008",0,15
"5139","48271","Kinney County, Texas","B16002_009",0,15
"5140","48271","Kinney County, Texas","B16002_010",0,15
"5141","48271","Kinney County, Texas","B16002_011",0,15
"5142","48271","Kinney County, Texas","B16002_012",0,15
"5143","48271","Kinney County, Texas","B16002_013",0,15
"5144","48271","Kinney County, Texas","B16002_014",0,15
"5145","48271","Kinney County, Texas","B16002_015",0,15
"5146","48271","Kinney County, Texas","B16002_016",0,15
"5147","48271","Kinney County, Texas","B16002_017",0,15
"5148","48271","Kinney County, Texas","B16002_018",0,15
"5149","48271","Kinney County, Texas","B16002_019",0,15
"5150","48271","Kinney County, Texas","B16002_020",0,15
"5151","48271","Kinney County, Texas","B16002_021",0,15
"5152","48271","Kinney County, Texas","B16002_022",0,15
"5153","48271","Kinney County, Texas","B16002_023",0,15
"5154","48271","Kinney County, Texas","B16002_024",0,15
"5155","48271","Kinney County, Texas","B16002_025",0,15
"5156","48271","Kinney County, Texas","B16002_026",0,15
"5157","48271","Kinney County, Texas","B16002_027",0,15
"5158","48271","Kinney County, Texas","B16002_028",0,15
"5159","48271","Kinney County, Texas","B16002_029",0,15
"5160","48271","Kinney County, Texas","B16002_030",0,15
"5161","48271","Kinney County, Texas","B16002_031",0,15
"5162","48271","Kinney County, Texas","B16002_032",0,15
"5163","48271","Kinney County, Texas","B16002_033",0,15
"5164","48271","Kinney County, Texas","B16002_034",0,15
"5165","48271","Kinney County, Texas","B16002_035",0,15
"5166","48271","Kinney County, Texas","B16002_036",0,15
"5167","48271","Kinney County, Texas","B16002_037",0,15
"5168","48271","Kinney County, Texas","B16002_038",0,15
"5169","48273","Kleberg County, Texas","B16002_001",11853,393
"5170","48273","Kleberg County, Texas","B16002_002",5902,565
"5171","48273","Kleberg County, Texas","B16002_003",5639,532
"5172","48273","Kleberg County, Texas","B16002_004",431,149
"5173","48273","Kleberg County, Texas","B16002_005",5208,541
"5174","48273","Kleberg County, Texas","B16002_006",15,23
"5175","48273","Kleberg County, Texas","B16002_007",0,31
"5176","48273","Kleberg County, Texas","B16002_008",15,23
"5177","48273","Kleberg County, Texas","B16002_009",13,21
"5178","48273","Kleberg County, Texas","B16002_010",0,31
"5179","48273","Kleberg County, Texas","B16002_011",13,21
"5180","48273","Kleberg County, Texas","B16002_012",4,8
"5181","48273","Kleberg County, Texas","B16002_013",0,31
"5182","48273","Kleberg County, Texas","B16002_014",4,8
"5183","48273","Kleberg County, Texas","B16002_015",101,71
"5184","48273","Kleberg County, Texas","B16002_016",73,64
"5185","48273","Kleberg County, Texas","B16002_017",28,30
"5186","48273","Kleberg County, Texas","B16002_018",0,31
"5187","48273","Kleberg County, Texas","B16002_019",0,31
"5188","48273","Kleberg County, Texas","B16002_020",0,31
"5189","48273","Kleberg County, Texas","B16002_021",35,64
"5190","48273","Kleberg County, Texas","B16002_022",0,31
"5191","48273","Kleberg County, Texas","B16002_023",35,64
"5192","48273","Kleberg County, Texas","B16002_024",0,31
"5193","48273","Kleberg County, Texas","B16002_025",0,31
"5194","48273","Kleberg County, Texas","B16002_026",0,31
"5195","48273","Kleberg County, Texas","B16002_027",25,40
"5196","48273","Kleberg County, Texas","B16002_028",0,31
"5197","48273","Kleberg County, Texas","B16002_029",25,40
"5198","48273","Kleberg County, Texas","B16002_030",82,63
"5199","48273","Kleberg County, Texas","B16002_031",0,31
"5200","48273","Kleberg County, Texas","B16002_032",82,63
"5201","48273","Kleberg County, Texas","B16002_033",12,23
"5202","48273","Kleberg County, Texas","B16002_034",12,23
"5203","48273","Kleberg County, Texas","B16002_035",0,31
"5204","48273","Kleberg County, Texas","B16002_036",25,38
"5205","48273","Kleberg County, Texas","B16002_037",0,31
"5206","48273","Kleberg County, Texas","B16002_038",25,38
"5207","48275","Knox County, Texas","B16002_001",1246,80
"5208","48275","Knox County, Texas","B16002_002",923,65
"5209","48275","Knox County, Texas","B16002_003",319,46
"5210","48275","Knox County, Texas","B16002_004",58,46
"5211","48275","Knox County, Texas","B16002_005",261,57
"5212","48275","Knox County, Texas","B16002_006",0,15
"5213","48275","Knox County, Texas","B16002_007",0,15
"5214","48275","Knox County, Texas","B16002_008",0,15
"5215","48275","Knox County, Texas","B16002_009",0,15
"5216","48275","Knox County, Texas","B16002_010",0,15
"5217","48275","Knox County, Texas","B16002_011",0,15
"5218","48275","Knox County, Texas","B16002_012",0,15
"5219","48275","Knox County, Texas","B16002_013",0,15
"5220","48275","Knox County, Texas","B16002_014",0,15
"5221","48275","Knox County, Texas","B16002_015",0,15
"5222","48275","Knox County, Texas","B16002_016",0,15
"5223","48275","Knox County, Texas","B16002_017",0,15
"5224","48275","Knox County, Texas","B16002_018",0,15
"5225","48275","Knox County, Texas","B16002_019",0,15
"5226","48275","Knox County, Texas","B16002_020",0,15
"5227","48275","Knox County, Texas","B16002_021",0,15
"5228","48275","Knox County, Texas","B16002_022",0,15
"5229","48275","Knox County, Texas","B16002_023",0,15
"5230","48275","Knox County, Texas","B16002_024",4,5
"5231","48275","Knox County, Texas","B16002_025",0,15
"5232","48275","Knox County, Texas","B16002_026",4,5
"5233","48275","Knox County, Texas","B16002_027",0,15
"5234","48275","Knox County, Texas","B16002_028",0,15
"5235","48275","Knox County, Texas","B16002_029",0,15
"5236","48275","Knox County, Texas","B16002_030",0,15
"5237","48275","Knox County, Texas","B16002_031",0,15
"5238","48275","Knox County, Texas","B16002_032",0,15
"5239","48275","Knox County, Texas","B16002_033",0,15
"5240","48275","Knox County, Texas","B16002_034",0,15
"5241","48275","Knox County, Texas","B16002_035",0,15
"5242","48275","Knox County, Texas","B16002_036",0,15
"5243","48275","Knox County, Texas","B16002_037",0,15
"5244","48275","Knox County, Texas","B16002_038",0,15
"5245","48277","Lamar County, Texas","B16002_001",20019,451
"5246","48277","Lamar County, Texas","B16002_002",17684,599
"5247","48277","Lamar County, Texas","B16002_003",1427,262
"5248","48277","Lamar County, Texas","B16002_004",108,75
"5249","48277","Lamar County, Texas","B16002_005",1319,276
"5250","48277","Lamar County, Texas","B16002_006",0,35
"5251","48277","Lamar County, Texas","B16002_007",0,35
"5252","48277","Lamar County, Texas","B16002_008",0,35
"5253","48277","Lamar County, Texas","B16002_009",496,211
"5254","48277","Lamar County, Texas","B16002_010",88,103
"5255","48277","Lamar County, Texas","B16002_011",408,211
"5256","48277","Lamar County, Texas","B16002_012",23,42
"5257","48277","Lamar County, Texas","B16002_013",0,35
"5258","48277","Lamar County, Texas","B16002_014",23,42
"5259","48277","Lamar County, Texas","B16002_015",123,115
"5260","48277","Lamar County, Texas","B16002_016",0,35
"5261","48277","Lamar County, Texas","B16002_017",123,115
"5262","48277","Lamar County, Texas","B16002_018",0,35
"5263","48277","Lamar County, Texas","B16002_019",0,35
"5264","48277","Lamar County, Texas","B16002_020",0,35
"5265","48277","Lamar County, Texas","B16002_021",33,53
"5266","48277","Lamar County, Texas","B16002_022",0,35
"5267","48277","Lamar County, Texas","B16002_023",33,53
"5268","48277","Lamar County, Texas","B16002_024",42,42
"5269","48277","Lamar County, Texas","B16002_025",0,35
"5270","48277","Lamar County, Texas","B16002_026",42,42
"5271","48277","Lamar County, Texas","B16002_027",55,49
"5272","48277","Lamar County, Texas","B16002_028",0,35
"5273","48277","Lamar County, Texas","B16002_029",55,49
"5274","48277","Lamar County, Texas","B16002_030",90,76
"5275","48277","Lamar County, Texas","B16002_031",0,35
"5276","48277","Lamar County, Texas","B16002_032",90,76
"5277","48277","Lamar County, Texas","B16002_033",0,35
"5278","48277","Lamar County, Texas","B16002_034",0,35
"5279","48277","Lamar County, Texas","B16002_035",0,35
"5280","48277","Lamar County, Texas","B16002_036",46,45
"5281","48277","Lamar County, Texas","B16002_037",0,35
"5282","48277","Lamar County, Texas","B16002_038",46,45
"5283","48279","Lamb County, Texas","B16002_001",4677,179
"5284","48279","Lamb County, Texas","B16002_002",2586,161
"5285","48279","Lamb County, Texas","B16002_003",2056,155
"5286","48279","Lamb County, Texas","B16002_004",354,150
"5287","48279","Lamb County, Texas","B16002_005",1702,187
"5288","48279","Lamb County, Texas","B16002_006",0,23
"5289","48279","Lamb County, Texas","B16002_007",0,23
"5290","48279","Lamb County, Texas","B16002_008",0,23
"5291","48279","Lamb County, Texas","B16002_009",7,10
"5292","48279","Lamb County, Texas","B16002_010",0,23
"5293","48279","Lamb County, Texas","B16002_011",7,10
"5294","48279","Lamb County, Texas","B16002_012",0,23
"5295","48279","Lamb County, Texas","B16002_013",0,23
"5296","48279","Lamb County, Texas","B16002_014",0,23
"5297","48279","Lamb County, Texas","B16002_015",28,34
"5298","48279","Lamb County, Texas","B16002_016",0,23
"5299","48279","Lamb County, Texas","B16002_017",28,34
"5300","48279","Lamb County, Texas","B16002_018",0,23
"5301","48279","Lamb County, Texas","B16002_019",0,23
"5302","48279","Lamb County, Texas","B16002_020",0,23
"5303","48279","Lamb County, Texas","B16002_021",0,23
"5304","48279","Lamb County, Texas","B16002_022",0,23
"5305","48279","Lamb County, Texas","B16002_023",0,23
"5306","48279","Lamb County, Texas","B16002_024",0,23
"5307","48279","Lamb County, Texas","B16002_025",0,23
"5308","48279","Lamb County, Texas","B16002_026",0,23
"5309","48279","Lamb County, Texas","B16002_027",0,23
"5310","48279","Lamb County, Texas","B16002_028",0,23
"5311","48279","Lamb County, Texas","B16002_029",0,23
"5312","48279","Lamb County, Texas","B16002_030",0,23
"5313","48279","Lamb County, Texas","B16002_031",0,23
"5314","48279","Lamb County, Texas","B16002_032",0,23
"5315","48279","Lamb County, Texas","B16002_033",0,23
"5316","48279","Lamb County, Texas","B16002_034",0,23
"5317","48279","Lamb County, Texas","B16002_035",0,23
"5318","48279","Lamb County, Texas","B16002_036",0,23
"5319","48279","Lamb County, Texas","B16002_037",0,23
"5320","48279","Lamb County, Texas","B16002_038",0,23
"5321","48281","Lampasas County, Texas","B16002_001",8390,252
"5322","48281","Lampasas County, Texas","B16002_002",6831,317
"5323","48281","Lampasas County, Texas","B16002_003",1097,172
"5324","48281","Lampasas County, Texas","B16002_004",98,64
"5325","48281","Lampasas County, Texas","B16002_005",999,176
"5326","48281","Lampasas County, Texas","B16002_006",0,28
"5327","48281","Lampasas County, Texas","B16002_007",0,28
"5328","48281","Lampasas County, Texas","B16002_008",0,28
"5329","48281","Lampasas County, Texas","B16002_009",265,109
"5330","48281","Lampasas County, Texas","B16002_010",0,28
"5331","48281","Lampasas County, Texas","B16002_011",265,109
"5332","48281","Lampasas County, Texas","B16002_012",0,28
"5333","48281","Lampasas County, Texas","B16002_013",0,28
"5334","48281","Lampasas County, Texas","B16002_014",0,28
"5335","48281","Lampasas County, Texas","B16002_015",24,28
"5336","48281","Lampasas County, Texas","B16002_016",0,28
"5337","48281","Lampasas County, Texas","B16002_017",24,28
"5338","48281","Lampasas County, Texas","B16002_018",41,40
"5339","48281","Lampasas County, Texas","B16002_019",0,28
"5340","48281","Lampasas County, Texas","B16002_020",41,40
"5341","48281","Lampasas County, Texas","B16002_021",0,28
"5342","48281","Lampasas County, Texas","B16002_022",0,28
"5343","48281","Lampasas County, Texas","B16002_023",0,28
"5344","48281","Lampasas County, Texas","B16002_024",30,23
"5345","48281","Lampasas County, Texas","B16002_025",10,16
"5346","48281","Lampasas County, Texas","B16002_026",20,26
"5347","48281","Lampasas County, Texas","B16002_027",0,28
"5348","48281","Lampasas County, Texas","B16002_028",0,28
"5349","48281","Lampasas County, Texas","B16002_029",0,28
"5350","48281","Lampasas County, Texas","B16002_030",94,102
"5351","48281","Lampasas County, Texas","B16002_031",0,28
"5352","48281","Lampasas County, Texas","B16002_032",94,102
"5353","48281","Lampasas County, Texas","B16002_033",0,28
"5354","48281","Lampasas County, Texas","B16002_034",0,28
"5355","48281","Lampasas County, Texas","B16002_035",0,28
"5356","48281","Lampasas County, Texas","B16002_036",8,12
"5357","48281","Lampasas County, Texas","B16002_037",8,12
"5358","48281","Lampasas County, Texas","B16002_038",0,28
"5359","48283","La Salle County, Texas","B16002_001",1647,226
"5360","48283","La Salle County, Texas","B16002_002",453,176
"5361","48283","La Salle County, Texas","B16002_003",1194,224
"5362","48283","La Salle County, Texas","B16002_004",98,61
"5363","48283","La Salle County, Texas","B16002_005",1096,213
"5364","48283","La Salle County, Texas","B16002_006",0,21
"5365","48283","La Salle County, Texas","B16002_007",0,21
"5366","48283","La Salle County, Texas","B16002_008",0,21
"5367","48283","La Salle County, Texas","B16002_009",0,21
"5368","48283","La Salle County, Texas","B16002_010",0,21
"5369","48283","La Salle County, Texas","B16002_011",0,21
"5370","48283","La Salle County, Texas","B16002_012",0,21
"5371","48283","La Salle County, Texas","B16002_013",0,21
"5372","48283","La Salle County, Texas","B16002_014",0,21
"5373","48283","La Salle County, Texas","B16002_015",0,21
"5374","48283","La Salle County, Texas","B16002_016",0,21
"5375","48283","La Salle County, Texas","B16002_017",0,21
"5376","48283","La Salle County, Texas","B16002_018",0,21
"5377","48283","La Salle County, Texas","B16002_019",0,21
"5378","48283","La Salle County, Texas","B16002_020",0,21
"5379","48283","La Salle County, Texas","B16002_021",0,21
"5380","48283","La Salle County, Texas","B16002_022",0,21
"5381","48283","La Salle County, Texas","B16002_023",0,21
"5382","48283","La Salle County, Texas","B16002_024",0,21
"5383","48283","La Salle County, Texas","B16002_025",0,21
"5384","48283","La Salle County, Texas","B16002_026",0,21
"5385","48283","La Salle County, Texas","B16002_027",0,21
"5386","48283","La Salle County, Texas","B16002_028",0,21
"5387","48283","La Salle County, Texas","B16002_029",0,21
"5388","48283","La Salle County, Texas","B16002_030",0,21
"5389","48283","La Salle County, Texas","B16002_031",0,21
"5390","48283","La Salle County, Texas","B16002_032",0,21
"5391","48283","La Salle County, Texas","B16002_033",0,21
"5392","48283","La Salle County, Texas","B16002_034",0,21
"5393","48283","La Salle County, Texas","B16002_035",0,21
"5394","48283","La Salle County, Texas","B16002_036",0,21
"5395","48283","La Salle County, Texas","B16002_037",0,21
"5396","48283","La Salle County, Texas","B16002_038",0,21
"5397","48285","Lavaca County, Texas","B16002_001",8476,261
"5398","48285","Lavaca County, Texas","B16002_002",7144,302
"5399","48285","Lavaca County, Texas","B16002_003",1119,187
"5400","48285","Lavaca County, Texas","B16002_004",133,101
"5401","48285","Lavaca County, Texas","B16002_005",986,193
"5402","48285","Lavaca County, Texas","B16002_006",21,28
"5403","48285","Lavaca County, Texas","B16002_007",0,28
"5404","48285","Lavaca County, Texas","B16002_008",21,28
"5405","48285","Lavaca County, Texas","B16002_009",13,14
"5406","48285","Lavaca County, Texas","B16002_010",0,28
"5407","48285","Lavaca County, Texas","B16002_011",13,14
"5408","48285","Lavaca County, Texas","B16002_012",133,46
"5409","48285","Lavaca County, Texas","B16002_013",12,12
"5410","48285","Lavaca County, Texas","B16002_014",121,47
"5411","48285","Lavaca County, Texas","B16002_015",5,8
"5412","48285","Lavaca County, Texas","B16002_016",0,28
"5413","48285","Lavaca County, Texas","B16002_017",5,8
"5414","48285","Lavaca County, Texas","B16002_018",0,28
"5415","48285","Lavaca County, Texas","B16002_019",0,28
"5416","48285","Lavaca County, Texas","B16002_020",0,28
"5417","48285","Lavaca County, Texas","B16002_021",0,28
"5418","48285","Lavaca County, Texas","B16002_022",0,28
"5419","48285","Lavaca County, Texas","B16002_023",0,28
"5420","48285","Lavaca County, Texas","B16002_024",0,28
"5421","48285","Lavaca County, Texas","B16002_025",0,28
"5422","48285","Lavaca County, Texas","B16002_026",0,28
"5423","48285","Lavaca County, Texas","B16002_027",7,9
"5424","48285","Lavaca County, Texas","B16002_028",1,3
"5425","48285","Lavaca County, Texas","B16002_029",6,9
"5426","48285","Lavaca County, Texas","B16002_030",26,25
"5427","48285","Lavaca County, Texas","B16002_031",14,18
"5428","48285","Lavaca County, Texas","B16002_032",12,21
"5429","48285","Lavaca County, Texas","B16002_033",0,28
"5430","48285","Lavaca County, Texas","B16002_034",0,28
"5431","48285","Lavaca County, Texas","B16002_035",0,28
"5432","48285","Lavaca County, Texas","B16002_036",8,13
"5433","48285","Lavaca County, Texas","B16002_037",0,28
"5434","48285","Lavaca County, Texas","B16002_038",8,13
"5435","48287","Lee County, Texas","B16002_001",6984,265
"5436","48287","Lee County, Texas","B16002_002",5447,335
"5437","48287","Lee County, Texas","B16002_003",1401,254
"5438","48287","Lee County, Texas","B16002_004",230,161
"5439","48287","Lee County, Texas","B16002_005",1171,265
"5440","48287","Lee County, Texas","B16002_006",10,17
"5441","48287","Lee County, Texas","B16002_007",0,23
"5442","48287","Lee County, Texas","B16002_008",10,17
"5443","48287","Lee County, Texas","B16002_009",106,72
"5444","48287","Lee County, Texas","B16002_010",15,25
"5445","48287","Lee County, Texas","B16002_011",91,68
"5446","48287","Lee County, Texas","B16002_012",2,3
"5447","48287","Lee County, Texas","B16002_013",2,3
"5448","48287","Lee County, Texas","B16002_014",0,23
"5449","48287","Lee County, Texas","B16002_015",18,28
"5450","48287","Lee County, Texas","B16002_016",0,23
"5451","48287","Lee County, Texas","B16002_017",18,28
"5452","48287","Lee County, Texas","B16002_018",0,23
"5453","48287","Lee County, Texas","B16002_019",0,23
"5454","48287","Lee County, Texas","B16002_020",0,23
"5455","48287","Lee County, Texas","B16002_021",0,23
"5456","48287","Lee County, Texas","B16002_022",0,23
"5457","48287","Lee County, Texas","B16002_023",0,23
"5458","48287","Lee County, Texas","B16002_024",0,23
"5459","48287","Lee County, Texas","B16002_025",0,23
"5460","48287","Lee County, Texas","B16002_026",0,23
"5461","48287","Lee County, Texas","B16002_027",0,23
"5462","48287","Lee County, Texas","B16002_028",0,23
"5463","48287","Lee County, Texas","B16002_029",0,23
"5464","48287","Lee County, Texas","B16002_030",0,23
"5465","48287","Lee County, Texas","B16002_031",0,23
"5466","48287","Lee County, Texas","B16002_032",0,23
"5467","48287","Lee County, Texas","B16002_033",0,23
"5468","48287","Lee County, Texas","B16002_034",0,23
"5469","48287","Lee County, Texas","B16002_035",0,23
"5470","48287","Lee County, Texas","B16002_036",0,23
"5471","48287","Lee County, Texas","B16002_037",0,23
"5472","48287","Lee County, Texas","B16002_038",0,23
"5473","48289","Leon County, Texas","B16002_001",6741,334
"5474","48289","Leon County, Texas","B16002_002",5951,325
"5475","48289","Leon County, Texas","B16002_003",723,123
"5476","48289","Leon County, Texas","B16002_004",167,75
"5477","48289","Leon County, Texas","B16002_005",556,118
"5478","48289","Leon County, Texas","B16002_006",0,23
"5479","48289","Leon County, Texas","B16002_007",0,23
"5480","48289","Leon County, Texas","B16002_008",0,23
"5481","48289","Leon County, Texas","B16002_009",57,94
"5482","48289","Leon County, Texas","B16002_010",0,23
"5483","48289","Leon County, Texas","B16002_011",57,94
"5484","48289","Leon County, Texas","B16002_012",0,23
"5485","48289","Leon County, Texas","B16002_013",0,23
"5486","48289","Leon County, Texas","B16002_014",0,23
"5487","48289","Leon County, Texas","B16002_015",5,11
"5488","48289","Leon County, Texas","B16002_016",0,23
"5489","48289","Leon County, Texas","B16002_017",5,11
"5490","48289","Leon County, Texas","B16002_018",0,23
"5491","48289","Leon County, Texas","B16002_019",0,23
"5492","48289","Leon County, Texas","B16002_020",0,23
"5493","48289","Leon County, Texas","B16002_021",2,4
"5494","48289","Leon County, Texas","B16002_022",2,4
"5495","48289","Leon County, Texas","B16002_023",0,23
"5496","48289","Leon County, Texas","B16002_024",0,23
"5497","48289","Leon County, Texas","B16002_025",0,23
"5498","48289","Leon County, Texas","B16002_026",0,23
"5499","48289","Leon County, Texas","B16002_027",3,6
"5500","48289","Leon County, Texas","B16002_028",0,23
"5501","48289","Leon County, Texas","B16002_029",3,6
"5502","48289","Leon County, Texas","B16002_030",0,23
"5503","48289","Leon County, Texas","B16002_031",0,23
"5504","48289","Leon County, Texas","B16002_032",0,23
"5505","48289","Leon County, Texas","B16002_033",0,23
"5506","48289","Leon County, Texas","B16002_034",0,23
"5507","48289","Leon County, Texas","B16002_035",0,23
"5508","48289","Leon County, Texas","B16002_036",0,23
"5509","48289","Leon County, Texas","B16002_037",0,23
"5510","48289","Leon County, Texas","B16002_038",0,23
"5511","48291","Liberty County, Texas","B16002_001",31183,769
"5512","48291","Liberty County, Texas","B16002_002",21583,800
"5513","48291","Liberty County, Texas","B16002_003",9160,607
"5514","48291","Liberty County, Texas","B16002_004",2345,549
"5515","48291","Liberty County, Texas","B16002_005",6815,649
"5516","48291","Liberty County, Texas","B16002_006",59,68
"5517","48291","Liberty County, Texas","B16002_007",0,35
"5518","48291","Liberty County, Texas","B16002_008",59,68
"5519","48291","Liberty County, Texas","B16002_009",59,69
"5520","48291","Liberty County, Texas","B16002_010",0,35
"5521","48291","Liberty County, Texas","B16002_011",59,69
"5522","48291","Liberty County, Texas","B16002_012",0,35
"5523","48291","Liberty County, Texas","B16002_013",0,35
"5524","48291","Liberty County, Texas","B16002_014",0,35
"5525","48291","Liberty County, Texas","B16002_015",63,75
"5526","48291","Liberty County, Texas","B16002_016",0,35
"5527","48291","Liberty County, Texas","B16002_017",63,75
"5528","48291","Liberty County, Texas","B16002_018",29,42
"5529","48291","Liberty County, Texas","B16002_019",0,35
"5530","48291","Liberty County, Texas","B16002_020",29,42
"5531","48291","Liberty County, Texas","B16002_021",5,16
"5532","48291","Liberty County, Texas","B16002_022",0,35
"5533","48291","Liberty County, Texas","B16002_023",5,16
"5534","48291","Liberty County, Texas","B16002_024",17,28
"5535","48291","Liberty County, Texas","B16002_025",17,28
"5536","48291","Liberty County, Texas","B16002_026",0,35
"5537","48291","Liberty County, Texas","B16002_027",6,10
"5538","48291","Liberty County, Texas","B16002_028",0,35
"5539","48291","Liberty County, Texas","B16002_029",6,10
"5540","48291","Liberty County, Texas","B16002_030",69,60
"5541","48291","Liberty County, Texas","B16002_031",11,18
"5542","48291","Liberty County, Texas","B16002_032",58,56
"5543","48291","Liberty County, Texas","B16002_033",14,25
"5544","48291","Liberty County, Texas","B16002_034",0,35
"5545","48291","Liberty County, Texas","B16002_035",14,25
"5546","48291","Liberty County, Texas","B16002_036",119,111
"5547","48291","Liberty County, Texas","B16002_037",0,35
"5548","48291","Liberty County, Texas","B16002_038",119,111
"5549","48293","Limestone County, Texas","B16002_001",8389,289
"5550","48293","Limestone County, Texas","B16002_002",6975,289
"5551","48293","Limestone County, Texas","B16002_003",1272,150
"5552","48293","Limestone County, Texas","B16002_004",174,87
"5553","48293","Limestone County, Texas","B16002_005",1098,152
"5554","48293","Limestone County, Texas","B16002_006",0,28
"5555","48293","Limestone County, Texas","B16002_007",0,28
"5556","48293","Limestone County, Texas","B16002_008",0,28
"5557","48293","Limestone County, Texas","B16002_009",32,26
"5558","48293","Limestone County, Texas","B16002_010",7,11
"5559","48293","Limestone County, Texas","B16002_011",25,23
"5560","48293","Limestone County, Texas","B16002_012",0,28
"5561","48293","Limestone County, Texas","B16002_013",0,28
"5562","48293","Limestone County, Texas","B16002_014",0,28
"5563","48293","Limestone County, Texas","B16002_015",55,33
"5564","48293","Limestone County, Texas","B16002_016",0,28
"5565","48293","Limestone County, Texas","B16002_017",55,33
"5566","48293","Limestone County, Texas","B16002_018",0,28
"5567","48293","Limestone County, Texas","B16002_019",0,28
"5568","48293","Limestone County, Texas","B16002_020",0,28
"5569","48293","Limestone County, Texas","B16002_021",0,28
"5570","48293","Limestone County, Texas","B16002_022",0,28
"5571","48293","Limestone County, Texas","B16002_023",0,28
"5572","48293","Limestone County, Texas","B16002_024",47,37
"5573","48293","Limestone County, Texas","B16002_025",41,34
"5574","48293","Limestone County, Texas","B16002_026",6,12
"5575","48293","Limestone County, Texas","B16002_027",8,15
"5576","48293","Limestone County, Texas","B16002_028",8,15
"5577","48293","Limestone County, Texas","B16002_029",0,28
"5578","48293","Limestone County, Texas","B16002_030",0,28
"5579","48293","Limestone County, Texas","B16002_031",0,28
"5580","48293","Limestone County, Texas","B16002_032",0,28
"5581","48293","Limestone County, Texas","B16002_033",0,28
"5582","48293","Limestone County, Texas","B16002_034",0,28
"5583","48293","Limestone County, Texas","B16002_035",0,28
"5584","48293","Limestone County, Texas","B16002_036",0,28
"5585","48293","Limestone County, Texas","B16002_037",0,28
"5586","48293","Limestone County, Texas","B16002_038",0,28
"5587","48295","Lipscomb County, Texas","B16002_001",1025,77
"5588","48295","Lipscomb County, Texas","B16002_002",745,71
"5589","48295","Lipscomb County, Texas","B16002_003",268,60
"5590","48295","Lipscomb County, Texas","B16002_004",48,36
"5591","48295","Lipscomb County, Texas","B16002_005",220,51
"5592","48295","Lipscomb County, Texas","B16002_006",0,15
"5593","48295","Lipscomb County, Texas","B16002_007",0,15
"5594","48295","Lipscomb County, Texas","B16002_008",0,15
"5595","48295","Lipscomb County, Texas","B16002_009",1,3
"5596","48295","Lipscomb County, Texas","B16002_010",0,15
"5597","48295","Lipscomb County, Texas","B16002_011",1,3
"5598","48295","Lipscomb County, Texas","B16002_012",0,15
"5599","48295","Lipscomb County, Texas","B16002_013",0,15
"5600","48295","Lipscomb County, Texas","B16002_014",0,15
"5601","48295","Lipscomb County, Texas","B16002_015",0,15
"5602","48295","Lipscomb County, Texas","B16002_016",0,15
"5603","48295","Lipscomb County, Texas","B16002_017",0,15
"5604","48295","Lipscomb County, Texas","B16002_018",0,15
"5605","48295","Lipscomb County, Texas","B16002_019",0,15
"5606","48295","Lipscomb County, Texas","B16002_020",0,15
"5607","48295","Lipscomb County, Texas","B16002_021",0,15
"5608","48295","Lipscomb County, Texas","B16002_022",0,15
"5609","48295","Lipscomb County, Texas","B16002_023",0,15
"5610","48295","Lipscomb County, Texas","B16002_024",0,15
"5611","48295","Lipscomb County, Texas","B16002_025",0,15
"5612","48295","Lipscomb County, Texas","B16002_026",0,15
"5613","48295","Lipscomb County, Texas","B16002_027",0,15
"5614","48295","Lipscomb County, Texas","B16002_028",0,15
"5615","48295","Lipscomb County, Texas","B16002_029",0,15
"5616","48295","Lipscomb County, Texas","B16002_030",0,15
"5617","48295","Lipscomb County, Texas","B16002_031",0,15
"5618","48295","Lipscomb County, Texas","B16002_032",0,15
"5619","48295","Lipscomb County, Texas","B16002_033",0,15
"5620","48295","Lipscomb County, Texas","B16002_034",0,15
"5621","48295","Lipscomb County, Texas","B16002_035",0,15
"5622","48295","Lipscomb County, Texas","B16002_036",11,18
"5623","48295","Lipscomb County, Texas","B16002_037",11,18
"5624","48295","Lipscomb County, Texas","B16002_038",0,15
"5625","48297","Live Oak County, Texas","B16002_001",4358,218
"5626","48297","Live Oak County, Texas","B16002_002",3033,227
"5627","48297","Live Oak County, Texas","B16002_003",1213,190
"5628","48297","Live Oak County, Texas","B16002_004",190,96
"5629","48297","Live Oak County, Texas","B16002_005",1023,190
"5630","48297","Live Oak County, Texas","B16002_006",9,10
"5631","48297","Live Oak County, Texas","B16002_007",0,23
"5632","48297","Live Oak County, Texas","B16002_008",9,10
"5633","48297","Live Oak County, Texas","B16002_009",0,23
"5634","48297","Live Oak County, Texas","B16002_010",0,23
"5635","48297","Live Oak County, Texas","B16002_011",0,23
"5636","48297","Live Oak County, Texas","B16002_012",0,23
"5637","48297","Live Oak County, Texas","B16002_013",0,23
"5638","48297","Live Oak County, Texas","B16002_014",0,23
"5639","48297","Live Oak County, Texas","B16002_015",0,23
"5640","48297","Live Oak County, Texas","B16002_016",0,23
"5641","48297","Live Oak County, Texas","B16002_017",0,23
"5642","48297","Live Oak County, Texas","B16002_018",0,23
"5643","48297","Live Oak County, Texas","B16002_019",0,23
"5644","48297","Live Oak County, Texas","B16002_020",0,23
"5645","48297","Live Oak County, Texas","B16002_021",9,14
"5646","48297","Live Oak County, Texas","B16002_022",9,14
"5647","48297","Live Oak County, Texas","B16002_023",0,23
"5648","48297","Live Oak County, Texas","B16002_024",0,23
"5649","48297","Live Oak County, Texas","B16002_025",0,23
"5650","48297","Live Oak County, Texas","B16002_026",0,23
"5651","48297","Live Oak County, Texas","B16002_027",18,40
"5652","48297","Live Oak County, Texas","B16002_028",0,23
"5653","48297","Live Oak County, Texas","B16002_029",18,40
"5654","48297","Live Oak County, Texas","B16002_030",76,114
"5655","48297","Live Oak County, Texas","B16002_031",0,23
"5656","48297","Live Oak County, Texas","B16002_032",76,114
"5657","48297","Live Oak County, Texas","B16002_033",0,23
"5658","48297","Live Oak County, Texas","B16002_034",0,23
"5659","48297","Live Oak County, Texas","B16002_035",0,23
"5660","48297","Live Oak County, Texas","B16002_036",0,23
"5661","48297","Live Oak County, Texas","B16002_037",0,23
"5662","48297","Live Oak County, Texas","B16002_038",0,23
"5663","48299","Llano County, Texas","B16002_001",10765,426
"5664","48299","Llano County, Texas","B16002_002",9807,421
"5665","48299","Llano County, Texas","B16002_003",753,171
"5666","48299","Llano County, Texas","B16002_004",108,93
"5667","48299","Llano County, Texas","B16002_005",645,183
"5668","48299","Llano County, Texas","B16002_006",27,20
"5669","48299","Llano County, Texas","B16002_007",0,28
"5670","48299","Llano County, Texas","B16002_008",27,20
"5671","48299","Llano County, Texas","B16002_009",80,58
"5672","48299","Llano County, Texas","B16002_010",0,28
"5673","48299","Llano County, Texas","B16002_011",80,58
"5674","48299","Llano County, Texas","B16002_012",30,34
"5675","48299","Llano County, Texas","B16002_013",0,28
"5676","48299","Llano County, Texas","B16002_014",30,34
"5677","48299","Llano County, Texas","B16002_015",11,17
"5678","48299","Llano County, Texas","B16002_016",0,28
"5679","48299","Llano County, Texas","B16002_017",11,17
"5680","48299","Llano County, Texas","B16002_018",22,27
"5681","48299","Llano County, Texas","B16002_019",0,28
"5682","48299","Llano County, Texas","B16002_020",22,27
"5683","48299","Llano County, Texas","B16002_021",0,28
"5684","48299","Llano County, Texas","B16002_022",0,28
"5685","48299","Llano County, Texas","B16002_023",0,28
"5686","48299","Llano County, Texas","B16002_024",23,35
"5687","48299","Llano County, Texas","B16002_025",0,28
"5688","48299","Llano County, Texas","B16002_026",23,35
"5689","48299","Llano County, Texas","B16002_027",8,14
"5690","48299","Llano County, Texas","B16002_028",0,28
"5691","48299","Llano County, Texas","B16002_029",8,14
"5692","48299","Llano County, Texas","B16002_030",1,3
"5693","48299","Llano County, Texas","B16002_031",0,28
"5694","48299","Llano County, Texas","B16002_032",1,3
"5695","48299","Llano County, Texas","B16002_033",0,28
"5696","48299","Llano County, Texas","B16002_034",0,28
"5697","48299","Llano County, Texas","B16002_035",0,28
"5698","48299","Llano County, Texas","B16002_036",3,4
"5699","48299","Llano County, Texas","B16002_037",0,28
"5700","48299","Llano County, Texas","B16002_038",3,4
"5701","48301","Loving County, Texas","B16002_001",27,29
"5702","48301","Loving County, Texas","B16002_002",6,6
"5703","48301","Loving County, Texas","B16002_003",19,27
"5704","48301","Loving County, Texas","B16002_004",0,15
"5705","48301","Loving County, Texas","B16002_005",19,27
"5706","48301","Loving County, Texas","B16002_006",0,15
"5707","48301","Loving County, Texas","B16002_007",0,15
"5708","48301","Loving County, Texas","B16002_008",0,15
"5709","48301","Loving County, Texas","B16002_009",0,15
"5710","48301","Loving County, Texas","B16002_010",0,15
"5711","48301","Loving County, Texas","B16002_011",0,15
"5712","48301","Loving County, Texas","B16002_012",0,15
"5713","48301","Loving County, Texas","B16002_013",0,15
"5714","48301","Loving County, Texas","B16002_014",0,15
"5715","48301","Loving County, Texas","B16002_015",0,15
"5716","48301","Loving County, Texas","B16002_016",0,15
"5717","48301","Loving County, Texas","B16002_017",0,15
"5718","48301","Loving County, Texas","B16002_018",0,15
"5719","48301","Loving County, Texas","B16002_019",0,15
"5720","48301","Loving County, Texas","B16002_020",0,15
"5721","48301","Loving County, Texas","B16002_021",2,2
"5722","48301","Loving County, Texas","B16002_022",2,2
"5723","48301","Loving County, Texas","B16002_023",0,15
"5724","48301","Loving County, Texas","B16002_024",0,15
"5725","48301","Loving County, Texas","B16002_025",0,15
"5726","48301","Loving County, Texas","B16002_026",0,15
"5727","48301","Loving County, Texas","B16002_027",0,15
"5728","48301","Loving County, Texas","B16002_028",0,15
"5729","48301","Loving County, Texas","B16002_029",0,15
"5730","48301","Loving County, Texas","B16002_030",0,15
"5731","48301","Loving County, Texas","B16002_031",0,15
"5732","48301","Loving County, Texas","B16002_032",0,15
"5733","48301","Loving County, Texas","B16002_033",0,15
"5734","48301","Loving County, Texas","B16002_034",0,15
"5735","48301","Loving County, Texas","B16002_035",0,15
"5736","48301","Loving County, Texas","B16002_036",0,15
"5737","48301","Loving County, Texas","B16002_037",0,15
"5738","48301","Loving County, Texas","B16002_038",0,15
"5739","48303","Lubbock County, Texas","B16002_001",126225,983
"5740","48303","Lubbock County, Texas","B16002_002",92753,1287
"5741","48303","Lubbock County, Texas","B16002_003",28472,1063
"5742","48303","Lubbock County, Texas","B16002_004",2718,477
"5743","48303","Lubbock County, Texas","B16002_005",25754,1101
"5744","48303","Lubbock County, Texas","B16002_006",345,182
"5745","48303","Lubbock County, Texas","B16002_007",0,35
"5746","48303","Lubbock County, Texas","B16002_008",345,182
"5747","48303","Lubbock County, Texas","B16002_009",322,103
"5748","48303","Lubbock County, Texas","B16002_010",13,21
"5749","48303","Lubbock County, Texas","B16002_011",309,106
"5750","48303","Lubbock County, Texas","B16002_012",183,133
"5751","48303","Lubbock County, Texas","B16002_013",22,34
"5752","48303","Lubbock County, Texas","B16002_014",161,125
"5753","48303","Lubbock County, Texas","B16002_015",973,208
"5754","48303","Lubbock County, Texas","B16002_016",113,85
"5755","48303","Lubbock County, Texas","B16002_017",860,184
"5756","48303","Lubbock County, Texas","B16002_018",275,153
"5757","48303","Lubbock County, Texas","B16002_019",19,20
"5758","48303","Lubbock County, Texas","B16002_020",256,152
"5759","48303","Lubbock County, Texas","B16002_021",573,208
"5760","48303","Lubbock County, Texas","B16002_022",112,65
"5761","48303","Lubbock County, Texas","B16002_023",461,197
"5762","48303","Lubbock County, Texas","B16002_024",256,118
"5763","48303","Lubbock County, Texas","B16002_025",15,23
"5764","48303","Lubbock County, Texas","B16002_026",241,115
"5765","48303","Lubbock County, Texas","B16002_027",588,164
"5766","48303","Lubbock County, Texas","B16002_028",17,31
"5767","48303","Lubbock County, Texas","B16002_029",571,165
"5768","48303","Lubbock County, Texas","B16002_030",656,225
"5769","48303","Lubbock County, Texas","B16002_031",75,65
"5770","48303","Lubbock County, Texas","B16002_032",581,212
"5771","48303","Lubbock County, Texas","B16002_033",209,100
"5772","48303","Lubbock County, Texas","B16002_034",38,68
"5773","48303","Lubbock County, Texas","B16002_035",171,75
"5774","48303","Lubbock County, Texas","B16002_036",620,191
"5775","48303","Lubbock County, Texas","B16002_037",41,47
"5776","48303","Lubbock County, Texas","B16002_038",579,186
"5777","48305","Lynn County, Texas","B16002_001",2099,96
"5778","48305","Lynn County, Texas","B16002_002",1396,95
"5779","48305","Lynn County, Texas","B16002_003",666,98
"5780","48305","Lynn County, Texas","B16002_004",52,39
"5781","48305","Lynn County, Texas","B16002_005",614,99
"5782","48305","Lynn County, Texas","B16002_006",0,21
"5783","48305","Lynn County, Texas","B16002_007",0,21
"5784","48305","Lynn County, Texas","B16002_008",0,21
"5785","48305","Lynn County, Texas","B16002_009",16,13
"5786","48305","Lynn County, Texas","B16002_010",0,21
"5787","48305","Lynn County, Texas","B16002_011",16,13
"5788","48305","Lynn County, Texas","B16002_012",0,21
"5789","48305","Lynn County, Texas","B16002_013",0,21
"5790","48305","Lynn County, Texas","B16002_014",0,21
"5791","48305","Lynn County, Texas","B16002_015",0,21
"5792","48305","Lynn County, Texas","B16002_016",0,21
"5793","48305","Lynn County, Texas","B16002_017",0,21
"5794","48305","Lynn County, Texas","B16002_018",1,1
"5795","48305","Lynn County, Texas","B16002_019",1,1
"5796","48305","Lynn County, Texas","B16002_020",0,21
"5797","48305","Lynn County, Texas","B16002_021",0,21
"5798","48305","Lynn County, Texas","B16002_022",0,21
"5799","48305","Lynn County, Texas","B16002_023",0,21
"5800","48305","Lynn County, Texas","B16002_024",0,21
"5801","48305","Lynn County, Texas","B16002_025",0,21
"5802","48305","Lynn County, Texas","B16002_026",0,21
"5803","48305","Lynn County, Texas","B16002_027",13,17
"5804","48305","Lynn County, Texas","B16002_028",0,21
"5805","48305","Lynn County, Texas","B16002_029",13,17
"5806","48305","Lynn County, Texas","B16002_030",4,6
"5807","48305","Lynn County, Texas","B16002_031",0,21
"5808","48305","Lynn County, Texas","B16002_032",4,6
"5809","48305","Lynn County, Texas","B16002_033",0,21
"5810","48305","Lynn County, Texas","B16002_034",0,21
"5811","48305","Lynn County, Texas","B16002_035",0,21
"5812","48305","Lynn County, Texas","B16002_036",3,7
"5813","48305","Lynn County, Texas","B16002_037",0,21
"5814","48305","Lynn County, Texas","B16002_038",3,7
"5815","48307","McCulloch County, Texas","B16002_001",3297,205
"5816","48307","McCulloch County, Texas","B16002_002",2337,204
"5817","48307","McCulloch County, Texas","B16002_003",935,144
"5818","48307","McCulloch County, Texas","B16002_004",120,75
"5819","48307","McCulloch County, Texas","B16002_005",815,158
"5820","48307","McCulloch County, Texas","B16002_006",6,12
"5821","48307","McCulloch County, Texas","B16002_007",0,21
"5822","48307","McCulloch County, Texas","B16002_008",6,12
"5823","48307","McCulloch County, Texas","B16002_009",1,2
"5824","48307","McCulloch County, Texas","B16002_010",0,21
"5825","48307","McCulloch County, Texas","B16002_011",1,2
"5826","48307","McCulloch County, Texas","B16002_012",3,4
"5827","48307","McCulloch County, Texas","B16002_013",0,21
"5828","48307","McCulloch County, Texas","B16002_014",3,4
"5829","48307","McCulloch County, Texas","B16002_015",0,21
"5830","48307","McCulloch County, Texas","B16002_016",0,21
"5831","48307","McCulloch County, Texas","B16002_017",0,21
"5832","48307","McCulloch County, Texas","B16002_018",0,21
"5833","48307","McCulloch County, Texas","B16002_019",0,21
"5834","48307","McCulloch County, Texas","B16002_020",0,21
"5835","48307","McCulloch County, Texas","B16002_021",15,22
"5836","48307","McCulloch County, Texas","B16002_022",0,21
"5837","48307","McCulloch County, Texas","B16002_023",15,22
"5838","48307","McCulloch County, Texas","B16002_024",0,21
"5839","48307","McCulloch County, Texas","B16002_025",0,21
"5840","48307","McCulloch County, Texas","B16002_026",0,21
"5841","48307","McCulloch County, Texas","B16002_027",0,21
"5842","48307","McCulloch County, Texas","B16002_028",0,21
"5843","48307","McCulloch County, Texas","B16002_029",0,21
"5844","48307","McCulloch County, Texas","B16002_030",0,21
"5845","48307","McCulloch County, Texas","B16002_031",0,21
"5846","48307","McCulloch County, Texas","B16002_032",0,21
"5847","48307","McCulloch County, Texas","B16002_033",0,21
"5848","48307","McCulloch County, Texas","B16002_034",0,21
"5849","48307","McCulloch County, Texas","B16002_035",0,21
"5850","48307","McCulloch County, Texas","B16002_036",0,21
"5851","48307","McCulloch County, Texas","B16002_037",0,21
"5852","48307","McCulloch County, Texas","B16002_038",0,21
"5853","48309","McLennan County, Texas","B16002_001",97338,940
"5854","48309","McLennan County, Texas","B16002_002",76319,947
"5855","48309","McLennan County, Texas","B16002_003",17878,851
"5856","48309","McLennan County, Texas","B16002_004",5945,639
"5857","48309","McLennan County, Texas","B16002_005",11933,852
"5858","48309","McLennan County, Texas","B16002_006",196,120
"5859","48309","McLennan County, Texas","B16002_007",11,18
"5860","48309","McLennan County, Texas","B16002_008",185,118
"5861","48309","McLennan County, Texas","B16002_009",579,231
"5862","48309","McLennan County, Texas","B16002_010",0,35
"5863","48309","McLennan County, Texas","B16002_011",579,231
"5864","48309","McLennan County, Texas","B16002_012",176,100
"5865","48309","McLennan County, Texas","B16002_013",0,35
"5866","48309","McLennan County, Texas","B16002_014",176,100
"5867","48309","McLennan County, Texas","B16002_015",721,244
"5868","48309","McLennan County, Texas","B16002_016",76,72
"5869","48309","McLennan County, Texas","B16002_017",645,222
"5870","48309","McLennan County, Texas","B16002_018",147,85
"5871","48309","McLennan County, Texas","B16002_019",47,43
"5872","48309","McLennan County, Texas","B16002_020",100,70
"5873","48309","McLennan County, Texas","B16002_021",280,148
"5874","48309","McLennan County, Texas","B16002_022",33,37
"5875","48309","McLennan County, Texas","B16002_023",247,138
"5876","48309","McLennan County, Texas","B16002_024",257,114
"5877","48309","McLennan County, Texas","B16002_025",62,49
"5878","48309","McLennan County, Texas","B16002_026",195,109
"5879","48309","McLennan County, Texas","B16002_027",223,145
"5880","48309","McLennan County, Texas","B16002_028",23,34
"5881","48309","McLennan County, Texas","B16002_029",200,141
"5882","48309","McLennan County, Texas","B16002_030",180,78
"5883","48309","McLennan County, Texas","B16002_031",0,35
"5884","48309","McLennan County, Texas","B16002_032",180,78
"5885","48309","McLennan County, Texas","B16002_033",170,117
"5886","48309","McLennan County, Texas","B16002_034",0,35
"5887","48309","McLennan County, Texas","B16002_035",170,117
"5888","48309","McLennan County, Texas","B16002_036",212,131
"5889","48309","McLennan County, Texas","B16002_037",0,35
"5890","48309","McLennan County, Texas","B16002_038",212,131
"5891","48311","McMullen County, Texas","B16002_001",207,83
"5892","48311","McMullen County, Texas","B16002_002",120,56
"5893","48311","McMullen County, Texas","B16002_003",87,54
"5894","48311","McMullen County, Texas","B16002_004",0,15
"5895","48311","McMullen County, Texas","B16002_005",87,54
"5896","48311","McMullen County, Texas","B16002_006",0,15
"5897","48311","McMullen County, Texas","B16002_007",0,15
"5898","48311","McMullen County, Texas","B16002_008",0,15
"5899","48311","McMullen County, Texas","B16002_009",0,15
"5900","48311","McMullen County, Texas","B16002_010",0,15
"5901","48311","McMullen County, Texas","B16002_011",0,15
"5902","48311","McMullen County, Texas","B16002_012",0,15
"5903","48311","McMullen County, Texas","B16002_013",0,15
"5904","48311","McMullen County, Texas","B16002_014",0,15
"5905","48311","McMullen County, Texas","B16002_015",0,15
"5906","48311","McMullen County, Texas","B16002_016",0,15
"5907","48311","McMullen County, Texas","B16002_017",0,15
"5908","48311","McMullen County, Texas","B16002_018",0,15
"5909","48311","McMullen County, Texas","B16002_019",0,15
"5910","48311","McMullen County, Texas","B16002_020",0,15
"5911","48311","McMullen County, Texas","B16002_021",0,15
"5912","48311","McMullen County, Texas","B16002_022",0,15
"5913","48311","McMullen County, Texas","B16002_023",0,15
"5914","48311","McMullen County, Texas","B16002_024",0,15
"5915","48311","McMullen County, Texas","B16002_025",0,15
"5916","48311","McMullen County, Texas","B16002_026",0,15
"5917","48311","McMullen County, Texas","B16002_027",0,15
"5918","48311","McMullen County, Texas","B16002_028",0,15
"5919","48311","McMullen County, Texas","B16002_029",0,15
"5920","48311","McMullen County, Texas","B16002_030",0,15
"5921","48311","McMullen County, Texas","B16002_031",0,15
"5922","48311","McMullen County, Texas","B16002_032",0,15
"5923","48311","McMullen County, Texas","B16002_033",0,15
"5924","48311","McMullen County, Texas","B16002_034",0,15
"5925","48311","McMullen County, Texas","B16002_035",0,15
"5926","48311","McMullen County, Texas","B16002_036",0,15
"5927","48311","McMullen County, Texas","B16002_037",0,15
"5928","48311","McMullen County, Texas","B16002_038",0,15
"5929","48313","Madison County, Texas","B16002_001",4225,1021
"5930","48313","Madison County, Texas","B16002_002",3701,781
"5931","48313","Madison County, Texas","B16002_003",467,251
"5932","48313","Madison County, Texas","B16002_004",103,64
"5933","48313","Madison County, Texas","B16002_005",364,253
"5934","48313","Madison County, Texas","B16002_006",13,15
"5935","48313","Madison County, Texas","B16002_007",0,23
"5936","48313","Madison County, Texas","B16002_008",13,15
"5937","48313","Madison County, Texas","B16002_009",0,23
"5938","48313","Madison County, Texas","B16002_010",0,23
"5939","48313","Madison County, Texas","B16002_011",0,23
"5940","48313","Madison County, Texas","B16002_012",0,23
"5941","48313","Madison County, Texas","B16002_013",0,23
"5942","48313","Madison County, Texas","B16002_014",0,23
"5943","48313","Madison County, Texas","B16002_015",26,24
"5944","48313","Madison County, Texas","B16002_016",0,23
"5945","48313","Madison County, Texas","B16002_017",26,24
"5946","48313","Madison County, Texas","B16002_018",0,23
"5947","48313","Madison County, Texas","B16002_019",0,23
"5948","48313","Madison County, Texas","B16002_020",0,23
"5949","48313","Madison County, Texas","B16002_021",0,23
"5950","48313","Madison County, Texas","B16002_022",0,23
"5951","48313","Madison County, Texas","B16002_023",0,23
"5952","48313","Madison County, Texas","B16002_024",12,23
"5953","48313","Madison County, Texas","B16002_025",0,23
"5954","48313","Madison County, Texas","B16002_026",12,23
"5955","48313","Madison County, Texas","B16002_027",6,13
"5956","48313","Madison County, Texas","B16002_028",0,23
"5957","48313","Madison County, Texas","B16002_029",6,13
"5958","48313","Madison County, Texas","B16002_030",0,23
"5959","48313","Madison County, Texas","B16002_031",0,23
"5960","48313","Madison County, Texas","B16002_032",0,23
"5961","48313","Madison County, Texas","B16002_033",0,23
"5962","48313","Madison County, Texas","B16002_034",0,23
"5963","48313","Madison County, Texas","B16002_035",0,23
"5964","48313","Madison County, Texas","B16002_036",0,23
"5965","48313","Madison County, Texas","B16002_037",0,23
"5966","48313","Madison County, Texas","B16002_038",0,23
"5967","48315","Marion County, Texas","B16002_001",4207,228
"5968","48315","Marion County, Texas","B16002_002",4121,230
"5969","48315","Marion County, Texas","B16002_003",44,37
"5970","48315","Marion County, Texas","B16002_004",3,8
"5971","48315","Marion County, Texas","B16002_005",41,36
"5972","48315","Marion County, Texas","B16002_006",0,21
"5973","48315","Marion County, Texas","B16002_007",0,21
"5974","48315","Marion County, Texas","B16002_008",0,21
"5975","48315","Marion County, Texas","B16002_009",6,12
"5976","48315","Marion County, Texas","B16002_010",0,21
"5977","48315","Marion County, Texas","B16002_011",6,12
"5978","48315","Marion County, Texas","B16002_012",4,7
"5979","48315","Marion County, Texas","B16002_013",0,21
"5980","48315","Marion County, Texas","B16002_014",4,7
"5981","48315","Marion County, Texas","B16002_015",5,9
"5982","48315","Marion County, Texas","B16002_016",0,21
"5983","48315","Marion County, Texas","B16002_017",5,9
"5984","48315","Marion County, Texas","B16002_018",0,21
"5985","48315","Marion County, Texas","B16002_019",0,21
"5986","48315","Marion County, Texas","B16002_020",0,21
"5987","48315","Marion County, Texas","B16002_021",0,21
"5988","48315","Marion County, Texas","B16002_022",0,21
"5989","48315","Marion County, Texas","B16002_023",0,21
"5990","48315","Marion County, Texas","B16002_024",0,21
"5991","48315","Marion County, Texas","B16002_025",0,21
"5992","48315","Marion County, Texas","B16002_026",0,21
"5993","48315","Marion County, Texas","B16002_027",0,21
"5994","48315","Marion County, Texas","B16002_028",0,21
"5995","48315","Marion County, Texas","B16002_029",0,21
"5996","48315","Marion County, Texas","B16002_030",17,29
"5997","48315","Marion County, Texas","B16002_031",17,29
"5998","48315","Marion County, Texas","B16002_032",0,21
"5999","48315","Marion County, Texas","B16002_033",0,21
"6000","48315","Marion County, Texas","B16002_034",0,21
"6001","48315","Marion County, Texas","B16002_035",0,21
"6002","48315","Marion County, Texas","B16002_036",10,22
"6003","48315","Marion County, Texas","B16002_037",0,21
"6004","48315","Marion County, Texas","B16002_038",10,22
"6005","48317","Martin County, Texas","B16002_001",1973,98
"6006","48317","Martin County, Texas","B16002_002",1186,139
"6007","48317","Martin County, Texas","B16002_003",747,113
"6008","48317","Martin County, Texas","B16002_004",86,58
"6009","48317","Martin County, Texas","B16002_005",661,140
"6010","48317","Martin County, Texas","B16002_006",0,21
"6011","48317","Martin County, Texas","B16002_007",0,21
"6012","48317","Martin County, Texas","B16002_008",0,21
"6013","48317","Martin County, Texas","B16002_009",37,32
"6014","48317","Martin County, Texas","B16002_010",0,21
"6015","48317","Martin County, Texas","B16002_011",37,32
"6016","48317","Martin County, Texas","B16002_012",0,21
"6017","48317","Martin County, Texas","B16002_013",0,21
"6018","48317","Martin County, Texas","B16002_014",0,21
"6019","48317","Martin County, Texas","B16002_015",3,5
"6020","48317","Martin County, Texas","B16002_016",0,21
"6021","48317","Martin County, Texas","B16002_017",3,5
"6022","48317","Martin County, Texas","B16002_018",0,21
"6023","48317","Martin County, Texas","B16002_019",0,21
"6024","48317","Martin County, Texas","B16002_020",0,21
"6025","48317","Martin County, Texas","B16002_021",0,21
"6026","48317","Martin County, Texas","B16002_022",0,21
"6027","48317","Martin County, Texas","B16002_023",0,21
"6028","48317","Martin County, Texas","B16002_024",0,21
"6029","48317","Martin County, Texas","B16002_025",0,21
"6030","48317","Martin County, Texas","B16002_026",0,21
"6031","48317","Martin County, Texas","B16002_027",0,21
"6032","48317","Martin County, Texas","B16002_028",0,21
"6033","48317","Martin County, Texas","B16002_029",0,21
"6034","48317","Martin County, Texas","B16002_030",0,21
"6035","48317","Martin County, Texas","B16002_031",0,21
"6036","48317","Martin County, Texas","B16002_032",0,21
"6037","48317","Martin County, Texas","B16002_033",0,21
"6038","48317","Martin County, Texas","B16002_034",0,21
"6039","48317","Martin County, Texas","B16002_035",0,21
"6040","48317","Martin County, Texas","B16002_036",0,21
"6041","48317","Martin County, Texas","B16002_037",0,21
"6042","48317","Martin County, Texas","B16002_038",0,21
"6043","48319","Mason County, Texas","B16002_001",1711,125
"6044","48319","Mason County, Texas","B16002_002",1397,131
"6045","48319","Mason County, Texas","B16002_003",258,85
"6046","48319","Mason County, Texas","B16002_004",78,64
"6047","48319","Mason County, Texas","B16002_005",180,85
"6048","48319","Mason County, Texas","B16002_006",0,15
"6049","48319","Mason County, Texas","B16002_007",0,15
"6050","48319","Mason County, Texas","B16002_008",0,15
"6051","48319","Mason County, Texas","B16002_009",48,34
"6052","48319","Mason County, Texas","B16002_010",0,15
"6053","48319","Mason County, Texas","B16002_011",48,34
"6054","48319","Mason County, Texas","B16002_012",0,15
"6055","48319","Mason County, Texas","B16002_013",0,15
"6056","48319","Mason County, Texas","B16002_014",0,15
"6057","48319","Mason County, Texas","B16002_015",0,15
"6058","48319","Mason County, Texas","B16002_016",0,15
"6059","48319","Mason County, Texas","B16002_017",0,15
"6060","48319","Mason County, Texas","B16002_018",0,15
"6061","48319","Mason County, Texas","B16002_019",0,15
"6062","48319","Mason County, Texas","B16002_020",0,15
"6063","48319","Mason County, Texas","B16002_021",0,15
"6064","48319","Mason County, Texas","B16002_022",0,15
"6065","48319","Mason County, Texas","B16002_023",0,15
"6066","48319","Mason County, Texas","B16002_024",0,15
"6067","48319","Mason County, Texas","B16002_025",0,15
"6068","48319","Mason County, Texas","B16002_026",0,15
"6069","48319","Mason County, Texas","B16002_027",8,13
"6070","48319","Mason County, Texas","B16002_028",0,15
"6071","48319","Mason County, Texas","B16002_029",8,13
"6072","48319","Mason County, Texas","B16002_030",0,15
"6073","48319","Mason County, Texas","B16002_031",0,15
"6074","48319","Mason County, Texas","B16002_032",0,15
"6075","48319","Mason County, Texas","B16002_033",0,15
"6076","48319","Mason County, Texas","B16002_034",0,15
"6077","48319","Mason County, Texas","B16002_035",0,15
"6078","48319","Mason County, Texas","B16002_036",0,15
"6079","48319","Mason County, Texas","B16002_037",0,15
"6080","48319","Mason County, Texas","B16002_038",0,15
"6081","48321","Matagorda County, Texas","B16002_001",15439,437
"6082","48321","Matagorda County, Texas","B16002_002",10986,506
"6083","48321","Matagorda County, Texas","B16002_003",3961,411
"6084","48321","Matagorda County, Texas","B16002_004",585,194
"6085","48321","Matagorda County, Texas","B16002_005",3376,397
"6086","48321","Matagorda County, Texas","B16002_006",20,33
"6087","48321","Matagorda County, Texas","B16002_007",0,31
"6088","48321","Matagorda County, Texas","B16002_008",20,33
"6089","48321","Matagorda County, Texas","B16002_009",64,56
"6090","48321","Matagorda County, Texas","B16002_010",0,31
"6091","48321","Matagorda County, Texas","B16002_011",64,56
"6092","48321","Matagorda County, Texas","B16002_012",15,17
"6093","48321","Matagorda County, Texas","B16002_013",0,31
"6094","48321","Matagorda County, Texas","B16002_014",15,17
"6095","48321","Matagorda County, Texas","B16002_015",177,150
"6096","48321","Matagorda County, Texas","B16002_016",38,67
"6097","48321","Matagorda County, Texas","B16002_017",139,138
"6098","48321","Matagorda County, Texas","B16002_018",0,31
"6099","48321","Matagorda County, Texas","B16002_019",0,31
"6100","48321","Matagorda County, Texas","B16002_020",0,31
"6101","48321","Matagorda County, Texas","B16002_021",0,31
"6102","48321","Matagorda County, Texas","B16002_022",0,31
"6103","48321","Matagorda County, Texas","B16002_023",0,31
"6104","48321","Matagorda County, Texas","B16002_024",138,121
"6105","48321","Matagorda County, Texas","B16002_025",103,118
"6106","48321","Matagorda County, Texas","B16002_026",35,38
"6107","48321","Matagorda County, Texas","B16002_027",30,35
"6108","48321","Matagorda County, Texas","B16002_028",30,35
"6109","48321","Matagorda County, Texas","B16002_029",0,31
"6110","48321","Matagorda County, Texas","B16002_030",25,40
"6111","48321","Matagorda County, Texas","B16002_031",0,31
"6112","48321","Matagorda County, Texas","B16002_032",25,40
"6113","48321","Matagorda County, Texas","B16002_033",0,31
"6114","48321","Matagorda County, Texas","B16002_034",0,31
"6115","48321","Matagorda County, Texas","B16002_035",0,31
"6116","48321","Matagorda County, Texas","B16002_036",23,29
"6117","48321","Matagorda County, Texas","B16002_037",0,31
"6118","48321","Matagorda County, Texas","B16002_038",23,29
"6119","48323","Maverick County, Texas","B16002_001",18080,401
"6120","48323","Maverick County, Texas","B16002_002",1036,290
"6121","48323","Maverick County, Texas","B16002_003",16840,433
"6122","48323","Maverick County, Texas","B16002_004",4792,480
"6123","48323","Maverick County, Texas","B16002_005",12048,597
"6124","48323","Maverick County, Texas","B16002_006",0,35
"6125","48323","Maverick County, Texas","B16002_007",0,35
"6126","48323","Maverick County, Texas","B16002_008",0,35
"6127","48323","Maverick County, Texas","B16002_009",0,35
"6128","48323","Maverick County, Texas","B16002_010",0,35
"6129","48323","Maverick County, Texas","B16002_011",0,35
"6130","48323","Maverick County, Texas","B16002_012",0,35
"6131","48323","Maverick County, Texas","B16002_013",0,35
"6132","48323","Maverick County, Texas","B16002_014",0,35
"6133","48323","Maverick County, Texas","B16002_015",19,19
"6134","48323","Maverick County, Texas","B16002_016",0,35
"6135","48323","Maverick County, Texas","B16002_017",19,19
"6136","48323","Maverick County, Texas","B16002_018",70,89
"6137","48323","Maverick County, Texas","B16002_019",70,89
"6138","48323","Maverick County, Texas","B16002_020",0,35
"6139","48323","Maverick County, Texas","B16002_021",0,35
"6140","48323","Maverick County, Texas","B16002_022",0,35
"6141","48323","Maverick County, Texas","B16002_023",0,35
"6142","48323","Maverick County, Texas","B16002_024",2,5
"6143","48323","Maverick County, Texas","B16002_025",0,35
"6144","48323","Maverick County, Texas","B16002_026",2,5
"6145","48323","Maverick County, Texas","B16002_027",10,17
"6146","48323","Maverick County, Texas","B16002_028",0,35
"6147","48323","Maverick County, Texas","B16002_029",10,17
"6148","48323","Maverick County, Texas","B16002_030",0,35
"6149","48323","Maverick County, Texas","B16002_031",0,35
"6150","48323","Maverick County, Texas","B16002_032",0,35
"6151","48323","Maverick County, Texas","B16002_033",0,35
"6152","48323","Maverick County, Texas","B16002_034",0,35
"6153","48323","Maverick County, Texas","B16002_035",0,35
"6154","48323","Maverick County, Texas","B16002_036",103,63
"6155","48323","Maverick County, Texas","B16002_037",15,18
"6156","48323","Maverick County, Texas","B16002_038",88,56
"6157","48325","Medina County, Texas","B16002_001",17804,400
"6158","48325","Medina County, Texas","B16002_002",11113,498
"6159","48325","Medina County, Texas","B16002_003",6322,471
"6160","48325","Medina County, Texas","B16002_004",662,219
"6161","48325","Medina County, Texas","B16002_005",5660,423
"6162","48325","Medina County, Texas","B16002_006",29,34
"6163","48325","Medina County, Texas","B16002_007",0,35
"6164","48325","Medina County, Texas","B16002_008",29,34
"6165","48325","Medina County, Texas","B16002_009",132,92
"6166","48325","Medina County, Texas","B16002_010",0,35
"6167","48325","Medina County, Texas","B16002_011",132,92
"6168","48325","Medina County, Texas","B16002_012",0,35
"6169","48325","Medina County, Texas","B16002_013",0,35
"6170","48325","Medina County, Texas","B16002_014",0,35
"6171","48325","Medina County, Texas","B16002_015",49,58
"6172","48325","Medina County, Texas","B16002_016",0,35
"6173","48325","Medina County, Texas","B16002_017",49,58
"6174","48325","Medina County, Texas","B16002_018",3,5
"6175","48325","Medina County, Texas","B16002_019",0,35
"6176","48325","Medina County, Texas","B16002_020",3,5
"6177","48325","Medina County, Texas","B16002_021",0,35
"6178","48325","Medina County, Texas","B16002_022",0,35
"6179","48325","Medina County, Texas","B16002_023",0,35
"6180","48325","Medina County, Texas","B16002_024",0,35
"6181","48325","Medina County, Texas","B16002_025",0,35
"6182","48325","Medina County, Texas","B16002_026",0,35
"6183","48325","Medina County, Texas","B16002_027",62,51
"6184","48325","Medina County, Texas","B16002_028",0,35
"6185","48325","Medina County, Texas","B16002_029",62,51
"6186","48325","Medina County, Texas","B16002_030",41,51
"6187","48325","Medina County, Texas","B16002_031",0,35
"6188","48325","Medina County, Texas","B16002_032",41,51
"6189","48325","Medina County, Texas","B16002_033",0,35
"6190","48325","Medina County, Texas","B16002_034",0,35
"6191","48325","Medina County, Texas","B16002_035",0,35
"6192","48325","Medina County, Texas","B16002_036",53,56
"6193","48325","Medina County, Texas","B16002_037",0,35
"6194","48325","Medina County, Texas","B16002_038",53,56
"6195","48327","Menard County, Texas","B16002_001",942,149
"6196","48327","Menard County, Texas","B16002_002",657,137
"6197","48327","Menard County, Texas","B16002_003",285,109
"6198","48327","Menard County, Texas","B16002_004",75,61
"6199","48327","Menard County, Texas","B16002_005",210,96
"6200","48327","Menard County, Texas","B16002_006",0,15
"6201","48327","Menard County, Texas","B16002_007",0,15
"6202","48327","Menard County, Texas","B16002_008",0,15
"6203","48327","Menard County, Texas","B16002_009",0,15
"6204","48327","Menard County, Texas","B16002_010",0,15
"6205","48327","Menard County, Texas","B16002_011",0,15
"6206","48327","Menard County, Texas","B16002_012",0,15
"6207","48327","Menard County, Texas","B16002_013",0,15
"6208","48327","Menard County, Texas","B16002_014",0,15
"6209","48327","Menard County, Texas","B16002_015",0,15
"6210","48327","Menard County, Texas","B16002_016",0,15
"6211","48327","Menard County, Texas","B16002_017",0,15
"6212","48327","Menard County, Texas","B16002_018",0,15
"6213","48327","Menard County, Texas","B16002_019",0,15
"6214","48327","Menard County, Texas","B16002_020",0,15
"6215","48327","Menard County, Texas","B16002_021",0,15
"6216","48327","Menard County, Texas","B16002_022",0,15
"6217","48327","Menard County, Texas","B16002_023",0,15
"6218","48327","Menard County, Texas","B16002_024",0,15
"6219","48327","Menard County, Texas","B16002_025",0,15
"6220","48327","Menard County, Texas","B16002_026",0,15
"6221","48327","Menard County, Texas","B16002_027",0,15
"6222","48327","Menard County, Texas","B16002_028",0,15
"6223","48327","Menard County, Texas","B16002_029",0,15
"6224","48327","Menard County, Texas","B16002_030",0,15
"6225","48327","Menard County, Texas","B16002_031",0,15
"6226","48327","Menard County, Texas","B16002_032",0,15
"6227","48327","Menard County, Texas","B16002_033",0,15
"6228","48327","Menard County, Texas","B16002_034",0,15
"6229","48327","Menard County, Texas","B16002_035",0,15
"6230","48327","Menard County, Texas","B16002_036",0,15
"6231","48327","Menard County, Texas","B16002_037",0,15
"6232","48327","Menard County, Texas","B16002_038",0,15
"6233","48329","Midland County, Texas","B16002_001",67651,730
"6234","48329","Midland County, Texas","B16002_002",41978,1322
"6235","48329","Midland County, Texas","B16002_003",23235,1142
"6236","48329","Midland County, Texas","B16002_004",4047,608
"6237","48329","Midland County, Texas","B16002_005",19188,1143
"6238","48329","Midland County, Texas","B16002_006",78,68
"6239","48329","Midland County, Texas","B16002_007",0,35
"6240","48329","Midland County, Texas","B16002_008",78,68
"6241","48329","Midland County, Texas","B16002_009",119,70
"6242","48329","Midland County, Texas","B16002_010",9,14
"6243","48329","Midland County, Texas","B16002_011",110,69
"6244","48329","Midland County, Texas","B16002_012",19,27
"6245","48329","Midland County, Texas","B16002_013",0,35
"6246","48329","Midland County, Texas","B16002_014",19,27
"6247","48329","Midland County, Texas","B16002_015",184,113
"6248","48329","Midland County, Texas","B16002_016",5,9
"6249","48329","Midland County, Texas","B16002_017",179,113
"6250","48329","Midland County, Texas","B16002_018",97,92
"6251","48329","Midland County, Texas","B16002_019",45,73
"6252","48329","Midland County, Texas","B16002_020",52,51
"6253","48329","Midland County, Texas","B16002_021",188,141
"6254","48329","Midland County, Texas","B16002_022",94,105
"6255","48329","Midland County, Texas","B16002_023",94,89
"6256","48329","Midland County, Texas","B16002_024",156,107
"6257","48329","Midland County, Texas","B16002_025",59,76
"6258","48329","Midland County, Texas","B16002_026",97,100
"6259","48329","Midland County, Texas","B16002_027",224,128
"6260","48329","Midland County, Texas","B16002_028",0,35
"6261","48329","Midland County, Texas","B16002_029",224,128
"6262","48329","Midland County, Texas","B16002_030",492,162
"6263","48329","Midland County, Texas","B16002_031",137,105
"6264","48329","Midland County, Texas","B16002_032",355,164
"6265","48329","Midland County, Texas","B16002_033",321,307
"6266","48329","Midland County, Texas","B16002_034",76,119
"6267","48329","Midland County, Texas","B16002_035",245,289
"6268","48329","Midland County, Texas","B16002_036",560,305
"6269","48329","Midland County, Texas","B16002_037",220,246
"6270","48329","Midland County, Texas","B16002_038",340,194
"6271","48331","Milam County, Texas","B16002_001",10152,303
"6272","48331","Milam County, Texas","B16002_002",8053,347
"6273","48331","Milam County, Texas","B16002_003",1928,214
"6274","48331","Milam County, Texas","B16002_004",443,206
"6275","48331","Milam County, Texas","B16002_005",1485,251
"6276","48331","Milam County, Texas","B16002_006",0,28
"6277","48331","Milam County, Texas","B16002_007",0,28
"6278","48331","Milam County, Texas","B16002_008",0,28
"6279","48331","Milam County, Texas","B16002_009",18,23
"6280","48331","Milam County, Texas","B16002_010",0,28
"6281","48331","Milam County, Texas","B16002_011",18,23
"6282","48331","Milam County, Texas","B16002_012",35,38
"6283","48331","Milam County, Texas","B16002_013",4,6
"6284","48331","Milam County, Texas","B16002_014",31,37
"6285","48331","Milam County, Texas","B16002_015",0,28
"6286","48331","Milam County, Texas","B16002_016",0,28
"6287","48331","Milam County, Texas","B16002_017",0,28
"6288","48331","Milam County, Texas","B16002_018",80,85
"6289","48331","Milam County, Texas","B16002_019",0,28
"6290","48331","Milam County, Texas","B16002_020",80,85
"6291","48331","Milam County, Texas","B16002_021",0,28
"6292","48331","Milam County, Texas","B16002_022",0,28
"6293","48331","Milam County, Texas","B16002_023",0,28
"6294","48331","Milam County, Texas","B16002_024",24,39
"6295","48331","Milam County, Texas","B16002_025",0,28
"6296","48331","Milam County, Texas","B16002_026",24,39
"6297","48331","Milam County, Texas","B16002_027",14,23
"6298","48331","Milam County, Texas","B16002_028",0,28
"6299","48331","Milam County, Texas","B16002_029",14,23
"6300","48331","Milam County, Texas","B16002_030",0,28
"6301","48331","Milam County, Texas","B16002_031",0,28
"6302","48331","Milam County, Texas","B16002_032",0,28
"6303","48331","Milam County, Texas","B16002_033",0,28
"6304","48331","Milam County, Texas","B16002_034",0,28
"6305","48331","Milam County, Texas","B16002_035",0,28
"6306","48331","Milam County, Texas","B16002_036",0,28
"6307","48331","Milam County, Texas","B16002_037",0,28
"6308","48331","Milam County, Texas","B16002_038",0,28
"6309","48333","Mills County, Texas","B16002_001",1799,152
"6310","48333","Mills County, Texas","B16002_002",1414,181
"6311","48333","Mills County, Texas","B16002_003",335,96
"6312","48333","Mills County, Texas","B16002_004",18,23
"6313","48333","Mills County, Texas","B16002_005",317,94
"6314","48333","Mills County, Texas","B16002_006",11,15
"6315","48333","Mills County, Texas","B16002_007",0,15
"6316","48333","Mills County, Texas","B16002_008",11,15
"6317","48333","Mills County, Texas","B16002_009",32,22
"6318","48333","Mills County, Texas","B16002_010",0,15
"6319","48333","Mills County, Texas","B16002_011",32,22
"6320","48333","Mills County, Texas","B16002_012",0,15
"6321","48333","Mills County, Texas","B16002_013",0,15
"6322","48333","Mills County, Texas","B16002_014",0,15
"6323","48333","Mills County, Texas","B16002_015",1,3
"6324","48333","Mills County, Texas","B16002_016",0,15
"6325","48333","Mills County, Texas","B16002_017",1,3
"6326","48333","Mills County, Texas","B16002_018",0,15
"6327","48333","Mills County, Texas","B16002_019",0,15
"6328","48333","Mills County, Texas","B16002_020",0,15
"6329","48333","Mills County, Texas","B16002_021",0,15
"6330","48333","Mills County, Texas","B16002_022",0,15
"6331","48333","Mills County, Texas","B16002_023",0,15
"6332","48333","Mills County, Texas","B16002_024",0,15
"6333","48333","Mills County, Texas","B16002_025",0,15
"6334","48333","Mills County, Texas","B16002_026",0,15
"6335","48333","Mills County, Texas","B16002_027",5,8
"6336","48333","Mills County, Texas","B16002_028",0,15
"6337","48333","Mills County, Texas","B16002_029",5,8
"6338","48333","Mills County, Texas","B16002_030",1,2
"6339","48333","Mills County, Texas","B16002_031",0,15
"6340","48333","Mills County, Texas","B16002_032",1,2
"6341","48333","Mills County, Texas","B16002_033",0,15
"6342","48333","Mills County, Texas","B16002_034",0,15
"6343","48333","Mills County, Texas","B16002_035",0,15
"6344","48333","Mills County, Texas","B16002_036",0,15
"6345","48333","Mills County, Texas","B16002_037",0,15
"6346","48333","Mills County, Texas","B16002_038",0,15
"6347","48335","Mitchell County, Texas","B16002_001",2758,193
"6348","48335","Mitchell County, Texas","B16002_002",1934,176
"6349","48335","Mitchell County, Texas","B16002_003",795,157
"6350","48335","Mitchell County, Texas","B16002_004",77,48
"6351","48335","Mitchell County, Texas","B16002_005",718,144
"6352","48335","Mitchell County, Texas","B16002_006",0,21
"6353","48335","Mitchell County, Texas","B16002_007",0,21
"6354","48335","Mitchell County, Texas","B16002_008",0,21
"6355","48335","Mitchell County, Texas","B16002_009",0,21
"6356","48335","Mitchell County, Texas","B16002_010",0,21
"6357","48335","Mitchell County, Texas","B16002_011",0,21
"6358","48335","Mitchell County, Texas","B16002_012",6,11
"6359","48335","Mitchell County, Texas","B16002_013",0,21
"6360","48335","Mitchell County, Texas","B16002_014",6,11
"6361","48335","Mitchell County, Texas","B16002_015",0,21
"6362","48335","Mitchell County, Texas","B16002_016",0,21
"6363","48335","Mitchell County, Texas","B16002_017",0,21
"6364","48335","Mitchell County, Texas","B16002_018",0,21
"6365","48335","Mitchell County, Texas","B16002_019",0,21
"6366","48335","Mitchell County, Texas","B16002_020",0,21
"6367","48335","Mitchell County, Texas","B16002_021",0,21
"6368","48335","Mitchell County, Texas","B16002_022",0,21
"6369","48335","Mitchell County, Texas","B16002_023",0,21
"6370","48335","Mitchell County, Texas","B16002_024",0,21
"6371","48335","Mitchell County, Texas","B16002_025",0,21
"6372","48335","Mitchell County, Texas","B16002_026",0,21
"6373","48335","Mitchell County, Texas","B16002_027",23,30
"6374","48335","Mitchell County, Texas","B16002_028",0,21
"6375","48335","Mitchell County, Texas","B16002_029",23,30
"6376","48335","Mitchell County, Texas","B16002_030",0,21
"6377","48335","Mitchell County, Texas","B16002_031",0,21
"6378","48335","Mitchell County, Texas","B16002_032",0,21
"6379","48335","Mitchell County, Texas","B16002_033",0,21
"6380","48335","Mitchell County, Texas","B16002_034",0,21
"6381","48335","Mitchell County, Texas","B16002_035",0,21
"6382","48335","Mitchell County, Texas","B16002_036",0,21
"6383","48335","Mitchell County, Texas","B16002_037",0,21
"6384","48335","Mitchell County, Texas","B16002_038",0,21
"6385","48337","Montague County, Texas","B16002_001",8538,263
"6386","48337","Montague County, Texas","B16002_002",7690,258
"6387","48337","Montague County, Texas","B16002_003",758,133
"6388","48337","Montague County, Texas","B16002_004",55,62
"6389","48337","Montague County, Texas","B16002_005",703,138
"6390","48337","Montague County, Texas","B16002_006",0,28
"6391","48337","Montague County, Texas","B16002_007",0,28
"6392","48337","Montague County, Texas","B16002_008",0,28
"6393","48337","Montague County, Texas","B16002_009",34,27
"6394","48337","Montague County, Texas","B16002_010",9,13
"6395","48337","Montague County, Texas","B16002_011",25,28
"6396","48337","Montague County, Texas","B16002_012",15,24
"6397","48337","Montague County, Texas","B16002_013",0,28
"6398","48337","Montague County, Texas","B16002_014",15,24
"6399","48337","Montague County, Texas","B16002_015",36,36
"6400","48337","Montague County, Texas","B16002_016",0,28
"6401","48337","Montague County, Texas","B16002_017",36,36
"6402","48337","Montague County, Texas","B16002_018",0,28
"6403","48337","Montague County, Texas","B16002_019",0,28
"6404","48337","Montague County, Texas","B16002_020",0,28
"6405","48337","Montague County, Texas","B16002_021",0,28
"6406","48337","Montague County, Texas","B16002_022",0,28
"6407","48337","Montague County, Texas","B16002_023",0,28
"6408","48337","Montague County, Texas","B16002_024",0,28
"6409","48337","Montague County, Texas","B16002_025",0,28
"6410","48337","Montague County, Texas","B16002_026",0,28
"6411","48337","Montague County, Texas","B16002_027",0,28
"6412","48337","Montague County, Texas","B16002_028",0,28
"6413","48337","Montague County, Texas","B16002_029",0,28
"6414","48337","Montague County, Texas","B16002_030",5,9
"6415","48337","Montague County, Texas","B16002_031",0,28
"6416","48337","Montague County, Texas","B16002_032",5,9
"6417","48337","Montague County, Texas","B16002_033",0,28
"6418","48337","Montague County, Texas","B16002_034",0,28
"6419","48337","Montague County, Texas","B16002_035",0,28
"6420","48337","Montague County, Texas","B16002_036",0,28
"6421","48337","Montague County, Texas","B16002_037",0,28
"6422","48337","Montague County, Texas","B16002_038",0,28
"6423","48339","Montgomery County, Texas","B16002_001",247541,1559
"6424","48339","Montgomery County, Texas","B16002_002",179936,2044
"6425","48339","Montgomery County, Texas","B16002_003",50764,1577
"6426","48339","Montgomery County, Texas","B16002_004",7205,928
"6427","48339","Montgomery County, Texas","B16002_005",43559,1648
"6428","48339","Montgomery County, Texas","B16002_006",1454,576
"6429","48339","Montgomery County, Texas","B16002_007",58,94
"6430","48339","Montgomery County, Texas","B16002_008",1396,567
"6431","48339","Montgomery County, Texas","B16002_009",1334,334
"6432","48339","Montgomery County, Texas","B16002_010",46,58
"6433","48339","Montgomery County, Texas","B16002_011",1288,334
"6434","48339","Montgomery County, Texas","B16002_012",1487,419
"6435","48339","Montgomery County, Texas","B16002_013",128,106
"6436","48339","Montgomery County, Texas","B16002_014",1359,408
"6437","48339","Montgomery County, Texas","B16002_015",4234,554
"6438","48339","Montgomery County, Texas","B16002_016",426,184
"6439","48339","Montgomery County, Texas","B16002_017",3808,529
"6440","48339","Montgomery County, Texas","B16002_018",369,147
"6441","48339","Montgomery County, Texas","B16002_019",88,88
"6442","48339","Montgomery County, Texas","B16002_020",281,146
"6443","48339","Montgomery County, Texas","B16002_021",1318,256
"6444","48339","Montgomery County, Texas","B16002_022",189,114
"6445","48339","Montgomery County, Texas","B16002_023",1129,280
"6446","48339","Montgomery County, Texas","B16002_024",758,217
"6447","48339","Montgomery County, Texas","B16002_025",234,106
"6448","48339","Montgomery County, Texas","B16002_026",524,191
"6449","48339","Montgomery County, Texas","B16002_027",1164,215
"6450","48339","Montgomery County, Texas","B16002_028",50,46
"6451","48339","Montgomery County, Texas","B16002_029",1114,206
"6452","48339","Montgomery County, Texas","B16002_030",2352,458
"6453","48339","Montgomery County, Texas","B16002_031",274,134
"6454","48339","Montgomery County, Texas","B16002_032",2078,428
"6455","48339","Montgomery County, Texas","B16002_033",669,262
"6456","48339","Montgomery County, Texas","B16002_034",26,44
"6457","48339","Montgomery County, Texas","B16002_035",643,264
"6458","48339","Montgomery County, Texas","B16002_036",1702,467
"6459","48339","Montgomery County, Texas","B16002_037",171,115
"6460","48339","Montgomery County, Texas","B16002_038",1531,435
"6461","48341","Moore County, Texas","B16002_001",7157,272
"6462","48341","Moore County, Texas","B16002_002",3104,292
"6463","48341","Moore County, Texas","B16002_003",3462,281
"6464","48341","Moore County, Texas","B16002_004",995,201
"6465","48341","Moore County, Texas","B16002_005",2467,302
"6466","48341","Moore County, Texas","B16002_006",78,101
"6467","48341","Moore County, Texas","B16002_007",78,101
"6468","48341","Moore County, Texas","B16002_008",0,28
"6469","48341","Moore County, Texas","B16002_009",50,35
"6470","48341","Moore County, Texas","B16002_010",0,28
"6471","48341","Moore County, Texas","B16002_011",50,35
"6472","48341","Moore County, Texas","B16002_012",0,28
"6473","48341","Moore County, Texas","B16002_013",0,28
"6474","48341","Moore County, Texas","B16002_014",0,28
"6475","48341","Moore County, Texas","B16002_015",0,28
"6476","48341","Moore County, Texas","B16002_016",0,28
"6477","48341","Moore County, Texas","B16002_017",0,28
"6478","48341","Moore County, Texas","B16002_018",0,28
"6479","48341","Moore County, Texas","B16002_019",0,28
"6480","48341","Moore County, Texas","B16002_020",0,28
"6481","48341","Moore County, Texas","B16002_021",78,86
"6482","48341","Moore County, Texas","B16002_022",0,28
"6483","48341","Moore County, Texas","B16002_023",78,86
"6484","48341","Moore County, Texas","B16002_024",0,28
"6485","48341","Moore County, Texas","B16002_025",0,28
"6486","48341","Moore County, Texas","B16002_026",0,28
"6487","48341","Moore County, Texas","B16002_027",0,28
"6488","48341","Moore County, Texas","B16002_028",0,28
"6489","48341","Moore County, Texas","B16002_029",0,28
"6490","48341","Moore County, Texas","B16002_030",31,51
"6491","48341","Moore County, Texas","B16002_031",13,18
"6492","48341","Moore County, Texas","B16002_032",18,48
"6493","48341","Moore County, Texas","B16002_033",2,19
"6494","48341","Moore County, Texas","B16002_034",2,19
"6495","48341","Moore County, Texas","B16002_035",0,28
"6496","48341","Moore County, Texas","B16002_036",352,119
"6497","48341","Moore County, Texas","B16002_037",223,121
"6498","48341","Moore County, Texas","B16002_038",129,76
"6499","48343","Morris County, Texas","B16002_001",4895,218
"6500","48343","Morris County, Texas","B16002_002",4428,213
"6501","48343","Morris County, Texas","B16002_003",323,62
"6502","48343","Morris County, Texas","B16002_004",31,31
"6503","48343","Morris County, Texas","B16002_005",292,60
"6504","48343","Morris County, Texas","B16002_006",18,24
"6505","48343","Morris County, Texas","B16002_007",18,24
"6506","48343","Morris County, Texas","B16002_008",0,23
"6507","48343","Morris County, Texas","B16002_009",14,19
"6508","48343","Morris County, Texas","B16002_010",0,23
"6509","48343","Morris County, Texas","B16002_011",14,19
"6510","48343","Morris County, Texas","B16002_012",34,53
"6511","48343","Morris County, Texas","B16002_013",0,23
"6512","48343","Morris County, Texas","B16002_014",34,53
"6513","48343","Morris County, Texas","B16002_015",0,23
"6514","48343","Morris County, Texas","B16002_016",0,23
"6515","48343","Morris County, Texas","B16002_017",0,23
"6516","48343","Morris County, Texas","B16002_018",0,23
"6517","48343","Morris County, Texas","B16002_019",0,23
"6518","48343","Morris County, Texas","B16002_020",0,23
"6519","48343","Morris County, Texas","B16002_021",0,23
"6520","48343","Morris County, Texas","B16002_022",0,23
"6521","48343","Morris County, Texas","B16002_023",0,23
"6522","48343","Morris County, Texas","B16002_024",30,16
"6523","48343","Morris County, Texas","B16002_025",0,23
"6524","48343","Morris County, Texas","B16002_026",30,16
"6525","48343","Morris County, Texas","B16002_027",0,23
"6526","48343","Morris County, Texas","B16002_028",0,23
"6527","48343","Morris County, Texas","B16002_029",0,23
"6528","48343","Morris County, Texas","B16002_030",3,14
"6529","48343","Morris County, Texas","B16002_031",0,23
"6530","48343","Morris County, Texas","B16002_032",3,14
"6531","48343","Morris County, Texas","B16002_033",0,23
"6532","48343","Morris County, Texas","B16002_034",0,23
"6533","48343","Morris County, Texas","B16002_035",0,23
"6534","48343","Morris County, Texas","B16002_036",45,70
"6535","48343","Morris County, Texas","B16002_037",0,23
"6536","48343","Morris County, Texas","B16002_038",45,70
"6537","48345","Motley County, Texas","B16002_001",460,69
"6538","48345","Motley County, Texas","B16002_002",418,68
"6539","48345","Motley County, Texas","B16002_003",40,27
"6540","48345","Motley County, Texas","B16002_004",13,19
"6541","48345","Motley County, Texas","B16002_005",27,19
"6542","48345","Motley County, Texas","B16002_006",0,15
"6543","48345","Motley County, Texas","B16002_007",0,15
"6544","48345","Motley County, Texas","B16002_008",0,15
"6545","48345","Motley County, Texas","B16002_009",0,15
"6546","48345","Motley County, Texas","B16002_010",0,15
"6547","48345","Motley County, Texas","B16002_011",0,15
"6548","48345","Motley County, Texas","B16002_012",0,15
"6549","48345","Motley County, Texas","B16002_013",0,15
"6550","48345","Motley County, Texas","B16002_014",0,15
"6551","48345","Motley County, Texas","B16002_015",0,15
"6552","48345","Motley County, Texas","B16002_016",0,15
"6553","48345","Motley County, Texas","B16002_017",0,15
"6554","48345","Motley County, Texas","B16002_018",0,15
"6555","48345","Motley County, Texas","B16002_019",0,15
"6556","48345","Motley County, Texas","B16002_020",0,15
"6557","48345","Motley County, Texas","B16002_021",0,15
"6558","48345","Motley County, Texas","B16002_022",0,15
"6559","48345","Motley County, Texas","B16002_023",0,15
"6560","48345","Motley County, Texas","B16002_024",0,15
"6561","48345","Motley County, Texas","B16002_025",0,15
"6562","48345","Motley County, Texas","B16002_026",0,15
"6563","48345","Motley County, Texas","B16002_027",0,15
"6564","48345","Motley County, Texas","B16002_028",0,15
"6565","48345","Motley County, Texas","B16002_029",0,15
"6566","48345","Motley County, Texas","B16002_030",0,15
"6567","48345","Motley County, Texas","B16002_031",0,15
"6568","48345","Motley County, Texas","B16002_032",0,15
"6569","48345","Motley County, Texas","B16002_033",0,15
"6570","48345","Motley County, Texas","B16002_034",0,15
"6571","48345","Motley County, Texas","B16002_035",0,15
"6572","48345","Motley County, Texas","B16002_036",2,3
"6573","48345","Motley County, Texas","B16002_037",0,15
"6574","48345","Motley County, Texas","B16002_038",2,3
"6575","48347","Nacogdoches County, Texas","B16002_001",25302,440
"6576","48347","Nacogdoches County, Texas","B16002_002",21310,575
"6577","48347","Nacogdoches County, Texas","B16002_003",3599,354
"6578","48347","Nacogdoches County, Texas","B16002_004",613,217
"6579","48347","Nacogdoches County, Texas","B16002_005",2986,361
"6580","48347","Nacogdoches County, Texas","B16002_006",0,35
"6581","48347","Nacogdoches County, Texas","B16002_007",0,35
"6582","48347","Nacogdoches County, Texas","B16002_008",0,35
"6583","48347","Nacogdoches County, Texas","B16002_009",57,46
"6584","48347","Nacogdoches County, Texas","B16002_010",0,35
"6585","48347","Nacogdoches County, Texas","B16002_011",57,46
"6586","48347","Nacogdoches County, Texas","B16002_012",86,137
"6587","48347","Nacogdoches County, Texas","B16002_013",0,35
"6588","48347","Nacogdoches County, Texas","B16002_014",86,137
"6589","48347","Nacogdoches County, Texas","B16002_015",56,47
"6590","48347","Nacogdoches County, Texas","B16002_016",0,35
"6591","48347","Nacogdoches County, Texas","B16002_017",56,47
"6592","48347","Nacogdoches County, Texas","B16002_018",13,19
"6593","48347","Nacogdoches County, Texas","B16002_019",12,19
"6594","48347","Nacogdoches County, Texas","B16002_020",1,3
"6595","48347","Nacogdoches County, Texas","B16002_021",27,45
"6596","48347","Nacogdoches County, Texas","B16002_022",0,35
"6597","48347","Nacogdoches County, Texas","B16002_023",27,45
"6598","48347","Nacogdoches County, Texas","B16002_024",59,46
"6599","48347","Nacogdoches County, Texas","B16002_025",30,39
"6600","48347","Nacogdoches County, Texas","B16002_026",29,33
"6601","48347","Nacogdoches County, Texas","B16002_027",54,49
"6602","48347","Nacogdoches County, Texas","B16002_028",0,35
"6603","48347","Nacogdoches County, Texas","B16002_029",54,49
"6604","48347","Nacogdoches County, Texas","B16002_030",11,17
"6605","48347","Nacogdoches County, Texas","B16002_031",0,35
"6606","48347","Nacogdoches County, Texas","B16002_032",11,17
"6607","48347","Nacogdoches County, Texas","B16002_033",30,53
"6608","48347","Nacogdoches County, Texas","B16002_034",0,35
"6609","48347","Nacogdoches County, Texas","B16002_035",30,53
"6610","48347","Nacogdoches County, Texas","B16002_036",0,35
"6611","48347","Nacogdoches County, Texas","B16002_037",0,35
"6612","48347","Nacogdoches County, Texas","B16002_038",0,35
"6613","48349","Navarro County, Texas","B16002_001",19044,435
"6614","48349","Navarro County, Texas","B16002_002",14532,489
"6615","48349","Navarro County, Texas","B16002_003",4171,272
"6616","48349","Navarro County, Texas","B16002_004",713,197
"6617","48349","Navarro County, Texas","B16002_005",3458,258
"6618","48349","Navarro County, Texas","B16002_006",38,33
"6619","48349","Navarro County, Texas","B16002_007",0,35
"6620","48349","Navarro County, Texas","B16002_008",38,33
"6621","48349","Navarro County, Texas","B16002_009",59,39
"6622","48349","Navarro County, Texas","B16002_010",0,35
"6623","48349","Navarro County, Texas","B16002_011",59,39
"6624","48349","Navarro County, Texas","B16002_012",19,24
"6625","48349","Navarro County, Texas","B16002_013",0,35
"6626","48349","Navarro County, Texas","B16002_014",19,24
"6627","48349","Navarro County, Texas","B16002_015",26,33
"6628","48349","Navarro County, Texas","B16002_016",0,35
"6629","48349","Navarro County, Texas","B16002_017",26,33
"6630","48349","Navarro County, Texas","B16002_018",0,35
"6631","48349","Navarro County, Texas","B16002_019",0,35
"6632","48349","Navarro County, Texas","B16002_020",0,35
"6633","48349","Navarro County, Texas","B16002_021",0,35
"6634","48349","Navarro County, Texas","B16002_022",0,35
"6635","48349","Navarro County, Texas","B16002_023",0,35
"6636","48349","Navarro County, Texas","B16002_024",31,29
"6637","48349","Navarro County, Texas","B16002_025",0,35
"6638","48349","Navarro County, Texas","B16002_026",31,29
"6639","48349","Navarro County, Texas","B16002_027",19,23
"6640","48349","Navarro County, Texas","B16002_028",0,35
"6641","48349","Navarro County, Texas","B16002_029",19,23
"6642","48349","Navarro County, Texas","B16002_030",125,67
"6643","48349","Navarro County, Texas","B16002_031",0,35
"6644","48349","Navarro County, Texas","B16002_032",125,67
"6645","48349","Navarro County, Texas","B16002_033",7,14
"6646","48349","Navarro County, Texas","B16002_034",0,35
"6647","48349","Navarro County, Texas","B16002_035",7,14
"6648","48349","Navarro County, Texas","B16002_036",17,24
"6649","48349","Navarro County, Texas","B16002_037",0,35
"6650","48349","Navarro County, Texas","B16002_038",17,24
"6651","48351","Newton County, Texas","B16002_001",4841,245
"6652","48351","Newton County, Texas","B16002_002",4575,242
"6653","48351","Newton County, Texas","B16002_003",147,94
"6654","48351","Newton County, Texas","B16002_004",14,26
"6655","48351","Newton County, Texas","B16002_005",133,90
"6656","48351","Newton County, Texas","B16002_006",48,68
"6657","48351","Newton County, Texas","B16002_007",0,23
"6658","48351","Newton County, Texas","B16002_008",48,68
"6659","48351","Newton County, Texas","B16002_009",11,21
"6660","48351","Newton County, Texas","B16002_010",0,23
"6661","48351","Newton County, Texas","B16002_011",11,21
"6662","48351","Newton County, Texas","B16002_012",0,23
"6663","48351","Newton County, Texas","B16002_013",0,23
"6664","48351","Newton County, Texas","B16002_014",0,23
"6665","48351","Newton County, Texas","B16002_015",0,23
"6666","48351","Newton County, Texas","B16002_016",0,23
"6667","48351","Newton County, Texas","B16002_017",0,23
"6668","48351","Newton County, Texas","B16002_018",0,23
"6669","48351","Newton County, Texas","B16002_019",0,23
"6670","48351","Newton County, Texas","B16002_020",0,23
"6671","48351","Newton County, Texas","B16002_021",36,54
"6672","48351","Newton County, Texas","B16002_022",0,23
"6673","48351","Newton County, Texas","B16002_023",36,54
"6674","48351","Newton County, Texas","B16002_024",0,23
"6675","48351","Newton County, Texas","B16002_025",0,23
"6676","48351","Newton County, Texas","B16002_026",0,23
"6677","48351","Newton County, Texas","B16002_027",0,23
"6678","48351","Newton County, Texas","B16002_028",0,23
"6679","48351","Newton County, Texas","B16002_029",0,23
"6680","48351","Newton County, Texas","B16002_030",24,29
"6681","48351","Newton County, Texas","B16002_031",0,23
"6682","48351","Newton County, Texas","B16002_032",24,29
"6683","48351","Newton County, Texas","B16002_033",0,23
"6684","48351","Newton County, Texas","B16002_034",0,23
"6685","48351","Newton County, Texas","B16002_035",0,23
"6686","48351","Newton County, Texas","B16002_036",0,23
"6687","48351","Newton County, Texas","B16002_037",0,23
"6688","48351","Newton County, Texas","B16002_038",0,23
"6689","48353","Nolan County, Texas","B16002_001",5886,219
"6690","48353","Nolan County, Texas","B16002_002",4277,250
"6691","48353","Nolan County, Texas","B16002_003",1504,160
"6692","48353","Nolan County, Texas","B16002_004",169,100
"6693","48353","Nolan County, Texas","B16002_005",1335,181
"6694","48353","Nolan County, Texas","B16002_006",23,30
"6695","48353","Nolan County, Texas","B16002_007",0,23
"6696","48353","Nolan County, Texas","B16002_008",23,30
"6697","48353","Nolan County, Texas","B16002_009",10,16
"6698","48353","Nolan County, Texas","B16002_010",0,23
"6699","48353","Nolan County, Texas","B16002_011",10,16
"6700","48353","Nolan County, Texas","B16002_012",0,23
"6701","48353","Nolan County, Texas","B16002_013",0,23
"6702","48353","Nolan County, Texas","B16002_014",0,23
"6703","48353","Nolan County, Texas","B16002_015",65,64
"6704","48353","Nolan County, Texas","B16002_016",19,33
"6705","48353","Nolan County, Texas","B16002_017",46,56
"6706","48353","Nolan County, Texas","B16002_018",0,23
"6707","48353","Nolan County, Texas","B16002_019",0,23
"6708","48353","Nolan County, Texas","B16002_020",0,23
"6709","48353","Nolan County, Texas","B16002_021",0,23
"6710","48353","Nolan County, Texas","B16002_022",0,23
"6711","48353","Nolan County, Texas","B16002_023",0,23
"6712","48353","Nolan County, Texas","B16002_024",0,23
"6713","48353","Nolan County, Texas","B16002_025",0,23
"6714","48353","Nolan County, Texas","B16002_026",0,23
"6715","48353","Nolan County, Texas","B16002_027",0,23
"6716","48353","Nolan County, Texas","B16002_028",0,23
"6717","48353","Nolan County, Texas","B16002_029",0,23
"6718","48353","Nolan County, Texas","B16002_030",7,11
"6719","48353","Nolan County, Texas","B16002_031",7,11
"6720","48353","Nolan County, Texas","B16002_032",0,23
"6721","48353","Nolan County, Texas","B16002_033",0,23
"6722","48353","Nolan County, Texas","B16002_034",0,23
"6723","48353","Nolan County, Texas","B16002_035",0,23
"6724","48353","Nolan County, Texas","B16002_036",0,23
"6725","48353","Nolan County, Texas","B16002_037",0,23
"6726","48353","Nolan County, Texas","B16002_038",0,23
"6727","48355","Nueces County, Texas","B16002_001",131160,1287
"6728","48355","Nueces County, Texas","B16002_002",71972,1487
"6729","48355","Nueces County, Texas","B16002_003",54569,1345
"6730","48355","Nueces County, Texas","B16002_004",4821,583
"6731","48355","Nueces County, Texas","B16002_005",49748,1337
"6732","48355","Nueces County, Texas","B16002_006",260,102
"6733","48355","Nueces County, Texas","B16002_007",35,38
"6734","48355","Nueces County, Texas","B16002_008",225,95
"6735","48355","Nueces County, Texas","B16002_009",324,139
"6736","48355","Nueces County, Texas","B16002_010",19,29
"6737","48355","Nueces County, Texas","B16002_011",305,141
"6738","48355","Nueces County, Texas","B16002_012",291,166
"6739","48355","Nueces County, Texas","B16002_013",62,62
"6740","48355","Nueces County, Texas","B16002_014",229,156
"6741","48355","Nueces County, Texas","B16002_015",782,249
"6742","48355","Nueces County, Texas","B16002_016",70,69
"6743","48355","Nueces County, Texas","B16002_017",712,236
"6744","48355","Nueces County, Texas","B16002_018",248,118
"6745","48355","Nueces County, Texas","B16002_019",84,70
"6746","48355","Nueces County, Texas","B16002_020",164,93
"6747","48355","Nueces County, Texas","B16002_021",618,238
"6748","48355","Nueces County, Texas","B16002_022",98,83
"6749","48355","Nueces County, Texas","B16002_023",520,227
"6750","48355","Nueces County, Texas","B16002_024",332,141
"6751","48355","Nueces County, Texas","B16002_025",109,72
"6752","48355","Nueces County, Texas","B16002_026",223,117
"6753","48355","Nueces County, Texas","B16002_027",1213,358
"6754","48355","Nueces County, Texas","B16002_028",78,63
"6755","48355","Nueces County, Texas","B16002_029",1135,337
"6756","48355","Nueces County, Texas","B16002_030",354,134
"6757","48355","Nueces County, Texas","B16002_031",68,79
"6758","48355","Nueces County, Texas","B16002_032",286,115
"6759","48355","Nueces County, Texas","B16002_033",45,41
"6760","48355","Nueces County, Texas","B16002_034",0,35
"6761","48355","Nueces County, Texas","B16002_035",45,41
"6762","48355","Nueces County, Texas","B16002_036",152,113
"6763","48355","Nueces County, Texas","B16002_037",63,78
"6764","48355","Nueces County, Texas","B16002_038",89,78
"6765","48357","Ochiltree County, Texas","B16002_001",3680,214
"6766","48357","Ochiltree County, Texas","B16002_002",1985,166
"6767","48357","Ochiltree County, Texas","B16002_003",1640,176
"6768","48357","Ochiltree County, Texas","B16002_004",337,139
"6769","48357","Ochiltree County, Texas","B16002_005",1303,186
"6770","48357","Ochiltree County, Texas","B16002_006",0,21
"6771","48357","Ochiltree County, Texas","B16002_007",0,21
"6772","48357","Ochiltree County, Texas","B16002_008",0,21
"6773","48357","Ochiltree County, Texas","B16002_009",0,21
"6774","48357","Ochiltree County, Texas","B16002_010",0,21
"6775","48357","Ochiltree County, Texas","B16002_011",0,21
"6776","48357","Ochiltree County, Texas","B16002_012",0,21
"6777","48357","Ochiltree County, Texas","B16002_013",0,21
"6778","48357","Ochiltree County, Texas","B16002_014",0,21
"6779","48357","Ochiltree County, Texas","B16002_015",24,30
"6780","48357","Ochiltree County, Texas","B16002_016",0,21
"6781","48357","Ochiltree County, Texas","B16002_017",24,30
"6782","48357","Ochiltree County, Texas","B16002_018",0,21
"6783","48357","Ochiltree County, Texas","B16002_019",0,21
"6784","48357","Ochiltree County, Texas","B16002_020",0,21
"6785","48357","Ochiltree County, Texas","B16002_021",0,21
"6786","48357","Ochiltree County, Texas","B16002_022",0,21
"6787","48357","Ochiltree County, Texas","B16002_023",0,21
"6788","48357","Ochiltree County, Texas","B16002_024",0,21
"6789","48357","Ochiltree County, Texas","B16002_025",0,21
"6790","48357","Ochiltree County, Texas","B16002_026",0,21
"6791","48357","Ochiltree County, Texas","B16002_027",0,21
"6792","48357","Ochiltree County, Texas","B16002_028",0,21
"6793","48357","Ochiltree County, Texas","B16002_029",0,21
"6794","48357","Ochiltree County, Texas","B16002_030",0,21
"6795","48357","Ochiltree County, Texas","B16002_031",0,21
"6796","48357","Ochiltree County, Texas","B16002_032",0,21
"6797","48357","Ochiltree County, Texas","B16002_033",0,21
"6798","48357","Ochiltree County, Texas","B16002_034",0,21
"6799","48357","Ochiltree County, Texas","B16002_035",0,21
"6800","48357","Ochiltree County, Texas","B16002_036",31,37
"6801","48357","Ochiltree County, Texas","B16002_037",2,3
"6802","48357","Ochiltree County, Texas","B16002_038",29,36
"6803","48359","Oldham County, Texas","B16002_001",614,70
"6804","48359","Oldham County, Texas","B16002_002",537,66
"6805","48359","Oldham County, Texas","B16002_003",72,29
"6806","48359","Oldham County, Texas","B16002_004",14,17
"6807","48359","Oldham County, Texas","B16002_005",58,26
"6808","48359","Oldham County, Texas","B16002_006",0,15
"6809","48359","Oldham County, Texas","B16002_007",0,15
"6810","48359","Oldham County, Texas","B16002_008",0,15
"6811","48359","Oldham County, Texas","B16002_009",3,6
"6812","48359","Oldham County, Texas","B16002_010",0,15
"6813","48359","Oldham County, Texas","B16002_011",3,6
"6814","48359","Oldham County, Texas","B16002_012",0,15
"6815","48359","Oldham County, Texas","B16002_013",0,15
"6816","48359","Oldham County, Texas","B16002_014",0,15
"6817","48359","Oldham County, Texas","B16002_015",1,3
"6818","48359","Oldham County, Texas","B16002_016",0,15
"6819","48359","Oldham County, Texas","B16002_017",1,3
"6820","48359","Oldham County, Texas","B16002_018",0,15
"6821","48359","Oldham County, Texas","B16002_019",0,15
"6822","48359","Oldham County, Texas","B16002_020",0,15
"6823","48359","Oldham County, Texas","B16002_021",0,15
"6824","48359","Oldham County, Texas","B16002_022",0,15
"6825","48359","Oldham County, Texas","B16002_023",0,15
"6826","48359","Oldham County, Texas","B16002_024",0,15
"6827","48359","Oldham County, Texas","B16002_025",0,15
"6828","48359","Oldham County, Texas","B16002_026",0,15
"6829","48359","Oldham County, Texas","B16002_027",0,15
"6830","48359","Oldham County, Texas","B16002_028",0,15
"6831","48359","Oldham County, Texas","B16002_029",0,15
"6832","48359","Oldham County, Texas","B16002_030",0,15
"6833","48359","Oldham County, Texas","B16002_031",0,15
"6834","48359","Oldham County, Texas","B16002_032",0,15
"6835","48359","Oldham County, Texas","B16002_033",0,15
"6836","48359","Oldham County, Texas","B16002_034",0,15
"6837","48359","Oldham County, Texas","B16002_035",0,15
"6838","48359","Oldham County, Texas","B16002_036",1,2
"6839","48359","Oldham County, Texas","B16002_037",0,15
"6840","48359","Oldham County, Texas","B16002_038",1,2
"6841","48361","Orange County, Texas","B16002_001",32437,550
"6842","48361","Orange County, Texas","B16002_002",29157,687
"6843","48361","Orange County, Texas","B16002_003",2446,426
"6844","48361","Orange County, Texas","B16002_004",401,222
"6845","48361","Orange County, Texas","B16002_005",2045,383
"6846","48361","Orange County, Texas","B16002_006",240,133
"6847","48361","Orange County, Texas","B16002_007",5,8
"6848","48361","Orange County, Texas","B16002_008",235,133
"6849","48361","Orange County, Texas","B16002_009",90,67
"6850","48361","Orange County, Texas","B16002_010",8,12
"6851","48361","Orange County, Texas","B16002_011",82,66
"6852","48361","Orange County, Texas","B16002_012",58,66
"6853","48361","Orange County, Texas","B16002_013",0,35
"6854","48361","Orange County, Texas","B16002_014",58,66
"6855","48361","Orange County, Texas","B16002_015",102,69
"6856","48361","Orange County, Texas","B16002_016",0,35
"6857","48361","Orange County, Texas","B16002_017",102,69
"6858","48361","Orange County, Texas","B16002_018",12,18
"6859","48361","Orange County, Texas","B16002_019",0,35
"6860","48361","Orange County, Texas","B16002_020",12,18
"6861","48361","Orange County, Texas","B16002_021",21,26
"6862","48361","Orange County, Texas","B16002_022",0,35
"6863","48361","Orange County, Texas","B16002_023",21,26
"6864","48361","Orange County, Texas","B16002_024",95,67
"6865","48361","Orange County, Texas","B16002_025",33,38
"6866","48361","Orange County, Texas","B16002_026",62,54
"6867","48361","Orange County, Texas","B16002_027",79,58
"6868","48361","Orange County, Texas","B16002_028",33,50
"6869","48361","Orange County, Texas","B16002_029",46,42
"6870","48361","Orange County, Texas","B16002_030",47,38
"6871","48361","Orange County, Texas","B16002_031",21,28
"6872","48361","Orange County, Texas","B16002_032",26,27
"6873","48361","Orange County, Texas","B16002_033",15,23
"6874","48361","Orange County, Texas","B16002_034",0,35
"6875","48361","Orange County, Texas","B16002_035",15,23
"6876","48361","Orange County, Texas","B16002_036",75,70
"6877","48361","Orange County, Texas","B16002_037",0,35
"6878","48361","Orange County, Texas","B16002_038",75,70
"6879","48363","Palo Pinto County, Texas","B16002_001",11234,257
"6880","48363","Palo Pinto County, Texas","B16002_002",9928,289
"6881","48363","Palo Pinto County, Texas","B16002_003",1245,172
"6882","48363","Palo Pinto County, Texas","B16002_004",240,88
"6883","48363","Palo Pinto County, Texas","B16002_005",1005,190
"6884","48363","Palo Pinto County, Texas","B16002_006",0,28
"6885","48363","Palo Pinto County, Texas","B16002_007",0,28
"6886","48363","Palo Pinto County, Texas","B16002_008",0,28
"6887","48363","Palo Pinto County, Texas","B16002_009",11,8
"6888","48363","Palo Pinto County, Texas","B16002_010",5,9
"6889","48363","Palo Pinto County, Texas","B16002_011",6,7
"6890","48363","Palo Pinto County, Texas","B16002_012",0,28
"6891","48363","Palo Pinto County, Texas","B16002_013",0,28
"6892","48363","Palo Pinto County, Texas","B16002_014",0,28
"6893","48363","Palo Pinto County, Texas","B16002_015",13,21
"6894","48363","Palo Pinto County, Texas","B16002_016",0,28
"6895","48363","Palo Pinto County, Texas","B16002_017",13,21
"6896","48363","Palo Pinto County, Texas","B16002_018",0,28
"6897","48363","Palo Pinto County, Texas","B16002_019",0,28
"6898","48363","Palo Pinto County, Texas","B16002_020",0,28
"6899","48363","Palo Pinto County, Texas","B16002_021",0,28
"6900","48363","Palo Pinto County, Texas","B16002_022",0,28
"6901","48363","Palo Pinto County, Texas","B16002_023",0,28
"6902","48363","Palo Pinto County, Texas","B16002_024",0,28
"6903","48363","Palo Pinto County, Texas","B16002_025",0,28
"6904","48363","Palo Pinto County, Texas","B16002_026",0,28
"6905","48363","Palo Pinto County, Texas","B16002_027",20,23
"6906","48363","Palo Pinto County, Texas","B16002_028",0,28
"6907","48363","Palo Pinto County, Texas","B16002_029",20,23
"6908","48363","Palo Pinto County, Texas","B16002_030",12,14
"6909","48363","Palo Pinto County, Texas","B16002_031",0,28
"6910","48363","Palo Pinto County, Texas","B16002_032",12,14
"6911","48363","Palo Pinto County, Texas","B16002_033",0,28
"6912","48363","Palo Pinto County, Texas","B16002_034",0,28
"6913","48363","Palo Pinto County, Texas","B16002_035",0,28
"6914","48363","Palo Pinto County, Texas","B16002_036",5,10
"6915","48363","Palo Pinto County, Texas","B16002_037",0,28
"6916","48363","Palo Pinto County, Texas","B16002_038",5,10
"6917","48365","Panola County, Texas","B16002_001",8898,282
"6918","48365","Panola County, Texas","B16002_002",8131,301
"6919","48365","Panola County, Texas","B16002_003",692,160
"6920","48365","Panola County, Texas","B16002_004",76,60
"6921","48365","Panola County, Texas","B16002_005",616,142
"6922","48365","Panola County, Texas","B16002_006",0,28
"6923","48365","Panola County, Texas","B16002_007",0,28
"6924","48365","Panola County, Texas","B16002_008",0,28
"6925","48365","Panola County, Texas","B16002_009",0,28
"6926","48365","Panola County, Texas","B16002_010",0,28
"6927","48365","Panola County, Texas","B16002_011",0,28
"6928","48365","Panola County, Texas","B16002_012",0,28
"6929","48365","Panola County, Texas","B16002_013",0,28
"6930","48365","Panola County, Texas","B16002_014",0,28
"6931","48365","Panola County, Texas","B16002_015",0,28
"6932","48365","Panola County, Texas","B16002_016",0,28
"6933","48365","Panola County, Texas","B16002_017",0,28
"6934","48365","Panola County, Texas","B16002_018",0,28
"6935","48365","Panola County, Texas","B16002_019",0,28
"6936","48365","Panola County, Texas","B16002_020",0,28
"6937","48365","Panola County, Texas","B16002_021",0,28
"6938","48365","Panola County, Texas","B16002_022",0,28
"6939","48365","Panola County, Texas","B16002_023",0,28
"6940","48365","Panola County, Texas","B16002_024",53,45
"6941","48365","Panola County, Texas","B16002_025",0,28
"6942","48365","Panola County, Texas","B16002_026",53,45
"6943","48365","Panola County, Texas","B16002_027",22,28
"6944","48365","Panola County, Texas","B16002_028",12,21
"6945","48365","Panola County, Texas","B16002_029",10,21
"6946","48365","Panola County, Texas","B16002_030",0,28
"6947","48365","Panola County, Texas","B16002_031",0,28
"6948","48365","Panola County, Texas","B16002_032",0,28
"6949","48365","Panola County, Texas","B16002_033",0,28
"6950","48365","Panola County, Texas","B16002_034",0,28
"6951","48365","Panola County, Texas","B16002_035",0,28
"6952","48365","Panola County, Texas","B16002_036",0,28
"6953","48365","Panola County, Texas","B16002_037",0,28
"6954","48365","Panola County, Texas","B16002_038",0,28
"6955","48367","Parker County, Texas","B16002_001",56437,682
"6956","48367","Parker County, Texas","B16002_002",49864,744
"6957","48367","Parker County, Texas","B16002_003",5332,461
"6958","48367","Parker County, Texas","B16002_004",667,217
"6959","48367","Parker County, Texas","B16002_005",4665,464
"6960","48367","Parker County, Texas","B16002_006",104,66
"6961","48367","Parker County, Texas","B16002_007",0,35
"6962","48367","Parker County, Texas","B16002_008",104,66
"6963","48367","Parker County, Texas","B16002_009",230,100
"6964","48367","Parker County, Texas","B16002_010",0,35
"6965","48367","Parker County, Texas","B16002_011",230,100
"6966","48367","Parker County, Texas","B16002_012",40,32
"6967","48367","Parker County, Texas","B16002_013",10,18
"6968","48367","Parker County, Texas","B16002_014",30,28
"6969","48367","Parker County, Texas","B16002_015",141,73
"6970","48367","Parker County, Texas","B16002_016",0,35
"6971","48367","Parker County, Texas","B16002_017",141,73
"6972","48367","Parker County, Texas","B16002_018",67,90
"6973","48367","Parker County, Texas","B16002_019",0,35
"6974","48367","Parker County, Texas","B16002_020",67,90
"6975","48367","Parker County, Texas","B16002_021",77,68
"6976","48367","Parker County, Texas","B16002_022",15,23
"6977","48367","Parker County, Texas","B16002_023",62,60
"6978","48367","Parker County, Texas","B16002_024",99,106
"6979","48367","Parker County, Texas","B16002_025",13,18
"6980","48367","Parker County, Texas","B16002_026",86,112
"6981","48367","Parker County, Texas","B16002_027",132,101
"6982","48367","Parker County, Texas","B16002_028",0,35
"6983","48367","Parker County, Texas","B16002_029",132,101
"6984","48367","Parker County, Texas","B16002_030",163,80
"6985","48367","Parker County, Texas","B16002_031",18,28
"6986","48367","Parker County, Texas","B16002_032",145,74
"6987","48367","Parker County, Texas","B16002_033",95,78
"6988","48367","Parker County, Texas","B16002_034",8,14
"6989","48367","Parker County, Texas","B16002_035",87,78
"6990","48367","Parker County, Texas","B16002_036",93,82
"6991","48367","Parker County, Texas","B16002_037",10,20
"6992","48367","Parker County, Texas","B16002_038",83,80
"6993","48369","Parmer County, Texas","B16002_001",3231,140
"6994","48369","Parmer County, Texas","B16002_002",1349,129
"6995","48369","Parmer County, Texas","B16002_003",1855,155
"6996","48369","Parmer County, Texas","B16002_004",353,129
"6997","48369","Parmer County, Texas","B16002_005",1502,179
"6998","48369","Parmer County, Texas","B16002_006",0,21
"6999","48369","Parmer County, Texas","B16002_007",0,21
"7000","48369","Parmer County, Texas","B16002_008",0,21
"7001","48369","Parmer County, Texas","B16002_009",27,33
"7002","48369","Parmer County, Texas","B16002_010",0,21
"7003","48369","Parmer County, Texas","B16002_011",27,33
"7004","48369","Parmer County, Texas","B16002_012",0,21
"7005","48369","Parmer County, Texas","B16002_013",0,21
"7006","48369","Parmer County, Texas","B16002_014",0,21
"7007","48369","Parmer County, Texas","B16002_015",0,21
"7008","48369","Parmer County, Texas","B16002_016",0,21
"7009","48369","Parmer County, Texas","B16002_017",0,21
"7010","48369","Parmer County, Texas","B16002_018",0,21
"7011","48369","Parmer County, Texas","B16002_019",0,21
"7012","48369","Parmer County, Texas","B16002_020",0,21
"7013","48369","Parmer County, Texas","B16002_021",0,21
"7014","48369","Parmer County, Texas","B16002_022",0,21
"7015","48369","Parmer County, Texas","B16002_023",0,21
"7016","48369","Parmer County, Texas","B16002_024",0,21
"7017","48369","Parmer County, Texas","B16002_025",0,21
"7018","48369","Parmer County, Texas","B16002_026",0,21
"7019","48369","Parmer County, Texas","B16002_027",0,21
"7020","48369","Parmer County, Texas","B16002_028",0,21
"7021","48369","Parmer County, Texas","B16002_029",0,21
"7022","48369","Parmer County, Texas","B16002_030",0,21
"7023","48369","Parmer County, Texas","B16002_031",0,21
"7024","48369","Parmer County, Texas","B16002_032",0,21
"7025","48369","Parmer County, Texas","B16002_033",0,21
"7026","48369","Parmer County, Texas","B16002_034",0,21
"7027","48369","Parmer County, Texas","B16002_035",0,21
"7028","48369","Parmer County, Texas","B16002_036",0,21
"7029","48369","Parmer County, Texas","B16002_037",0,21
"7030","48369","Parmer County, Texas","B16002_038",0,21
"7031","48371","Pecos County, Texas","B16002_001",5238,168
"7032","48371","Pecos County, Texas","B16002_002",2070,266
"7033","48371","Pecos County, Texas","B16002_003",3014,252
"7034","48371","Pecos County, Texas","B16002_004",314,152
"7035","48371","Pecos County, Texas","B16002_005",2700,262
"7036","48371","Pecos County, Texas","B16002_006",0,23
"7037","48371","Pecos County, Texas","B16002_007",0,23
"7038","48371","Pecos County, Texas","B16002_008",0,23
"7039","48371","Pecos County, Texas","B16002_009",0,23
"7040","48371","Pecos County, Texas","B16002_010",0,23
"7041","48371","Pecos County, Texas","B16002_011",0,23
"7042","48371","Pecos County, Texas","B16002_012",0,23
"7043","48371","Pecos County, Texas","B16002_013",0,23
"7044","48371","Pecos County, Texas","B16002_014",0,23
"7045","48371","Pecos County, Texas","B16002_015",154,107
"7046","48371","Pecos County, Texas","B16002_016",0,23
"7047","48371","Pecos County, Texas","B16002_017",154,107
"7048","48371","Pecos County, Texas","B16002_018",0,23
"7049","48371","Pecos County, Texas","B16002_019",0,23
"7050","48371","Pecos County, Texas","B16002_020",0,23
"7051","48371","Pecos County, Texas","B16002_021",0,23
"7052","48371","Pecos County, Texas","B16002_022",0,23
"7053","48371","Pecos County, Texas","B16002_023",0,23
"7054","48371","Pecos County, Texas","B16002_024",0,23
"7055","48371","Pecos County, Texas","B16002_025",0,23
"7056","48371","Pecos County, Texas","B16002_026",0,23
"7057","48371","Pecos County, Texas","B16002_027",0,23
"7058","48371","Pecos County, Texas","B16002_028",0,23
"7059","48371","Pecos County, Texas","B16002_029",0,23
"7060","48371","Pecos County, Texas","B16002_030",0,23
"7061","48371","Pecos County, Texas","B16002_031",0,23
"7062","48371","Pecos County, Texas","B16002_032",0,23
"7063","48371","Pecos County, Texas","B16002_033",0,23
"7064","48371","Pecos County, Texas","B16002_034",0,23
"7065","48371","Pecos County, Texas","B16002_035",0,23
"7066","48371","Pecos County, Texas","B16002_036",0,23
"7067","48371","Pecos County, Texas","B16002_037",0,23
"7068","48371","Pecos County, Texas","B16002_038",0,23
"7069","48373","Polk County, Texas","B16002_001",19517,595
"7070","48373","Polk County, Texas","B16002_002",17091,574
"7071","48373","Polk County, Texas","B16002_003",1950,209
"7072","48373","Polk County, Texas","B16002_004",225,105
"7073","48373","Polk County, Texas","B16002_005",1725,226
"7074","48373","Polk County, Texas","B16002_006",45,42
"7075","48373","Polk County, Texas","B16002_007",0,35
"7076","48373","Polk County, Texas","B16002_008",45,42
"7077","48373","Polk County, Texas","B16002_009",39,56
"7078","48373","Polk County, Texas","B16002_010",0,35
"7079","48373","Polk County, Texas","B16002_011",39,56
"7080","48373","Polk County, Texas","B16002_012",23,24
"7081","48373","Polk County, Texas","B16002_013",0,35
"7082","48373","Polk County, Texas","B16002_014",23,24
"7083","48373","Polk County, Texas","B16002_015",22,25
"7084","48373","Polk County, Texas","B16002_016",0,35
"7085","48373","Polk County, Texas","B16002_017",22,25
"7086","48373","Polk County, Texas","B16002_018",33,41
"7087","48373","Polk County, Texas","B16002_019",0,35
"7088","48373","Polk County, Texas","B16002_020",33,41
"7089","48373","Polk County, Texas","B16002_021",2,11
"7090","48373","Polk County, Texas","B16002_022",0,35
"7091","48373","Polk County, Texas","B16002_023",2,11
"7092","48373","Polk County, Texas","B16002_024",0,35
"7093","48373","Polk County, Texas","B16002_025",0,35
"7094","48373","Polk County, Texas","B16002_026",0,35
"7095","48373","Polk County, Texas","B16002_027",11,19
"7096","48373","Polk County, Texas","B16002_028",0,35
"7097","48373","Polk County, Texas","B16002_029",11,19
"7098","48373","Polk County, Texas","B16002_030",96,104
"7099","48373","Polk County, Texas","B16002_031",0,35
"7100","48373","Polk County, Texas","B16002_032",96,104
"7101","48373","Polk County, Texas","B16002_033",116,136
"7102","48373","Polk County, Texas","B16002_034",0,35
"7103","48373","Polk County, Texas","B16002_035",116,136
"7104","48373","Polk County, Texas","B16002_036",89,39
"7105","48373","Polk County, Texas","B16002_037",9,9
"7106","48373","Polk County, Texas","B16002_038",80,34
"7107","48375","Potter County, Texas","B16002_001",42581,662
"7108","48375","Potter County, Texas","B16002_002",29269,807
"7109","48375","Potter County, Texas","B16002_003",10668,551
"7110","48375","Potter County, Texas","B16002_004",1730,309
"7111","48375","Potter County, Texas","B16002_005",8938,512
"7112","48375","Potter County, Texas","B16002_006",182,169
"7113","48375","Potter County, Texas","B16002_007",0,35
"7114","48375","Potter County, Texas","B16002_008",182,169
"7115","48375","Potter County, Texas","B16002_009",65,48
"7116","48375","Potter County, Texas","B16002_010",0,35
"7117","48375","Potter County, Texas","B16002_011",65,48
"7118","48375","Potter County, Texas","B16002_012",35,32
"7119","48375","Potter County, Texas","B16002_013",0,35
"7120","48375","Potter County, Texas","B16002_014",35,32
"7121","48375","Potter County, Texas","B16002_015",116,68
"7122","48375","Potter County, Texas","B16002_016",56,51
"7123","48375","Potter County, Texas","B16002_017",60,54
"7124","48375","Potter County, Texas","B16002_018",5,8
"7125","48375","Potter County, Texas","B16002_019",0,35
"7126","48375","Potter County, Texas","B16002_020",5,8
"7127","48375","Potter County, Texas","B16002_021",16,24
"7128","48375","Potter County, Texas","B16002_022",0,35
"7129","48375","Potter County, Texas","B16002_023",16,24
"7130","48375","Potter County, Texas","B16002_024",644,290
"7131","48375","Potter County, Texas","B16002_025",328,254
"7132","48375","Potter County, Texas","B16002_026",316,151
"7133","48375","Potter County, Texas","B16002_027",56,62
"7134","48375","Potter County, Texas","B16002_028",0,35
"7135","48375","Potter County, Texas","B16002_029",56,62
"7136","48375","Potter County, Texas","B16002_030",909,217
"7137","48375","Potter County, Texas","B16002_031",236,153
"7138","48375","Potter County, Texas","B16002_032",673,158
"7139","48375","Potter County, Texas","B16002_033",156,106
"7140","48375","Potter County, Texas","B16002_034",13,20
"7141","48375","Potter County, Texas","B16002_035",143,106
"7142","48375","Potter County, Texas","B16002_036",460,192
"7143","48375","Potter County, Texas","B16002_037",98,104
"7144","48375","Potter County, Texas","B16002_038",362,189
"7145","48377","Presidio County, Texas","B16002_001",2418,211
"7146","48377","Presidio County, Texas","B16002_002",611,138
"7147","48377","Presidio County, Texas","B16002_003",1783,217
"7148","48377","Presidio County, Texas","B16002_004",549,190
"7149","48377","Presidio County, Texas","B16002_005",1234,219
"7150","48377","Presidio County, Texas","B16002_006",0,21
"7151","48377","Presidio County, Texas","B16002_007",0,21
"7152","48377","Presidio County, Texas","B16002_008",0,21
"7153","48377","Presidio County, Texas","B16002_009",0,21
"7154","48377","Presidio County, Texas","B16002_010",0,21
"7155","48377","Presidio County, Texas","B16002_011",0,21
"7156","48377","Presidio County, Texas","B16002_012",0,21
"7157","48377","Presidio County, Texas","B16002_013",0,21
"7158","48377","Presidio County, Texas","B16002_014",0,21
"7159","48377","Presidio County, Texas","B16002_015",0,21
"7160","48377","Presidio County, Texas","B16002_016",0,21
"7161","48377","Presidio County, Texas","B16002_017",0,21
"7162","48377","Presidio County, Texas","B16002_018",24,32
"7163","48377","Presidio County, Texas","B16002_019",24,32
"7164","48377","Presidio County, Texas","B16002_020",0,21
"7165","48377","Presidio County, Texas","B16002_021",0,21
"7166","48377","Presidio County, Texas","B16002_022",0,21
"7167","48377","Presidio County, Texas","B16002_023",0,21
"7168","48377","Presidio County, Texas","B16002_024",0,21
"7169","48377","Presidio County, Texas","B16002_025",0,21
"7170","48377","Presidio County, Texas","B16002_026",0,21
"7171","48377","Presidio County, Texas","B16002_027",0,21
"7172","48377","Presidio County, Texas","B16002_028",0,21
"7173","48377","Presidio County, Texas","B16002_029",0,21
"7174","48377","Presidio County, Texas","B16002_030",0,21
"7175","48377","Presidio County, Texas","B16002_031",0,21
"7176","48377","Presidio County, Texas","B16002_032",0,21
"7177","48377","Presidio County, Texas","B16002_033",0,21
"7178","48377","Presidio County, Texas","B16002_034",0,21
"7179","48377","Presidio County, Texas","B16002_035",0,21
"7180","48377","Presidio County, Texas","B16002_036",0,21
"7181","48377","Presidio County, Texas","B16002_037",0,21
"7182","48377","Presidio County, Texas","B16002_038",0,21
"7183","48379","Rains County, Texas","B16002_001",4856,257
"7184","48379","Rains County, Texas","B16002_002",4506,254
"7185","48379","Rains County, Texas","B16002_003",220,86
"7186","48379","Rains County, Texas","B16002_004",5,7
"7187","48379","Rains County, Texas","B16002_005",215,86
"7188","48379","Rains County, Texas","B16002_006",0,23
"7189","48379","Rains County, Texas","B16002_007",0,23
"7190","48379","Rains County, Texas","B16002_008",0,23
"7191","48379","Rains County, Texas","B16002_009",16,24
"7192","48379","Rains County, Texas","B16002_010",0,23
"7193","48379","Rains County, Texas","B16002_011",16,24
"7194","48379","Rains County, Texas","B16002_012",0,23
"7195","48379","Rains County, Texas","B16002_013",0,23
"7196","48379","Rains County, Texas","B16002_014",0,23
"7197","48379","Rains County, Texas","B16002_015",13,20
"7198","48379","Rains County, Texas","B16002_016",1,5
"7199","48379","Rains County, Texas","B16002_017",12,20
"7200","48379","Rains County, Texas","B16002_018",0,23
"7201","48379","Rains County, Texas","B16002_019",0,23
"7202","48379","Rains County, Texas","B16002_020",0,23
"7203","48379","Rains County, Texas","B16002_021",46,37
"7204","48379","Rains County, Texas","B16002_022",39,36
"7205","48379","Rains County, Texas","B16002_023",7,10
"7206","48379","Rains County, Texas","B16002_024",3,5
"7207","48379","Rains County, Texas","B16002_025",0,23
"7208","48379","Rains County, Texas","B16002_026",3,5
"7209","48379","Rains County, Texas","B16002_027",7,9
"7210","48379","Rains County, Texas","B16002_028",0,23
"7211","48379","Rains County, Texas","B16002_029",7,9
"7212","48379","Rains County, Texas","B16002_030",2,4
"7213","48379","Rains County, Texas","B16002_031",1,2
"7214","48379","Rains County, Texas","B16002_032",1,3
"7215","48379","Rains County, Texas","B16002_033",17,30
"7216","48379","Rains County, Texas","B16002_034",0,23
"7217","48379","Rains County, Texas","B16002_035",17,30
"7218","48379","Rains County, Texas","B16002_036",26,32
"7219","48379","Rains County, Texas","B16002_037",0,23
"7220","48379","Rains County, Texas","B16002_038",26,32
"7221","48381","Randall County, Texas","B16002_001",56807,589
"7222","48381","Randall County, Texas","B16002_002",46564,844
"7223","48381","Randall County, Texas","B16002_003",8069,613
"7224","48381","Randall County, Texas","B16002_004",581,226
"7225","48381","Randall County, Texas","B16002_005",7488,634
"7226","48381","Randall County, Texas","B16002_006",276,218
"7227","48381","Randall County, Texas","B16002_007",0,35
"7228","48381","Randall County, Texas","B16002_008",276,218
"7229","48381","Randall County, Texas","B16002_009",158,84
"7230","48381","Randall County, Texas","B16002_010",40,49
"7231","48381","Randall County, Texas","B16002_011",118,70
"7232","48381","Randall County, Texas","B16002_012",38,46
"7233","48381","Randall County, Texas","B16002_013",0,35
"7234","48381","Randall County, Texas","B16002_014",38,46
"7235","48381","Randall County, Texas","B16002_015",493,245
"7236","48381","Randall County, Texas","B16002_016",0,35
"7237","48381","Randall County, Texas","B16002_017",493,245
"7238","48381","Randall County, Texas","B16002_018",75,62
"7239","48381","Randall County, Texas","B16002_019",12,19
"7240","48381","Randall County, Texas","B16002_020",63,59
"7241","48381","Randall County, Texas","B16002_021",103,80
"7242","48381","Randall County, Texas","B16002_022",23,42
"7243","48381","Randall County, Texas","B16002_023",80,76
"7244","48381","Randall County, Texas","B16002_024",223,121
"7245","48381","Randall County, Texas","B16002_025",140,106
"7246","48381","Randall County, Texas","B16002_026",83,71
"7247","48381","Randall County, Texas","B16002_027",69,75
"7248","48381","Randall County, Texas","B16002_028",0,35
"7249","48381","Randall County, Texas","B16002_029",69,75
"7250","48381","Randall County, Texas","B16002_030",204,97
"7251","48381","Randall County, Texas","B16002_031",23,20
"7252","48381","Randall County, Texas","B16002_032",181,97
"7253","48381","Randall County, Texas","B16002_033",107,90
"7254","48381","Randall County, Texas","B16002_034",2,4
"7255","48381","Randall County, Texas","B16002_035",105,90
"7256","48381","Randall County, Texas","B16002_036",428,241
"7257","48381","Randall County, Texas","B16002_037",18,21
"7258","48381","Randall County, Texas","B16002_038",410,239
"7259","48383","Reagan County, Texas","B16002_001",1033,109
"7260","48383","Reagan County, Texas","B16002_002",487,133
"7261","48383","Reagan County, Texas","B16002_003",534,105
"7262","48383","Reagan County, Texas","B16002_004",168,72
"7263","48383","Reagan County, Texas","B16002_005",366,91
"7264","48383","Reagan County, Texas","B16002_006",0,15
"7265","48383","Reagan County, Texas","B16002_007",0,15
"7266","48383","Reagan County, Texas","B16002_008",0,15
"7267","48383","Reagan County, Texas","B16002_009",0,15
"7268","48383","Reagan County, Texas","B16002_010",0,15
"7269","48383","Reagan County, Texas","B16002_011",0,15
"7270","48383","Reagan County, Texas","B16002_012",0,15
"7271","48383","Reagan County, Texas","B16002_013",0,15
"7272","48383","Reagan County, Texas","B16002_014",0,15
"7273","48383","Reagan County, Texas","B16002_015",0,15
"7274","48383","Reagan County, Texas","B16002_016",0,15
"7275","48383","Reagan County, Texas","B16002_017",0,15
"7276","48383","Reagan County, Texas","B16002_018",0,15
"7277","48383","Reagan County, Texas","B16002_019",0,15
"7278","48383","Reagan County, Texas","B16002_020",0,15
"7279","48383","Reagan County, Texas","B16002_021",0,15
"7280","48383","Reagan County, Texas","B16002_022",0,15
"7281","48383","Reagan County, Texas","B16002_023",0,15
"7282","48383","Reagan County, Texas","B16002_024",0,15
"7283","48383","Reagan County, Texas","B16002_025",0,15
"7284","48383","Reagan County, Texas","B16002_026",0,15
"7285","48383","Reagan County, Texas","B16002_027",12,20
"7286","48383","Reagan County, Texas","B16002_028",0,15
"7287","48383","Reagan County, Texas","B16002_029",12,20
"7288","48383","Reagan County, Texas","B16002_030",0,15
"7289","48383","Reagan County, Texas","B16002_031",0,15
"7290","48383","Reagan County, Texas","B16002_032",0,15
"7291","48383","Reagan County, Texas","B16002_033",0,15
"7292","48383","Reagan County, Texas","B16002_034",0,15
"7293","48383","Reagan County, Texas","B16002_035",0,15
"7294","48383","Reagan County, Texas","B16002_036",0,15
"7295","48383","Reagan County, Texas","B16002_037",0,15
"7296","48383","Reagan County, Texas","B16002_038",0,15
"7297","48385","Real County, Texas","B16002_001",1128,140
"7298","48385","Real County, Texas","B16002_002",928,155
"7299","48385","Real County, Texas","B16002_003",200,79
"7300","48385","Real County, Texas","B16002_004",27,30
"7301","48385","Real County, Texas","B16002_005",173,73
"7302","48385","Real County, Texas","B16002_006",0,15
"7303","48385","Real County, Texas","B16002_007",0,15
"7304","48385","Real County, Texas","B16002_008",0,15
"7305","48385","Real County, Texas","B16002_009",0,15
"7306","48385","Real County, Texas","B16002_010",0,15
"7307","48385","Real County, Texas","B16002_011",0,15
"7308","48385","Real County, Texas","B16002_012",0,15
"7309","48385","Real County, Texas","B16002_013",0,15
"7310","48385","Real County, Texas","B16002_014",0,15
"7311","48385","Real County, Texas","B16002_015",0,15
"7312","48385","Real County, Texas","B16002_016",0,15
"7313","48385","Real County, Texas","B16002_017",0,15
"7314","48385","Real County, Texas","B16002_018",0,15
"7315","48385","Real County, Texas","B16002_019",0,15
"7316","48385","Real County, Texas","B16002_020",0,15
"7317","48385","Real County, Texas","B16002_021",0,15
"7318","48385","Real County, Texas","B16002_022",0,15
"7319","48385","Real County, Texas","B16002_023",0,15
"7320","48385","Real County, Texas","B16002_024",0,15
"7321","48385","Real County, Texas","B16002_025",0,15
"7322","48385","Real County, Texas","B16002_026",0,15
"7323","48385","Real County, Texas","B16002_027",0,15
"7324","48385","Real County, Texas","B16002_028",0,15
"7325","48385","Real County, Texas","B16002_029",0,15
"7326","48385","Real County, Texas","B16002_030",0,15
"7327","48385","Real County, Texas","B16002_031",0,15
"7328","48385","Real County, Texas","B16002_032",0,15
"7329","48385","Real County, Texas","B16002_033",0,15
"7330","48385","Real County, Texas","B16002_034",0,15
"7331","48385","Real County, Texas","B16002_035",0,15
"7332","48385","Real County, Texas","B16002_036",0,15
"7333","48385","Real County, Texas","B16002_037",0,15
"7334","48385","Real County, Texas","B16002_038",0,15
"7335","48387","Red River County, Texas","B16002_001",4978,186
"7336","48387","Red River County, Texas","B16002_002",4695,187
"7337","48387","Red River County, Texas","B16002_003",228,87
"7338","48387","Red River County, Texas","B16002_004",52,39
"7339","48387","Red River County, Texas","B16002_005",176,90
"7340","48387","Red River County, Texas","B16002_006",0,23
"7341","48387","Red River County, Texas","B16002_007",0,23
"7342","48387","Red River County, Texas","B16002_008",0,23
"7343","48387","Red River County, Texas","B16002_009",26,30
"7344","48387","Red River County, Texas","B16002_010",0,23
"7345","48387","Red River County, Texas","B16002_011",26,30
"7346","48387","Red River County, Texas","B16002_012",0,23
"7347","48387","Red River County, Texas","B16002_013",0,23
"7348","48387","Red River County, Texas","B16002_014",0,23
"7349","48387","Red River County, Texas","B16002_015",3,7
"7350","48387","Red River County, Texas","B16002_016",0,23
"7351","48387","Red River County, Texas","B16002_017",3,7
"7352","48387","Red River County, Texas","B16002_018",0,23
"7353","48387","Red River County, Texas","B16002_019",0,23
"7354","48387","Red River County, Texas","B16002_020",0,23
"7355","48387","Red River County, Texas","B16002_021",7,11
"7356","48387","Red River County, Texas","B16002_022",0,23
"7357","48387","Red River County, Texas","B16002_023",7,11
"7358","48387","Red River County, Texas","B16002_024",0,23
"7359","48387","Red River County, Texas","B16002_025",0,23
"7360","48387","Red River County, Texas","B16002_026",0,23
"7361","48387","Red River County, Texas","B16002_027",0,23
"7362","48387","Red River County, Texas","B16002_028",0,23
"7363","48387","Red River County, Texas","B16002_029",0,23
"7364","48387","Red River County, Texas","B16002_030",11,10
"7365","48387","Red River County, Texas","B16002_031",0,23
"7366","48387","Red River County, Texas","B16002_032",11,10
"7367","48387","Red River County, Texas","B16002_033",7,11
"7368","48387","Red River County, Texas","B16002_034",0,23
"7369","48387","Red River County, Texas","B16002_035",7,11
"7370","48387","Red River County, Texas","B16002_036",1,2
"7371","48387","Red River County, Texas","B16002_037",0,23
"7372","48387","Red River County, Texas","B16002_038",1,2
"7373","48389","Reeves County, Texas","B16002_001",4224,203
"7374","48389","Reeves County, Texas","B16002_002",879,278
"7375","48389","Reeves County, Texas","B16002_003",3337,227
"7376","48389","Reeves County, Texas","B16002_004",827,180
"7377","48389","Reeves County, Texas","B16002_005",2510,256
"7378","48389","Reeves County, Texas","B16002_006",0,23
"7379","48389","Reeves County, Texas","B16002_007",0,23
"7380","48389","Reeves County, Texas","B16002_008",0,23
"7381","48389","Reeves County, Texas","B16002_009",0,23
"7382","48389","Reeves County, Texas","B16002_010",0,23
"7383","48389","Reeves County, Texas","B16002_011",0,23
"7384","48389","Reeves County, Texas","B16002_012",0,23
"7385","48389","Reeves County, Texas","B16002_013",0,23
"7386","48389","Reeves County, Texas","B16002_014",0,23
"7387","48389","Reeves County, Texas","B16002_015",3,6
"7388","48389","Reeves County, Texas","B16002_016",0,23
"7389","48389","Reeves County, Texas","B16002_017",3,6
"7390","48389","Reeves County, Texas","B16002_018",0,23
"7391","48389","Reeves County, Texas","B16002_019",0,23
"7392","48389","Reeves County, Texas","B16002_020",0,23
"7393","48389","Reeves County, Texas","B16002_021",0,23
"7394","48389","Reeves County, Texas","B16002_022",0,23
"7395","48389","Reeves County, Texas","B16002_023",0,23
"7396","48389","Reeves County, Texas","B16002_024",1,2
"7397","48389","Reeves County, Texas","B16002_025",0,23
"7398","48389","Reeves County, Texas","B16002_026",1,2
"7399","48389","Reeves County, Texas","B16002_027",0,23
"7400","48389","Reeves County, Texas","B16002_028",0,23
"7401","48389","Reeves County, Texas","B16002_029",0,23
"7402","48389","Reeves County, Texas","B16002_030",4,8
"7403","48389","Reeves County, Texas","B16002_031",0,23
"7404","48389","Reeves County, Texas","B16002_032",4,8
"7405","48389","Reeves County, Texas","B16002_033",0,23
"7406","48389","Reeves County, Texas","B16002_034",0,23
"7407","48389","Reeves County, Texas","B16002_035",0,23
"7408","48389","Reeves County, Texas","B16002_036",0,23
"7409","48389","Reeves County, Texas","B16002_037",0,23
"7410","48389","Reeves County, Texas","B16002_038",0,23
"7411","48391","Refugio County, Texas","B16002_001",2495,138
"7412","48391","Refugio County, Texas","B16002_002",1549,147
"7413","48391","Refugio County, Texas","B16002_003",935,124
"7414","48391","Refugio County, Texas","B16002_004",103,51
"7415","48391","Refugio County, Texas","B16002_005",832,136
"7416","48391","Refugio County, Texas","B16002_006",0,21
"7417","48391","Refugio County, Texas","B16002_007",0,21
"7418","48391","Refugio County, Texas","B16002_008",0,21
"7419","48391","Refugio County, Texas","B16002_009",1,4
"7420","48391","Refugio County, Texas","B16002_010",0,21
"7421","48391","Refugio County, Texas","B16002_011",1,4
"7422","48391","Refugio County, Texas","B16002_012",0,21
"7423","48391","Refugio County, Texas","B16002_013",0,21
"7424","48391","Refugio County, Texas","B16002_014",0,21
"7425","48391","Refugio County, Texas","B16002_015",0,21
"7426","48391","Refugio County, Texas","B16002_016",0,21
"7427","48391","Refugio County, Texas","B16002_017",0,21
"7428","48391","Refugio County, Texas","B16002_018",0,21
"7429","48391","Refugio County, Texas","B16002_019",0,21
"7430","48391","Refugio County, Texas","B16002_020",0,21
"7431","48391","Refugio County, Texas","B16002_021",0,21
"7432","48391","Refugio County, Texas","B16002_022",0,21
"7433","48391","Refugio County, Texas","B16002_023",0,21
"7434","48391","Refugio County, Texas","B16002_024",0,21
"7435","48391","Refugio County, Texas","B16002_025",0,21
"7436","48391","Refugio County, Texas","B16002_026",0,21
"7437","48391","Refugio County, Texas","B16002_027",0,21
"7438","48391","Refugio County, Texas","B16002_028",0,21
"7439","48391","Refugio County, Texas","B16002_029",0,21
"7440","48391","Refugio County, Texas","B16002_030",0,21
"7441","48391","Refugio County, Texas","B16002_031",0,21
"7442","48391","Refugio County, Texas","B16002_032",0,21
"7443","48391","Refugio County, Texas","B16002_033",0,21
"7444","48391","Refugio County, Texas","B16002_034",0,21
"7445","48391","Refugio County, Texas","B16002_035",0,21
"7446","48391","Refugio County, Texas","B16002_036",10,16
"7447","48391","Refugio County, Texas","B16002_037",0,21
"7448","48391","Refugio County, Texas","B16002_038",10,16
"7449","48393","Roberts County, Texas","B16002_001",323,51
"7450","48393","Roberts County, Texas","B16002_002",307,50
"7451","48393","Roberts County, Texas","B16002_003",5,5
"7452","48393","Roberts County, Texas","B16002_004",0,15
"7453","48393","Roberts County, Texas","B16002_005",5,5
"7454","48393","Roberts County, Texas","B16002_006",0,15
"7455","48393","Roberts County, Texas","B16002_007",0,15
"7456","48393","Roberts County, Texas","B16002_008",0,15
"7457","48393","Roberts County, Texas","B16002_009",0,15
"7458","48393","Roberts County, Texas","B16002_010",0,15
"7459","48393","Roberts County, Texas","B16002_011",0,15
"7460","48393","Roberts County, Texas","B16002_012",0,15
"7461","48393","Roberts County, Texas","B16002_013",0,15
"7462","48393","Roberts County, Texas","B16002_014",0,15
"7463","48393","Roberts County, Texas","B16002_015",11,12
"7464","48393","Roberts County, Texas","B16002_016",0,15
"7465","48393","Roberts County, Texas","B16002_017",11,12
"7466","48393","Roberts County, Texas","B16002_018",0,15
"7467","48393","Roberts County, Texas","B16002_019",0,15
"7468","48393","Roberts County, Texas","B16002_020",0,15
"7469","48393","Roberts County, Texas","B16002_021",0,15
"7470","48393","Roberts County, Texas","B16002_022",0,15
"7471","48393","Roberts County, Texas","B16002_023",0,15
"7472","48393","Roberts County, Texas","B16002_024",0,15
"7473","48393","Roberts County, Texas","B16002_025",0,15
"7474","48393","Roberts County, Texas","B16002_026",0,15
"7475","48393","Roberts County, Texas","B16002_027",0,15
"7476","48393","Roberts County, Texas","B16002_028",0,15
"7477","48393","Roberts County, Texas","B16002_029",0,15
"7478","48393","Roberts County, Texas","B16002_030",0,15
"7479","48393","Roberts County, Texas","B16002_031",0,15
"7480","48393","Roberts County, Texas","B16002_032",0,15
"7481","48393","Roberts County, Texas","B16002_033",0,15
"7482","48393","Roberts County, Texas","B16002_034",0,15
"7483","48393","Roberts County, Texas","B16002_035",0,15
"7484","48393","Roberts County, Texas","B16002_036",0,15
"7485","48393","Roberts County, Texas","B16002_037",0,15
"7486","48393","Roberts County, Texas","B16002_038",0,15
"7487","48395","Robertson County, Texas","B16002_001",6701,244
"7488","48395","Robertson County, Texas","B16002_002",5702,273
"7489","48395","Robertson County, Texas","B16002_003",952,145
"7490","48395","Robertson County, Texas","B16002_004",103,76
"7491","48395","Robertson County, Texas","B16002_005",849,146
"7492","48395","Robertson County, Texas","B16002_006",2,7
"7493","48395","Robertson County, Texas","B16002_007",0,23
"7494","48395","Robertson County, Texas","B16002_008",2,7
"7495","48395","Robertson County, Texas","B16002_009",3,7
"7496","48395","Robertson County, Texas","B16002_010",0,23
"7497","48395","Robertson County, Texas","B16002_011",3,7
"7498","48395","Robertson County, Texas","B16002_012",8,9
"7499","48395","Robertson County, Texas","B16002_013",0,23
"7500","48395","Robertson County, Texas","B16002_014",8,9
"7501","48395","Robertson County, Texas","B16002_015",12,21
"7502","48395","Robertson County, Texas","B16002_016",0,23
"7503","48395","Robertson County, Texas","B16002_017",12,21
"7504","48395","Robertson County, Texas","B16002_018",14,22
"7505","48395","Robertson County, Texas","B16002_019",0,23
"7506","48395","Robertson County, Texas","B16002_020",14,22
"7507","48395","Robertson County, Texas","B16002_021",0,23
"7508","48395","Robertson County, Texas","B16002_022",0,23
"7509","48395","Robertson County, Texas","B16002_023",0,23
"7510","48395","Robertson County, Texas","B16002_024",8,14
"7511","48395","Robertson County, Texas","B16002_025",8,14
"7512","48395","Robertson County, Texas","B16002_026",0,23
"7513","48395","Robertson County, Texas","B16002_027",0,23
"7514","48395","Robertson County, Texas","B16002_028",0,23
"7515","48395","Robertson County, Texas","B16002_029",0,23
"7516","48395","Robertson County, Texas","B16002_030",0,23
"7517","48395","Robertson County, Texas","B16002_031",0,23
"7518","48395","Robertson County, Texas","B16002_032",0,23
"7519","48395","Robertson County, Texas","B16002_033",0,23
"7520","48395","Robertson County, Texas","B16002_034",0,23
"7521","48395","Robertson County, Texas","B16002_035",0,23
"7522","48395","Robertson County, Texas","B16002_036",0,23
"7523","48395","Robertson County, Texas","B16002_037",0,23
"7524","48395","Robertson County, Texas","B16002_038",0,23
"7525","48397","Rockwall County, Texas","B16002_001",41237,444
"7526","48397","Rockwall County, Texas","B16002_002",32976,640
"7527","48397","Rockwall County, Texas","B16002_003",5279,451
"7528","48397","Rockwall County, Texas","B16002_004",454,190
"7529","48397","Rockwall County, Texas","B16002_005",4825,447
"7530","48397","Rockwall County, Texas","B16002_006",194,88
"7531","48397","Rockwall County, Texas","B16002_007",0,35
"7532","48397","Rockwall County, Texas","B16002_008",194,88
"7533","48397","Rockwall County, Texas","B16002_009",136,84
"7534","48397","Rockwall County, Texas","B16002_010",0,35
"7535","48397","Rockwall County, Texas","B16002_011",136,84
"7536","48397","Rockwall County, Texas","B16002_012",274,135
"7537","48397","Rockwall County, Texas","B16002_013",15,18
"7538","48397","Rockwall County, Texas","B16002_014",259,138
"7539","48397","Rockwall County, Texas","B16002_015",749,213
"7540","48397","Rockwall County, Texas","B16002_016",14,20
"7541","48397","Rockwall County, Texas","B16002_017",735,208
"7542","48397","Rockwall County, Texas","B16002_018",67,50
"7543","48397","Rockwall County, Texas","B16002_019",0,35
"7544","48397","Rockwall County, Texas","B16002_020",67,50
"7545","48397","Rockwall County, Texas","B16002_021",260,132
"7546","48397","Rockwall County, Texas","B16002_022",0,35
"7547","48397","Rockwall County, Texas","B16002_023",260,132
"7548","48397","Rockwall County, Texas","B16002_024",270,125
"7549","48397","Rockwall County, Texas","B16002_025",42,47
"7550","48397","Rockwall County, Texas","B16002_026",228,115
"7551","48397","Rockwall County, Texas","B16002_027",256,145
"7552","48397","Rockwall County, Texas","B16002_028",0,35
"7553","48397","Rockwall County, Texas","B16002_029",256,145
"7554","48397","Rockwall County, Texas","B16002_030",314,139
"7555","48397","Rockwall County, Texas","B16002_031",9,16
"7556","48397","Rockwall County, Texas","B16002_032",305,137
"7557","48397","Rockwall County, Texas","B16002_033",182,102
"7558","48397","Rockwall County, Texas","B16002_034",0,35
"7559","48397","Rockwall County, Texas","B16002_035",182,102
"7560","48397","Rockwall County, Texas","B16002_036",280,119
"7561","48397","Rockwall County, Texas","B16002_037",25,41
"7562","48397","Rockwall County, Texas","B16002_038",255,117
"7563","48399","Runnels County, Texas","B16002_001",3809,194
"7564","48399","Runnels County, Texas","B16002_002",2628,176
"7565","48399","Runnels County, Texas","B16002_003",1102,152
"7566","48399","Runnels County, Texas","B16002_004",85,50
"7567","48399","Runnels County, Texas","B16002_005",1017,146
"7568","48399","Runnels County, Texas","B16002_006",0,21
"7569","48399","Runnels County, Texas","B16002_007",0,21
"7570","48399","Runnels County, Texas","B16002_008",0,21
"7571","48399","Runnels County, Texas","B16002_009",4,6
"7572","48399","Runnels County, Texas","B16002_010",0,21
"7573","48399","Runnels County, Texas","B16002_011",4,6
"7574","48399","Runnels County, Texas","B16002_012",72,59
"7575","48399","Runnels County, Texas","B16002_013",0,21
"7576","48399","Runnels County, Texas","B16002_014",72,59
"7577","48399","Runnels County, Texas","B16002_015",3,7
"7578","48399","Runnels County, Texas","B16002_016",0,21
"7579","48399","Runnels County, Texas","B16002_017",3,7
"7580","48399","Runnels County, Texas","B16002_018",0,21
"7581","48399","Runnels County, Texas","B16002_019",0,21
"7582","48399","Runnels County, Texas","B16002_020",0,21
"7583","48399","Runnels County, Texas","B16002_021",0,21
"7584","48399","Runnels County, Texas","B16002_022",0,21
"7585","48399","Runnels County, Texas","B16002_023",0,21
"7586","48399","Runnels County, Texas","B16002_024",0,21
"7587","48399","Runnels County, Texas","B16002_025",0,21
"7588","48399","Runnels County, Texas","B16002_026",0,21
"7589","48399","Runnels County, Texas","B16002_027",0,21
"7590","48399","Runnels County, Texas","B16002_028",0,21
"7591","48399","Runnels County, Texas","B16002_029",0,21
"7592","48399","Runnels County, Texas","B16002_030",0,21
"7593","48399","Runnels County, Texas","B16002_031",0,21
"7594","48399","Runnels County, Texas","B16002_032",0,21
"7595","48399","Runnels County, Texas","B16002_033",0,21
"7596","48399","Runnels County, Texas","B16002_034",0,21
"7597","48399","Runnels County, Texas","B16002_035",0,21
"7598","48399","Runnels County, Texas","B16002_036",0,21
"7599","48399","Runnels County, Texas","B16002_037",0,21
"7600","48399","Runnels County, Texas","B16002_038",0,21
"7601","48401","Rusk County, Texas","B16002_001",18027,375
"7602","48401","Rusk County, Texas","B16002_002",15955,437
"7603","48401","Rusk County, Texas","B16002_003",1883,225
"7604","48401","Rusk County, Texas","B16002_004",304,124
"7605","48401","Rusk County, Texas","B16002_005",1579,223
"7606","48401","Rusk County, Texas","B16002_006",4,8
"7607","48401","Rusk County, Texas","B16002_007",0,35
"7608","48401","Rusk County, Texas","B16002_008",4,8
"7609","48401","Rusk County, Texas","B16002_009",15,28
"7610","48401","Rusk County, Texas","B16002_010",0,35
"7611","48401","Rusk County, Texas","B16002_011",15,28
"7612","48401","Rusk County, Texas","B16002_012",0,35
"7613","48401","Rusk County, Texas","B16002_013",0,35
"7614","48401","Rusk County, Texas","B16002_014",0,35
"7615","48401","Rusk County, Texas","B16002_015",34,50
"7616","48401","Rusk County, Texas","B16002_016",0,35
"7617","48401","Rusk County, Texas","B16002_017",34,50
"7618","48401","Rusk County, Texas","B16002_018",3,5
"7619","48401","Rusk County, Texas","B16002_019",0,35
"7620","48401","Rusk County, Texas","B16002_020",3,5
"7621","48401","Rusk County, Texas","B16002_021",5,8
"7622","48401","Rusk County, Texas","B16002_022",0,35
"7623","48401","Rusk County, Texas","B16002_023",5,8
"7624","48401","Rusk County, Texas","B16002_024",19,19
"7625","48401","Rusk County, Texas","B16002_025",6,8
"7626","48401","Rusk County, Texas","B16002_026",13,18
"7627","48401","Rusk County, Texas","B16002_027",15,15
"7628","48401","Rusk County, Texas","B16002_028",0,35
"7629","48401","Rusk County, Texas","B16002_029",15,15
"7630","48401","Rusk County, Texas","B16002_030",83,59
"7631","48401","Rusk County, Texas","B16002_031",26,40
"7632","48401","Rusk County, Texas","B16002_032",57,46
"7633","48401","Rusk County, Texas","B16002_033",0,35
"7634","48401","Rusk County, Texas","B16002_034",0,35
"7635","48401","Rusk County, Texas","B16002_035",0,35
"7636","48401","Rusk County, Texas","B16002_036",11,17
"7637","48401","Rusk County, Texas","B16002_037",0,35
"7638","48401","Rusk County, Texas","B16002_038",11,17
"7639","48403","Sabine County, Texas","B16002_001",4649,329
"7640","48403","Sabine County, Texas","B16002_002",4582,311
"7641","48403","Sabine County, Texas","B16002_003",21,19
"7642","48403","Sabine County, Texas","B16002_004",0,23
"7643","48403","Sabine County, Texas","B16002_005",21,19
"7644","48403","Sabine County, Texas","B16002_006",14,24
"7645","48403","Sabine County, Texas","B16002_007",0,23
"7646","48403","Sabine County, Texas","B16002_008",14,24
"7647","48403","Sabine County, Texas","B16002_009",0,23
"7648","48403","Sabine County, Texas","B16002_010",0,23
"7649","48403","Sabine County, Texas","B16002_011",0,23
"7650","48403","Sabine County, Texas","B16002_012",0,23
"7651","48403","Sabine County, Texas","B16002_013",0,23
"7652","48403","Sabine County, Texas","B16002_014",0,23
"7653","48403","Sabine County, Texas","B16002_015",4,8
"7654","48403","Sabine County, Texas","B16002_016",4,8
"7655","48403","Sabine County, Texas","B16002_017",0,23
"7656","48403","Sabine County, Texas","B16002_018",0,23
"7657","48403","Sabine County, Texas","B16002_019",0,23
"7658","48403","Sabine County, Texas","B16002_020",0,23
"7659","48403","Sabine County, Texas","B16002_021",0,23
"7660","48403","Sabine County, Texas","B16002_022",0,23
"7661","48403","Sabine County, Texas","B16002_023",0,23
"7662","48403","Sabine County, Texas","B16002_024",22,26
"7663","48403","Sabine County, Texas","B16002_025",0,23
"7664","48403","Sabine County, Texas","B16002_026",22,26
"7665","48403","Sabine County, Texas","B16002_027",0,23
"7666","48403","Sabine County, Texas","B16002_028",0,23
"7667","48403","Sabine County, Texas","B16002_029",0,23
"7668","48403","Sabine County, Texas","B16002_030",0,23
"7669","48403","Sabine County, Texas","B16002_031",0,23
"7670","48403","Sabine County, Texas","B16002_032",0,23
"7671","48403","Sabine County, Texas","B16002_033",0,23
"7672","48403","Sabine County, Texas","B16002_034",0,23
"7673","48403","Sabine County, Texas","B16002_035",0,23
"7674","48403","Sabine County, Texas","B16002_036",6,19
"7675","48403","Sabine County, Texas","B16002_037",0,23
"7676","48403","Sabine County, Texas","B16002_038",6,19
"7677","48405","San Augustine County, Texas","B16002_001",2940,231
"7678","48405","San Augustine County, Texas","B16002_002",2745,224
"7679","48405","San Augustine County, Texas","B16002_003",178,47
"7680","48405","San Augustine County, Texas","B16002_004",21,34
"7681","48405","San Augustine County, Texas","B16002_005",157,49
"7682","48405","San Augustine County, Texas","B16002_006",0,21
"7683","48405","San Augustine County, Texas","B16002_007",0,21
"7684","48405","San Augustine County, Texas","B16002_008",0,21
"7685","48405","San Augustine County, Texas","B16002_009",9,14
"7686","48405","San Augustine County, Texas","B16002_010",0,21
"7687","48405","San Augustine County, Texas","B16002_011",9,14
"7688","48405","San Augustine County, Texas","B16002_012",0,21
"7689","48405","San Augustine County, Texas","B16002_013",0,21
"7690","48405","San Augustine County, Texas","B16002_014",0,21
"7691","48405","San Augustine County, Texas","B16002_015",0,21
"7692","48405","San Augustine County, Texas","B16002_016",0,21
"7693","48405","San Augustine County, Texas","B16002_017",0,21
"7694","48405","San Augustine County, Texas","B16002_018",0,21
"7695","48405","San Augustine County, Texas","B16002_019",0,21
"7696","48405","San Augustine County, Texas","B16002_020",0,21
"7697","48405","San Augustine County, Texas","B16002_021",0,21
"7698","48405","San Augustine County, Texas","B16002_022",0,21
"7699","48405","San Augustine County, Texas","B16002_023",0,21
"7700","48405","San Augustine County, Texas","B16002_024",0,21
"7701","48405","San Augustine County, Texas","B16002_025",0,21
"7702","48405","San Augustine County, Texas","B16002_026",0,21
"7703","48405","San Augustine County, Texas","B16002_027",0,21
"7704","48405","San Augustine County, Texas","B16002_028",0,21
"7705","48405","San Augustine County, Texas","B16002_029",0,21
"7706","48405","San Augustine County, Texas","B16002_030",8,13
"7707","48405","San Augustine County, Texas","B16002_031",0,21
"7708","48405","San Augustine County, Texas","B16002_032",8,13
"7709","48405","San Augustine County, Texas","B16002_033",0,21
"7710","48405","San Augustine County, Texas","B16002_034",0,21
"7711","48405","San Augustine County, Texas","B16002_035",0,21
"7712","48405","San Augustine County, Texas","B16002_036",0,21
"7713","48405","San Augustine County, Texas","B16002_037",0,21
"7714","48405","San Augustine County, Texas","B16002_038",0,21
"7715","48407","San Jacinto County, Texas","B16002_001",10881,437
"7716","48407","San Jacinto County, Texas","B16002_002",8990,384
"7717","48407","San Jacinto County, Texas","B16002_003",1675,224
"7718","48407","San Jacinto County, Texas","B16002_004",536,135
"7719","48407","San Jacinto County, Texas","B16002_005",1139,231
"7720","48407","San Jacinto County, Texas","B16002_006",47,45
"7721","48407","San Jacinto County, Texas","B16002_007",0,28
"7722","48407","San Jacinto County, Texas","B16002_008",47,45
"7723","48407","San Jacinto County, Texas","B16002_009",2,3
"7724","48407","San Jacinto County, Texas","B16002_010",0,28
"7725","48407","San Jacinto County, Texas","B16002_011",2,3
"7726","48407","San Jacinto County, Texas","B16002_012",9,18
"7727","48407","San Jacinto County, Texas","B16002_013",0,28
"7728","48407","San Jacinto County, Texas","B16002_014",9,18
"7729","48407","San Jacinto County, Texas","B16002_015",96,95
"7730","48407","San Jacinto County, Texas","B16002_016",0,28
"7731","48407","San Jacinto County, Texas","B16002_017",96,95
"7732","48407","San Jacinto County, Texas","B16002_018",0,28
"7733","48407","San Jacinto County, Texas","B16002_019",0,28
"7734","48407","San Jacinto County, Texas","B16002_020",0,28
"7735","48407","San Jacinto County, Texas","B16002_021",0,28
"7736","48407","San Jacinto County, Texas","B16002_022",0,28
"7737","48407","San Jacinto County, Texas","B16002_023",0,28
"7738","48407","San Jacinto County, Texas","B16002_024",18,28
"7739","48407","San Jacinto County, Texas","B16002_025",0,28
"7740","48407","San Jacinto County, Texas","B16002_026",18,28
"7741","48407","San Jacinto County, Texas","B16002_027",0,28
"7742","48407","San Jacinto County, Texas","B16002_028",0,28
"7743","48407","San Jacinto County, Texas","B16002_029",0,28
"7744","48407","San Jacinto County, Texas","B16002_030",0,28
"7745","48407","San Jacinto County, Texas","B16002_031",0,28
"7746","48407","San Jacinto County, Texas","B16002_032",0,28
"7747","48407","San Jacinto County, Texas","B16002_033",42,62
"7748","48407","San Jacinto County, Texas","B16002_034",0,28
"7749","48407","San Jacinto County, Texas","B16002_035",42,62
"7750","48407","San Jacinto County, Texas","B16002_036",2,4
"7751","48407","San Jacinto County, Texas","B16002_037",0,28
"7752","48407","San Jacinto County, Texas","B16002_038",2,4
"7753","48409","San Patricio County, Texas","B16002_001",25334,530
"7754","48409","San Patricio County, Texas","B16002_002",14734,587
"7755","48409","San Patricio County, Texas","B16002_003",9974,561
"7756","48409","San Patricio County, Texas","B16002_004",881,273
"7757","48409","San Patricio County, Texas","B16002_005",9093,545
"7758","48409","San Patricio County, Texas","B16002_006",41,45
"7759","48409","San Patricio County, Texas","B16002_007",0,35
"7760","48409","San Patricio County, Texas","B16002_008",41,45
"7761","48409","San Patricio County, Texas","B16002_009",35,23
"7762","48409","San Patricio County, Texas","B16002_010",0,35
"7763","48409","San Patricio County, Texas","B16002_011",35,23
"7764","48409","San Patricio County, Texas","B16002_012",12,17
"7765","48409","San Patricio County, Texas","B16002_013",0,35
"7766","48409","San Patricio County, Texas","B16002_014",12,17
"7767","48409","San Patricio County, Texas","B16002_015",112,75
"7768","48409","San Patricio County, Texas","B16002_016",46,61
"7769","48409","San Patricio County, Texas","B16002_017",66,46
"7770","48409","San Patricio County, Texas","B16002_018",40,47
"7771","48409","San Patricio County, Texas","B16002_019",0,35
"7772","48409","San Patricio County, Texas","B16002_020",40,47
"7773","48409","San Patricio County, Texas","B16002_021",80,54
"7774","48409","San Patricio County, Texas","B16002_022",22,26
"7775","48409","San Patricio County, Texas","B16002_023",58,44
"7776","48409","San Patricio County, Texas","B16002_024",60,46
"7777","48409","San Patricio County, Texas","B16002_025",11,20
"7778","48409","San Patricio County, Texas","B16002_026",49,40
"7779","48409","San Patricio County, Texas","B16002_027",117,59
"7780","48409","San Patricio County, Texas","B16002_028",10,14
"7781","48409","San Patricio County, Texas","B16002_029",107,60
"7782","48409","San Patricio County, Texas","B16002_030",47,66
"7783","48409","San Patricio County, Texas","B16002_031",7,13
"7784","48409","San Patricio County, Texas","B16002_032",40,64
"7785","48409","San Patricio County, Texas","B16002_033",7,12
"7786","48409","San Patricio County, Texas","B16002_034",0,35
"7787","48409","San Patricio County, Texas","B16002_035",7,12
"7788","48409","San Patricio County, Texas","B16002_036",75,99
"7789","48409","San Patricio County, Texas","B16002_037",0,35
"7790","48409","San Patricio County, Texas","B16002_038",75,99
"7791","48411","San Saba County, Texas","B16002_001",2090,131
"7792","48411","San Saba County, Texas","B16002_002",1633,128
"7793","48411","San Saba County, Texas","B16002_003",418,87
"7794","48411","San Saba County, Texas","B16002_004",94,47
"7795","48411","San Saba County, Texas","B16002_005",324,98
"7796","48411","San Saba County, Texas","B16002_006",0,21
"7797","48411","San Saba County, Texas","B16002_007",0,21
"7798","48411","San Saba County, Texas","B16002_008",0,21
"7799","48411","San Saba County, Texas","B16002_009",7,10
"7800","48411","San Saba County, Texas","B16002_010",0,21
"7801","48411","San Saba County, Texas","B16002_011",7,10
"7802","48411","San Saba County, Texas","B16002_012",0,21
"7803","48411","San Saba County, Texas","B16002_013",0,21
"7804","48411","San Saba County, Texas","B16002_014",0,21
"7805","48411","San Saba County, Texas","B16002_015",11,15
"7806","48411","San Saba County, Texas","B16002_016",0,21
"7807","48411","San Saba County, Texas","B16002_017",11,15
"7808","48411","San Saba County, Texas","B16002_018",0,21
"7809","48411","San Saba County, Texas","B16002_019",0,21
"7810","48411","San Saba County, Texas","B16002_020",0,21
"7811","48411","San Saba County, Texas","B16002_021",0,21
"7812","48411","San Saba County, Texas","B16002_022",0,21
"7813","48411","San Saba County, Texas","B16002_023",0,21
"7814","48411","San Saba County, Texas","B16002_024",0,21
"7815","48411","San Saba County, Texas","B16002_025",0,21
"7816","48411","San Saba County, Texas","B16002_026",0,21
"7817","48411","San Saba County, Texas","B16002_027",0,21
"7818","48411","San Saba County, Texas","B16002_028",0,21
"7819","48411","San Saba County, Texas","B16002_029",0,21
"7820","48411","San Saba County, Texas","B16002_030",4,9
"7821","48411","San Saba County, Texas","B16002_031",0,21
"7822","48411","San Saba County, Texas","B16002_032",4,9
"7823","48411","San Saba County, Texas","B16002_033",0,21
"7824","48411","San Saba County, Texas","B16002_034",0,21
"7825","48411","San Saba County, Texas","B16002_035",0,21
"7826","48411","San Saba County, Texas","B16002_036",17,26
"7827","48411","San Saba County, Texas","B16002_037",17,26
"7828","48411","San Saba County, Texas","B16002_038",0,21
"7829","48413","Schleicher County, Texas","B16002_001",964,100
"7830","48413","Schleicher County, Texas","B16002_002",556,91
"7831","48413","Schleicher County, Texas","B16002_003",408,53
"7832","48413","Schleicher County, Texas","B16002_004",60,40
"7833","48413","Schleicher County, Texas","B16002_005",348,68
"7834","48413","Schleicher County, Texas","B16002_006",0,15
"7835","48413","Schleicher County, Texas","B16002_007",0,15
"7836","48413","Schleicher County, Texas","B16002_008",0,15
"7837","48413","Schleicher County, Texas","B16002_009",0,15
"7838","48413","Schleicher County, Texas","B16002_010",0,15
"7839","48413","Schleicher County, Texas","B16002_011",0,15
"7840","48413","Schleicher County, Texas","B16002_012",0,15
"7841","48413","Schleicher County, Texas","B16002_013",0,15
"7842","48413","Schleicher County, Texas","B16002_014",0,15
"7843","48413","Schleicher County, Texas","B16002_015",0,15
"7844","48413","Schleicher County, Texas","B16002_016",0,15
"7845","48413","Schleicher County, Texas","B16002_017",0,15
"7846","48413","Schleicher County, Texas","B16002_018",0,15
"7847","48413","Schleicher County, Texas","B16002_019",0,15
"7848","48413","Schleicher County, Texas","B16002_020",0,15
"7849","48413","Schleicher County, Texas","B16002_021",0,15
"7850","48413","Schleicher County, Texas","B16002_022",0,15
"7851","48413","Schleicher County, Texas","B16002_023",0,15
"7852","48413","Schleicher County, Texas","B16002_024",0,15
"7853","48413","Schleicher County, Texas","B16002_025",0,15
"7854","48413","Schleicher County, Texas","B16002_026",0,15
"7855","48413","Schleicher County, Texas","B16002_027",0,15
"7856","48413","Schleicher County, Texas","B16002_028",0,15
"7857","48413","Schleicher County, Texas","B16002_029",0,15
"7858","48413","Schleicher County, Texas","B16002_030",0,15
"7859","48413","Schleicher County, Texas","B16002_031",0,15
"7860","48413","Schleicher County, Texas","B16002_032",0,15
"7861","48413","Schleicher County, Texas","B16002_033",0,15
"7862","48413","Schleicher County, Texas","B16002_034",0,15
"7863","48413","Schleicher County, Texas","B16002_035",0,15
"7864","48413","Schleicher County, Texas","B16002_036",0,15
"7865","48413","Schleicher County, Texas","B16002_037",0,15
"7866","48413","Schleicher County, Texas","B16002_038",0,15
"7867","48415","Scurry County, Texas","B16002_001",5876,171
"7868","48415","Scurry County, Texas","B16002_002",4031,272
"7869","48415","Scurry County, Texas","B16002_003",1814,246
"7870","48415","Scurry County, Texas","B16002_004",285,129
"7871","48415","Scurry County, Texas","B16002_005",1529,255
"7872","48415","Scurry County, Texas","B16002_006",0,23
"7873","48415","Scurry County, Texas","B16002_007",0,23
"7874","48415","Scurry County, Texas","B16002_008",0,23
"7875","48415","Scurry County, Texas","B16002_009",0,23
"7876","48415","Scurry County, Texas","B16002_010",0,23
"7877","48415","Scurry County, Texas","B16002_011",0,23
"7878","48415","Scurry County, Texas","B16002_012",0,23
"7879","48415","Scurry County, Texas","B16002_013",0,23
"7880","48415","Scurry County, Texas","B16002_014",0,23
"7881","48415","Scurry County, Texas","B16002_015",0,23
"7882","48415","Scurry County, Texas","B16002_016",0,23
"7883","48415","Scurry County, Texas","B16002_017",0,23
"7884","48415","Scurry County, Texas","B16002_018",0,23
"7885","48415","Scurry County, Texas","B16002_019",0,23
"7886","48415","Scurry County, Texas","B16002_020",0,23
"7887","48415","Scurry County, Texas","B16002_021",8,14
"7888","48415","Scurry County, Texas","B16002_022",0,23
"7889","48415","Scurry County, Texas","B16002_023",8,14
"7890","48415","Scurry County, Texas","B16002_024",14,16
"7891","48415","Scurry County, Texas","B16002_025",0,23
"7892","48415","Scurry County, Texas","B16002_026",14,16
"7893","48415","Scurry County, Texas","B16002_027",7,12
"7894","48415","Scurry County, Texas","B16002_028",0,23
"7895","48415","Scurry County, Texas","B16002_029",7,12
"7896","48415","Scurry County, Texas","B16002_030",2,5
"7897","48415","Scurry County, Texas","B16002_031",0,23
"7898","48415","Scurry County, Texas","B16002_032",2,5
"7899","48415","Scurry County, Texas","B16002_033",0,23
"7900","48415","Scurry County, Texas","B16002_034",0,23
"7901","48415","Scurry County, Texas","B16002_035",0,23
"7902","48415","Scurry County, Texas","B16002_036",0,23
"7903","48415","Scurry County, Texas","B16002_037",0,23
"7904","48415","Scurry County, Texas","B16002_038",0,23
"7905","48417","Shackelford County, Texas","B16002_001",1293,74
"7906","48417","Shackelford County, Texas","B16002_002",1155,79
"7907","48417","Shackelford County, Texas","B16002_003",107,30
"7908","48417","Shackelford County, Texas","B16002_004",0,15
"7909","48417","Shackelford County, Texas","B16002_005",107,30
"7910","48417","Shackelford County, Texas","B16002_006",0,15
"7911","48417","Shackelford County, Texas","B16002_007",0,15
"7912","48417","Shackelford County, Texas","B16002_008",0,15
"7913","48417","Shackelford County, Texas","B16002_009",26,32
"7914","48417","Shackelford County, Texas","B16002_010",0,15
"7915","48417","Shackelford County, Texas","B16002_011",26,32
"7916","48417","Shackelford County, Texas","B16002_012",2,5
"7917","48417","Shackelford County, Texas","B16002_013",0,15
"7918","48417","Shackelford County, Texas","B16002_014",2,5
"7919","48417","Shackelford County, Texas","B16002_015",0,15
"7920","48417","Shackelford County, Texas","B16002_016",0,15
"7921","48417","Shackelford County, Texas","B16002_017",0,15
"7922","48417","Shackelford County, Texas","B16002_018",0,15
"7923","48417","Shackelford County, Texas","B16002_019",0,15
"7924","48417","Shackelford County, Texas","B16002_020",0,15
"7925","48417","Shackelford County, Texas","B16002_021",0,15
"7926","48417","Shackelford County, Texas","B16002_022",0,15
"7927","48417","Shackelford County, Texas","B16002_023",0,15
"7928","48417","Shackelford County, Texas","B16002_024",0,15
"7929","48417","Shackelford County, Texas","B16002_025",0,15
"7930","48417","Shackelford County, Texas","B16002_026",0,15
"7931","48417","Shackelford County, Texas","B16002_027",0,15
"7932","48417","Shackelford County, Texas","B16002_028",0,15
"7933","48417","Shackelford County, Texas","B16002_029",0,15
"7934","48417","Shackelford County, Texas","B16002_030",0,15
"7935","48417","Shackelford County, Texas","B16002_031",0,15
"7936","48417","Shackelford County, Texas","B16002_032",0,15
"7937","48417","Shackelford County, Texas","B16002_033",0,15
"7938","48417","Shackelford County, Texas","B16002_034",0,15
"7939","48417","Shackelford County, Texas","B16002_035",0,15
"7940","48417","Shackelford County, Texas","B16002_036",3,5
"7941","48417","Shackelford County, Texas","B16002_037",0,15
"7942","48417","Shackelford County, Texas","B16002_038",3,5
"7943","48419","Shelby County, Texas","B16002_001",9366,326
"7944","48419","Shelby County, Texas","B16002_002",8091,334
"7945","48419","Shelby County, Texas","B16002_003",1197,150
"7946","48419","Shelby County, Texas","B16002_004",267,106
"7947","48419","Shelby County, Texas","B16002_005",930,180
"7948","48419","Shelby County, Texas","B16002_006",3,6
"7949","48419","Shelby County, Texas","B16002_007",0,28
"7950","48419","Shelby County, Texas","B16002_008",3,6
"7951","48419","Shelby County, Texas","B16002_009",19,22
"7952","48419","Shelby County, Texas","B16002_010",0,28
"7953","48419","Shelby County, Texas","B16002_011",19,22
"7954","48419","Shelby County, Texas","B16002_012",0,28
"7955","48419","Shelby County, Texas","B16002_013",0,28
"7956","48419","Shelby County, Texas","B16002_014",0,28
"7957","48419","Shelby County, Texas","B16002_015",17,25
"7958","48419","Shelby County, Texas","B16002_016",0,28
"7959","48419","Shelby County, Texas","B16002_017",17,25
"7960","48419","Shelby County, Texas","B16002_018",0,28
"7961","48419","Shelby County, Texas","B16002_019",0,28
"7962","48419","Shelby County, Texas","B16002_020",0,28
"7963","48419","Shelby County, Texas","B16002_021",0,28
"7964","48419","Shelby County, Texas","B16002_022",0,28
"7965","48419","Shelby County, Texas","B16002_023",0,28
"7966","48419","Shelby County, Texas","B16002_024",0,28
"7967","48419","Shelby County, Texas","B16002_025",0,28
"7968","48419","Shelby County, Texas","B16002_026",0,28
"7969","48419","Shelby County, Texas","B16002_027",4,9
"7970","48419","Shelby County, Texas","B16002_028",0,28
"7971","48419","Shelby County, Texas","B16002_029",4,9
"7972","48419","Shelby County, Texas","B16002_030",35,71
"7973","48419","Shelby County, Texas","B16002_031",0,28
"7974","48419","Shelby County, Texas","B16002_032",35,71
"7975","48419","Shelby County, Texas","B16002_033",0,28
"7976","48419","Shelby County, Texas","B16002_034",0,28
"7977","48419","Shelby County, Texas","B16002_035",0,28
"7978","48419","Shelby County, Texas","B16002_036",0,28
"7979","48419","Shelby County, Texas","B16002_037",0,28
"7980","48419","Shelby County, Texas","B16002_038",0,28
"7981","48421","Sherman County, Texas","B16002_001",843,82
"7982","48421","Sherman County, Texas","B16002_002",521,62
"7983","48421","Sherman County, Texas","B16002_003",287,72
"7984","48421","Sherman County, Texas","B16002_004",117,53
"7985","48421","Sherman County, Texas","B16002_005",170,60
"7986","48421","Sherman County, Texas","B16002_006",0,15
"7987","48421","Sherman County, Texas","B16002_007",0,15
"7988","48421","Sherman County, Texas","B16002_008",0,15
"7989","48421","Sherman County, Texas","B16002_009",0,15
"7990","48421","Sherman County, Texas","B16002_010",0,15
"7991","48421","Sherman County, Texas","B16002_011",0,15
"7992","48421","Sherman County, Texas","B16002_012",0,15
"7993","48421","Sherman County, Texas","B16002_013",0,15
"7994","48421","Sherman County, Texas","B16002_014",0,15
"7995","48421","Sherman County, Texas","B16002_015",0,15
"7996","48421","Sherman County, Texas","B16002_016",0,15
"7997","48421","Sherman County, Texas","B16002_017",0,15
"7998","48421","Sherman County, Texas","B16002_018",0,15
"7999","48421","Sherman County, Texas","B16002_019",0,15
"8000","48421","Sherman County, Texas","B16002_020",0,15
"8001","48421","Sherman County, Texas","B16002_021",0,15
"8002","48421","Sherman County, Texas","B16002_022",0,15
"8003","48421","Sherman County, Texas","B16002_023",0,15
"8004","48421","Sherman County, Texas","B16002_024",0,15
"8005","48421","Sherman County, Texas","B16002_025",0,15
"8006","48421","Sherman County, Texas","B16002_026",0,15
"8007","48421","Sherman County, Texas","B16002_027",35,39
"8008","48421","Sherman County, Texas","B16002_028",0,15
"8009","48421","Sherman County, Texas","B16002_029",35,39
"8010","48421","Sherman County, Texas","B16002_030",0,15
"8011","48421","Sherman County, Texas","B16002_031",0,15
"8012","48421","Sherman County, Texas","B16002_032",0,15
"8013","48421","Sherman County, Texas","B16002_033",0,15
"8014","48421","Sherman County, Texas","B16002_034",0,15
"8015","48421","Sherman County, Texas","B16002_035",0,15
"8016","48421","Sherman County, Texas","B16002_036",0,15
"8017","48421","Sherman County, Texas","B16002_037",0,15
"8018","48421","Sherman County, Texas","B16002_038",0,15
"8019","48423","Smith County, Texas","B16002_001",83134,1163
"8020","48423","Smith County, Texas","B16002_002",68781,1153
"8021","48423","Smith County, Texas","B16002_003",11881,574
"8022","48423","Smith County, Texas","B16002_004",2275,443
"8023","48423","Smith County, Texas","B16002_005",9606,663
"8024","48423","Smith County, Texas","B16002_006",167,93
"8025","48423","Smith County, Texas","B16002_007",0,35
"8026","48423","Smith County, Texas","B16002_008",167,93
"8027","48423","Smith County, Texas","B16002_009",229,142
"8028","48423","Smith County, Texas","B16002_010",8,14
"8029","48423","Smith County, Texas","B16002_011",221,140
"8030","48423","Smith County, Texas","B16002_012",28,36
"8031","48423","Smith County, Texas","B16002_013",0,35
"8032","48423","Smith County, Texas","B16002_014",28,36
"8033","48423","Smith County, Texas","B16002_015",429,119
"8034","48423","Smith County, Texas","B16002_016",26,26
"8035","48423","Smith County, Texas","B16002_017",403,116
"8036","48423","Smith County, Texas","B16002_018",28,29
"8037","48423","Smith County, Texas","B16002_019",10,16
"8038","48423","Smith County, Texas","B16002_020",18,27
"8039","48423","Smith County, Texas","B16002_021",108,74
"8040","48423","Smith County, Texas","B16002_022",37,35
"8041","48423","Smith County, Texas","B16002_023",71,60
"8042","48423","Smith County, Texas","B16002_024",262,111
"8043","48423","Smith County, Texas","B16002_025",45,70
"8044","48423","Smith County, Texas","B16002_026",217,91
"8045","48423","Smith County, Texas","B16002_027",355,173
"8046","48423","Smith County, Texas","B16002_028",21,29
"8047","48423","Smith County, Texas","B16002_029",334,171
"8048","48423","Smith County, Texas","B16002_030",180,91
"8049","48423","Smith County, Texas","B16002_031",15,22
"8050","48423","Smith County, Texas","B16002_032",165,88
"8051","48423","Smith County, Texas","B16002_033",106,74
"8052","48423","Smith County, Texas","B16002_034",0,35
"8053","48423","Smith County, Texas","B16002_035",106,74
"8054","48423","Smith County, Texas","B16002_036",580,214
"8055","48423","Smith County, Texas","B16002_037",64,55
"8056","48423","Smith County, Texas","B16002_038",516,200
"8057","48425","Somervell County, Texas","B16002_001",3713,148
"8058","48425","Somervell County, Texas","B16002_002",3113,161
"8059","48425","Somervell County, Texas","B16002_003",550,103
"8060","48425","Somervell County, Texas","B16002_004",61,73
"8061","48425","Somervell County, Texas","B16002_005",489,115
"8062","48425","Somervell County, Texas","B16002_006",18,30
"8063","48425","Somervell County, Texas","B16002_007",0,21
"8064","48425","Somervell County, Texas","B16002_008",18,30
"8065","48425","Somervell County, Texas","B16002_009",0,21
"8066","48425","Somervell County, Texas","B16002_010",0,21
"8067","48425","Somervell County, Texas","B16002_011",0,21
"8068","48425","Somervell County, Texas","B16002_012",0,21
"8069","48425","Somervell County, Texas","B16002_013",0,21
"8070","48425","Somervell County, Texas","B16002_014",0,21
"8071","48425","Somervell County, Texas","B16002_015",32,36
"8072","48425","Somervell County, Texas","B16002_016",0,21
"8073","48425","Somervell County, Texas","B16002_017",32,36
"8074","48425","Somervell County, Texas","B16002_018",0,21
"8075","48425","Somervell County, Texas","B16002_019",0,21
"8076","48425","Somervell County, Texas","B16002_020",0,21
"8077","48425","Somervell County, Texas","B16002_021",0,21
"8078","48425","Somervell County, Texas","B16002_022",0,21
"8079","48425","Somervell County, Texas","B16002_023",0,21
"8080","48425","Somervell County, Texas","B16002_024",0,21
"8081","48425","Somervell County, Texas","B16002_025",0,21
"8082","48425","Somervell County, Texas","B16002_026",0,21
"8083","48425","Somervell County, Texas","B16002_027",0,21
"8084","48425","Somervell County, Texas","B16002_028",0,21
"8085","48425","Somervell County, Texas","B16002_029",0,21
"8086","48425","Somervell County, Texas","B16002_030",0,21
"8087","48425","Somervell County, Texas","B16002_031",0,21
"8088","48425","Somervell County, Texas","B16002_032",0,21
"8089","48425","Somervell County, Texas","B16002_033",0,21
"8090","48425","Somervell County, Texas","B16002_034",0,21
"8091","48425","Somervell County, Texas","B16002_035",0,21
"8092","48425","Somervell County, Texas","B16002_036",0,21
"8093","48425","Somervell County, Texas","B16002_037",0,21
"8094","48425","Somervell County, Texas","B16002_038",0,21
"8095","48427","Starr County, Texas","B16002_001",19157,453
"8096","48427","Starr County, Texas","B16002_002",597,207
"8097","48427","Starr County, Texas","B16002_003",18504,488
"8098","48427","Starr County, Texas","B16002_004",6133,540
"8099","48427","Starr County, Texas","B16002_005",12371,623
"8100","48427","Starr County, Texas","B16002_006",0,35
"8101","48427","Starr County, Texas","B16002_007",0,35
"8102","48427","Starr County, Texas","B16002_008",0,35
"8103","48427","Starr County, Texas","B16002_009",31,49
"8104","48427","Starr County, Texas","B16002_010",0,35
"8105","48427","Starr County, Texas","B16002_011",31,49
"8106","48427","Starr County, Texas","B16002_012",0,35
"8107","48427","Starr County, Texas","B16002_013",0,35
"8108","48427","Starr County, Texas","B16002_014",0,35
"8109","48427","Starr County, Texas","B16002_015",0,35
"8110","48427","Starr County, Texas","B16002_016",0,35
"8111","48427","Starr County, Texas","B16002_017",0,35
"8112","48427","Starr County, Texas","B16002_018",0,35
"8113","48427","Starr County, Texas","B16002_019",0,35
"8114","48427","Starr County, Texas","B16002_020",0,35
"8115","48427","Starr County, Texas","B16002_021",0,35
"8116","48427","Starr County, Texas","B16002_022",0,35
"8117","48427","Starr County, Texas","B16002_023",0,35
"8118","48427","Starr County, Texas","B16002_024",13,21
"8119","48427","Starr County, Texas","B16002_025",0,35
"8120","48427","Starr County, Texas","B16002_026",13,21
"8121","48427","Starr County, Texas","B16002_027",0,35
"8122","48427","Starr County, Texas","B16002_028",0,35
"8123","48427","Starr County, Texas","B16002_029",0,35
"8124","48427","Starr County, Texas","B16002_030",12,22
"8125","48427","Starr County, Texas","B16002_031",0,35
"8126","48427","Starr County, Texas","B16002_032",12,22
"8127","48427","Starr County, Texas","B16002_033",0,35
"8128","48427","Starr County, Texas","B16002_034",0,35
"8129","48427","Starr County, Texas","B16002_035",0,35
"8130","48427","Starr County, Texas","B16002_036",0,35
"8131","48427","Starr County, Texas","B16002_037",0,35
"8132","48427","Starr County, Texas","B16002_038",0,35
"8133","48429","Stephens County, Texas","B16002_001",3623,242
"8134","48429","Stephens County, Texas","B16002_002",3052,217
"8135","48429","Stephens County, Texas","B16002_003",539,154
"8136","48429","Stephens County, Texas","B16002_004",147,100
"8137","48429","Stephens County, Texas","B16002_005",392,122
"8138","48429","Stephens County, Texas","B16002_006",0,21
"8139","48429","Stephens County, Texas","B16002_007",0,21
"8140","48429","Stephens County, Texas","B16002_008",0,21
"8141","48429","Stephens County, Texas","B16002_009",0,21
"8142","48429","Stephens County, Texas","B16002_010",0,21
"8143","48429","Stephens County, Texas","B16002_011",0,21
"8144","48429","Stephens County, Texas","B16002_012",0,21
"8145","48429","Stephens County, Texas","B16002_013",0,21
"8146","48429","Stephens County, Texas","B16002_014",0,21
"8147","48429","Stephens County, Texas","B16002_015",12,15
"8148","48429","Stephens County, Texas","B16002_016",5,8
"8149","48429","Stephens County, Texas","B16002_017",7,11
"8150","48429","Stephens County, Texas","B16002_018",0,21
"8151","48429","Stephens County, Texas","B16002_019",0,21
"8152","48429","Stephens County, Texas","B16002_020",0,21
"8153","48429","Stephens County, Texas","B16002_021",0,21
"8154","48429","Stephens County, Texas","B16002_022",0,21
"8155","48429","Stephens County, Texas","B16002_023",0,21
"8156","48429","Stephens County, Texas","B16002_024",8,7
"8157","48429","Stephens County, Texas","B16002_025",0,21
"8158","48429","Stephens County, Texas","B16002_026",8,7
"8159","48429","Stephens County, Texas","B16002_027",0,21
"8160","48429","Stephens County, Texas","B16002_028",0,21
"8161","48429","Stephens County, Texas","B16002_029",0,21
"8162","48429","Stephens County, Texas","B16002_030",12,20
"8163","48429","Stephens County, Texas","B16002_031",12,20
"8164","48429","Stephens County, Texas","B16002_032",0,21
"8165","48429","Stephens County, Texas","B16002_033",0,21
"8166","48429","Stephens County, Texas","B16002_034",0,21
"8167","48429","Stephens County, Texas","B16002_035",0,21
"8168","48429","Stephens County, Texas","B16002_036",0,21
"8169","48429","Stephens County, Texas","B16002_037",0,21
"8170","48429","Stephens County, Texas","B16002_038",0,21
"8171","48431","Sterling County, Texas","B16002_001",399,66
"8172","48431","Sterling County, Texas","B16002_002",299,68
"8173","48431","Sterling County, Texas","B16002_003",100,40
"8174","48431","Sterling County, Texas","B16002_004",6,11
"8175","48431","Sterling County, Texas","B16002_005",94,38
"8176","48431","Sterling County, Texas","B16002_006",0,15
"8177","48431","Sterling County, Texas","B16002_007",0,15
"8178","48431","Sterling County, Texas","B16002_008",0,15
"8179","48431","Sterling County, Texas","B16002_009",0,15
"8180","48431","Sterling County, Texas","B16002_010",0,15
"8181","48431","Sterling County, Texas","B16002_011",0,15
"8182","48431","Sterling County, Texas","B16002_012",0,15
"8183","48431","Sterling County, Texas","B16002_013",0,15
"8184","48431","Sterling County, Texas","B16002_014",0,15
"8185","48431","Sterling County, Texas","B16002_015",0,15
"8186","48431","Sterling County, Texas","B16002_016",0,15
"8187","48431","Sterling County, Texas","B16002_017",0,15
"8188","48431","Sterling County, Texas","B16002_018",0,15
"8189","48431","Sterling County, Texas","B16002_019",0,15
"8190","48431","Sterling County, Texas","B16002_020",0,15
"8191","48431","Sterling County, Texas","B16002_021",0,15
"8192","48431","Sterling County, Texas","B16002_022",0,15
"8193","48431","Sterling County, Texas","B16002_023",0,15
"8194","48431","Sterling County, Texas","B16002_024",0,15
"8195","48431","Sterling County, Texas","B16002_025",0,15
"8196","48431","Sterling County, Texas","B16002_026",0,15
"8197","48431","Sterling County, Texas","B16002_027",0,15
"8198","48431","Sterling County, Texas","B16002_028",0,15
"8199","48431","Sterling County, Texas","B16002_029",0,15
"8200","48431","Sterling County, Texas","B16002_030",0,15
"8201","48431","Sterling County, Texas","B16002_031",0,15
"8202","48431","Sterling County, Texas","B16002_032",0,15
"8203","48431","Sterling County, Texas","B16002_033",0,15
"8204","48431","Sterling County, Texas","B16002_034",0,15
"8205","48431","Sterling County, Texas","B16002_035",0,15
"8206","48431","Sterling County, Texas","B16002_036",0,15
"8207","48431","Sterling County, Texas","B16002_037",0,15
"8208","48431","Sterling County, Texas","B16002_038",0,15
"8209","48433","Stonewall County, Texas","B16002_001",513,70
"8210","48433","Stonewall County, Texas","B16002_002",470,73
"8211","48433","Stonewall County, Texas","B16002_003",43,36
"8212","48433","Stonewall County, Texas","B16002_004",16,26
"8213","48433","Stonewall County, Texas","B16002_005",27,23
"8214","48433","Stonewall County, Texas","B16002_006",0,15
"8215","48433","Stonewall County, Texas","B16002_007",0,15
"8216","48433","Stonewall County, Texas","B16002_008",0,15
"8217","48433","Stonewall County, Texas","B16002_009",0,15
"8218","48433","Stonewall County, Texas","B16002_010",0,15
"8219","48433","Stonewall County, Texas","B16002_011",0,15
"8220","48433","Stonewall County, Texas","B16002_012",0,15
"8221","48433","Stonewall County, Texas","B16002_013",0,15
"8222","48433","Stonewall County, Texas","B16002_014",0,15
"8223","48433","Stonewall County, Texas","B16002_015",0,15
"8224","48433","Stonewall County, Texas","B16002_016",0,15
"8225","48433","Stonewall County, Texas","B16002_017",0,15
"8226","48433","Stonewall County, Texas","B16002_018",0,15
"8227","48433","Stonewall County, Texas","B16002_019",0,15
"8228","48433","Stonewall County, Texas","B16002_020",0,15
"8229","48433","Stonewall County, Texas","B16002_021",0,15
"8230","48433","Stonewall County, Texas","B16002_022",0,15
"8231","48433","Stonewall County, Texas","B16002_023",0,15
"8232","48433","Stonewall County, Texas","B16002_024",0,15
"8233","48433","Stonewall County, Texas","B16002_025",0,15
"8234","48433","Stonewall County, Texas","B16002_026",0,15
"8235","48433","Stonewall County, Texas","B16002_027",0,15
"8236","48433","Stonewall County, Texas","B16002_028",0,15
"8237","48433","Stonewall County, Texas","B16002_029",0,15
"8238","48433","Stonewall County, Texas","B16002_030",0,15
"8239","48433","Stonewall County, Texas","B16002_031",0,15
"8240","48433","Stonewall County, Texas","B16002_032",0,15
"8241","48433","Stonewall County, Texas","B16002_033",0,15
"8242","48433","Stonewall County, Texas","B16002_034",0,15
"8243","48433","Stonewall County, Texas","B16002_035",0,15
"8244","48433","Stonewall County, Texas","B16002_036",0,15
"8245","48433","Stonewall County, Texas","B16002_037",0,15
"8246","48433","Stonewall County, Texas","B16002_038",0,15
"8247","48435","Sutton County, Texas","B16002_001",1273,183
"8248","48435","Sutton County, Texas","B16002_002",606,164
"8249","48435","Sutton County, Texas","B16002_003",667,136
"8250","48435","Sutton County, Texas","B16002_004",74,49
"8251","48435","Sutton County, Texas","B16002_005",593,121
"8252","48435","Sutton County, Texas","B16002_006",0,15
"8253","48435","Sutton County, Texas","B16002_007",0,15
"8254","48435","Sutton County, Texas","B16002_008",0,15
"8255","48435","Sutton County, Texas","B16002_009",0,15
"8256","48435","Sutton County, Texas","B16002_010",0,15
"8257","48435","Sutton County, Texas","B16002_011",0,15
"8258","48435","Sutton County, Texas","B16002_012",0,15
"8259","48435","Sutton County, Texas","B16002_013",0,15
"8260","48435","Sutton County, Texas","B16002_014",0,15
"8261","48435","Sutton County, Texas","B16002_015",0,15
"8262","48435","Sutton County, Texas","B16002_016",0,15
"8263","48435","Sutton County, Texas","B16002_017",0,15
"8264","48435","Sutton County, Texas","B16002_018",0,15
"8265","48435","Sutton County, Texas","B16002_019",0,15
"8266","48435","Sutton County, Texas","B16002_020",0,15
"8267","48435","Sutton County, Texas","B16002_021",0,15
"8268","48435","Sutton County, Texas","B16002_022",0,15
"8269","48435","Sutton County, Texas","B16002_023",0,15
"8270","48435","Sutton County, Texas","B16002_024",0,15
"8271","48435","Sutton County, Texas","B16002_025",0,15
"8272","48435","Sutton County, Texas","B16002_026",0,15
"8273","48435","Sutton County, Texas","B16002_027",0,15
"8274","48435","Sutton County, Texas","B16002_028",0,15
"8275","48435","Sutton County, Texas","B16002_029",0,15
"8276","48435","Sutton County, Texas","B16002_030",0,15
"8277","48435","Sutton County, Texas","B16002_031",0,15
"8278","48435","Sutton County, Texas","B16002_032",0,15
"8279","48435","Sutton County, Texas","B16002_033",0,15
"8280","48435","Sutton County, Texas","B16002_034",0,15
"8281","48435","Sutton County, Texas","B16002_035",0,15
"8282","48435","Sutton County, Texas","B16002_036",0,15
"8283","48435","Sutton County, Texas","B16002_037",0,15
"8284","48435","Sutton County, Texas","B16002_038",0,15
"8285","48437","Swisher County, Texas","B16002_001",2383,158
"8286","48437","Swisher County, Texas","B16002_002",1663,178
"8287","48437","Swisher County, Texas","B16002_003",686,148
"8288","48437","Swisher County, Texas","B16002_004",82,73
"8289","48437","Swisher County, Texas","B16002_005",604,136
"8290","48437","Swisher County, Texas","B16002_006",0,21
"8291","48437","Swisher County, Texas","B16002_007",0,21
"8292","48437","Swisher County, Texas","B16002_008",0,21
"8293","48437","Swisher County, Texas","B16002_009",0,21
"8294","48437","Swisher County, Texas","B16002_010",0,21
"8295","48437","Swisher County, Texas","B16002_011",0,21
"8296","48437","Swisher County, Texas","B16002_012",0,21
"8297","48437","Swisher County, Texas","B16002_013",0,21
"8298","48437","Swisher County, Texas","B16002_014",0,21
"8299","48437","Swisher County, Texas","B16002_015",0,21
"8300","48437","Swisher County, Texas","B16002_016",0,21
"8301","48437","Swisher County, Texas","B16002_017",0,21
"8302","48437","Swisher County, Texas","B16002_018",7,11
"8303","48437","Swisher County, Texas","B16002_019",0,21
"8304","48437","Swisher County, Texas","B16002_020",7,11
"8305","48437","Swisher County, Texas","B16002_021",2,4
"8306","48437","Swisher County, Texas","B16002_022",2,4
"8307","48437","Swisher County, Texas","B16002_023",0,21
"8308","48437","Swisher County, Texas","B16002_024",0,21
"8309","48437","Swisher County, Texas","B16002_025",0,21
"8310","48437","Swisher County, Texas","B16002_026",0,21
"8311","48437","Swisher County, Texas","B16002_027",0,21
"8312","48437","Swisher County, Texas","B16002_028",0,21
"8313","48437","Swisher County, Texas","B16002_029",0,21
"8314","48437","Swisher County, Texas","B16002_030",0,21
"8315","48437","Swisher County, Texas","B16002_031",0,21
"8316","48437","Swisher County, Texas","B16002_032",0,21
"8317","48437","Swisher County, Texas","B16002_033",11,21
"8318","48437","Swisher County, Texas","B16002_034",0,21
"8319","48437","Swisher County, Texas","B16002_035",11,21
"8320","48437","Swisher County, Texas","B16002_036",14,21
"8321","48437","Swisher County, Texas","B16002_037",0,21
"8322","48437","Swisher County, Texas","B16002_038",14,21
"8323","48439","Tarrant County, Texas","B16002_001",782419,2389
"8324","48439","Tarrant County, Texas","B16002_002",546593,3362
"8325","48439","Tarrant County, Texas","B16002_003",161006,2530
"8326","48439","Tarrant County, Texas","B16002_004",29901,1625
"8327","48439","Tarrant County, Texas","B16002_005",131105,2456
"8328","48439","Tarrant County, Texas","B16002_006",6281,921
"8329","48439","Tarrant County, Texas","B16002_007",1148,336
"8330","48439","Tarrant County, Texas","B16002_008",5133,881
"8331","48439","Tarrant County, Texas","B16002_009",2682,407
"8332","48439","Tarrant County, Texas","B16002_010",100,78
"8333","48439","Tarrant County, Texas","B16002_011",2582,405
"8334","48439","Tarrant County, Texas","B16002_012",1826,278
"8335","48439","Tarrant County, Texas","B16002_013",269,147
"8336","48439","Tarrant County, Texas","B16002_014",1557,286
"8337","48439","Tarrant County, Texas","B16002_015",16567,1177
"8338","48439","Tarrant County, Texas","B16002_016",2051,404
"8339","48439","Tarrant County, Texas","B16002_017",14516,1116
"8340","48439","Tarrant County, Texas","B16002_018",2324,432
"8341","48439","Tarrant County, Texas","B16002_019",526,185
"8342","48439","Tarrant County, Texas","B16002_020",1798,356
"8343","48439","Tarrant County, Texas","B16002_021",4103,529
"8344","48439","Tarrant County, Texas","B16002_022",972,272
"8345","48439","Tarrant County, Texas","B16002_023",3131,540
"8346","48439","Tarrant County, Texas","B16002_024",10345,700
"8347","48439","Tarrant County, Texas","B16002_025",3296,558
"8348","48439","Tarrant County, Texas","B16002_026",7049,608
"8349","48439","Tarrant County, Texas","B16002_027",2990,450
"8350","48439","Tarrant County, Texas","B16002_028",260,131
"8351","48439","Tarrant County, Texas","B16002_029",2730,404
"8352","48439","Tarrant County, Texas","B16002_030",8714,719
"8353","48439","Tarrant County, Texas","B16002_031",1406,269
"8354","48439","Tarrant County, Texas","B16002_032",7308,662
"8355","48439","Tarrant County, Texas","B16002_033",6797,838
"8356","48439","Tarrant County, Texas","B16002_034",1179,355
"8357","48439","Tarrant County, Texas","B16002_035",5618,846
"8358","48439","Tarrant County, Texas","B16002_036",12191,1227
"8359","48439","Tarrant County, Texas","B16002_037",1421,351
"8360","48439","Tarrant County, Texas","B16002_038",10770,1166
"8361","48441","Taylor County, Texas","B16002_001",54934,776
"8362","48441","Taylor County, Texas","B16002_002",42406,991
"8363","48441","Taylor County, Texas","B16002_003",10061,669
"8364","48441","Taylor County, Texas","B16002_004",734,226
"8365","48441","Taylor County, Texas","B16002_005",9327,728
"8366","48441","Taylor County, Texas","B16002_006",135,77
"8367","48441","Taylor County, Texas","B16002_007",16,18
"8368","48441","Taylor County, Texas","B16002_008",119,72
"8369","48441","Taylor County, Texas","B16002_009",338,218
"8370","48441","Taylor County, Texas","B16002_010",2,4
"8371","48441","Taylor County, Texas","B16002_011",336,216
"8372","48441","Taylor County, Texas","B16002_012",29,29
"8373","48441","Taylor County, Texas","B16002_013",10,16
"8374","48441","Taylor County, Texas","B16002_014",19,24
"8375","48441","Taylor County, Texas","B16002_015",238,112
"8376","48441","Taylor County, Texas","B16002_016",0,35
"8377","48441","Taylor County, Texas","B16002_017",238,112
"8378","48441","Taylor County, Texas","B16002_018",69,42
"8379","48441","Taylor County, Texas","B16002_019",17,24
"8380","48441","Taylor County, Texas","B16002_020",52,34
"8381","48441","Taylor County, Texas","B16002_021",278,305
"8382","48441","Taylor County, Texas","B16002_022",8,14
"8383","48441","Taylor County, Texas","B16002_023",270,304
"8384","48441","Taylor County, Texas","B16002_024",205,122
"8385","48441","Taylor County, Texas","B16002_025",11,17
"8386","48441","Taylor County, Texas","B16002_026",194,124
"8387","48441","Taylor County, Texas","B16002_027",416,144
"8388","48441","Taylor County, Texas","B16002_028",39,38
"8389","48441","Taylor County, Texas","B16002_029",377,147
"8390","48441","Taylor County, Texas","B16002_030",236,166
"8391","48441","Taylor County, Texas","B16002_031",29,36
"8392","48441","Taylor County, Texas","B16002_032",207,158
"8393","48441","Taylor County, Texas","B16002_033",18,29
"8394","48441","Taylor County, Texas","B16002_034",0,35
"8395","48441","Taylor County, Texas","B16002_035",18,29
"8396","48441","Taylor County, Texas","B16002_036",505,277
"8397","48441","Taylor County, Texas","B16002_037",261,188
"8398","48441","Taylor County, Texas","B16002_038",244,197
"8399","48443","Terrell County, Texas","B16002_001",451,147
"8400","48443","Terrell County, Texas","B16002_002",272,115
"8401","48443","Terrell County, Texas","B16002_003",179,72
"8402","48443","Terrell County, Texas","B16002_004",13,15
"8403","48443","Terrell County, Texas","B16002_005",166,69
"8404","48443","Terrell County, Texas","B16002_006",0,15
"8405","48443","Terrell County, Texas","B16002_007",0,15
"8406","48443","Terrell County, Texas","B16002_008",0,15
"8407","48443","Terrell County, Texas","B16002_009",0,15
"8408","48443","Terrell County, Texas","B16002_010",0,15
"8409","48443","Terrell County, Texas","B16002_011",0,15
"8410","48443","Terrell County, Texas","B16002_012",0,15
"8411","48443","Terrell County, Texas","B16002_013",0,15
"8412","48443","Terrell County, Texas","B16002_014",0,15
"8413","48443","Terrell County, Texas","B16002_015",0,15
"8414","48443","Terrell County, Texas","B16002_016",0,15
"8415","48443","Terrell County, Texas","B16002_017",0,15
"8416","48443","Terrell County, Texas","B16002_018",0,15
"8417","48443","Terrell County, Texas","B16002_019",0,15
"8418","48443","Terrell County, Texas","B16002_020",0,15
"8419","48443","Terrell County, Texas","B16002_021",0,15
"8420","48443","Terrell County, Texas","B16002_022",0,15
"8421","48443","Terrell County, Texas","B16002_023",0,15
"8422","48443","Terrell County, Texas","B16002_024",0,15
"8423","48443","Terrell County, Texas","B16002_025",0,15
"8424","48443","Terrell County, Texas","B16002_026",0,15
"8425","48443","Terrell County, Texas","B16002_027",0,15
"8426","48443","Terrell County, Texas","B16002_028",0,15
"8427","48443","Terrell County, Texas","B16002_029",0,15
"8428","48443","Terrell County, Texas","B16002_030",0,15
"8429","48443","Terrell County, Texas","B16002_031",0,15
"8430","48443","Terrell County, Texas","B16002_032",0,15
"8431","48443","Terrell County, Texas","B16002_033",0,15
"8432","48443","Terrell County, Texas","B16002_034",0,15
"8433","48443","Terrell County, Texas","B16002_035",0,15
"8434","48443","Terrell County, Texas","B16002_036",0,15
"8435","48443","Terrell County, Texas","B16002_037",0,15
"8436","48443","Terrell County, Texas","B16002_038",0,15
"8437","48445","Terry County, Texas","B16002_001",4297,173
"8438","48445","Terry County, Texas","B16002_002",1962,251
"8439","48445","Terry County, Texas","B16002_003",2246,234
"8440","48445","Terry County, Texas","B16002_004",331,144
"8441","48445","Terry County, Texas","B16002_005",1915,264
"8442","48445","Terry County, Texas","B16002_006",0,23
"8443","48445","Terry County, Texas","B16002_007",0,23
"8444","48445","Terry County, Texas","B16002_008",0,23
"8445","48445","Terry County, Texas","B16002_009",81,57
"8446","48445","Terry County, Texas","B16002_010",17,28
"8447","48445","Terry County, Texas","B16002_011",64,45
"8448","48445","Terry County, Texas","B16002_012",0,23
"8449","48445","Terry County, Texas","B16002_013",0,23
"8450","48445","Terry County, Texas","B16002_014",0,23
"8451","48445","Terry County, Texas","B16002_015",0,23
"8452","48445","Terry County, Texas","B16002_016",0,23
"8453","48445","Terry County, Texas","B16002_017",0,23
"8454","48445","Terry County, Texas","B16002_018",0,23
"8455","48445","Terry County, Texas","B16002_019",0,23
"8456","48445","Terry County, Texas","B16002_020",0,23
"8457","48445","Terry County, Texas","B16002_021",0,23
"8458","48445","Terry County, Texas","B16002_022",0,23
"8459","48445","Terry County, Texas","B16002_023",0,23
"8460","48445","Terry County, Texas","B16002_024",0,23
"8461","48445","Terry County, Texas","B16002_025",0,23
"8462","48445","Terry County, Texas","B16002_026",0,23
"8463","48445","Terry County, Texas","B16002_027",1,4
"8464","48445","Terry County, Texas","B16002_028",0,23
"8465","48445","Terry County, Texas","B16002_029",1,4
"8466","48445","Terry County, Texas","B16002_030",0,23
"8467","48445","Terry County, Texas","B16002_031",0,23
"8468","48445","Terry County, Texas","B16002_032",0,23
"8469","48445","Terry County, Texas","B16002_033",0,23
"8470","48445","Terry County, Texas","B16002_034",0,23
"8471","48445","Terry County, Texas","B16002_035",0,23
"8472","48445","Terry County, Texas","B16002_036",7,14
"8473","48445","Terry County, Texas","B16002_037",0,23
"8474","48445","Terry County, Texas","B16002_038",7,14
"8475","48447","Throckmorton County, Texas","B16002_001",737,60
"8476","48447","Throckmorton County, Texas","B16002_002",672,58
"8477","48447","Throckmorton County, Texas","B16002_003",49,26
"8478","48447","Throckmorton County, Texas","B16002_004",12,17
"8479","48447","Throckmorton County, Texas","B16002_005",37,23
"8480","48447","Throckmorton County, Texas","B16002_006",0,15
"8481","48447","Throckmorton County, Texas","B16002_007",0,15
"8482","48447","Throckmorton County, Texas","B16002_008",0,15
"8483","48447","Throckmorton County, Texas","B16002_009",5,7
"8484","48447","Throckmorton County, Texas","B16002_010",0,15
"8485","48447","Throckmorton County, Texas","B16002_011",5,7
"8486","48447","Throckmorton County, Texas","B16002_012",5,7
"8487","48447","Throckmorton County, Texas","B16002_013",0,15
"8488","48447","Throckmorton County, Texas","B16002_014",5,7
"8489","48447","Throckmorton County, Texas","B16002_015",0,15
"8490","48447","Throckmorton County, Texas","B16002_016",0,15
"8491","48447","Throckmorton County, Texas","B16002_017",0,15
"8492","48447","Throckmorton County, Texas","B16002_018",0,15
"8493","48447","Throckmorton County, Texas","B16002_019",0,15
"8494","48447","Throckmorton County, Texas","B16002_020",0,15
"8495","48447","Throckmorton County, Texas","B16002_021",0,15
"8496","48447","Throckmorton County, Texas","B16002_022",0,15
"8497","48447","Throckmorton County, Texas","B16002_023",0,15
"8498","48447","Throckmorton County, Texas","B16002_024",0,15
"8499","48447","Throckmorton County, Texas","B16002_025",0,15
"8500","48447","Throckmorton County, Texas","B16002_026",0,15
"8501","48447","Throckmorton County, Texas","B16002_027",6,7
"8502","48447","Throckmorton County, Texas","B16002_028",0,15
"8503","48447","Throckmorton County, Texas","B16002_029",6,7
"8504","48447","Throckmorton County, Texas","B16002_030",0,15
"8505","48447","Throckmorton County, Texas","B16002_031",0,15
"8506","48447","Throckmorton County, Texas","B16002_032",0,15
"8507","48447","Throckmorton County, Texas","B16002_033",0,15
"8508","48447","Throckmorton County, Texas","B16002_034",0,15
"8509","48447","Throckmorton County, Texas","B16002_035",0,15
"8510","48447","Throckmorton County, Texas","B16002_036",0,15
"8511","48447","Throckmorton County, Texas","B16002_037",0,15
"8512","48447","Throckmorton County, Texas","B16002_038",0,15
"8513","48449","Titus County, Texas","B16002_001",11156,193
"8514","48449","Titus County, Texas","B16002_002",7294,257
"8515","48449","Titus County, Texas","B16002_003",3840,260
"8516","48449","Titus County, Texas","B16002_004",737,192
"8517","48449","Titus County, Texas","B16002_005",3103,249
"8518","48449","Titus County, Texas","B16002_006",7,11
"8519","48449","Titus County, Texas","B16002_007",0,31
"8520","48449","Titus County, Texas","B16002_008",7,11
"8521","48449","Titus County, Texas","B16002_009",0,31
"8522","48449","Titus County, Texas","B16002_010",0,31
"8523","48449","Titus County, Texas","B16002_011",0,31
"8524","48449","Titus County, Texas","B16002_012",8,12
"8525","48449","Titus County, Texas","B16002_013",8,12
"8526","48449","Titus County, Texas","B16002_014",0,31
"8527","48449","Titus County, Texas","B16002_015",5,9
"8528","48449","Titus County, Texas","B16002_016",0,31
"8529","48449","Titus County, Texas","B16002_017",5,9
"8530","48449","Titus County, Texas","B16002_018",0,31
"8531","48449","Titus County, Texas","B16002_019",0,31
"8532","48449","Titus County, Texas","B16002_020",0,31
"8533","48449","Titus County, Texas","B16002_021",0,31
"8534","48449","Titus County, Texas","B16002_022",0,31
"8535","48449","Titus County, Texas","B16002_023",0,31
"8536","48449","Titus County, Texas","B16002_024",0,31
"8537","48449","Titus County, Texas","B16002_025",0,31
"8538","48449","Titus County, Texas","B16002_026",0,31
"8539","48449","Titus County, Texas","B16002_027",0,31
"8540","48449","Titus County, Texas","B16002_028",0,31
"8541","48449","Titus County, Texas","B16002_029",0,31
"8542","48449","Titus County, Texas","B16002_030",0,31
"8543","48449","Titus County, Texas","B16002_031",0,31
"8544","48449","Titus County, Texas","B16002_032",0,31
"8545","48449","Titus County, Texas","B16002_033",0,31
"8546","48449","Titus County, Texas","B16002_034",0,31
"8547","48449","Titus County, Texas","B16002_035",0,31
"8548","48449","Titus County, Texas","B16002_036",2,4
"8549","48449","Titus County, Texas","B16002_037",2,4
"8550","48449","Titus County, Texas","B16002_038",0,31
"8551","48451","Tom Green County, Texas","B16002_001",46756,659
"8552","48451","Tom Green County, Texas","B16002_002",32963,892
"8553","48451","Tom Green County, Texas","B16002_003",12246,629
"8554","48451","Tom Green County, Texas","B16002_004",1308,280
"8555","48451","Tom Green County, Texas","B16002_005",10938,679
"8556","48451","Tom Green County, Texas","B16002_006",187,105
"8557","48451","Tom Green County, Texas","B16002_007",0,35
"8558","48451","Tom Green County, Texas","B16002_008",187,105
"8559","48451","Tom Green County, Texas","B16002_009",391,198
"8560","48451","Tom Green County, Texas","B16002_010",92,109
"8561","48451","Tom Green County, Texas","B16002_011",299,164
"8562","48451","Tom Green County, Texas","B16002_012",153,107
"8563","48451","Tom Green County, Texas","B16002_013",0,35
"8564","48451","Tom Green County, Texas","B16002_014",153,107
"8565","48451","Tom Green County, Texas","B16002_015",132,97
"8566","48451","Tom Green County, Texas","B16002_016",0,35
"8567","48451","Tom Green County, Texas","B16002_017",132,97
"8568","48451","Tom Green County, Texas","B16002_018",57,58
"8569","48451","Tom Green County, Texas","B16002_019",7,13
"8570","48451","Tom Green County, Texas","B16002_020",50,63
"8571","48451","Tom Green County, Texas","B16002_021",0,35
"8572","48451","Tom Green County, Texas","B16002_022",0,35
"8573","48451","Tom Green County, Texas","B16002_023",0,35
"8574","48451","Tom Green County, Texas","B16002_024",65,64
"8575","48451","Tom Green County, Texas","B16002_025",24,50
"8576","48451","Tom Green County, Texas","B16002_026",41,42
"8577","48451","Tom Green County, Texas","B16002_027",234,119
"8578","48451","Tom Green County, Texas","B16002_028",75,64
"8579","48451","Tom Green County, Texas","B16002_029",159,116
"8580","48451","Tom Green County, Texas","B16002_030",150,106
"8581","48451","Tom Green County, Texas","B16002_031",41,62
"8582","48451","Tom Green County, Texas","B16002_032",109,84
"8583","48451","Tom Green County, Texas","B16002_033",130,157
"8584","48451","Tom Green County, Texas","B16002_034",0,35
"8585","48451","Tom Green County, Texas","B16002_035",130,157
"8586","48451","Tom Green County, Texas","B16002_036",48,62
"8587","48451","Tom Green County, Texas","B16002_037",0,35
"8588","48451","Tom Green County, Texas","B16002_038",48,62
"8589","48453","Travis County, Texas","B16002_001",583747,1810
"8590","48453","Travis County, Texas","B16002_002",398253,3130
"8591","48453","Travis County, Texas","B16002_003",120476,2412
"8592","48453","Travis County, Texas","B16002_004",19195,1441
"8593","48453","Travis County, Texas","B16002_005",101281,2588
"8594","48453","Travis County, Texas","B16002_006",4294,705
"8595","48453","Travis County, Texas","B16002_007",300,170
"8596","48453","Travis County, Texas","B16002_008",3994,694
"8597","48453","Travis County, Texas","B16002_009",3232,476
"8598","48453","Travis County, Texas","B16002_010",142,136
"8599","48453","Travis County, Texas","B16002_011",3090,471
"8600","48453","Travis County, Texas","B16002_012",3314,467
"8601","48453","Travis County, Texas","B16002_013",447,192
"8602","48453","Travis County, Texas","B16002_014",2867,426
"8603","48453","Travis County, Texas","B16002_015",16692,1431
"8604","48453","Travis County, Texas","B16002_016",1087,374
"8605","48453","Travis County, Texas","B16002_017",15605,1409
"8606","48453","Travis County, Texas","B16002_018",3194,569
"8607","48453","Travis County, Texas","B16002_019",722,237
"8608","48453","Travis County, Texas","B16002_020",2472,533
"8609","48453","Travis County, Texas","B16002_021",9034,900
"8610","48453","Travis County, Texas","B16002_022",1878,417
"8611","48453","Travis County, Texas","B16002_023",7156,799
"8612","48453","Travis County, Texas","B16002_024",5276,721
"8613","48453","Travis County, Texas","B16002_025",1541,408
"8614","48453","Travis County, Texas","B16002_026",3735,580
"8615","48453","Travis County, Texas","B16002_027",1620,316
"8616","48453","Travis County, Texas","B16002_028",120,134
"8617","48453","Travis County, Texas","B16002_029",1500,301
"8618","48453","Travis County, Texas","B16002_030",9809,895
"8619","48453","Travis County, Texas","B16002_031",1284,405
"8620","48453","Travis County, Texas","B16002_032",8525,778
"8621","48453","Travis County, Texas","B16002_033",2939,563
"8622","48453","Travis County, Texas","B16002_034",445,267
"8623","48453","Travis County, Texas","B16002_035",2494,443
"8624","48453","Travis County, Texas","B16002_036",5614,931
"8625","48453","Travis County, Texas","B16002_037",591,286
"8626","48453","Travis County, Texas","B16002_038",5023,842
"8627","48455","Trinity County, Texas","B16002_001",6078,265
"8628","48455","Trinity County, Texas","B16002_002",5443,293
"8629","48455","Trinity County, Texas","B16002_003",491,147
"8630","48455","Trinity County, Texas","B16002_004",144,119
"8631","48455","Trinity County, Texas","B16002_005",347,107
"8632","48455","Trinity County, Texas","B16002_006",69,78
"8633","48455","Trinity County, Texas","B16002_007",0,23
"8634","48455","Trinity County, Texas","B16002_008",69,78
"8635","48455","Trinity County, Texas","B16002_009",16,21
"8636","48455","Trinity County, Texas","B16002_010",0,23
"8637","48455","Trinity County, Texas","B16002_011",16,21
"8638","48455","Trinity County, Texas","B16002_012",0,23
"8639","48455","Trinity County, Texas","B16002_013",0,23
"8640","48455","Trinity County, Texas","B16002_014",0,23
"8641","48455","Trinity County, Texas","B16002_015",13,25
"8642","48455","Trinity County, Texas","B16002_016",0,23
"8643","48455","Trinity County, Texas","B16002_017",13,25
"8644","48455","Trinity County, Texas","B16002_018",0,23
"8645","48455","Trinity County, Texas","B16002_019",0,23
"8646","48455","Trinity County, Texas","B16002_020",0,23
"8647","48455","Trinity County, Texas","B16002_021",9,12
"8648","48455","Trinity County, Texas","B16002_022",0,23
"8649","48455","Trinity County, Texas","B16002_023",9,12
"8650","48455","Trinity County, Texas","B16002_024",3,5
"8651","48455","Trinity County, Texas","B16002_025",0,23
"8652","48455","Trinity County, Texas","B16002_026",3,5
"8653","48455","Trinity County, Texas","B16002_027",27,42
"8654","48455","Trinity County, Texas","B16002_028",0,23
"8655","48455","Trinity County, Texas","B16002_029",27,42
"8656","48455","Trinity County, Texas","B16002_030",0,23
"8657","48455","Trinity County, Texas","B16002_031",0,23
"8658","48455","Trinity County, Texas","B16002_032",0,23
"8659","48455","Trinity County, Texas","B16002_033",0,23
"8660","48455","Trinity County, Texas","B16002_034",0,23
"8661","48455","Trinity County, Texas","B16002_035",0,23
"8662","48455","Trinity County, Texas","B16002_036",7,13
"8663","48455","Trinity County, Texas","B16002_037",0,23
"8664","48455","Trinity County, Texas","B16002_038",7,13
"8665","48457","Tyler County, Texas","B16002_001",7145,277
"8666","48457","Tyler County, Texas","B16002_002",6580,313
"8667","48457","Tyler County, Texas","B16002_003",431,128
"8668","48457","Tyler County, Texas","B16002_004",43,52
"8669","48457","Tyler County, Texas","B16002_005",388,119
"8670","48457","Tyler County, Texas","B16002_006",36,25
"8671","48457","Tyler County, Texas","B16002_007",0,28
"8672","48457","Tyler County, Texas","B16002_008",36,25
"8673","48457","Tyler County, Texas","B16002_009",32,24
"8674","48457","Tyler County, Texas","B16002_010",0,28
"8675","48457","Tyler County, Texas","B16002_011",32,24
"8676","48457","Tyler County, Texas","B16002_012",0,28
"8677","48457","Tyler County, Texas","B16002_013",0,28
"8678","48457","Tyler County, Texas","B16002_014",0,28
"8679","48457","Tyler County, Texas","B16002_015",6,19
"8680","48457","Tyler County, Texas","B16002_016",1,3
"8681","48457","Tyler County, Texas","B16002_017",5,18
"8682","48457","Tyler County, Texas","B16002_018",1,2
"8683","48457","Tyler County, Texas","B16002_019",0,28
"8684","48457","Tyler County, Texas","B16002_020",1,2
"8685","48457","Tyler County, Texas","B16002_021",2,4
"8686","48457","Tyler County, Texas","B16002_022",0,28
"8687","48457","Tyler County, Texas","B16002_023",2,4
"8688","48457","Tyler County, Texas","B16002_024",15,18
"8689","48457","Tyler County, Texas","B16002_025",15,18
"8690","48457","Tyler County, Texas","B16002_026",0,28
"8691","48457","Tyler County, Texas","B16002_027",28,45
"8692","48457","Tyler County, Texas","B16002_028",0,28
"8693","48457","Tyler County, Texas","B16002_029",28,45
"8694","48457","Tyler County, Texas","B16002_030",7,11
"8695","48457","Tyler County, Texas","B16002_031",0,28
"8696","48457","Tyler County, Texas","B16002_032",7,11
"8697","48457","Tyler County, Texas","B16002_033",0,28
"8698","48457","Tyler County, Texas","B16002_034",0,28
"8699","48457","Tyler County, Texas","B16002_035",0,28
"8700","48457","Tyler County, Texas","B16002_036",7,12
"8701","48457","Tyler County, Texas","B16002_037",0,28
"8702","48457","Tyler County, Texas","B16002_038",7,12
"8703","48459","Upshur County, Texas","B16002_001",15583,300
"8704","48459","Upshur County, Texas","B16002_002",14412,380
"8705","48459","Upshur County, Texas","B16002_003",876,192
"8706","48459","Upshur County, Texas","B16002_004",53,78
"8707","48459","Upshur County, Texas","B16002_005",823,172
"8708","48459","Upshur County, Texas","B16002_006",15,14
"8709","48459","Upshur County, Texas","B16002_007",0,31
"8710","48459","Upshur County, Texas","B16002_008",15,14
"8711","48459","Upshur County, Texas","B16002_009",90,86
"8712","48459","Upshur County, Texas","B16002_010",0,31
"8713","48459","Upshur County, Texas","B16002_011",90,86
"8714","48459","Upshur County, Texas","B16002_012",0,31
"8715","48459","Upshur County, Texas","B16002_013",0,31
"8716","48459","Upshur County, Texas","B16002_014",0,31
"8717","48459","Upshur County, Texas","B16002_015",90,87
"8718","48459","Upshur County, Texas","B16002_016",3,5
"8719","48459","Upshur County, Texas","B16002_017",87,87
"8720","48459","Upshur County, Texas","B16002_018",0,31
"8721","48459","Upshur County, Texas","B16002_019",0,31
"8722","48459","Upshur County, Texas","B16002_020",0,31
"8723","48459","Upshur County, Texas","B16002_021",18,20
"8724","48459","Upshur County, Texas","B16002_022",0,31
"8725","48459","Upshur County, Texas","B16002_023",18,20
"8726","48459","Upshur County, Texas","B16002_024",0,31
"8727","48459","Upshur County, Texas","B16002_025",0,31
"8728","48459","Upshur County, Texas","B16002_026",0,31
"8729","48459","Upshur County, Texas","B16002_027",0,31
"8730","48459","Upshur County, Texas","B16002_028",0,31
"8731","48459","Upshur County, Texas","B16002_029",0,31
"8732","48459","Upshur County, Texas","B16002_030",32,29
"8733","48459","Upshur County, Texas","B16002_031",2,4
"8734","48459","Upshur County, Texas","B16002_032",30,30
"8735","48459","Upshur County, Texas","B16002_033",0,31
"8736","48459","Upshur County, Texas","B16002_034",0,31
"8737","48459","Upshur County, Texas","B16002_035",0,31
"8738","48459","Upshur County, Texas","B16002_036",50,66
"8739","48459","Upshur County, Texas","B16002_037",0,31
"8740","48459","Upshur County, Texas","B16002_038",50,66
"8741","48461","Upton County, Texas","B16002_001",1360,106
"8742","48461","Upton County, Texas","B16002_002",775,114
"8743","48461","Upton County, Texas","B16002_003",584,84
"8744","48461","Upton County, Texas","B16002_004",34,38
"8745","48461","Upton County, Texas","B16002_005",550,90
"8746","48461","Upton County, Texas","B16002_006",0,15
"8747","48461","Upton County, Texas","B16002_007",0,15
"8748","48461","Upton County, Texas","B16002_008",0,15
"8749","48461","Upton County, Texas","B16002_009",0,15
"8750","48461","Upton County, Texas","B16002_010",0,15
"8751","48461","Upton County, Texas","B16002_011",0,15
"8752","48461","Upton County, Texas","B16002_012",0,15
"8753","48461","Upton County, Texas","B16002_013",0,15
"8754","48461","Upton County, Texas","B16002_014",0,15
"8755","48461","Upton County, Texas","B16002_015",0,15
"8756","48461","Upton County, Texas","B16002_016",0,15
"8757","48461","Upton County, Texas","B16002_017",0,15
"8758","48461","Upton County, Texas","B16002_018",0,15
"8759","48461","Upton County, Texas","B16002_019",0,15
"8760","48461","Upton County, Texas","B16002_020",0,15
"8761","48461","Upton County, Texas","B16002_021",0,15
"8762","48461","Upton County, Texas","B16002_022",0,15
"8763","48461","Upton County, Texas","B16002_023",0,15
"8764","48461","Upton County, Texas","B16002_024",0,15
"8765","48461","Upton County, Texas","B16002_025",0,15
"8766","48461","Upton County, Texas","B16002_026",0,15
"8767","48461","Upton County, Texas","B16002_027",0,15
"8768","48461","Upton County, Texas","B16002_028",0,15
"8769","48461","Upton County, Texas","B16002_029",0,15
"8770","48461","Upton County, Texas","B16002_030",1,4
"8771","48461","Upton County, Texas","B16002_031",0,15
"8772","48461","Upton County, Texas","B16002_032",1,4
"8773","48461","Upton County, Texas","B16002_033",0,15
"8774","48461","Upton County, Texas","B16002_034",0,15
"8775","48461","Upton County, Texas","B16002_035",0,15
"8776","48461","Upton County, Texas","B16002_036",0,15
"8777","48461","Upton County, Texas","B16002_037",0,15
"8778","48461","Upton County, Texas","B16002_038",0,15
"8779","48463","Uvalde County, Texas","B16002_001",8417,344
"8780","48463","Uvalde County, Texas","B16002_002",3310,371
"8781","48463","Uvalde County, Texas","B16002_003",4919,377
"8782","48463","Uvalde County, Texas","B16002_004",794,269
"8783","48463","Uvalde County, Texas","B16002_005",4125,436
"8784","48463","Uvalde County, Texas","B16002_006",0,28
"8785","48463","Uvalde County, Texas","B16002_007",0,28
"8786","48463","Uvalde County, Texas","B16002_008",0,28
"8787","48463","Uvalde County, Texas","B16002_009",8,10
"8788","48463","Uvalde County, Texas","B16002_010",5,8
"8789","48463","Uvalde County, Texas","B16002_011",3,5
"8790","48463","Uvalde County, Texas","B16002_012",0,28
"8791","48463","Uvalde County, Texas","B16002_013",0,28
"8792","48463","Uvalde County, Texas","B16002_014",0,28
"8793","48463","Uvalde County, Texas","B16002_015",0,28
"8794","48463","Uvalde County, Texas","B16002_016",0,28
"8795","48463","Uvalde County, Texas","B16002_017",0,28
"8796","48463","Uvalde County, Texas","B16002_018",0,28
"8797","48463","Uvalde County, Texas","B16002_019",0,28
"8798","48463","Uvalde County, Texas","B16002_020",0,28
"8799","48463","Uvalde County, Texas","B16002_021",0,28
"8800","48463","Uvalde County, Texas","B16002_022",0,28
"8801","48463","Uvalde County, Texas","B16002_023",0,28
"8802","48463","Uvalde County, Texas","B16002_024",3,6
"8803","48463","Uvalde County, Texas","B16002_025",0,28
"8804","48463","Uvalde County, Texas","B16002_026",3,6
"8805","48463","Uvalde County, Texas","B16002_027",4,7
"8806","48463","Uvalde County, Texas","B16002_028",0,28
"8807","48463","Uvalde County, Texas","B16002_029",4,7
"8808","48463","Uvalde County, Texas","B16002_030",96,84
"8809","48463","Uvalde County, Texas","B16002_031",17,31
"8810","48463","Uvalde County, Texas","B16002_032",79,94
"8811","48463","Uvalde County, Texas","B16002_033",0,28
"8812","48463","Uvalde County, Texas","B16002_034",0,28
"8813","48463","Uvalde County, Texas","B16002_035",0,28
"8814","48463","Uvalde County, Texas","B16002_036",77,73
"8815","48463","Uvalde County, Texas","B16002_037",0,28
"8816","48463","Uvalde County, Texas","B16002_038",77,73
"8817","48465","Val Verde County, Texas","B16002_001",16810,386
"8818","48465","Val Verde County, Texas","B16002_002",4613,500
"8819","48465","Val Verde County, Texas","B16002_003",11919,515
"8820","48465","Val Verde County, Texas","B16002_004",2000,392
"8821","48465","Val Verde County, Texas","B16002_005",9919,569
"8822","48465","Val Verde County, Texas","B16002_006",27,35
"8823","48465","Val Verde County, Texas","B16002_007",0,31
"8824","48465","Val Verde County, Texas","B16002_008",27,35
"8825","48465","Val Verde County, Texas","B16002_009",101,86
"8826","48465","Val Verde County, Texas","B16002_010",0,31
"8827","48465","Val Verde County, Texas","B16002_011",101,86
"8828","48465","Val Verde County, Texas","B16002_012",0,31
"8829","48465","Val Verde County, Texas","B16002_013",0,31
"8830","48465","Val Verde County, Texas","B16002_014",0,31
"8831","48465","Val Verde County, Texas","B16002_015",39,43
"8832","48465","Val Verde County, Texas","B16002_016",0,31
"8833","48465","Val Verde County, Texas","B16002_017",39,43
"8834","48465","Val Verde County, Texas","B16002_018",28,31
"8835","48465","Val Verde County, Texas","B16002_019",0,31
"8836","48465","Val Verde County, Texas","B16002_020",28,31
"8837","48465","Val Verde County, Texas","B16002_021",6,9
"8838","48465","Val Verde County, Texas","B16002_022",0,31
"8839","48465","Val Verde County, Texas","B16002_023",6,9
"8840","48465","Val Verde County, Texas","B16002_024",0,31
"8841","48465","Val Verde County, Texas","B16002_025",0,31
"8842","48465","Val Verde County, Texas","B16002_026",0,31
"8843","48465","Val Verde County, Texas","B16002_027",43,45
"8844","48465","Val Verde County, Texas","B16002_028",0,31
"8845","48465","Val Verde County, Texas","B16002_029",43,45
"8846","48465","Val Verde County, Texas","B16002_030",34,41
"8847","48465","Val Verde County, Texas","B16002_031",0,31
"8848","48465","Val Verde County, Texas","B16002_032",34,41
"8849","48465","Val Verde County, Texas","B16002_033",0,31
"8850","48465","Val Verde County, Texas","B16002_034",0,31
"8851","48465","Val Verde County, Texas","B16002_035",0,31
"8852","48465","Val Verde County, Texas","B16002_036",0,31
"8853","48465","Val Verde County, Texas","B16002_037",0,31
"8854","48465","Val Verde County, Texas","B16002_038",0,31
"8855","48467","Van Zandt County, Texas","B16002_001",22682,541
"8856","48467","Van Zandt County, Texas","B16002_002",19946,596
"8857","48467","Van Zandt County, Texas","B16002_003",2426,399
"8858","48467","Van Zandt County, Texas","B16002_004",291,130
"8859","48467","Van Zandt County, Texas","B16002_005",2135,398
"8860","48467","Van Zandt County, Texas","B16002_006",93,79
"8861","48467","Van Zandt County, Texas","B16002_007",0,35
"8862","48467","Van Zandt County, Texas","B16002_008",93,79
"8863","48467","Van Zandt County, Texas","B16002_009",95,63
"8864","48467","Van Zandt County, Texas","B16002_010",0,35
"8865","48467","Van Zandt County, Texas","B16002_011",95,63
"8866","48467","Van Zandt County, Texas","B16002_012",21,25
"8867","48467","Van Zandt County, Texas","B16002_013",0,35
"8868","48467","Van Zandt County, Texas","B16002_014",21,25
"8869","48467","Van Zandt County, Texas","B16002_015",43,25
"8870","48467","Van Zandt County, Texas","B16002_016",0,35
"8871","48467","Van Zandt County, Texas","B16002_017",43,25
"8872","48467","Van Zandt County, Texas","B16002_018",0,35
"8873","48467","Van Zandt County, Texas","B16002_019",0,35
"8874","48467","Van Zandt County, Texas","B16002_020",0,35
"8875","48467","Van Zandt County, Texas","B16002_021",22,31
"8876","48467","Van Zandt County, Texas","B16002_022",0,35
"8877","48467","Van Zandt County, Texas","B16002_023",22,31
"8878","48467","Van Zandt County, Texas","B16002_024",7,19
"8879","48467","Van Zandt County, Texas","B16002_025",3,7
"8880","48467","Van Zandt County, Texas","B16002_026",4,17
"8881","48467","Van Zandt County, Texas","B16002_027",12,20
"8882","48467","Van Zandt County, Texas","B16002_028",0,35
"8883","48467","Van Zandt County, Texas","B16002_029",12,20
"8884","48467","Van Zandt County, Texas","B16002_030",0,35
"8885","48467","Van Zandt County, Texas","B16002_031",0,35
"8886","48467","Van Zandt County, Texas","B16002_032",0,35
"8887","48467","Van Zandt County, Texas","B16002_033",17,30
"8888","48467","Van Zandt County, Texas","B16002_034",0,35
"8889","48467","Van Zandt County, Texas","B16002_035",17,30
"8890","48467","Van Zandt County, Texas","B16002_036",0,35
"8891","48467","Van Zandt County, Texas","B16002_037",0,35
"8892","48467","Van Zandt County, Texas","B16002_038",0,35
"8893","48469","Victoria County, Texas","B16002_001",34855,543
"8894","48469","Victoria County, Texas","B16002_002",24852,715
"8895","48469","Victoria County, Texas","B16002_003",9237,628
"8896","48469","Victoria County, Texas","B16002_004",749,251
"8897","48469","Victoria County, Texas","B16002_005",8488,625
"8898","48469","Victoria County, Texas","B16002_006",17,26
"8899","48469","Victoria County, Texas","B16002_007",0,35
"8900","48469","Victoria County, Texas","B16002_008",17,26
"8901","48469","Victoria County, Texas","B16002_009",157,89
"8902","48469","Victoria County, Texas","B16002_010",0,35
"8903","48469","Victoria County, Texas","B16002_011",157,89
"8904","48469","Victoria County, Texas","B16002_012",58,45
"8905","48469","Victoria County, Texas","B16002_013",0,35
"8906","48469","Victoria County, Texas","B16002_014",58,45
"8907","48469","Victoria County, Texas","B16002_015",126,95
"8908","48469","Victoria County, Texas","B16002_016",0,35
"8909","48469","Victoria County, Texas","B16002_017",126,95
"8910","48469","Victoria County, Texas","B16002_018",11,17
"8911","48469","Victoria County, Texas","B16002_019",0,35
"8912","48469","Victoria County, Texas","B16002_020",11,17
"8913","48469","Victoria County, Texas","B16002_021",114,65
"8914","48469","Victoria County, Texas","B16002_022",51,42
"8915","48469","Victoria County, Texas","B16002_023",63,63
"8916","48469","Victoria County, Texas","B16002_024",36,38
"8917","48469","Victoria County, Texas","B16002_025",0,35
"8918","48469","Victoria County, Texas","B16002_026",36,38
"8919","48469","Victoria County, Texas","B16002_027",87,63
"8920","48469","Victoria County, Texas","B16002_028",0,35
"8921","48469","Victoria County, Texas","B16002_029",87,63
"8922","48469","Victoria County, Texas","B16002_030",15,25
"8923","48469","Victoria County, Texas","B16002_031",0,35
"8924","48469","Victoria County, Texas","B16002_032",15,25
"8925","48469","Victoria County, Texas","B16002_033",54,55
"8926","48469","Victoria County, Texas","B16002_034",0,35
"8927","48469","Victoria County, Texas","B16002_035",54,55
"8928","48469","Victoria County, Texas","B16002_036",91,90
"8929","48469","Victoria County, Texas","B16002_037",34,52
"8930","48469","Victoria County, Texas","B16002_038",57,67
"8931","48471","Walker County, Texas","B16002_001",26017,686
"8932","48471","Walker County, Texas","B16002_002",21835,929
"8933","48471","Walker County, Texas","B16002_003",3029,571
"8934","48471","Walker County, Texas","B16002_004",192,134
"8935","48471","Walker County, Texas","B16002_005",2837,565
"8936","48471","Walker County, Texas","B16002_006",152,124
"8937","48471","Walker County, Texas","B16002_007",0,35
"8938","48471","Walker County, Texas","B16002_008",152,124
"8939","48471","Walker County, Texas","B16002_009",37,41
"8940","48471","Walker County, Texas","B16002_010",0,35
"8941","48471","Walker County, Texas","B16002_011",37,41
"8942","48471","Walker County, Texas","B16002_012",3,12
"8943","48471","Walker County, Texas","B16002_013",0,35
"8944","48471","Walker County, Texas","B16002_014",3,12
"8945","48471","Walker County, Texas","B16002_015",134,105
"8946","48471","Walker County, Texas","B16002_016",0,35
"8947","48471","Walker County, Texas","B16002_017",134,105
"8948","48471","Walker County, Texas","B16002_018",22,25
"8949","48471","Walker County, Texas","B16002_019",8,15
"8950","48471","Walker County, Texas","B16002_020",14,23
"8951","48471","Walker County, Texas","B16002_021",0,35
"8952","48471","Walker County, Texas","B16002_022",0,35
"8953","48471","Walker County, Texas","B16002_023",0,35
"8954","48471","Walker County, Texas","B16002_024",18,29
"8955","48471","Walker County, Texas","B16002_025",0,35
"8956","48471","Walker County, Texas","B16002_026",18,29
"8957","48471","Walker County, Texas","B16002_027",121,99
"8958","48471","Walker County, Texas","B16002_028",0,35
"8959","48471","Walker County, Texas","B16002_029",121,99
"8960","48471","Walker County, Texas","B16002_030",39,63
"8961","48471","Walker County, Texas","B16002_031",0,35
"8962","48471","Walker County, Texas","B16002_032",39,63
"8963","48471","Walker County, Texas","B16002_033",0,35
"8964","48471","Walker County, Texas","B16002_034",0,35
"8965","48471","Walker County, Texas","B16002_035",0,35
"8966","48471","Walker County, Texas","B16002_036",627,299
"8967","48471","Walker County, Texas","B16002_037",0,35
"8968","48471","Walker County, Texas","B16002_038",627,299
"8969","48473","Waller County, Texas","B16002_001",18342,320
"8970","48473","Waller County, Texas","B16002_002",12237,483
"8971","48473","Waller County, Texas","B16002_003",5445,497
"8972","48473","Waller County, Texas","B16002_004",1059,317
"8973","48473","Waller County, Texas","B16002_005",4386,547
"8974","48473","Waller County, Texas","B16002_006",25,31
"8975","48473","Waller County, Texas","B16002_007",0,35
"8976","48473","Waller County, Texas","B16002_008",25,31
"8977","48473","Waller County, Texas","B16002_009",122,101
"8978","48473","Waller County, Texas","B16002_010",4,7
"8979","48473","Waller County, Texas","B16002_011",118,100
"8980","48473","Waller County, Texas","B16002_012",12,14
"8981","48473","Waller County, Texas","B16002_013",0,35
"8982","48473","Waller County, Texas","B16002_014",12,14
"8983","48473","Waller County, Texas","B16002_015",89,87
"8984","48473","Waller County, Texas","B16002_016",0,35
"8985","48473","Waller County, Texas","B16002_017",89,87
"8986","48473","Waller County, Texas","B16002_018",0,35
"8987","48473","Waller County, Texas","B16002_019",0,35
"8988","48473","Waller County, Texas","B16002_020",0,35
"8989","48473","Waller County, Texas","B16002_021",53,47
"8990","48473","Waller County, Texas","B16002_022",3,5
"8991","48473","Waller County, Texas","B16002_023",50,47
"8992","48473","Waller County, Texas","B16002_024",87,69
"8993","48473","Waller County, Texas","B16002_025",14,27
"8994","48473","Waller County, Texas","B16002_026",73,69
"8995","48473","Waller County, Texas","B16002_027",27,33
"8996","48473","Waller County, Texas","B16002_028",17,29
"8997","48473","Waller County, Texas","B16002_029",10,15
"8998","48473","Waller County, Texas","B16002_030",71,62
"8999","48473","Waller County, Texas","B16002_031",17,28
"9000","48473","Waller County, Texas","B16002_032",54,62
"9001","48473","Waller County, Texas","B16002_033",23,23
"9002","48473","Waller County, Texas","B16002_034",0,35
"9003","48473","Waller County, Texas","B16002_035",23,23
"9004","48473","Waller County, Texas","B16002_036",151,112
"9005","48473","Waller County, Texas","B16002_037",0,35
"9006","48473","Waller County, Texas","B16002_038",151,112
"9007","48475","Ward County, Texas","B16002_001",4388,157
"9008","48475","Ward County, Texas","B16002_002",2269,181
"9009","48475","Ward County, Texas","B16002_003",2049,190
"9010","48475","Ward County, Texas","B16002_004",336,136
"9011","48475","Ward County, Texas","B16002_005",1713,231
"9012","48475","Ward County, Texas","B16002_006",0,23
"9013","48475","Ward County, Texas","B16002_007",0,23
"9014","48475","Ward County, Texas","B16002_008",0,23
"9015","48475","Ward County, Texas","B16002_009",12,19
"9016","48475","Ward County, Texas","B16002_010",0,23
"9017","48475","Ward County, Texas","B16002_011",12,19
"9018","48475","Ward County, Texas","B16002_012",0,23
"9019","48475","Ward County, Texas","B16002_013",0,23
"9020","48475","Ward County, Texas","B16002_014",0,23
"9021","48475","Ward County, Texas","B16002_015",34,35
"9022","48475","Ward County, Texas","B16002_016",0,23
"9023","48475","Ward County, Texas","B16002_017",34,35
"9024","48475","Ward County, Texas","B16002_018",0,23
"9025","48475","Ward County, Texas","B16002_019",0,23
"9026","48475","Ward County, Texas","B16002_020",0,23
"9027","48475","Ward County, Texas","B16002_021",9,12
"9028","48475","Ward County, Texas","B16002_022",0,23
"9029","48475","Ward County, Texas","B16002_023",9,12
"9030","48475","Ward County, Texas","B16002_024",0,23
"9031","48475","Ward County, Texas","B16002_025",0,23
"9032","48475","Ward County, Texas","B16002_026",0,23
"9033","48475","Ward County, Texas","B16002_027",15,25
"9034","48475","Ward County, Texas","B16002_028",0,23
"9035","48475","Ward County, Texas","B16002_029",15,25
"9036","48475","Ward County, Texas","B16002_030",0,23
"9037","48475","Ward County, Texas","B16002_031",0,23
"9038","48475","Ward County, Texas","B16002_032",0,23
"9039","48475","Ward County, Texas","B16002_033",0,23
"9040","48475","Ward County, Texas","B16002_034",0,23
"9041","48475","Ward County, Texas","B16002_035",0,23
"9042","48475","Ward County, Texas","B16002_036",0,23
"9043","48475","Ward County, Texas","B16002_037",0,23
"9044","48475","Ward County, Texas","B16002_038",0,23
"9045","48477","Washington County, Texas","B16002_001",15481,360
"9046","48477","Washington County, Texas","B16002_002",13424,394
"9047","48477","Washington County, Texas","B16002_003",1610,230
"9048","48477","Washington County, Texas","B16002_004",272,145
"9049","48477","Washington County, Texas","B16002_005",1338,224
"9050","48477","Washington County, Texas","B16002_006",9,17
"9051","48477","Washington County, Texas","B16002_007",0,31
"9052","48477","Washington County, Texas","B16002_008",9,17
"9053","48477","Washington County, Texas","B16002_009",61,57
"9054","48477","Washington County, Texas","B16002_010",0,31
"9055","48477","Washington County, Texas","B16002_011",61,57
"9056","48477","Washington County, Texas","B16002_012",76,60
"9057","48477","Washington County, Texas","B16002_013",21,31
"9058","48477","Washington County, Texas","B16002_014",55,49
"9059","48477","Washington County, Texas","B16002_015",21,26
"9060","48477","Washington County, Texas","B16002_016",7,11
"9061","48477","Washington County, Texas","B16002_017",14,24
"9062","48477","Washington County, Texas","B16002_018",63,90
"9063","48477","Washington County, Texas","B16002_019",40,89
"9064","48477","Washington County, Texas","B16002_020",23,36
"9065","48477","Washington County, Texas","B16002_021",0,31
"9066","48477","Washington County, Texas","B16002_022",0,31
"9067","48477","Washington County, Texas","B16002_023",0,31
"9068","48477","Washington County, Texas","B16002_024",0,31
"9069","48477","Washington County, Texas","B16002_025",0,31
"9070","48477","Washington County, Texas","B16002_026",0,31
"9071","48477","Washington County, Texas","B16002_027",154,107
"9072","48477","Washington County, Texas","B16002_028",0,31
"9073","48477","Washington County, Texas","B16002_029",154,107
"9074","48477","Washington County, Texas","B16002_030",63,55
"9075","48477","Washington County, Texas","B16002_031",31,48
"9076","48477","Washington County, Texas","B16002_032",32,31
"9077","48477","Washington County, Texas","B16002_033",0,31
"9078","48477","Washington County, Texas","B16002_034",0,31
"9079","48477","Washington County, Texas","B16002_035",0,31
"9080","48477","Washington County, Texas","B16002_036",0,31
"9081","48477","Washington County, Texas","B16002_037",0,31
"9082","48477","Washington County, Texas","B16002_038",0,31
"9083","48479","Webb County, Texas","B16002_001",81373,678
"9084","48479","Webb County, Texas","B16002_002",4991,666
"9085","48479","Webb County, Texas","B16002_003",75558,894
"9086","48479","Webb County, Texas","B16002_004",21340,1122
"9087","48479","Webb County, Texas","B16002_005",54218,1200
"9088","48479","Webb County, Texas","B16002_006",76,109
"9089","48479","Webb County, Texas","B16002_007",0,35
"9090","48479","Webb County, Texas","B16002_008",76,109
"9091","48479","Webb County, Texas","B16002_009",0,35
"9092","48479","Webb County, Texas","B16002_010",0,35
"9093","48479","Webb County, Texas","B16002_011",0,35
"9094","48479","Webb County, Texas","B16002_012",89,82
"9095","48479","Webb County, Texas","B16002_013",0,35
"9096","48479","Webb County, Texas","B16002_014",89,82
"9097","48479","Webb County, Texas","B16002_015",60,73
"9098","48479","Webb County, Texas","B16002_016",3,7
"9099","48479","Webb County, Texas","B16002_017",57,73
"9100","48479","Webb County, Texas","B16002_018",0,35
"9101","48479","Webb County, Texas","B16002_019",0,35
"9102","48479","Webb County, Texas","B16002_020",0,35
"9103","48479","Webb County, Texas","B16002_021",51,60
"9104","48479","Webb County, Texas","B16002_022",8,12
"9105","48479","Webb County, Texas","B16002_023",43,60
"9106","48479","Webb County, Texas","B16002_024",167,108
"9107","48479","Webb County, Texas","B16002_025",97,77
"9108","48479","Webb County, Texas","B16002_026",70,77
"9109","48479","Webb County, Texas","B16002_027",134,83
"9110","48479","Webb County, Texas","B16002_028",0,35
"9111","48479","Webb County, Texas","B16002_029",134,83
"9112","48479","Webb County, Texas","B16002_030",157,117
"9113","48479","Webb County, Texas","B16002_031",52,80
"9114","48479","Webb County, Texas","B16002_032",105,97
"9115","48479","Webb County, Texas","B16002_033",78,90
"9116","48479","Webb County, Texas","B16002_034",0,35
"9117","48479","Webb County, Texas","B16002_035",78,90
"9118","48479","Webb County, Texas","B16002_036",12,14
"9119","48479","Webb County, Texas","B16002_037",12,14
"9120","48479","Webb County, Texas","B16002_038",0,35
"9121","48481","Wharton County, Texas","B16002_001",15890,353
"9122","48481","Wharton County, Texas","B16002_002",11110,424
"9123","48481","Wharton County, Texas","B16002_003",4518,399
"9124","48481","Wharton County, Texas","B16002_004",450,184
"9125","48481","Wharton County, Texas","B16002_005",4068,409
"9126","48481","Wharton County, Texas","B16002_006",0,31
"9127","48481","Wharton County, Texas","B16002_007",0,31
"9128","48481","Wharton County, Texas","B16002_008",0,31
"9129","48481","Wharton County, Texas","B16002_009",36,35
"9130","48481","Wharton County, Texas","B16002_010",0,31
"9131","48481","Wharton County, Texas","B16002_011",36,35
"9132","48481","Wharton County, Texas","B16002_012",27,29
"9133","48481","Wharton County, Texas","B16002_013",0,31
"9134","48481","Wharton County, Texas","B16002_014",27,29
"9135","48481","Wharton County, Texas","B16002_015",28,29
"9136","48481","Wharton County, Texas","B16002_016",8,12
"9137","48481","Wharton County, Texas","B16002_017",20,28
"9138","48481","Wharton County, Texas","B16002_018",1,4
"9139","48481","Wharton County, Texas","B16002_019",1,4
"9140","48481","Wharton County, Texas","B16002_020",0,31
"9141","48481","Wharton County, Texas","B16002_021",54,55
"9142","48481","Wharton County, Texas","B16002_022",26,44
"9143","48481","Wharton County, Texas","B16002_023",28,34
"9144","48481","Wharton County, Texas","B16002_024",0,31
"9145","48481","Wharton County, Texas","B16002_025",0,31
"9146","48481","Wharton County, Texas","B16002_026",0,31
"9147","48481","Wharton County, Texas","B16002_027",0,31
"9148","48481","Wharton County, Texas","B16002_028",0,31
"9149","48481","Wharton County, Texas","B16002_029",0,31
"9150","48481","Wharton County, Texas","B16002_030",31,23
"9151","48481","Wharton County, Texas","B16002_031",0,31
"9152","48481","Wharton County, Texas","B16002_032",31,23
"9153","48481","Wharton County, Texas","B16002_033",0,31
"9154","48481","Wharton County, Texas","B16002_034",0,31
"9155","48481","Wharton County, Texas","B16002_035",0,31
"9156","48481","Wharton County, Texas","B16002_036",85,94
"9157","48481","Wharton County, Texas","B16002_037",8,13
"9158","48481","Wharton County, Texas","B16002_038",77,91
"9159","48483","Wheeler County, Texas","B16002_001",1928,99
"9160","48483","Wheeler County, Texas","B16002_002",1560,99
"9161","48483","Wheeler County, Texas","B16002_003",350,78
"9162","48483","Wheeler County, Texas","B16002_004",59,39
"9163","48483","Wheeler County, Texas","B16002_005",291,90
"9164","48483","Wheeler County, Texas","B16002_006",0,15
"9165","48483","Wheeler County, Texas","B16002_007",0,15
"9166","48483","Wheeler County, Texas","B16002_008",0,15
"9167","48483","Wheeler County, Texas","B16002_009",0,15
"9168","48483","Wheeler County, Texas","B16002_010",0,15
"9169","48483","Wheeler County, Texas","B16002_011",0,15
"9170","48483","Wheeler County, Texas","B16002_012",0,15
"9171","48483","Wheeler County, Texas","B16002_013",0,15
"9172","48483","Wheeler County, Texas","B16002_014",0,15
"9173","48483","Wheeler County, Texas","B16002_015",8,11
"9174","48483","Wheeler County, Texas","B16002_016",0,15
"9175","48483","Wheeler County, Texas","B16002_017",8,11
"9176","48483","Wheeler County, Texas","B16002_018",1,2
"9177","48483","Wheeler County, Texas","B16002_019",0,15
"9178","48483","Wheeler County, Texas","B16002_020",1,2
"9179","48483","Wheeler County, Texas","B16002_021",0,15
"9180","48483","Wheeler County, Texas","B16002_022",0,15
"9181","48483","Wheeler County, Texas","B16002_023",0,15
"9182","48483","Wheeler County, Texas","B16002_024",0,15
"9183","48483","Wheeler County, Texas","B16002_025",0,15
"9184","48483","Wheeler County, Texas","B16002_026",0,15
"9185","48483","Wheeler County, Texas","B16002_027",9,12
"9186","48483","Wheeler County, Texas","B16002_028",0,15
"9187","48483","Wheeler County, Texas","B16002_029",9,12
"9188","48483","Wheeler County, Texas","B16002_030",0,15
"9189","48483","Wheeler County, Texas","B16002_031",0,15
"9190","48483","Wheeler County, Texas","B16002_032",0,15
"9191","48483","Wheeler County, Texas","B16002_033",0,15
"9192","48483","Wheeler County, Texas","B16002_034",0,15
"9193","48483","Wheeler County, Texas","B16002_035",0,15
"9194","48483","Wheeler County, Texas","B16002_036",0,15
"9195","48483","Wheeler County, Texas","B16002_037",0,15
"9196","48483","Wheeler County, Texas","B16002_038",0,15
"9197","48485","Wichita County, Texas","B16002_001",49017,626
"9198","48485","Wichita County, Texas","B16002_002",41280,733
"9199","48485","Wichita County, Texas","B16002_003",5644,516
"9200","48485","Wichita County, Texas","B16002_004",1178,257
"9201","48485","Wichita County, Texas","B16002_005",4466,471
"9202","48485","Wichita County, Texas","B16002_006",46,53
"9203","48485","Wichita County, Texas","B16002_007",0,35
"9204","48485","Wichita County, Texas","B16002_008",46,53
"9205","48485","Wichita County, Texas","B16002_009",268,94
"9206","48485","Wichita County, Texas","B16002_010",16,18
"9207","48485","Wichita County, Texas","B16002_011",252,92
"9208","48485","Wichita County, Texas","B16002_012",106,127
"9209","48485","Wichita County, Texas","B16002_013",0,35
"9210","48485","Wichita County, Texas","B16002_014",106,127
"9211","48485","Wichita County, Texas","B16002_015",347,114
"9212","48485","Wichita County, Texas","B16002_016",81,62
"9213","48485","Wichita County, Texas","B16002_017",266,95
"9214","48485","Wichita County, Texas","B16002_018",91,79
"9215","48485","Wichita County, Texas","B16002_019",0,35
"9216","48485","Wichita County, Texas","B16002_020",91,79
"9217","48485","Wichita County, Texas","B16002_021",55,36
"9218","48485","Wichita County, Texas","B16002_022",3,6
"9219","48485","Wichita County, Texas","B16002_023",52,34
"9220","48485","Wichita County, Texas","B16002_024",253,93
"9221","48485","Wichita County, Texas","B16002_025",114,54
"9222","48485","Wichita County, Texas","B16002_026",139,76
"9223","48485","Wichita County, Texas","B16002_027",158,80
"9224","48485","Wichita County, Texas","B16002_028",43,57
"9225","48485","Wichita County, Texas","B16002_029",115,58
"9226","48485","Wichita County, Texas","B16002_030",316,131
"9227","48485","Wichita County, Texas","B16002_031",0,35
"9228","48485","Wichita County, Texas","B16002_032",316,131
"9229","48485","Wichita County, Texas","B16002_033",255,282
"9230","48485","Wichita County, Texas","B16002_034",0,35
"9231","48485","Wichita County, Texas","B16002_035",255,282
"9232","48485","Wichita County, Texas","B16002_036",198,98
"9233","48485","Wichita County, Texas","B16002_037",0,35
"9234","48485","Wichita County, Texas","B16002_038",198,98
"9235","48487","Wilbarger County, Texas","B16002_001",4778,287
"9236","48487","Wilbarger County, Texas","B16002_002",3813,311
"9237","48487","Wilbarger County, Texas","B16002_003",851,164
"9238","48487","Wilbarger County, Texas","B16002_004",110,71
"9239","48487","Wilbarger County, Texas","B16002_005",741,170
"9240","48487","Wilbarger County, Texas","B16002_006",0,23
"9241","48487","Wilbarger County, Texas","B16002_007",0,23
"9242","48487","Wilbarger County, Texas","B16002_008",0,23
"9243","48487","Wilbarger County, Texas","B16002_009",0,23
"9244","48487","Wilbarger County, Texas","B16002_010",0,23
"9245","48487","Wilbarger County, Texas","B16002_011",0,23
"9246","48487","Wilbarger County, Texas","B16002_012",0,23
"9247","48487","Wilbarger County, Texas","B16002_013",0,23
"9248","48487","Wilbarger County, Texas","B16002_014",0,23
"9249","48487","Wilbarger County, Texas","B16002_015",9,12
"9250","48487","Wilbarger County, Texas","B16002_016",0,23
"9251","48487","Wilbarger County, Texas","B16002_017",9,12
"9252","48487","Wilbarger County, Texas","B16002_018",0,23
"9253","48487","Wilbarger County, Texas","B16002_019",0,23
"9254","48487","Wilbarger County, Texas","B16002_020",0,23
"9255","48487","Wilbarger County, Texas","B16002_021",0,23
"9256","48487","Wilbarger County, Texas","B16002_022",0,23
"9257","48487","Wilbarger County, Texas","B16002_023",0,23
"9258","48487","Wilbarger County, Texas","B16002_024",0,23
"9259","48487","Wilbarger County, Texas","B16002_025",0,23
"9260","48487","Wilbarger County, Texas","B16002_026",0,23
"9261","48487","Wilbarger County, Texas","B16002_027",35,53
"9262","48487","Wilbarger County, Texas","B16002_028",0,23
"9263","48487","Wilbarger County, Texas","B16002_029",35,53
"9264","48487","Wilbarger County, Texas","B16002_030",70,52
"9265","48487","Wilbarger County, Texas","B16002_031",22,29
"9266","48487","Wilbarger County, Texas","B16002_032",48,50
"9267","48487","Wilbarger County, Texas","B16002_033",0,23
"9268","48487","Wilbarger County, Texas","B16002_034",0,23
"9269","48487","Wilbarger County, Texas","B16002_035",0,23
"9270","48487","Wilbarger County, Texas","B16002_036",0,23
"9271","48487","Wilbarger County, Texas","B16002_037",0,23
"9272","48487","Wilbarger County, Texas","B16002_038",0,23
"9273","48489","Willacy County, Texas","B16002_001",5691,181
"9274","48489","Willacy County, Texas","B16002_002",1151,241
"9275","48489","Willacy County, Texas","B16002_003",4540,276
"9276","48489","Willacy County, Texas","B16002_004",768,213
"9277","48489","Willacy County, Texas","B16002_005",3772,304
"9278","48489","Willacy County, Texas","B16002_006",0,28
"9279","48489","Willacy County, Texas","B16002_007",0,28
"9280","48489","Willacy County, Texas","B16002_008",0,28
"9281","48489","Willacy County, Texas","B16002_009",0,28
"9282","48489","Willacy County, Texas","B16002_010",0,28
"9283","48489","Willacy County, Texas","B16002_011",0,28
"9284","48489","Willacy County, Texas","B16002_012",0,28
"9285","48489","Willacy County, Texas","B16002_013",0,28
"9286","48489","Willacy County, Texas","B16002_014",0,28
"9287","48489","Willacy County, Texas","B16002_015",0,28
"9288","48489","Willacy County, Texas","B16002_016",0,28
"9289","48489","Willacy County, Texas","B16002_017",0,28
"9290","48489","Willacy County, Texas","B16002_018",0,28
"9291","48489","Willacy County, Texas","B16002_019",0,28
"9292","48489","Willacy County, Texas","B16002_020",0,28
"9293","48489","Willacy County, Texas","B16002_021",0,28
"9294","48489","Willacy County, Texas","B16002_022",0,28
"9295","48489","Willacy County, Texas","B16002_023",0,28
"9296","48489","Willacy County, Texas","B16002_024",0,28
"9297","48489","Willacy County, Texas","B16002_025",0,28
"9298","48489","Willacy County, Texas","B16002_026",0,28
"9299","48489","Willacy County, Texas","B16002_027",0,28
"9300","48489","Willacy County, Texas","B16002_028",0,28
"9301","48489","Willacy County, Texas","B16002_029",0,28
"9302","48489","Willacy County, Texas","B16002_030",0,28
"9303","48489","Willacy County, Texas","B16002_031",0,28
"9304","48489","Willacy County, Texas","B16002_032",0,28
"9305","48489","Willacy County, Texas","B16002_033",0,28
"9306","48489","Willacy County, Texas","B16002_034",0,28
"9307","48489","Willacy County, Texas","B16002_035",0,28
"9308","48489","Willacy County, Texas","B16002_036",0,28
"9309","48489","Willacy County, Texas","B16002_037",0,28
"9310","48489","Willacy County, Texas","B16002_038",0,28
"9311","48491","Williamson County, Texas","B16002_001",252323,1054
"9312","48491","Williamson County, Texas","B16002_002",177241,1862
"9313","48491","Williamson County, Texas","B16002_003",41172,1357
"9314","48491","Williamson County, Texas","B16002_004",4061,624
"9315","48491","Williamson County, Texas","B16002_005",37111,1336
"9316","48491","Williamson County, Texas","B16002_006",1465,402
"9317","48491","Williamson County, Texas","B16002_007",77,102
"9318","48491","Williamson County, Texas","B16002_008",1388,383
"9319","48491","Williamson County, Texas","B16002_009",2071,579
"9320","48491","Williamson County, Texas","B16002_010",28,33
"9321","48491","Williamson County, Texas","B16002_011",2043,575
"9322","48491","Williamson County, Texas","B16002_012",2019,469
"9323","48491","Williamson County, Texas","B16002_013",304,134
"9324","48491","Williamson County, Texas","B16002_014",1715,428
"9325","48491","Williamson County, Texas","B16002_015",8276,699
"9326","48491","Williamson County, Texas","B16002_016",947,281
"9327","48491","Williamson County, Texas","B16002_017",7329,645
"9328","48491","Williamson County, Texas","B16002_018",1977,452
"9329","48491","Williamson County, Texas","B16002_019",551,206
"9330","48491","Williamson County, Texas","B16002_020",1426,377
"9331","48491","Williamson County, Texas","B16002_021",3487,509
"9332","48491","Williamson County, Texas","B16002_022",908,222
"9333","48491","Williamson County, Texas","B16002_023",2579,463
"9334","48491","Williamson County, Texas","B16002_024",1505,357
"9335","48491","Williamson County, Texas","B16002_025",286,138
"9336","48491","Williamson County, Texas","B16002_026",1219,333
"9337","48491","Williamson County, Texas","B16002_027",1148,311
"9338","48491","Williamson County, Texas","B16002_028",27,32
"9339","48491","Williamson County, Texas","B16002_029",1121,313
"9340","48491","Williamson County, Texas","B16002_030",8810,669
"9341","48491","Williamson County, Texas","B16002_031",773,272
"9342","48491","Williamson County, Texas","B16002_032",8037,640
"9343","48491","Williamson County, Texas","B16002_033",1404,399
"9344","48491","Williamson County, Texas","B16002_034",91,68
"9345","48491","Williamson County, Texas","B16002_035",1313,394
"9346","48491","Williamson County, Texas","B16002_036",1748,393
"9347","48491","Williamson County, Texas","B16002_037",211,141
"9348","48491","Williamson County, Texas","B16002_038",1537,366
"9349","48493","Wilson County, Texas","B16002_001",18185,307
"9350","48493","Wilson County, Texas","B16002_002",12108,407
"9351","48493","Wilson County, Texas","B16002_003",5572,379
"9352","48493","Wilson County, Texas","B16002_004",419,145
"9353","48493","Wilson County, Texas","B16002_005",5153,407
"9354","48493","Wilson County, Texas","B16002_006",3,7
"9355","48493","Wilson County, Texas","B16002_007",0,35
"9356","48493","Wilson County, Texas","B16002_008",3,7
"9357","48493","Wilson County, Texas","B16002_009",90,83
"9358","48493","Wilson County, Texas","B16002_010",9,15
"9359","48493","Wilson County, Texas","B16002_011",81,81
"9360","48493","Wilson County, Texas","B16002_012",202,88
"9361","48493","Wilson County, Texas","B16002_013",17,19
"9362","48493","Wilson County, Texas","B16002_014",185,88
"9363","48493","Wilson County, Texas","B16002_015",33,52
"9364","48493","Wilson County, Texas","B16002_016",0,35
"9365","48493","Wilson County, Texas","B16002_017",33,52
"9366","48493","Wilson County, Texas","B16002_018",12,17
"9367","48493","Wilson County, Texas","B16002_019",0,35
"9368","48493","Wilson County, Texas","B16002_020",12,17
"9369","48493","Wilson County, Texas","B16002_021",57,49
"9370","48493","Wilson County, Texas","B16002_022",0,35
"9371","48493","Wilson County, Texas","B16002_023",57,49
"9372","48493","Wilson County, Texas","B16002_024",39,52
"9373","48493","Wilson County, Texas","B16002_025",0,35
"9374","48493","Wilson County, Texas","B16002_026",39,52
"9375","48493","Wilson County, Texas","B16002_027",20,29
"9376","48493","Wilson County, Texas","B16002_028",0,35
"9377","48493","Wilson County, Texas","B16002_029",20,29
"9378","48493","Wilson County, Texas","B16002_030",43,44
"9379","48493","Wilson County, Texas","B16002_031",0,35
"9380","48493","Wilson County, Texas","B16002_032",43,44
"9381","48493","Wilson County, Texas","B16002_033",0,35
"9382","48493","Wilson County, Texas","B16002_034",0,35
"9383","48493","Wilson County, Texas","B16002_035",0,35
"9384","48493","Wilson County, Texas","B16002_036",6,10
"9385","48493","Wilson County, Texas","B16002_037",0,35
"9386","48493","Wilson County, Texas","B16002_038",6,10
"9387","48495","Winkler County, Texas","B16002_001",2762,136
"9388","48495","Winkler County, Texas","B16002_002",1169,124
"9389","48495","Winkler County, Texas","B16002_003",1577,114
"9390","48495","Winkler County, Texas","B16002_004",162,77
"9391","48495","Winkler County, Texas","B16002_005",1415,140
"9392","48495","Winkler County, Texas","B16002_006",0,21
"9393","48495","Winkler County, Texas","B16002_007",0,21
"9394","48495","Winkler County, Texas","B16002_008",0,21
"9395","48495","Winkler County, Texas","B16002_009",0,21
"9396","48495","Winkler County, Texas","B16002_010",0,21
"9397","48495","Winkler County, Texas","B16002_011",0,21
"9398","48495","Winkler County, Texas","B16002_012",0,21
"9399","48495","Winkler County, Texas","B16002_013",0,21
"9400","48495","Winkler County, Texas","B16002_014",0,21
"9401","48495","Winkler County, Texas","B16002_015",0,21
"9402","48495","Winkler County, Texas","B16002_016",0,21
"9403","48495","Winkler County, Texas","B16002_017",0,21
"9404","48495","Winkler County, Texas","B16002_018",0,21
"9405","48495","Winkler County, Texas","B16002_019",0,21
"9406","48495","Winkler County, Texas","B16002_020",0,21
"9407","48495","Winkler County, Texas","B16002_021",0,21
"9408","48495","Winkler County, Texas","B16002_022",0,21
"9409","48495","Winkler County, Texas","B16002_023",0,21
"9410","48495","Winkler County, Texas","B16002_024",6,10
"9411","48495","Winkler County, Texas","B16002_025",6,10
"9412","48495","Winkler County, Texas","B16002_026",0,21
"9413","48495","Winkler County, Texas","B16002_027",0,21
"9414","48495","Winkler County, Texas","B16002_028",0,21
"9415","48495","Winkler County, Texas","B16002_029",0,21
"9416","48495","Winkler County, Texas","B16002_030",10,17
"9417","48495","Winkler County, Texas","B16002_031",0,21
"9418","48495","Winkler County, Texas","B16002_032",10,17
"9419","48495","Winkler County, Texas","B16002_033",0,21
"9420","48495","Winkler County, Texas","B16002_034",0,21
"9421","48495","Winkler County, Texas","B16002_035",0,21
"9422","48495","Winkler County, Texas","B16002_036",0,21
"9423","48495","Winkler County, Texas","B16002_037",0,21
"9424","48495","Winkler County, Texas","B16002_038",0,21
"9425","48497","Wise County, Texas","B16002_001",25135,439
"9426","48497","Wise County, Texas","B16002_002",20952,505
"9427","48497","Wise County, Texas","B16002_003",3336,292
"9428","48497","Wise County, Texas","B16002_004",380,148
"9429","48497","Wise County, Texas","B16002_005",2956,313
"9430","48497","Wise County, Texas","B16002_006",84,83
"9431","48497","Wise County, Texas","B16002_007",0,35
"9432","48497","Wise County, Texas","B16002_008",84,83
"9433","48497","Wise County, Texas","B16002_009",193,101
"9434","48497","Wise County, Texas","B16002_010",0,35
"9435","48497","Wise County, Texas","B16002_011",193,101
"9436","48497","Wise County, Texas","B16002_012",67,77
"9437","48497","Wise County, Texas","B16002_013",0,35
"9438","48497","Wise County, Texas","B16002_014",67,77
"9439","48497","Wise County, Texas","B16002_015",121,53
"9440","48497","Wise County, Texas","B16002_016",0,35
"9441","48497","Wise County, Texas","B16002_017",121,53
"9442","48497","Wise County, Texas","B16002_018",0,35
"9443","48497","Wise County, Texas","B16002_019",0,35
"9444","48497","Wise County, Texas","B16002_020",0,35
"9445","48497","Wise County, Texas","B16002_021",82,60
"9446","48497","Wise County, Texas","B16002_022",8,12
"9447","48497","Wise County, Texas","B16002_023",74,57
"9448","48497","Wise County, Texas","B16002_024",18,19
"9449","48497","Wise County, Texas","B16002_025",16,19
"9450","48497","Wise County, Texas","B16002_026",2,5
"9451","48497","Wise County, Texas","B16002_027",89,93
"9452","48497","Wise County, Texas","B16002_028",3,6
"9453","48497","Wise County, Texas","B16002_029",86,93
"9454","48497","Wise County, Texas","B16002_030",181,180
"9455","48497","Wise County, Texas","B16002_031",0,35
"9456","48497","Wise County, Texas","B16002_032",181,180
"9457","48497","Wise County, Texas","B16002_033",12,17
"9458","48497","Wise County, Texas","B16002_034",0,35
"9459","48497","Wise County, Texas","B16002_035",12,17
"9460","48497","Wise County, Texas","B16002_036",0,35
"9461","48497","Wise County, Texas","B16002_037",0,35
"9462","48497","Wise County, Texas","B16002_038",0,35
"9463","48499","Wood County, Texas","B16002_001",18672,477
"9464","48499","Wood County, Texas","B16002_002",17301,504
"9465","48499","Wood County, Texas","B16002_003",1033,215
"9466","48499","Wood County, Texas","B16002_004",55,51
"9467","48499","Wood County, Texas","B16002_005",978,204
"9468","48499","Wood County, Texas","B16002_006",26,30
"9469","48499","Wood County, Texas","B16002_007",0,31
"9470","48499","Wood County, Texas","B16002_008",26,30
"9471","48499","Wood County, Texas","B16002_009",102,82
"9472","48499","Wood County, Texas","B16002_010",0,31
"9473","48499","Wood County, Texas","B16002_011",102,82
"9474","48499","Wood County, Texas","B16002_012",11,17
"9475","48499","Wood County, Texas","B16002_013",0,31
"9476","48499","Wood County, Texas","B16002_014",11,17
"9477","48499","Wood County, Texas","B16002_015",38,35
"9478","48499","Wood County, Texas","B16002_016",0,31
"9479","48499","Wood County, Texas","B16002_017",38,35
"9480","48499","Wood County, Texas","B16002_018",0,31
"9481","48499","Wood County, Texas","B16002_019",0,31
"9482","48499","Wood County, Texas","B16002_020",0,31
"9483","48499","Wood County, Texas","B16002_021",33,45
"9484","48499","Wood County, Texas","B16002_022",1,4
"9485","48499","Wood County, Texas","B16002_023",32,44
"9486","48499","Wood County, Texas","B16002_024",21,25
"9487","48499","Wood County, Texas","B16002_025",21,25
"9488","48499","Wood County, Texas","B16002_026",0,31
"9489","48499","Wood County, Texas","B16002_027",13,16
"9490","48499","Wood County, Texas","B16002_028",0,31
"9491","48499","Wood County, Texas","B16002_029",13,16
"9492","48499","Wood County, Texas","B16002_030",15,20
"9493","48499","Wood County, Texas","B16002_031",0,31
"9494","48499","Wood County, Texas","B16002_032",15,20
"9495","48499","Wood County, Texas","B16002_033",79,64
"9496","48499","Wood County, Texas","B16002_034",0,31
"9497","48499","Wood County, Texas","B16002_035",79,64
"9498","48499","Wood County, Texas","B16002_036",0,31
"9499","48499","Wood County, Texas","B16002_037",0,31
"9500","48499","Wood County, Texas","B16002_038",0,31
"9501","48501","Yoakum County, Texas","B16002_001",2612,168
"9502","48501","Yoakum County, Texas","B16002_002",1151,189
"9503","48501","Yoakum County, Texas","B16002_003",1337,162
"9504","48501","Yoakum County, Texas","B16002_004",197,103
"9505","48501","Yoakum County, Texas","B16002_005",1140,170
"9506","48501","Yoakum County, Texas","B16002_006",0,21
"9507","48501","Yoakum County, Texas","B16002_007",0,21
"9508","48501","Yoakum County, Texas","B16002_008",0,21
"9509","48501","Yoakum County, Texas","B16002_009",88,86
"9510","48501","Yoakum County, Texas","B16002_010",0,21
"9511","48501","Yoakum County, Texas","B16002_011",88,86
"9512","48501","Yoakum County, Texas","B16002_012",0,21
"9513","48501","Yoakum County, Texas","B16002_013",0,21
"9514","48501","Yoakum County, Texas","B16002_014",0,21
"9515","48501","Yoakum County, Texas","B16002_015",36,32
"9516","48501","Yoakum County, Texas","B16002_016",0,21
"9517","48501","Yoakum County, Texas","B16002_017",36,32
"9518","48501","Yoakum County, Texas","B16002_018",0,21
"9519","48501","Yoakum County, Texas","B16002_019",0,21
"9520","48501","Yoakum County, Texas","B16002_020",0,21
"9521","48501","Yoakum County, Texas","B16002_021",0,21
"9522","48501","Yoakum County, Texas","B16002_022",0,21
"9523","48501","Yoakum County, Texas","B16002_023",0,21
"9524","48501","Yoakum County, Texas","B16002_024",0,21
"9525","48501","Yoakum County, Texas","B16002_025",0,21
"9526","48501","Yoakum County, Texas","B16002_026",0,21
"9527","48501","Yoakum County, Texas","B16002_027",0,21
"9528","48501","Yoakum County, Texas","B16002_028",0,21
"9529","48501","Yoakum County, Texas","B16002_029",0,21
"9530","48501","Yoakum County, Texas","B16002_030",0,21
"9531","48501","Yoakum County, Texas","B16002_031",0,21
"9532","48501","Yoakum County, Texas","B16002_032",0,21
"9533","48501","Yoakum County, Texas","B16002_033",0,21
"9534","48501","Yoakum County, Texas","B16002_034",0,21
"9535","48501","Yoakum County, Texas","B16002_035",0,21
"9536","48501","Yoakum County, Texas","B16002_036",0,21
"9537","48501","Yoakum County, Texas","B16002_037",0,21
"9538","48501","Yoakum County, Texas","B16002_038",0,21
"9539","48503","Young County, Texas","B16002_001",7643,196
"9540","48503","Young County, Texas","B16002_002",6524,230
"9541","48503","Young County, Texas","B16002_003",965,158
"9542","48503","Young County, Texas","B16002_004",171,86
"9543","48503","Young County, Texas","B16002_005",794,171
"9544","48503","Young County, Texas","B16002_006",17,19
"9545","48503","Young County, Texas","B16002_007",0,23
"9546","48503","Young County, Texas","B16002_008",17,19
"9547","48503","Young County, Texas","B16002_009",24,32
"9548","48503","Young County, Texas","B16002_010",0,23
"9549","48503","Young County, Texas","B16002_011",24,32
"9550","48503","Young County, Texas","B16002_012",20,32
"9551","48503","Young County, Texas","B16002_013",0,23
"9552","48503","Young County, Texas","B16002_014",20,32
"9553","48503","Young County, Texas","B16002_015",51,53
"9554","48503","Young County, Texas","B16002_016",0,23
"9555","48503","Young County, Texas","B16002_017",51,53
"9556","48503","Young County, Texas","B16002_018",12,21
"9557","48503","Young County, Texas","B16002_019",0,23
"9558","48503","Young County, Texas","B16002_020",12,21
"9559","48503","Young County, Texas","B16002_021",28,35
"9560","48503","Young County, Texas","B16002_022",0,23
"9561","48503","Young County, Texas","B16002_023",28,35
"9562","48503","Young County, Texas","B16002_024",0,23
"9563","48503","Young County, Texas","B16002_025",0,23
"9564","48503","Young County, Texas","B16002_026",0,23
"9565","48503","Young County, Texas","B16002_027",2,4
"9566","48503","Young County, Texas","B16002_028",0,23
"9567","48503","Young County, Texas","B16002_029",2,4
"9568","48503","Young County, Texas","B16002_030",0,23
"9569","48503","Young County, Texas","B16002_031",0,23
"9570","48503","Young County, Texas","B16002_032",0,23
"9571","48503","Young County, Texas","B16002_033",0,23
"9572","48503","Young County, Texas","B16002_034",0,23
"9573","48503","Young County, Texas","B16002_035",0,23
"9574","48503","Young County, Texas","B16002_036",0,23
"9575","48503","Young County, Texas","B16002_037",0,23
"9576","48503","Young County, Texas","B16002_038",0,23
"9577","48505","Zapata County, Texas","B16002_001",4565,278
"9578","48505","Zapata County, Texas","B16002_002",453,117
"9579","48505","Zapata County, Texas","B16002_003",4100,292
"9580","48505","Zapata County, Texas","B16002_004",1061,242
"9581","48505","Zapata County, Texas","B16002_005",3039,345
"9582","48505","Zapata County, Texas","B16002_006",0,23
"9583","48505","Zapata County, Texas","B16002_007",0,23
"9584","48505","Zapata County, Texas","B16002_008",0,23
"9585","48505","Zapata County, Texas","B16002_009",0,23
"9586","48505","Zapata County, Texas","B16002_010",0,23
"9587","48505","Zapata County, Texas","B16002_011",0,23
"9588","48505","Zapata County, Texas","B16002_012",0,23
"9589","48505","Zapata County, Texas","B16002_013",0,23
"9590","48505","Zapata County, Texas","B16002_014",0,23
"9591","48505","Zapata County, Texas","B16002_015",0,23
"9592","48505","Zapata County, Texas","B16002_016",0,23
"9593","48505","Zapata County, Texas","B16002_017",0,23
"9594","48505","Zapata County, Texas","B16002_018",0,23
"9595","48505","Zapata County, Texas","B16002_019",0,23
"9596","48505","Zapata County, Texas","B16002_020",0,23
"9597","48505","Zapata County, Texas","B16002_021",0,23
"9598","48505","Zapata County, Texas","B16002_022",0,23
"9599","48505","Zapata County, Texas","B16002_023",0,23
"9600","48505","Zapata County, Texas","B16002_024",12,17
"9601","48505","Zapata County, Texas","B16002_025",0,23
"9602","48505","Zapata County, Texas","B16002_026",12,17
"9603","48505","Zapata County, Texas","B16002_027",0,23
"9604","48505","Zapata County, Texas","B16002_028",0,23
"9605","48505","Zapata County, Texas","B16002_029",0,23
"9606","48505","Zapata County, Texas","B16002_030",0,23
"9607","48505","Zapata County, Texas","B16002_031",0,23
"9608","48505","Zapata County, Texas","B16002_032",0,23
"9609","48505","Zapata County, Texas","B16002_033",0,23
"9610","48505","Zapata County, Texas","B16002_034",0,23
"9611","48505","Zapata County, Texas","B16002_035",0,23
"9612","48505","Zapata County, Texas","B16002_036",0,23
"9613","48505","Zapata County, Texas","B16002_037",0,23
"9614","48505","Zapata County, Texas","B16002_038",0,23
"9615","48507","Zavala County, Texas","B16002_001",3271,195
"9616","48507","Zavala County, Texas","B16002_002",408,164
"9617","48507","Zavala County, Texas","B16002_003",2863,205
"9618","48507","Zavala County, Texas","B16002_004",388,153
"9619","48507","Zavala County, Texas","B16002_005",2475,280
"9620","48507","Zavala County, Texas","B16002_006",0,21
"9621","48507","Zavala County, Texas","B16002_007",0,21
"9622","48507","Zavala County, Texas","B16002_008",0,21
"9623","48507","Zavala County, Texas","B16002_009",0,21
"9624","48507","Zavala County, Texas","B16002_010",0,21
"9625","48507","Zavala County, Texas","B16002_011",0,21
"9626","48507","Zavala County, Texas","B16002_012",0,21
"9627","48507","Zavala County, Texas","B16002_013",0,21
"9628","48507","Zavala County, Texas","B16002_014",0,21
"9629","48507","Zavala County, Texas","B16002_015",0,21
"9630","48507","Zavala County, Texas","B16002_016",0,21
"9631","48507","Zavala County, Texas","B16002_017",0,21
"9632","48507","Zavala County, Texas","B16002_018",0,21
"9633","48507","Zavala County, Texas","B16002_019",0,21
"9634","48507","Zavala County, Texas","B16002_020",0,21
"9635","48507","Zavala County, Texas","B16002_021",0,21
"9636","48507","Zavala County, Texas","B16002_022",0,21
"9637","48507","Zavala County, Texas","B16002_023",0,21
"9638","48507","Zavala County, Texas","B16002_024",0,21
"9639","48507","Zavala County, Texas","B16002_025",0,21
"9640","48507","Zavala County, Texas","B16002_026",0,21
"9641","48507","Zavala County, Texas","B16002_027",0,21
"9642","48507","Zavala County, Texas","B16002_028",0,21
"9643","48507","Zavala County, Texas","B16002_029",0,21
"9644","48507","Zavala County, Texas","B16002_030",0,21
"9645","48507","Zavala County, Texas","B16002_031",0,21
"9646","48507","Zavala County, Texas","B16002_032",0,21
"9647","48507","Zavala County, Texas","B16002_033",0,21
"9648","48507","Zavala County, Texas","B16002_034",0,21
"9649","48507","Zavala County, Texas","B16002_035",0,21
"9650","48507","Zavala County, Texas","B16002_036",0,21
"9651","48507","Zavala County, Texas","B16002_037",0,21
"9652","48507","Zavala County, Texas","B16002_038",0,21
