"","GEOID","NAME","variable","estimate","moe"
"1","48001","Anderson County, Texas","B18101_001",48174,222
"2","48001","Anderson County, Texas","B18101_002",25721,283
"3","48001","Anderson County, Texas","B18101_003",1512,147
"4","48001","Anderson County, Texas","B18101_004",0,35
"5","48001","Anderson County, Texas","B18101_005",1512,147
"6","48001","Anderson County, Texas","B18101_006",4369,60
"7","48001","Anderson County, Texas","B18101_007",696,216
"8","48001","Anderson County, Texas","B18101_008",3673,221
"9","48001","Anderson County, Texas","B18101_009",6383,428
"10","48001","Anderson County, Texas","B18101_010",652,275
"11","48001","Anderson County, Texas","B18101_011",5731,507
"12","48001","Anderson County, Texas","B18101_012",9712,449
"13","48001","Anderson County, Texas","B18101_013",1938,546
"14","48001","Anderson County, Texas","B18101_014",7774,595
"15","48001","Anderson County, Texas","B18101_015",2344,122
"16","48001","Anderson County, Texas","B18101_016",795,205
"17","48001","Anderson County, Texas","B18101_017",1549,230
"18","48001","Anderson County, Texas","B18101_018",1401,69
"19","48001","Anderson County, Texas","B18101_019",691,152
"20","48001","Anderson County, Texas","B18101_020",710,164
"21","48001","Anderson County, Texas","B18101_021",22453,186
"22","48001","Anderson County, Texas","B18101_022",1439,154
"23","48001","Anderson County, Texas","B18101_023",27,31
"24","48001","Anderson County, Texas","B18101_024",1412,159
"25","48001","Anderson County, Texas","B18101_025",3875,89
"26","48001","Anderson County, Texas","B18101_026",261,108
"27","48001","Anderson County, Texas","B18101_027",3614,138
"28","48001","Anderson County, Texas","B18101_028",4333,134
"29","48001","Anderson County, Texas","B18101_029",618,194
"30","48001","Anderson County, Texas","B18101_030",3715,188
"31","48001","Anderson County, Texas","B18101_031",8129,166
"32","48001","Anderson County, Texas","B18101_032",1871,311
"33","48001","Anderson County, Texas","B18101_033",6258,313
"34","48001","Anderson County, Texas","B18101_034",2722,86
"35","48001","Anderson County, Texas","B18101_035",847,188
"36","48001","Anderson County, Texas","B18101_036",1875,180
"37","48001","Anderson County, Texas","B18101_037",1955,104
"38","48001","Anderson County, Texas","B18101_038",954,179
"39","48001","Anderson County, Texas","B18101_039",1001,170
"40","48003","Andrews County, Texas","B18101_001",18419,17
"41","48003","Andrews County, Texas","B18101_002",8983,217
"42","48003","Andrews County, Texas","B18101_003",489,198
"43","48003","Andrews County, Texas","B18101_004",0,23
"44","48003","Andrews County, Texas","B18101_005",489,198
"45","48003","Andrews County, Texas","B18101_006",2126,79
"46","48003","Andrews County, Texas","B18101_007",157,96
"47","48003","Andrews County, Texas","B18101_008",1969,119
"48","48003","Andrews County, Texas","B18101_009",2158,42
"49","48003","Andrews County, Texas","B18101_010",106,71
"50","48003","Andrews County, Texas","B18101_011",2052,82
"51","48003","Andrews County, Texas","B18101_012",3373,47
"52","48003","Andrews County, Texas","B18101_013",551,204
"53","48003","Andrews County, Texas","B18101_014",2822,209
"54","48003","Andrews County, Texas","B18101_015",613,75
"55","48003","Andrews County, Texas","B18101_016",306,108
"56","48003","Andrews County, Texas","B18101_017",307,91
"57","48003","Andrews County, Texas","B18101_018",224,67
"58","48003","Andrews County, Texas","B18101_019",109,83
"59","48003","Andrews County, Texas","B18101_020",115,46
"60","48003","Andrews County, Texas","B18101_021",9436,218
"61","48003","Andrews County, Texas","B18101_022",1007,198
"62","48003","Andrews County, Texas","B18101_023",0,23
"63","48003","Andrews County, Texas","B18101_024",1007,198
"64","48003","Andrews County, Texas","B18101_025",2135,69
"65","48003","Andrews County, Texas","B18101_026",249,112
"66","48003","Andrews County, Texas","B18101_027",1886,143
"67","48003","Andrews County, Texas","B18101_028",2033,67
"68","48003","Andrews County, Texas","B18101_029",85,82
"69","48003","Andrews County, Texas","B18101_030",1948,113
"70","48003","Andrews County, Texas","B18101_031",3353,115
"71","48003","Andrews County, Texas","B18101_032",492,175
"72","48003","Andrews County, Texas","B18101_033",2861,223
"73","48003","Andrews County, Texas","B18101_034",578,68
"74","48003","Andrews County, Texas","B18101_035",205,83
"75","48003","Andrews County, Texas","B18101_036",373,99
"76","48003","Andrews County, Texas","B18101_037",330,80
"77","48003","Andrews County, Texas","B18101_038",132,56
"78","48003","Andrews County, Texas","B18101_039",198,97
"79","48005","Angelina County, Texas","B18101_001",85235,50
"80","48005","Angelina County, Texas","B18101_002",41295,155
"81","48005","Angelina County, Texas","B18101_003",2921,99
"82","48005","Angelina County, Texas","B18101_004",25,40
"83","48005","Angelina County, Texas","B18101_005",2896,109
"84","48005","Angelina County, Texas","B18101_006",8252,36
"85","48005","Angelina County, Texas","B18101_007",1304,321
"86","48005","Angelina County, Texas","B18101_008",6948,328
"87","48005","Angelina County, Texas","B18101_009",9078,116
"88","48005","Angelina County, Texas","B18101_010",909,287
"89","48005","Angelina County, Texas","B18101_011",8169,304
"90","48005","Angelina County, Texas","B18101_012",15049,187
"91","48005","Angelina County, Texas","B18101_013",2994,500
"92","48005","Angelina County, Texas","B18101_014",12055,521
"93","48005","Angelina County, Texas","B18101_015",3606,186
"94","48005","Angelina County, Texas","B18101_016",1278,237
"95","48005","Angelina County, Texas","B18101_017",2328,256
"96","48005","Angelina County, Texas","B18101_018",2389,89
"97","48005","Angelina County, Texas","B18101_019",1124,197
"98","48005","Angelina County, Texas","B18101_020",1265,184
"99","48005","Angelina County, Texas","B18101_021",43940,150
"100","48005","Angelina County, Texas","B18101_022",2735,4
"101","48005","Angelina County, Texas","B18101_023",61,116
"102","48005","Angelina County, Texas","B18101_024",2674,116
"103","48005","Angelina County, Texas","B18101_025",8153,92
"104","48005","Angelina County, Texas","B18101_026",952,272
"105","48005","Angelina County, Texas","B18101_027",7201,280
"106","48005","Angelina County, Texas","B18101_028",9382,61
"107","48005","Angelina County, Texas","B18101_029",1070,266
"108","48005","Angelina County, Texas","B18101_030",8312,251
"109","48005","Angelina County, Texas","B18101_031",15915,58
"110","48005","Angelina County, Texas","B18101_032",3983,520
"111","48005","Angelina County, Texas","B18101_033",11932,525
"112","48005","Angelina County, Texas","B18101_034",4532,65
"113","48005","Angelina County, Texas","B18101_035",1473,253
"114","48005","Angelina County, Texas","B18101_036",3059,253
"115","48005","Angelina County, Texas","B18101_037",3223,115
"116","48005","Angelina County, Texas","B18101_038",1815,244
"117","48005","Angelina County, Texas","B18101_039",1408,228
"118","48007","Aransas County, Texas","B18101_001",24669,7
"119","48007","Aransas County, Texas","B18101_002",12121,299
"120","48007","Aransas County, Texas","B18101_003",530,229
"121","48007","Aransas County, Texas","B18101_004",0,28
"122","48007","Aransas County, Texas","B18101_005",530,229
"123","48007","Aransas County, Texas","B18101_006",1547,231
"124","48007","Aransas County, Texas","B18101_007",184,116
"125","48007","Aransas County, Texas","B18101_008",1363,286
"126","48007","Aransas County, Texas","B18101_009",2174,254
"127","48007","Aransas County, Texas","B18101_010",641,333
"128","48007","Aransas County, Texas","B18101_011",1533,285
"129","48007","Aransas County, Texas","B18101_012",4493,226
"130","48007","Aransas County, Texas","B18101_013",1453,319
"131","48007","Aransas County, Texas","B18101_014",3040,367
"132","48007","Aransas County, Texas","B18101_015",1967,74
"133","48007","Aransas County, Texas","B18101_016",527,147
"134","48007","Aransas County, Texas","B18101_017",1440,148
"135","48007","Aransas County, Texas","B18101_018",1410,71
"136","48007","Aransas County, Texas","B18101_019",673,130
"137","48007","Aransas County, Texas","B18101_020",737,139
"138","48007","Aransas County, Texas","B18101_021",12548,298
"139","48007","Aransas County, Texas","B18101_022",579,203
"140","48007","Aransas County, Texas","B18101_023",0,28
"141","48007","Aransas County, Texas","B18101_024",579,203
"142","48007","Aransas County, Texas","B18101_025",1478,167
"143","48007","Aransas County, Texas","B18101_026",112,117
"144","48007","Aransas County, Texas","B18101_027",1366,220
"145","48007","Aransas County, Texas","B18101_028",2081,248
"146","48007","Aransas County, Texas","B18101_029",502,286
"147","48007","Aransas County, Texas","B18101_030",1579,301
"148","48007","Aransas County, Texas","B18101_031",4869,180
"149","48007","Aransas County, Texas","B18101_032",589,225
"150","48007","Aransas County, Texas","B18101_033",4280,313
"151","48007","Aransas County, Texas","B18101_034",2072,52
"152","48007","Aransas County, Texas","B18101_035",488,149
"153","48007","Aransas County, Texas","B18101_036",1584,151
"154","48007","Aransas County, Texas","B18101_037",1469,57
"155","48007","Aransas County, Texas","B18101_038",510,135
"156","48007","Aransas County, Texas","B18101_039",959,144
"157","48009","Archer County, Texas","B18101_001",8801,21
"158","48009","Archer County, Texas","B18101_002",4431,65
"159","48009","Archer County, Texas","B18101_003",226,23
"160","48009","Archer County, Texas","B18101_004",0,21
"161","48009","Archer County, Texas","B18101_005",226,23
"162","48009","Archer County, Texas","B18101_006",797,32
"163","48009","Archer County, Texas","B18101_007",90,45
"164","48009","Archer County, Texas","B18101_008",707,54
"165","48009","Archer County, Texas","B18101_009",810,19
"166","48009","Archer County, Texas","B18101_010",88,45
"167","48009","Archer County, Texas","B18101_011",722,49
"168","48009","Archer County, Texas","B18101_012",1710,59
"169","48009","Archer County, Texas","B18101_013",270,72
"170","48009","Archer County, Texas","B18101_014",1440,89
"171","48009","Archer County, Texas","B18101_015",517,21
"172","48009","Archer County, Texas","B18101_016",163,66
"173","48009","Archer County, Texas","B18101_017",354,63
"174","48009","Archer County, Texas","B18101_018",371,21
"175","48009","Archer County, Texas","B18101_019",248,42
"176","48009","Archer County, Texas","B18101_020",123,49
"177","48009","Archer County, Texas","B18101_021",4370,66
"178","48009","Archer County, Texas","B18101_022",192,10
"179","48009","Archer County, Texas","B18101_023",0,21
"180","48009","Archer County, Texas","B18101_024",192,10
"181","48009","Archer County, Texas","B18101_025",750,16
"182","48009","Archer County, Texas","B18101_026",65,42
"183","48009","Archer County, Texas","B18101_027",685,45
"184","48009","Archer County, Texas","B18101_028",695,18
"185","48009","Archer County, Texas","B18101_029",55,32
"186","48009","Archer County, Texas","B18101_030",640,42
"187","48009","Archer County, Texas","B18101_031",1704,45
"188","48009","Archer County, Texas","B18101_032",315,88
"189","48009","Archer County, Texas","B18101_033",1389,91
"190","48009","Archer County, Texas","B18101_034",643,59
"191","48009","Archer County, Texas","B18101_035",172,50
"192","48009","Archer County, Texas","B18101_036",471,72
"193","48009","Archer County, Texas","B18101_037",386,4
"194","48009","Archer County, Texas","B18101_038",150,52
"195","48009","Archer County, Texas","B18101_039",236,52
"196","48011","Armstrong County, Texas","B18101_001",1771,126
"197","48011","Armstrong County, Texas","B18101_002",810,70
"198","48011","Armstrong County, Texas","B18101_003",61,33
"199","48011","Armstrong County, Texas","B18101_004",0,15
"200","48011","Armstrong County, Texas","B18101_005",61,33
"201","48011","Armstrong County, Texas","B18101_006",75,33
"202","48011","Armstrong County, Texas","B18101_007",0,15
"203","48011","Armstrong County, Texas","B18101_008",75,33
"204","48011","Armstrong County, Texas","B18101_009",166,44
"205","48011","Armstrong County, Texas","B18101_010",10,8
"206","48011","Armstrong County, Texas","B18101_011",156,44
"207","48011","Armstrong County, Texas","B18101_012",294,33
"208","48011","Armstrong County, Texas","B18101_013",31,19
"209","48011","Armstrong County, Texas","B18101_014",263,38
"210","48011","Armstrong County, Texas","B18101_015",124,22
"211","48011","Armstrong County, Texas","B18101_016",24,15
"212","48011","Armstrong County, Texas","B18101_017",100,26
"213","48011","Armstrong County, Texas","B18101_018",90,17
"214","48011","Armstrong County, Texas","B18101_019",50,21
"215","48011","Armstrong County, Texas","B18101_020",40,19
"216","48011","Armstrong County, Texas","B18101_021",961,93
"217","48011","Armstrong County, Texas","B18101_022",45,22
"218","48011","Armstrong County, Texas","B18101_023",0,15
"219","48011","Armstrong County, Texas","B18101_024",45,22
"220","48011","Armstrong County, Texas","B18101_025",170,40
"221","48011","Armstrong County, Texas","B18101_026",0,15
"222","48011","Armstrong County, Texas","B18101_027",170,40
"223","48011","Armstrong County, Texas","B18101_028",175,50
"224","48011","Armstrong County, Texas","B18101_029",0,15
"225","48011","Armstrong County, Texas","B18101_030",175,50
"226","48011","Armstrong County, Texas","B18101_031",366,49
"227","48011","Armstrong County, Texas","B18101_032",34,29
"228","48011","Armstrong County, Texas","B18101_033",332,49
"229","48011","Armstrong County, Texas","B18101_034",108,27
"230","48011","Armstrong County, Texas","B18101_035",2,3
"231","48011","Armstrong County, Texas","B18101_036",106,27
"232","48011","Armstrong County, Texas","B18101_037",97,29
"233","48011","Armstrong County, Texas","B18101_038",50,29
"234","48011","Armstrong County, Texas","B18101_039",47,27
"235","48013","Atascosa County, Texas","B18101_001",50412,65
"236","48013","Atascosa County, Texas","B18101_002",25138,141
"237","48013","Atascosa County, Texas","B18101_003",1717,5
"238","48013","Atascosa County, Texas","B18101_004",18,41
"239","48013","Atascosa County, Texas","B18101_005",1699,41
"240","48013","Atascosa County, Texas","B18101_006",5265,136
"241","48013","Atascosa County, Texas","B18101_007",456,227
"242","48013","Atascosa County, Texas","B18101_008",4809,244
"243","48013","Atascosa County, Texas","B18101_009",5491,41
"244","48013","Atascosa County, Texas","B18101_010",376,190
"245","48013","Atascosa County, Texas","B18101_011",5115,199
"246","48013","Atascosa County, Texas","B18101_012",9213,133
"247","48013","Atascosa County, Texas","B18101_013",1309,301
"248","48013","Atascosa County, Texas","B18101_014",7904,308
"249","48013","Atascosa County, Texas","B18101_015",2159,45
"250","48013","Atascosa County, Texas","B18101_016",816,156
"251","48013","Atascosa County, Texas","B18101_017",1343,160
"252","48013","Atascosa County, Texas","B18101_018",1293,36
"253","48013","Atascosa County, Texas","B18101_019",846,137
"254","48013","Atascosa County, Texas","B18101_020",447,136
"255","48013","Atascosa County, Texas","B18101_021",25274,128
"256","48013","Atascosa County, Texas","B18101_022",1619,2
"257","48013","Atascosa County, Texas","B18101_023",0,35
"258","48013","Atascosa County, Texas","B18101_024",1619,2
"259","48013","Atascosa County, Texas","B18101_025",4938,140
"260","48013","Atascosa County, Texas","B18101_026",371,178
"261","48013","Atascosa County, Texas","B18101_027",4567,248
"262","48013","Atascosa County, Texas","B18101_028",5491,127
"263","48013","Atascosa County, Texas","B18101_029",350,166
"264","48013","Atascosa County, Texas","B18101_030",5141,237
"265","48013","Atascosa County, Texas","B18101_031",9243,94
"266","48013","Atascosa County, Texas","B18101_032",1261,281
"267","48013","Atascosa County, Texas","B18101_033",7982,292
"268","48013","Atascosa County, Texas","B18101_034",2346,88
"269","48013","Atascosa County, Texas","B18101_035",613,152
"270","48013","Atascosa County, Texas","B18101_036",1733,173
"271","48013","Atascosa County, Texas","B18101_037",1637,101
"272","48013","Atascosa County, Texas","B18101_038",725,191
"273","48013","Atascosa County, Texas","B18101_039",912,202
"274","48015","Austin County, Texas","B18101_001",30945,15
"275","48015","Austin County, Texas","B18101_002",15797,115
"276","48015","Austin County, Texas","B18101_003",1050,97
"277","48015","Austin County, Texas","B18101_004",0,31
"278","48015","Austin County, Texas","B18101_005",1050,97
"279","48015","Austin County, Texas","B18101_006",3000,54
"280","48015","Austin County, Texas","B18101_007",201,116
"281","48015","Austin County, Texas","B18101_008",2799,130
"282","48015","Austin County, Texas","B18101_009",2959,31
"283","48015","Austin County, Texas","B18101_010",217,119
"284","48015","Austin County, Texas","B18101_011",2742,123
"285","48015","Austin County, Texas","B18101_012",5780,100
"286","48015","Austin County, Texas","B18101_013",484,152
"287","48015","Austin County, Texas","B18101_014",5296,178
"288","48015","Austin County, Texas","B18101_015",1724,84
"289","48015","Austin County, Texas","B18101_016",559,157
"290","48015","Austin County, Texas","B18101_017",1165,170
"291","48015","Austin County, Texas","B18101_018",1284,129
"292","48015","Austin County, Texas","B18101_019",535,149
"293","48015","Austin County, Texas","B18101_020",749,163
"294","48015","Austin County, Texas","B18101_021",15148,116
"295","48015","Austin County, Texas","B18101_022",700,96
"296","48015","Austin County, Texas","B18101_023",0,31
"297","48015","Austin County, Texas","B18101_024",700,96
"298","48015","Austin County, Texas","B18101_025",2523,56
"299","48015","Austin County, Texas","B18101_026",69,61
"300","48015","Austin County, Texas","B18101_027",2454,74
"301","48015","Austin County, Texas","B18101_028",2895,33
"302","48015","Austin County, Texas","B18101_029",283,153
"303","48015","Austin County, Texas","B18101_030",2612,155
"304","48015","Austin County, Texas","B18101_031",5622,117
"305","48015","Austin County, Texas","B18101_032",492,166
"306","48015","Austin County, Texas","B18101_033",5130,213
"307","48015","Austin County, Texas","B18101_034",1916,133
"308","48015","Austin County, Texas","B18101_035",526,207
"309","48015","Austin County, Texas","B18101_036",1390,203
"310","48015","Austin County, Texas","B18101_037",1492,148
"311","48015","Austin County, Texas","B18101_038",606,130
"312","48015","Austin County, Texas","B18101_039",886,141
"313","48017","Bailey County, Texas","B18101_001",6762,342
"314","48017","Bailey County, Texas","B18101_002",3397,251
"315","48017","Bailey County, Texas","B18101_003",337,83
"316","48017","Bailey County, Texas","B18101_004",0,21
"317","48017","Bailey County, Texas","B18101_005",337,83
"318","48017","Bailey County, Texas","B18101_006",732,114
"319","48017","Bailey County, Texas","B18101_007",19,34
"320","48017","Bailey County, Texas","B18101_008",713,115
"321","48017","Bailey County, Texas","B18101_009",827,184
"322","48017","Bailey County, Texas","B18101_010",29,56
"323","48017","Bailey County, Texas","B18101_011",798,213
"324","48017","Bailey County, Texas","B18101_012",778,199
"325","48017","Bailey County, Texas","B18101_013",43,41
"326","48017","Bailey County, Texas","B18101_014",735,201
"327","48017","Bailey County, Texas","B18101_015",375,130
"328","48017","Bailey County, Texas","B18101_016",144,117
"329","48017","Bailey County, Texas","B18101_017",231,83
"330","48017","Bailey County, Texas","B18101_018",348,140
"331","48017","Bailey County, Texas","B18101_019",149,63
"332","48017","Bailey County, Texas","B18101_020",199,140
"333","48017","Bailey County, Texas","B18101_021",3365,232
"334","48017","Bailey County, Texas","B18101_022",159,96
"335","48017","Bailey County, Texas","B18101_023",0,21
"336","48017","Bailey County, Texas","B18101_024",159,96
"337","48017","Bailey County, Texas","B18101_025",628,120
"338","48017","Bailey County, Texas","B18101_026",0,21
"339","48017","Bailey County, Texas","B18101_027",628,120
"340","48017","Bailey County, Texas","B18101_028",933,145
"341","48017","Bailey County, Texas","B18101_029",182,106
"342","48017","Bailey County, Texas","B18101_030",751,133
"343","48017","Bailey County, Texas","B18101_031",1032,208
"344","48017","Bailey County, Texas","B18101_032",191,120
"345","48017","Bailey County, Texas","B18101_033",841,206
"346","48017","Bailey County, Texas","B18101_034",302,121
"347","48017","Bailey County, Texas","B18101_035",62,47
"348","48017","Bailey County, Texas","B18101_036",240,105
"349","48017","Bailey County, Texas","B18101_037",311,157
"350","48017","Bailey County, Texas","B18101_038",181,95
"351","48017","Bailey County, Texas","B18101_039",130,130
"352","48019","Bandera County, Texas","B18101_001",21885,7
"353","48019","Bandera County, Texas","B18101_002",10734,220
"354","48019","Bandera County, Texas","B18101_003",468,78
"355","48019","Bandera County, Texas","B18101_004",0,28
"356","48019","Bandera County, Texas","B18101_005",468,78
"357","48019","Bandera County, Texas","B18101_006",1372,150
"358","48019","Bandera County, Texas","B18101_007",125,119
"359","48019","Bandera County, Texas","B18101_008",1247,189
"360","48019","Bandera County, Texas","B18101_009",1454,102
"361","48019","Bandera County, Texas","B18101_010",60,72
"362","48019","Bandera County, Texas","B18101_011",1394,122
"363","48019","Bandera County, Texas","B18101_012",4188,135
"364","48019","Bandera County, Texas","B18101_013",727,250
"365","48019","Bandera County, Texas","B18101_014",3461,255
"366","48019","Bandera County, Texas","B18101_015",1966,112
"367","48019","Bandera County, Texas","B18101_016",805,182
"368","48019","Bandera County, Texas","B18101_017",1161,220
"369","48019","Bandera County, Texas","B18101_018",1286,35
"370","48019","Bandera County, Texas","B18101_019",733,139
"371","48019","Bandera County, Texas","B18101_020",553,139
"372","48019","Bandera County, Texas","B18101_021",11151,220
"373","48019","Bandera County, Texas","B18101_022",417,84
"374","48019","Bandera County, Texas","B18101_023",0,28
"375","48019","Bandera County, Texas","B18101_024",417,84
"376","48019","Bandera County, Texas","B18101_025",1389,154
"377","48019","Bandera County, Texas","B18101_026",126,151
"378","48019","Bandera County, Texas","B18101_027",1263,229
"379","48019","Bandera County, Texas","B18101_028",1417,62
"380","48019","Bandera County, Texas","B18101_029",148,107
"381","48019","Bandera County, Texas","B18101_030",1269,125
"382","48019","Bandera County, Texas","B18101_031",4660,72
"383","48019","Bandera County, Texas","B18101_032",819,203
"384","48019","Bandera County, Texas","B18101_033",3841,217
"385","48019","Bandera County, Texas","B18101_034",2021,117
"386","48019","Bandera County, Texas","B18101_035",621,175
"387","48019","Bandera County, Texas","B18101_036",1400,169
"388","48019","Bandera County, Texas","B18101_037",1247,79
"389","48019","Bandera County, Texas","B18101_038",522,129
"390","48019","Bandera County, Texas","B18101_039",725,152
"391","48021","Bastrop County, Texas","B18101_001",103684,246
"392","48021","Bastrop County, Texas","B18101_002",51633,369
"393","48021","Bastrop County, Texas","B18101_003",3429,110
"394","48021","Bastrop County, Texas","B18101_004",0,35
"395","48021","Bastrop County, Texas","B18101_005",3429,110
"396","48021","Bastrop County, Texas","B18101_006",10113,271
"397","48021","Bastrop County, Texas","B18101_007",690,347
"398","48021","Bastrop County, Texas","B18101_008",9423,382
"399","48021","Bastrop County, Texas","B18101_009",10694,307
"400","48021","Bastrop County, Texas","B18101_010",1123,303
"401","48021","Bastrop County, Texas","B18101_011",9571,398
"402","48021","Bastrop County, Texas","B18101_012",19646,218
"403","48021","Bastrop County, Texas","B18101_013",2333,545
"404","48021","Bastrop County, Texas","B18101_014",17313,555
"405","48021","Bastrop County, Texas","B18101_015",5191,160
"406","48021","Bastrop County, Texas","B18101_016",1218,287
"407","48021","Bastrop County, Texas","B18101_017",3973,301
"408","48021","Bastrop County, Texas","B18101_018",2560,124
"409","48021","Bastrop County, Texas","B18101_019",1052,235
"410","48021","Bastrop County, Texas","B18101_020",1508,226
"411","48021","Bastrop County, Texas","B18101_021",52051,277
"412","48021","Bastrop County, Texas","B18101_022",3533,100
"413","48021","Bastrop County, Texas","B18101_023",87,123
"414","48021","Bastrop County, Texas","B18101_024",3446,164
"415","48021","Bastrop County, Texas","B18101_025",10591,258
"416","48021","Bastrop County, Texas","B18101_026",1043,479
"417","48021","Bastrop County, Texas","B18101_027",9548,381
"418","48021","Bastrop County, Texas","B18101_028",10526,160
"419","48021","Bastrop County, Texas","B18101_029",810,241
"420","48021","Bastrop County, Texas","B18101_030",9716,320
"421","48021","Bastrop County, Texas","B18101_031",19292,103
"422","48021","Bastrop County, Texas","B18101_032",1750,346
"423","48021","Bastrop County, Texas","B18101_033",17542,372
"424","48021","Bastrop County, Texas","B18101_034",5151,76
"425","48021","Bastrop County, Texas","B18101_035",1002,237
"426","48021","Bastrop County, Texas","B18101_036",4149,256
"427","48021","Bastrop County, Texas","B18101_037",2958,83
"428","48021","Bastrop County, Texas","B18101_038",1326,265
"429","48021","Bastrop County, Texas","B18101_039",1632,258
"430","48023","Baylor County, Texas","B18101_001",3415,4
"431","48023","Baylor County, Texas","B18101_002",1745,92
"432","48023","Baylor County, Texas","B18101_003",83,31
"433","48023","Baylor County, Texas","B18101_004",0,15
"434","48023","Baylor County, Texas","B18101_005",83,31
"435","48023","Baylor County, Texas","B18101_006",338,59
"436","48023","Baylor County, Texas","B18101_007",0,15
"437","48023","Baylor County, Texas","B18101_008",338,59
"438","48023","Baylor County, Texas","B18101_009",249,52
"439","48023","Baylor County, Texas","B18101_010",15,17
"440","48023","Baylor County, Texas","B18101_011",234,52
"441","48023","Baylor County, Texas","B18101_012",623,63
"442","48023","Baylor County, Texas","B18101_013",230,70
"443","48023","Baylor County, Texas","B18101_014",393,92
"444","48023","Baylor County, Texas","B18101_015",284,47
"445","48023","Baylor County, Texas","B18101_016",51,33
"446","48023","Baylor County, Texas","B18101_017",233,53
"447","48023","Baylor County, Texas","B18101_018",168,32
"448","48023","Baylor County, Texas","B18101_019",85,39
"449","48023","Baylor County, Texas","B18101_020",83,35
"450","48023","Baylor County, Texas","B18101_021",1670,92
"451","48023","Baylor County, Texas","B18101_022",67,31
"452","48023","Baylor County, Texas","B18101_023",0,15
"453","48023","Baylor County, Texas","B18101_024",67,31
"454","48023","Baylor County, Texas","B18101_025",268,63
"455","48023","Baylor County, Texas","B18101_026",62,49
"456","48023","Baylor County, Texas","B18101_027",206,53
"457","48023","Baylor County, Texas","B18101_028",258,71
"458","48023","Baylor County, Texas","B18101_029",20,29
"459","48023","Baylor County, Texas","B18101_030",238,61
"460","48023","Baylor County, Texas","B18101_031",641,78
"461","48023","Baylor County, Texas","B18101_032",197,66
"462","48023","Baylor County, Texas","B18101_033",444,71
"463","48023","Baylor County, Texas","B18101_034",213,31
"464","48023","Baylor County, Texas","B18101_035",37,33
"465","48023","Baylor County, Texas","B18101_036",176,34
"466","48023","Baylor County, Texas","B18101_037",223,54
"467","48023","Baylor County, Texas","B18101_038",106,58
"468","48023","Baylor County, Texas","B18101_039",117,43
"469","48025","Bee County, Texas","B18101_001",24362,232
"470","48025","Bee County, Texas","B18101_002",12919,286
"471","48025","Bee County, Texas","B18101_003",846,40
"472","48025","Bee County, Texas","B18101_004",0,31
"473","48025","Bee County, Texas","B18101_005",846,40
"474","48025","Bee County, Texas","B18101_006",2362,81
"475","48025","Bee County, Texas","B18101_007",63,61
"476","48025","Bee County, Texas","B18101_008",2299,102
"477","48025","Bee County, Texas","B18101_009",4018,435
"478","48025","Bee County, Texas","B18101_010",390,201
"479","48025","Bee County, Texas","B18101_011",3628,509
"480","48025","Bee County, Texas","B18101_012",4068,468
"481","48025","Bee County, Texas","B18101_013",739,200
"482","48025","Bee County, Texas","B18101_014",3329,432
"483","48025","Bee County, Texas","B18101_015",962,100
"484","48025","Bee County, Texas","B18101_016",514,129
"485","48025","Bee County, Texas","B18101_017",448,101
"486","48025","Bee County, Texas","B18101_018",663,29
"487","48025","Bee County, Texas","B18101_019",432,91
"488","48025","Bee County, Texas","B18101_020",231,86
"489","48025","Bee County, Texas","B18101_021",11443,163
"490","48025","Bee County, Texas","B18101_022",669,40
"491","48025","Bee County, Texas","B18101_023",0,31
"492","48025","Bee County, Texas","B18101_024",669,40
"493","48025","Bee County, Texas","B18101_025",2302,107
"494","48025","Bee County, Texas","B18101_026",212,109
"495","48025","Bee County, Texas","B18101_027",2090,165
"496","48025","Bee County, Texas","B18101_028",2475,13
"497","48025","Bee County, Texas","B18101_029",153,93
"498","48025","Bee County, Texas","B18101_030",2322,96
"499","48025","Bee County, Texas","B18101_031",3993,78
"500","48025","Bee County, Texas","B18101_032",390,132
"501","48025","Bee County, Texas","B18101_033",3603,140
"502","48025","Bee County, Texas","B18101_034",1154,40
"503","48025","Bee County, Texas","B18101_035",481,117
"504","48025","Bee County, Texas","B18101_036",673,120
"505","48025","Bee County, Texas","B18101_037",850,30
"506","48025","Bee County, Texas","B18101_038",580,96
"507","48025","Bee County, Texas","B18101_039",270,93
"508","48027","Bell County, Texas","B18101_001",362876,1338
"509","48027","Bell County, Texas","B18101_002",173618,1155
"510","48027","Bell County, Texas","B18101_003",15342,109
"511","48027","Bell County, Texas","B18101_004",221,170
"512","48027","Bell County, Texas","B18101_005",15121,216
"513","48027","Bell County, Texas","B18101_006",38801,139
"514","48027","Bell County, Texas","B18101_007",3554,610
"515","48027","Bell County, Texas","B18101_008",35247,611
"516","48027","Bell County, Texas","B18101_009",40037,914
"517","48027","Bell County, Texas","B18101_010",4105,567
"518","48027","Bell County, Texas","B18101_011",35932,1018
"519","48027","Bell County, Texas","B18101_012",59241,640
"520","48027","Bell County, Texas","B18101_013",11096,874
"521","48027","Bell County, Texas","B18101_014",48145,1058
"522","48027","Bell County, Texas","B18101_015",12893,153
"523","48027","Bell County, Texas","B18101_016",4399,386
"524","48027","Bell County, Texas","B18101_017",8494,423
"525","48027","Bell County, Texas","B18101_018",7304,138
"526","48027","Bell County, Texas","B18101_019",4140,341
"527","48027","Bell County, Texas","B18101_020",3164,337
"528","48027","Bell County, Texas","B18101_021",189258,629
"529","48027","Bell County, Texas","B18101_022",14408,97
"530","48027","Bell County, Texas","B18101_023",189,138
"531","48027","Bell County, Texas","B18101_024",14219,181
"532","48027","Bell County, Texas","B18101_025",37628,74
"533","48027","Bell County, Texas","B18101_026",2712,585
"534","48027","Bell County, Texas","B18101_027",34916,574
"535","48027","Bell County, Texas","B18101_028",46143,550
"536","48027","Bell County, Texas","B18101_029",4835,670
"537","48027","Bell County, Texas","B18101_030",41308,861
"538","48027","Bell County, Texas","B18101_031",66563,288
"539","48027","Bell County, Texas","B18101_032",11149,812
"540","48027","Bell County, Texas","B18101_033",55414,800
"541","48027","Bell County, Texas","B18101_034",14896,131
"542","48027","Bell County, Texas","B18101_035",3827,456
"543","48027","Bell County, Texas","B18101_036",11069,473
"544","48027","Bell County, Texas","B18101_037",9620,150
"545","48027","Bell County, Texas","B18101_038",4844,399
"546","48027","Bell County, Texas","B18101_039",4776,384
"547","48029","Bexar County, Texas","B18101_001",2023493,1841
"548","48029","Bexar County, Texas","B18101_002",995749,1769
"549","48029","Bexar County, Texas","B18101_003",67808,42
"550","48029","Bexar County, Texas","B18101_004",503,296
"551","48029","Bexar County, Texas","B18101_005",67305,303
"552","48029","Bexar County, Texas","B18101_006",191879,138
"553","48029","Bexar County, Texas","B18101_007",18369,1507
"554","48029","Bexar County, Texas","B18101_008",173510,1504
"555","48029","Bexar County, Texas","B18101_009",253497,1494
"556","48029","Bexar County, Texas","B18101_010",24789,1552
"557","48029","Bexar County, Texas","B18101_011",228708,2023
"558","48029","Bexar County, Texas","B18101_012",367638,986
"559","48029","Bexar County, Texas","B18101_013",59602,2470
"560","48029","Bexar County, Texas","B18101_014",308036,2736
"561","48029","Bexar County, Texas","B18101_015",72507,219
"562","48029","Bexar County, Texas","B18101_016",23864,1039
"563","48029","Bexar County, Texas","B18101_017",48643,1033
"564","48029","Bexar County, Texas","B18101_018",42420,215
"565","48029","Bexar County, Texas","B18101_019",22719,934
"566","48029","Bexar County, Texas","B18101_020",19701,973
"567","48029","Bexar County, Texas","B18101_021",1027744,1201
"568","48029","Bexar County, Texas","B18101_022",64994,54
"569","48029","Bexar County, Texas","B18101_023",645,272
"570","48029","Bexar County, Texas","B18101_024",64349,276
"571","48029","Bexar County, Texas","B18101_025",184790,83
"572","48029","Bexar County, Texas","B18101_026",13657,1268
"573","48029","Bexar County, Texas","B18101_027",171133,1268
"574","48029","Bexar County, Texas","B18101_028",251141,1194
"575","48029","Bexar County, Texas","B18101_029",22917,1308
"576","48029","Bexar County, Texas","B18101_030",228224,1501
"577","48029","Bexar County, Texas","B18101_031",380560,469
"578","48029","Bexar County, Texas","B18101_032",59291,1975
"579","48029","Bexar County, Texas","B18101_033",321269,2071
"580","48029","Bexar County, Texas","B18101_034",87041,204
"581","48029","Bexar County, Texas","B18101_035",27642,1311
"582","48029","Bexar County, Texas","B18101_036",59399,1324
"583","48029","Bexar County, Texas","B18101_037",59218,354
"584","48029","Bexar County, Texas","B18101_038",31466,972
"585","48029","Bexar County, Texas","B18101_039",27752,999
"586","48031","Blanco County, Texas","B18101_001",12321,46
"587","48031","Blanco County, Texas","B18101_002",5997,100
"588","48031","Blanco County, Texas","B18101_003",204,39
"589","48031","Blanco County, Texas","B18101_004",19,30
"590","48031","Blanco County, Texas","B18101_005",185,46
"591","48031","Blanco County, Texas","B18101_006",801,63
"592","48031","Blanco County, Texas","B18101_007",27,28
"593","48031","Blanco County, Texas","B18101_008",774,68
"594","48031","Blanco County, Texas","B18101_009",978,19
"595","48031","Blanco County, Texas","B18101_010",56,42
"596","48031","Blanco County, Texas","B18101_011",922,47
"597","48031","Blanco County, Texas","B18101_012",2471,73
"598","48031","Blanco County, Texas","B18101_013",298,99
"599","48031","Blanco County, Texas","B18101_014",2173,124
"600","48031","Blanco County, Texas","B18101_015",999,71
"601","48031","Blanco County, Texas","B18101_016",228,90
"602","48031","Blanco County, Texas","B18101_017",771,113
"603","48031","Blanco County, Texas","B18101_018",544,37
"604","48031","Blanco County, Texas","B18101_019",237,108
"605","48031","Blanco County, Texas","B18101_020",307,114
"606","48031","Blanco County, Texas","B18101_021",6324,93
"607","48031","Blanco County, Texas","B18101_022",276,73
"608","48031","Blanco County, Texas","B18101_023",0,23
"609","48031","Blanco County, Texas","B18101_024",276,73
"610","48031","Blanco County, Texas","B18101_025",901,87
"611","48031","Blanco County, Texas","B18101_026",4,12
"612","48031","Blanco County, Texas","B18101_027",897,90
"613","48031","Blanco County, Texas","B18101_028",858,42
"614","48031","Blanco County, Texas","B18101_029",13,16
"615","48031","Blanco County, Texas","B18101_030",845,45
"616","48031","Blanco County, Texas","B18101_031",2616,58
"617","48031","Blanco County, Texas","B18101_032",337,156
"618","48031","Blanco County, Texas","B18101_033",2279,164
"619","48031","Blanco County, Texas","B18101_034",1046,43
"620","48031","Blanco County, Texas","B18101_035",321,109
"621","48031","Blanco County, Texas","B18101_036",725,118
"622","48031","Blanco County, Texas","B18101_037",627,34
"623","48031","Blanco County, Texas","B18101_038",320,92
"624","48031","Blanco County, Texas","B18101_039",307,90
"625","48033","Borden County, Texas","B18101_001",713,135
"626","48033","Borden County, Texas","B18101_002",317,60
"627","48033","Borden County, Texas","B18101_003",20,15
"628","48033","Borden County, Texas","B18101_004",0,15
"629","48033","Borden County, Texas","B18101_005",20,15
"630","48033","Borden County, Texas","B18101_006",78,34
"631","48033","Borden County, Texas","B18101_007",0,15
"632","48033","Borden County, Texas","B18101_008",78,34
"633","48033","Borden County, Texas","B18101_009",45,34
"634","48033","Borden County, Texas","B18101_010",0,15
"635","48033","Borden County, Texas","B18101_011",45,34
"636","48033","Borden County, Texas","B18101_012",114,34
"637","48033","Borden County, Texas","B18101_013",14,9
"638","48033","Borden County, Texas","B18101_014",100,33
"639","48033","Borden County, Texas","B18101_015",33,18
"640","48033","Borden County, Texas","B18101_016",15,13
"641","48033","Borden County, Texas","B18101_017",18,13
"642","48033","Borden County, Texas","B18101_018",27,17
"643","48033","Borden County, Texas","B18101_019",17,12
"644","48033","Borden County, Texas","B18101_020",10,11
"645","48033","Borden County, Texas","B18101_021",396,95
"646","48033","Borden County, Texas","B18101_022",39,21
"647","48033","Borden County, Texas","B18101_023",0,15
"648","48033","Borden County, Texas","B18101_024",39,21
"649","48033","Borden County, Texas","B18101_025",114,65
"650","48033","Borden County, Texas","B18101_026",0,15
"651","48033","Borden County, Texas","B18101_027",114,65
"652","48033","Borden County, Texas","B18101_028",87,49
"653","48033","Borden County, Texas","B18101_029",0,15
"654","48033","Borden County, Texas","B18101_030",87,49
"655","48033","Borden County, Texas","B18101_031",93,27
"656","48033","Borden County, Texas","B18101_032",8,8
"657","48033","Borden County, Texas","B18101_033",85,26
"658","48033","Borden County, Texas","B18101_034",41,23
"659","48033","Borden County, Texas","B18101_035",15,17
"660","48033","Borden County, Texas","B18101_036",26,19
"661","48033","Borden County, Texas","B18101_037",22,15
"662","48033","Borden County, Texas","B18101_038",13,10
"663","48033","Borden County, Texas","B18101_039",9,8
"664","48035","Bosque County, Texas","B18101_001",18337,41
"665","48035","Bosque County, Texas","B18101_002",9000,90
"666","48035","Bosque County, Texas","B18101_003",498,32
"667","48035","Bosque County, Texas","B18101_004",7,9
"668","48035","Bosque County, Texas","B18101_005",491,35
"669","48035","Bosque County, Texas","B18101_006",1417,56
"670","48035","Bosque County, Texas","B18101_007",153,85
"671","48035","Bosque County, Texas","B18101_008",1264,101
"672","48035","Bosque County, Texas","B18101_009",1494,65
"673","48035","Bosque County, Texas","B18101_010",222,93
"674","48035","Bosque County, Texas","B18101_011",1272,116
"675","48035","Bosque County, Texas","B18101_012",3415,90
"676","48035","Bosque County, Texas","B18101_013",538,147
"677","48035","Bosque County, Texas","B18101_014",2877,176
"678","48035","Bosque County, Texas","B18101_015",1306,44
"679","48035","Bosque County, Texas","B18101_016",436,92
"680","48035","Bosque County, Texas","B18101_017",870,95
"681","48035","Bosque County, Texas","B18101_018",870,57
"682","48035","Bosque County, Texas","B18101_019",473,82
"683","48035","Bosque County, Texas","B18101_020",397,75
"684","48035","Bosque County, Texas","B18101_021",9337,83
"685","48035","Bosque County, Texas","B18101_022",443,29
"686","48035","Bosque County, Texas","B18101_023",0,23
"687","48035","Bosque County, Texas","B18101_024",443,29
"688","48035","Bosque County, Texas","B18101_025",1524,63
"689","48035","Bosque County, Texas","B18101_026",43,29
"690","48035","Bosque County, Texas","B18101_027",1481,68
"691","48035","Bosque County, Texas","B18101_028",1537,41
"692","48035","Bosque County, Texas","B18101_029",111,61
"693","48035","Bosque County, Texas","B18101_030",1426,77
"694","48035","Bosque County, Texas","B18101_031",3482,66
"695","48035","Bosque County, Texas","B18101_032",445,106
"696","48035","Bosque County, Texas","B18101_033",3037,121
"697","48035","Bosque County, Texas","B18101_034",1377,52
"698","48035","Bosque County, Texas","B18101_035",236,59
"699","48035","Bosque County, Texas","B18101_036",1141,66
"700","48035","Bosque County, Texas","B18101_037",974,59
"701","48035","Bosque County, Texas","B18101_038",441,87
"702","48035","Bosque County, Texas","B18101_039",533,85
"703","48037","Bowie County, Texas","B18101_001",86531,110
"704","48037","Bowie County, Texas","B18101_002",41158,184
"705","48037","Bowie County, Texas","B18101_003",2757,65
"706","48037","Bowie County, Texas","B18101_004",0,35
"707","48037","Bowie County, Texas","B18101_005",2757,65
"708","48037","Bowie County, Texas","B18101_006",8539,97
"709","48037","Bowie County, Texas","B18101_007",506,146
"710","48037","Bowie County, Texas","B18101_008",8033,172
"711","48037","Bowie County, Texas","B18101_009",9316,215
"712","48037","Bowie County, Texas","B18101_010",830,275
"713","48037","Bowie County, Texas","B18101_011",8486,350
"714","48037","Bowie County, Texas","B18101_012",13856,274
"715","48037","Bowie County, Texas","B18101_013",2268,391
"716","48037","Bowie County, Texas","B18101_014",11588,453
"717","48037","Bowie County, Texas","B18101_015",4125,150
"718","48037","Bowie County, Texas","B18101_016",1214,208
"719","48037","Bowie County, Texas","B18101_017",2911,227
"720","48037","Bowie County, Texas","B18101_018",2565,136
"721","48037","Bowie County, Texas","B18101_019",1119,162
"722","48037","Bowie County, Texas","B18101_020",1446,190
"723","48037","Bowie County, Texas","B18101_021",45373,160
"724","48037","Bowie County, Texas","B18101_022",2605,29
"725","48037","Bowie County, Texas","B18101_023",62,65
"726","48037","Bowie County, Texas","B18101_024",2543,75
"727","48037","Bowie County, Texas","B18101_025",7998,75
"728","48037","Bowie County, Texas","B18101_026",460,183
"729","48037","Bowie County, Texas","B18101_027",7538,201
"730","48037","Bowie County, Texas","B18101_028",9331,106
"731","48037","Bowie County, Texas","B18101_029",676,184
"732","48037","Bowie County, Texas","B18101_030",8655,219
"733","48037","Bowie County, Texas","B18101_031",16623,150
"734","48037","Bowie County, Texas","B18101_032",2853,330
"735","48037","Bowie County, Texas","B18101_033",13770,360
"736","48037","Bowie County, Texas","B18101_034",5057,105
"737","48037","Bowie County, Texas","B18101_035",1178,241
"738","48037","Bowie County, Texas","B18101_036",3879,259
"739","48037","Bowie County, Texas","B18101_037",3759,122
"740","48037","Bowie County, Texas","B18101_038",1593,212
"741","48037","Bowie County, Texas","B18101_039",2166,244
"742","48039","Brazoria County, Texas","B18101_001",378252,406
"743","48039","Brazoria County, Texas","B18101_002",185050,467
"744","48039","Brazoria County, Texas","B18101_003",12598,37
"745","48039","Brazoria County, Texas","B18101_004",181,116
"746","48039","Brazoria County, Texas","B18101_005",12417,119
"747","48039","Brazoria County, Texas","B18101_006",38631,47
"748","48039","Brazoria County, Texas","B18101_007",2484,481
"749","48039","Brazoria County, Texas","B18101_008",36147,489
"750","48039","Brazoria County, Texas","B18101_009",39352,485
"751","48039","Brazoria County, Texas","B18101_010",3260,547
"752","48039","Brazoria County, Texas","B18101_011",36092,670
"753","48039","Brazoria County, Texas","B18101_012",72088,640
"754","48039","Brazoria County, Texas","B18101_013",7442,850
"755","48039","Brazoria County, Texas","B18101_014",64646,994
"756","48039","Brazoria County, Texas","B18101_015",14738,188
"757","48039","Brazoria County, Texas","B18101_016",4935,535
"758","48039","Brazoria County, Texas","B18101_017",9803,516
"759","48039","Brazoria County, Texas","B18101_018",7643,147
"760","48039","Brazoria County, Texas","B18101_019",3514,426
"761","48039","Brazoria County, Texas","B18101_020",4129,419
"762","48039","Brazoria County, Texas","B18101_021",193202,183
"763","48039","Brazoria County, Texas","B18101_022",11937,30
"764","48039","Brazoria County, Texas","B18101_023",0,35
"765","48039","Brazoria County, Texas","B18101_024",11937,30
"766","48039","Brazoria County, Texas","B18101_025",36776,15
"767","48039","Brazoria County, Texas","B18101_026",1693,395
"768","48039","Brazoria County, Texas","B18101_027",35083,394
"769","48039","Brazoria County, Texas","B18101_028",41347,94
"770","48039","Brazoria County, Texas","B18101_029",2749,629
"771","48039","Brazoria County, Texas","B18101_030",38598,638
"772","48039","Brazoria County, Texas","B18101_031",76677,113
"773","48039","Brazoria County, Texas","B18101_032",8274,805
"774","48039","Brazoria County, Texas","B18101_033",68403,836
"775","48039","Brazoria County, Texas","B18101_034",16180,86
"776","48039","Brazoria County, Texas","B18101_035",4368,521
"777","48039","Brazoria County, Texas","B18101_036",11812,520
"778","48039","Brazoria County, Texas","B18101_037",10285,122
"779","48039","Brazoria County, Texas","B18101_038",5253,439
"780","48039","Brazoria County, Texas","B18101_039",5032,441
"781","48041","Brazos County, Texas","B18101_001",238575,202
"782","48041","Brazos County, Texas","B18101_002",119800,303
"783","48041","Brazos County, Texas","B18101_003",6740,29
"784","48041","Brazos County, Texas","B18101_004",128,174
"785","48041","Brazos County, Texas","B18101_005",6612,182
"786","48041","Brazos County, Texas","B18101_006",17947,30
"787","48041","Brazos County, Texas","B18101_007",1370,316
"788","48041","Brazos County, Texas","B18101_008",16577,318
"789","48041","Brazos County, Texas","B18101_009",50674,203
"790","48041","Brazos County, Texas","B18101_010",3400,526
"791","48041","Brazos County, Texas","B18101_011",47274,541
"792","48041","Brazos County, Texas","B18101_012",33502,202
"793","48041","Brazos County, Texas","B18101_013",3250,443
"794","48041","Brazos County, Texas","B18101_014",30252,518
"795","48041","Brazos County, Texas","B18101_015",7052,113
"796","48041","Brazos County, Texas","B18101_016",1583,266
"797","48041","Brazos County, Texas","B18101_017",5469,280
"798","48041","Brazos County, Texas","B18101_018",3885,119
"799","48041","Brazos County, Texas","B18101_019",2076,235
"800","48041","Brazos County, Texas","B18101_020",1809,223
"801","48041","Brazos County, Texas","B18101_021",118775,295
"802","48041","Brazos County, Texas","B18101_022",6564,20
"803","48041","Brazos County, Texas","B18101_023",0,35
"804","48041","Brazos County, Texas","B18101_024",6564,20
"805","48041","Brazos County, Texas","B18101_025",17495,46
"806","48041","Brazos County, Texas","B18101_026",1052,373
"807","48041","Brazos County, Texas","B18101_027",16443,373
"808","48041","Brazos County, Texas","B18101_028",47212,160
"809","48041","Brazos County, Texas","B18101_029",3526,576
"810","48041","Brazos County, Texas","B18101_030",43686,598
"811","48041","Brazos County, Texas","B18101_031",34330,168
"812","48041","Brazos County, Texas","B18101_032",3827,434
"813","48041","Brazos County, Texas","B18101_033",30503,471
"814","48041","Brazos County, Texas","B18101_034",7869,122
"815","48041","Brazos County, Texas","B18101_035",1716,275
"816","48041","Brazos County, Texas","B18101_036",6153,278
"817","48041","Brazos County, Texas","B18101_037",5305,110
"818","48041","Brazos County, Texas","B18101_038",2591,265
"819","48041","Brazos County, Texas","B18101_039",2714,274
"820","48043","Brewster County, Texas","B18101_001",9441,4
"821","48043","Brewster County, Texas","B18101_002",4709,153
"822","48043","Brewster County, Texas","B18101_003",193,118
"823","48043","Brewster County, Texas","B18101_004",0,21
"824","48043","Brewster County, Texas","B18101_005",193,118
"825","48043","Brewster County, Texas","B18101_006",523,156
"826","48043","Brewster County, Texas","B18101_007",8,13
"827","48043","Brewster County, Texas","B18101_008",515,154
"828","48043","Brewster County, Texas","B18101_009",1336,163
"829","48043","Brewster County, Texas","B18101_010",50,45
"830","48043","Brewster County, Texas","B18101_011",1286,165
"831","48043","Brewster County, Texas","B18101_012",1465,167
"832","48043","Brewster County, Texas","B18101_013",167,117
"833","48043","Brewster County, Texas","B18101_014",1298,175
"834","48043","Brewster County, Texas","B18101_015",746,111
"835","48043","Brewster County, Texas","B18101_016",230,123
"836","48043","Brewster County, Texas","B18101_017",516,101
"837","48043","Brewster County, Texas","B18101_018",446,76
"838","48043","Brewster County, Texas","B18101_019",204,87
"839","48043","Brewster County, Texas","B18101_020",242,84
"840","48043","Brewster County, Texas","B18101_021",4732,153
"841","48043","Brewster County, Texas","B18101_022",194,104
"842","48043","Brewster County, Texas","B18101_023",0,21
"843","48043","Brewster County, Texas","B18101_024",194,104
"844","48043","Brewster County, Texas","B18101_025",678,121
"845","48043","Brewster County, Texas","B18101_026",0,21
"846","48043","Brewster County, Texas","B18101_027",678,121
"847","48043","Brewster County, Texas","B18101_028",1149,143
"848","48043","Brewster County, Texas","B18101_029",87,76
"849","48043","Brewster County, Texas","B18101_030",1062,157
"850","48043","Brewster County, Texas","B18101_031",1401,151
"851","48043","Brewster County, Texas","B18101_032",226,139
"852","48043","Brewster County, Texas","B18101_033",1175,218
"853","48043","Brewster County, Texas","B18101_034",857,125
"854","48043","Brewster County, Texas","B18101_035",138,94
"855","48043","Brewster County, Texas","B18101_036",719,142
"856","48043","Brewster County, Texas","B18101_037",453,106
"857","48043","Brewster County, Texas","B18101_038",163,84
"858","48043","Brewster County, Texas","B18101_039",290,90
"859","48045","Briscoe County, Texas","B18101_001",1301,136
"860","48045","Briscoe County, Texas","B18101_002",680,83
"861","48045","Briscoe County, Texas","B18101_003",69,33
"862","48045","Briscoe County, Texas","B18101_004",0,15
"863","48045","Briscoe County, Texas","B18101_005",69,33
"864","48045","Briscoe County, Texas","B18101_006",76,27
"865","48045","Briscoe County, Texas","B18101_007",3,3
"866","48045","Briscoe County, Texas","B18101_008",73,27
"867","48045","Briscoe County, Texas","B18101_009",121,51
"868","48045","Briscoe County, Texas","B18101_010",3,5
"869","48045","Briscoe County, Texas","B18101_011",118,51
"870","48045","Briscoe County, Texas","B18101_012",274,52
"871","48045","Briscoe County, Texas","B18101_013",73,38
"872","48045","Briscoe County, Texas","B18101_014",201,50
"873","48045","Briscoe County, Texas","B18101_015",77,25
"874","48045","Briscoe County, Texas","B18101_016",9,8
"875","48045","Briscoe County, Texas","B18101_017",68,24
"876","48045","Briscoe County, Texas","B18101_018",63,26
"877","48045","Briscoe County, Texas","B18101_019",40,21
"878","48045","Briscoe County, Texas","B18101_020",23,15
"879","48045","Briscoe County, Texas","B18101_021",621,81
"880","48045","Briscoe County, Texas","B18101_022",13,11
"881","48045","Briscoe County, Texas","B18101_023",0,15
"882","48045","Briscoe County, Texas","B18101_024",13,11
"883","48045","Briscoe County, Texas","B18101_025",112,35
"884","48045","Briscoe County, Texas","B18101_026",0,15
"885","48045","Briscoe County, Texas","B18101_027",112,35
"886","48045","Briscoe County, Texas","B18101_028",76,30
"887","48045","Briscoe County, Texas","B18101_029",8,9
"888","48045","Briscoe County, Texas","B18101_030",68,30
"889","48045","Briscoe County, Texas","B18101_031",240,51
"890","48045","Briscoe County, Texas","B18101_032",62,29
"891","48045","Briscoe County, Texas","B18101_033",178,48
"892","48045","Briscoe County, Texas","B18101_034",105,40
"893","48045","Briscoe County, Texas","B18101_035",10,7
"894","48045","Briscoe County, Texas","B18101_036",95,41
"895","48045","Briscoe County, Texas","B18101_037",75,29
"896","48045","Briscoe County, Texas","B18101_038",56,25
"897","48045","Briscoe County, Texas","B18101_039",19,16
"898","48047","Brooks County, Texas","B18101_001",6624,129
"899","48047","Brooks County, Texas","B18101_002",3244,243
"900","48047","Brooks County, Texas","B18101_003",48,57
"901","48047","Brooks County, Texas","B18101_004",0,21
"902","48047","Brooks County, Texas","B18101_005",48,57
"903","48047","Brooks County, Texas","B18101_006",717,179
"904","48047","Brooks County, Texas","B18101_007",26,50
"905","48047","Brooks County, Texas","B18101_008",691,167
"906","48047","Brooks County, Texas","B18101_009",693,300
"907","48047","Brooks County, Texas","B18101_010",73,102
"908","48047","Brooks County, Texas","B18101_011",620,253
"909","48047","Brooks County, Texas","B18101_012",1195,223
"910","48047","Brooks County, Texas","B18101_013",121,93
"911","48047","Brooks County, Texas","B18101_014",1074,221
"912","48047","Brooks County, Texas","B18101_015",303,101
"913","48047","Brooks County, Texas","B18101_016",167,98
"914","48047","Brooks County, Texas","B18101_017",136,77
"915","48047","Brooks County, Texas","B18101_018",288,84
"916","48047","Brooks County, Texas","B18101_019",201,73
"917","48047","Brooks County, Texas","B18101_020",87,60
"918","48047","Brooks County, Texas","B18101_021",3380,232
"919","48047","Brooks County, Texas","B18101_022",126,110
"920","48047","Brooks County, Texas","B18101_023",0,21
"921","48047","Brooks County, Texas","B18101_024",126,110
"922","48047","Brooks County, Texas","B18101_025",561,181
"923","48047","Brooks County, Texas","B18101_026",59,93
"924","48047","Brooks County, Texas","B18101_027",502,226
"925","48047","Brooks County, Texas","B18101_028",580,157
"926","48047","Brooks County, Texas","B18101_029",166,145
"927","48047","Brooks County, Texas","B18101_030",414,189
"928","48047","Brooks County, Texas","B18101_031",1257,224
"929","48047","Brooks County, Texas","B18101_032",225,189
"930","48047","Brooks County, Texas","B18101_033",1032,274
"931","48047","Brooks County, Texas","B18101_034",470,113
"932","48047","Brooks County, Texas","B18101_035",154,108
"933","48047","Brooks County, Texas","B18101_036",316,141
"934","48047","Brooks County, Texas","B18101_037",386,77
"935","48047","Brooks County, Texas","B18101_038",292,88
"936","48047","Brooks County, Texas","B18101_039",94,75
"937","48049","Brown County, Texas","B18101_001",37270,57
"938","48049","Brown County, Texas","B18101_002",18351,118
"939","48049","Brown County, Texas","B18101_003",997,39
"940","48049","Brown County, Texas","B18101_004",86,62
"941","48049","Brown County, Texas","B18101_005",911,75
"942","48049","Brown County, Texas","B18101_006",2939,58
"943","48049","Brown County, Texas","B18101_007",344,129
"944","48049","Brown County, Texas","B18101_008",2595,147
"945","48049","Brown County, Texas","B18101_009",3974,109
"946","48049","Brown County, Texas","B18101_010",488,183
"947","48049","Brown County, Texas","B18101_011",3486,194
"948","48049","Brown County, Texas","B18101_012",6998,132
"949","48049","Brown County, Texas","B18101_013",1600,293
"950","48049","Brown County, Texas","B18101_014",5398,294
"951","48049","Brown County, Texas","B18101_015",2088,67
"952","48049","Brown County, Texas","B18101_016",747,143
"953","48049","Brown County, Texas","B18101_017",1341,142
"954","48049","Brown County, Texas","B18101_018",1355,100
"955","48049","Brown County, Texas","B18101_019",817,121
"956","48049","Brown County, Texas","B18101_020",538,107
"957","48049","Brown County, Texas","B18101_021",18919,114
"958","48049","Brown County, Texas","B18101_022",949,42
"959","48049","Brown County, Texas","B18101_023",23,44
"960","48049","Brown County, Texas","B18101_024",926,58
"961","48049","Brown County, Texas","B18101_025",2821,63
"962","48049","Brown County, Texas","B18101_026",317,158
"963","48049","Brown County, Texas","B18101_027",2504,175
"964","48049","Brown County, Texas","B18101_028",3771,84
"965","48049","Brown County, Texas","B18101_029",439,165
"966","48049","Brown County, Texas","B18101_030",3332,199
"967","48049","Brown County, Texas","B18101_031",7213,102
"968","48049","Brown County, Texas","B18101_032",1521,296
"969","48049","Brown County, Texas","B18101_033",5692,294
"970","48049","Brown County, Texas","B18101_034",2397,66
"971","48049","Brown County, Texas","B18101_035",1063,181
"972","48049","Brown County, Texas","B18101_036",1334,188
"973","48049","Brown County, Texas","B18101_037",1768,77
"974","48049","Brown County, Texas","B18101_038",1060,159
"975","48049","Brown County, Texas","B18101_039",708,163
"976","48051","Burleson County, Texas","B18101_001",18659,45
"977","48051","Burleson County, Texas","B18101_002",9061,195
"978","48051","Burleson County, Texas","B18101_003",421,97
"979","48051","Burleson County, Texas","B18101_004",0,23
"980","48051","Burleson County, Texas","B18101_005",421,97
"981","48051","Burleson County, Texas","B18101_006",1511,149
"982","48051","Burleson County, Texas","B18101_007",204,108
"983","48051","Burleson County, Texas","B18101_008",1307,157
"984","48051","Burleson County, Texas","B18101_009",1500,161
"985","48051","Burleson County, Texas","B18101_010",23,23
"986","48051","Burleson County, Texas","B18101_011",1477,159
"987","48051","Burleson County, Texas","B18101_012",3722,165
"988","48051","Burleson County, Texas","B18101_013",533,160
"989","48051","Burleson County, Texas","B18101_014",3189,255
"990","48051","Burleson County, Texas","B18101_015",1279,68
"991","48051","Burleson County, Texas","B18101_016",347,92
"992","48051","Burleson County, Texas","B18101_017",932,111
"993","48051","Burleson County, Texas","B18101_018",628,62
"994","48051","Burleson County, Texas","B18101_019",321,91
"995","48051","Burleson County, Texas","B18101_020",307,88
"996","48051","Burleson County, Texas","B18101_021",9598,193
"997","48051","Burleson County, Texas","B18101_022",510,106
"998","48051","Burleson County, Texas","B18101_023",16,23
"999","48051","Burleson County, Texas","B18101_024",494,101
"1000","48051","Burleson County, Texas","B18101_025",1696,153
"1001","48051","Burleson County, Texas","B18101_026",26,37
"1002","48051","Burleson County, Texas","B18101_027",1670,142
"1003","48051","Burleson County, Texas","B18101_028",1595,116
"1004","48051","Burleson County, Texas","B18101_029",198,147
"1005","48051","Burleson County, Texas","B18101_030",1397,190
"1006","48051","Burleson County, Texas","B18101_031",3649,167
"1007","48051","Burleson County, Texas","B18101_032",464,155
"1008","48051","Burleson County, Texas","B18101_033",3185,220
"1009","48051","Burleson County, Texas","B18101_034",1404,98
"1010","48051","Burleson County, Texas","B18101_035",303,102
"1011","48051","Burleson County, Texas","B18101_036",1101,109
"1012","48051","Burleson County, Texas","B18101_037",744,53
"1013","48051","Burleson County, Texas","B18101_038",361,100
"1014","48051","Burleson County, Texas","B18101_039",383,95
"1015","48053","Burnet County, Texas","B18101_001",51693,39
"1016","48053","Burnet County, Texas","B18101_002",25586,223
"1017","48053","Burnet County, Texas","B18101_003",1408,84
"1018","48053","Burnet County, Texas","B18101_004",0,35
"1019","48053","Burnet County, Texas","B18101_005",1408,84
"1020","48053","Burnet County, Texas","B18101_006",4112,69
"1021","48053","Burnet County, Texas","B18101_007",415,163
"1022","48053","Burnet County, Texas","B18101_008",3697,174
"1023","48053","Burnet County, Texas","B18101_009",4726,144
"1024","48053","Burnet County, Texas","B18101_010",307,119
"1025","48053","Burnet County, Texas","B18101_011",4419,159
"1026","48053","Burnet County, Texas","B18101_012",9523,143
"1027","48053","Burnet County, Texas","B18101_013",1731,286
"1028","48053","Burnet County, Texas","B18101_014",7792,318
"1029","48053","Burnet County, Texas","B18101_015",3534,56
"1030","48053","Burnet County, Texas","B18101_016",831,162
"1031","48053","Burnet County, Texas","B18101_017",2703,168
"1032","48053","Burnet County, Texas","B18101_018",2283,68
"1033","48053","Burnet County, Texas","B18101_019",921,165
"1034","48053","Burnet County, Texas","B18101_020",1362,145
"1035","48053","Burnet County, Texas","B18101_021",26107,228
"1036","48053","Burnet County, Texas","B18101_022",1251,14
"1037","48053","Burnet County, Texas","B18101_023",0,35
"1038","48053","Burnet County, Texas","B18101_024",1251,14
"1039","48053","Burnet County, Texas","B18101_025",4001,77
"1040","48053","Burnet County, Texas","B18101_026",299,158
"1041","48053","Burnet County, Texas","B18101_027",3702,173
"1042","48053","Burnet County, Texas","B18101_028",4629,145
"1043","48053","Burnet County, Texas","B18101_029",350,173
"1044","48053","Burnet County, Texas","B18101_030",4279,183
"1045","48053","Burnet County, Texas","B18101_031",9828,141
"1046","48053","Burnet County, Texas","B18101_032",1829,330
"1047","48053","Burnet County, Texas","B18101_033",7999,364
"1048","48053","Burnet County, Texas","B18101_034",3827,60
"1049","48053","Burnet County, Texas","B18101_035",715,163
"1050","48053","Burnet County, Texas","B18101_036",3112,159
"1051","48053","Burnet County, Texas","B18101_037",2571,67
"1052","48053","Burnet County, Texas","B18101_038",999,143
"1053","48053","Burnet County, Texas","B18101_039",1572,139
"1054","48055","Caldwell County, Texas","B18101_001",46674,175
"1055","48055","Caldwell County, Texas","B18101_002",23387,324
"1056","48055","Caldwell County, Texas","B18101_003",1550,73
"1057","48055","Caldwell County, Texas","B18101_004",0,31
"1058","48055","Caldwell County, Texas","B18101_005",1550,73
"1059","48055","Caldwell County, Texas","B18101_006",4124,74
"1060","48055","Caldwell County, Texas","B18101_007",344,168
"1061","48055","Caldwell County, Texas","B18101_008",3780,183
"1062","48055","Caldwell County, Texas","B18101_009",5710,223
"1063","48055","Caldwell County, Texas","B18101_010",700,264
"1064","48055","Caldwell County, Texas","B18101_011",5010,298
"1065","48055","Caldwell County, Texas","B18101_012",8795,241
"1066","48055","Caldwell County, Texas","B18101_013",1106,285
"1067","48055","Caldwell County, Texas","B18101_014",7689,371
"1068","48055","Caldwell County, Texas","B18101_015",2114,118
"1069","48055","Caldwell County, Texas","B18101_016",861,239
"1070","48055","Caldwell County, Texas","B18101_017",1253,227
"1071","48055","Caldwell County, Texas","B18101_018",1094,47
"1072","48055","Caldwell County, Texas","B18101_019",853,94
"1073","48055","Caldwell County, Texas","B18101_020",241,81
"1074","48055","Caldwell County, Texas","B18101_021",23287,323
"1075","48055","Caldwell County, Texas","B18101_022",1510,82
"1076","48055","Caldwell County, Texas","B18101_023",0,31
"1077","48055","Caldwell County, Texas","B18101_024",1510,82
"1078","48055","Caldwell County, Texas","B18101_025",3956,58
"1079","48055","Caldwell County, Texas","B18101_026",257,142
"1080","48055","Caldwell County, Texas","B18101_027",3699,150
"1081","48055","Caldwell County, Texas","B18101_028",5184,208
"1082","48055","Caldwell County, Texas","B18101_029",181,105
"1083","48055","Caldwell County, Texas","B18101_030",5003,228
"1084","48055","Caldwell County, Texas","B18101_031",8744,207
"1085","48055","Caldwell County, Texas","B18101_032",1129,252
"1086","48055","Caldwell County, Texas","B18101_033",7615,329
"1087","48055","Caldwell County, Texas","B18101_034",2243,80
"1088","48055","Caldwell County, Texas","B18101_035",604,180
"1089","48055","Caldwell County, Texas","B18101_036",1639,189
"1090","48055","Caldwell County, Texas","B18101_037",1650,124
"1091","48055","Caldwell County, Texas","B18101_038",855,157
"1092","48055","Caldwell County, Texas","B18101_039",795,173
"1093","48057","Calhoun County, Texas","B18101_001",19618,7
"1094","48057","Calhoun County, Texas","B18101_002",10208,208
"1095","48057","Calhoun County, Texas","B18101_003",687,163
"1096","48057","Calhoun County, Texas","B18101_004",0,23
"1097","48057","Calhoun County, Texas","B18101_005",687,163
"1098","48057","Calhoun County, Texas","B18101_006",1784,130
"1099","48057","Calhoun County, Texas","B18101_007",100,94
"1100","48057","Calhoun County, Texas","B18101_008",1684,165
"1101","48057","Calhoun County, Texas","B18101_009",2092,214
"1102","48057","Calhoun County, Texas","B18101_010",382,225
"1103","48057","Calhoun County, Texas","B18101_011",1710,321
"1104","48057","Calhoun County, Texas","B18101_012",3769,246
"1105","48057","Calhoun County, Texas","B18101_013",919,252
"1106","48057","Calhoun County, Texas","B18101_014",2850,336
"1107","48057","Calhoun County, Texas","B18101_015",1051,120
"1108","48057","Calhoun County, Texas","B18101_016",271,113
"1109","48057","Calhoun County, Texas","B18101_017",780,119
"1110","48057","Calhoun County, Texas","B18101_018",825,85
"1111","48057","Calhoun County, Texas","B18101_019",462,115
"1112","48057","Calhoun County, Texas","B18101_020",363,111
"1113","48057","Calhoun County, Texas","B18101_021",9410,208
"1114","48057","Calhoun County, Texas","B18101_022",476,165
"1115","48057","Calhoun County, Texas","B18101_023",0,23
"1116","48057","Calhoun County, Texas","B18101_024",476,165
"1117","48057","Calhoun County, Texas","B18101_025",1560,133
"1118","48057","Calhoun County, Texas","B18101_026",209,252
"1119","48057","Calhoun County, Texas","B18101_027",1351,311
"1120","48057","Calhoun County, Texas","B18101_028",1828,235
"1121","48057","Calhoun County, Texas","B18101_029",411,172
"1122","48057","Calhoun County, Texas","B18101_030",1417,294
"1123","48057","Calhoun County, Texas","B18101_031",3754,274
"1124","48057","Calhoun County, Texas","B18101_032",512,171
"1125","48057","Calhoun County, Texas","B18101_033",3242,317
"1126","48057","Calhoun County, Texas","B18101_034",947,181
"1127","48057","Calhoun County, Texas","B18101_035",335,134
"1128","48057","Calhoun County, Texas","B18101_036",612,141
"1129","48057","Calhoun County, Texas","B18101_037",845,180
"1130","48057","Calhoun County, Texas","B18101_038",354,66
"1131","48057","Calhoun County, Texas","B18101_039",491,180
"1132","48059","Callahan County, Texas","B18101_001",14129,26
"1133","48059","Callahan County, Texas","B18101_002",6945,95
"1134","48059","Callahan County, Texas","B18101_003",396,86
"1135","48059","Callahan County, Texas","B18101_004",0,23
"1136","48059","Callahan County, Texas","B18101_005",396,86
"1137","48059","Callahan County, Texas","B18101_006",1203,98
"1138","48059","Callahan County, Texas","B18101_007",160,116
"1139","48059","Callahan County, Texas","B18101_008",1043,130
"1140","48059","Callahan County, Texas","B18101_009",1269,57
"1141","48059","Callahan County, Texas","B18101_010",142,87
"1142","48059","Callahan County, Texas","B18101_011",1127,106
"1143","48059","Callahan County, Texas","B18101_012",2689,67
"1144","48059","Callahan County, Texas","B18101_013",554,210
"1145","48059","Callahan County, Texas","B18101_014",2135,200
"1146","48059","Callahan County, Texas","B18101_015",871,62
"1147","48059","Callahan County, Texas","B18101_016",255,110
"1148","48059","Callahan County, Texas","B18101_017",616,91
"1149","48059","Callahan County, Texas","B18101_018",517,29
"1150","48059","Callahan County, Texas","B18101_019",382,60
"1151","48059","Callahan County, Texas","B18101_020",135,58
"1152","48059","Callahan County, Texas","B18101_021",7184,95
"1153","48059","Callahan County, Texas","B18101_022",361,63
"1154","48059","Callahan County, Texas","B18101_023",46,62
"1155","48059","Callahan County, Texas","B18101_024",315,84
"1156","48059","Callahan County, Texas","B18101_025",1142,46
"1157","48059","Callahan County, Texas","B18101_026",110,74
"1158","48059","Callahan County, Texas","B18101_027",1032,95
"1159","48059","Callahan County, Texas","B18101_028",1265,95
"1160","48059","Callahan County, Texas","B18101_029",80,59
"1161","48059","Callahan County, Texas","B18101_030",1185,109
"1162","48059","Callahan County, Texas","B18101_031",2892,93
"1163","48059","Callahan County, Texas","B18101_032",297,123
"1164","48059","Callahan County, Texas","B18101_033",2595,151
"1165","48059","Callahan County, Texas","B18101_034",917,39
"1166","48059","Callahan County, Texas","B18101_035",241,77
"1167","48059","Callahan County, Texas","B18101_036",676,80
"1168","48059","Callahan County, Texas","B18101_037",607,33
"1169","48059","Callahan County, Texas","B18101_038",321,86
"1170","48059","Callahan County, Texas","B18101_039",286,83
"1171","48061","Cameron County, Texas","B18101_001",423712,134
"1172","48061","Cameron County, Texas","B18101_002",208881,224
"1173","48061","Cameron County, Texas","B18101_003",15365,81
"1174","48061","Cameron County, Texas","B18101_004",35,41
"1175","48061","Cameron County, Texas","B18101_005",15330,94
"1176","48061","Cameron County, Texas","B18101_006",47024,139
"1177","48061","Cameron County, Texas","B18101_007",3435,527
"1178","48061","Cameron County, Texas","B18101_008",43589,541
"1179","48061","Cameron County, Texas","B18101_009",52369,199
"1180","48061","Cameron County, Texas","B18101_010",3872,548
"1181","48061","Cameron County, Texas","B18101_011",48497,612
"1182","48061","Cameron County, Texas","B18101_012",67542,229
"1183","48061","Cameron County, Texas","B18101_013",8601,702
"1184","48061","Cameron County, Texas","B18101_014",58941,687
"1185","48061","Cameron County, Texas","B18101_015",15536,101
"1186","48061","Cameron County, Texas","B18101_016",5170,570
"1187","48061","Cameron County, Texas","B18101_017",10366,574
"1188","48061","Cameron County, Texas","B18101_018",11045,104
"1189","48061","Cameron County, Texas","B18101_019",5490,430
"1190","48061","Cameron County, Texas","B18101_020",5555,432
"1191","48061","Cameron County, Texas","B18101_021",214831,201
"1192","48061","Cameron County, Texas","B18101_022",14897,136
"1193","48061","Cameron County, Texas","B18101_023",78,78
"1194","48061","Cameron County, Texas","B18101_024",14819,156
"1195","48061","Cameron County, Texas","B18101_025",44649,89
"1196","48061","Cameron County, Texas","B18101_026",2275,380
"1197","48061","Cameron County, Texas","B18101_027",42374,395
"1198","48061","Cameron County, Texas","B18101_028",48983,130
"1199","48061","Cameron County, Texas","B18101_029",2668,413
"1200","48061","Cameron County, Texas","B18101_030",46315,441
"1201","48061","Cameron County, Texas","B18101_031",72870,163
"1202","48061","Cameron County, Texas","B18101_032",8212,727
"1203","48061","Cameron County, Texas","B18101_033",64658,745
"1204","48061","Cameron County, Texas","B18101_034",18791,104
"1205","48061","Cameron County, Texas","B18101_035",5450,572
"1206","48061","Cameron County, Texas","B18101_036",13341,589
"1207","48061","Cameron County, Texas","B18101_037",14641,138
"1208","48061","Cameron County, Texas","B18101_038",6892,561
"1209","48061","Cameron County, Texas","B18101_039",7749,556
"1210","48063","Camp County, Texas","B18101_001",12727,9
"1211","48063","Camp County, Texas","B18101_002",6309,171
"1212","48063","Camp County, Texas","B18101_003",484,146
"1213","48063","Camp County, Texas","B18101_004",0,23
"1214","48063","Camp County, Texas","B18101_005",484,146
"1215","48063","Camp County, Texas","B18101_006",1315,102
"1216","48063","Camp County, Texas","B18101_007",146,79
"1217","48063","Camp County, Texas","B18101_008",1169,119
"1218","48063","Camp County, Texas","B18101_009",1118,113
"1219","48063","Camp County, Texas","B18101_010",102,78
"1220","48063","Camp County, Texas","B18101_011",1016,135
"1221","48063","Camp County, Texas","B18101_012",2259,154
"1222","48063","Camp County, Texas","B18101_013",498,143
"1223","48063","Camp County, Texas","B18101_014",1761,171
"1224","48063","Camp County, Texas","B18101_015",730,73
"1225","48063","Camp County, Texas","B18101_016",263,70
"1226","48063","Camp County, Texas","B18101_017",467,101
"1227","48063","Camp County, Texas","B18101_018",403,43
"1228","48063","Camp County, Texas","B18101_019",225,72
"1229","48063","Camp County, Texas","B18101_020",178,74
"1230","48063","Camp County, Texas","B18101_021",6418,171
"1231","48063","Camp County, Texas","B18101_022",373,142
"1232","48063","Camp County, Texas","B18101_023",0,23
"1233","48063","Camp County, Texas","B18101_024",373,142
"1234","48063","Camp County, Texas","B18101_025",1187,80
"1235","48063","Camp County, Texas","B18101_026",78,59
"1236","48063","Camp County, Texas","B18101_027",1109,80
"1237","48063","Camp County, Texas","B18101_028",1313,116
"1238","48063","Camp County, Texas","B18101_029",100,90
"1239","48063","Camp County, Texas","B18101_030",1213,141
"1240","48063","Camp County, Texas","B18101_031",2318,158
"1241","48063","Camp County, Texas","B18101_032",332,125
"1242","48063","Camp County, Texas","B18101_033",1986,173
"1243","48063","Camp County, Texas","B18101_034",739,95
"1244","48063","Camp County, Texas","B18101_035",239,118
"1245","48063","Camp County, Texas","B18101_036",500,92
"1246","48063","Camp County, Texas","B18101_037",488,66
"1247","48063","Camp County, Texas","B18101_038",342,83
"1248","48063","Camp County, Texas","B18101_039",146,67
"1249","48065","Carson County, Texas","B18101_001",5754,48
"1250","48065","Carson County, Texas","B18101_002",2827,97
"1251","48065","Carson County, Texas","B18101_003",137,24
"1252","48065","Carson County, Texas","B18101_004",0,21
"1253","48065","Carson County, Texas","B18101_005",137,24
"1254","48065","Carson County, Texas","B18101_006",507,31
"1255","48065","Carson County, Texas","B18101_007",0,21
"1256","48065","Carson County, Texas","B18101_008",507,31
"1257","48065","Carson County, Texas","B18101_009",569,94
"1258","48065","Carson County, Texas","B18101_010",46,35
"1259","48065","Carson County, Texas","B18101_011",523,103
"1260","48065","Carson County, Texas","B18101_012",1016,47
"1261","48065","Carson County, Texas","B18101_013",55,28
"1262","48065","Carson County, Texas","B18101_014",961,53
"1263","48065","Carson County, Texas","B18101_015",402,43
"1264","48065","Carson County, Texas","B18101_016",58,28
"1265","48065","Carson County, Texas","B18101_017",344,45
"1266","48065","Carson County, Texas","B18101_018",196,8
"1267","48065","Carson County, Texas","B18101_019",121,43
"1268","48065","Carson County, Texas","B18101_020",75,43
"1269","48065","Carson County, Texas","B18101_021",2927,87
"1270","48065","Carson County, Texas","B18101_022",120,25
"1271","48065","Carson County, Texas","B18101_023",14,19
"1272","48065","Carson County, Texas","B18101_024",106,22
"1273","48065","Carson County, Texas","B18101_025",584,54
"1274","48065","Carson County, Texas","B18101_026",0,21
"1275","48065","Carson County, Texas","B18101_027",584,54
"1276","48065","Carson County, Texas","B18101_028",536,79
"1277","48065","Carson County, Texas","B18101_029",40,36
"1278","48065","Carson County, Texas","B18101_030",496,83
"1279","48065","Carson County, Texas","B18101_031",1090,24
"1280","48065","Carson County, Texas","B18101_032",112,64
"1281","48065","Carson County, Texas","B18101_033",978,74
"1282","48065","Carson County, Texas","B18101_034",332,7
"1283","48065","Carson County, Texas","B18101_035",48,25
"1284","48065","Carson County, Texas","B18101_036",284,24
"1285","48065","Carson County, Texas","B18101_037",265,34
"1286","48065","Carson County, Texas","B18101_038",143,65
"1287","48065","Carson County, Texas","B18101_039",122,53
"1288","48067","Cass County, Texas","B18101_001",28225,7
"1289","48067","Cass County, Texas","B18101_002",13740,228
"1290","48067","Cass County, Texas","B18101_003",796,140
"1291","48067","Cass County, Texas","B18101_004",0,28
"1292","48067","Cass County, Texas","B18101_005",796,140
"1293","48067","Cass County, Texas","B18101_006",2565,187
"1294","48067","Cass County, Texas","B18101_007",107,56
"1295","48067","Cass County, Texas","B18101_008",2458,182
"1296","48067","Cass County, Texas","B18101_009",2556,145
"1297","48067","Cass County, Texas","B18101_010",298,143
"1298","48067","Cass County, Texas","B18101_011",2258,188
"1299","48067","Cass County, Texas","B18101_012",4999,141
"1300","48067","Cass County, Texas","B18101_013",1034,236
"1301","48067","Cass County, Texas","B18101_014",3965,246
"1302","48067","Cass County, Texas","B18101_015",1693,46
"1303","48067","Cass County, Texas","B18101_016",615,129
"1304","48067","Cass County, Texas","B18101_017",1078,134
"1305","48067","Cass County, Texas","B18101_018",1131,48
"1306","48067","Cass County, Texas","B18101_019",446,118
"1307","48067","Cass County, Texas","B18101_020",685,102
"1308","48067","Cass County, Texas","B18101_021",14485,228
"1309","48067","Cass County, Texas","B18101_022",883,178
"1310","48067","Cass County, Texas","B18101_023",0,28
"1311","48067","Cass County, Texas","B18101_024",883,178
"1312","48067","Cass County, Texas","B18101_025",2169,102
"1313","48067","Cass County, Texas","B18101_026",258,93
"1314","48067","Cass County, Texas","B18101_027",1911,152
"1315","48067","Cass County, Texas","B18101_028",2558,73
"1316","48067","Cass County, Texas","B18101_029",182,85
"1317","48067","Cass County, Texas","B18101_030",2376,111
"1318","48067","Cass County, Texas","B18101_031",5505,85
"1319","48067","Cass County, Texas","B18101_032",1205,208
"1320","48067","Cass County, Texas","B18101_033",4300,215
"1321","48067","Cass County, Texas","B18101_034",1861,46
"1322","48067","Cass County, Texas","B18101_035",573,128
"1323","48067","Cass County, Texas","B18101_036",1288,128
"1324","48067","Cass County, Texas","B18101_037",1509,47
"1325","48067","Cass County, Texas","B18101_038",788,128
"1326","48067","Cass County, Texas","B18101_039",721,128
"1327","48069","Castro County, Texas","B18101_001",7232,31
"1328","48069","Castro County, Texas","B18101_002",3677,123
"1329","48069","Castro County, Texas","B18101_003",294,76
"1330","48069","Castro County, Texas","B18101_004",0,21
"1331","48069","Castro County, Texas","B18101_005",294,76
"1332","48069","Castro County, Texas","B18101_006",791,73
"1333","48069","Castro County, Texas","B18101_007",0,21
"1334","48069","Castro County, Texas","B18101_008",791,73
"1335","48069","Castro County, Texas","B18101_009",776,46
"1336","48069","Castro County, Texas","B18101_010",52,47
"1337","48069","Castro County, Texas","B18101_011",724,65
"1338","48069","Castro County, Texas","B18101_012",1208,62
"1339","48069","Castro County, Texas","B18101_013",117,79
"1340","48069","Castro County, Texas","B18101_014",1091,101
"1341","48069","Castro County, Texas","B18101_015",364,68
"1342","48069","Castro County, Texas","B18101_016",86,57
"1343","48069","Castro County, Texas","B18101_017",278,87
"1344","48069","Castro County, Texas","B18101_018",244,63
"1345","48069","Castro County, Texas","B18101_019",119,34
"1346","48069","Castro County, Texas","B18101_020",125,65
"1347","48069","Castro County, Texas","B18101_021",3555,124
"1348","48069","Castro County, Texas","B18101_022",305,77
"1349","48069","Castro County, Texas","B18101_023",0,21
"1350","48069","Castro County, Texas","B18101_024",305,77
"1351","48069","Castro County, Texas","B18101_025",745,74
"1352","48069","Castro County, Texas","B18101_026",0,21
"1353","48069","Castro County, Texas","B18101_027",745,74
"1354","48069","Castro County, Texas","B18101_028",787,107
"1355","48069","Castro County, Texas","B18101_029",111,99
"1356","48069","Castro County, Texas","B18101_030",676,143
"1357","48069","Castro County, Texas","B18101_031",1001,92
"1358","48069","Castro County, Texas","B18101_032",44,46
"1359","48069","Castro County, Texas","B18101_033",957,107
"1360","48069","Castro County, Texas","B18101_034",460,105
"1361","48069","Castro County, Texas","B18101_035",32,30
"1362","48069","Castro County, Texas","B18101_036",428,103
"1363","48069","Castro County, Texas","B18101_037",257,78
"1364","48069","Castro County, Texas","B18101_038",111,77
"1365","48069","Castro County, Texas","B18101_039",146,38
"1366","48071","Chambers County, Texas","B18101_001",51091,130
"1367","48071","Chambers County, Texas","B18101_002",25573,187
"1368","48071","Chambers County, Texas","B18101_003",1831,68
"1369","48071","Chambers County, Texas","B18101_004",0,35
"1370","48071","Chambers County, Texas","B18101_005",1831,68
"1371","48071","Chambers County, Texas","B18101_006",5344,60
"1372","48071","Chambers County, Texas","B18101_007",926,461
"1373","48071","Chambers County, Texas","B18101_008",4418,464
"1374","48071","Chambers County, Texas","B18101_009",5773,178
"1375","48071","Chambers County, Texas","B18101_010",320,174
"1376","48071","Chambers County, Texas","B18101_011",5453,263
"1377","48071","Chambers County, Texas","B18101_012",9659,224
"1378","48071","Chambers County, Texas","B18101_013",918,305
"1379","48071","Chambers County, Texas","B18101_014",8741,382
"1380","48071","Chambers County, Texas","B18101_015",2057,142
"1381","48071","Chambers County, Texas","B18101_016",448,184
"1382","48071","Chambers County, Texas","B18101_017",1609,206
"1383","48071","Chambers County, Texas","B18101_018",909,94
"1384","48071","Chambers County, Texas","B18101_019",463,153
"1385","48071","Chambers County, Texas","B18101_020",446,155
"1386","48071","Chambers County, Texas","B18101_021",25518,157
"1387","48071","Chambers County, Texas","B18101_022",1585,70
"1388","48071","Chambers County, Texas","B18101_023",0,35
"1389","48071","Chambers County, Texas","B18101_024",1585,70
"1390","48071","Chambers County, Texas","B18101_025",5360,61
"1391","48071","Chambers County, Texas","B18101_026",127,75
"1392","48071","Chambers County, Texas","B18101_027",5233,101
"1393","48071","Chambers County, Texas","B18101_028",5756,305
"1394","48071","Chambers County, Texas","B18101_029",426,308
"1395","48071","Chambers County, Texas","B18101_030",5330,471
"1396","48071","Chambers County, Texas","B18101_031",9447,316
"1397","48071","Chambers County, Texas","B18101_032",841,242
"1398","48071","Chambers County, Texas","B18101_033",8606,405
"1399","48071","Chambers County, Texas","B18101_034",2186,244
"1400","48071","Chambers County, Texas","B18101_035",489,192
"1401","48071","Chambers County, Texas","B18101_036",1697,271
"1402","48071","Chambers County, Texas","B18101_037",1184,169
"1403","48071","Chambers County, Texas","B18101_038",792,200
"1404","48071","Chambers County, Texas","B18101_039",392,150
"1405","48073","Cherokee County, Texas","B18101_001",48845,111
"1406","48073","Cherokee County, Texas","B18101_002",23836,206
"1407","48073","Cherokee County, Texas","B18101_003",1735,18
"1408","48073","Cherokee County, Texas","B18101_004",38,50
"1409","48073","Cherokee County, Texas","B18101_005",1697,55
"1410","48073","Cherokee County, Texas","B18101_006",4860,58
"1411","48073","Cherokee County, Texas","B18101_007",448,188
"1412","48073","Cherokee County, Texas","B18101_008",4412,183
"1413","48073","Cherokee County, Texas","B18101_009",4843,215
"1414","48073","Cherokee County, Texas","B18101_010",334,126
"1415","48073","Cherokee County, Texas","B18101_011",4509,241
"1416","48073","Cherokee County, Texas","B18101_012",8275,201
"1417","48073","Cherokee County, Texas","B18101_013",1073,232
"1418","48073","Cherokee County, Texas","B18101_014",7202,304
"1419","48073","Cherokee County, Texas","B18101_015",2475,127
"1420","48073","Cherokee County, Texas","B18101_016",597,128
"1421","48073","Cherokee County, Texas","B18101_017",1878,160
"1422","48073","Cherokee County, Texas","B18101_018",1648,87
"1423","48073","Cherokee County, Texas","B18101_019",643,146
"1424","48073","Cherokee County, Texas","B18101_020",1005,137
"1425","48073","Cherokee County, Texas","B18101_021",25009,174
"1426","48073","Cherokee County, Texas","B18101_022",1712,31
"1427","48073","Cherokee County, Texas","B18101_023",0,35
"1428","48073","Cherokee County, Texas","B18101_024",1712,31
"1429","48073","Cherokee County, Texas","B18101_025",4727,48
"1430","48073","Cherokee County, Texas","B18101_026",58,57
"1431","48073","Cherokee County, Texas","B18101_027",4669,77
"1432","48073","Cherokee County, Texas","B18101_028",4818,102
"1433","48073","Cherokee County, Texas","B18101_029",555,158
"1434","48073","Cherokee County, Texas","B18101_030",4263,172
"1435","48073","Cherokee County, Texas","B18101_031",8859,153
"1436","48073","Cherokee County, Texas","B18101_032",1022,204
"1437","48073","Cherokee County, Texas","B18101_033",7837,260
"1438","48073","Cherokee County, Texas","B18101_034",2940,78
"1439","48073","Cherokee County, Texas","B18101_035",797,163
"1440","48073","Cherokee County, Texas","B18101_036",2143,193
"1441","48073","Cherokee County, Texas","B18101_037",1953,105
"1442","48073","Cherokee County, Texas","B18101_038",945,172
"1443","48073","Cherokee County, Texas","B18101_039",1008,172
"1444","48075","Childress County, Texas","B18101_001",5311,39
"1445","48075","Childress County, Texas","B18101_002",2619,239
"1446","48075","Childress County, Texas","B18101_003",120,80
"1447","48075","Childress County, Texas","B18101_004",0,21
"1448","48075","Childress County, Texas","B18101_005",120,80
"1449","48075","Childress County, Texas","B18101_006",488,141
"1450","48075","Childress County, Texas","B18101_007",15,18
"1451","48075","Childress County, Texas","B18101_008",473,143
"1452","48075","Childress County, Texas","B18101_009",708,242
"1453","48075","Childress County, Texas","B18101_010",75,104
"1454","48075","Childress County, Texas","B18101_011",633,269
"1455","48075","Childress County, Texas","B18101_012",778,149
"1456","48075","Childress County, Texas","B18101_013",102,119
"1457","48075","Childress County, Texas","B18101_014",676,157
"1458","48075","Childress County, Texas","B18101_015",232,71
"1459","48075","Childress County, Texas","B18101_016",99,64
"1460","48075","Childress County, Texas","B18101_017",133,71
"1461","48075","Childress County, Texas","B18101_018",293,93
"1462","48075","Childress County, Texas","B18101_019",42,33
"1463","48075","Childress County, Texas","B18101_020",251,101
"1464","48075","Childress County, Texas","B18101_021",2692,245
"1465","48075","Childress County, Texas","B18101_022",195,89
"1466","48075","Childress County, Texas","B18101_023",0,21
"1467","48075","Childress County, Texas","B18101_024",195,89
"1468","48075","Childress County, Texas","B18101_025",561,157
"1469","48075","Childress County, Texas","B18101_026",0,21
"1470","48075","Childress County, Texas","B18101_027",561,157
"1471","48075","Childress County, Texas","B18101_028",419,99
"1472","48075","Childress County, Texas","B18101_029",66,66
"1473","48075","Childress County, Texas","B18101_030",353,109
"1474","48075","Childress County, Texas","B18101_031",965,141
"1475","48075","Childress County, Texas","B18101_032",244,144
"1476","48075","Childress County, Texas","B18101_033",721,168
"1477","48075","Childress County, Texas","B18101_034",363,104
"1478","48075","Childress County, Texas","B18101_035",38,48
"1479","48075","Childress County, Texas","B18101_036",325,107
"1480","48075","Childress County, Texas","B18101_037",189,83
"1481","48075","Childress County, Texas","B18101_038",78,75
"1482","48075","Childress County, Texas","B18101_039",111,64
"1483","48077","Clay County, Texas","B18101_001",10404,49
"1484","48077","Clay County, Texas","B18101_002",5191,76
"1485","48077","Clay County, Texas","B18101_003",239,19
"1486","48077","Clay County, Texas","B18101_004",0,23
"1487","48077","Clay County, Texas","B18101_005",239,19
"1488","48077","Clay County, Texas","B18101_006",813,28
"1489","48077","Clay County, Texas","B18101_007",68,45
"1490","48077","Clay County, Texas","B18101_008",745,53
"1491","48077","Clay County, Texas","B18101_009",881,40
"1492","48077","Clay County, Texas","B18101_010",115,50
"1493","48077","Clay County, Texas","B18101_011",766,63
"1494","48077","Clay County, Texas","B18101_012",2074,76
"1495","48077","Clay County, Texas","B18101_013",371,75
"1496","48077","Clay County, Texas","B18101_014",1703,111
"1497","48077","Clay County, Texas","B18101_015",717,23
"1498","48077","Clay County, Texas","B18101_016",255,76
"1499","48077","Clay County, Texas","B18101_017",462,79
"1500","48077","Clay County, Texas","B18101_018",467,32
"1501","48077","Clay County, Texas","B18101_019",296,50
"1502","48077","Clay County, Texas","B18101_020",171,55
"1503","48077","Clay County, Texas","B18101_021",5213,63
"1504","48077","Clay County, Texas","B18101_022",229,15
"1505","48077","Clay County, Texas","B18101_023",56,68
"1506","48077","Clay County, Texas","B18101_024",173,69
"1507","48077","Clay County, Texas","B18101_025",757,38
"1508","48077","Clay County, Texas","B18101_026",45,32
"1509","48077","Clay County, Texas","B18101_027",712,43
"1510","48077","Clay County, Texas","B18101_028",865,68
"1511","48077","Clay County, Texas","B18101_029",41,28
"1512","48077","Clay County, Texas","B18101_030",824,72
"1513","48077","Clay County, Texas","B18101_031",2138,81
"1514","48077","Clay County, Texas","B18101_032",488,122
"1515","48077","Clay County, Texas","B18101_033",1650,124
"1516","48077","Clay County, Texas","B18101_034",750,36
"1517","48077","Clay County, Texas","B18101_035",194,75
"1518","48077","Clay County, Texas","B18101_036",556,75
"1519","48077","Clay County, Texas","B18101_037",474,34
"1520","48077","Clay County, Texas","B18101_038",176,73
"1521","48077","Clay County, Texas","B18101_039",298,70
"1522","48079","Cochran County, Texas","B18101_001",2442,30
"1523","48079","Cochran County, Texas","B18101_002",1225,55
"1524","48079","Cochran County, Texas","B18101_003",95,31
"1525","48079","Cochran County, Texas","B18101_004",0,15
"1526","48079","Cochran County, Texas","B18101_005",95,31
"1527","48079","Cochran County, Texas","B18101_006",211,27
"1528","48079","Cochran County, Texas","B18101_007",13,11
"1529","48079","Cochran County, Texas","B18101_008",198,27
"1530","48079","Cochran County, Texas","B18101_009",243,30
"1531","48079","Cochran County, Texas","B18101_010",33,28
"1532","48079","Cochran County, Texas","B18101_011",210,40
"1533","48079","Cochran County, Texas","B18101_012",508,69
"1534","48079","Cochran County, Texas","B18101_013",122,58
"1535","48079","Cochran County, Texas","B18101_014",386,62
"1536","48079","Cochran County, Texas","B18101_015",102,25
"1537","48079","Cochran County, Texas","B18101_016",60,20
"1538","48079","Cochran County, Texas","B18101_017",42,18
"1539","48079","Cochran County, Texas","B18101_018",66,19
"1540","48079","Cochran County, Texas","B18101_019",40,19
"1541","48079","Cochran County, Texas","B18101_020",26,17
"1542","48079","Cochran County, Texas","B18101_021",1217,49
"1543","48079","Cochran County, Texas","B18101_022",102,30
"1544","48079","Cochran County, Texas","B18101_023",0,15
"1545","48079","Cochran County, Texas","B18101_024",102,30
"1546","48079","Cochran County, Texas","B18101_025",231,27
"1547","48079","Cochran County, Texas","B18101_026",19,18
"1548","48079","Cochran County, Texas","B18101_027",212,30
"1549","48079","Cochran County, Texas","B18101_028",246,15
"1550","48079","Cochran County, Texas","B18101_029",41,25
"1551","48079","Cochran County, Texas","B18101_030",205,25
"1552","48079","Cochran County, Texas","B18101_031",443,18
"1553","48079","Cochran County, Texas","B18101_032",109,35
"1554","48079","Cochran County, Texas","B18101_033",334,36
"1555","48079","Cochran County, Texas","B18101_034",115,25
"1556","48079","Cochran County, Texas","B18101_035",55,27
"1557","48079","Cochran County, Texas","B18101_036",60,26
"1558","48079","Cochran County, Texas","B18101_037",80,18
"1559","48079","Cochran County, Texas","B18101_038",46,37
"1560","48079","Cochran County, Texas","B18101_039",34,34
"1561","48081","Coke County, Texas","B18101_001",3216,15
"1562","48081","Coke County, Texas","B18101_002",1615,68
"1563","48081","Coke County, Texas","B18101_003",98,33
"1564","48081","Coke County, Texas","B18101_004",0,15
"1565","48081","Coke County, Texas","B18101_005",98,33
"1566","48081","Coke County, Texas","B18101_006",269,37
"1567","48081","Coke County, Texas","B18101_007",5,7
"1568","48081","Coke County, Texas","B18101_008",264,37
"1569","48081","Coke County, Texas","B18101_009",223,29
"1570","48081","Coke County, Texas","B18101_010",51,45
"1571","48081","Coke County, Texas","B18101_011",172,54
"1572","48081","Coke County, Texas","B18101_012",624,44
"1573","48081","Coke County, Texas","B18101_013",140,47
"1574","48081","Coke County, Texas","B18101_014",484,62
"1575","48081","Coke County, Texas","B18101_015",237,19
"1576","48081","Coke County, Texas","B18101_016",63,29
"1577","48081","Coke County, Texas","B18101_017",174,33
"1578","48081","Coke County, Texas","B18101_018",164,34
"1579","48081","Coke County, Texas","B18101_019",83,33
"1580","48081","Coke County, Texas","B18101_020",81,25
"1581","48081","Coke County, Texas","B18101_021",1601,68
"1582","48081","Coke County, Texas","B18101_022",53,31
"1583","48081","Coke County, Texas","B18101_023",0,15
"1584","48081","Coke County, Texas","B18101_024",53,31
"1585","48081","Coke County, Texas","B18101_025",226,36
"1586","48081","Coke County, Texas","B18101_026",13,12
"1587","48081","Coke County, Texas","B18101_027",213,34
"1588","48081","Coke County, Texas","B18101_028",280,39
"1589","48081","Coke County, Texas","B18101_029",18,21
"1590","48081","Coke County, Texas","B18101_030",262,32
"1591","48081","Coke County, Texas","B18101_031",594,58
"1592","48081","Coke County, Texas","B18101_032",112,57
"1593","48081","Coke County, Texas","B18101_033",482,63
"1594","48081","Coke County, Texas","B18101_034",229,25
"1595","48081","Coke County, Texas","B18101_035",44,29
"1596","48081","Coke County, Texas","B18101_036",185,21
"1597","48081","Coke County, Texas","B18101_037",219,32
"1598","48081","Coke County, Texas","B18101_038",141,37
"1599","48081","Coke County, Texas","B18101_039",78,34
"1600","48083","Coleman County, Texas","B18101_001",7794,3
"1601","48083","Coleman County, Texas","B18101_002",3904,107
"1602","48083","Coleman County, Texas","B18101_003",178,54
"1603","48083","Coleman County, Texas","B18101_004",0,21
"1604","48083","Coleman County, Texas","B18101_005",178,54
"1605","48083","Coleman County, Texas","B18101_006",665,136
"1606","48083","Coleman County, Texas","B18101_007",35,33
"1607","48083","Coleman County, Texas","B18101_008",630,137
"1608","48083","Coleman County, Texas","B18101_009",530,65
"1609","48083","Coleman County, Texas","B18101_010",34,36
"1610","48083","Coleman County, Texas","B18101_011",496,63
"1611","48083","Coleman County, Texas","B18101_012",1561,126
"1612","48083","Coleman County, Texas","B18101_013",496,123
"1613","48083","Coleman County, Texas","B18101_014",1065,165
"1614","48083","Coleman County, Texas","B18101_015",536,17
"1615","48083","Coleman County, Texas","B18101_016",202,71
"1616","48083","Coleman County, Texas","B18101_017",334,66
"1617","48083","Coleman County, Texas","B18101_018",434,57
"1618","48083","Coleman County, Texas","B18101_019",309,76
"1619","48083","Coleman County, Texas","B18101_020",125,45
"1620","48083","Coleman County, Texas","B18101_021",3890,107
"1621","48083","Coleman County, Texas","B18101_022",226,138
"1622","48083","Coleman County, Texas","B18101_023",0,21
"1623","48083","Coleman County, Texas","B18101_024",226,138
"1624","48083","Coleman County, Texas","B18101_025",542,103
"1625","48083","Coleman County, Texas","B18101_026",69,74
"1626","48083","Coleman County, Texas","B18101_027",473,133
"1627","48083","Coleman County, Texas","B18101_028",626,62
"1628","48083","Coleman County, Texas","B18101_029",1,2
"1629","48083","Coleman County, Texas","B18101_030",625,62
"1630","48083","Coleman County, Texas","B18101_031",1440,38
"1631","48083","Coleman County, Texas","B18101_032",361,113
"1632","48083","Coleman County, Texas","B18101_033",1079,127
"1633","48083","Coleman County, Texas","B18101_034",595,42
"1634","48083","Coleman County, Texas","B18101_035",227,100
"1635","48083","Coleman County, Texas","B18101_036",368,103
"1636","48083","Coleman County, Texas","B18101_037",461,40
"1637","48083","Coleman County, Texas","B18101_038",303,38
"1638","48083","Coleman County, Texas","B18101_039",158,49
"1639","48085","Collin County, Texas","B18101_001",1159049,307
"1640","48085","Collin County, Texas","B18101_002",576371,364
"1641","48085","Collin County, Texas","B18101_003",34448,65
"1642","48085","Collin County, Texas","B18101_004",188,131
"1643","48085","Collin County, Texas","B18101_005",34260,146
"1644","48085","Collin County, Texas","B18101_006",112198,65
"1645","48085","Collin County, Texas","B18101_007",6462,899
"1646","48085","Collin County, Texas","B18101_008",105736,901
"1647","48085","Collin County, Texas","B18101_009",126282,247
"1648","48085","Collin County, Texas","B18101_010",8290,841
"1649","48085","Collin County, Texas","B18101_011",117992,863
"1650","48085","Collin County, Texas","B18101_012",243716,258
"1651","48085","Collin County, Texas","B18101_013",15428,1093
"1652","48085","Collin County, Texas","B18101_014",228288,1095
"1653","48085","Collin County, Texas","B18101_015",37749,137
"1654","48085","Collin County, Texas","B18101_016",6372,668
"1655","48085","Collin County, Texas","B18101_017",31377,690
"1656","48085","Collin County, Texas","B18101_018",21978,126
"1657","48085","Collin County, Texas","B18101_019",9099,503
"1658","48085","Collin County, Texas","B18101_020",12879,520
"1659","48085","Collin County, Texas","B18101_021",582678,218
"1660","48085","Collin County, Texas","B18101_022",32886,22
"1661","48085","Collin County, Texas","B18101_023",117,74
"1662","48085","Collin County, Texas","B18101_024",32769,74
"1663","48085","Collin County, Texas","B18101_025",107976,71
"1664","48085","Collin County, Texas","B18101_026",3697,497
"1665","48085","Collin County, Texas","B18101_027",104279,505
"1666","48085","Collin County, Texas","B18101_028",125218,120
"1667","48085","Collin County, Texas","B18101_029",7416,917
"1668","48085","Collin County, Texas","B18101_030",117802,944
"1669","48085","Collin County, Texas","B18101_031",243586,139
"1670","48085","Collin County, Texas","B18101_032",17632,1260
"1671","48085","Collin County, Texas","B18101_033",225954,1266
"1672","48085","Collin County, Texas","B18101_034",43841,130
"1673","48085","Collin County, Texas","B18101_035",7402,700
"1674","48085","Collin County, Texas","B18101_036",36439,710
"1675","48085","Collin County, Texas","B18101_037",29171,175
"1676","48085","Collin County, Texas","B18101_038",12145,676
"1677","48085","Collin County, Texas","B18101_039",17026,712
"1678","48087","Collingsworth County, Texas","B18101_001",2533,159
"1679","48087","Collingsworth County, Texas","B18101_002",1242,127
"1680","48087","Collingsworth County, Texas","B18101_003",135,87
"1681","48087","Collingsworth County, Texas","B18101_004",14,12
"1682","48087","Collingsworth County, Texas","B18101_005",121,92
"1683","48087","Collingsworth County, Texas","B18101_006",281,53
"1684","48087","Collingsworth County, Texas","B18101_007",1,3
"1685","48087","Collingsworth County, Texas","B18101_008",280,53
"1686","48087","Collingsworth County, Texas","B18101_009",105,39
"1687","48087","Collingsworth County, Texas","B18101_010",3,5
"1688","48087","Collingsworth County, Texas","B18101_011",102,40
"1689","48087","Collingsworth County, Texas","B18101_012",398,70
"1690","48087","Collingsworth County, Texas","B18101_013",104,61
"1691","48087","Collingsworth County, Texas","B18101_014",294,64
"1692","48087","Collingsworth County, Texas","B18101_015",247,77
"1693","48087","Collingsworth County, Texas","B18101_016",77,56
"1694","48087","Collingsworth County, Texas","B18101_017",170,57
"1695","48087","Collingsworth County, Texas","B18101_018",76,34
"1696","48087","Collingsworth County, Texas","B18101_019",38,24
"1697","48087","Collingsworth County, Texas","B18101_020",38,26
"1698","48087","Collingsworth County, Texas","B18101_021",1291,127
"1699","48087","Collingsworth County, Texas","B18101_022",59,28
"1700","48087","Collingsworth County, Texas","B18101_023",0,15
"1701","48087","Collingsworth County, Texas","B18101_024",59,28
"1702","48087","Collingsworth County, Texas","B18101_025",246,52
"1703","48087","Collingsworth County, Texas","B18101_026",6,11
"1704","48087","Collingsworth County, Texas","B18101_027",240,53
"1705","48087","Collingsworth County, Texas","B18101_028",275,54
"1706","48087","Collingsworth County, Texas","B18101_029",28,31
"1707","48087","Collingsworth County, Texas","B18101_030",247,56
"1708","48087","Collingsworth County, Texas","B18101_031",439,77
"1709","48087","Collingsworth County, Texas","B18101_032",63,39
"1710","48087","Collingsworth County, Texas","B18101_033",376,79
"1711","48087","Collingsworth County, Texas","B18101_034",173,55
"1712","48087","Collingsworth County, Texas","B18101_035",9,9
"1713","48087","Collingsworth County, Texas","B18101_036",164,56
"1714","48087","Collingsworth County, Texas","B18101_037",99,37
"1715","48087","Collingsworth County, Texas","B18101_038",30,19
"1716","48087","Collingsworth County, Texas","B18101_039",69,36
"1717","48089","Colorado County, Texas","B18101_001",20620,15
"1718","48089","Colorado County, Texas","B18101_002",10540,219
"1719","48089","Colorado County, Texas","B18101_003",798,200
"1720","48089","Colorado County, Texas","B18101_004",0,28
"1721","48089","Colorado County, Texas","B18101_005",798,200
"1722","48089","Colorado County, Texas","B18101_006",1911,240
"1723","48089","Colorado County, Texas","B18101_007",113,91
"1724","48089","Colorado County, Texas","B18101_008",1798,228
"1725","48089","Colorado County, Texas","B18101_009",1955,165
"1726","48089","Colorado County, Texas","B18101_010",544,316
"1727","48089","Colorado County, Texas","B18101_011",1411,346
"1728","48089","Colorado County, Texas","B18101_012",3679,161
"1729","48089","Colorado County, Texas","B18101_013",642,191
"1730","48089","Colorado County, Texas","B18101_014",3037,236
"1731","48089","Colorado County, Texas","B18101_015",1368,85
"1732","48089","Colorado County, Texas","B18101_016",346,113
"1733","48089","Colorado County, Texas","B18101_017",1022,144
"1734","48089","Colorado County, Texas","B18101_018",829,81
"1735","48089","Colorado County, Texas","B18101_019",539,106
"1736","48089","Colorado County, Texas","B18101_020",290,89
"1737","48089","Colorado County, Texas","B18101_021",10080,220
"1738","48089","Colorado County, Texas","B18101_022",590,141
"1739","48089","Colorado County, Texas","B18101_023",0,28
"1740","48089","Colorado County, Texas","B18101_024",590,141
"1741","48089","Colorado County, Texas","B18101_025",1600,168
"1742","48089","Colorado County, Texas","B18101_026",200,137
"1743","48089","Colorado County, Texas","B18101_027",1400,126
"1744","48089","Colorado County, Texas","B18101_028",1800,142
"1745","48089","Colorado County, Texas","B18101_029",126,98
"1746","48089","Colorado County, Texas","B18101_030",1674,159
"1747","48089","Colorado County, Texas","B18101_031",3612,139
"1748","48089","Colorado County, Texas","B18101_032",638,183
"1749","48089","Colorado County, Texas","B18101_033",2974,201
"1750","48089","Colorado County, Texas","B18101_034",1389,62
"1751","48089","Colorado County, Texas","B18101_035",293,115
"1752","48089","Colorado County, Texas","B18101_036",1096,136
"1753","48089","Colorado County, Texas","B18101_037",1089,74
"1754","48089","Colorado County, Texas","B18101_038",552,135
"1755","48089","Colorado County, Texas","B18101_039",537,142
"1756","48091","Comal County, Texas","B18101_001",182239,196
"1757","48091","Comal County, Texas","B18101_002",90482,291
"1758","48091","Comal County, Texas","B18101_003",4881,127
"1759","48091","Comal County, Texas","B18101_004",18,34
"1760","48091","Comal County, Texas","B18101_005",4863,138
"1761","48091","Comal County, Texas","B18101_006",15798,126
"1762","48091","Comal County, Texas","B18101_007",1371,485
"1763","48091","Comal County, Texas","B18101_008",14427,531
"1764","48091","Comal County, Texas","B18101_009",17468,222
"1765","48091","Comal County, Texas","B18101_010",2100,513
"1766","48091","Comal County, Texas","B18101_011",15368,555
"1767","48091","Comal County, Texas","B18101_012",36424,275
"1768","48091","Comal County, Texas","B18101_013",5401,690
"1769","48091","Comal County, Texas","B18101_014",31023,712
"1770","48091","Comal County, Texas","B18101_015",10481,114
"1771","48091","Comal County, Texas","B18101_016",2657,344
"1772","48091","Comal County, Texas","B18101_017",7824,357
"1773","48091","Comal County, Texas","B18101_018",5430,100
"1774","48091","Comal County, Texas","B18101_019",2503,272
"1775","48091","Comal County, Texas","B18101_020",2927,269
"1776","48091","Comal County, Texas","B18101_021",91757,221
"1777","48091","Comal County, Texas","B18101_022",4822,115
"1778","48091","Comal County, Texas","B18101_023",77,75
"1779","48091","Comal County, Texas","B18101_024",4745,133
"1780","48091","Comal County, Texas","B18101_025",15078,109
"1781","48091","Comal County, Texas","B18101_026",435,176
"1782","48091","Comal County, Texas","B18101_027",14643,198
"1783","48091","Comal County, Texas","B18101_028",16771,171
"1784","48091","Comal County, Texas","B18101_029",1501,360
"1785","48091","Comal County, Texas","B18101_030",15270,432
"1786","48091","Comal County, Texas","B18101_031",37270,161
"1787","48091","Comal County, Texas","B18101_032",4350,630
"1788","48091","Comal County, Texas","B18101_033",32920,650
"1789","48091","Comal County, Texas","B18101_034",11114,121
"1790","48091","Comal County, Texas","B18101_035",2384,398
"1791","48091","Comal County, Texas","B18101_036",8730,391
"1792","48091","Comal County, Texas","B18101_037",6702,137
"1793","48091","Comal County, Texas","B18101_038",3084,387
"1794","48091","Comal County, Texas","B18101_039",3618,386
"1795","48093","Comanche County, Texas","B18101_001",13794,4
"1796","48093","Comanche County, Texas","B18101_002",6888,94
"1797","48093","Comanche County, Texas","B18101_003",320,79
"1798","48093","Comanche County, Texas","B18101_004",0,23
"1799","48093","Comanche County, Texas","B18101_005",320,79
"1800","48093","Comanche County, Texas","B18101_006",1239,31
"1801","48093","Comanche County, Texas","B18101_007",93,48
"1802","48093","Comanche County, Texas","B18101_008",1146,45
"1803","48093","Comanche County, Texas","B18101_009",1291,56
"1804","48093","Comanche County, Texas","B18101_010",104,69
"1805","48093","Comanche County, Texas","B18101_011",1187,80
"1806","48093","Comanche County, Texas","B18101_012",2474,53
"1807","48093","Comanche County, Texas","B18101_013",405,146
"1808","48093","Comanche County, Texas","B18101_014",2069,147
"1809","48093","Comanche County, Texas","B18101_015",936,39
"1810","48093","Comanche County, Texas","B18101_016",421,118
"1811","48093","Comanche County, Texas","B18101_017",515,119
"1812","48093","Comanche County, Texas","B18101_018",628,47
"1813","48093","Comanche County, Texas","B18101_019",253,81
"1814","48093","Comanche County, Texas","B18101_020",375,74
"1815","48093","Comanche County, Texas","B18101_021",6906,94
"1816","48093","Comanche County, Texas","B18101_022",443,79
"1817","48093","Comanche County, Texas","B18101_023",0,23
"1818","48093","Comanche County, Texas","B18101_024",443,79
"1819","48093","Comanche County, Texas","B18101_025",1172,36
"1820","48093","Comanche County, Texas","B18101_026",4,5
"1821","48093","Comanche County, Texas","B18101_027",1168,37
"1822","48093","Comanche County, Texas","B18101_028",995,45
"1823","48093","Comanche County, Texas","B18101_029",62,42
"1824","48093","Comanche County, Texas","B18101_030",933,60
"1825","48093","Comanche County, Texas","B18101_031",2606,106
"1826","48093","Comanche County, Texas","B18101_032",421,120
"1827","48093","Comanche County, Texas","B18101_033",2185,145
"1828","48093","Comanche County, Texas","B18101_034",1005,89
"1829","48093","Comanche County, Texas","B18101_035",265,112
"1830","48093","Comanche County, Texas","B18101_036",740,119
"1831","48093","Comanche County, Texas","B18101_037",685,45
"1832","48093","Comanche County, Texas","B18101_038",397,92
"1833","48093","Comanche County, Texas","B18101_039",288,92
"1834","48095","Concho County, Texas","B18101_001",2466,95
"1835","48095","Concho County, Texas","B18101_002",1315,121
"1836","48095","Concho County, Texas","B18101_003",60,26
"1837","48095","Concho County, Texas","B18101_004",0,15
"1838","48095","Concho County, Texas","B18101_005",60,26
"1839","48095","Concho County, Texas","B18101_006",137,31
"1840","48095","Concho County, Texas","B18101_007",6,6
"1841","48095","Concho County, Texas","B18101_008",131,30
"1842","48095","Concho County, Texas","B18101_009",234,102
"1843","48095","Concho County, Texas","B18101_010",0,15
"1844","48095","Concho County, Texas","B18101_011",234,102
"1845","48095","Concho County, Texas","B18101_012",610,103
"1846","48095","Concho County, Texas","B18101_013",116,95
"1847","48095","Concho County, Texas","B18101_014",494,115
"1848","48095","Concho County, Texas","B18101_015",137,42
"1849","48095","Concho County, Texas","B18101_016",89,35
"1850","48095","Concho County, Texas","B18101_017",48,31
"1851","48095","Concho County, Texas","B18101_018",137,12
"1852","48095","Concho County, Texas","B18101_019",84,37
"1853","48095","Concho County, Texas","B18101_020",53,33
"1854","48095","Concho County, Texas","B18101_021",1151,84
"1855","48095","Concho County, Texas","B18101_022",37,23
"1856","48095","Concho County, Texas","B18101_023",0,15
"1857","48095","Concho County, Texas","B18101_024",37,23
"1858","48095","Concho County, Texas","B18101_025",156,25
"1859","48095","Concho County, Texas","B18101_026",3,5
"1860","48095","Concho County, Texas","B18101_027",153,27
"1861","48095","Concho County, Texas","B18101_028",235,86
"1862","48095","Concho County, Texas","B18101_029",0,15
"1863","48095","Concho County, Texas","B18101_030",235,86
"1864","48095","Concho County, Texas","B18101_031",412,99
"1865","48095","Concho County, Texas","B18101_032",41,29
"1866","48095","Concho County, Texas","B18101_033",371,95
"1867","48095","Concho County, Texas","B18101_034",181,19
"1868","48095","Concho County, Texas","B18101_035",62,33
"1869","48095","Concho County, Texas","B18101_036",119,28
"1870","48095","Concho County, Texas","B18101_037",130,18
"1871","48095","Concho County, Texas","B18101_038",80,31
"1872","48095","Concho County, Texas","B18101_039",50,28
"1873","48097","Cooke County, Texas","B18101_001",42548,22
"1874","48097","Cooke County, Texas","B18101_002",21262,247
"1875","48097","Cooke County, Texas","B18101_003",1216,178
"1876","48097","Cooke County, Texas","B18101_004",12,15
"1877","48097","Cooke County, Texas","B18101_005",1204,180
"1878","48097","Cooke County, Texas","B18101_006",3751,84
"1879","48097","Cooke County, Texas","B18101_007",344,178
"1880","48097","Cooke County, Texas","B18101_008",3407,184
"1881","48097","Cooke County, Texas","B18101_009",4545,126
"1882","48097","Cooke County, Texas","B18101_010",546,182
"1883","48097","Cooke County, Texas","B18101_011",3999,222
"1884","48097","Cooke County, Texas","B18101_012",8050,198
"1885","48097","Cooke County, Texas","B18101_013",950,220
"1886","48097","Cooke County, Texas","B18101_014",7100,279
"1887","48097","Cooke County, Texas","B18101_015",2362,106
"1888","48097","Cooke County, Texas","B18101_016",814,228
"1889","48097","Cooke County, Texas","B18101_017",1548,217
"1890","48097","Cooke County, Texas","B18101_018",1338,47
"1891","48097","Cooke County, Texas","B18101_019",639,131
"1892","48097","Cooke County, Texas","B18101_020",699,129
"1893","48097","Cooke County, Texas","B18101_021",21286,249
"1894","48097","Cooke County, Texas","B18101_022",1419,176
"1895","48097","Cooke County, Texas","B18101_023",0,31
"1896","48097","Cooke County, Texas","B18101_024",1419,176
"1897","48097","Cooke County, Texas","B18101_025",3452,109
"1898","48097","Cooke County, Texas","B18101_026",150,98
"1899","48097","Cooke County, Texas","B18101_027",3302,149
"1900","48097","Cooke County, Texas","B18101_028",4323,153
"1901","48097","Cooke County, Texas","B18101_029",257,176
"1902","48097","Cooke County, Texas","B18101_030",4066,220
"1903","48097","Cooke County, Texas","B18101_031",7896,113
"1904","48097","Cooke County, Texas","B18101_032",1159,281
"1905","48097","Cooke County, Texas","B18101_033",6737,281
"1906","48097","Cooke County, Texas","B18101_034",2392,80
"1907","48097","Cooke County, Texas","B18101_035",665,164
"1908","48097","Cooke County, Texas","B18101_036",1727,177
"1909","48097","Cooke County, Texas","B18101_037",1804,87
"1910","48097","Cooke County, Texas","B18101_038",817,156
"1911","48097","Cooke County, Texas","B18101_039",987,156
"1912","48099","Coryell County, Texas","B18101_001",63773,805
"1913","48099","Coryell County, Texas","B18101_002",28898,796
"1914","48099","Coryell County, Texas","B18101_003",2765,73
"1915","48099","Coryell County, Texas","B18101_004",4,7
"1916","48099","Coryell County, Texas","B18101_005",2761,73
"1917","48099","Coryell County, Texas","B18101_006",6895,38
"1918","48099","Coryell County, Texas","B18101_007",968,308
"1919","48099","Coryell County, Texas","B18101_008",5927,320
"1920","48099","Coryell County, Texas","B18101_009",5099,537
"1921","48099","Coryell County, Texas","B18101_010",608,194
"1922","48099","Coryell County, Texas","B18101_011",4491,480
"1923","48099","Coryell County, Texas","B18101_012",10128,553
"1924","48099","Coryell County, Texas","B18101_013",2301,306
"1925","48099","Coryell County, Texas","B18101_014",7827,497
"1926","48099","Coryell County, Texas","B18101_015",2575,116
"1927","48099","Coryell County, Texas","B18101_016",1152,198
"1928","48099","Coryell County, Texas","B18101_017",1423,180
"1929","48099","Coryell County, Texas","B18101_018",1436,97
"1930","48099","Coryell County, Texas","B18101_019",631,128
"1931","48099","Coryell County, Texas","B18101_020",805,127
"1932","48099","Coryell County, Texas","B18101_021",34875,852
"1933","48099","Coryell County, Texas","B18101_022",2622,67
"1934","48099","Coryell County, Texas","B18101_023",0,35
"1935","48099","Coryell County, Texas","B18101_024",2622,67
"1936","48099","Coryell County, Texas","B18101_025",6771,47
"1937","48099","Coryell County, Texas","B18101_026",516,169
"1938","48099","Coryell County, Texas","B18101_027",6255,179
"1939","48099","Coryell County, Texas","B18101_028",8687,465
"1940","48099","Coryell County, Texas","B18101_029",1066,310
"1941","48099","Coryell County, Texas","B18101_030",7621,507
"1942","48099","Coryell County, Texas","B18101_031",11605,569
"1943","48099","Coryell County, Texas","B18101_032",2799,413
"1944","48099","Coryell County, Texas","B18101_033",8806,571
"1945","48099","Coryell County, Texas","B18101_034",2980,142
"1946","48099","Coryell County, Texas","B18101_035",1141,195
"1947","48099","Coryell County, Texas","B18101_036",1839,211
"1948","48099","Coryell County, Texas","B18101_037",2210,112
"1949","48099","Coryell County, Texas","B18101_038",1193,183
"1950","48099","Coryell County, Texas","B18101_039",1017,199
"1951","48101","Cottle County, Texas","B18101_001",1363,210
"1952","48101","Cottle County, Texas","B18101_002",658,145
"1953","48101","Cottle County, Texas","B18101_003",49,31
"1954","48101","Cottle County, Texas","B18101_004",0,15
"1955","48101","Cottle County, Texas","B18101_005",49,31
"1956","48101","Cottle County, Texas","B18101_006",76,46
"1957","48101","Cottle County, Texas","B18101_007",17,14
"1958","48101","Cottle County, Texas","B18101_008",59,42
"1959","48101","Cottle County, Texas","B18101_009",159,112
"1960","48101","Cottle County, Texas","B18101_010",17,23
"1961","48101","Cottle County, Texas","B18101_011",142,110
"1962","48101","Cottle County, Texas","B18101_012",227,71
"1963","48101","Cottle County, Texas","B18101_013",66,53
"1964","48101","Cottle County, Texas","B18101_014",161,60
"1965","48101","Cottle County, Texas","B18101_015",122,48
"1966","48101","Cottle County, Texas","B18101_016",44,26
"1967","48101","Cottle County, Texas","B18101_017",78,48
"1968","48101","Cottle County, Texas","B18101_018",25,17
"1969","48101","Cottle County, Texas","B18101_019",14,12
"1970","48101","Cottle County, Texas","B18101_020",11,12
"1971","48101","Cottle County, Texas","B18101_021",705,145
"1972","48101","Cottle County, Texas","B18101_022",39,40
"1973","48101","Cottle County, Texas","B18101_023",9,17
"1974","48101","Cottle County, Texas","B18101_024",30,28
"1975","48101","Cottle County, Texas","B18101_025",86,52
"1976","48101","Cottle County, Texas","B18101_026",0,15
"1977","48101","Cottle County, Texas","B18101_027",86,52
"1978","48101","Cottle County, Texas","B18101_028",84,47
"1979","48101","Cottle County, Texas","B18101_029",0,15
"1980","48101","Cottle County, Texas","B18101_030",84,47
"1981","48101","Cottle County, Texas","B18101_031",331,88
"1982","48101","Cottle County, Texas","B18101_032",100,73
"1983","48101","Cottle County, Texas","B18101_033",231,69
"1984","48101","Cottle County, Texas","B18101_034",100,48
"1985","48101","Cottle County, Texas","B18101_035",58,40
"1986","48101","Cottle County, Texas","B18101_036",42,23
"1987","48101","Cottle County, Texas","B18101_037",65,43
"1988","48101","Cottle County, Texas","B18101_038",19,21
"1989","48101","Cottle County, Texas","B18101_039",46,36
"1990","48103","Crane County, Texas","B18101_001",4484,46
"1991","48103","Crane County, Texas","B18101_002",2346,155
"1992","48103","Crane County, Texas","B18101_003",228,150
"1993","48103","Crane County, Texas","B18101_004",0,15
"1994","48103","Crane County, Texas","B18101_005",228,150
"1995","48103","Crane County, Texas","B18101_006",531,201
"1996","48103","Crane County, Texas","B18101_007",84,53
"1997","48103","Crane County, Texas","B18101_008",447,209
"1998","48103","Crane County, Texas","B18101_009",435,77
"1999","48103","Crane County, Texas","B18101_010",0,15
"2000","48103","Crane County, Texas","B18101_011",435,77
"2001","48103","Crane County, Texas","B18101_012",852,104
"2002","48103","Crane County, Texas","B18101_013",30,58
"2003","48103","Crane County, Texas","B18101_014",822,112
"2004","48103","Crane County, Texas","B18101_015",218,77
"2005","48103","Crane County, Texas","B18101_016",18,27
"2006","48103","Crane County, Texas","B18101_017",200,85
"2007","48103","Crane County, Texas","B18101_018",82,49
"2008","48103","Crane County, Texas","B18101_019",68,45
"2009","48103","Crane County, Texas","B18101_020",14,21
"2010","48103","Crane County, Texas","B18101_021",2138,146
"2011","48103","Crane County, Texas","B18101_022",119,102
"2012","48103","Crane County, Texas","B18101_023",0,15
"2013","48103","Crane County, Texas","B18101_024",119,102
"2014","48103","Crane County, Texas","B18101_025",485,88
"2015","48103","Crane County, Texas","B18101_026",32,65
"2016","48103","Crane County, Texas","B18101_027",453,77
"2017","48103","Crane County, Texas","B18101_028",489,54
"2018","48103","Crane County, Texas","B18101_029",7,16
"2019","48103","Crane County, Texas","B18101_030",482,49
"2020","48103","Crane County, Texas","B18101_031",695,81
"2021","48103","Crane County, Texas","B18101_032",101,74
"2022","48103","Crane County, Texas","B18101_033",594,105
"2023","48103","Crane County, Texas","B18101_034",193,87
"2024","48103","Crane County, Texas","B18101_035",6,14
"2025","48103","Crane County, Texas","B18101_036",187,88
"2026","48103","Crane County, Texas","B18101_037",157,82
"2027","48103","Crane County, Texas","B18101_038",59,54
"2028","48103","Crane County, Texas","B18101_039",98,79
"2029","48105","Crockett County, Texas","B18101_001",2767,282
"2030","48105","Crockett County, Texas","B18101_002",1578,238
"2031","48105","Crockett County, Texas","B18101_003",29,29
"2032","48105","Crockett County, Texas","B18101_004",0,15
"2033","48105","Crockett County, Texas","B18101_005",29,29
"2034","48105","Crockett County, Texas","B18101_006",469,224
"2035","48105","Crockett County, Texas","B18101_007",0,15
"2036","48105","Crockett County, Texas","B18101_008",469,224
"2037","48105","Crockett County, Texas","B18101_009",316,143
"2038","48105","Crockett County, Texas","B18101_010",0,15
"2039","48105","Crockett County, Texas","B18101_011",316,143
"2040","48105","Crockett County, Texas","B18101_012",503,148
"2041","48105","Crockett County, Texas","B18101_013",274,119
"2042","48105","Crockett County, Texas","B18101_014",229,142
"2043","48105","Crockett County, Texas","B18101_015",240,119
"2044","48105","Crockett County, Texas","B18101_016",24,41
"2045","48105","Crockett County, Texas","B18101_017",216,124
"2046","48105","Crockett County, Texas","B18101_018",21,27
"2047","48105","Crockett County, Texas","B18101_019",6,13
"2048","48105","Crockett County, Texas","B18101_020",15,24
"2049","48105","Crockett County, Texas","B18101_021",1189,279
"2050","48105","Crockett County, Texas","B18101_022",7,14
"2051","48105","Crockett County, Texas","B18101_023",0,15
"2052","48105","Crockett County, Texas","B18101_024",7,14
"2053","48105","Crockett County, Texas","B18101_025",241,195
"2054","48105","Crockett County, Texas","B18101_026",0,15
"2055","48105","Crockett County, Texas","B18101_027",241,195
"2056","48105","Crockett County, Texas","B18101_028",193,147
"2057","48105","Crockett County, Texas","B18101_029",0,15
"2058","48105","Crockett County, Texas","B18101_030",193,147
"2059","48105","Crockett County, Texas","B18101_031",501,149
"2060","48105","Crockett County, Texas","B18101_032",0,15
"2061","48105","Crockett County, Texas","B18101_033",501,149
"2062","48105","Crockett County, Texas","B18101_034",195,85
"2063","48105","Crockett County, Texas","B18101_035",135,89
"2064","48105","Crockett County, Texas","B18101_036",60,58
"2065","48105","Crockett County, Texas","B18101_037",52,49
"2066","48105","Crockett County, Texas","B18101_038",52,49
"2067","48105","Crockett County, Texas","B18101_039",0,15
"2068","48107","Crosby County, Texas","B18101_001",4948,34
"2069","48107","Crosby County, Texas","B18101_002",2512,50
"2070","48107","Crosby County, Texas","B18101_003",165,11
"2071","48107","Crosby County, Texas","B18101_004",0,21
"2072","48107","Crosby County, Texas","B18101_005",165,11
"2073","48107","Crosby County, Texas","B18101_006",521,14
"2074","48107","Crosby County, Texas","B18101_007",37,27
"2075","48107","Crosby County, Texas","B18101_008",484,30
"2076","48107","Crosby County, Texas","B18101_009",575,65
"2077","48107","Crosby County, Texas","B18101_010",34,28
"2078","48107","Crosby County, Texas","B18101_011",541,69
"2079","48107","Crosby County, Texas","B18101_012",818,77
"2080","48107","Crosby County, Texas","B18101_013",225,46
"2081","48107","Crosby County, Texas","B18101_014",593,85
"2082","48107","Crosby County, Texas","B18101_015",283,40
"2083","48107","Crosby County, Texas","B18101_016",112,35
"2084","48107","Crosby County, Texas","B18101_017",171,46
"2085","48107","Crosby County, Texas","B18101_018",150,33
"2086","48107","Crosby County, Texas","B18101_019",75,33
"2087","48107","Crosby County, Texas","B18101_020",75,32
"2088","48107","Crosby County, Texas","B18101_021",2436,44
"2089","48107","Crosby County, Texas","B18101_022",136,12
"2090","48107","Crosby County, Texas","B18101_023",0,21
"2091","48107","Crosby County, Texas","B18101_024",136,12
"2092","48107","Crosby County, Texas","B18101_025",465,34
"2093","48107","Crosby County, Texas","B18101_026",23,17
"2094","48107","Crosby County, Texas","B18101_027",442,38
"2095","48107","Crosby County, Texas","B18101_028",456,25
"2096","48107","Crosby County, Texas","B18101_029",34,23
"2097","48107","Crosby County, Texas","B18101_030",422,36
"2098","48107","Crosby County, Texas","B18101_031",885,15
"2099","48107","Crosby County, Texas","B18101_032",233,58
"2100","48107","Crosby County, Texas","B18101_033",652,62
"2101","48107","Crosby County, Texas","B18101_034",270,21
"2102","48107","Crosby County, Texas","B18101_035",101,24
"2103","48107","Crosby County, Texas","B18101_036",169,33
"2104","48107","Crosby County, Texas","B18101_037",224,15
"2105","48107","Crosby County, Texas","B18101_038",177,29
"2106","48107","Crosby County, Texas","B18101_039",47,25
"2107","48109","Culberson County, Texas","B18101_001",2177,18
"2108","48109","Culberson County, Texas","B18101_002",1170,190
"2109","48109","Culberson County, Texas","B18101_003",0,15
"2110","48109","Culberson County, Texas","B18101_004",0,15
"2111","48109","Culberson County, Texas","B18101_005",0,15
"2112","48109","Culberson County, Texas","B18101_006",319,203
"2113","48109","Culberson County, Texas","B18101_007",14,43
"2114","48109","Culberson County, Texas","B18101_008",305,188
"2115","48109","Culberson County, Texas","B18101_009",159,133
"2116","48109","Culberson County, Texas","B18101_010",2,2
"2117","48109","Culberson County, Texas","B18101_011",157,133
"2118","48109","Culberson County, Texas","B18101_012",314,110
"2119","48109","Culberson County, Texas","B18101_013",91,83
"2120","48109","Culberson County, Texas","B18101_014",223,89
"2121","48109","Culberson County, Texas","B18101_015",264,136
"2122","48109","Culberson County, Texas","B18101_016",159,126
"2123","48109","Culberson County, Texas","B18101_017",105,73
"2124","48109","Culberson County, Texas","B18101_018",114,102
"2125","48109","Culberson County, Texas","B18101_019",114,102
"2126","48109","Culberson County, Texas","B18101_020",0,15
"2127","48109","Culberson County, Texas","B18101_021",1007,187
"2128","48109","Culberson County, Texas","B18101_022",125,141
"2129","48109","Culberson County, Texas","B18101_023",0,15
"2130","48109","Culberson County, Texas","B18101_024",125,141
"2131","48109","Culberson County, Texas","B18101_025",148,86
"2132","48109","Culberson County, Texas","B18101_026",0,15
"2133","48109","Culberson County, Texas","B18101_027",148,86
"2134","48109","Culberson County, Texas","B18101_028",129,67
"2135","48109","Culberson County, Texas","B18101_029",20,33
"2136","48109","Culberson County, Texas","B18101_030",109,59
"2137","48109","Culberson County, Texas","B18101_031",342,96
"2138","48109","Culberson County, Texas","B18101_032",17,25
"2139","48109","Culberson County, Texas","B18101_033",325,98
"2140","48109","Culberson County, Texas","B18101_034",161,97
"2141","48109","Culberson County, Texas","B18101_035",44,43
"2142","48109","Culberson County, Texas","B18101_036",117,89
"2143","48109","Culberson County, Texas","B18101_037",102,72
"2144","48109","Culberson County, Texas","B18101_038",50,56
"2145","48109","Culberson County, Texas","B18101_039",52,52
"2146","48111","Dallam County, Texas","B18101_001",7264,3
"2147","48111","Dallam County, Texas","B18101_002",3998,177
"2148","48111","Dallam County, Texas","B18101_003",264,129
"2149","48111","Dallam County, Texas","B18101_004",3,5
"2150","48111","Dallam County, Texas","B18101_005",261,129
"2151","48111","Dallam County, Texas","B18101_006",1025,112
"2152","48111","Dallam County, Texas","B18101_007",166,107
"2153","48111","Dallam County, Texas","B18101_008",859,150
"2154","48111","Dallam County, Texas","B18101_009",899,121
"2155","48111","Dallam County, Texas","B18101_010",16,31
"2156","48111","Dallam County, Texas","B18101_011",883,125
"2157","48111","Dallam County, Texas","B18101_012",1395,210
"2158","48111","Dallam County, Texas","B18101_013",54,57
"2159","48111","Dallam County, Texas","B18101_014",1341,215
"2160","48111","Dallam County, Texas","B18101_015",290,100
"2161","48111","Dallam County, Texas","B18101_016",97,67
"2162","48111","Dallam County, Texas","B18101_017",193,109
"2163","48111","Dallam County, Texas","B18101_018",125,53
"2164","48111","Dallam County, Texas","B18101_019",62,45
"2165","48111","Dallam County, Texas","B18101_020",63,42
"2166","48111","Dallam County, Texas","B18101_021",3266,177
"2167","48111","Dallam County, Texas","B18101_022",180,102
"2168","48111","Dallam County, Texas","B18101_023",0,21
"2169","48111","Dallam County, Texas","B18101_024",180,102
"2170","48111","Dallam County, Texas","B18101_025",922,43
"2171","48111","Dallam County, Texas","B18101_026",45,54
"2172","48111","Dallam County, Texas","B18101_027",877,71
"2173","48111","Dallam County, Texas","B18101_028",690,2
"2174","48111","Dallam County, Texas","B18101_029",11,25
"2175","48111","Dallam County, Texas","B18101_030",679,26
"2176","48111","Dallam County, Texas","B18101_031",1074,111
"2177","48111","Dallam County, Texas","B18101_032",71,55
"2178","48111","Dallam County, Texas","B18101_033",1003,135
"2179","48111","Dallam County, Texas","B18101_034",272,117
"2180","48111","Dallam County, Texas","B18101_035",73,58
"2181","48111","Dallam County, Texas","B18101_036",199,129
"2182","48111","Dallam County, Texas","B18101_037",128,35
"2183","48111","Dallam County, Texas","B18101_038",52,48
"2184","48111","Dallam County, Texas","B18101_039",76,61
"2185","48113","Dallas County, Texas","B18101_001",2601589,947
"2186","48113","Dallas County, Texas","B18101_002",1286204,1034
"2187","48113","Dallas County, Texas","B18101_003",91586,31
"2188","48113","Dallas County, Texas","B18101_004",501,214
"2189","48113","Dallas County, Texas","B18101_005",91085,214
"2190","48113","Dallas County, Texas","B18101_006",244606,135
"2191","48113","Dallas County, Texas","B18101_007",16952,1388
"2192","48113","Dallas County, Texas","B18101_008",227654,1425
"2193","48113","Dallas County, Texas","B18101_009",341207,851
"2194","48113","Dallas County, Texas","B18101_010",22133,1709
"2195","48113","Dallas County, Texas","B18101_011",319074,1857
"2196","48113","Dallas County, Texas","B18101_012",474724,839
"2197","48113","Dallas County, Texas","B18101_013",48085,2281
"2198","48113","Dallas County, Texas","B18101_014",426639,2253
"2199","48113","Dallas County, Texas","B18101_015",88201,237
"2200","48113","Dallas County, Texas","B18101_016",22981,1298
"2201","48113","Dallas County, Texas","B18101_017",65220,1353
"2202","48113","Dallas County, Texas","B18101_018",45880,257
"2203","48113","Dallas County, Texas","B18101_019",20989,938
"2204","48113","Dallas County, Texas","B18101_020",24891,985
"2205","48113","Dallas County, Texas","B18101_021",1315385,415
"2206","48113","Dallas County, Texas","B18101_022",87753,5
"2207","48113","Dallas County, Texas","B18101_023",685,295
"2208","48113","Dallas County, Texas","B18101_024",87068,294
"2209","48113","Dallas County, Texas","B18101_025",234123,69
"2210","48113","Dallas County, Texas","B18101_026",13428,1140
"2211","48113","Dallas County, Texas","B18101_027",220695,1152
"2212","48113","Dallas County, Texas","B18101_028",341848,240
"2213","48113","Dallas County, Texas","B18101_029",22534,1618
"2214","48113","Dallas County, Texas","B18101_030",319314,1619
"2215","48113","Dallas County, Texas","B18101_031",482685,250
"2216","48113","Dallas County, Texas","B18101_032",57132,2318
"2217","48113","Dallas County, Texas","B18101_033",425553,2340
"2218","48113","Dallas County, Texas","B18101_034",102517,207
"2219","48113","Dallas County, Texas","B18101_035",25879,1285
"2220","48113","Dallas County, Texas","B18101_036",76638,1284
"2221","48113","Dallas County, Texas","B18101_037",66459,308
"2222","48113","Dallas County, Texas","B18101_038",32777,1189
"2223","48113","Dallas County, Texas","B18101_039",33682,1220
"2224","48115","Dawson County, Texas","B18101_001",10289,65
"2225","48115","Dawson County, Texas","B18101_002",5172,165
"2226","48115","Dawson County, Texas","B18101_003",364,59
"2227","48115","Dawson County, Texas","B18101_004",0,23
"2228","48115","Dawson County, Texas","B18101_005",364,59
"2229","48115","Dawson County, Texas","B18101_006",1145,117
"2230","48115","Dawson County, Texas","B18101_007",58,39
"2231","48115","Dawson County, Texas","B18101_008",1087,120
"2232","48115","Dawson County, Texas","B18101_009",1459,114
"2233","48115","Dawson County, Texas","B18101_010",73,46
"2234","48115","Dawson County, Texas","B18101_011",1386,121
"2235","48115","Dawson County, Texas","B18101_012",1582,203
"2236","48115","Dawson County, Texas","B18101_013",373,122
"2237","48115","Dawson County, Texas","B18101_014",1209,215
"2238","48115","Dawson County, Texas","B18101_015",351,92
"2239","48115","Dawson County, Texas","B18101_016",57,32
"2240","48115","Dawson County, Texas","B18101_017",294,87
"2241","48115","Dawson County, Texas","B18101_018",271,62
"2242","48115","Dawson County, Texas","B18101_019",141,66
"2243","48115","Dawson County, Texas","B18101_020",130,42
"2244","48115","Dawson County, Texas","B18101_021",5117,156
"2245","48115","Dawson County, Texas","B18101_022",429,59
"2246","48115","Dawson County, Texas","B18101_023",0,23
"2247","48115","Dawson County, Texas","B18101_024",429,59
"2248","48115","Dawson County, Texas","B18101_025",1007,83
"2249","48115","Dawson County, Texas","B18101_026",21,25
"2250","48115","Dawson County, Texas","B18101_027",986,91
"2251","48115","Dawson County, Texas","B18101_028",1066,140
"2252","48115","Dawson County, Texas","B18101_029",37,46
"2253","48115","Dawson County, Texas","B18101_030",1029,151
"2254","48115","Dawson County, Texas","B18101_031",1715,153
"2255","48115","Dawson County, Texas","B18101_032",364,105
"2256","48115","Dawson County, Texas","B18101_033",1351,193
"2257","48115","Dawson County, Texas","B18101_034",494,16
"2258","48115","Dawson County, Texas","B18101_035",166,68
"2259","48115","Dawson County, Texas","B18101_036",328,69
"2260","48115","Dawson County, Texas","B18101_037",406,34
"2261","48115","Dawson County, Texas","B18101_038",215,73
"2262","48115","Dawson County, Texas","B18101_039",191,69
"2263","48117","Deaf Smith County, Texas","B18101_001",18257,18
"2264","48117","Deaf Smith County, Texas","B18101_002",9452,132
"2265","48117","Deaf Smith County, Texas","B18101_003",850,31
"2266","48117","Deaf Smith County, Texas","B18101_004",0,23
"2267","48117","Deaf Smith County, Texas","B18101_005",850,31
"2268","48117","Deaf Smith County, Texas","B18101_006",2328,103
"2269","48117","Deaf Smith County, Texas","B18101_007",51,48
"2270","48117","Deaf Smith County, Texas","B18101_008",2277,103
"2271","48117","Deaf Smith County, Texas","B18101_009",2189,71
"2272","48117","Deaf Smith County, Texas","B18101_010",17,29
"2273","48117","Deaf Smith County, Texas","B18101_011",2172,76
"2274","48117","Deaf Smith County, Texas","B18101_012",2998,108
"2275","48117","Deaf Smith County, Texas","B18101_013",167,87
"2276","48117","Deaf Smith County, Texas","B18101_014",2831,119
"2277","48117","Deaf Smith County, Texas","B18101_015",769,83
"2278","48117","Deaf Smith County, Texas","B18101_016",127,71
"2279","48117","Deaf Smith County, Texas","B18101_017",642,110
"2280","48117","Deaf Smith County, Texas","B18101_018",318,81
"2281","48117","Deaf Smith County, Texas","B18101_019",182,58
"2282","48117","Deaf Smith County, Texas","B18101_020",136,92
"2283","48117","Deaf Smith County, Texas","B18101_021",8805,131
"2284","48117","Deaf Smith County, Texas","B18101_022",832,70
"2285","48117","Deaf Smith County, Texas","B18101_023",0,23
"2286","48117","Deaf Smith County, Texas","B18101_024",832,70
"2287","48117","Deaf Smith County, Texas","B18101_025",1780,102
"2288","48117","Deaf Smith County, Texas","B18101_026",12,22
"2289","48117","Deaf Smith County, Texas","B18101_027",1768,111
"2290","48117","Deaf Smith County, Texas","B18101_028",2079,70
"2291","48117","Deaf Smith County, Texas","B18101_029",192,135
"2292","48117","Deaf Smith County, Texas","B18101_030",1887,161
"2293","48117","Deaf Smith County, Texas","B18101_031",2869,69
"2294","48117","Deaf Smith County, Texas","B18101_032",354,100
"2295","48117","Deaf Smith County, Texas","B18101_033",2515,126
"2296","48117","Deaf Smith County, Texas","B18101_034",752,47
"2297","48117","Deaf Smith County, Texas","B18101_035",133,56
"2298","48117","Deaf Smith County, Texas","B18101_036",619,70
"2299","48117","Deaf Smith County, Texas","B18101_037",493,29
"2300","48117","Deaf Smith County, Texas","B18101_038",285,96
"2301","48117","Deaf Smith County, Texas","B18101_039",208,91
"2302","48119","Delta County, Texas","B18101_001",5385,2
"2303","48119","Delta County, Texas","B18101_002",2434,132
"2304","48119","Delta County, Texas","B18101_003",172,86
"2305","48119","Delta County, Texas","B18101_004",0,21
"2306","48119","Delta County, Texas","B18101_005",172,86
"2307","48119","Delta County, Texas","B18101_006",331,52
"2308","48119","Delta County, Texas","B18101_007",84,70
"2309","48119","Delta County, Texas","B18101_008",247,75
"2310","48119","Delta County, Texas","B18101_009",480,64
"2311","48119","Delta County, Texas","B18101_010",26,27
"2312","48119","Delta County, Texas","B18101_011",454,64
"2313","48119","Delta County, Texas","B18101_012",951,67
"2314","48119","Delta County, Texas","B18101_013",274,104
"2315","48119","Delta County, Texas","B18101_014",677,121
"2316","48119","Delta County, Texas","B18101_015",311,29
"2317","48119","Delta County, Texas","B18101_016",145,67
"2318","48119","Delta County, Texas","B18101_017",166,63
"2319","48119","Delta County, Texas","B18101_018",189,41
"2320","48119","Delta County, Texas","B18101_019",117,39
"2321","48119","Delta County, Texas","B18101_020",72,30
"2322","48119","Delta County, Texas","B18101_021",2951,132
"2323","48119","Delta County, Texas","B18101_022",253,96
"2324","48119","Delta County, Texas","B18101_023",0,21
"2325","48119","Delta County, Texas","B18101_024",253,96
"2326","48119","Delta County, Texas","B18101_025",552,44
"2327","48119","Delta County, Texas","B18101_026",102,115
"2328","48119","Delta County, Texas","B18101_027",450,118
"2329","48119","Delta County, Texas","B18101_028",563,101
"2330","48119","Delta County, Texas","B18101_029",53,47
"2331","48119","Delta County, Texas","B18101_030",510,103
"2332","48119","Delta County, Texas","B18101_031",1018,87
"2333","48119","Delta County, Texas","B18101_032",252,96
"2334","48119","Delta County, Texas","B18101_033",766,127
"2335","48119","Delta County, Texas","B18101_034",325,31
"2336","48119","Delta County, Texas","B18101_035",155,68
"2337","48119","Delta County, Texas","B18101_036",170,69
"2338","48119","Delta County, Texas","B18101_037",240,41
"2339","48119","Delta County, Texas","B18101_038",166,43
"2340","48119","Delta County, Texas","B18101_039",74,37
"2341","48121","Denton County, Texas","B18101_001",975783,220
"2342","48121","Denton County, Texas","B18101_002",482991,321
"2343","48121","Denton County, Texas","B18101_003",28928,4
"2344","48121","Denton County, Texas","B18101_004",73,89
"2345","48121","Denton County, Texas","B18101_005",28855,90
"2346","48121","Denton County, Texas","B18101_006",88096,50
"2347","48121","Denton County, Texas","B18101_007",5074,613
"2348","48121","Denton County, Texas","B18101_008",83022,619
"2349","48121","Denton County, Texas","B18101_009",113699,203
"2350","48121","Denton County, Texas","B18101_010",8558,822
"2351","48121","Denton County, Texas","B18101_011",105141,828
"2352","48121","Denton County, Texas","B18101_012",202149,203
"2353","48121","Denton County, Texas","B18101_013",15431,1088
"2354","48121","Denton County, Texas","B18101_014",186718,1073
"2355","48121","Denton County, Texas","B18101_015",32574,90
"2356","48121","Denton County, Texas","B18101_016",6894,645
"2357","48121","Denton County, Texas","B18101_017",25680,644
"2358","48121","Denton County, Texas","B18101_018",17545,162
"2359","48121","Denton County, Texas","B18101_019",7349,503
"2360","48121","Denton County, Texas","B18101_020",10196,507
"2361","48121","Denton County, Texas","B18101_021",492792,282
"2362","48121","Denton County, Texas","B18101_022",27473,7
"2363","48121","Denton County, Texas","B18101_023",127,135
"2364","48121","Denton County, Texas","B18101_024",27346,135
"2365","48121","Denton County, Texas","B18101_025",84330,76
"2366","48121","Denton County, Texas","B18101_026",3866,614
"2367","48121","Denton County, Texas","B18101_027",80464,612
"2368","48121","Denton County, Texas","B18101_028",115998,174
"2369","48121","Denton County, Texas","B18101_029",10281,891
"2370","48121","Denton County, Texas","B18101_030",105717,907
"2371","48121","Denton County, Texas","B18101_031",203825,153
"2372","48121","Denton County, Texas","B18101_032",15848,988
"2373","48121","Denton County, Texas","B18101_033",187977,969
"2374","48121","Denton County, Texas","B18101_034",37785,109
"2375","48121","Denton County, Texas","B18101_035",6962,704
"2376","48121","Denton County, Texas","B18101_036",30823,709
"2377","48121","Denton County, Texas","B18101_037",23381,203
"2378","48121","Denton County, Texas","B18101_038",10314,621
"2379","48121","Denton County, Texas","B18101_039",13067,617
"2380","48123","DeWitt County, Texas","B18101_001",18243,65
"2381","48123","DeWitt County, Texas","B18101_002",8941,216
"2382","48123","DeWitt County, Texas","B18101_003",623,117
"2383","48123","DeWitt County, Texas","B18101_004",0,28
"2384","48123","DeWitt County, Texas","B18101_005",623,117
"2385","48123","DeWitt County, Texas","B18101_006",1604,108
"2386","48123","DeWitt County, Texas","B18101_007",96,70
"2387","48123","DeWitt County, Texas","B18101_008",1508,98
"2388","48123","DeWitt County, Texas","B18101_009",1669,175
"2389","48123","DeWitt County, Texas","B18101_010",131,91
"2390","48123","DeWitt County, Texas","B18101_011",1538,196
"2391","48123","DeWitt County, Texas","B18101_012",3422,160
"2392","48123","DeWitt County, Texas","B18101_013",562,193
"2393","48123","DeWitt County, Texas","B18101_014",2860,225
"2394","48123","DeWitt County, Texas","B18101_015",1077,61
"2395","48123","DeWitt County, Texas","B18101_016",401,96
"2396","48123","DeWitt County, Texas","B18101_017",676,82
"2397","48123","DeWitt County, Texas","B18101_018",546,54
"2398","48123","DeWitt County, Texas","B18101_019",244,73
"2399","48123","DeWitt County, Texas","B18101_020",302,77
"2400","48123","DeWitt County, Texas","B18101_021",9302,198
"2401","48123","DeWitt County, Texas","B18101_022",560,69
"2402","48123","DeWitt County, Texas","B18101_023",0,28
"2403","48123","DeWitt County, Texas","B18101_024",560,69
"2404","48123","DeWitt County, Texas","B18101_025",1674,207
"2405","48123","DeWitt County, Texas","B18101_026",104,90
"2406","48123","DeWitt County, Texas","B18101_027",1570,186
"2407","48123","DeWitt County, Texas","B18101_028",1568,50
"2408","48123","DeWitt County, Texas","B18101_029",34,29
"2409","48123","DeWitt County, Texas","B18101_030",1534,51
"2410","48123","DeWitt County, Texas","B18101_031",3408,48
"2411","48123","DeWitt County, Texas","B18101_032",410,129
"2412","48123","DeWitt County, Texas","B18101_033",2998,131
"2413","48123","DeWitt County, Texas","B18101_034",1240,20
"2414","48123","DeWitt County, Texas","B18101_035",435,84
"2415","48123","DeWitt County, Texas","B18101_036",805,87
"2416","48123","DeWitt County, Texas","B18101_037",852,41
"2417","48123","DeWitt County, Texas","B18101_038",357,97
"2418","48123","DeWitt County, Texas","B18101_039",495,101
"2419","48125","Dickens County, Texas","B18101_001",1711,155
"2420","48125","Dickens County, Texas","B18101_002",808,98
"2421","48125","Dickens County, Texas","B18101_003",12,12
"2422","48125","Dickens County, Texas","B18101_004",0,15
"2423","48125","Dickens County, Texas","B18101_005",12,12
"2424","48125","Dickens County, Texas","B18101_006",144,34
"2425","48125","Dickens County, Texas","B18101_007",44,35
"2426","48125","Dickens County, Texas","B18101_008",100,33
"2427","48125","Dickens County, Texas","B18101_009",169,52
"2428","48125","Dickens County, Texas","B18101_010",6,7
"2429","48125","Dickens County, Texas","B18101_011",163,52
"2430","48125","Dickens County, Texas","B18101_012",298,58
"2431","48125","Dickens County, Texas","B18101_013",84,37
"2432","48125","Dickens County, Texas","B18101_014",214,47
"2433","48125","Dickens County, Texas","B18101_015",86,28
"2434","48125","Dickens County, Texas","B18101_016",23,14
"2435","48125","Dickens County, Texas","B18101_017",63,26
"2436","48125","Dickens County, Texas","B18101_018",99,27
"2437","48125","Dickens County, Texas","B18101_019",72,27
"2438","48125","Dickens County, Texas","B18101_020",27,12
"2439","48125","Dickens County, Texas","B18101_021",903,99
"2440","48125","Dickens County, Texas","B18101_022",96,30
"2441","48125","Dickens County, Texas","B18101_023",0,15
"2442","48125","Dickens County, Texas","B18101_024",96,30
"2443","48125","Dickens County, Texas","B18101_025",119,38
"2444","48125","Dickens County, Texas","B18101_026",3,4
"2445","48125","Dickens County, Texas","B18101_027",116,38
"2446","48125","Dickens County, Texas","B18101_028",70,34
"2447","48125","Dickens County, Texas","B18101_029",2,4
"2448","48125","Dickens County, Texas","B18101_030",68,34
"2449","48125","Dickens County, Texas","B18101_031",336,65
"2450","48125","Dickens County, Texas","B18101_032",82,35
"2451","48125","Dickens County, Texas","B18101_033",254,58
"2452","48125","Dickens County, Texas","B18101_034",160,44
"2453","48125","Dickens County, Texas","B18101_035",73,35
"2454","48125","Dickens County, Texas","B18101_036",87,28
"2455","48125","Dickens County, Texas","B18101_037",122,29
"2456","48125","Dickens County, Texas","B18101_038",87,29
"2457","48125","Dickens County, Texas","B18101_039",35,17
"2458","48127","Dimmit County, Texas","B18101_001",8247,7
"2459","48127","Dimmit County, Texas","B18101_002",4394,153
"2460","48127","Dimmit County, Texas","B18101_003",429,55
"2461","48127","Dimmit County, Texas","B18101_004",0,21
"2462","48127","Dimmit County, Texas","B18101_005",429,55
"2463","48127","Dimmit County, Texas","B18101_006",819,4
"2464","48127","Dimmit County, Texas","B18101_007",108,71
"2465","48127","Dimmit County, Texas","B18101_008",711,71
"2466","48127","Dimmit County, Texas","B18101_009",988,192
"2467","48127","Dimmit County, Texas","B18101_010",193,146
"2468","48127","Dimmit County, Texas","B18101_011",795,234
"2469","48127","Dimmit County, Texas","B18101_012",1588,238
"2470","48127","Dimmit County, Texas","B18101_013",376,136
"2471","48127","Dimmit County, Texas","B18101_014",1212,234
"2472","48127","Dimmit County, Texas","B18101_015",364,111
"2473","48127","Dimmit County, Texas","B18101_016",173,103
"2474","48127","Dimmit County, Texas","B18101_017",191,95
"2475","48127","Dimmit County, Texas","B18101_018",206,100
"2476","48127","Dimmit County, Texas","B18101_019",173,98
"2477","48127","Dimmit County, Texas","B18101_020",33,42
"2478","48127","Dimmit County, Texas","B18101_021",3853,153
"2479","48127","Dimmit County, Texas","B18101_022",149,103
"2480","48127","Dimmit County, Texas","B18101_023",0,21
"2481","48127","Dimmit County, Texas","B18101_024",149,103
"2482","48127","Dimmit County, Texas","B18101_025",781,2
"2483","48127","Dimmit County, Texas","B18101_026",0,21
"2484","48127","Dimmit County, Texas","B18101_027",781,2
"2485","48127","Dimmit County, Texas","B18101_028",825,21
"2486","48127","Dimmit County, Texas","B18101_029",128,115
"2487","48127","Dimmit County, Texas","B18101_030",697,115
"2488","48127","Dimmit County, Texas","B18101_031",1362,121
"2489","48127","Dimmit County, Texas","B18101_032",408,168
"2490","48127","Dimmit County, Texas","B18101_033",954,205
"2491","48127","Dimmit County, Texas","B18101_034",446,57
"2492","48127","Dimmit County, Texas","B18101_035",128,70
"2493","48127","Dimmit County, Texas","B18101_036",318,90
"2494","48127","Dimmit County, Texas","B18101_037",290,33
"2495","48127","Dimmit County, Texas","B18101_038",245,52
"2496","48127","Dimmit County, Texas","B18101_039",45,46
"2497","48129","Donley County, Texas","B18101_001",3135,22
"2498","48129","Donley County, Texas","B18101_002",1475,78
"2499","48129","Donley County, Texas","B18101_003",78,24
"2500","48129","Donley County, Texas","B18101_004",10,10
"2501","48129","Donley County, Texas","B18101_005",68,23
"2502","48129","Donley County, Texas","B18101_006",229,57
"2503","48129","Donley County, Texas","B18101_007",17,20
"2504","48129","Donley County, Texas","B18101_008",212,59
"2505","48129","Donley County, Texas","B18101_009",383,66
"2506","48129","Donley County, Texas","B18101_010",3,9
"2507","48129","Donley County, Texas","B18101_011",380,67
"2508","48129","Donley County, Texas","B18101_012",491,39
"2509","48129","Donley County, Texas","B18101_013",38,22
"2510","48129","Donley County, Texas","B18101_014",453,52
"2511","48129","Donley County, Texas","B18101_015",190,31
"2512","48129","Donley County, Texas","B18101_016",21,18
"2513","48129","Donley County, Texas","B18101_017",169,32
"2514","48129","Donley County, Texas","B18101_018",104,37
"2515","48129","Donley County, Texas","B18101_019",37,23
"2516","48129","Donley County, Texas","B18101_020",67,30
"2517","48129","Donley County, Texas","B18101_021",1660,81
"2518","48129","Donley County, Texas","B18101_022",29,16
"2519","48129","Donley County, Texas","B18101_023",4,7
"2520","48129","Donley County, Texas","B18101_024",25,17
"2521","48129","Donley County, Texas","B18101_025",236,43
"2522","48129","Donley County, Texas","B18101_026",0,15
"2523","48129","Donley County, Texas","B18101_027",236,43
"2524","48129","Donley County, Texas","B18101_028",394,58
"2525","48129","Donley County, Texas","B18101_029",4,5
"2526","48129","Donley County, Texas","B18101_030",390,57
"2527","48129","Donley County, Texas","B18101_031",557,64
"2528","48129","Donley County, Texas","B18101_032",10,11
"2529","48129","Donley County, Texas","B18101_033",547,63
"2530","48129","Donley County, Texas","B18101_034",243,23
"2531","48129","Donley County, Texas","B18101_035",28,23
"2532","48129","Donley County, Texas","B18101_036",215,29
"2533","48129","Donley County, Texas","B18101_037",201,48
"2534","48129","Donley County, Texas","B18101_038",80,53
"2535","48129","Donley County, Texas","B18101_039",121,47
"2536","48131","Duval County, Texas","B18101_001",9125,27
"2537","48131","Duval County, Texas","B18101_002",4518,206
"2538","48131","Duval County, Texas","B18101_003",188,112
"2539","48131","Duval County, Texas","B18101_004",0,21
"2540","48131","Duval County, Texas","B18101_005",188,112
"2541","48131","Duval County, Texas","B18101_006",961,186
"2542","48131","Duval County, Texas","B18101_007",84,76
"2543","48131","Duval County, Texas","B18101_008",877,203
"2544","48131","Duval County, Texas","B18101_009",1245,228
"2545","48131","Duval County, Texas","B18101_010",227,240
"2546","48131","Duval County, Texas","B18101_011",1018,313
"2547","48131","Duval County, Texas","B18101_012",1231,228
"2548","48131","Duval County, Texas","B18101_013",293,111
"2549","48131","Duval County, Texas","B18101_014",938,246
"2550","48131","Duval County, Texas","B18101_015",494,166
"2551","48131","Duval County, Texas","B18101_016",129,69
"2552","48131","Duval County, Texas","B18101_017",365,159
"2553","48131","Duval County, Texas","B18101_018",399,113
"2554","48131","Duval County, Texas","B18101_019",302,109
"2555","48131","Duval County, Texas","B18101_020",97,74
"2556","48131","Duval County, Texas","B18101_021",4607,200
"2557","48131","Duval County, Texas","B18101_022",432,102
"2558","48131","Duval County, Texas","B18101_023",0,21
"2559","48131","Duval County, Texas","B18101_024",432,102
"2560","48131","Duval County, Texas","B18101_025",873,129
"2561","48131","Duval County, Texas","B18101_026",92,103
"2562","48131","Duval County, Texas","B18101_027",781,157
"2563","48131","Duval County, Texas","B18101_028",1105,209
"2564","48131","Duval County, Texas","B18101_029",166,136
"2565","48131","Duval County, Texas","B18101_030",939,204
"2566","48131","Duval County, Texas","B18101_031",1463,200
"2567","48131","Duval County, Texas","B18101_032",352,124
"2568","48131","Duval County, Texas","B18101_033",1111,255
"2569","48131","Duval County, Texas","B18101_034",346,8
"2570","48131","Duval County, Texas","B18101_035",156,66
"2571","48131","Duval County, Texas","B18101_036",190,64
"2572","48131","Duval County, Texas","B18101_037",388,70
"2573","48131","Duval County, Texas","B18101_038",225,71
"2574","48131","Duval County, Texas","B18101_039",163,82
"2575","48133","Eastland County, Texas","B18101_001",17779,24
"2576","48133","Eastland County, Texas","B18101_002",8775,128
"2577","48133","Eastland County, Texas","B18101_003",421,34
"2578","48133","Eastland County, Texas","B18101_004",0,23
"2579","48133","Eastland County, Texas","B18101_005",421,34
"2580","48133","Eastland County, Texas","B18101_006",1383,67
"2581","48133","Eastland County, Texas","B18101_007",57,47
"2582","48133","Eastland County, Texas","B18101_008",1326,61
"2583","48133","Eastland County, Texas","B18101_009",1988,100
"2584","48133","Eastland County, Texas","B18101_010",98,85
"2585","48133","Eastland County, Texas","B18101_011",1890,124
"2586","48133","Eastland County, Texas","B18101_012",3191,82
"2587","48133","Eastland County, Texas","B18101_013",654,182
"2588","48133","Eastland County, Texas","B18101_014",2537,202
"2589","48133","Eastland County, Texas","B18101_015",1130,36
"2590","48133","Eastland County, Texas","B18101_016",354,85
"2591","48133","Eastland County, Texas","B18101_017",776,87
"2592","48133","Eastland County, Texas","B18101_018",662,30
"2593","48133","Eastland County, Texas","B18101_019",351,80
"2594","48133","Eastland County, Texas","B18101_020",311,76
"2595","48133","Eastland County, Texas","B18101_021",9004,129
"2596","48133","Eastland County, Texas","B18101_022",544,35
"2597","48133","Eastland County, Texas","B18101_023",0,23
"2598","48133","Eastland County, Texas","B18101_024",544,35
"2599","48133","Eastland County, Texas","B18101_025",1456,93
"2600","48133","Eastland County, Texas","B18101_026",51,38
"2601","48133","Eastland County, Texas","B18101_027",1405,103
"2602","48133","Eastland County, Texas","B18101_028",1701,74
"2603","48133","Eastland County, Texas","B18101_029",149,95
"2604","48133","Eastland County, Texas","B18101_030",1552,121
"2605","48133","Eastland County, Texas","B18101_031",3279,104
"2606","48133","Eastland County, Texas","B18101_032",614,208
"2607","48133","Eastland County, Texas","B18101_033",2665,240
"2608","48133","Eastland County, Texas","B18101_034",1124,67
"2609","48133","Eastland County, Texas","B18101_035",329,115
"2610","48133","Eastland County, Texas","B18101_036",795,129
"2611","48133","Eastland County, Texas","B18101_037",900,53
"2612","48133","Eastland County, Texas","B18101_038",454,108
"2613","48133","Eastland County, Texas","B18101_039",446,112
"2614","48135","Ector County, Texas","B18101_001",162871,313
"2615","48135","Ector County, Texas","B18101_002",83061,376
"2616","48135","Ector County, Texas","B18101_003",7289,263
"2617","48135","Ector County, Texas","B18101_004",242,259
"2618","48135","Ector County, Texas","B18101_005",7047,363
"2619","48135","Ector County, Texas","B18101_006",18094,132
"2620","48135","Ector County, Texas","B18101_007",1508,457
"2621","48135","Ector County, Texas","B18101_008",16586,492
"2622","48135","Ector County, Texas","B18101_009",21774,451
"2623","48135","Ector County, Texas","B18101_010",896,320
"2624","48135","Ector County, Texas","B18101_011",20878,549
"2625","48135","Ector County, Texas","B18101_012",28754,321
"2626","48135","Ector County, Texas","B18101_013",3332,559
"2627","48135","Ector County, Texas","B18101_014",25422,658
"2628","48135","Ector County, Texas","B18101_015",4729,101
"2629","48135","Ector County, Texas","B18101_016",1843,311
"2630","48135","Ector County, Texas","B18101_017",2886,323
"2631","48135","Ector County, Texas","B18101_018",2421,121
"2632","48135","Ector County, Texas","B18101_019",1193,230
"2633","48135","Ector County, Texas","B18101_020",1228,234
"2634","48135","Ector County, Texas","B18101_021",79810,262
"2635","48135","Ector County, Texas","B18101_022",6824,258
"2636","48135","Ector County, Texas","B18101_023",27,46
"2637","48135","Ector County, Texas","B18101_024",6797,262
"2638","48135","Ector County, Texas","B18101_025",17778,109
"2639","48135","Ector County, Texas","B18101_026",668,296
"2640","48135","Ector County, Texas","B18101_027",17110,293
"2641","48135","Ector County, Texas","B18101_028",19910,280
"2642","48135","Ector County, Texas","B18101_029",1032,363
"2643","48135","Ector County, Texas","B18101_030",18878,423
"2644","48135","Ector County, Texas","B18101_031",26570,265
"2645","48135","Ector County, Texas","B18101_032",3690,578
"2646","48135","Ector County, Texas","B18101_033",22880,694
"2647","48135","Ector County, Texas","B18101_034",5139,103
"2648","48135","Ector County, Texas","B18101_035",1387,293
"2649","48135","Ector County, Texas","B18101_036",3752,296
"2650","48135","Ector County, Texas","B18101_037",3589,169
"2651","48135","Ector County, Texas","B18101_038",1999,251
"2652","48135","Ector County, Texas","B18101_039",1590,271
"2653","48137","Edwards County, Texas","B18101_001",1249,283
"2654","48137","Edwards County, Texas","B18101_002",667,237
"2655","48137","Edwards County, Texas","B18101_003",4,39
"2656","48137","Edwards County, Texas","B18101_004",0,15
"2657","48137","Edwards County, Texas","B18101_005",4,39
"2658","48137","Edwards County, Texas","B18101_006",143,90
"2659","48137","Edwards County, Texas","B18101_007",0,15
"2660","48137","Edwards County, Texas","B18101_008",143,90
"2661","48137","Edwards County, Texas","B18101_009",174,147
"2662","48137","Edwards County, Texas","B18101_010",0,15
"2663","48137","Edwards County, Texas","B18101_011",174,147
"2664","48137","Edwards County, Texas","B18101_012",218,86
"2665","48137","Edwards County, Texas","B18101_013",35,34
"2666","48137","Edwards County, Texas","B18101_014",183,81
"2667","48137","Edwards County, Texas","B18101_015",46,36
"2668","48137","Edwards County, Texas","B18101_016",6,10
"2669","48137","Edwards County, Texas","B18101_017",40,33
"2670","48137","Edwards County, Texas","B18101_018",82,58
"2671","48137","Edwards County, Texas","B18101_019",34,36
"2672","48137","Edwards County, Texas","B18101_020",48,48
"2673","48137","Edwards County, Texas","B18101_021",582,168
"2674","48137","Edwards County, Texas","B18101_022",33,45
"2675","48137","Edwards County, Texas","B18101_023",0,15
"2676","48137","Edwards County, Texas","B18101_024",33,45
"2677","48137","Edwards County, Texas","B18101_025",116,68
"2678","48137","Edwards County, Texas","B18101_026",0,15
"2679","48137","Edwards County, Texas","B18101_027",116,68
"2680","48137","Edwards County, Texas","B18101_028",100,146
"2681","48137","Edwards County, Texas","B18101_029",0,15
"2682","48137","Edwards County, Texas","B18101_030",100,146
"2683","48137","Edwards County, Texas","B18101_031",223,91
"2684","48137","Edwards County, Texas","B18101_032",24,23
"2685","48137","Edwards County, Texas","B18101_033",199,94
"2686","48137","Edwards County, Texas","B18101_034",79,48
"2687","48137","Edwards County, Texas","B18101_035",17,18
"2688","48137","Edwards County, Texas","B18101_036",62,43
"2689","48137","Edwards County, Texas","B18101_037",31,26
"2690","48137","Edwards County, Texas","B18101_038",17,15
"2691","48137","Edwards County, Texas","B18101_039",14,18
"2692","48139","Ellis County, Texas","B18101_001",211671,118
"2693","48139","Ellis County, Texas","B18101_002",104584,199
"2694","48139","Ellis County, Texas","B18101_003",7073,107
"2695","48139","Ellis County, Texas","B18101_004",120,91
"2696","48139","Ellis County, Texas","B18101_005",6953,137
"2697","48139","Ellis County, Texas","B18101_006",21760,135
"2698","48139","Ellis County, Texas","B18101_007",1607,373
"2699","48139","Ellis County, Texas","B18101_008",20153,392
"2700","48139","Ellis County, Texas","B18101_009",23026,183
"2701","48139","Ellis County, Texas","B18101_010",1806,397
"2702","48139","Ellis County, Texas","B18101_011",21220,447
"2703","48139","Ellis County, Texas","B18101_012",40352,175
"2704","48139","Ellis County, Texas","B18101_013",4523,608
"2705","48139","Ellis County, Texas","B18101_014",35829,621
"2706","48139","Ellis County, Texas","B18101_015",8159,90
"2707","48139","Ellis County, Texas","B18101_016",2007,309
"2708","48139","Ellis County, Texas","B18101_017",6152,313
"2709","48139","Ellis County, Texas","B18101_018",4214,101
"2710","48139","Ellis County, Texas","B18101_019",2042,258
"2711","48139","Ellis County, Texas","B18101_020",2172,257
"2712","48139","Ellis County, Texas","B18101_021",107087,156
"2713","48139","Ellis County, Texas","B18101_022",6704,97
"2714","48139","Ellis County, Texas","B18101_023",59,62
"2715","48139","Ellis County, Texas","B18101_024",6645,116
"2716","48139","Ellis County, Texas","B18101_025",20566,60
"2717","48139","Ellis County, Texas","B18101_026",1167,264
"2718","48139","Ellis County, Texas","B18101_027",19399,265
"2719","48139","Ellis County, Texas","B18101_028",23174,103
"2720","48139","Ellis County, Texas","B18101_029",1604,385
"2721","48139","Ellis County, Texas","B18101_030",21570,375
"2722","48139","Ellis County, Texas","B18101_031",41857,98
"2723","48139","Ellis County, Texas","B18101_032",5054,611
"2724","48139","Ellis County, Texas","B18101_033",36803,628
"2725","48139","Ellis County, Texas","B18101_034",9117,91
"2726","48139","Ellis County, Texas","B18101_035",2348,312
"2727","48139","Ellis County, Texas","B18101_036",6769,332
"2728","48139","Ellis County, Texas","B18101_037",5669,92
"2729","48139","Ellis County, Texas","B18101_038",2485,325
"2730","48139","Ellis County, Texas","B18101_039",3184,301
"2731","48141","El Paso County, Texas","B18101_001",844384,1137
"2732","48141","El Paso County, Texas","B18101_002",410544,1090
"2733","48141","El Paso County, Texas","B18101_003",29448,99
"2734","48141","El Paso County, Texas","B18101_004",118,78
"2735","48141","El Paso County, Texas","B18101_005",29330,131
"2736","48141","El Paso County, Texas","B18101_006",85963,100
"2737","48141","El Paso County, Texas","B18101_007",7060,903
"2738","48141","El Paso County, Texas","B18101_008",78903,904
"2739","48141","El Paso County, Texas","B18101_009",105041,978
"2740","48141","El Paso County, Texas","B18101_010",8851,879
"2741","48141","El Paso County, Texas","B18101_011",96190,1424
"2742","48141","El Paso County, Texas","B18101_012",142001,522
"2743","48141","El Paso County, Texas","B18101_013",21499,1124
"2744","48141","El Paso County, Texas","B18101_014",120502,1254
"2745","48141","El Paso County, Texas","B18101_015",30140,218
"2746","48141","El Paso County, Texas","B18101_016",9320,683
"2747","48141","El Paso County, Texas","B18101_017",20820,664
"2748","48141","El Paso County, Texas","B18101_018",17951,173
"2749","48141","El Paso County, Texas","B18101_019",9427,579
"2750","48141","El Paso County, Texas","B18101_020",8524,575
"2751","48141","El Paso County, Texas","B18101_021",433840,486
"2752","48141","El Paso County, Texas","B18101_022",28137,34
"2753","48141","El Paso County, Texas","B18101_023",289,161
"2754","48141","El Paso County, Texas","B18101_024",27848,167
"2755","48141","El Paso County, Texas","B18101_025",83148,81
"2756","48141","El Paso County, Texas","B18101_026",4821,743
"2757","48141","El Paso County, Texas","B18101_027",78327,754
"2758","48141","El Paso County, Texas","B18101_028",105363,455
"2759","48141","El Paso County, Texas","B18101_029",8312,833
"2760","48141","El Paso County, Texas","B18101_030",97051,895
"2761","48141","El Paso County, Texas","B18101_031",153143,263
"2762","48141","El Paso County, Texas","B18101_032",20861,1233
"2763","48141","El Paso County, Texas","B18101_033",132282,1274
"2764","48141","El Paso County, Texas","B18101_034",36615,98
"2765","48141","El Paso County, Texas","B18101_035",10600,731
"2766","48141","El Paso County, Texas","B18101_036",26015,731
"2767","48141","El Paso County, Texas","B18101_037",27434,168
"2768","48141","El Paso County, Texas","B18101_038",15287,737
"2769","48141","El Paso County, Texas","B18101_039",12147,754
"2770","48143","Erath County, Texas","B18101_001",43335,25
"2771","48143","Erath County, Texas","B18101_002",21168,266
"2772","48143","Erath County, Texas","B18101_003",1175,186
"2773","48143","Erath County, Texas","B18101_004",0,31
"2774","48143","Erath County, Texas","B18101_005",1175,186
"2775","48143","Erath County, Texas","B18101_006",3354,88
"2776","48143","Erath County, Texas","B18101_007",244,127
"2777","48143","Erath County, Texas","B18101_008",3110,161
"2778","48143","Erath County, Texas","B18101_009",6804,147
"2779","48143","Erath County, Texas","B18101_010",562,186
"2780","48143","Erath County, Texas","B18101_011",6242,241
"2781","48143","Erath County, Texas","B18101_012",6933,99
"2782","48143","Erath County, Texas","B18101_013",978,203
"2783","48143","Erath County, Texas","B18101_014",5955,222
"2784","48143","Erath County, Texas","B18101_015",1831,76
"2785","48143","Erath County, Texas","B18101_016",486,123
"2786","48143","Erath County, Texas","B18101_017",1345,133
"2787","48143","Erath County, Texas","B18101_018",1071,81
"2788","48143","Erath County, Texas","B18101_019",678,105
"2789","48143","Erath County, Texas","B18101_020",393,113
"2790","48143","Erath County, Texas","B18101_021",22167,262
"2791","48143","Erath County, Texas","B18101_022",1296,214
"2792","48143","Erath County, Texas","B18101_023",0,31
"2793","48143","Erath County, Texas","B18101_024",1296,214
"2794","48143","Erath County, Texas","B18101_025",3207,92
"2795","48143","Erath County, Texas","B18101_026",221,96
"2796","48143","Erath County, Texas","B18101_027",2986,122
"2797","48143","Erath County, Texas","B18101_028",7388,113
"2798","48143","Erath County, Texas","B18101_029",609,201
"2799","48143","Erath County, Texas","B18101_030",6779,245
"2800","48143","Erath County, Texas","B18101_031",6967,83
"2801","48143","Erath County, Texas","B18101_032",1013,259
"2802","48143","Erath County, Texas","B18101_033",5954,268
"2803","48143","Erath County, Texas","B18101_034",1962,57
"2804","48143","Erath County, Texas","B18101_035",626,146
"2805","48143","Erath County, Texas","B18101_036",1336,153
"2806","48143","Erath County, Texas","B18101_037",1347,84
"2807","48143","Erath County, Texas","B18101_038",632,108
"2808","48143","Erath County, Texas","B18101_039",715,114
"2809","48145","Falls County, Texas","B18101_001",15350,91
"2810","48145","Falls County, Texas","B18101_002",7790,274
"2811","48145","Falls County, Texas","B18101_003",348,105
"2812","48145","Falls County, Texas","B18101_004",0,23
"2813","48145","Falls County, Texas","B18101_005",348,105
"2814","48145","Falls County, Texas","B18101_006",1388,106
"2815","48145","Falls County, Texas","B18101_007",65,36
"2816","48145","Falls County, Texas","B18101_008",1323,114
"2817","48145","Falls County, Texas","B18101_009",1685,182
"2818","48145","Falls County, Texas","B18101_010",101,62
"2819","48145","Falls County, Texas","B18101_011",1584,193
"2820","48145","Falls County, Texas","B18101_012",2822,254
"2821","48145","Falls County, Texas","B18101_013",565,175
"2822","48145","Falls County, Texas","B18101_014",2257,226
"2823","48145","Falls County, Texas","B18101_015",895,91
"2824","48145","Falls County, Texas","B18101_016",350,127
"2825","48145","Falls County, Texas","B18101_017",545,102
"2826","48145","Falls County, Texas","B18101_018",652,85
"2827","48145","Falls County, Texas","B18101_019",340,86
"2828","48145","Falls County, Texas","B18101_020",312,105
"2829","48145","Falls County, Texas","B18101_021",7560,275
"2830","48145","Falls County, Texas","B18101_022",612,105
"2831","48145","Falls County, Texas","B18101_023",21,22
"2832","48145","Falls County, Texas","B18101_024",591,109
"2833","48145","Falls County, Texas","B18101_025",1279,105
"2834","48145","Falls County, Texas","B18101_026",154,91
"2835","48145","Falls County, Texas","B18101_027",1125,144
"2836","48145","Falls County, Texas","B18101_028",1431,202
"2837","48145","Falls County, Texas","B18101_029",55,38
"2838","48145","Falls County, Texas","B18101_030",1376,203
"2839","48145","Falls County, Texas","B18101_031",2567,225
"2840","48145","Falls County, Texas","B18101_032",375,110
"2841","48145","Falls County, Texas","B18101_033",2192,244
"2842","48145","Falls County, Texas","B18101_034",989,106
"2843","48145","Falls County, Texas","B18101_035",325,102
"2844","48145","Falls County, Texas","B18101_036",664,128
"2845","48145","Falls County, Texas","B18101_037",682,99
"2846","48145","Falls County, Texas","B18101_038",245,103
"2847","48145","Falls County, Texas","B18101_039",437,109
"2848","48147","Fannin County, Texas","B18101_001",34432,103
"2849","48147","Fannin County, Texas","B18101_002",17363,173
"2850","48147","Fannin County, Texas","B18101_003",962,30
"2851","48147","Fannin County, Texas","B18101_004",0,31
"2852","48147","Fannin County, Texas","B18101_005",962,30
"2853","48147","Fannin County, Texas","B18101_006",3148,58
"2854","48147","Fannin County, Texas","B18101_007",277,125
"2855","48147","Fannin County, Texas","B18101_008",2871,147
"2856","48147","Fannin County, Texas","B18101_009",3559,192
"2857","48147","Fannin County, Texas","B18101_010",230,86
"2858","48147","Fannin County, Texas","B18101_011",3329,181
"2859","48147","Fannin County, Texas","B18101_012",6643,207
"2860","48147","Fannin County, Texas","B18101_013",801,203
"2861","48147","Fannin County, Texas","B18101_014",5842,284
"2862","48147","Fannin County, Texas","B18101_015",1894,78
"2863","48147","Fannin County, Texas","B18101_016",609,139
"2864","48147","Fannin County, Texas","B18101_017",1285,144
"2865","48147","Fannin County, Texas","B18101_018",1157,73
"2866","48147","Fannin County, Texas","B18101_019",484,103
"2867","48147","Fannin County, Texas","B18101_020",673,110
"2868","48147","Fannin County, Texas","B18101_021",17069,137
"2869","48147","Fannin County, Texas","B18101_022",877,28
"2870","48147","Fannin County, Texas","B18101_023",0,31
"2871","48147","Fannin County, Texas","B18101_024",877,28
"2872","48147","Fannin County, Texas","B18101_025",2881,70
"2873","48147","Fannin County, Texas","B18101_026",58,48
"2874","48147","Fannin County, Texas","B18101_027",2823,84
"2875","48147","Fannin County, Texas","B18101_028",3243,83
"2876","48147","Fannin County, Texas","B18101_029",398,151
"2877","48147","Fannin County, Texas","B18101_030",2845,131
"2878","48147","Fannin County, Texas","B18101_031",6741,62
"2879","48147","Fannin County, Texas","B18101_032",839,132
"2880","48147","Fannin County, Texas","B18101_033",5902,148
"2881","48147","Fannin County, Texas","B18101_034",1937,70
"2882","48147","Fannin County, Texas","B18101_035",462,111
"2883","48147","Fannin County, Texas","B18101_036",1475,133
"2884","48147","Fannin County, Texas","B18101_037",1390,99
"2885","48147","Fannin County, Texas","B18101_038",672,120
"2886","48147","Fannin County, Texas","B18101_039",718,112
"2887","48149","Fayette County, Texas","B18101_001",24639,30
"2888","48149","Fayette County, Texas","B18101_002",12237,121
"2889","48149","Fayette County, Texas","B18101_003",656,74
"2890","48149","Fayette County, Texas","B18101_004",0,28
"2891","48149","Fayette County, Texas","B18101_005",656,74
"2892","48149","Fayette County, Texas","B18101_006",1955,96
"2893","48149","Fayette County, Texas","B18101_007",224,145
"2894","48149","Fayette County, Texas","B18101_008",1731,164
"2895","48149","Fayette County, Texas","B18101_009",2081,139
"2896","48149","Fayette County, Texas","B18101_010",81,60
"2897","48149","Fayette County, Texas","B18101_011",2000,155
"2898","48149","Fayette County, Texas","B18101_012",4482,168
"2899","48149","Fayette County, Texas","B18101_013",638,183
"2900","48149","Fayette County, Texas","B18101_014",3844,239
"2901","48149","Fayette County, Texas","B18101_015",1842,77
"2902","48149","Fayette County, Texas","B18101_016",410,98
"2903","48149","Fayette County, Texas","B18101_017",1432,121
"2904","48149","Fayette County, Texas","B18101_018",1221,52
"2905","48149","Fayette County, Texas","B18101_019",603,106
"2906","48149","Fayette County, Texas","B18101_020",618,112
"2907","48149","Fayette County, Texas","B18101_021",12402,120
"2908","48149","Fayette County, Texas","B18101_022",556,22
"2909","48149","Fayette County, Texas","B18101_023",0,28
"2910","48149","Fayette County, Texas","B18101_024",556,22
"2911","48149","Fayette County, Texas","B18101_025",1869,71
"2912","48149","Fayette County, Texas","B18101_026",132,71
"2913","48149","Fayette County, Texas","B18101_027",1737,86
"2914","48149","Fayette County, Texas","B18101_028",2054,76
"2915","48149","Fayette County, Texas","B18101_029",290,135
"2916","48149","Fayette County, Texas","B18101_030",1764,157
"2917","48149","Fayette County, Texas","B18101_031",4521,104
"2918","48149","Fayette County, Texas","B18101_032",379,106
"2919","48149","Fayette County, Texas","B18101_033",4142,130
"2920","48149","Fayette County, Texas","B18101_034",1940,89
"2921","48149","Fayette County, Texas","B18101_035",337,102
"2922","48149","Fayette County, Texas","B18101_036",1603,135
"2923","48149","Fayette County, Texas","B18101_037",1462,96
"2924","48149","Fayette County, Texas","B18101_038",591,118
"2925","48149","Fayette County, Texas","B18101_039",871,114
"2926","48151","Fisher County, Texas","B18101_001",3629,8
"2927","48151","Fisher County, Texas","B18101_002",1846,69
"2928","48151","Fisher County, Texas","B18101_003",116,25
"2929","48151","Fisher County, Texas","B18101_004",7,11
"2930","48151","Fisher County, Texas","B18101_005",109,24
"2931","48151","Fisher County, Texas","B18101_006",332,50
"2932","48151","Fisher County, Texas","B18101_007",28,20
"2933","48151","Fisher County, Texas","B18101_008",304,53
"2934","48151","Fisher County, Texas","B18101_009",347,64
"2935","48151","Fisher County, Texas","B18101_010",2,4
"2936","48151","Fisher County, Texas","B18101_011",345,65
"2937","48151","Fisher County, Texas","B18101_012",702,72
"2938","48151","Fisher County, Texas","B18101_013",68,27
"2939","48151","Fisher County, Texas","B18101_014",634,71
"2940","48151","Fisher County, Texas","B18101_015",238,38
"2941","48151","Fisher County, Texas","B18101_016",62,21
"2942","48151","Fisher County, Texas","B18101_017",176,36
"2943","48151","Fisher County, Texas","B18101_018",111,29
"2944","48151","Fisher County, Texas","B18101_019",87,29
"2945","48151","Fisher County, Texas","B18101_020",24,16
"2946","48151","Fisher County, Texas","B18101_021",1783,69
"2947","48151","Fisher County, Texas","B18101_022",102,29
"2948","48151","Fisher County, Texas","B18101_023",0,15
"2949","48151","Fisher County, Texas","B18101_024",102,29
"2950","48151","Fisher County, Texas","B18101_025",278,47
"2951","48151","Fisher County, Texas","B18101_026",12,12
"2952","48151","Fisher County, Texas","B18101_027",266,47
"2953","48151","Fisher County, Texas","B18101_028",352,60
"2954","48151","Fisher County, Texas","B18101_029",91,46
"2955","48151","Fisher County, Texas","B18101_030",261,63
"2956","48151","Fisher County, Texas","B18101_031",639,72
"2957","48151","Fisher County, Texas","B18101_032",93,45
"2958","48151","Fisher County, Texas","B18101_033",546,68
"2959","48151","Fisher County, Texas","B18101_034",247,43
"2960","48151","Fisher County, Texas","B18101_035",78,33
"2961","48151","Fisher County, Texas","B18101_036",169,38
"2962","48151","Fisher County, Texas","B18101_037",165,46
"2963","48151","Fisher County, Texas","B18101_038",113,42
"2964","48151","Fisher County, Texas","B18101_039",52,25
"2965","48153","Floyd County, Texas","B18101_001",5196,1
"2966","48153","Floyd County, Texas","B18101_002",2540,108
"2967","48153","Floyd County, Texas","B18101_003",117,65
"2968","48153","Floyd County, Texas","B18101_004",0,21
"2969","48153","Floyd County, Texas","B18101_005",117,65
"2970","48153","Floyd County, Texas","B18101_006",500,75
"2971","48153","Floyd County, Texas","B18101_007",20,24
"2972","48153","Floyd County, Texas","B18101_008",480,73
"2973","48153","Floyd County, Texas","B18101_009",530,53
"2974","48153","Floyd County, Texas","B18101_010",32,46
"2975","48153","Floyd County, Texas","B18101_011",498,73
"2976","48153","Floyd County, Texas","B18101_012",921,62
"2977","48153","Floyd County, Texas","B18101_013",194,62
"2978","48153","Floyd County, Texas","B18101_014",727,87
"2979","48153","Floyd County, Texas","B18101_015",260,42
"2980","48153","Floyd County, Texas","B18101_016",88,42
"2981","48153","Floyd County, Texas","B18101_017",172,49
"2982","48153","Floyd County, Texas","B18101_018",212,48
"2983","48153","Floyd County, Texas","B18101_019",152,36
"2984","48153","Floyd County, Texas","B18101_020",60,43
"2985","48153","Floyd County, Texas","B18101_021",2656,107
"2986","48153","Floyd County, Texas","B18101_022",189,65
"2987","48153","Floyd County, Texas","B18101_023",0,21
"2988","48153","Floyd County, Texas","B18101_024",189,65
"2989","48153","Floyd County, Texas","B18101_025",520,79
"2990","48153","Floyd County, Texas","B18101_026",0,21
"2991","48153","Floyd County, Texas","B18101_027",520,79
"2992","48153","Floyd County, Texas","B18101_028",529,29
"2993","48153","Floyd County, Texas","B18101_029",52,36
"2994","48153","Floyd County, Texas","B18101_030",477,40
"2995","48153","Floyd County, Texas","B18101_031",915,22
"2996","48153","Floyd County, Texas","B18101_032",144,68
"2997","48153","Floyd County, Texas","B18101_033",771,67
"2998","48153","Floyd County, Texas","B18101_034",291,34
"2999","48153","Floyd County, Texas","B18101_035",167,52
"3000","48153","Floyd County, Texas","B18101_036",124,40
"3001","48153","Floyd County, Texas","B18101_037",212,31
"3002","48153","Floyd County, Texas","B18101_038",69,40
"3003","48153","Floyd County, Texas","B18101_039",143,46
"3004","48155","Foard County, Texas","B18101_001",947,172
"3005","48155","Foard County, Texas","B18101_002",463,108
"3006","48155","Foard County, Texas","B18101_003",10,12
"3007","48155","Foard County, Texas","B18101_004",0,15
"3008","48155","Foard County, Texas","B18101_005",10,12
"3009","48155","Foard County, Texas","B18101_006",67,46
"3010","48155","Foard County, Texas","B18101_007",0,15
"3011","48155","Foard County, Texas","B18101_008",67,46
"3012","48155","Foard County, Texas","B18101_009",69,48
"3013","48155","Foard County, Texas","B18101_010",0,15
"3014","48155","Foard County, Texas","B18101_011",69,48
"3015","48155","Foard County, Texas","B18101_012",160,55
"3016","48155","Foard County, Texas","B18101_013",56,45
"3017","48155","Foard County, Texas","B18101_014",104,45
"3018","48155","Foard County, Texas","B18101_015",92,39
"3019","48155","Foard County, Texas","B18101_016",40,23
"3020","48155","Foard County, Texas","B18101_017",52,42
"3021","48155","Foard County, Texas","B18101_018",65,30
"3022","48155","Foard County, Texas","B18101_019",33,28
"3023","48155","Foard County, Texas","B18101_020",32,23
"3024","48155","Foard County, Texas","B18101_021",484,94
"3025","48155","Foard County, Texas","B18101_022",32,28
"3026","48155","Foard County, Texas","B18101_023",0,15
"3027","48155","Foard County, Texas","B18101_024",32,28
"3028","48155","Foard County, Texas","B18101_025",41,29
"3029","48155","Foard County, Texas","B18101_026",0,15
"3030","48155","Foard County, Texas","B18101_027",41,29
"3031","48155","Foard County, Texas","B18101_028",85,44
"3032","48155","Foard County, Texas","B18101_029",11,14
"3033","48155","Foard County, Texas","B18101_030",74,43
"3034","48155","Foard County, Texas","B18101_031",200,70
"3035","48155","Foard County, Texas","B18101_032",14,21
"3036","48155","Foard County, Texas","B18101_033",186,69
"3037","48155","Foard County, Texas","B18101_034",26,19
"3038","48155","Foard County, Texas","B18101_035",4,6
"3039","48155","Foard County, Texas","B18101_036",22,18
"3040","48155","Foard County, Texas","B18101_037",100,44
"3041","48155","Foard County, Texas","B18101_038",56,37
"3042","48155","Foard County, Texas","B18101_039",44,31
"3043","48157","Fort Bend County, Texas","B18101_001",888286,279
"3044","48157","Fort Bend County, Texas","B18101_002",435813,279
"3045","48157","Fort Bend County, Texas","B18101_003",27536,75
"3046","48157","Fort Bend County, Texas","B18101_004",138,113
"3047","48157","Fort Bend County, Texas","B18101_005",27398,139
"3048","48157","Fort Bend County, Texas","B18101_006",94253,146
"3049","48157","Fort Bend County, Texas","B18101_007",4580,729
"3050","48157","Fort Bend County, Texas","B18101_008",89673,769
"3051","48157","Fort Bend County, Texas","B18101_009",86034,238
"3052","48157","Fort Bend County, Texas","B18101_010",5139,863
"3053","48157","Fort Bend County, Texas","B18101_011",80895,903
"3054","48157","Fort Bend County, Texas","B18101_012",176683,262
"3055","48157","Fort Bend County, Texas","B18101_013",11602,1288
"3056","48157","Fort Bend County, Texas","B18101_014",165081,1258
"3057","48157","Fort Bend County, Texas","B18101_015",34543,113
"3058","48157","Fort Bend County, Texas","B18101_016",7294,758
"3059","48157","Fort Bend County, Texas","B18101_017",27249,759
"3060","48157","Fort Bend County, Texas","B18101_018",16764,97
"3061","48157","Fort Bend County, Texas","B18101_019",6934,542
"3062","48157","Fort Bend County, Texas","B18101_020",9830,535
"3063","48157","Fort Bend County, Texas","B18101_021",452473,207
"3064","48157","Fort Bend County, Texas","B18101_022",26468,126
"3065","48157","Fort Bend County, Texas","B18101_023",39,66
"3066","48157","Fort Bend County, Texas","B18101_024",26429,140
"3067","48157","Fort Bend County, Texas","B18101_025",89728,123
"3068","48157","Fort Bend County, Texas","B18101_026",3448,633
"3069","48157","Fort Bend County, Texas","B18101_027",86280,649
"3070","48157","Fort Bend County, Texas","B18101_028",89979,126
"3071","48157","Fort Bend County, Texas","B18101_029",4837,717
"3072","48157","Fort Bend County, Texas","B18101_030",85142,712
"3073","48157","Fort Bend County, Texas","B18101_031",186555,124
"3074","48157","Fort Bend County, Texas","B18101_032",11678,1127
"3075","48157","Fort Bend County, Texas","B18101_033",174877,1147
"3076","48157","Fort Bend County, Texas","B18101_034",38875,67
"3077","48157","Fort Bend County, Texas","B18101_035",7329,832
"3078","48157","Fort Bend County, Texas","B18101_036",31546,838
"3079","48157","Fort Bend County, Texas","B18101_037",20868,126
"3080","48157","Fort Bend County, Texas","B18101_038",9925,697
"3081","48157","Fort Bend County, Texas","B18101_039",10943,707
"3082","48159","Franklin County, Texas","B18101_001",10532,5
"3083","48159","Franklin County, Texas","B18101_002",5273,139
"3084","48159","Franklin County, Texas","B18101_003",363,143
"3085","48159","Franklin County, Texas","B18101_004",0,23
"3086","48159","Franklin County, Texas","B18101_005",363,143
"3087","48159","Franklin County, Texas","B18101_006",958,163
"3088","48159","Franklin County, Texas","B18101_007",64,56
"3089","48159","Franklin County, Texas","B18101_008",894,138
"3090","48159","Franklin County, Texas","B18101_009",903,96
"3091","48159","Franklin County, Texas","B18101_010",22,30
"3092","48159","Franklin County, Texas","B18101_011",881,107
"3093","48159","Franklin County, Texas","B18101_012",1889,98
"3094","48159","Franklin County, Texas","B18101_013",278,124
"3095","48159","Franklin County, Texas","B18101_014",1611,154
"3096","48159","Franklin County, Texas","B18101_015",705,74
"3097","48159","Franklin County, Texas","B18101_016",299,110
"3098","48159","Franklin County, Texas","B18101_017",406,98
"3099","48159","Franklin County, Texas","B18101_018",455,39
"3100","48159","Franklin County, Texas","B18101_019",221,81
"3101","48159","Franklin County, Texas","B18101_020",234,74
"3102","48159","Franklin County, Texas","B18101_021",5259,140
"3103","48159","Franklin County, Texas","B18101_022",301,62
"3104","48159","Franklin County, Texas","B18101_023",0,23
"3105","48159","Franklin County, Texas","B18101_024",301,62
"3106","48159","Franklin County, Texas","B18101_025",752,116
"3107","48159","Franklin County, Texas","B18101_026",12,19
"3108","48159","Franklin County, Texas","B18101_027",740,114
"3109","48159","Franklin County, Texas","B18101_028",942,124
"3110","48159","Franklin County, Texas","B18101_029",107,95
"3111","48159","Franklin County, Texas","B18101_030",835,150
"3112","48159","Franklin County, Texas","B18101_031",2085,126
"3113","48159","Franklin County, Texas","B18101_032",109,52
"3114","48159","Franklin County, Texas","B18101_033",1976,133
"3115","48159","Franklin County, Texas","B18101_034",647,28
"3116","48159","Franklin County, Texas","B18101_035",96,57
"3117","48159","Franklin County, Texas","B18101_036",551,59
"3118","48159","Franklin County, Texas","B18101_037",532,37
"3119","48159","Franklin County, Texas","B18101_038",313,68
"3120","48159","Franklin County, Texas","B18101_039",219,79
"3121","48161","Freestone County, Texas","B18101_001",18586,48
"3122","48161","Freestone County, Texas","B18101_002",9171,133
"3123","48161","Freestone County, Texas","B18101_003",501,45
"3124","48161","Freestone County, Texas","B18101_004",0,28
"3125","48161","Freestone County, Texas","B18101_005",501,45
"3126","48161","Freestone County, Texas","B18101_006",1781,113
"3127","48161","Freestone County, Texas","B18101_007",177,119
"3128","48161","Freestone County, Texas","B18101_008",1604,150
"3129","48161","Freestone County, Texas","B18101_009",1776,157
"3130","48161","Freestone County, Texas","B18101_010",159,100
"3131","48161","Freestone County, Texas","B18101_011",1617,179
"3132","48161","Freestone County, Texas","B18101_012",3314,151
"3133","48161","Freestone County, Texas","B18101_013",528,158
"3134","48161","Freestone County, Texas","B18101_014",2786,208
"3135","48161","Freestone County, Texas","B18101_015",1106,50
"3136","48161","Freestone County, Texas","B18101_016",470,123
"3137","48161","Freestone County, Texas","B18101_017",636,120
"3138","48161","Freestone County, Texas","B18101_018",693,32
"3139","48161","Freestone County, Texas","B18101_019",360,78
"3140","48161","Freestone County, Texas","B18101_020",333,72
"3141","48161","Freestone County, Texas","B18101_021",9415,123
"3142","48161","Freestone County, Texas","B18101_022",496,98
"3143","48161","Freestone County, Texas","B18101_023",0,28
"3144","48161","Freestone County, Texas","B18101_024",496,98
"3145","48161","Freestone County, Texas","B18101_025",1723,54
"3146","48161","Freestone County, Texas","B18101_026",86,48
"3147","48161","Freestone County, Texas","B18101_027",1637,67
"3148","48161","Freestone County, Texas","B18101_028",1799,91
"3149","48161","Freestone County, Texas","B18101_029",241,105
"3150","48161","Freestone County, Texas","B18101_030",1558,135
"3151","48161","Freestone County, Texas","B18101_031",3303,104
"3152","48161","Freestone County, Texas","B18101_032",611,133
"3153","48161","Freestone County, Texas","B18101_033",2692,173
"3154","48161","Freestone County, Texas","B18101_034",1167,31
"3155","48161","Freestone County, Texas","B18101_035",358,79
"3156","48161","Freestone County, Texas","B18101_036",809,84
"3157","48161","Freestone County, Texas","B18101_037",927,50
"3158","48161","Freestone County, Texas","B18101_038",503,99
"3159","48161","Freestone County, Texas","B18101_039",424,89
"3160","48163","Frio County, Texas","B18101_001",16422,362
"3161","48163","Frio County, Texas","B18101_002",9309,493
"3162","48163","Frio County, Texas","B18101_003",670,180
"3163","48163","Frio County, Texas","B18101_004",0,23
"3164","48163","Frio County, Texas","B18101_005",670,180
"3165","48163","Frio County, Texas","B18101_006",2100,252
"3166","48163","Frio County, Texas","B18101_007",557,320
"3167","48163","Frio County, Texas","B18101_008",1543,233
"3168","48163","Frio County, Texas","B18101_009",2758,348
"3169","48163","Frio County, Texas","B18101_010",396,237
"3170","48163","Frio County, Texas","B18101_011",2362,396
"3171","48163","Frio County, Texas","B18101_012",2840,349
"3172","48163","Frio County, Texas","B18101_013",679,264
"3173","48163","Frio County, Texas","B18101_014",2161,349
"3174","48163","Frio County, Texas","B18101_015",573,78
"3175","48163","Frio County, Texas","B18101_016",393,104
"3176","48163","Frio County, Texas","B18101_017",180,95
"3177","48163","Frio County, Texas","B18101_018",368,50
"3178","48163","Frio County, Texas","B18101_019",235,77
"3179","48163","Frio County, Texas","B18101_020",133,73
"3180","48163","Frio County, Texas","B18101_021",7113,376
"3181","48163","Frio County, Texas","B18101_022",346,186
"3182","48163","Frio County, Texas","B18101_023",0,23
"3183","48163","Frio County, Texas","B18101_024",346,186
"3184","48163","Frio County, Texas","B18101_025",1470,301
"3185","48163","Frio County, Texas","B18101_026",134,75
"3186","48163","Frio County, Texas","B18101_027",1336,308
"3187","48163","Frio County, Texas","B18101_028",1579,163
"3188","48163","Frio County, Texas","B18101_029",26,38
"3189","48163","Frio County, Texas","B18101_030",1553,166
"3190","48163","Frio County, Texas","B18101_031",2539,181
"3191","48163","Frio County, Texas","B18101_032",429,127
"3192","48163","Frio County, Texas","B18101_033",2110,222
"3193","48163","Frio County, Texas","B18101_034",585,71
"3194","48163","Frio County, Texas","B18101_035",288,121
"3195","48163","Frio County, Texas","B18101_036",297,104
"3196","48163","Frio County, Texas","B18101_037",594,122
"3197","48163","Frio County, Texas","B18101_038",337,81
"3198","48163","Frio County, Texas","B18101_039",257,120
"3199","48165","Gaines County, Texas","B18101_001",22037,15
"3200","48165","Gaines County, Texas","B18101_002",11163,149
"3201","48165","Gaines County, Texas","B18101_003",1164,1
"3202","48165","Gaines County, Texas","B18101_004",0,28
"3203","48165","Gaines County, Texas","B18101_005",1164,1
"3204","48165","Gaines County, Texas","B18101_006",2905,121
"3205","48165","Gaines County, Texas","B18101_007",107,78
"3206","48165","Gaines County, Texas","B18101_008",2798,143
"3207","48165","Gaines County, Texas","B18101_009",2271,82
"3208","48165","Gaines County, Texas","B18101_010",195,127
"3209","48165","Gaines County, Texas","B18101_011",2076,165
"3210","48165","Gaines County, Texas","B18101_012",3877,145
"3211","48165","Gaines County, Texas","B18101_013",294,158
"3212","48165","Gaines County, Texas","B18101_014",3583,176
"3213","48165","Gaines County, Texas","B18101_015",551,163
"3214","48165","Gaines County, Texas","B18101_016",282,140
"3215","48165","Gaines County, Texas","B18101_017",269,129
"3216","48165","Gaines County, Texas","B18101_018",395,153
"3217","48165","Gaines County, Texas","B18101_019",250,158
"3218","48165","Gaines County, Texas","B18101_020",145,76
"3219","48165","Gaines County, Texas","B18101_021",10874,146
"3220","48165","Gaines County, Texas","B18101_022",1043,28
"3221","48165","Gaines County, Texas","B18101_023",0,28
"3222","48165","Gaines County, Texas","B18101_024",1043,28
"3223","48165","Gaines County, Texas","B18101_025",2849,93
"3224","48165","Gaines County, Texas","B18101_026",111,71
"3225","48165","Gaines County, Texas","B18101_027",2738,102
"3226","48165","Gaines County, Texas","B18101_028",2376,124
"3227","48165","Gaines County, Texas","B18101_029",87,99
"3228","48165","Gaines County, Texas","B18101_030",2289,168
"3229","48165","Gaines County, Texas","B18101_031",3489,157
"3230","48165","Gaines County, Texas","B18101_032",701,238
"3231","48165","Gaines County, Texas","B18101_033",2788,265
"3232","48165","Gaines County, Texas","B18101_034",734,175
"3233","48165","Gaines County, Texas","B18101_035",184,103
"3234","48165","Gaines County, Texas","B18101_036",550,182
"3235","48165","Gaines County, Texas","B18101_037",383,100
"3236","48165","Gaines County, Texas","B18101_038",271,98
"3237","48165","Gaines County, Texas","B18101_039",112,87
"3238","48167","Galveston County, Texas","B18101_001",354411,299
"3239","48167","Galveston County, Texas","B18101_002",174389,338
"3240","48167","Galveston County, Texas","B18101_003",10465,30
"3241","48167","Galveston County, Texas","B18101_004",0,35
"3242","48167","Galveston County, Texas","B18101_005",10465,30
"3243","48167","Galveston County, Texas","B18101_006",32732,38
"3244","48167","Galveston County, Texas","B18101_007",2323,544
"3245","48167","Galveston County, Texas","B18101_008",30409,544
"3246","48167","Galveston County, Texas","B18101_009",36973,332
"3247","48167","Galveston County, Texas","B18101_010",2990,444
"3248","48167","Galveston County, Texas","B18101_011",33983,453
"3249","48167","Galveston County, Texas","B18101_012",68463,247
"3250","48167","Galveston County, Texas","B18101_013",8720,851
"3251","48167","Galveston County, Texas","B18101_014",59743,926
"3252","48167","Galveston County, Texas","B18101_015",16945,85
"3253","48167","Galveston County, Texas","B18101_016",4651,477
"3254","48167","Galveston County, Texas","B18101_017",12294,490
"3255","48167","Galveston County, Texas","B18101_018",8811,93
"3256","48167","Galveston County, Texas","B18101_019",4659,370
"3257","48167","Galveston County, Texas","B18101_020",4152,355
"3258","48167","Galveston County, Texas","B18101_021",180022,193
"3259","48167","Galveston County, Texas","B18101_022",9977,24
"3260","48167","Galveston County, Texas","B18101_023",0,35
"3261","48167","Galveston County, Texas","B18101_024",9977,24
"3262","48167","Galveston County, Texas","B18101_025",31427,32
"3263","48167","Galveston County, Texas","B18101_026",1815,461
"3264","48167","Galveston County, Texas","B18101_027",29612,465
"3265","48167","Galveston County, Texas","B18101_028",37470,140
"3266","48167","Galveston County, Texas","B18101_029",2922,434
"3267","48167","Galveston County, Texas","B18101_030",34548,465
"3268","48167","Galveston County, Texas","B18101_031",71665,165
"3269","48167","Galveston County, Texas","B18101_032",9529,764
"3270","48167","Galveston County, Texas","B18101_033",62136,783
"3271","48167","Galveston County, Texas","B18101_034",18330,91
"3272","48167","Galveston County, Texas","B18101_035",5079,484
"3273","48167","Galveston County, Texas","B18101_036",13251,484
"3274","48167","Galveston County, Texas","B18101_037",11153,130
"3275","48167","Galveston County, Texas","B18101_038",5590,376
"3276","48167","Galveston County, Texas","B18101_039",5563,387
"3277","48169","Garza County, Texas","B18101_001",3802,218
"3278","48169","Garza County, Texas","B18101_002",2062,206
"3279","48169","Garza County, Texas","B18101_003",100,48
"3280","48169","Garza County, Texas","B18101_004",0,21
"3281","48169","Garza County, Texas","B18101_005",100,48
"3282","48169","Garza County, Texas","B18101_006",376,109
"3283","48169","Garza County, Texas","B18101_007",0,21
"3284","48169","Garza County, Texas","B18101_008",376,109
"3285","48169","Garza County, Texas","B18101_009",689,189
"3286","48169","Garza County, Texas","B18101_010",3,5
"3287","48169","Garza County, Texas","B18101_011",686,190
"3288","48169","Garza County, Texas","B18101_012",535,130
"3289","48169","Garza County, Texas","B18101_013",171,114
"3290","48169","Garza County, Texas","B18101_014",364,119
"3291","48169","Garza County, Texas","B18101_015",148,69
"3292","48169","Garza County, Texas","B18101_016",16,16
"3293","48169","Garza County, Texas","B18101_017",132,67
"3294","48169","Garza County, Texas","B18101_018",214,100
"3295","48169","Garza County, Texas","B18101_019",128,91
"3296","48169","Garza County, Texas","B18101_020",86,50
"3297","48169","Garza County, Texas","B18101_021",1740,177
"3298","48169","Garza County, Texas","B18101_022",73,29
"3299","48169","Garza County, Texas","B18101_023",0,21
"3300","48169","Garza County, Texas","B18101_024",73,29
"3301","48169","Garza County, Texas","B18101_025",244,104
"3302","48169","Garza County, Texas","B18101_026",1,2
"3303","48169","Garza County, Texas","B18101_027",243,104
"3304","48169","Garza County, Texas","B18101_028",479,121
"3305","48169","Garza County, Texas","B18101_029",0,21
"3306","48169","Garza County, Texas","B18101_030",479,121
"3307","48169","Garza County, Texas","B18101_031",585,142
"3308","48169","Garza County, Texas","B18101_032",60,61
"3309","48169","Garza County, Texas","B18101_033",525,142
"3310","48169","Garza County, Texas","B18101_034",155,70
"3311","48169","Garza County, Texas","B18101_035",27,32
"3312","48169","Garza County, Texas","B18101_036",128,65
"3313","48169","Garza County, Texas","B18101_037",204,92
"3314","48169","Garza County, Texas","B18101_038",166,87
"3315","48169","Garza County, Texas","B18101_039",38,30
"3316","48171","Gillespie County, Texas","B18101_001",27167,9
"3317","48171","Gillespie County, Texas","B18101_002",13402,146
"3318","48171","Gillespie County, Texas","B18101_003",701,121
"3319","48171","Gillespie County, Texas","B18101_004",0,28
"3320","48171","Gillespie County, Texas","B18101_005",701,121
"3321","48171","Gillespie County, Texas","B18101_006",2134,79
"3322","48171","Gillespie County, Texas","B18101_007",290,128
"3323","48171","Gillespie County, Texas","B18101_008",1844,156
"3324","48171","Gillespie County, Texas","B18101_009",2126,114
"3325","48171","Gillespie County, Texas","B18101_010",193,152
"3326","48171","Gillespie County, Texas","B18101_011",1933,194
"3327","48171","Gillespie County, Texas","B18101_012",4670,166
"3328","48171","Gillespie County, Texas","B18101_013",684,235
"3329","48171","Gillespie County, Texas","B18101_014",3986,276
"3330","48171","Gillespie County, Texas","B18101_015",2038,68
"3331","48171","Gillespie County, Texas","B18101_016",344,117
"3332","48171","Gillespie County, Texas","B18101_017",1694,132
"3333","48171","Gillespie County, Texas","B18101_018",1733,105
"3334","48171","Gillespie County, Texas","B18101_019",724,159
"3335","48171","Gillespie County, Texas","B18101_020",1009,152
"3336","48171","Gillespie County, Texas","B18101_021",13765,144
"3337","48171","Gillespie County, Texas","B18101_022",555,120
"3338","48171","Gillespie County, Texas","B18101_023",0,28
"3339","48171","Gillespie County, Texas","B18101_024",555,120
"3340","48171","Gillespie County, Texas","B18101_025",1960,82
"3341","48171","Gillespie County, Texas","B18101_026",103,84
"3342","48171","Gillespie County, Texas","B18101_027",1857,123
"3343","48171","Gillespie County, Texas","B18101_028",2022,88
"3344","48171","Gillespie County, Texas","B18101_029",83,68
"3345","48171","Gillespie County, Texas","B18101_030",1939,101
"3346","48171","Gillespie County, Texas","B18101_031",4918,198
"3347","48171","Gillespie County, Texas","B18101_032",327,149
"3348","48171","Gillespie County, Texas","B18101_033",4591,249
"3349","48171","Gillespie County, Texas","B18101_034",2303,107
"3350","48171","Gillespie County, Texas","B18101_035",291,132
"3351","48171","Gillespie County, Texas","B18101_036",2012,115
"3352","48171","Gillespie County, Texas","B18101_037",2007,109
"3353","48171","Gillespie County, Texas","B18101_038",740,177
"3354","48171","Gillespie County, Texas","B18101_039",1267,184
"3355","48173","Glasscock County, Texas","B18101_001",1068,146
"3356","48173","Glasscock County, Texas","B18101_002",599,106
"3357","48173","Glasscock County, Texas","B18101_003",19,18
"3358","48173","Glasscock County, Texas","B18101_004",0,15
"3359","48173","Glasscock County, Texas","B18101_005",19,18
"3360","48173","Glasscock County, Texas","B18101_006",153,74
"3361","48173","Glasscock County, Texas","B18101_007",9,21
"3362","48173","Glasscock County, Texas","B18101_008",144,70
"3363","48173","Glasscock County, Texas","B18101_009",93,49
"3364","48173","Glasscock County, Texas","B18101_010",23,26
"3365","48173","Glasscock County, Texas","B18101_011",70,44
"3366","48173","Glasscock County, Texas","B18101_012",256,71
"3367","48173","Glasscock County, Texas","B18101_013",50,41
"3368","48173","Glasscock County, Texas","B18101_014",206,66
"3369","48173","Glasscock County, Texas","B18101_015",32,17
"3370","48173","Glasscock County, Texas","B18101_016",15,11
"3371","48173","Glasscock County, Texas","B18101_017",17,11
"3372","48173","Glasscock County, Texas","B18101_018",46,31
"3373","48173","Glasscock County, Texas","B18101_019",23,27
"3374","48173","Glasscock County, Texas","B18101_020",23,24
"3375","48173","Glasscock County, Texas","B18101_021",469,75
"3376","48173","Glasscock County, Texas","B18101_022",47,35
"3377","48173","Glasscock County, Texas","B18101_023",0,15
"3378","48173","Glasscock County, Texas","B18101_024",47,35
"3379","48173","Glasscock County, Texas","B18101_025",32,28
"3380","48173","Glasscock County, Texas","B18101_026",0,15
"3381","48173","Glasscock County, Texas","B18101_027",32,28
"3382","48173","Glasscock County, Texas","B18101_028",107,46
"3383","48173","Glasscock County, Texas","B18101_029",0,15
"3384","48173","Glasscock County, Texas","B18101_030",107,46
"3385","48173","Glasscock County, Texas","B18101_031",202,62
"3386","48173","Glasscock County, Texas","B18101_032",14,12
"3387","48173","Glasscock County, Texas","B18101_033",188,60
"3388","48173","Glasscock County, Texas","B18101_034",44,23
"3389","48173","Glasscock County, Texas","B18101_035",29,20
"3390","48173","Glasscock County, Texas","B18101_036",15,12
"3391","48173","Glasscock County, Texas","B18101_037",37,27
"3392","48173","Glasscock County, Texas","B18101_038",28,25
"3393","48173","Glasscock County, Texas","B18101_039",9,11
"3394","48175","Goliad County, Texas","B18101_001",7050,42
"3395","48175","Goliad County, Texas","B18101_002",3534,85
"3396","48175","Goliad County, Texas","B18101_003",225,45
"3397","48175","Goliad County, Texas","B18101_004",0,21
"3398","48175","Goliad County, Texas","B18101_005",225,45
"3399","48175","Goliad County, Texas","B18101_006",513,46
"3400","48175","Goliad County, Texas","B18101_007",39,38
"3401","48175","Goliad County, Texas","B18101_008",474,63
"3402","48175","Goliad County, Texas","B18101_009",659,112
"3403","48175","Goliad County, Texas","B18101_010",33,35
"3404","48175","Goliad County, Texas","B18101_011",626,121
"3405","48175","Goliad County, Texas","B18101_012",1317,119
"3406","48175","Goliad County, Texas","B18101_013",284,130
"3407","48175","Goliad County, Texas","B18101_014",1033,157
"3408","48175","Goliad County, Texas","B18101_015",485,49
"3409","48175","Goliad County, Texas","B18101_016",142,78
"3410","48175","Goliad County, Texas","B18101_017",343,82
"3411","48175","Goliad County, Texas","B18101_018",335,34
"3412","48175","Goliad County, Texas","B18101_019",155,65
"3413","48175","Goliad County, Texas","B18101_020",180,69
"3414","48175","Goliad County, Texas","B18101_021",3516,72
"3415","48175","Goliad County, Texas","B18101_022",116,48
"3416","48175","Goliad County, Texas","B18101_023",0,21
"3417","48175","Goliad County, Texas","B18101_024",116,48
"3418","48175","Goliad County, Texas","B18101_025",557,46
"3419","48175","Goliad County, Texas","B18101_026",6,11
"3420","48175","Goliad County, Texas","B18101_027",551,41
"3421","48175","Goliad County, Texas","B18101_028",792,138
"3422","48175","Goliad County, Texas","B18101_029",22,34
"3423","48175","Goliad County, Texas","B18101_030",770,122
"3424","48175","Goliad County, Texas","B18101_031",1161,121
"3425","48175","Goliad County, Texas","B18101_032",126,53
"3426","48175","Goliad County, Texas","B18101_033",1035,124
"3427","48175","Goliad County, Texas","B18101_034",534,25
"3428","48175","Goliad County, Texas","B18101_035",164,85
"3429","48175","Goliad County, Texas","B18101_036",370,78
"3430","48175","Goliad County, Texas","B18101_037",356,25
"3431","48175","Goliad County, Texas","B18101_038",197,59
"3432","48175","Goliad County, Texas","B18101_039",159,57
"3433","48177","Gonzales County, Texas","B18101_001",19546,9
"3434","48177","Gonzales County, Texas","B18101_002",9767,196
"3435","48177","Gonzales County, Texas","B18101_003",631,80
"3436","48177","Gonzales County, Texas","B18101_004",0,23
"3437","48177","Gonzales County, Texas","B18101_005",631,80
"3438","48177","Gonzales County, Texas","B18101_006",2036,177
"3439","48177","Gonzales County, Texas","B18101_007",162,97
"3440","48177","Gonzales County, Texas","B18101_008",1874,182
"3441","48177","Gonzales County, Texas","B18101_009",1923,129
"3442","48177","Gonzales County, Texas","B18101_010",235,113
"3443","48177","Gonzales County, Texas","B18101_011",1688,167
"3444","48177","Gonzales County, Texas","B18101_012",3583,192
"3445","48177","Gonzales County, Texas","B18101_013",867,208
"3446","48177","Gonzales County, Texas","B18101_014",2716,283
"3447","48177","Gonzales County, Texas","B18101_015",962,59
"3448","48177","Gonzales County, Texas","B18101_016",324,116
"3449","48177","Gonzales County, Texas","B18101_017",638,115
"3450","48177","Gonzales County, Texas","B18101_018",632,56
"3451","48177","Gonzales County, Texas","B18101_019",279,99
"3452","48177","Gonzales County, Texas","B18101_020",353,101
"3453","48177","Gonzales County, Texas","B18101_021",9779,194
"3454","48177","Gonzales County, Texas","B18101_022",681,80
"3455","48177","Gonzales County, Texas","B18101_023",0,23
"3456","48177","Gonzales County, Texas","B18101_024",681,80
"3457","48177","Gonzales County, Texas","B18101_025",1700,72
"3458","48177","Gonzales County, Texas","B18101_026",222,141
"3459","48177","Gonzales County, Texas","B18101_027",1478,131
"3460","48177","Gonzales County, Texas","B18101_028",1695,153
"3461","48177","Gonzales County, Texas","B18101_029",105,69
"3462","48177","Gonzales County, Texas","B18101_030",1590,169
"3463","48177","Gonzales County, Texas","B18101_031",3886,244
"3464","48177","Gonzales County, Texas","B18101_032",681,239
"3465","48177","Gonzales County, Texas","B18101_033",3205,257
"3466","48177","Gonzales County, Texas","B18101_034",1059,68
"3467","48177","Gonzales County, Texas","B18101_035",218,103
"3468","48177","Gonzales County, Texas","B18101_036",841,111
"3469","48177","Gonzales County, Texas","B18101_037",758,70
"3470","48177","Gonzales County, Texas","B18101_038",313,101
"3471","48177","Gonzales County, Texas","B18101_039",445,122
"3472","48179","Gray County, Texas","B18101_001",19374,63
"3473","48179","Gray County, Texas","B18101_002",9670,137
"3474","48179","Gray County, Texas","B18101_003",618,29
"3475","48179","Gray County, Texas","B18101_004",0,28
"3476","48179","Gray County, Texas","B18101_005",618,29
"3477","48179","Gray County, Texas","B18101_006",2127,90
"3478","48179","Gray County, Texas","B18101_007",90,54
"3479","48179","Gray County, Texas","B18101_008",2037,106
"3480","48179","Gray County, Texas","B18101_009",2102,112
"3481","48179","Gray County, Texas","B18101_010",138,79
"3482","48179","Gray County, Texas","B18101_011",1964,127
"3483","48179","Gray County, Texas","B18101_012",3321,141
"3484","48179","Gray County, Texas","B18101_013",450,134
"3485","48179","Gray County, Texas","B18101_014",2871,165
"3486","48179","Gray County, Texas","B18101_015",946,37
"3487","48179","Gray County, Texas","B18101_016",354,105
"3488","48179","Gray County, Texas","B18101_017",592,102
"3489","48179","Gray County, Texas","B18101_018",556,43
"3490","48179","Gray County, Texas","B18101_019",226,77
"3491","48179","Gray County, Texas","B18101_020",330,70
"3492","48179","Gray County, Texas","B18101_021",9704,128
"3493","48179","Gray County, Texas","B18101_022",567,11
"3494","48179","Gray County, Texas","B18101_023",22,24
"3495","48179","Gray County, Texas","B18101_024",545,29
"3496","48179","Gray County, Texas","B18101_025",1896,99
"3497","48179","Gray County, Texas","B18101_026",205,106
"3498","48179","Gray County, Texas","B18101_027",1691,154
"3499","48179","Gray County, Texas","B18101_028",2005,83
"3500","48179","Gray County, Texas","B18101_029",133,58
"3501","48179","Gray County, Texas","B18101_030",1872,92
"3502","48179","Gray County, Texas","B18101_031",3373,31
"3503","48179","Gray County, Texas","B18101_032",391,103
"3504","48179","Gray County, Texas","B18101_033",2982,108
"3505","48179","Gray County, Texas","B18101_034",1063,102
"3506","48179","Gray County, Texas","B18101_035",335,104
"3507","48179","Gray County, Texas","B18101_036",728,133
"3508","48179","Gray County, Texas","B18101_037",800,59
"3509","48179","Gray County, Texas","B18101_038",281,98
"3510","48179","Gray County, Texas","B18101_039",519,107
"3511","48181","Grayson County, Texas","B18101_001",142031,48
"3512","48181","Grayson County, Texas","B18101_002",69446,199
"3513","48181","Grayson County, Texas","B18101_003",4433,57
"3514","48181","Grayson County, Texas","B18101_004",1,2
"3515","48181","Grayson County, Texas","B18101_005",4432,58
"3516","48181","Grayson County, Texas","B18101_006",12998,150
"3517","48181","Grayson County, Texas","B18101_007",1171,264
"3518","48181","Grayson County, Texas","B18101_008",11827,293
"3519","48181","Grayson County, Texas","B18101_009",14671,82
"3520","48181","Grayson County, Texas","B18101_010",1035,252
"3521","48181","Grayson County, Texas","B18101_011",13636,265
"3522","48181","Grayson County, Texas","B18101_012",25893,122
"3523","48181","Grayson County, Texas","B18101_013",2828,407
"3524","48181","Grayson County, Texas","B18101_014",23065,429
"3525","48181","Grayson County, Texas","B18101_015",7200,176
"3526","48181","Grayson County, Texas","B18101_016",2308,325
"3527","48181","Grayson County, Texas","B18101_017",4892,336
"3528","48181","Grayson County, Texas","B18101_018",4251,171
"3529","48181","Grayson County, Texas","B18101_019",2028,261
"3530","48181","Grayson County, Texas","B18101_020",2223,225
"3531","48181","Grayson County, Texas","B18101_021",72585,202
"3532","48181","Grayson County, Texas","B18101_022",4345,57
"3533","48181","Grayson County, Texas","B18101_023",19,32
"3534","48181","Grayson County, Texas","B18101_024",4326,67
"3535","48181","Grayson County, Texas","B18101_025",12673,151
"3536","48181","Grayson County, Texas","B18101_026",661,280
"3537","48181","Grayson County, Texas","B18101_027",12012,314
"3538","48181","Grayson County, Texas","B18101_028",14761,54
"3539","48181","Grayson County, Texas","B18101_029",1092,284
"3540","48181","Grayson County, Texas","B18101_030",13669,291
"3541","48181","Grayson County, Texas","B18101_031",27064,78
"3542","48181","Grayson County, Texas","B18101_032",3981,439
"3543","48181","Grayson County, Texas","B18101_033",23083,437
"3544","48181","Grayson County, Texas","B18101_034",8099,139
"3545","48181","Grayson County, Texas","B18101_035",1738,351
"3546","48181","Grayson County, Texas","B18101_036",6361,363
"3547","48181","Grayson County, Texas","B18101_037",5643,149
"3548","48181","Grayson County, Texas","B18101_038",2520,388
"3549","48181","Grayson County, Texas","B18101_039",3123,364
"3550","48183","Gregg County, Texas","B18101_001",123439,104
"3551","48183","Gregg County, Texas","B18101_002",60124,200
"3552","48183","Gregg County, Texas","B18101_003",4176,44
"3553","48183","Gregg County, Texas","B18101_004",129,112
"3554","48183","Gregg County, Texas","B18101_005",4047,130
"3555","48183","Gregg County, Texas","B18101_006",12313,114
"3556","48183","Gregg County, Texas","B18101_007",1138,278
"3557","48183","Gregg County, Texas","B18101_008",11175,312
"3558","48183","Gregg County, Texas","B18101_009",14169,153
"3559","48183","Gregg County, Texas","B18101_010",770,211
"3560","48183","Gregg County, Texas","B18101_011",13399,261
"3561","48183","Gregg County, Texas","B18101_012",21015,186
"3562","48183","Gregg County, Texas","B18101_013",2857,396
"3563","48183","Gregg County, Texas","B18101_014",18158,427
"3564","48183","Gregg County, Texas","B18101_015",5531,93
"3565","48183","Gregg County, Texas","B18101_016",1754,271
"3566","48183","Gregg County, Texas","B18101_017",3777,292
"3567","48183","Gregg County, Texas","B18101_018",2920,104
"3568","48183","Gregg County, Texas","B18101_019",1436,184
"3569","48183","Gregg County, Texas","B18101_020",1484,195
"3570","48183","Gregg County, Texas","B18101_021",63315,156
"3571","48183","Gregg County, Texas","B18101_022",4143,81
"3572","48183","Gregg County, Texas","B18101_023",20,34
"3573","48183","Gregg County, Texas","B18101_024",4123,88
"3574","48183","Gregg County, Texas","B18101_025",11627,83
"3575","48183","Gregg County, Texas","B18101_026",875,204
"3576","48183","Gregg County, Texas","B18101_027",10752,221
"3577","48183","Gregg County, Texas","B18101_028",14146,77
"3578","48183","Gregg County, Texas","B18101_029",1083,312
"3579","48183","Gregg County, Texas","B18101_030",13063,315
"3580","48183","Gregg County, Texas","B18101_031",22586,113
"3581","48183","Gregg County, Texas","B18101_032",3481,417
"3582","48183","Gregg County, Texas","B18101_033",19105,425
"3583","48183","Gregg County, Texas","B18101_034",6177,133
"3584","48183","Gregg County, Texas","B18101_035",1403,288
"3585","48183","Gregg County, Texas","B18101_036",4774,309
"3586","48183","Gregg County, Texas","B18101_037",4636,181
"3587","48183","Gregg County, Texas","B18101_038",2360,332
"3588","48183","Gregg County, Texas","B18101_039",2276,320
"3589","48185","Grimes County, Texas","B18101_001",27796,676
"3590","48185","Grimes County, Texas","B18101_002",13694,667
"3591","48185","Grimes County, Texas","B18101_003",853,87
"3592","48185","Grimes County, Texas","B18101_004",0,31
"3593","48185","Grimes County, Texas","B18101_005",853,87
"3594","48185","Grimes County, Texas","B18101_006",2809,166
"3595","48185","Grimes County, Texas","B18101_007",378,149
"3596","48185","Grimes County, Texas","B18101_008",2431,222
"3597","48185","Grimes County, Texas","B18101_009",2941,380
"3598","48185","Grimes County, Texas","B18101_010",149,102
"3599","48185","Grimes County, Texas","B18101_011",2792,391
"3600","48185","Grimes County, Texas","B18101_012",4698,446
"3601","48185","Grimes County, Texas","B18101_013",739,192
"3602","48185","Grimes County, Texas","B18101_014",3959,438
"3603","48185","Grimes County, Texas","B18101_015",1516,279
"3604","48185","Grimes County, Texas","B18101_016",437,148
"3605","48185","Grimes County, Texas","B18101_017",1079,235
"3606","48185","Grimes County, Texas","B18101_018",877,64
"3607","48185","Grimes County, Texas","B18101_019",404,142
"3608","48185","Grimes County, Texas","B18101_020",473,136
"3609","48185","Grimes County, Texas","B18101_021",14102,188
"3610","48185","Grimes County, Texas","B18101_022",803,60
"3611","48185","Grimes County, Texas","B18101_023",0,31
"3612","48185","Grimes County, Texas","B18101_024",803,60
"3613","48185","Grimes County, Texas","B18101_025",2562,131
"3614","48185","Grimes County, Texas","B18101_026",183,107
"3615","48185","Grimes County, Texas","B18101_027",2379,160
"3616","48185","Grimes County, Texas","B18101_028",2611,101
"3617","48185","Grimes County, Texas","B18101_029",168,144
"3618","48185","Grimes County, Texas","B18101_030",2443,175
"3619","48185","Grimes County, Texas","B18101_031",5227,125
"3620","48185","Grimes County, Texas","B18101_032",858,278
"3621","48185","Grimes County, Texas","B18101_033",4369,299
"3622","48185","Grimes County, Texas","B18101_034",1823,67
"3623","48185","Grimes County, Texas","B18101_035",433,123
"3624","48185","Grimes County, Texas","B18101_036",1390,134
"3625","48185","Grimes County, Texas","B18101_037",1076,60
"3626","48185","Grimes County, Texas","B18101_038",540,133
"3627","48185","Grimes County, Texas","B18101_039",536,124
"3628","48187","Guadalupe County, Texas","B18101_001",180767,319
"3629","48187","Guadalupe County, Texas","B18101_002",89666,351
"3630","48187","Guadalupe County, Texas","B18101_003",5629,137
"3631","48187","Guadalupe County, Texas","B18101_004",0,35
"3632","48187","Guadalupe County, Texas","B18101_005",5629,137
"3633","48187","Guadalupe County, Texas","B18101_006",17162,74
"3634","48187","Guadalupe County, Texas","B18101_007",1178,308
"3635","48187","Guadalupe County, Texas","B18101_008",15984,308
"3636","48187","Guadalupe County, Texas","B18101_009",19153,228
"3637","48187","Guadalupe County, Texas","B18101_010",2088,408
"3638","48187","Guadalupe County, Texas","B18101_011",17065,414
"3639","48187","Guadalupe County, Texas","B18101_012",35458,301
"3640","48187","Guadalupe County, Texas","B18101_013",5086,560
"3641","48187","Guadalupe County, Texas","B18101_014",30372,631
"3642","48187","Guadalupe County, Texas","B18101_015",7675,129
"3643","48187","Guadalupe County, Texas","B18101_016",2460,292
"3644","48187","Guadalupe County, Texas","B18101_017",5215,337
"3645","48187","Guadalupe County, Texas","B18101_018",4589,121
"3646","48187","Guadalupe County, Texas","B18101_019",1985,267
"3647","48187","Guadalupe County, Texas","B18101_020",2604,285
"3648","48187","Guadalupe County, Texas","B18101_021",91101,284
"3649","48187","Guadalupe County, Texas","B18101_022",4908,130
"3650","48187","Guadalupe County, Texas","B18101_023",30,35
"3651","48187","Guadalupe County, Texas","B18101_024",4878,136
"3652","48187","Guadalupe County, Texas","B18101_025",16517,67
"3653","48187","Guadalupe County, Texas","B18101_026",981,317
"3654","48187","Guadalupe County, Texas","B18101_027",15536,338
"3655","48187","Guadalupe County, Texas","B18101_028",19220,186
"3656","48187","Guadalupe County, Texas","B18101_029",1578,423
"3657","48187","Guadalupe County, Texas","B18101_030",17642,448
"3658","48187","Guadalupe County, Texas","B18101_031",36045,209
"3659","48187","Guadalupe County, Texas","B18101_032",4514,554
"3660","48187","Guadalupe County, Texas","B18101_033",31531,620
"3661","48187","Guadalupe County, Texas","B18101_034",8629,39
"3662","48187","Guadalupe County, Texas","B18101_035",2035,296
"3663","48187","Guadalupe County, Texas","B18101_036",6594,295
"3664","48187","Guadalupe County, Texas","B18101_037",5782,112
"3665","48187","Guadalupe County, Texas","B18101_038",2956,326
"3666","48187","Guadalupe County, Texas","B18101_039",2826,315
"3667","48189","Hale County, Texas","B18101_001",30389,60
"3668","48189","Hale County, Texas","B18101_002",15061,136
"3669","48189","Hale County, Texas","B18101_003",873,84
"3670","48189","Hale County, Texas","B18101_004",0,31
"3671","48189","Hale County, Texas","B18101_005",873,84
"3672","48189","Hale County, Texas","B18101_006",3246,78
"3673","48189","Hale County, Texas","B18101_007",153,88
"3674","48189","Hale County, Texas","B18101_008",3093,118
"3675","48189","Hale County, Texas","B18101_009",3804,140
"3676","48189","Hale County, Texas","B18101_010",489,162
"3677","48189","Hale County, Texas","B18101_011",3315,213
"3678","48189","Hale County, Texas","B18101_012",5155,163
"3679","48189","Hale County, Texas","B18101_013",806,208
"3680","48189","Hale County, Texas","B18101_014",4349,265
"3681","48189","Hale County, Texas","B18101_015",1192,53
"3682","48189","Hale County, Texas","B18101_016",330,91
"3683","48189","Hale County, Texas","B18101_017",862,106
"3684","48189","Hale County, Texas","B18101_018",791,31
"3685","48189","Hale County, Texas","B18101_019",449,84
"3686","48189","Hale County, Texas","B18101_020",342,94
"3687","48189","Hale County, Texas","B18101_021",15328,129
"3688","48189","Hale County, Texas","B18101_022",1224,85
"3689","48189","Hale County, Texas","B18101_023",0,31
"3690","48189","Hale County, Texas","B18101_024",1224,85
"3691","48189","Hale County, Texas","B18101_025",3098,77
"3692","48189","Hale County, Texas","B18101_026",23,30
"3693","48189","Hale County, Texas","B18101_027",3075,84
"3694","48189","Hale County, Texas","B18101_028",3371,79
"3695","48189","Hale County, Texas","B18101_029",314,121
"3696","48189","Hale County, Texas","B18101_030",3057,138
"3697","48189","Hale County, Texas","B18101_031",5229,77
"3698","48189","Hale County, Texas","B18101_032",811,218
"3699","48189","Hale County, Texas","B18101_033",4418,233
"3700","48189","Hale County, Texas","B18101_034",1329,63
"3701","48189","Hale County, Texas","B18101_035",541,114
"3702","48189","Hale County, Texas","B18101_036",788,130
"3703","48189","Hale County, Texas","B18101_037",1077,72
"3704","48189","Hale County, Texas","B18101_038",656,112
"3705","48189","Hale County, Texas","B18101_039",421,88
"3706","48191","Hall County, Texas","B18101_001",2775,7
"3707","48191","Hall County, Texas","B18101_002",1371,53
"3708","48191","Hall County, Texas","B18101_003",84,25
"3709","48191","Hall County, Texas","B18101_004",0,15
"3710","48191","Hall County, Texas","B18101_005",84,25
"3711","48191","Hall County, Texas","B18101_006",204,40
"3712","48191","Hall County, Texas","B18101_007",19,18
"3713","48191","Hall County, Texas","B18101_008",185,39
"3714","48191","Hall County, Texas","B18101_009",278,9
"3715","48191","Hall County, Texas","B18101_010",32,29
"3716","48191","Hall County, Texas","B18101_011",246,30
"3717","48191","Hall County, Texas","B18101_012",471,39
"3718","48191","Hall County, Texas","B18101_013",128,57
"3719","48191","Hall County, Texas","B18101_014",343,39
"3720","48191","Hall County, Texas","B18101_015",191,29
"3721","48191","Hall County, Texas","B18101_016",54,36
"3722","48191","Hall County, Texas","B18101_017",137,35
"3723","48191","Hall County, Texas","B18101_018",143,30
"3724","48191","Hall County, Texas","B18101_019",66,38
"3725","48191","Hall County, Texas","B18101_020",77,26
"3726","48191","Hall County, Texas","B18101_021",1404,54
"3727","48191","Hall County, Texas","B18101_022",60,34
"3728","48191","Hall County, Texas","B18101_023",0,15
"3729","48191","Hall County, Texas","B18101_024",60,34
"3730","48191","Hall County, Texas","B18101_025",251,29
"3731","48191","Hall County, Texas","B18101_026",5,6
"3732","48191","Hall County, Texas","B18101_027",246,29
"3733","48191","Hall County, Texas","B18101_028",270,16
"3734","48191","Hall County, Texas","B18101_029",14,18
"3735","48191","Hall County, Texas","B18101_030",256,23
"3736","48191","Hall County, Texas","B18101_031",498,34
"3737","48191","Hall County, Texas","B18101_032",85,46
"3738","48191","Hall County, Texas","B18101_033",413,57
"3739","48191","Hall County, Texas","B18101_034",192,36
"3740","48191","Hall County, Texas","B18101_035",87,35
"3741","48191","Hall County, Texas","B18101_036",105,34
"3742","48191","Hall County, Texas","B18101_037",133,20
"3743","48191","Hall County, Texas","B18101_038",65,32
"3744","48191","Hall County, Texas","B18101_039",68,30
"3745","48193","Hamilton County, Texas","B18101_001",8214,4
"3746","48193","Hamilton County, Texas","B18101_002",4095,116
"3747","48193","Hamilton County, Texas","B18101_003",155,70
"3748","48193","Hamilton County, Texas","B18101_004",0,21
"3749","48193","Hamilton County, Texas","B18101_005",155,70
"3750","48193","Hamilton County, Texas","B18101_006",747,62
"3751","48193","Hamilton County, Texas","B18101_007",38,42
"3752","48193","Hamilton County, Texas","B18101_008",709,67
"3753","48193","Hamilton County, Texas","B18101_009",794,40
"3754","48193","Hamilton County, Texas","B18101_010",148,78
"3755","48193","Hamilton County, Texas","B18101_011",646,79
"3756","48193","Hamilton County, Texas","B18101_012",1461,37
"3757","48193","Hamilton County, Texas","B18101_013",193,89
"3758","48193","Hamilton County, Texas","B18101_014",1268,85
"3759","48193","Hamilton County, Texas","B18101_015",554,46
"3760","48193","Hamilton County, Texas","B18101_016",161,65
"3761","48193","Hamilton County, Texas","B18101_017",393,70
"3762","48193","Hamilton County, Texas","B18101_018",384,27
"3763","48193","Hamilton County, Texas","B18101_019",148,61
"3764","48193","Hamilton County, Texas","B18101_020",236,64
"3765","48193","Hamilton County, Texas","B18101_021",4119,117
"3766","48193","Hamilton County, Texas","B18101_022",227,70
"3767","48193","Hamilton County, Texas","B18101_023",0,21
"3768","48193","Hamilton County, Texas","B18101_024",227,70
"3769","48193","Hamilton County, Texas","B18101_025",760,69
"3770","48193","Hamilton County, Texas","B18101_026",106,68
"3771","48193","Hamilton County, Texas","B18101_027",654,66
"3772","48193","Hamilton County, Texas","B18101_028",623,71
"3773","48193","Hamilton County, Texas","B18101_029",180,120
"3774","48193","Hamilton County, Texas","B18101_030",443,132
"3775","48193","Hamilton County, Texas","B18101_031",1504,71
"3776","48193","Hamilton County, Texas","B18101_032",312,145
"3777","48193","Hamilton County, Texas","B18101_033",1192,134
"3778","48193","Hamilton County, Texas","B18101_034",534,20
"3779","48193","Hamilton County, Texas","B18101_035",179,83
"3780","48193","Hamilton County, Texas","B18101_036",355,84
"3781","48193","Hamilton County, Texas","B18101_037",471,39
"3782","48193","Hamilton County, Texas","B18101_038",241,84
"3783","48193","Hamilton County, Texas","B18101_039",230,86
"3784","48195","Hansford County, Texas","B18101_001",5048,11
"3785","48195","Hansford County, Texas","B18101_002",2599,74
"3786","48195","Hansford County, Texas","B18101_003",136,43
"3787","48195","Hansford County, Texas","B18101_004",0,21
"3788","48195","Hansford County, Texas","B18101_005",136,43
"3789","48195","Hansford County, Texas","B18101_006",627,55
"3790","48195","Hansford County, Texas","B18101_007",65,39
"3791","48195","Hansford County, Texas","B18101_008",562,61
"3792","48195","Hansford County, Texas","B18101_009",562,45
"3793","48195","Hansford County, Texas","B18101_010",49,38
"3794","48195","Hansford County, Texas","B18101_011",513,57
"3795","48195","Hansford County, Texas","B18101_012",924,74
"3796","48195","Hansford County, Texas","B18101_013",135,69
"3797","48195","Hansford County, Texas","B18101_014",789,84
"3798","48195","Hansford County, Texas","B18101_015",209,52
"3799","48195","Hansford County, Texas","B18101_016",51,27
"3800","48195","Hansford County, Texas","B18101_017",158,51
"3801","48195","Hansford County, Texas","B18101_018",141,32
"3802","48195","Hansford County, Texas","B18101_019",95,27
"3803","48195","Hansford County, Texas","B18101_020",46,26
"3804","48195","Hansford County, Texas","B18101_021",2449,73
"3805","48195","Hansford County, Texas","B18101_022",217,44
"3806","48195","Hansford County, Texas","B18101_023",0,21
"3807","48195","Hansford County, Texas","B18101_024",217,44
"3808","48195","Hansford County, Texas","B18101_025",474,52
"3809","48195","Hansford County, Texas","B18101_026",9,9
"3810","48195","Hansford County, Texas","B18101_027",465,51
"3811","48195","Hansford County, Texas","B18101_028",502,41
"3812","48195","Hansford County, Texas","B18101_029",9,15
"3813","48195","Hansford County, Texas","B18101_030",493,45
"3814","48195","Hansford County, Texas","B18101_031",942,66
"3815","48195","Hansford County, Texas","B18101_032",86,42
"3816","48195","Hansford County, Texas","B18101_033",856,71
"3817","48195","Hansford County, Texas","B18101_034",177,32
"3818","48195","Hansford County, Texas","B18101_035",23,19
"3819","48195","Hansford County, Texas","B18101_036",154,33
"3820","48195","Hansford County, Texas","B18101_037",137,20
"3821","48195","Hansford County, Texas","B18101_038",61,28
"3822","48195","Hansford County, Texas","B18101_039",76,31
"3823","48197","Hardeman County, Texas","B18101_001",3493,11
"3824","48197","Hardeman County, Texas","B18101_002",1740,101
"3825","48197","Hardeman County, Texas","B18101_003",127,54
"3826","48197","Hardeman County, Texas","B18101_004",0,15
"3827","48197","Hardeman County, Texas","B18101_005",127,54
"3828","48197","Hardeman County, Texas","B18101_006",195,66
"3829","48197","Hardeman County, Texas","B18101_007",11,16
"3830","48197","Hardeman County, Texas","B18101_008",184,64
"3831","48197","Hardeman County, Texas","B18101_009",314,74
"3832","48197","Hardeman County, Texas","B18101_010",111,77
"3833","48197","Hardeman County, Texas","B18101_011",203,81
"3834","48197","Hardeman County, Texas","B18101_012",728,84
"3835","48197","Hardeman County, Texas","B18101_013",240,73
"3836","48197","Hardeman County, Texas","B18101_014",488,86
"3837","48197","Hardeman County, Texas","B18101_015",263,64
"3838","48197","Hardeman County, Texas","B18101_016",74,44
"3839","48197","Hardeman County, Texas","B18101_017",189,57
"3840","48197","Hardeman County, Texas","B18101_018",113,31
"3841","48197","Hardeman County, Texas","B18101_019",90,32
"3842","48197","Hardeman County, Texas","B18101_020",23,16
"3843","48197","Hardeman County, Texas","B18101_021",1753,101
"3844","48197","Hardeman County, Texas","B18101_022",95,53
"3845","48197","Hardeman County, Texas","B18101_023",0,15
"3846","48197","Hardeman County, Texas","B18101_024",95,53
"3847","48197","Hardeman County, Texas","B18101_025",329,70
"3848","48197","Hardeman County, Texas","B18101_026",28,29
"3849","48197","Hardeman County, Texas","B18101_027",301,72
"3850","48197","Hardeman County, Texas","B18101_028",349,71
"3851","48197","Hardeman County, Texas","B18101_029",60,39
"3852","48197","Hardeman County, Texas","B18101_030",289,72
"3853","48197","Hardeman County, Texas","B18101_031",597,76
"3854","48197","Hardeman County, Texas","B18101_032",160,64
"3855","48197","Hardeman County, Texas","B18101_033",437,82
"3856","48197","Hardeman County, Texas","B18101_034",265,39
"3857","48197","Hardeman County, Texas","B18101_035",96,51
"3858","48197","Hardeman County, Texas","B18101_036",169,53
"3859","48197","Hardeman County, Texas","B18101_037",118,46
"3860","48197","Hardeman County, Texas","B18101_038",62,35
"3861","48197","Hardeman County, Texas","B18101_039",56,35
"3862","48199","Hardin County, Texas","B18101_001",57162,55
"3863","48199","Hardin County, Texas","B18101_002",28238,239
"3864","48199","Hardin County, Texas","B18101_003",1624,113
"3865","48199","Hardin County, Texas","B18101_004",0,35
"3866","48199","Hardin County, Texas","B18101_005",1624,113
"3867","48199","Hardin County, Texas","B18101_006",5626,163
"3868","48199","Hardin County, Texas","B18101_007",380,170
"3869","48199","Hardin County, Texas","B18101_008",5246,251
"3870","48199","Hardin County, Texas","B18101_009",5773,150
"3871","48199","Hardin County, Texas","B18101_010",503,179
"3872","48199","Hardin County, Texas","B18101_011",5270,236
"3873","48199","Hardin County, Texas","B18101_012",10804,215
"3874","48199","Hardin County, Texas","B18101_013",1419,361
"3875","48199","Hardin County, Texas","B18101_014",9385,418
"3876","48199","Hardin County, Texas","B18101_015",2765,121
"3877","48199","Hardin County, Texas","B18101_016",961,226
"3878","48199","Hardin County, Texas","B18101_017",1804,220
"3879","48199","Hardin County, Texas","B18101_018",1646,102
"3880","48199","Hardin County, Texas","B18101_019",939,150
"3881","48199","Hardin County, Texas","B18101_020",707,165
"3882","48199","Hardin County, Texas","B18101_021",28924,252
"3883","48199","Hardin County, Texas","B18101_022",1678,153
"3884","48199","Hardin County, Texas","B18101_023",5,8
"3885","48199","Hardin County, Texas","B18101_024",1673,156
"3886","48199","Hardin County, Texas","B18101_025",5331,88
"3887","48199","Hardin County, Texas","B18101_026",324,161
"3888","48199","Hardin County, Texas","B18101_027",5007,156
"3889","48199","Hardin County, Texas","B18101_028",5439,91
"3890","48199","Hardin County, Texas","B18101_029",676,215
"3891","48199","Hardin County, Texas","B18101_030",4763,251
"3892","48199","Hardin County, Texas","B18101_031",11049,130
"3893","48199","Hardin County, Texas","B18101_032",1570,323
"3894","48199","Hardin County, Texas","B18101_033",9479,309
"3895","48199","Hardin County, Texas","B18101_034",3185,129
"3896","48199","Hardin County, Texas","B18101_035",1189,239
"3897","48199","Hardin County, Texas","B18101_036",1996,257
"3898","48199","Hardin County, Texas","B18101_037",2242,118
"3899","48199","Hardin County, Texas","B18101_038",1198,250
"3900","48199","Hardin County, Texas","B18101_039",1044,232
"3901","48201","Harris County, Texas","B18101_001",4810498,1004
"3902","48201","Harris County, Texas","B18101_002",2385098,822
"3903","48201","Harris County, Texas","B18101_003",168430,47
"3904","48201","Harris County, Texas","B18101_004",1326,427
"3905","48201","Harris County, Texas","B18101_005",167104,432
"3906","48201","Harris County, Texas","B18101_006",469180,143
"3907","48201","Harris County, Texas","B18101_007",34870,2417
"3908","48201","Harris County, Texas","B18101_008",434310,2427
"3909","48201","Harris County, Texas","B18101_009",595063,787
"3910","48201","Harris County, Texas","B18101_010",42399,2146
"3911","48201","Harris County, Texas","B18101_011",552664,2217
"3912","48201","Harris County, Texas","B18101_012",900618,659
"3913","48201","Harris County, Texas","B18101_013",90060,2829
"3914","48201","Harris County, Texas","B18101_014",810558,2761
"3915","48201","Harris County, Texas","B18101_015",166413,269
"3916","48201","Harris County, Texas","B18101_016",44164,1485
"3917","48201","Harris County, Texas","B18101_017",122249,1486
"3918","48201","Harris County, Texas","B18101_018",85394,290
"3919","48201","Harris County, Texas","B18101_019",39104,1410
"3920","48201","Harris County, Texas","B18101_020",46290,1419
"3921","48201","Harris County, Texas","B18101_021",2425400,651
"3922","48201","Harris County, Texas","B18101_022",162245,48
"3923","48201","Harris County, Texas","B18101_023",1094,371
"3924","48201","Harris County, Texas","B18101_024",161151,379
"3925","48201","Harris County, Texas","B18101_025",452369,149
"3926","48201","Harris County, Texas","B18101_026",22295,1407
"3927","48201","Harris County, Texas","B18101_027",430074,1417
"3928","48201","Harris County, Texas","B18101_028",596304,380
"3929","48201","Harris County, Texas","B18101_029",42746,2244
"3930","48201","Harris County, Texas","B18101_030",553558,2244
"3931","48201","Harris County, Texas","B18101_031",907512,338
"3932","48201","Harris County, Texas","B18101_032",102348,2961
"3933","48201","Harris County, Texas","B18101_033",805164,3002
"3934","48201","Harris County, Texas","B18101_034",188595,248
"3935","48201","Harris County, Texas","B18101_035",48230,1794
"3936","48201","Harris County, Texas","B18101_036",140365,1804
"3937","48201","Harris County, Texas","B18101_037",118375,385
"3938","48201","Harris County, Texas","B18101_038",58899,1552
"3939","48201","Harris County, Texas","B18101_039",59476,1619
"3940","48203","Harrison County, Texas","B18101_001",69522,31
"3941","48203","Harrison County, Texas","B18101_002",33828,144
"3942","48203","Harrison County, Texas","B18101_003",2057,34
"3943","48203","Harrison County, Texas","B18101_004",95,124
"3944","48203","Harrison County, Texas","B18101_005",1962,126
"3945","48203","Harrison County, Texas","B18101_006",6287,103
"3946","48203","Harrison County, Texas","B18101_007",872,315
"3947","48203","Harrison County, Texas","B18101_008",5415,321
"3948","48203","Harrison County, Texas","B18101_009",7275,157
"3949","48203","Harrison County, Texas","B18101_010",638,281
"3950","48203","Harrison County, Texas","B18101_011",6637,266
"3951","48203","Harrison County, Texas","B18101_012",12653,147
"3952","48203","Harrison County, Texas","B18101_013",1857,395
"3953","48203","Harrison County, Texas","B18101_014",10796,442
"3954","48203","Harrison County, Texas","B18101_015",3475,71
"3955","48203","Harrison County, Texas","B18101_016",1106,246
"3956","48203","Harrison County, Texas","B18101_017",2369,240
"3957","48203","Harrison County, Texas","B18101_018",2081,57
"3958","48203","Harrison County, Texas","B18101_019",1054,203
"3959","48203","Harrison County, Texas","B18101_020",1027,201
"3960","48203","Harrison County, Texas","B18101_021",35694,144
"3961","48203","Harrison County, Texas","B18101_022",1920,22
"3962","48203","Harrison County, Texas","B18101_023",0,35
"3963","48203","Harrison County, Texas","B18101_024",1920,22
"3964","48203","Harrison County, Texas","B18101_025",6488,113
"3965","48203","Harrison County, Texas","B18101_026",563,265
"3966","48203","Harrison County, Texas","B18101_027",5925,280
"3967","48203","Harrison County, Texas","B18101_028",7723,91
"3968","48203","Harrison County, Texas","B18101_029",766,279
"3969","48203","Harrison County, Texas","B18101_030",6957,314
"3970","48203","Harrison County, Texas","B18101_031",13111,64
"3971","48203","Harrison County, Texas","B18101_032",1991,317
"3972","48203","Harrison County, Texas","B18101_033",11120,310
"3973","48203","Harrison County, Texas","B18101_034",3841,76
"3974","48203","Harrison County, Texas","B18101_035",1138,266
"3975","48203","Harrison County, Texas","B18101_036",2703,254
"3976","48203","Harrison County, Texas","B18101_037",2611,94
"3977","48203","Harrison County, Texas","B18101_038",1585,233
"3978","48203","Harrison County, Texas","B18101_039",1026,218
"3979","48205","Hartley County, Texas","B18101_001",3817,56
"3980","48205","Hartley County, Texas","B18101_002",1576,110
"3981","48205","Hartley County, Texas","B18101_003",178,88
"3982","48205","Hartley County, Texas","B18101_004",0,21
"3983","48205","Hartley County, Texas","B18101_005",178,88
"3984","48205","Hartley County, Texas","B18101_006",314,87
"3985","48205","Hartley County, Texas","B18101_007",92,57
"3986","48205","Hartley County, Texas","B18101_008",222,101
"3987","48205","Hartley County, Texas","B18101_009",312,84
"3988","48205","Hartley County, Texas","B18101_010",0,21
"3989","48205","Hartley County, Texas","B18101_011",312,84
"3990","48205","Hartley County, Texas","B18101_012",432,88
"3991","48205","Hartley County, Texas","B18101_013",37,43
"3992","48205","Hartley County, Texas","B18101_014",395,94
"3993","48205","Hartley County, Texas","B18101_015",207,78
"3994","48205","Hartley County, Texas","B18101_016",0,21
"3995","48205","Hartley County, Texas","B18101_017",207,78
"3996","48205","Hartley County, Texas","B18101_018",133,71
"3997","48205","Hartley County, Texas","B18101_019",79,67
"3998","48205","Hartley County, Texas","B18101_020",54,60
"3999","48205","Hartley County, Texas","B18101_021",2241,102
"4000","48205","Hartley County, Texas","B18101_022",202,61
"4001","48205","Hartley County, Texas","B18101_023",0,21
"4002","48205","Hartley County, Texas","B18101_024",202,61
"4003","48205","Hartley County, Texas","B18101_025",466,47
"4004","48205","Hartley County, Texas","B18101_026",0,21
"4005","48205","Hartley County, Texas","B18101_027",466,47
"4006","48205","Hartley County, Texas","B18101_028",456,122
"4007","48205","Hartley County, Texas","B18101_029",0,21
"4008","48205","Hartley County, Texas","B18101_030",456,122
"4009","48205","Hartley County, Texas","B18101_031",709,126
"4010","48205","Hartley County, Texas","B18101_032",75,60
"4011","48205","Hartley County, Texas","B18101_033",634,144
"4012","48205","Hartley County, Texas","B18101_034",210,22
"4013","48205","Hartley County, Texas","B18101_035",34,34
"4014","48205","Hartley County, Texas","B18101_036",176,39
"4015","48205","Hartley County, Texas","B18101_037",198,29
"4016","48205","Hartley County, Texas","B18101_038",94,49
"4017","48205","Hartley County, Texas","B18101_039",104,51
"4018","48207","Haskell County, Texas","B18101_001",5226,128
"4019","48207","Haskell County, Texas","B18101_002",2806,128
"4020","48207","Haskell County, Texas","B18101_003",152,24
"4021","48207","Haskell County, Texas","B18101_004",0,21
"4022","48207","Haskell County, Texas","B18101_005",152,24
"4023","48207","Haskell County, Texas","B18101_006",441,56
"4024","48207","Haskell County, Texas","B18101_007",50,38
"4025","48207","Haskell County, Texas","B18101_008",391,62
"4026","48207","Haskell County, Texas","B18101_009",576,66
"4027","48207","Haskell County, Texas","B18101_010",58,50
"4028","48207","Haskell County, Texas","B18101_011",518,68
"4029","48207","Haskell County, Texas","B18101_012",1068,134
"4030","48207","Haskell County, Texas","B18101_013",233,86
"4031","48207","Haskell County, Texas","B18101_014",835,120
"4032","48207","Haskell County, Texas","B18101_015",342,43
"4033","48207","Haskell County, Texas","B18101_016",120,40
"4034","48207","Haskell County, Texas","B18101_017",222,50
"4035","48207","Haskell County, Texas","B18101_018",227,18
"4036","48207","Haskell County, Texas","B18101_019",98,40
"4037","48207","Haskell County, Texas","B18101_020",129,35
"4038","48207","Haskell County, Texas","B18101_021",2420,72
"4039","48207","Haskell County, Texas","B18101_022",73,11
"4040","48207","Haskell County, Texas","B18101_023",0,21
"4041","48207","Haskell County, Texas","B18101_024",73,11
"4042","48207","Haskell County, Texas","B18101_025",315,45
"4043","48207","Haskell County, Texas","B18101_026",11,10
"4044","48207","Haskell County, Texas","B18101_027",304,44
"4045","48207","Haskell County, Texas","B18101_028",465,33
"4046","48207","Haskell County, Texas","B18101_029",9,9
"4047","48207","Haskell County, Texas","B18101_030",456,29
"4048","48207","Haskell County, Texas","B18101_031",937,29
"4049","48207","Haskell County, Texas","B18101_032",194,64
"4050","48207","Haskell County, Texas","B18101_033",743,68
"4051","48207","Haskell County, Texas","B18101_034",384,30
"4052","48207","Haskell County, Texas","B18101_035",119,34
"4053","48207","Haskell County, Texas","B18101_036",265,39
"4054","48207","Haskell County, Texas","B18101_037",246,19
"4055","48207","Haskell County, Texas","B18101_038",114,46
"4056","48207","Haskell County, Texas","B18101_039",132,48
"4057","48209","Hays County, Texas","B18101_001",266465,286
"4058","48209","Hays County, Texas","B18101_002",132230,320
"4059","48209","Hays County, Texas","B18101_003",7968,72
"4060","48209","Hays County, Texas","B18101_004",16,29
"4061","48209","Hays County, Texas","B18101_005",7952,81
"4062","48209","Hays County, Texas","B18101_006",22629,179
"4063","48209","Hays County, Texas","B18101_007",1894,438
"4064","48209","Hays County, Texas","B18101_008",20735,448
"4065","48209","Hays County, Texas","B18101_009",38300,114
"4066","48209","Hays County, Texas","B18101_010",3248,603
"4067","48209","Hays County, Texas","B18101_011",35052,632
"4068","48209","Hays County, Texas","B18101_012",48467,274
"4069","48209","Hays County, Texas","B18101_013",5807,788
"4070","48209","Hays County, Texas","B18101_014",42660,840
"4071","48209","Hays County, Texas","B18101_015",9910,148
"4072","48209","Hays County, Texas","B18101_016",2363,374
"4073","48209","Hays County, Texas","B18101_017",7547,398
"4074","48209","Hays County, Texas","B18101_018",4956,114
"4075","48209","Hays County, Texas","B18101_019",2402,311
"4076","48209","Hays County, Texas","B18101_020",2554,301
"4077","48209","Hays County, Texas","B18101_021",134235,247
"4078","48209","Hays County, Texas","B18101_022",7556,21
"4079","48209","Hays County, Texas","B18101_023",0,35
"4080","48209","Hays County, Texas","B18101_024",7556,21
"4081","48209","Hays County, Texas","B18101_025",21853,192
"4082","48209","Hays County, Texas","B18101_026",1221,368
"4083","48209","Hays County, Texas","B18101_027",20632,392
"4084","48209","Hays County, Texas","B18101_028",38674,110
"4085","48209","Hays County, Texas","B18101_029",3762,719
"4086","48209","Hays County, Texas","B18101_030",34912,722
"4087","48209","Hays County, Texas","B18101_031",48780,76
"4088","48209","Hays County, Texas","B18101_032",4768,646
"4089","48209","Hays County, Texas","B18101_033",44012,649
"4090","48209","Hays County, Texas","B18101_034",11350,122
"4091","48209","Hays County, Texas","B18101_035",3091,532
"4092","48209","Hays County, Texas","B18101_036",8259,526
"4093","48209","Hays County, Texas","B18101_037",6022,122
"4094","48209","Hays County, Texas","B18101_038",2672,342
"4095","48209","Hays County, Texas","B18101_039",3350,327
"4096","48211","Hemphill County, Texas","B18101_001",3191,15
"4097","48211","Hemphill County, Texas","B18101_002",1757,84
"4098","48211","Hemphill County, Texas","B18101_003",55,25
"4099","48211","Hemphill County, Texas","B18101_004",0,15
"4100","48211","Hemphill County, Texas","B18101_005",55,25
"4101","48211","Hemphill County, Texas","B18101_006",336,63
"4102","48211","Hemphill County, Texas","B18101_007",69,32
"4103","48211","Hemphill County, Texas","B18101_008",267,67
"4104","48211","Hemphill County, Texas","B18101_009",328,55
"4105","48211","Hemphill County, Texas","B18101_010",17,27
"4106","48211","Hemphill County, Texas","B18101_011",311,56
"4107","48211","Hemphill County, Texas","B18101_012",671,65
"4108","48211","Hemphill County, Texas","B18101_013",136,48
"4109","48211","Hemphill County, Texas","B18101_014",535,61
"4110","48211","Hemphill County, Texas","B18101_015",265,77
"4111","48211","Hemphill County, Texas","B18101_016",23,29
"4112","48211","Hemphill County, Texas","B18101_017",242,82
"4113","48211","Hemphill County, Texas","B18101_018",102,19
"4114","48211","Hemphill County, Texas","B18101_019",67,27
"4115","48211","Hemphill County, Texas","B18101_020",35,24
"4116","48211","Hemphill County, Texas","B18101_021",1434,80
"4117","48211","Hemphill County, Texas","B18101_022",64,26
"4118","48211","Hemphill County, Texas","B18101_023",0,15
"4119","48211","Hemphill County, Texas","B18101_024",64,26
"4120","48211","Hemphill County, Texas","B18101_025",208,51
"4121","48211","Hemphill County, Texas","B18101_026",14,22
"4122","48211","Hemphill County, Texas","B18101_027",194,44
"4123","48211","Hemphill County, Texas","B18101_028",227,53
"4124","48211","Hemphill County, Texas","B18101_029",5,12
"4125","48211","Hemphill County, Texas","B18101_030",222,55
"4126","48211","Hemphill County, Texas","B18101_031",578,61
"4127","48211","Hemphill County, Texas","B18101_032",87,54
"4128","48211","Hemphill County, Texas","B18101_033",491,74
"4129","48211","Hemphill County, Texas","B18101_034",207,57
"4130","48211","Hemphill County, Texas","B18101_035",53,45
"4131","48211","Hemphill County, Texas","B18101_036",154,53
"4132","48211","Hemphill County, Texas","B18101_037",150,31
"4133","48211","Hemphill County, Texas","B18101_038",111,37
"4134","48211","Hemphill County, Texas","B18101_039",39,26
"4135","48213","Henderson County, Texas","B18101_001",83924,20
"4136","48213","Henderson County, Texas","B18101_002",41214,176
"4137","48213","Henderson County, Texas","B18101_003",2519,123
"4138","48213","Henderson County, Texas","B18101_004",71,53
"4139","48213","Henderson County, Texas","B18101_005",2448,133
"4140","48213","Henderson County, Texas","B18101_006",6982,68
"4141","48213","Henderson County, Texas","B18101_007",802,200
"4142","48213","Henderson County, Texas","B18101_008",6180,205
"4143","48213","Henderson County, Texas","B18101_009",7992,128
"4144","48213","Henderson County, Texas","B18101_010",904,235
"4145","48213","Henderson County, Texas","B18101_011",7088,259
"4146","48213","Henderson County, Texas","B18101_012",14937,190
"4147","48213","Henderson County, Texas","B18101_013",3320,395
"4148","48213","Henderson County, Texas","B18101_014",11617,451
"4149","48213","Henderson County, Texas","B18101_015",5359,106
"4150","48213","Henderson County, Texas","B18101_016",1703,257
"4151","48213","Henderson County, Texas","B18101_017",3656,268
"4152","48213","Henderson County, Texas","B18101_018",3425,85
"4153","48213","Henderson County, Texas","B18101_019",1791,202
"4154","48213","Henderson County, Texas","B18101_020",1634,213
"4155","48213","Henderson County, Texas","B18101_021",42710,174
"4156","48213","Henderson County, Texas","B18101_022",2192,92
"4157","48213","Henderson County, Texas","B18101_023",0,35
"4158","48213","Henderson County, Texas","B18101_024",2192,92
"4159","48213","Henderson County, Texas","B18101_025",6471,102
"4160","48213","Henderson County, Texas","B18101_026",404,152
"4161","48213","Henderson County, Texas","B18101_027",6067,202
"4162","48213","Henderson County, Texas","B18101_028",7851,162
"4163","48213","Henderson County, Texas","B18101_029",735,246
"4164","48213","Henderson County, Texas","B18101_030",7116,312
"4165","48213","Henderson County, Texas","B18101_031",16193,183
"4166","48213","Henderson County, Texas","B18101_032",2462,323
"4167","48213","Henderson County, Texas","B18101_033",13731,383
"4168","48213","Henderson County, Texas","B18101_034",5874,74
"4169","48213","Henderson County, Texas","B18101_035",1447,269
"4170","48213","Henderson County, Texas","B18101_036",4427,269
"4171","48213","Henderson County, Texas","B18101_037",4129,78
"4172","48213","Henderson County, Texas","B18101_038",2230,276
"4173","48213","Henderson County, Texas","B18101_039",1899,274
"4174","48215","Hidalgo County, Texas","B18101_001",884598,429
"4175","48215","Hidalgo County, Texas","B18101_002",434746,365
"4176","48215","Hidalgo County, Texas","B18101_003",35616,150
"4177","48215","Hidalgo County, Texas","B18101_004",262,255
"4178","48215","Hidalgo County, Texas","B18101_005",35354,302
"4179","48215","Hidalgo County, Texas","B18101_006",104924,98
"4180","48215","Hidalgo County, Texas","B18101_007",10396,1193
"4181","48215","Hidalgo County, Texas","B18101_008",94528,1212
"4182","48215","Hidalgo County, Texas","B18101_009",110300,260
"4183","48215","Hidalgo County, Texas","B18101_010",7665,958
"4184","48215","Hidalgo County, Texas","B18101_011",102635,934
"4185","48215","Hidalgo County, Texas","B18101_012",138196,349
"4186","48215","Hidalgo County, Texas","B18101_013",19025,1126
"4187","48215","Hidalgo County, Texas","B18101_014",119171,1155
"4188","48215","Hidalgo County, Texas","B18101_015",26627,213
"4189","48215","Hidalgo County, Texas","B18101_016",9886,806
"4190","48215","Hidalgo County, Texas","B18101_017",16741,788
"4191","48215","Hidalgo County, Texas","B18101_018",19083,194
"4192","48215","Hidalgo County, Texas","B18101_019",11046,538
"4193","48215","Hidalgo County, Texas","B18101_020",8037,548
"4194","48215","Hidalgo County, Texas","B18101_021",449852,380
"4195","48215","Hidalgo County, Texas","B18101_022",34230,134
"4196","48215","Hidalgo County, Texas","B18101_023",226,122
"4197","48215","Hidalgo County, Texas","B18101_024",34004,192
"4198","48215","Hidalgo County, Texas","B18101_025",101332,93
"4199","48215","Hidalgo County, Texas","B18101_026",5518,850
"4200","48215","Hidalgo County, Texas","B18101_027",95814,847
"4201","48215","Hidalgo County, Texas","B18101_028",109045,310
"4202","48215","Hidalgo County, Texas","B18101_029",6620,621
"4203","48215","Hidalgo County, Texas","B18101_030",102425,655
"4204","48215","Hidalgo County, Texas","B18101_031",148211,171
"4205","48215","Hidalgo County, Texas","B18101_032",18531,1162
"4206","48215","Hidalgo County, Texas","B18101_033",129680,1176
"4207","48215","Hidalgo County, Texas","B18101_034",31638,103
"4208","48215","Hidalgo County, Texas","B18101_035",11547,825
"4209","48215","Hidalgo County, Texas","B18101_036",20091,848
"4210","48215","Hidalgo County, Texas","B18101_037",25396,177
"4211","48215","Hidalgo County, Texas","B18101_038",15691,625
"4212","48215","Hidalgo County, Texas","B18101_039",9705,590
"4213","48217","Hill County, Texas","B18101_001",36760,17
"4214","48217","Hill County, Texas","B18101_002",18349,107
"4215","48217","Hill County, Texas","B18101_003",1063,47
"4216","48217","Hill County, Texas","B18101_004",6,9
"4217","48217","Hill County, Texas","B18101_005",1057,48
"4218","48217","Hill County, Texas","B18101_006",3301,42
"4219","48217","Hill County, Texas","B18101_007",367,97
"4220","48217","Hill County, Texas","B18101_008",2934,107
"4221","48217","Hill County, Texas","B18101_009",3642,66
"4222","48217","Hill County, Texas","B18101_010",411,112
"4223","48217","Hill County, Texas","B18101_011",3231,125
"4224","48217","Hill County, Texas","B18101_012",6812,72
"4225","48217","Hill County, Texas","B18101_013",1217,171
"4226","48217","Hill County, Texas","B18101_014",5595,186
"4227","48217","Hill County, Texas","B18101_015",2123,69
"4228","48217","Hill County, Texas","B18101_016",768,132
"4229","48217","Hill County, Texas","B18101_017",1355,131
"4230","48217","Hill County, Texas","B18101_018",1408,64
"4231","48217","Hill County, Texas","B18101_019",670,99
"4232","48217","Hill County, Texas","B18101_020",738,121
"4233","48217","Hill County, Texas","B18101_021",18411,106
"4234","48217","Hill County, Texas","B18101_022",1068,51
"4235","48217","Hill County, Texas","B18101_023",28,26
"4236","48217","Hill County, Texas","B18101_024",1040,58
"4237","48217","Hill County, Texas","B18101_025",3147,47
"4238","48217","Hill County, Texas","B18101_026",124,44
"4239","48217","Hill County, Texas","B18101_027",3023,65
"4240","48217","Hill County, Texas","B18101_028",3484,77
"4241","48217","Hill County, Texas","B18101_029",283,117
"4242","48217","Hill County, Texas","B18101_030",3201,138
"4243","48217","Hill County, Texas","B18101_031",6906,76
"4244","48217","Hill County, Texas","B18101_032",1298,163
"4245","48217","Hill County, Texas","B18101_033",5608,173
"4246","48217","Hill County, Texas","B18101_034",2364,53
"4247","48217","Hill County, Texas","B18101_035",761,147
"4248","48217","Hill County, Texas","B18101_036",1603,144
"4249","48217","Hill County, Texas","B18101_037",1442,88
"4250","48217","Hill County, Texas","B18101_038",830,121
"4251","48217","Hill County, Texas","B18101_039",612,112
"4252","48219","Hockley County, Texas","B18101_001",21168,7
"4253","48219","Hockley County, Texas","B18101_002",10463,108
"4254","48219","Hockley County, Texas","B18101_003",731,31
"4255","48219","Hockley County, Texas","B18101_004",0,28
"4256","48219","Hockley County, Texas","B18101_005",731,31
"4257","48219","Hockley County, Texas","B18101_006",2141,28
"4258","48219","Hockley County, Texas","B18101_007",185,82
"4259","48219","Hockley County, Texas","B18101_008",1956,82
"4260","48219","Hockley County, Texas","B18101_009",2373,39
"4261","48219","Hockley County, Texas","B18101_010",202,85
"4262","48219","Hockley County, Texas","B18101_011",2171,92
"4263","48219","Hockley County, Texas","B18101_012",3739,99
"4264","48219","Hockley County, Texas","B18101_013",633,162
"4265","48219","Hockley County, Texas","B18101_014",3106,158
"4266","48219","Hockley County, Texas","B18101_015",969,52
"4267","48219","Hockley County, Texas","B18101_016",341,94
"4268","48219","Hockley County, Texas","B18101_017",628,100
"4269","48219","Hockley County, Texas","B18101_018",510,36
"4270","48219","Hockley County, Texas","B18101_019",326,63
"4271","48219","Hockley County, Texas","B18101_020",184,55
"4272","48219","Hockley County, Texas","B18101_021",10705,108
"4273","48219","Hockley County, Texas","B18101_022",727,29
"4274","48219","Hockley County, Texas","B18101_023",0,28
"4275","48219","Hockley County, Texas","B18101_024",727,29
"4276","48219","Hockley County, Texas","B18101_025",2088,30
"4277","48219","Hockley County, Texas","B18101_026",88,45
"4278","48219","Hockley County, Texas","B18101_027",2000,53
"4279","48219","Hockley County, Texas","B18101_028",2371,86
"4280","48219","Hockley County, Texas","B18101_029",144,79
"4281","48219","Hockley County, Texas","B18101_030",2227,129
"4282","48219","Hockley County, Texas","B18101_031",3833,69
"4283","48219","Hockley County, Texas","B18101_032",631,171
"4284","48219","Hockley County, Texas","B18101_033",3202,166
"4285","48219","Hockley County, Texas","B18101_034",954,44
"4286","48219","Hockley County, Texas","B18101_035",319,94
"4287","48219","Hockley County, Texas","B18101_036",635,91
"4288","48219","Hockley County, Texas","B18101_037",732,31
"4289","48219","Hockley County, Texas","B18101_038",479,65
"4290","48219","Hockley County, Texas","B18101_039",253,66
"4291","48221","Hood County, Texas","B18101_001",65074,21
"4292","48221","Hood County, Texas","B18101_002",31897,167
"4293","48221","Hood County, Texas","B18101_003",1636,46
"4294","48221","Hood County, Texas","B18101_004",0,35
"4295","48221","Hood County, Texas","B18101_005",1636,46
"4296","48221","Hood County, Texas","B18101_006",5347,79
"4297","48221","Hood County, Texas","B18101_007",370,144
"4298","48221","Hood County, Texas","B18101_008",4977,159
"4299","48221","Hood County, Texas","B18101_009",5349,87
"4300","48221","Hood County, Texas","B18101_010",440,148
"4301","48221","Hood County, Texas","B18101_011",4909,174
"4302","48221","Hood County, Texas","B18101_012",11838,119
"4303","48221","Hood County, Texas","B18101_013",1345,307
"4304","48221","Hood County, Texas","B18101_014",10493,315
"4305","48221","Hood County, Texas","B18101_015",4715,100
"4306","48221","Hood County, Texas","B18101_016",1085,223
"4307","48221","Hood County, Texas","B18101_017",3630,237
"4308","48221","Hood County, Texas","B18101_018",3012,147
"4309","48221","Hood County, Texas","B18101_019",1209,184
"4310","48221","Hood County, Texas","B18101_020",1803,228
"4311","48221","Hood County, Texas","B18101_021",33177,167
"4312","48221","Hood County, Texas","B18101_022",1607,51
"4313","48221","Hood County, Texas","B18101_023",48,52
"4314","48221","Hood County, Texas","B18101_024",1559,58
"4315","48221","Hood County, Texas","B18101_025",4835,58
"4316","48221","Hood County, Texas","B18101_026",343,175
"4317","48221","Hood County, Texas","B18101_027",4492,187
"4318","48221","Hood County, Texas","B18101_028",5682,81
"4319","48221","Hood County, Texas","B18101_029",649,205
"4320","48221","Hood County, Texas","B18101_030",5033,200
"4321","48221","Hood County, Texas","B18101_031",12430,90
"4322","48221","Hood County, Texas","B18101_032",1458,279
"4323","48221","Hood County, Texas","B18101_033",10972,295
"4324","48221","Hood County, Texas","B18101_034",5043,80
"4325","48221","Hood County, Texas","B18101_035",704,158
"4326","48221","Hood County, Texas","B18101_036",4339,151
"4327","48221","Hood County, Texas","B18101_037",3580,113
"4328","48221","Hood County, Texas","B18101_038",1668,229
"4329","48221","Hood County, Texas","B18101_039",1912,227
"4330","48223","Hopkins County, Texas","B18101_001",37228,21
"4331","48223","Hopkins County, Texas","B18101_002",18253,178
"4332","48223","Hopkins County, Texas","B18101_003",1193,135
"4333","48223","Hopkins County, Texas","B18101_004",14,15
"4334","48223","Hopkins County, Texas","B18101_005",1179,137
"4335","48223","Hopkins County, Texas","B18101_006",3426,131
"4336","48223","Hopkins County, Texas","B18101_007",238,126
"4337","48223","Hopkins County, Texas","B18101_008",3188,200
"4338","48223","Hopkins County, Texas","B18101_009",3817,95
"4339","48223","Hopkins County, Texas","B18101_010",183,74
"4340","48223","Hopkins County, Texas","B18101_011",3634,129
"4341","48223","Hopkins County, Texas","B18101_012",6739,88
"4342","48223","Hopkins County, Texas","B18101_013",1253,223
"4343","48223","Hopkins County, Texas","B18101_014",5486,234
"4344","48223","Hopkins County, Texas","B18101_015",1918,62
"4345","48223","Hopkins County, Texas","B18101_016",596,141
"4346","48223","Hopkins County, Texas","B18101_017",1322,144
"4347","48223","Hopkins County, Texas","B18101_018",1160,68
"4348","48223","Hopkins County, Texas","B18101_019",651,100
"4349","48223","Hopkins County, Texas","B18101_020",509,99
"4350","48223","Hopkins County, Texas","B18101_021",18975,180
"4351","48223","Hopkins County, Texas","B18101_022",1273,100
"4352","48223","Hopkins County, Texas","B18101_023",12,21
"4353","48223","Hopkins County, Texas","B18101_024",1261,102
"4354","48223","Hopkins County, Texas","B18101_025",3263,84
"4355","48223","Hopkins County, Texas","B18101_026",160,73
"4356","48223","Hopkins County, Texas","B18101_027",3103,118
"4357","48223","Hopkins County, Texas","B18101_028",3699,49
"4358","48223","Hopkins County, Texas","B18101_029",264,88
"4359","48223","Hopkins County, Texas","B18101_030",3435,100
"4360","48223","Hopkins County, Texas","B18101_031",7058,111
"4361","48223","Hopkins County, Texas","B18101_032",779,168
"4362","48223","Hopkins County, Texas","B18101_033",6279,194
"4363","48223","Hopkins County, Texas","B18101_034",2127,101
"4364","48223","Hopkins County, Texas","B18101_035",521,117
"4365","48223","Hopkins County, Texas","B18101_036",1606,148
"4366","48223","Hopkins County, Texas","B18101_037",1555,69
"4367","48223","Hopkins County, Texas","B18101_038",769,123
"4368","48223","Hopkins County, Texas","B18101_039",786,122
"4369","48225","Houston County, Texas","B18101_001",19477,66
"4370","48225","Houston County, Texas","B18101_002",9443,253
"4371","48225","Houston County, Texas","B18101_003",600,115
"4372","48225","Houston County, Texas","B18101_004",15,25
"4373","48225","Houston County, Texas","B18101_005",585,110
"4374","48225","Houston County, Texas","B18101_006",1710,177
"4375","48225","Houston County, Texas","B18101_007",272,118
"4376","48225","Houston County, Texas","B18101_008",1438,175
"4377","48225","Houston County, Texas","B18101_009",1441,240
"4378","48225","Houston County, Texas","B18101_010",187,97
"4379","48225","Houston County, Texas","B18101_011",1254,227
"4380","48225","Houston County, Texas","B18101_012",3558,236
"4381","48225","Houston County, Texas","B18101_013",770,187
"4382","48225","Houston County, Texas","B18101_014",2788,288
"4383","48225","Houston County, Texas","B18101_015",1178,86
"4384","48225","Houston County, Texas","B18101_016",449,102
"4385","48225","Houston County, Texas","B18101_017",729,105
"4386","48225","Houston County, Texas","B18101_018",956,48
"4387","48225","Houston County, Texas","B18101_019",556,98
"4388","48225","Houston County, Texas","B18101_020",400,96
"4389","48225","Houston County, Texas","B18101_021",10034,237
"4390","48225","Houston County, Texas","B18101_022",528,115
"4391","48225","Houston County, Texas","B18101_023",21,31
"4392","48225","Houston County, Texas","B18101_024",507,119
"4393","48225","Houston County, Texas","B18101_025",1619,176
"4394","48225","Houston County, Texas","B18101_026",285,195
"4395","48225","Houston County, Texas","B18101_027",1334,175
"4396","48225","Houston County, Texas","B18101_028",1661,114
"4397","48225","Houston County, Texas","B18101_029",171,82
"4398","48225","Houston County, Texas","B18101_030",1490,120
"4399","48225","Houston County, Texas","B18101_031",3704,128
"4400","48225","Houston County, Texas","B18101_032",1015,190
"4401","48225","Houston County, Texas","B18101_033",2689,211
"4402","48225","Houston County, Texas","B18101_034",1410,34
"4403","48225","Houston County, Texas","B18101_035",391,80
"4404","48225","Houston County, Texas","B18101_036",1019,84
"4405","48225","Houston County, Texas","B18101_037",1112,66
"4406","48225","Houston County, Texas","B18101_038",591,147
"4407","48225","Houston County, Texas","B18101_039",521,129
"4408","48227","Howard County, Texas","B18101_001",29403,436
"4409","48227","Howard County, Texas","B18101_002",15335,464
"4410","48227","Howard County, Texas","B18101_003",971,35
"4411","48227","Howard County, Texas","B18101_004",0,31
"4412","48227","Howard County, Texas","B18101_005",971,35
"4413","48227","Howard County, Texas","B18101_006",2828,88
"4414","48227","Howard County, Texas","B18101_007",289,109
"4415","48227","Howard County, Texas","B18101_008",2539,119
"4416","48227","Howard County, Texas","B18101_009",3761,231
"4417","48227","Howard County, Texas","B18101_010",551,185
"4418","48227","Howard County, Texas","B18101_011",3210,266
"4419","48227","Howard County, Texas","B18101_012",5823,313
"4420","48227","Howard County, Texas","B18101_013",879,199
"4421","48227","Howard County, Texas","B18101_014",4944,271
"4422","48227","Howard County, Texas","B18101_015",1251,127
"4423","48227","Howard County, Texas","B18101_016",545,138
"4424","48227","Howard County, Texas","B18101_017",706,137
"4425","48227","Howard County, Texas","B18101_018",701,58
"4426","48227","Howard County, Texas","B18101_019",383,86
"4427","48227","Howard County, Texas","B18101_020",318,77
"4428","48227","Howard County, Texas","B18101_021",14068,125
"4429","48227","Howard County, Texas","B18101_022",956,28
"4430","48227","Howard County, Texas","B18101_023",0,31
"4431","48227","Howard County, Texas","B18101_024",956,28
"4432","48227","Howard County, Texas","B18101_025",2510,72
"4433","48227","Howard County, Texas","B18101_026",209,121
"4434","48227","Howard County, Texas","B18101_027",2301,139
"4435","48227","Howard County, Texas","B18101_028",3160,65
"4436","48227","Howard County, Texas","B18101_029",535,210
"4437","48227","Howard County, Texas","B18101_030",2625,223
"4438","48227","Howard County, Texas","B18101_031",5409,79
"4439","48227","Howard County, Texas","B18101_032",1083,252
"4440","48227","Howard County, Texas","B18101_033",4326,261
"4441","48227","Howard County, Texas","B18101_034",1279,37
"4442","48227","Howard County, Texas","B18101_035",415,100
"4443","48227","Howard County, Texas","B18101_036",864,107
"4444","48227","Howard County, Texas","B18101_037",754,40
"4445","48227","Howard County, Texas","B18101_038",348,87
"4446","48227","Howard County, Texas","B18101_039",406,84
"4447","48229","Hudspeth County, Texas","B18101_001",2929,13
"4448","48229","Hudspeth County, Texas","B18101_002",1719,115
"4449","48229","Hudspeth County, Texas","B18101_003",0,15
"4450","48229","Hudspeth County, Texas","B18101_004",0,15
"4451","48229","Hudspeth County, Texas","B18101_005",0,15
"4452","48229","Hudspeth County, Texas","B18101_006",318,137
"4453","48229","Hudspeth County, Texas","B18101_007",70,60
"4454","48229","Hudspeth County, Texas","B18101_008",248,132
"4455","48229","Hudspeth County, Texas","B18101_009",505,148
"4456","48229","Hudspeth County, Texas","B18101_010",141,72
"4457","48229","Hudspeth County, Texas","B18101_011",364,143
"4458","48229","Hudspeth County, Texas","B18101_012",732,183
"4459","48229","Hudspeth County, Texas","B18101_013",202,129
"4460","48229","Hudspeth County, Texas","B18101_014",530,194
"4461","48229","Hudspeth County, Texas","B18101_015",83,34
"4462","48229","Hudspeth County, Texas","B18101_016",14,12
"4463","48229","Hudspeth County, Texas","B18101_017",69,31
"4464","48229","Hudspeth County, Texas","B18101_018",81,29
"4465","48229","Hudspeth County, Texas","B18101_019",53,30
"4466","48229","Hudspeth County, Texas","B18101_020",28,14
"4467","48229","Hudspeth County, Texas","B18101_021",1210,112
"4468","48229","Hudspeth County, Texas","B18101_022",97,93
"4469","48229","Hudspeth County, Texas","B18101_023",90,99
"4470","48229","Hudspeth County, Texas","B18101_024",7,11
"4471","48229","Hudspeth County, Texas","B18101_025",186,103
"4472","48229","Hudspeth County, Texas","B18101_026",9,13
"4473","48229","Hudspeth County, Texas","B18101_027",177,96
"4474","48229","Hudspeth County, Texas","B18101_028",219,44
"4475","48229","Hudspeth County, Texas","B18101_029",22,32
"4476","48229","Hudspeth County, Texas","B18101_030",197,47
"4477","48229","Hudspeth County, Texas","B18101_031",502,106
"4478","48229","Hudspeth County, Texas","B18101_032",122,61
"4479","48229","Hudspeth County, Texas","B18101_033",380,93
"4480","48229","Hudspeth County, Texas","B18101_034",157,57
"4481","48229","Hudspeth County, Texas","B18101_035",44,30
"4482","48229","Hudspeth County, Texas","B18101_036",113,53
"4483","48229","Hudspeth County, Texas","B18101_037",49,29
"4484","48229","Hudspeth County, Texas","B18101_038",41,29
"4485","48229","Hudspeth County, Texas","B18101_039",8,8
"4486","48231","Hunt County, Texas","B18101_001",108174,45
"4487","48231","Hunt County, Texas","B18101_002",53379,221
"4488","48231","Hunt County, Texas","B18101_003",3434,166
"4489","48231","Hunt County, Texas","B18101_004",35,37
"4490","48231","Hunt County, Texas","B18101_005",3399,167
"4491","48231","Hunt County, Texas","B18101_006",10209,109
"4492","48231","Hunt County, Texas","B18101_007",1151,275
"4493","48231","Hunt County, Texas","B18101_008",9058,267
"4494","48231","Hunt County, Texas","B18101_009",12289,265
"4495","48231","Hunt County, Texas","B18101_010",937,240
"4496","48231","Hunt County, Texas","B18101_011",11352,355
"4497","48231","Hunt County, Texas","B18101_012",19767,265
"4498","48231","Hunt County, Texas","B18101_013",3354,420
"4499","48231","Hunt County, Texas","B18101_014",16413,465
"4500","48231","Hunt County, Texas","B18101_015",4809,125
"4501","48231","Hunt County, Texas","B18101_016",1557,221
"4502","48231","Hunt County, Texas","B18101_017",3252,237
"4503","48231","Hunt County, Texas","B18101_018",2871,130
"4504","48231","Hunt County, Texas","B18101_019",1634,200
"4505","48231","Hunt County, Texas","B18101_020",1237,239
"4506","48231","Hunt County, Texas","B18101_021",54795,218
"4507","48231","Hunt County, Texas","B18101_022",3465,167
"4508","48231","Hunt County, Texas","B18101_023",0,35
"4509","48231","Hunt County, Texas","B18101_024",3465,167
"4510","48231","Hunt County, Texas","B18101_025",9529,100
"4511","48231","Hunt County, Texas","B18101_026",469,198
"4512","48231","Hunt County, Texas","B18101_027",9060,233
"4513","48231","Hunt County, Texas","B18101_028",12719,76
"4514","48231","Hunt County, Texas","B18101_029",939,242
"4515","48231","Hunt County, Texas","B18101_030",11780,256
"4516","48231","Hunt County, Texas","B18101_031",20232,99
"4517","48231","Hunt County, Texas","B18101_032",3653,461
"4518","48231","Hunt County, Texas","B18101_033",16579,470
"4519","48231","Hunt County, Texas","B18101_034",5327,94
"4520","48231","Hunt County, Texas","B18101_035",1364,247
"4521","48231","Hunt County, Texas","B18101_036",3963,262
"4522","48231","Hunt County, Texas","B18101_037",3523,103
"4523","48231","Hunt County, Texas","B18101_038",1699,230
"4524","48231","Hunt County, Texas","B18101_039",1824,242
"4525","48233","Hutchinson County, Texas","B18101_001",20028,10
"4526","48233","Hutchinson County, Texas","B18101_002",9987,182
"4527","48233","Hutchinson County, Texas","B18101_003",562,107
"4528","48233","Hutchinson County, Texas","B18101_004",0,28
"4529","48233","Hutchinson County, Texas","B18101_005",562,107
"4530","48233","Hutchinson County, Texas","B18101_006",1925,60
"4531","48233","Hutchinson County, Texas","B18101_007",184,75
"4532","48233","Hutchinson County, Texas","B18101_008",1741,94
"4533","48233","Hutchinson County, Texas","B18101_009",2026,88
"4534","48233","Hutchinson County, Texas","B18101_010",155,88
"4535","48233","Hutchinson County, Texas","B18101_011",1871,122
"4536","48233","Hutchinson County, Texas","B18101_012",3810,104
"4537","48233","Hutchinson County, Texas","B18101_013",625,214
"4538","48233","Hutchinson County, Texas","B18101_014",3185,233
"4539","48233","Hutchinson County, Texas","B18101_015",1126,39
"4540","48233","Hutchinson County, Texas","B18101_016",260,88
"4541","48233","Hutchinson County, Texas","B18101_017",866,84
"4542","48233","Hutchinson County, Texas","B18101_018",538,26
"4543","48233","Hutchinson County, Texas","B18101_019",214,77
"4544","48233","Hutchinson County, Texas","B18101_020",324,79
"4545","48233","Hutchinson County, Texas","B18101_021",10041,182
"4546","48233","Hutchinson County, Texas","B18101_022",533,99
"4547","48233","Hutchinson County, Texas","B18101_023",0,28
"4548","48233","Hutchinson County, Texas","B18101_024",533,99
"4549","48233","Hutchinson County, Texas","B18101_025",2011,65
"4550","48233","Hutchinson County, Texas","B18101_026",101,83
"4551","48233","Hutchinson County, Texas","B18101_027",1910,113
"4552","48233","Hutchinson County, Texas","B18101_028",1999,118
"4553","48233","Hutchinson County, Texas","B18101_029",288,122
"4554","48233","Hutchinson County, Texas","B18101_030",1711,181
"4555","48233","Hutchinson County, Texas","B18101_031",3623,134
"4556","48233","Hutchinson County, Texas","B18101_032",657,137
"4557","48233","Hutchinson County, Texas","B18101_033",2966,196
"4558","48233","Hutchinson County, Texas","B18101_034",1117,51
"4559","48233","Hutchinson County, Texas","B18101_035",225,94
"4560","48233","Hutchinson County, Texas","B18101_036",892,76
"4561","48233","Hutchinson County, Texas","B18101_037",758,138
"4562","48233","Hutchinson County, Texas","B18101_038",529,162
"4563","48233","Hutchinson County, Texas","B18101_039",229,96
"4564","48235","Irion County, Texas","B18101_001",1409,148
"4565","48235","Irion County, Texas","B18101_002",705,85
"4566","48235","Irion County, Texas","B18101_003",31,30
"4567","48235","Irion County, Texas","B18101_004",0,15
"4568","48235","Irion County, Texas","B18101_005",31,30
"4569","48235","Irion County, Texas","B18101_006",119,50
"4570","48235","Irion County, Texas","B18101_007",0,15
"4571","48235","Irion County, Texas","B18101_008",119,50
"4572","48235","Irion County, Texas","B18101_009",128,67
"4573","48235","Irion County, Texas","B18101_010",0,15
"4574","48235","Irion County, Texas","B18101_011",128,67
"4575","48235","Irion County, Texas","B18101_012",295,65
"4576","48235","Irion County, Texas","B18101_013",26,25
"4577","48235","Irion County, Texas","B18101_014",269,64
"4578","48235","Irion County, Texas","B18101_015",98,25
"4579","48235","Irion County, Texas","B18101_016",37,25
"4580","48235","Irion County, Texas","B18101_017",61,23
"4581","48235","Irion County, Texas","B18101_018",34,19
"4582","48235","Irion County, Texas","B18101_019",17,12
"4583","48235","Irion County, Texas","B18101_020",17,16
"4584","48235","Irion County, Texas","B18101_021",704,108
"4585","48235","Irion County, Texas","B18101_022",39,27
"4586","48235","Irion County, Texas","B18101_023",0,15
"4587","48235","Irion County, Texas","B18101_024",39,27
"4588","48235","Irion County, Texas","B18101_025",141,78
"4589","48235","Irion County, Texas","B18101_026",11,13
"4590","48235","Irion County, Texas","B18101_027",130,81
"4591","48235","Irion County, Texas","B18101_028",120,54
"4592","48235","Irion County, Texas","B18101_029",16,16
"4593","48235","Irion County, Texas","B18101_030",104,55
"4594","48235","Irion County, Texas","B18101_031",227,61
"4595","48235","Irion County, Texas","B18101_032",12,12
"4596","48235","Irion County, Texas","B18101_033",215,58
"4597","48235","Irion County, Texas","B18101_034",110,20
"4598","48235","Irion County, Texas","B18101_035",5,6
"4599","48235","Irion County, Texas","B18101_036",105,21
"4600","48235","Irion County, Texas","B18101_037",67,28
"4601","48235","Irion County, Texas","B18101_038",46,28
"4602","48235","Irion County, Texas","B18101_039",21,18
"4603","48237","Jack County, Texas","B18101_001",7806,29
"4604","48237","Jack County, Texas","B18101_002",3779,167
"4605","48237","Jack County, Texas","B18101_003",263,90
"4606","48237","Jack County, Texas","B18101_004",15,28
"4607","48237","Jack County, Texas","B18101_005",248,92
"4608","48237","Jack County, Texas","B18101_006",636,82
"4609","48237","Jack County, Texas","B18101_007",0,21
"4610","48237","Jack County, Texas","B18101_008",636,82
"4611","48237","Jack County, Texas","B18101_009",936,146
"4612","48237","Jack County, Texas","B18101_010",42,37
"4613","48237","Jack County, Texas","B18101_011",894,146
"4614","48237","Jack County, Texas","B18101_012",1257,164
"4615","48237","Jack County, Texas","B18101_013",104,55
"4616","48237","Jack County, Texas","B18101_014",1153,172
"4617","48237","Jack County, Texas","B18101_015",373,25
"4618","48237","Jack County, Texas","B18101_016",95,49
"4619","48237","Jack County, Texas","B18101_017",278,51
"4620","48237","Jack County, Texas","B18101_018",314,57
"4621","48237","Jack County, Texas","B18101_019",104,39
"4622","48237","Jack County, Texas","B18101_020",210,71
"4623","48237","Jack County, Texas","B18101_021",4027,165
"4624","48237","Jack County, Texas","B18101_022",236,117
"4625","48237","Jack County, Texas","B18101_023",0,21
"4626","48237","Jack County, Texas","B18101_024",236,117
"4627","48237","Jack County, Texas","B18101_025",867,112
"4628","48237","Jack County, Texas","B18101_026",0,21
"4629","48237","Jack County, Texas","B18101_027",867,112
"4630","48237","Jack County, Texas","B18101_028",820,129
"4631","48237","Jack County, Texas","B18101_029",107,76
"4632","48237","Jack County, Texas","B18101_030",713,120
"4633","48237","Jack County, Texas","B18101_031",1355,115
"4634","48237","Jack County, Texas","B18101_032",116,61
"4635","48237","Jack County, Texas","B18101_033",1239,112
"4636","48237","Jack County, Texas","B18101_034",417,18
"4637","48237","Jack County, Texas","B18101_035",83,54
"4638","48237","Jack County, Texas","B18101_036",334,51
"4639","48237","Jack County, Texas","B18101_037",332,41
"4640","48237","Jack County, Texas","B18101_038",192,42
"4641","48237","Jack County, Texas","B18101_039",140,46
"4642","48239","Jackson County, Texas","B18101_001",14943,14
"4643","48239","Jackson County, Texas","B18101_002",7628,239
"4644","48239","Jackson County, Texas","B18101_003",444,85
"4645","48239","Jackson County, Texas","B18101_004",0,23
"4646","48239","Jackson County, Texas","B18101_005",444,85
"4647","48239","Jackson County, Texas","B18101_006",1376,197
"4648","48239","Jackson County, Texas","B18101_007",143,111
"4649","48239","Jackson County, Texas","B18101_008",1233,170
"4650","48239","Jackson County, Texas","B18101_009",1488,230
"4651","48239","Jackson County, Texas","B18101_010",81,55
"4652","48239","Jackson County, Texas","B18101_011",1407,235
"4653","48239","Jackson County, Texas","B18101_012",2891,282
"4654","48239","Jackson County, Texas","B18101_013",372,148
"4655","48239","Jackson County, Texas","B18101_014",2519,352
"4656","48239","Jackson County, Texas","B18101_015",840,82
"4657","48239","Jackson County, Texas","B18101_016",158,81
"4658","48239","Jackson County, Texas","B18101_017",682,89
"4659","48239","Jackson County, Texas","B18101_018",589,71
"4660","48239","Jackson County, Texas","B18101_019",374,111
"4661","48239","Jackson County, Texas","B18101_020",215,91
"4662","48239","Jackson County, Texas","B18101_021",7315,238
"4663","48239","Jackson County, Texas","B18101_022",552,95
"4664","48239","Jackson County, Texas","B18101_023",0,23
"4665","48239","Jackson County, Texas","B18101_024",552,95
"4666","48239","Jackson County, Texas","B18101_025",1355,172
"4667","48239","Jackson County, Texas","B18101_026",84,78
"4668","48239","Jackson County, Texas","B18101_027",1271,188
"4669","48239","Jackson County, Texas","B18101_028",1308,111
"4670","48239","Jackson County, Texas","B18101_029",246,183
"4671","48239","Jackson County, Texas","B18101_030",1062,165
"4672","48239","Jackson County, Texas","B18101_031",2639,137
"4673","48239","Jackson County, Texas","B18101_032",357,150
"4674","48239","Jackson County, Texas","B18101_033",2282,185
"4675","48239","Jackson County, Texas","B18101_034",698,84
"4676","48239","Jackson County, Texas","B18101_035",51,34
"4677","48239","Jackson County, Texas","B18101_036",647,86
"4678","48239","Jackson County, Texas","B18101_037",763,98
"4679","48239","Jackson County, Texas","B18101_038",539,134
"4680","48239","Jackson County, Texas","B18101_039",224,97
"4681","48241","Jasper County, Texas","B18101_001",31480,103
"4682","48241","Jasper County, Texas","B18101_002",14990,218
"4683","48241","Jasper County, Texas","B18101_003",1046,126
"4684","48241","Jasper County, Texas","B18101_004",8,20
"4685","48241","Jasper County, Texas","B18101_005",1038,125
"4686","48241","Jasper County, Texas","B18101_006",2931,141
"4687","48241","Jasper County, Texas","B18101_007",231,108
"4688","48241","Jasper County, Texas","B18101_008",2700,180
"4689","48241","Jasper County, Texas","B18101_009",2474,87
"4690","48241","Jasper County, Texas","B18101_010",156,109
"4691","48241","Jasper County, Texas","B18101_011",2318,129
"4692","48241","Jasper County, Texas","B18101_012",5498,163
"4693","48241","Jasper County, Texas","B18101_013",763,185
"4694","48241","Jasper County, Texas","B18101_014",4735,236
"4695","48241","Jasper County, Texas","B18101_015",1852,61
"4696","48241","Jasper County, Texas","B18101_016",562,138
"4697","48241","Jasper County, Texas","B18101_017",1290,144
"4698","48241","Jasper County, Texas","B18101_018",1189,56
"4699","48241","Jasper County, Texas","B18101_019",586,148
"4700","48241","Jasper County, Texas","B18101_020",603,142
"4701","48241","Jasper County, Texas","B18101_021",16490,181
"4702","48241","Jasper County, Texas","B18101_022",825,98
"4703","48241","Jasper County, Texas","B18101_023",0,31
"4704","48241","Jasper County, Texas","B18101_024",825,98
"4705","48241","Jasper County, Texas","B18101_025",2815,107
"4706","48241","Jasper County, Texas","B18101_026",101,80
"4707","48241","Jasper County, Texas","B18101_027",2714,139
"4708","48241","Jasper County, Texas","B18101_028",2918,157
"4709","48241","Jasper County, Texas","B18101_029",210,160
"4710","48241","Jasper County, Texas","B18101_030",2708,237
"4711","48241","Jasper County, Texas","B18101_031",6283,236
"4712","48241","Jasper County, Texas","B18101_032",769,206
"4713","48241","Jasper County, Texas","B18101_033",5514,268
"4714","48241","Jasper County, Texas","B18101_034",2143,167
"4715","48241","Jasper County, Texas","B18101_035",516,135
"4716","48241","Jasper County, Texas","B18101_036",1627,218
"4717","48241","Jasper County, Texas","B18101_037",1506,69
"4718","48241","Jasper County, Texas","B18101_038",644,172
"4719","48241","Jasper County, Texas","B18101_039",862,154
"4720","48243","Jeff Davis County, Texas","B18101_001",1850,341
"4721","48243","Jeff Davis County, Texas","B18101_002",975,218
"4722","48243","Jeff Davis County, Texas","B18101_003",55,51
"4723","48243","Jeff Davis County, Texas","B18101_004",0,15
"4724","48243","Jeff Davis County, Texas","B18101_005",55,51
"4725","48243","Jeff Davis County, Texas","B18101_006",112,108
"4726","48243","Jeff Davis County, Texas","B18101_007",0,15
"4727","48243","Jeff Davis County, Texas","B18101_008",112,108
"4728","48243","Jeff Davis County, Texas","B18101_009",50,67
"4729","48243","Jeff Davis County, Texas","B18101_010",0,15
"4730","48243","Jeff Davis County, Texas","B18101_011",50,67
"4731","48243","Jeff Davis County, Texas","B18101_012",475,104
"4732","48243","Jeff Davis County, Texas","B18101_013",89,99
"4733","48243","Jeff Davis County, Texas","B18101_014",386,127
"4734","48243","Jeff Davis County, Texas","B18101_015",143,58
"4735","48243","Jeff Davis County, Texas","B18101_016",39,38
"4736","48243","Jeff Davis County, Texas","B18101_017",104,49
"4737","48243","Jeff Davis County, Texas","B18101_018",140,96
"4738","48243","Jeff Davis County, Texas","B18101_019",56,36
"4739","48243","Jeff Davis County, Texas","B18101_020",84,96
"4740","48243","Jeff Davis County, Texas","B18101_021",875,168
"4741","48243","Jeff Davis County, Texas","B18101_022",78,73
"4742","48243","Jeff Davis County, Texas","B18101_023",0,15
"4743","48243","Jeff Davis County, Texas","B18101_024",78,73
"4744","48243","Jeff Davis County, Texas","B18101_025",76,60
"4745","48243","Jeff Davis County, Texas","B18101_026",0,15
"4746","48243","Jeff Davis County, Texas","B18101_027",76,60
"4747","48243","Jeff Davis County, Texas","B18101_028",87,69
"4748","48243","Jeff Davis County, Texas","B18101_029",0,15
"4749","48243","Jeff Davis County, Texas","B18101_030",87,69
"4750","48243","Jeff Davis County, Texas","B18101_031",285,86
"4751","48243","Jeff Davis County, Texas","B18101_032",3,5
"4752","48243","Jeff Davis County, Texas","B18101_033",282,86
"4753","48243","Jeff Davis County, Texas","B18101_034",214,70
"4754","48243","Jeff Davis County, Texas","B18101_035",59,58
"4755","48243","Jeff Davis County, Texas","B18101_036",155,63
"4756","48243","Jeff Davis County, Texas","B18101_037",135,117
"4757","48243","Jeff Davis County, Texas","B18101_038",69,80
"4758","48243","Jeff Davis County, Texas","B18101_039",66,85
"4759","48245","Jefferson County, Texas","B18101_001",239620,346
"4760","48245","Jefferson County, Texas","B18101_002",117830,390
"4761","48245","Jefferson County, Texas","B18101_003",8597,40
"4762","48245","Jefferson County, Texas","B18101_004",61,60
"4763","48245","Jefferson County, Texas","B18101_005",8536,77
"4764","48245","Jefferson County, Texas","B18101_006",23430,98
"4765","48245","Jefferson County, Texas","B18101_007",1332,359
"4766","48245","Jefferson County, Texas","B18101_008",22098,347
"4767","48245","Jefferson County, Texas","B18101_009",27226,381
"4768","48245","Jefferson County, Texas","B18101_010",2175,509
"4769","48245","Jefferson County, Texas","B18101_011",25051,625
"4770","48245","Jefferson County, Texas","B18101_012",42040,382
"4771","48245","Jefferson County, Texas","B18101_013",6811,602
"4772","48245","Jefferson County, Texas","B18101_014",35229,638
"4773","48245","Jefferson County, Texas","B18101_015",10501,184
"4774","48245","Jefferson County, Texas","B18101_016",3147,369
"4775","48245","Jefferson County, Texas","B18101_017",7354,390
"4776","48245","Jefferson County, Texas","B18101_018",6036,118
"4777","48245","Jefferson County, Texas","B18101_019",3414,335
"4778","48245","Jefferson County, Texas","B18101_020",2622,315
"4779","48245","Jefferson County, Texas","B18101_021",121790,218
"4780","48245","Jefferson County, Texas","B18101_022",8160,32
"4781","48245","Jefferson County, Texas","B18101_023",10,18
"4782","48245","Jefferson County, Texas","B18101_024",8150,40
"4783","48245","Jefferson County, Texas","B18101_025",22224,103
"4784","48245","Jefferson County, Texas","B18101_026",1027,258
"4785","48245","Jefferson County, Texas","B18101_027",21197,282
"4786","48245","Jefferson County, Texas","B18101_028",26001,135
"4787","48245","Jefferson County, Texas","B18101_029",1817,400
"4788","48245","Jefferson County, Texas","B18101_030",24184,415
"4789","48245","Jefferson County, Texas","B18101_031",44415,117
"4790","48245","Jefferson County, Texas","B18101_032",7727,758
"4791","48245","Jefferson County, Texas","B18101_033",36688,770
"4792","48245","Jefferson County, Texas","B18101_034",12235,176
"4793","48245","Jefferson County, Texas","B18101_035",3722,352
"4794","48245","Jefferson County, Texas","B18101_036",8513,360
"4795","48245","Jefferson County, Texas","B18101_037",8755,150
"4796","48245","Jefferson County, Texas","B18101_038",4761,332
"4797","48245","Jefferson County, Texas","B18101_039",3994,334
"4798","48247","Jim Hogg County, Texas","B18101_001",4656,4
"4799","48247","Jim Hogg County, Texas","B18101_002",2634,209
"4800","48247","Jim Hogg County, Texas","B18101_003",442,130
"4801","48247","Jim Hogg County, Texas","B18101_004",46,66
"4802","48247","Jim Hogg County, Texas","B18101_005",396,147
"4803","48247","Jim Hogg County, Texas","B18101_006",355,116
"4804","48247","Jim Hogg County, Texas","B18101_007",80,70
"4805","48247","Jim Hogg County, Texas","B18101_008",275,92
"4806","48247","Jim Hogg County, Texas","B18101_009",907,263
"4807","48247","Jim Hogg County, Texas","B18101_010",0,15
"4808","48247","Jim Hogg County, Texas","B18101_011",907,263
"4809","48247","Jim Hogg County, Texas","B18101_012",743,165
"4810","48247","Jim Hogg County, Texas","B18101_013",185,98
"4811","48247","Jim Hogg County, Texas","B18101_014",558,151
"4812","48247","Jim Hogg County, Texas","B18101_015",164,79
"4813","48247","Jim Hogg County, Texas","B18101_016",85,63
"4814","48247","Jim Hogg County, Texas","B18101_017",79,50
"4815","48247","Jim Hogg County, Texas","B18101_018",23,19
"4816","48247","Jim Hogg County, Texas","B18101_019",12,13
"4817","48247","Jim Hogg County, Texas","B18101_020",11,11
"4818","48247","Jim Hogg County, Texas","B18101_021",2022,210
"4819","48247","Jim Hogg County, Texas","B18101_022",292,105
"4820","48247","Jim Hogg County, Texas","B18101_023",0,15
"4821","48247","Jim Hogg County, Texas","B18101_024",292,105
"4822","48247","Jim Hogg County, Texas","B18101_025",438,164
"4823","48247","Jim Hogg County, Texas","B18101_026",0,15
"4824","48247","Jim Hogg County, Texas","B18101_027",438,164
"4825","48247","Jim Hogg County, Texas","B18101_028",488,139
"4826","48247","Jim Hogg County, Texas","B18101_029",12,18
"4827","48247","Jim Hogg County, Texas","B18101_030",476,138
"4828","48247","Jim Hogg County, Texas","B18101_031",561,133
"4829","48247","Jim Hogg County, Texas","B18101_032",109,79
"4830","48247","Jim Hogg County, Texas","B18101_033",452,116
"4831","48247","Jim Hogg County, Texas","B18101_034",170,64
"4832","48247","Jim Hogg County, Texas","B18101_035",26,27
"4833","48247","Jim Hogg County, Texas","B18101_036",144,61
"4834","48247","Jim Hogg County, Texas","B18101_037",73,44
"4835","48247","Jim Hogg County, Texas","B18101_038",39,33
"4836","48247","Jim Hogg County, Texas","B18101_039",34,24
"4837","48249","Jim Wells County, Texas","B18101_001",38514,12
"4838","48249","Jim Wells County, Texas","B18101_002",19193,108
"4839","48249","Jim Wells County, Texas","B18101_003",1374,46
"4840","48249","Jim Wells County, Texas","B18101_004",13,22
"4841","48249","Jim Wells County, Texas","B18101_005",1361,46
"4842","48249","Jim Wells County, Texas","B18101_006",4173,80
"4843","48249","Jim Wells County, Texas","B18101_007",275,142
"4844","48249","Jim Wells County, Texas","B18101_008",3898,161
"4845","48249","Jim Wells County, Texas","B18101_009",4252,50
"4846","48249","Jim Wells County, Texas","B18101_010",667,245
"4847","48249","Jim Wells County, Texas","B18101_011",3585,250
"4848","48249","Jim Wells County, Texas","B18101_012",6576,92
"4849","48249","Jim Wells County, Texas","B18101_013",1587,399
"4850","48249","Jim Wells County, Texas","B18101_014",4989,396
"4851","48249","Jim Wells County, Texas","B18101_015",1734,41
"4852","48249","Jim Wells County, Texas","B18101_016",681,182
"4853","48249","Jim Wells County, Texas","B18101_017",1053,176
"4854","48249","Jim Wells County, Texas","B18101_018",1084,50
"4855","48249","Jim Wells County, Texas","B18101_019",608,108
"4856","48249","Jim Wells County, Texas","B18101_020",476,110
"4857","48249","Jim Wells County, Texas","B18101_021",19321,107
"4858","48249","Jim Wells County, Texas","B18101_022",1202,52
"4859","48249","Jim Wells County, Texas","B18101_023",7,26
"4860","48249","Jim Wells County, Texas","B18101_024",1195,53
"4861","48249","Jim Wells County, Texas","B18101_025",3860,74
"4862","48249","Jim Wells County, Texas","B18101_026",165,118
"4863","48249","Jim Wells County, Texas","B18101_027",3695,137
"4864","48249","Jim Wells County, Texas","B18101_028",4015,37
"4865","48249","Jim Wells County, Texas","B18101_029",128,88
"4866","48249","Jim Wells County, Texas","B18101_030",3887,97
"4867","48249","Jim Wells County, Texas","B18101_031",6934,79
"4868","48249","Jim Wells County, Texas","B18101_032",894,226
"4869","48249","Jim Wells County, Texas","B18101_033",6040,236
"4870","48249","Jim Wells County, Texas","B18101_034",1888,67
"4871","48249","Jim Wells County, Texas","B18101_035",451,135
"4872","48249","Jim Wells County, Texas","B18101_036",1437,135
"4873","48249","Jim Wells County, Texas","B18101_037",1422,50
"4874","48249","Jim Wells County, Texas","B18101_038",791,195
"4875","48249","Jim Wells County, Texas","B18101_039",631,185
"4876","48251","Johnson County, Texas","B18101_001",192808,215
"4877","48251","Johnson County, Texas","B18101_002",96211,277
"4878","48251","Johnson County, Texas","B18101_003",6235,65
"4879","48251","Johnson County, Texas","B18101_004",0,35
"4880","48251","Johnson County, Texas","B18101_005",6235,65
"4881","48251","Johnson County, Texas","B18101_006",19692,103
"4882","48251","Johnson County, Texas","B18101_007",1556,443
"4883","48251","Johnson County, Texas","B18101_008",18136,454
"4884","48251","Johnson County, Texas","B18101_009",20974,277
"4885","48251","Johnson County, Texas","B18101_010",1298,290
"4886","48251","Johnson County, Texas","B18101_011",19676,382
"4887","48251","Johnson County, Texas","B18101_012",37262,308
"4888","48251","Johnson County, Texas","B18101_013",4574,498
"4889","48251","Johnson County, Texas","B18101_014",32688,612
"4890","48251","Johnson County, Texas","B18101_015",7847,99
"4891","48251","Johnson County, Texas","B18101_016",2397,418
"4892","48251","Johnson County, Texas","B18101_017",5450,438
"4893","48251","Johnson County, Texas","B18101_018",4201,92
"4894","48251","Johnson County, Texas","B18101_019",2144,267
"4895","48251","Johnson County, Texas","B18101_020",2057,269
"4896","48251","Johnson County, Texas","B18101_021",96597,191
"4897","48251","Johnson County, Texas","B18101_022",5978,64
"4898","48251","Johnson County, Texas","B18101_023",11,20
"4899","48251","Johnson County, Texas","B18101_024",5967,70
"4900","48251","Johnson County, Texas","B18101_025",18345,54
"4901","48251","Johnson County, Texas","B18101_026",684,235
"4902","48251","Johnson County, Texas","B18101_027",17661,247
"4903","48251","Johnson County, Texas","B18101_028",20879,120
"4904","48251","Johnson County, Texas","B18101_029",1364,284
"4905","48251","Johnson County, Texas","B18101_030",19515,314
"4906","48251","Johnson County, Texas","B18101_031",36716,149
"4907","48251","Johnson County, Texas","B18101_032",4442,479
"4908","48251","Johnson County, Texas","B18101_033",32274,535
"4909","48251","Johnson County, Texas","B18101_034",8836,106
"4910","48251","Johnson County, Texas","B18101_035",2280,293
"4911","48251","Johnson County, Texas","B18101_036",6556,292
"4912","48251","Johnson County, Texas","B18101_037",5843,127
"4913","48251","Johnson County, Texas","B18101_038",3068,315
"4914","48251","Johnson County, Texas","B18101_039",2775,308
"4915","48253","Jones County, Texas","B18101_001",14466,189
"4916","48253","Jones County, Texas","B18101_002",7334,194
"4917","48253","Jones County, Texas","B18101_003",467,44
"4918","48253","Jones County, Texas","B18101_004",0,28
"4919","48253","Jones County, Texas","B18101_005",467,44
"4920","48253","Jones County, Texas","B18101_006",1346,81
"4921","48253","Jones County, Texas","B18101_007",79,47
"4922","48253","Jones County, Texas","B18101_008",1267,91
"4923","48253","Jones County, Texas","B18101_009",1676,218
"4924","48253","Jones County, Texas","B18101_010",174,79
"4925","48253","Jones County, Texas","B18101_011",1502,213
"4926","48253","Jones County, Texas","B18101_012",2359,236
"4927","48253","Jones County, Texas","B18101_013",479,127
"4928","48253","Jones County, Texas","B18101_014",1880,222
"4929","48253","Jones County, Texas","B18101_015",994,79
"4930","48253","Jones County, Texas","B18101_016",315,98
"4931","48253","Jones County, Texas","B18101_017",679,104
"4932","48253","Jones County, Texas","B18101_018",492,41
"4933","48253","Jones County, Texas","B18101_019",312,63
"4934","48253","Jones County, Texas","B18101_020",180,58
"4935","48253","Jones County, Texas","B18101_021",7132,167
"4936","48253","Jones County, Texas","B18101_022",388,35
"4937","48253","Jones County, Texas","B18101_023",0,28
"4938","48253","Jones County, Texas","B18101_024",388,35
"4939","48253","Jones County, Texas","B18101_025",1233,63
"4940","48253","Jones County, Texas","B18101_026",58,53
"4941","48253","Jones County, Texas","B18101_027",1175,52
"4942","48253","Jones County, Texas","B18101_028",1215,103
"4943","48253","Jones County, Texas","B18101_029",236,97
"4944","48253","Jones County, Texas","B18101_030",979,154
"4945","48253","Jones County, Texas","B18101_031",2650,146
"4946","48253","Jones County, Texas","B18101_032",331,97
"4947","48253","Jones County, Texas","B18101_033",2319,158
"4948","48253","Jones County, Texas","B18101_034",910,94
"4949","48253","Jones County, Texas","B18101_035",273,79
"4950","48253","Jones County, Texas","B18101_036",637,119
"4951","48253","Jones County, Texas","B18101_037",736,104
"4952","48253","Jones County, Texas","B18101_038",365,102
"4953","48253","Jones County, Texas","B18101_039",371,118
"4954","48255","Karnes County, Texas","B18101_001",11613,157
"4955","48255","Karnes County, Texas","B18101_002",5600,240
"4956","48255","Karnes County, Texas","B18101_003",315,173
"4957","48255","Karnes County, Texas","B18101_004",0,23
"4958","48255","Karnes County, Texas","B18101_005",315,173
"4959","48255","Karnes County, Texas","B18101_006",1071,90
"4960","48255","Karnes County, Texas","B18101_007",231,177
"4961","48255","Karnes County, Texas","B18101_008",840,185
"4962","48255","Karnes County, Texas","B18101_009",1304,174
"4963","48255","Karnes County, Texas","B18101_010",330,171
"4964","48255","Karnes County, Texas","B18101_011",974,195
"4965","48255","Karnes County, Texas","B18101_012",2077,224
"4966","48255","Karnes County, Texas","B18101_013",269,114
"4967","48255","Karnes County, Texas","B18101_014",1808,225
"4968","48255","Karnes County, Texas","B18101_015",549,102
"4969","48255","Karnes County, Texas","B18101_016",95,55
"4970","48255","Karnes County, Texas","B18101_017",454,99
"4971","48255","Karnes County, Texas","B18101_018",284,77
"4972","48255","Karnes County, Texas","B18101_019",147,60
"4973","48255","Karnes County, Texas","B18101_020",137,70
"4974","48255","Karnes County, Texas","B18101_021",6013,218
"4975","48255","Karnes County, Texas","B18101_022",410,172
"4976","48255","Karnes County, Texas","B18101_023",0,23
"4977","48255","Karnes County, Texas","B18101_024",410,172
"4978","48255","Karnes County, Texas","B18101_025",1112,78
"4979","48255","Karnes County, Texas","B18101_026",195,149
"4980","48255","Karnes County, Texas","B18101_027",917,153
"4981","48255","Karnes County, Texas","B18101_028",1087,102
"4982","48255","Karnes County, Texas","B18101_029",53,56
"4983","48255","Karnes County, Texas","B18101_030",1034,108
"4984","48255","Karnes County, Texas","B18101_031",2289,163
"4985","48255","Karnes County, Texas","B18101_032",608,182
"4986","48255","Karnes County, Texas","B18101_033",1681,215
"4987","48255","Karnes County, Texas","B18101_034",612,36
"4988","48255","Karnes County, Texas","B18101_035",249,89
"4989","48255","Karnes County, Texas","B18101_036",363,93
"4990","48255","Karnes County, Texas","B18101_037",503,77
"4991","48255","Karnes County, Texas","B18101_038",210,73
"4992","48255","Karnes County, Texas","B18101_039",293,79
"4993","48257","Kaufman County, Texas","B18101_001",171350,90
"4994","48257","Kaufman County, Texas","B18101_002",84295,183
"4995","48257","Kaufman County, Texas","B18101_003",6646,111
"4996","48257","Kaufman County, Texas","B18101_004",10,17
"4997","48257","Kaufman County, Texas","B18101_005",6636,111
"4998","48257","Kaufman County, Texas","B18101_006",18679,66
"4999","48257","Kaufman County, Texas","B18101_007",1124,317
"5000","48257","Kaufman County, Texas","B18101_008",17555,308
"5001","48257","Kaufman County, Texas","B18101_009",19138,100
"5002","48257","Kaufman County, Texas","B18101_010",2285,585
"5003","48257","Kaufman County, Texas","B18101_011",16853,606
"5004","48257","Kaufman County, Texas","B18101_012",31668,157
"5005","48257","Kaufman County, Texas","B18101_013",3982,662
"5006","48257","Kaufman County, Texas","B18101_014",27686,666
"5007","48257","Kaufman County, Texas","B18101_015",5522,98
"5008","48257","Kaufman County, Texas","B18101_016",1457,266
"5009","48257","Kaufman County, Texas","B18101_017",4065,300
"5010","48257","Kaufman County, Texas","B18101_018",2642,67
"5011","48257","Kaufman County, Texas","B18101_019",1326,194
"5012","48257","Kaufman County, Texas","B18101_020",1316,194
"5013","48257","Kaufman County, Texas","B18101_021",87055,172
"5014","48257","Kaufman County, Texas","B18101_022",6135,109
"5015","48257","Kaufman County, Texas","B18101_023",0,35
"5016","48257","Kaufman County, Texas","B18101_024",6135,109
"5017","48257","Kaufman County, Texas","B18101_025",18179,57
"5018","48257","Kaufman County, Texas","B18101_026",535,256
"5019","48257","Kaufman County, Texas","B18101_027",17644,269
"5020","48257","Kaufman County, Texas","B18101_028",20195,158
"5021","48257","Kaufman County, Texas","B18101_029",1320,429
"5022","48257","Kaufman County, Texas","B18101_030",18875,464
"5023","48257","Kaufman County, Texas","B18101_031",32739,165
"5024","48257","Kaufman County, Texas","B18101_032",3428,553
"5025","48257","Kaufman County, Texas","B18101_033",29311,567
"5026","48257","Kaufman County, Texas","B18101_034",6179,105
"5027","48257","Kaufman County, Texas","B18101_035",1665,297
"5028","48257","Kaufman County, Texas","B18101_036",4514,297
"5029","48257","Kaufman County, Texas","B18101_037",3628,111
"5030","48257","Kaufman County, Texas","B18101_038",1844,224
"5031","48257","Kaufman County, Texas","B18101_039",1784,227
"5032","48259","Kendall County, Texas","B18101_001",47855,59
"5033","48259","Kendall County, Texas","B18101_002",23446,243
"5034","48259","Kendall County, Texas","B18101_003",1091,2
"5035","48259","Kendall County, Texas","B18101_004",0,31
"5036","48259","Kendall County, Texas","B18101_005",1091,2
"5037","48259","Kendall County, Texas","B18101_006",4249,133
"5038","48259","Kendall County, Texas","B18101_007",276,159
"5039","48259","Kendall County, Texas","B18101_008",3973,198
"5040","48259","Kendall County, Texas","B18101_009",4168,125
"5041","48259","Kendall County, Texas","B18101_010",292,173
"5042","48259","Kendall County, Texas","B18101_011",3876,215
"5043","48259","Kendall County, Texas","B18101_012",9465,128
"5044","48259","Kendall County, Texas","B18101_013",1037,293
"5045","48259","Kendall County, Texas","B18101_014",8428,324
"5046","48259","Kendall County, Texas","B18101_015",2813,144
"5047","48259","Kendall County, Texas","B18101_016",643,181
"5048","48259","Kendall County, Texas","B18101_017",2170,221
"5049","48259","Kendall County, Texas","B18101_018",1660,54
"5050","48259","Kendall County, Texas","B18101_019",794,146
"5051","48259","Kendall County, Texas","B18101_020",866,148
"5052","48259","Kendall County, Texas","B18101_021",24409,238
"5053","48259","Kendall County, Texas","B18101_022",1166,146
"5054","48259","Kendall County, Texas","B18101_023",0,31
"5055","48259","Kendall County, Texas","B18101_024",1166,146
"5056","48259","Kendall County, Texas","B18101_025",4289,181
"5057","48259","Kendall County, Texas","B18101_026",264,150
"5058","48259","Kendall County, Texas","B18101_027",4025,251
"5059","48259","Kendall County, Texas","B18101_028",4066,146
"5060","48259","Kendall County, Texas","B18101_029",259,145
"5061","48259","Kendall County, Texas","B18101_030",3807,202
"5062","48259","Kendall County, Texas","B18101_031",9844,121
"5063","48259","Kendall County, Texas","B18101_032",877,282
"5064","48259","Kendall County, Texas","B18101_033",8967,287
"5065","48259","Kendall County, Texas","B18101_034",2911,54
"5066","48259","Kendall County, Texas","B18101_035",417,181
"5067","48259","Kendall County, Texas","B18101_036",2494,197
"5068","48259","Kendall County, Texas","B18101_037",2133,85
"5069","48259","Kendall County, Texas","B18101_038",1004,192
"5070","48259","Kendall County, Texas","B18101_039",1129,196
"5071","48261","Kenedy County, Texas","B18101_001",145,90
"5072","48261","Kenedy County, Texas","B18101_002",77,49
"5073","48261","Kenedy County, Texas","B18101_003",0,15
"5074","48261","Kenedy County, Texas","B18101_004",0,15
"5075","48261","Kenedy County, Texas","B18101_005",0,15
"5076","48261","Kenedy County, Texas","B18101_006",9,13
"5077","48261","Kenedy County, Texas","B18101_007",0,15
"5078","48261","Kenedy County, Texas","B18101_008",9,13
"5079","48261","Kenedy County, Texas","B18101_009",4,5
"5080","48261","Kenedy County, Texas","B18101_010",2,4
"5081","48261","Kenedy County, Texas","B18101_011",2,3
"5082","48261","Kenedy County, Texas","B18101_012",40,35
"5083","48261","Kenedy County, Texas","B18101_013",11,16
"5084","48261","Kenedy County, Texas","B18101_014",29,30
"5085","48261","Kenedy County, Texas","B18101_015",21,20
"5086","48261","Kenedy County, Texas","B18101_016",0,15
"5087","48261","Kenedy County, Texas","B18101_017",21,20
"5088","48261","Kenedy County, Texas","B18101_018",3,3
"5089","48261","Kenedy County, Texas","B18101_019",1,2
"5090","48261","Kenedy County, Texas","B18101_020",2,3
"5091","48261","Kenedy County, Texas","B18101_021",68,47
"5092","48261","Kenedy County, Texas","B18101_022",0,15
"5093","48261","Kenedy County, Texas","B18101_023",0,15
"5094","48261","Kenedy County, Texas","B18101_024",0,15
"5095","48261","Kenedy County, Texas","B18101_025",11,16
"5096","48261","Kenedy County, Texas","B18101_026",0,15
"5097","48261","Kenedy County, Texas","B18101_027",11,16
"5098","48261","Kenedy County, Texas","B18101_028",7,9
"5099","48261","Kenedy County, Texas","B18101_029",0,15
"5100","48261","Kenedy County, Texas","B18101_030",7,9
"5101","48261","Kenedy County, Texas","B18101_031",17,15
"5102","48261","Kenedy County, Texas","B18101_032",0,15
"5103","48261","Kenedy County, Texas","B18101_033",17,15
"5104","48261","Kenedy County, Texas","B18101_034",24,30
"5105","48261","Kenedy County, Texas","B18101_035",24,30
"5106","48261","Kenedy County, Texas","B18101_036",0,15
"5107","48261","Kenedy County, Texas","B18101_037",9,11
"5108","48261","Kenedy County, Texas","B18101_038",9,11
"5109","48261","Kenedy County, Texas","B18101_039",0,15
"5110","48263","Kent County, Texas","B18101_001",680,117
"5111","48263","Kent County, Texas","B18101_002",379,81
"5112","48263","Kent County, Texas","B18101_003",13,18
"5113","48263","Kent County, Texas","B18101_004",0,15
"5114","48263","Kent County, Texas","B18101_005",13,18
"5115","48263","Kent County, Texas","B18101_006",66,45
"5116","48263","Kent County, Texas","B18101_007",0,15
"5117","48263","Kent County, Texas","B18101_008",66,45
"5118","48263","Kent County, Texas","B18101_009",57,36
"5119","48263","Kent County, Texas","B18101_010",5,7
"5120","48263","Kent County, Texas","B18101_011",52,33
"5121","48263","Kent County, Texas","B18101_012",173,65
"5122","48263","Kent County, Texas","B18101_013",56,48
"5123","48263","Kent County, Texas","B18101_014",117,44
"5124","48263","Kent County, Texas","B18101_015",56,26
"5125","48263","Kent County, Texas","B18101_016",26,21
"5126","48263","Kent County, Texas","B18101_017",30,16
"5127","48263","Kent County, Texas","B18101_018",14,14
"5128","48263","Kent County, Texas","B18101_019",12,14
"5129","48263","Kent County, Texas","B18101_020",2,3
"5130","48263","Kent County, Texas","B18101_021",301,70
"5131","48263","Kent County, Texas","B18101_022",4,5
"5132","48263","Kent County, Texas","B18101_023",0,15
"5133","48263","Kent County, Texas","B18101_024",4,5
"5134","48263","Kent County, Texas","B18101_025",1,2
"5135","48263","Kent County, Texas","B18101_026",0,15
"5136","48263","Kent County, Texas","B18101_027",1,2
"5137","48263","Kent County, Texas","B18101_028",32,22
"5138","48263","Kent County, Texas","B18101_029",0,15
"5139","48263","Kent County, Texas","B18101_030",32,22
"5140","48263","Kent County, Texas","B18101_031",109,35
"5141","48263","Kent County, Texas","B18101_032",31,18
"5142","48263","Kent County, Texas","B18101_033",78,27
"5143","48263","Kent County, Texas","B18101_034",71,34
"5144","48263","Kent County, Texas","B18101_035",15,14
"5145","48263","Kent County, Texas","B18101_036",56,32
"5146","48263","Kent County, Texas","B18101_037",84,50
"5147","48263","Kent County, Texas","B18101_038",41,34
"5148","48263","Kent County, Texas","B18101_039",43,40
"5149","48265","Kerr County, Texas","B18101_001",52387,72
"5150","48265","Kerr County, Texas","B18101_002",25354,148
"5151","48265","Kerr County, Texas","B18101_003",1201,14
"5152","48265","Kerr County, Texas","B18101_004",75,98
"5153","48265","Kerr County, Texas","B18101_005",1126,98
"5154","48265","Kerr County, Texas","B18101_006",3654,128
"5155","48265","Kerr County, Texas","B18101_007",228,103
"5156","48265","Kerr County, Texas","B18101_008",3426,144
"5157","48265","Kerr County, Texas","B18101_009",4748,190
"5158","48265","Kerr County, Texas","B18101_010",326,132
"5159","48265","Kerr County, Texas","B18101_011",4422,249
"5160","48265","Kerr County, Texas","B18101_012",8750,138
"5161","48265","Kerr County, Texas","B18101_013",1425,331
"5162","48265","Kerr County, Texas","B18101_014",7325,349
"5163","48265","Kerr County, Texas","B18101_015",3764,83
"5164","48265","Kerr County, Texas","B18101_016",1064,174
"5165","48265","Kerr County, Texas","B18101_017",2700,181
"5166","48265","Kerr County, Texas","B18101_018",3237,90
"5167","48265","Kerr County, Texas","B18101_019",1494,246
"5168","48265","Kerr County, Texas","B18101_020",1743,278
"5169","48265","Kerr County, Texas","B18101_021",27033,136
"5170","48265","Kerr County, Texas","B18101_022",1202,32
"5171","48265","Kerr County, Texas","B18101_023",5,8
"5172","48265","Kerr County, Texas","B18101_024",1197,30
"5173","48265","Kerr County, Texas","B18101_025",3482,62
"5174","48265","Kerr County, Texas","B18101_026",180,103
"5175","48265","Kerr County, Texas","B18101_027",3302,147
"5176","48265","Kerr County, Texas","B18101_028",4787,91
"5177","48265","Kerr County, Texas","B18101_029",366,173
"5178","48265","Kerr County, Texas","B18101_030",4421,198
"5179","48265","Kerr County, Texas","B18101_031",9539,78
"5180","48265","Kerr County, Texas","B18101_032",1104,238
"5181","48265","Kerr County, Texas","B18101_033",8435,245
"5182","48265","Kerr County, Texas","B18101_034",4366,104
"5183","48265","Kerr County, Texas","B18101_035",798,246
"5184","48265","Kerr County, Texas","B18101_036",3568,277
"5185","48265","Kerr County, Texas","B18101_037",3657,88
"5186","48265","Kerr County, Texas","B18101_038",1542,214
"5187","48265","Kerr County, Texas","B18101_039",2115,217
"5188","48267","Kimble County, Texas","B18101_001",4349,40
"5189","48267","Kimble County, Texas","B18101_002",2121,136
"5190","48267","Kimble County, Texas","B18101_003",73,42
"5191","48267","Kimble County, Texas","B18101_004",0,15
"5192","48267","Kimble County, Texas","B18101_005",73,42
"5193","48267","Kimble County, Texas","B18101_006",293,115
"5194","48267","Kimble County, Texas","B18101_007",36,43
"5195","48267","Kimble County, Texas","B18101_008",257,114
"5196","48267","Kimble County, Texas","B18101_009",352,70
"5197","48267","Kimble County, Texas","B18101_010",81,72
"5198","48267","Kimble County, Texas","B18101_011",271,72
"5199","48267","Kimble County, Texas","B18101_012",780,105
"5200","48267","Kimble County, Texas","B18101_013",87,89
"5201","48267","Kimble County, Texas","B18101_014",693,103
"5202","48267","Kimble County, Texas","B18101_015",418,71
"5203","48267","Kimble County, Texas","B18101_016",163,69
"5204","48267","Kimble County, Texas","B18101_017",255,75
"5205","48267","Kimble County, Texas","B18101_018",205,74
"5206","48267","Kimble County, Texas","B18101_019",147,80
"5207","48267","Kimble County, Texas","B18101_020",58,43
"5208","48267","Kimble County, Texas","B18101_021",2228,134
"5209","48267","Kimble County, Texas","B18101_022",144,59
"5210","48267","Kimble County, Texas","B18101_023",0,15
"5211","48267","Kimble County, Texas","B18101_024",144,59
"5212","48267","Kimble County, Texas","B18101_025",236,108
"5213","48267","Kimble County, Texas","B18101_026",0,15
"5214","48267","Kimble County, Texas","B18101_027",236,108
"5215","48267","Kimble County, Texas","B18101_028",337,53
"5216","48267","Kimble County, Texas","B18101_029",67,58
"5217","48267","Kimble County, Texas","B18101_030",270,72
"5218","48267","Kimble County, Texas","B18101_031",763,99
"5219","48267","Kimble County, Texas","B18101_032",150,81
"5220","48267","Kimble County, Texas","B18101_033",613,99
"5221","48267","Kimble County, Texas","B18101_034",471,55
"5222","48267","Kimble County, Texas","B18101_035",131,60
"5223","48267","Kimble County, Texas","B18101_036",340,68
"5224","48267","Kimble County, Texas","B18101_037",277,73
"5225","48267","Kimble County, Texas","B18101_038",106,74
"5226","48267","Kimble County, Texas","B18101_039",171,68
"5227","48269","King County, Texas","B18101_001",211,83
"5228","48269","King County, Texas","B18101_002",103,47
"5229","48269","King County, Texas","B18101_003",9,11
"5230","48269","King County, Texas","B18101_004",0,15
"5231","48269","King County, Texas","B18101_005",9,11
"5232","48269","King County, Texas","B18101_006",11,9
"5233","48269","King County, Texas","B18101_007",0,15
"5234","48269","King County, Texas","B18101_008",11,9
"5235","48269","King County, Texas","B18101_009",13,20
"5236","48269","King County, Texas","B18101_010",0,15
"5237","48269","King County, Texas","B18101_011",13,20
"5238","48269","King County, Texas","B18101_012",37,26
"5239","48269","King County, Texas","B18101_013",4,4
"5240","48269","King County, Texas","B18101_014",33,26
"5241","48269","King County, Texas","B18101_015",26,14
"5242","48269","King County, Texas","B18101_016",6,5
"5243","48269","King County, Texas","B18101_017",20,15
"5244","48269","King County, Texas","B18101_018",7,6
"5245","48269","King County, Texas","B18101_019",5,5
"5246","48269","King County, Texas","B18101_020",2,3
"5247","48269","King County, Texas","B18101_021",108,44
"5248","48269","King County, Texas","B18101_022",7,7
"5249","48269","King County, Texas","B18101_023",0,15
"5250","48269","King County, Texas","B18101_024",7,7
"5251","48269","King County, Texas","B18101_025",4,7
"5252","48269","King County, Texas","B18101_026",0,15
"5253","48269","King County, Texas","B18101_027",4,7
"5254","48269","King County, Texas","B18101_028",33,31
"5255","48269","King County, Texas","B18101_029",0,15
"5256","48269","King County, Texas","B18101_030",33,31
"5257","48269","King County, Texas","B18101_031",32,21
"5258","48269","King County, Texas","B18101_032",1,2
"5259","48269","King County, Texas","B18101_033",31,21
"5260","48269","King County, Texas","B18101_034",17,13
"5261","48269","King County, Texas","B18101_035",9,8
"5262","48269","King County, Texas","B18101_036",8,10
"5263","48269","King County, Texas","B18101_037",15,16
"5264","48269","King County, Texas","B18101_038",13,15
"5265","48269","King County, Texas","B18101_039",2,3
"5266","48271","Kinney County, Texas","B18101_001",2814,14
"5267","48271","Kinney County, Texas","B18101_002",1521,177
"5268","48271","Kinney County, Texas","B18101_003",0,15
"5269","48271","Kinney County, Texas","B18101_004",0,15
"5270","48271","Kinney County, Texas","B18101_005",0,15
"5271","48271","Kinney County, Texas","B18101_006",123,91
"5272","48271","Kinney County, Texas","B18101_007",0,15
"5273","48271","Kinney County, Texas","B18101_008",123,91
"5274","48271","Kinney County, Texas","B18101_009",332,123
"5275","48271","Kinney County, Texas","B18101_010",0,15
"5276","48271","Kinney County, Texas","B18101_011",332,123
"5277","48271","Kinney County, Texas","B18101_012",682,222
"5278","48271","Kinney County, Texas","B18101_013",145,119
"5279","48271","Kinney County, Texas","B18101_014",537,221
"5280","48271","Kinney County, Texas","B18101_015",135,97
"5281","48271","Kinney County, Texas","B18101_016",50,59
"5282","48271","Kinney County, Texas","B18101_017",85,75
"5283","48271","Kinney County, Texas","B18101_018",249,94
"5284","48271","Kinney County, Texas","B18101_019",88,71
"5285","48271","Kinney County, Texas","B18101_020",161,105
"5286","48271","Kinney County, Texas","B18101_021",1293,177
"5287","48271","Kinney County, Texas","B18101_022",66,78
"5288","48271","Kinney County, Texas","B18101_023",0,15
"5289","48271","Kinney County, Texas","B18101_024",66,78
"5290","48271","Kinney County, Texas","B18101_025",41,47
"5291","48271","Kinney County, Texas","B18101_026",14,19
"5292","48271","Kinney County, Texas","B18101_027",27,43
"5293","48271","Kinney County, Texas","B18101_028",302,167
"5294","48271","Kinney County, Texas","B18101_029",2,5
"5295","48271","Kinney County, Texas","B18101_030",300,167
"5296","48271","Kinney County, Texas","B18101_031",432,89
"5297","48271","Kinney County, Texas","B18101_032",138,78
"5298","48271","Kinney County, Texas","B18101_033",294,83
"5299","48271","Kinney County, Texas","B18101_034",276,109
"5300","48271","Kinney County, Texas","B18101_035",150,94
"5301","48271","Kinney County, Texas","B18101_036",126,81
"5302","48271","Kinney County, Texas","B18101_037",176,95
"5303","48271","Kinney County, Texas","B18101_038",131,83
"5304","48271","Kinney County, Texas","B18101_039",45,46
"5305","48273","Kleberg County, Texas","B18101_001",29929,99
"5306","48273","Kleberg County, Texas","B18101_002",14756,152
"5307","48273","Kleberg County, Texas","B18101_003",1036,82
"5308","48273","Kleberg County, Texas","B18101_004",27,37
"5309","48273","Kleberg County, Texas","B18101_005",1009,83
"5310","48273","Kleberg County, Texas","B18101_006",2651,96
"5311","48273","Kleberg County, Texas","B18101_007",157,102
"5312","48273","Kleberg County, Texas","B18101_008",2494,135
"5313","48273","Kleberg County, Texas","B18101_009",4721,157
"5314","48273","Kleberg County, Texas","B18101_010",155,143
"5315","48273","Kleberg County, Texas","B18101_011",4566,188
"5316","48273","Kleberg County, Texas","B18101_012",4571,165
"5317","48273","Kleberg County, Texas","B18101_013",1003,281
"5318","48273","Kleberg County, Texas","B18101_014",3568,314
"5319","48273","Kleberg County, Texas","B18101_015",1042,39
"5320","48273","Kleberg County, Texas","B18101_016",388,107
"5321","48273","Kleberg County, Texas","B18101_017",654,111
"5322","48273","Kleberg County, Texas","B18101_018",735,32
"5323","48273","Kleberg County, Texas","B18101_019",314,115
"5324","48273","Kleberg County, Texas","B18101_020",421,107
"5325","48273","Kleberg County, Texas","B18101_021",15173,164
"5326","48273","Kleberg County, Texas","B18101_022",1011,80
"5327","48273","Kleberg County, Texas","B18101_023",0,31
"5328","48273","Kleberg County, Texas","B18101_024",1011,80
"5329","48273","Kleberg County, Texas","B18101_025",2653,76
"5330","48273","Kleberg County, Texas","B18101_026",295,129
"5331","48273","Kleberg County, Texas","B18101_027",2358,129
"5332","48273","Kleberg County, Texas","B18101_028",5056,177
"5333","48273","Kleberg County, Texas","B18101_029",177,97
"5334","48273","Kleberg County, Texas","B18101_030",4879,173
"5335","48273","Kleberg County, Texas","B18101_031",4345,139
"5336","48273","Kleberg County, Texas","B18101_032",624,154
"5337","48273","Kleberg County, Texas","B18101_033",3721,212
"5338","48273","Kleberg County, Texas","B18101_034",1175,48
"5339","48273","Kleberg County, Texas","B18101_035",402,126
"5340","48273","Kleberg County, Texas","B18101_036",773,139
"5341","48273","Kleberg County, Texas","B18101_037",933,26
"5342","48273","Kleberg County, Texas","B18101_038",393,133
"5343","48273","Kleberg County, Texas","B18101_039",540,132
"5344","48275","Knox County, Texas","B18101_001",3189,16
"5345","48275","Knox County, Texas","B18101_002",1578,60
"5346","48275","Knox County, Texas","B18101_003",87,34
"5347","48275","Knox County, Texas","B18101_004",0,15
"5348","48275","Knox County, Texas","B18101_005",87,34
"5349","48275","Knox County, Texas","B18101_006",372,56
"5350","48275","Knox County, Texas","B18101_007",24,17
"5351","48275","Knox County, Texas","B18101_008",348,55
"5352","48275","Knox County, Texas","B18101_009",251,37
"5353","48275","Knox County, Texas","B18101_010",26,18
"5354","48275","Knox County, Texas","B18101_011",225,33
"5355","48275","Knox County, Texas","B18101_012",651,44
"5356","48275","Knox County, Texas","B18101_013",144,46
"5357","48275","Knox County, Texas","B18101_014",507,57
"5358","48275","Knox County, Texas","B18101_015",146,18
"5359","48275","Knox County, Texas","B18101_016",47,24
"5360","48275","Knox County, Texas","B18101_017",99,20
"5361","48275","Knox County, Texas","B18101_018",71,38
"5362","48275","Knox County, Texas","B18101_019",38,27
"5363","48275","Knox County, Texas","B18101_020",33,24
"5364","48275","Knox County, Texas","B18101_021",1611,61
"5365","48275","Knox County, Texas","B18101_022",74,36
"5366","48275","Knox County, Texas","B18101_023",0,15
"5367","48275","Knox County, Texas","B18101_024",74,36
"5368","48275","Knox County, Texas","B18101_025",326,33
"5369","48275","Knox County, Texas","B18101_026",28,21
"5370","48275","Knox County, Texas","B18101_027",298,35
"5371","48275","Knox County, Texas","B18101_028",223,40
"5372","48275","Knox County, Texas","B18101_029",27,23
"5373","48275","Knox County, Texas","B18101_030",196,36
"5374","48275","Knox County, Texas","B18101_031",673,49
"5375","48275","Knox County, Texas","B18101_032",70,25
"5376","48275","Knox County, Texas","B18101_033",603,50
"5377","48275","Knox County, Texas","B18101_034",168,33
"5378","48275","Knox County, Texas","B18101_035",56,24
"5379","48275","Knox County, Texas","B18101_036",112,30
"5380","48275","Knox County, Texas","B18101_037",147,39
"5381","48275","Knox County, Texas","B18101_038",97,33
"5382","48275","Knox County, Texas","B18101_039",50,29
"5383","48277","Lamar County, Texas","B18101_001",50139,31
"5384","48277","Lamar County, Texas","B18101_002",24368,206
"5385","48277","Lamar County, Texas","B18101_003",1655,150
"5386","48277","Lamar County, Texas","B18101_004",0,35
"5387","48277","Lamar County, Texas","B18101_005",1655,150
"5388","48277","Lamar County, Texas","B18101_006",4690,96
"5389","48277","Lamar County, Texas","B18101_007",472,177
"5390","48277","Lamar County, Texas","B18101_008",4218,202
"5391","48277","Lamar County, Texas","B18101_009",5142,171
"5392","48277","Lamar County, Texas","B18101_010",595,239
"5393","48277","Lamar County, Texas","B18101_011",4547,280
"5394","48277","Lamar County, Texas","B18101_012",8485,196
"5395","48277","Lamar County, Texas","B18101_013",1589,345
"5396","48277","Lamar County, Texas","B18101_014",6896,371
"5397","48277","Lamar County, Texas","B18101_015",2806,114
"5398","48277","Lamar County, Texas","B18101_016",818,198
"5399","48277","Lamar County, Texas","B18101_017",1988,231
"5400","48277","Lamar County, Texas","B18101_018",1590,70
"5401","48277","Lamar County, Texas","B18101_019",866,139
"5402","48277","Lamar County, Texas","B18101_020",724,141
"5403","48277","Lamar County, Texas","B18101_021",25771,202
"5404","48277","Lamar County, Texas","B18101_022",1555,152
"5405","48277","Lamar County, Texas","B18101_023",0,35
"5406","48277","Lamar County, Texas","B18101_024",1555,152
"5407","48277","Lamar County, Texas","B18101_025",4294,82
"5408","48277","Lamar County, Texas","B18101_026",233,124
"5409","48277","Lamar County, Texas","B18101_027",4061,124
"5410","48277","Lamar County, Texas","B18101_028",5297,120
"5411","48277","Lamar County, Texas","B18101_029",474,165
"5412","48277","Lamar County, Texas","B18101_030",4823,221
"5413","48277","Lamar County, Texas","B18101_031",9390,133
"5414","48277","Lamar County, Texas","B18101_032",1757,283
"5415","48277","Lamar County, Texas","B18101_033",7633,294
"5416","48277","Lamar County, Texas","B18101_034",2990,127
"5417","48277","Lamar County, Texas","B18101_035",1098,180
"5418","48277","Lamar County, Texas","B18101_036",1892,200
"5419","48277","Lamar County, Texas","B18101_037",2245,137
"5420","48277","Lamar County, Texas","B18101_038",1041,222
"5421","48277","Lamar County, Texas","B18101_039",1204,206
"5422","48279","Lamb County, Texas","B18101_001",12628,14
"5423","48279","Lamb County, Texas","B18101_002",6423,104
"5424","48279","Lamb County, Texas","B18101_003",491,98
"5425","48279","Lamb County, Texas","B18101_004",0,23
"5426","48279","Lamb County, Texas","B18101_005",491,98
"5427","48279","Lamb County, Texas","B18101_006",1380,60
"5428","48279","Lamb County, Texas","B18101_007",37,32
"5429","48279","Lamb County, Texas","B18101_008",1343,66
"5430","48279","Lamb County, Texas","B18101_009",1307,51
"5431","48279","Lamb County, Texas","B18101_010",96,74
"5432","48279","Lamb County, Texas","B18101_011",1211,86
"5433","48279","Lamb County, Texas","B18101_012",2271,100
"5434","48279","Lamb County, Texas","B18101_013",286,113
"5435","48279","Lamb County, Texas","B18101_014",1985,127
"5436","48279","Lamb County, Texas","B18101_015",569,85
"5437","48279","Lamb County, Texas","B18101_016",219,67
"5438","48279","Lamb County, Texas","B18101_017",350,68
"5439","48279","Lamb County, Texas","B18101_018",405,85
"5440","48279","Lamb County, Texas","B18101_019",206,51
"5441","48279","Lamb County, Texas","B18101_020",199,104
"5442","48279","Lamb County, Texas","B18101_021",6205,107
"5443","48279","Lamb County, Texas","B18101_022",378,64
"5444","48279","Lamb County, Texas","B18101_023",6,9
"5445","48279","Lamb County, Texas","B18101_024",372,65
"5446","48279","Lamb County, Texas","B18101_025",1240,55
"5447","48279","Lamb County, Texas","B18101_026",26,20
"5448","48279","Lamb County, Texas","B18101_027",1214,60
"5449","48279","Lamb County, Texas","B18101_028",1250,59
"5450","48279","Lamb County, Texas","B18101_029",81,61
"5451","48279","Lamb County, Texas","B18101_030",1169,91
"5452","48279","Lamb County, Texas","B18101_031",2247,44
"5453","48279","Lamb County, Texas","B18101_032",314,99
"5454","48279","Lamb County, Texas","B18101_033",1933,102
"5455","48279","Lamb County, Texas","B18101_034",638,68
"5456","48279","Lamb County, Texas","B18101_035",288,79
"5457","48279","Lamb County, Texas","B18101_036",350,83
"5458","48279","Lamb County, Texas","B18101_037",452,51
"5459","48279","Lamb County, Texas","B18101_038",266,62
"5460","48279","Lamb County, Texas","B18101_039",186,65
"5461","48281","Lampasas County, Texas","B18101_001",22293,93
"5462","48281","Lampasas County, Texas","B18101_002",11043,124
"5463","48281","Lampasas County, Texas","B18101_003",581,44
"5464","48281","Lampasas County, Texas","B18101_004",0,28
"5465","48281","Lampasas County, Texas","B18101_005",581,44
"5466","48281","Lampasas County, Texas","B18101_006",1797,62
"5467","48281","Lampasas County, Texas","B18101_007",266,114
"5468","48281","Lampasas County, Texas","B18101_008",1531,120
"5469","48281","Lampasas County, Texas","B18101_009",1964,75
"5470","48281","Lampasas County, Texas","B18101_010",399,151
"5471","48281","Lampasas County, Texas","B18101_011",1565,176
"5472","48281","Lampasas County, Texas","B18101_012",4478,127
"5473","48281","Lampasas County, Texas","B18101_013",1237,205
"5474","48281","Lampasas County, Texas","B18101_014",3241,231
"5475","48281","Lampasas County, Texas","B18101_015",1302,84
"5476","48281","Lampasas County, Texas","B18101_016",582,148
"5477","48281","Lampasas County, Texas","B18101_017",720,128
"5478","48281","Lampasas County, Texas","B18101_018",921,95
"5479","48281","Lampasas County, Texas","B18101_019",482,122
"5480","48281","Lampasas County, Texas","B18101_020",439,104
"5481","48281","Lampasas County, Texas","B18101_021",11250,136
"5482","48281","Lampasas County, Texas","B18101_022",524,58
"5483","48281","Lampasas County, Texas","B18101_023",0,28
"5484","48281","Lampasas County, Texas","B18101_024",524,58
"5485","48281","Lampasas County, Texas","B18101_025",1906,86
"5486","48281","Lampasas County, Texas","B18101_026",146,65
"5487","48281","Lampasas County, Texas","B18101_027",1760,111
"5488","48281","Lampasas County, Texas","B18101_028",1852,64
"5489","48281","Lampasas County, Texas","B18101_029",243,145
"5490","48281","Lampasas County, Texas","B18101_030",1609,168
"5491","48281","Lampasas County, Texas","B18101_031",4530,89
"5492","48281","Lampasas County, Texas","B18101_032",750,174
"5493","48281","Lampasas County, Texas","B18101_033",3780,193
"5494","48281","Lampasas County, Texas","B18101_034",1431,89
"5495","48281","Lampasas County, Texas","B18101_035",337,93
"5496","48281","Lampasas County, Texas","B18101_036",1094,109
"5497","48281","Lampasas County, Texas","B18101_037",1007,78
"5498","48281","Lampasas County, Texas","B18101_038",526,106
"5499","48281","Lampasas County, Texas","B18101_039",481,108
"5500","48283","La Salle County, Texas","B18101_001",5698,122
"5501","48283","La Salle County, Texas","B18101_002",2934,298
"5502","48283","La Salle County, Texas","B18101_003",87,81
"5503","48283","La Salle County, Texas","B18101_004",0,21
"5504","48283","La Salle County, Texas","B18101_005",87,81
"5505","48283","La Salle County, Texas","B18101_006",738,197
"5506","48283","La Salle County, Texas","B18101_007",12,20
"5507","48283","La Salle County, Texas","B18101_008",726,197
"5508","48283","La Salle County, Texas","B18101_009",859,296
"5509","48283","La Salle County, Texas","B18101_010",164,193
"5510","48283","La Salle County, Texas","B18101_011",695,282
"5511","48283","La Salle County, Texas","B18101_012",792,208
"5512","48283","La Salle County, Texas","B18101_013",48,56
"5513","48283","La Salle County, Texas","B18101_014",744,192
"5514","48283","La Salle County, Texas","B18101_015",159,85
"5515","48283","La Salle County, Texas","B18101_016",42,30
"5516","48283","La Salle County, Texas","B18101_017",117,84
"5517","48283","La Salle County, Texas","B18101_018",299,89
"5518","48283","La Salle County, Texas","B18101_019",88,48
"5519","48283","La Salle County, Texas","B18101_020",211,71
"5520","48283","La Salle County, Texas","B18101_021",2764,268
"5521","48283","La Salle County, Texas","B18101_022",52,43
"5522","48283","La Salle County, Texas","B18101_023",0,21
"5523","48283","La Salle County, Texas","B18101_024",52,43
"5524","48283","La Salle County, Texas","B18101_025",624,205
"5525","48283","La Salle County, Texas","B18101_026",65,71
"5526","48283","La Salle County, Texas","B18101_027",559,224
"5527","48283","La Salle County, Texas","B18101_028",513,163
"5528","48283","La Salle County, Texas","B18101_029",126,101
"5529","48283","La Salle County, Texas","B18101_030",387,166
"5530","48283","La Salle County, Texas","B18101_031",1013,182
"5531","48283","La Salle County, Texas","B18101_032",127,66
"5532","48283","La Salle County, Texas","B18101_033",886,170
"5533","48283","La Salle County, Texas","B18101_034",204,82
"5534","48283","La Salle County, Texas","B18101_035",18,26
"5535","48283","La Salle County, Texas","B18101_036",186,82
"5536","48283","La Salle County, Texas","B18101_037",358,89
"5537","48283","La Salle County, Texas","B18101_038",124,74
"5538","48283","La Salle County, Texas","B18101_039",234,91
"5539","48285","Lavaca County, Texas","B18101_001",20133,11
"5540","48285","Lavaca County, Texas","B18101_002",9949,87
"5541","48285","Lavaca County, Texas","B18101_003",653,49
"5542","48285","Lavaca County, Texas","B18101_004",0,28
"5543","48285","Lavaca County, Texas","B18101_005",653,49
"5544","48285","Lavaca County, Texas","B18101_006",1802,39
"5545","48285","Lavaca County, Texas","B18101_007",380,165
"5546","48285","Lavaca County, Texas","B18101_008",1422,168
"5547","48285","Lavaca County, Texas","B18101_009",1714,92
"5548","48285","Lavaca County, Texas","B18101_010",93,50
"5549","48285","Lavaca County, Texas","B18101_011",1621,106
"5550","48285","Lavaca County, Texas","B18101_012",3643,134
"5551","48285","Lavaca County, Texas","B18101_013",313,121
"5552","48285","Lavaca County, Texas","B18101_014",3330,185
"5553","48285","Lavaca County, Texas","B18101_015",1268,73
"5554","48285","Lavaca County, Texas","B18101_016",335,87
"5555","48285","Lavaca County, Texas","B18101_017",933,118
"5556","48285","Lavaca County, Texas","B18101_018",869,105
"5557","48285","Lavaca County, Texas","B18101_019",440,111
"5558","48285","Lavaca County, Texas","B18101_020",429,110
"5559","48285","Lavaca County, Texas","B18101_021",10184,87
"5560","48285","Lavaca County, Texas","B18101_022",582,23
"5561","48285","Lavaca County, Texas","B18101_023",0,28
"5562","48285","Lavaca County, Texas","B18101_024",582,23
"5563","48285","Lavaca County, Texas","B18101_025",1789,26
"5564","48285","Lavaca County, Texas","B18101_026",179,79
"5565","48285","Lavaca County, Texas","B18101_027",1610,81
"5566","48285","Lavaca County, Texas","B18101_028",1844,130
"5567","48285","Lavaca County, Texas","B18101_029",87,56
"5568","48285","Lavaca County, Texas","B18101_030",1757,148
"5569","48285","Lavaca County, Texas","B18101_031",3531,135
"5570","48285","Lavaca County, Texas","B18101_032",361,92
"5571","48285","Lavaca County, Texas","B18101_033",3170,172
"5572","48285","Lavaca County, Texas","B18101_034",1407,56
"5573","48285","Lavaca County, Texas","B18101_035",243,74
"5574","48285","Lavaca County, Texas","B18101_036",1164,90
"5575","48285","Lavaca County, Texas","B18101_037",1031,87
"5576","48285","Lavaca County, Texas","B18101_038",434,101
"5577","48285","Lavaca County, Texas","B18101_039",597,98
"5578","48287","Lee County, Texas","B18101_001",17524,58
"5579","48287","Lee County, Texas","B18101_002",8668,228
"5580","48287","Lee County, Texas","B18101_003",473,154
"5581","48287","Lee County, Texas","B18101_004",0,23
"5582","48287","Lee County, Texas","B18101_005",473,154
"5583","48287","Lee County, Texas","B18101_006",1277,139
"5584","48287","Lee County, Texas","B18101_007",54,36
"5585","48287","Lee County, Texas","B18101_008",1223,144
"5586","48287","Lee County, Texas","B18101_009",1501,172
"5587","48287","Lee County, Texas","B18101_010",8,17
"5588","48287","Lee County, Texas","B18101_011",1493,175
"5589","48287","Lee County, Texas","B18101_012",3834,242
"5590","48287","Lee County, Texas","B18101_013",577,200
"5591","48287","Lee County, Texas","B18101_014",3257,264
"5592","48287","Lee County, Texas","B18101_015",975,68
"5593","48287","Lee County, Texas","B18101_016",158,89
"5594","48287","Lee County, Texas","B18101_017",817,96
"5595","48287","Lee County, Texas","B18101_018",608,88
"5596","48287","Lee County, Texas","B18101_019",359,115
"5597","48287","Lee County, Texas","B18101_020",249,91
"5598","48287","Lee County, Texas","B18101_021",8856,207
"5599","48287","Lee County, Texas","B18101_022",596,192
"5600","48287","Lee County, Texas","B18101_023",0,23
"5601","48287","Lee County, Texas","B18101_024",596,192
"5602","48287","Lee County, Texas","B18101_025",1272,81
"5603","48287","Lee County, Texas","B18101_026",86,64
"5604","48287","Lee County, Texas","B18101_027",1186,109
"5605","48287","Lee County, Texas","B18101_028",1656,110
"5606","48287","Lee County, Texas","B18101_029",178,99
"5607","48287","Lee County, Texas","B18101_030",1478,122
"5608","48287","Lee County, Texas","B18101_031",3455,136
"5609","48287","Lee County, Texas","B18101_032",629,203
"5610","48287","Lee County, Texas","B18101_033",2826,224
"5611","48287","Lee County, Texas","B18101_034",1113,103
"5612","48287","Lee County, Texas","B18101_035",280,123
"5613","48287","Lee County, Texas","B18101_036",833,126
"5614","48287","Lee County, Texas","B18101_037",764,114
"5615","48287","Lee County, Texas","B18101_038",300,95
"5616","48287","Lee County, Texas","B18101_039",464,125
"5617","48289","Leon County, Texas","B18101_001",16161,33
"5618","48289","Leon County, Texas","B18101_002",8053,181
"5619","48289","Leon County, Texas","B18101_003",451,5
"5620","48289","Leon County, Texas","B18101_004",0,23
"5621","48289","Leon County, Texas","B18101_005",451,5
"5622","48289","Leon County, Texas","B18101_006",1475,176
"5623","48289","Leon County, Texas","B18101_007",200,175
"5624","48289","Leon County, Texas","B18101_008",1275,149
"5625","48289","Leon County, Texas","B18101_009",1385,84
"5626","48289","Leon County, Texas","B18101_010",192,103
"5627","48289","Leon County, Texas","B18101_011",1193,131
"5628","48289","Leon County, Texas","B18101_012",2786,99
"5629","48289","Leon County, Texas","B18101_013",509,145
"5630","48289","Leon County, Texas","B18101_014",2277,164
"5631","48289","Leon County, Texas","B18101_015",1141,66
"5632","48289","Leon County, Texas","B18101_016",403,103
"5633","48289","Leon County, Texas","B18101_017",738,99
"5634","48289","Leon County, Texas","B18101_018",815,59
"5635","48289","Leon County, Texas","B18101_019",447,93
"5636","48289","Leon County, Texas","B18101_020",368,106
"5637","48289","Leon County, Texas","B18101_021",8108,186
"5638","48289","Leon County, Texas","B18101_022",394,4
"5639","48289","Leon County, Texas","B18101_023",0,23
"5640","48289","Leon County, Texas","B18101_024",394,4
"5641","48289","Leon County, Texas","B18101_025",1379,177
"5642","48289","Leon County, Texas","B18101_026",53,66
"5643","48289","Leon County, Texas","B18101_027",1326,172
"5644","48289","Leon County, Texas","B18101_028",1352,68
"5645","48289","Leon County, Texas","B18101_029",72,61
"5646","48289","Leon County, Texas","B18101_030",1280,85
"5647","48289","Leon County, Texas","B18101_031",2946,94
"5648","48289","Leon County, Texas","B18101_032",512,161
"5649","48289","Leon County, Texas","B18101_033",2434,182
"5650","48289","Leon County, Texas","B18101_034",1096,31
"5651","48289","Leon County, Texas","B18101_035",395,172
"5652","48289","Leon County, Texas","B18101_036",701,172
"5653","48289","Leon County, Texas","B18101_037",941,73
"5654","48289","Leon County, Texas","B18101_038",519,107
"5655","48289","Leon County, Texas","B18101_039",422,113
"5656","48291","Liberty County, Texas","B18101_001",98236,170
"5657","48291","Liberty County, Texas","B18101_002",48709,511
"5658","48291","Liberty County, Texas","B18101_003",3914,136
"5659","48291","Liberty County, Texas","B18101_004",0,35
"5660","48291","Liberty County, Texas","B18101_005",3914,136
"5661","48291","Liberty County, Texas","B18101_006",11926,142
"5662","48291","Liberty County, Texas","B18101_007",957,347
"5663","48291","Liberty County, Texas","B18101_008",10969,345
"5664","48291","Liberty County, Texas","B18101_009",10857,274
"5665","48291","Liberty County, Texas","B18101_010",961,292
"5666","48291","Liberty County, Texas","B18101_011",9896,399
"5667","48291","Liberty County, Texas","B18101_012",16538,362
"5668","48291","Liberty County, Texas","B18101_013",3016,474
"5669","48291","Liberty County, Texas","B18101_014",13522,578
"5670","48291","Liberty County, Texas","B18101_015",3516,173
"5671","48291","Liberty County, Texas","B18101_016",1208,237
"5672","48291","Liberty County, Texas","B18101_017",2308,236
"5673","48291","Liberty County, Texas","B18101_018",1958,169
"5674","48291","Liberty County, Texas","B18101_019",1115,208
"5675","48291","Liberty County, Texas","B18101_020",843,220
"5676","48291","Liberty County, Texas","B18101_021",49527,452
"5677","48291","Liberty County, Texas","B18101_022",3949,176
"5678","48291","Liberty County, Texas","B18101_023",0,35
"5679","48291","Liberty County, Texas","B18101_024",3949,176
"5680","48291","Liberty County, Texas","B18101_025",11153,118
"5681","48291","Liberty County, Texas","B18101_026",445,238
"5682","48291","Liberty County, Texas","B18101_027",10708,247
"5683","48291","Liberty County, Texas","B18101_028",11238,229
"5684","48291","Liberty County, Texas","B18101_029",640,305
"5685","48291","Liberty County, Texas","B18101_030",10598,366
"5686","48291","Liberty County, Texas","B18101_031",17112,320
"5687","48291","Liberty County, Texas","B18101_032",2928,493
"5688","48291","Liberty County, Texas","B18101_033",14184,593
"5689","48291","Liberty County, Texas","B18101_034",3774,151
"5690","48291","Liberty County, Texas","B18101_035",1232,286
"5691","48291","Liberty County, Texas","B18101_036",2542,330
"5692","48291","Liberty County, Texas","B18101_037",2301,149
"5693","48291","Liberty County, Texas","B18101_038",1360,206
"5694","48291","Liberty County, Texas","B18101_039",941,165
"5695","48293","Limestone County, Texas","B18101_001",21680,20
"5696","48293","Limestone County, Texas","B18101_002",10944,129
"5697","48293","Limestone County, Texas","B18101_003",748,106
"5698","48293","Limestone County, Texas","B18101_004",0,28
"5699","48293","Limestone County, Texas","B18101_005",748,106
"5700","48293","Limestone County, Texas","B18101_006",1869,45
"5701","48293","Limestone County, Texas","B18101_007",207,83
"5702","48293","Limestone County, Texas","B18101_008",1662,74
"5703","48293","Limestone County, Texas","B18101_009",2313,100
"5704","48293","Limestone County, Texas","B18101_010",269,114
"5705","48293","Limestone County, Texas","B18101_011",2044,152
"5706","48293","Limestone County, Texas","B18101_012",4049,137
"5707","48293","Limestone County, Texas","B18101_013",772,165
"5708","48293","Limestone County, Texas","B18101_014",3277,214
"5709","48293","Limestone County, Texas","B18101_015",1268,96
"5710","48293","Limestone County, Texas","B18101_016",504,106
"5711","48293","Limestone County, Texas","B18101_017",764,125
"5712","48293","Limestone County, Texas","B18101_018",697,81
"5713","48293","Limestone County, Texas","B18101_019",357,89
"5714","48293","Limestone County, Texas","B18101_020",340,91
"5715","48293","Limestone County, Texas","B18101_021",10736,130
"5716","48293","Limestone County, Texas","B18101_022",536,105
"5717","48293","Limestone County, Texas","B18101_023",0,28
"5718","48293","Limestone County, Texas","B18101_024",536,105
"5719","48293","Limestone County, Texas","B18101_025",1807,39
"5720","48293","Limestone County, Texas","B18101_026",112,92
"5721","48293","Limestone County, Texas","B18101_027",1695,109
"5722","48293","Limestone County, Texas","B18101_028",2013,29
"5723","48293","Limestone County, Texas","B18101_029",86,46
"5724","48293","Limestone County, Texas","B18101_030",1927,55
"5725","48293","Limestone County, Texas","B18101_031",4035,35
"5726","48293","Limestone County, Texas","B18101_032",687,142
"5727","48293","Limestone County, Texas","B18101_033",3348,152
"5728","48293","Limestone County, Texas","B18101_034",1451,94
"5729","48293","Limestone County, Texas","B18101_035",531,118
"5730","48293","Limestone County, Texas","B18101_036",920,127
"5731","48293","Limestone County, Texas","B18101_037",894,106
"5732","48293","Limestone County, Texas","B18101_038",524,122
"5733","48293","Limestone County, Texas","B18101_039",370,115
"5734","48295","Lipscomb County, Texas","B18101_001",2866,15
"5735","48295","Lipscomb County, Texas","B18101_002",1333,66
"5736","48295","Lipscomb County, Texas","B18101_003",132,25
"5737","48295","Lipscomb County, Texas","B18101_004",0,15
"5738","48295","Lipscomb County, Texas","B18101_005",132,25
"5739","48295","Lipscomb County, Texas","B18101_006",312,59
"5740","48295","Lipscomb County, Texas","B18101_007",5,8
"5741","48295","Lipscomb County, Texas","B18101_008",307,59
"5742","48295","Lipscomb County, Texas","B18101_009",210,53
"5743","48295","Lipscomb County, Texas","B18101_010",33,27
"5744","48295","Lipscomb County, Texas","B18101_011",177,54
"5745","48295","Lipscomb County, Texas","B18101_012",462,67
"5746","48295","Lipscomb County, Texas","B18101_013",58,23
"5747","48295","Lipscomb County, Texas","B18101_014",404,68
"5748","48295","Lipscomb County, Texas","B18101_015",150,56
"5749","48295","Lipscomb County, Texas","B18101_016",34,21
"5750","48295","Lipscomb County, Texas","B18101_017",116,50
"5751","48295","Lipscomb County, Texas","B18101_018",67,19
"5752","48295","Lipscomb County, Texas","B18101_019",23,14
"5753","48295","Lipscomb County, Texas","B18101_020",44,15
"5754","48295","Lipscomb County, Texas","B18101_021",1533,68
"5755","48295","Lipscomb County, Texas","B18101_022",81,27
"5756","48295","Lipscomb County, Texas","B18101_023",0,15
"5757","48295","Lipscomb County, Texas","B18101_024",81,27
"5758","48295","Lipscomb County, Texas","B18101_025",375,50
"5759","48295","Lipscomb County, Texas","B18101_026",15,14
"5760","48295","Lipscomb County, Texas","B18101_027",360,49
"5761","48295","Lipscomb County, Texas","B18101_028",298,56
"5762","48295","Lipscomb County, Texas","B18101_029",21,20
"5763","48295","Lipscomb County, Texas","B18101_030",277,55
"5764","48295","Lipscomb County, Texas","B18101_031",478,52
"5765","48295","Lipscomb County, Texas","B18101_032",63,32
"5766","48295","Lipscomb County, Texas","B18101_033",415,59
"5767","48295","Lipscomb County, Texas","B18101_034",151,39
"5768","48295","Lipscomb County, Texas","B18101_035",25,15
"5769","48295","Lipscomb County, Texas","B18101_036",126,34
"5770","48295","Lipscomb County, Texas","B18101_037",150,45
"5771","48295","Lipscomb County, Texas","B18101_038",71,45
"5772","48295","Lipscomb County, Texas","B18101_039",79,26
"5773","48297","Live Oak County, Texas","B18101_001",10063,52
"5774","48297","Live Oak County, Texas","B18101_002",4829,227
"5775","48297","Live Oak County, Texas","B18101_003",363,107
"5776","48297","Live Oak County, Texas","B18101_004",0,23
"5777","48297","Live Oak County, Texas","B18101_005",363,107
"5778","48297","Live Oak County, Texas","B18101_006",764,85
"5779","48297","Live Oak County, Texas","B18101_007",105,75
"5780","48297","Live Oak County, Texas","B18101_008",659,82
"5781","48297","Live Oak County, Texas","B18101_009",1074,193
"5782","48297","Live Oak County, Texas","B18101_010",71,64
"5783","48297","Live Oak County, Texas","B18101_011",1003,210
"5784","48297","Live Oak County, Texas","B18101_012",1548,190
"5785","48297","Live Oak County, Texas","B18101_013",317,102
"5786","48297","Live Oak County, Texas","B18101_014",1231,184
"5787","48297","Live Oak County, Texas","B18101_015",605,93
"5788","48297","Live Oak County, Texas","B18101_016",177,89
"5789","48297","Live Oak County, Texas","B18101_017",428,112
"5790","48297","Live Oak County, Texas","B18101_018",475,81
"5791","48297","Live Oak County, Texas","B18101_019",296,87
"5792","48297","Live Oak County, Texas","B18101_020",179,80
"5793","48297","Live Oak County, Texas","B18101_021",5234,222
"5794","48297","Live Oak County, Texas","B18101_022",309,140
"5795","48297","Live Oak County, Texas","B18101_023",0,23
"5796","48297","Live Oak County, Texas","B18101_024",309,140
"5797","48297","Live Oak County, Texas","B18101_025",818,85
"5798","48297","Live Oak County, Texas","B18101_026",32,41
"5799","48297","Live Oak County, Texas","B18101_027",786,92
"5800","48297","Live Oak County, Texas","B18101_028",1293,183
"5801","48297","Live Oak County, Texas","B18101_029",162,110
"5802","48297","Live Oak County, Texas","B18101_030",1131,230
"5803","48297","Live Oak County, Texas","B18101_031",1728,168
"5804","48297","Live Oak County, Texas","B18101_032",365,120
"5805","48297","Live Oak County, Texas","B18101_033",1363,199
"5806","48297","Live Oak County, Texas","B18101_034",630,35
"5807","48297","Live Oak County, Texas","B18101_035",180,85
"5808","48297","Live Oak County, Texas","B18101_036",450,94
"5809","48297","Live Oak County, Texas","B18101_037",456,33
"5810","48297","Live Oak County, Texas","B18101_038",210,76
"5811","48297","Live Oak County, Texas","B18101_039",246,78
"5812","48299","Llano County, Texas","B18101_001",22228,3
"5813","48299","Llano County, Texas","B18101_002",10630,142
"5814","48299","Llano County, Texas","B18101_003",293,128
"5815","48299","Llano County, Texas","B18101_004",0,28
"5816","48299","Llano County, Texas","B18101_005",293,128
"5817","48299","Llano County, Texas","B18101_006",1255,53
"5818","48299","Llano County, Texas","B18101_007",108,68
"5819","48299","Llano County, Texas","B18101_008",1147,83
"5820","48299","Llano County, Texas","B18101_009",1431,64
"5821","48299","Llano County, Texas","B18101_010",197,105
"5822","48299","Llano County, Texas","B18101_011",1234,123
"5823","48299","Llano County, Texas","B18101_012",3728,99
"5824","48299","Llano County, Texas","B18101_013",745,189
"5825","48299","Llano County, Texas","B18101_014",2983,184
"5826","48299","Llano County, Texas","B18101_015",2141,80
"5827","48299","Llano County, Texas","B18101_016",680,135
"5828","48299","Llano County, Texas","B18101_017",1461,158
"5829","48299","Llano County, Texas","B18101_018",1782,56
"5830","48299","Llano County, Texas","B18101_019",961,144
"5831","48299","Llano County, Texas","B18101_020",821,133
"5832","48299","Llano County, Texas","B18101_021",11598,142
"5833","48299","Llano County, Texas","B18101_022",618,127
"5834","48299","Llano County, Texas","B18101_023",0,28
"5835","48299","Llano County, Texas","B18101_024",618,127
"5836","48299","Llano County, Texas","B18101_025",1298,48
"5837","48299","Llano County, Texas","B18101_026",47,37
"5838","48299","Llano County, Texas","B18101_027",1251,61
"5839","48299","Llano County, Texas","B18101_028",1507,108
"5840","48299","Llano County, Texas","B18101_029",92,58
"5841","48299","Llano County, Texas","B18101_030",1415,117
"5842","48299","Llano County, Texas","B18101_031",3948,113
"5843","48299","Llano County, Texas","B18101_032",547,123
"5844","48299","Llano County, Texas","B18101_033",3401,168
"5845","48299","Llano County, Texas","B18101_034",2399,48
"5846","48299","Llano County, Texas","B18101_035",403,142
"5847","48299","Llano County, Texas","B18101_036",1996,145
"5848","48299","Llano County, Texas","B18101_037",1828,42
"5849","48299","Llano County, Texas","B18101_038",649,166
"5850","48299","Llano County, Texas","B18101_039",1179,171
"5851","48301","Loving County, Texas","B18101_001",33,30
"5852","48301","Loving County, Texas","B18101_002",27,28
"5853","48301","Loving County, Texas","B18101_003",0,15
"5854","48301","Loving County, Texas","B18101_004",0,15
"5855","48301","Loving County, Texas","B18101_005",0,15
"5856","48301","Loving County, Texas","B18101_006",0,15
"5857","48301","Loving County, Texas","B18101_007",0,15
"5858","48301","Loving County, Texas","B18101_008",0,15
"5859","48301","Loving County, Texas","B18101_009",2,2
"5860","48301","Loving County, Texas","B18101_010",0,15
"5861","48301","Loving County, Texas","B18101_011",2,2
"5862","48301","Loving County, Texas","B18101_012",0,15
"5863","48301","Loving County, Texas","B18101_013",0,15
"5864","48301","Loving County, Texas","B18101_014",0,15
"5865","48301","Loving County, Texas","B18101_015",4,4
"5866","48301","Loving County, Texas","B18101_016",3,4
"5867","48301","Loving County, Texas","B18101_017",1,2
"5868","48301","Loving County, Texas","B18101_018",21,28
"5869","48301","Loving County, Texas","B18101_019",19,27
"5870","48301","Loving County, Texas","B18101_020",2,3
"5871","48301","Loving County, Texas","B18101_021",6,5
"5872","48301","Loving County, Texas","B18101_022",0,15
"5873","48301","Loving County, Texas","B18101_023",0,15
"5874","48301","Loving County, Texas","B18101_024",0,15
"5875","48301","Loving County, Texas","B18101_025",0,15
"5876","48301","Loving County, Texas","B18101_026",0,15
"5877","48301","Loving County, Texas","B18101_027",0,15
"5878","48301","Loving County, Texas","B18101_028",0,15
"5879","48301","Loving County, Texas","B18101_029",0,15
"5880","48301","Loving County, Texas","B18101_030",0,15
"5881","48301","Loving County, Texas","B18101_031",4,5
"5882","48301","Loving County, Texas","B18101_032",0,15
"5883","48301","Loving County, Texas","B18101_033",4,5
"5884","48301","Loving County, Texas","B18101_034",0,15
"5885","48301","Loving County, Texas","B18101_035",0,15
"5886","48301","Loving County, Texas","B18101_036",0,15
"5887","48301","Loving County, Texas","B18101_037",2,2
"5888","48301","Loving County, Texas","B18101_038",2,2
"5889","48301","Loving County, Texas","B18101_039",0,15
"5890","48303","Lubbock County, Texas","B18101_001",314309,174
"5891","48303","Lubbock County, Texas","B18101_002",154029,242
"5892","48303","Lubbock County, Texas","B18101_003",10118,21
"5893","48303","Lubbock County, Texas","B18101_004",47,47
"5894","48303","Lubbock County, Texas","B18101_005",10071,47
"5895","48303","Lubbock County, Texas","B18101_006",27895,95
"5896","48303","Lubbock County, Texas","B18101_007",2040,359
"5897","48303","Lubbock County, Texas","B18101_008",25855,354
"5898","48303","Lubbock County, Texas","B18101_009",48361,207
"5899","48303","Lubbock County, Texas","B18101_010",3331,646
"5900","48303","Lubbock County, Texas","B18101_011",45030,671
"5901","48303","Lubbock County, Texas","B18101_012",49378,231
"5902","48303","Lubbock County, Texas","B18101_013",7161,677
"5903","48303","Lubbock County, Texas","B18101_014",42217,668
"5904","48303","Lubbock County, Texas","B18101_015",11549,131
"5905","48303","Lubbock County, Texas","B18101_016",3295,376
"5906","48303","Lubbock County, Texas","B18101_017",8254,378
"5907","48303","Lubbock County, Texas","B18101_018",6728,111
"5908","48303","Lubbock County, Texas","B18101_019",3769,330
"5909","48303","Lubbock County, Texas","B18101_020",2959,318
"5910","48303","Lubbock County, Texas","B18101_021",160280,252
"5911","48303","Lubbock County, Texas","B18101_022",9831,63
"5912","48303","Lubbock County, Texas","B18101_023",22,38
"5913","48303","Lubbock County, Texas","B18101_024",9809,71
"5914","48303","Lubbock County, Texas","B18101_025",26928,106
"5915","48303","Lubbock County, Texas","B18101_026",1532,378
"5916","48303","Lubbock County, Texas","B18101_027",25396,398
"5917","48303","Lubbock County, Texas","B18101_028",48191,139
"5918","48303","Lubbock County, Texas","B18101_029",4120,513
"5919","48303","Lubbock County, Texas","B18101_030",44071,517
"5920","48303","Lubbock County, Texas","B18101_031",52153,177
"5921","48303","Lubbock County, Texas","B18101_032",8256,683
"5922","48303","Lubbock County, Texas","B18101_033",43897,693
"5923","48303","Lubbock County, Texas","B18101_034",13541,117
"5924","48303","Lubbock County, Texas","B18101_035",3626,413
"5925","48303","Lubbock County, Texas","B18101_036",9915,411
"5926","48303","Lubbock County, Texas","B18101_037",9636,150
"5927","48303","Lubbock County, Texas","B18101_038",5521,370
"5928","48303","Lubbock County, Texas","B18101_039",4115,349
"5929","48305","Lynn County, Texas","B18101_001",5702,7
"5930","48305","Lynn County, Texas","B18101_002",2928,62
"5931","48305","Lynn County, Texas","B18101_003",235,41
"5932","48305","Lynn County, Texas","B18101_004",0,21
"5933","48305","Lynn County, Texas","B18101_005",235,41
"5934","48305","Lynn County, Texas","B18101_006",606,43
"5935","48305","Lynn County, Texas","B18101_007",0,21
"5936","48305","Lynn County, Texas","B18101_008",606,43
"5937","48305","Lynn County, Texas","B18101_009",551,49
"5938","48305","Lynn County, Texas","B18101_010",31,19
"5939","48305","Lynn County, Texas","B18101_011",520,53
"5940","48305","Lynn County, Texas","B18101_012",1091,47
"5941","48305","Lynn County, Texas","B18101_013",175,65
"5942","48305","Lynn County, Texas","B18101_014",916,76
"5943","48305","Lynn County, Texas","B18101_015",271,7
"5944","48305","Lynn County, Texas","B18101_016",75,30
"5945","48305","Lynn County, Texas","B18101_017",196,30
"5946","48305","Lynn County, Texas","B18101_018",174,21
"5947","48305","Lynn County, Texas","B18101_019",51,25
"5948","48305","Lynn County, Texas","B18101_020",123,25
"5949","48305","Lynn County, Texas","B18101_021",2774,63
"5950","48305","Lynn County, Texas","B18101_022",145,41
"5951","48305","Lynn County, Texas","B18101_023",22,24
"5952","48305","Lynn County, Texas","B18101_024",123,34
"5953","48305","Lynn County, Texas","B18101_025",613,41
"5954","48305","Lynn County, Texas","B18101_026",30,17
"5955","48305","Lynn County, Texas","B18101_027",583,43
"5956","48305","Lynn County, Texas","B18101_028",513,46
"5957","48305","Lynn County, Texas","B18101_029",48,27
"5958","48305","Lynn County, Texas","B18101_030",465,44
"5959","48305","Lynn County, Texas","B18101_031",1033,46
"5960","48305","Lynn County, Texas","B18101_032",109,40
"5961","48305","Lynn County, Texas","B18101_033",924,63
"5962","48305","Lynn County, Texas","B18101_034",248,4
"5963","48305","Lynn County, Texas","B18101_035",51,27
"5964","48305","Lynn County, Texas","B18101_036",197,28
"5965","48305","Lynn County, Texas","B18101_037",222,21
"5966","48305","Lynn County, Texas","B18101_038",103,36
"5967","48305","Lynn County, Texas","B18101_039",119,36
"5968","48307","McCulloch County, Texas","B18101_001",7411,22
"5969","48307","McCulloch County, Texas","B18101_002",3654,188
"5970","48307","McCulloch County, Texas","B18101_003",159,131
"5971","48307","McCulloch County, Texas","B18101_004",0,21
"5972","48307","McCulloch County, Texas","B18101_005",159,131
"5973","48307","McCulloch County, Texas","B18101_006",657,154
"5974","48307","McCulloch County, Texas","B18101_007",5,15
"5975","48307","McCulloch County, Texas","B18101_008",652,153
"5976","48307","McCulloch County, Texas","B18101_009",703,88
"5977","48307","McCulloch County, Texas","B18101_010",69,82
"5978","48307","McCulloch County, Texas","B18101_011",634,126
"5979","48307","McCulloch County, Texas","B18101_012",1376,102
"5980","48307","McCulloch County, Texas","B18101_013",326,135
"5981","48307","McCulloch County, Texas","B18101_014",1050,151
"5982","48307","McCulloch County, Texas","B18101_015",445,35
"5983","48307","McCulloch County, Texas","B18101_016",127,55
"5984","48307","McCulloch County, Texas","B18101_017",318,63
"5985","48307","McCulloch County, Texas","B18101_018",314,39
"5986","48307","McCulloch County, Texas","B18101_019",199,60
"5987","48307","McCulloch County, Texas","B18101_020",115,44
"5988","48307","McCulloch County, Texas","B18101_021",3757,189
"5989","48307","McCulloch County, Texas","B18101_022",194,74
"5990","48307","McCulloch County, Texas","B18101_023",0,21
"5991","48307","McCulloch County, Texas","B18101_024",194,74
"5992","48307","McCulloch County, Texas","B18101_025",637,174
"5993","48307","McCulloch County, Texas","B18101_026",185,180
"5994","48307","McCulloch County, Texas","B18101_027",452,133
"5995","48307","McCulloch County, Texas","B18101_028",620,73
"5996","48307","McCulloch County, Texas","B18101_029",41,49
"5997","48307","McCulloch County, Texas","B18101_030",579,78
"5998","48307","McCulloch County, Texas","B18101_031",1338,89
"5999","48307","McCulloch County, Texas","B18101_032",189,86
"6000","48307","McCulloch County, Texas","B18101_033",1149,126
"6001","48307","McCulloch County, Texas","B18101_034",603,67
"6002","48307","McCulloch County, Texas","B18101_035",197,85
"6003","48307","McCulloch County, Texas","B18101_036",406,82
"6004","48307","McCulloch County, Texas","B18101_037",365,55
"6005","48307","McCulloch County, Texas","B18101_038",168,64
"6006","48307","McCulloch County, Texas","B18101_039",197,66
"6007","48309","McLennan County, Texas","B18101_001",262338,99
"6008","48309","McLennan County, Texas","B18101_002",128345,251
"6009","48309","McLennan County, Texas","B18101_003",8661,81
"6010","48309","McLennan County, Texas","B18101_004",165,106
"6011","48309","McLennan County, Texas","B18101_005",8496,123
"6012","48309","McLennan County, Texas","B18101_006",23976,130
"6013","48309","McLennan County, Texas","B18101_007",2182,411
"6014","48309","McLennan County, Texas","B18101_008",21794,436
"6015","48309","McLennan County, Texas","B18101_009",35985,161
"6016","48309","McLennan County, Texas","B18101_010",2681,495
"6017","48309","McLennan County, Texas","B18101_011",33304,548
"6018","48309","McLennan County, Texas","B18101_012",42240,279
"6019","48309","McLennan County, Texas","B18101_013",6036,743
"6020","48309","McLennan County, Texas","B18101_014",36204,778
"6021","48309","McLennan County, Texas","B18101_015",10896,98
"6022","48309","McLennan County, Texas","B18101_016",3419,460
"6023","48309","McLennan County, Texas","B18101_017",7477,470
"6024","48309","McLennan County, Texas","B18101_018",6587,151
"6025","48309","McLennan County, Texas","B18101_019",3451,296
"6026","48309","McLennan County, Texas","B18101_020",3136,273
"6027","48309","McLennan County, Texas","B18101_021",133993,245
"6028","48309","McLennan County, Texas","B18101_022",8100,78
"6029","48309","McLennan County, Texas","B18101_023",3,5
"6030","48309","McLennan County, Texas","B18101_024",8097,78
"6031","48309","McLennan County, Texas","B18101_025",22636,120
"6032","48309","McLennan County, Texas","B18101_026",1081,351
"6033","48309","McLennan County, Texas","B18101_027",21555,367
"6034","48309","McLennan County, Texas","B18101_028",36096,112
"6035","48309","McLennan County, Texas","B18101_029",2129,399
"6036","48309","McLennan County, Texas","B18101_030",33967,394
"6037","48309","McLennan County, Texas","B18101_031",45336,148
"6038","48309","McLennan County, Texas","B18101_032",6329,703
"6039","48309","McLennan County, Texas","B18101_033",39007,682
"6040","48309","McLennan County, Texas","B18101_034",12393,113
"6041","48309","McLennan County, Texas","B18101_035",3918,421
"6042","48309","McLennan County, Texas","B18101_036",8475,427
"6043","48309","McLennan County, Texas","B18101_037",9432,172
"6044","48309","McLennan County, Texas","B18101_038",3949,436
"6045","48309","McLennan County, Texas","B18101_039",5483,429
"6046","48311","McMullen County, Texas","B18101_001",700,280
"6047","48311","McMullen County, Texas","B18101_002",276,114
"6048","48311","McMullen County, Texas","B18101_003",14,19
"6049","48311","McMullen County, Texas","B18101_004",0,15
"6050","48311","McMullen County, Texas","B18101_005",14,19
"6051","48311","McMullen County, Texas","B18101_006",72,55
"6052","48311","McMullen County, Texas","B18101_007",14,22
"6053","48311","McMullen County, Texas","B18101_008",58,52
"6054","48311","McMullen County, Texas","B18101_009",33,30
"6055","48311","McMullen County, Texas","B18101_010",4,6
"6056","48311","McMullen County, Texas","B18101_011",29,29
"6057","48311","McMullen County, Texas","B18101_012",98,54
"6058","48311","McMullen County, Texas","B18101_013",23,27
"6059","48311","McMullen County, Texas","B18101_014",75,47
"6060","48311","McMullen County, Texas","B18101_015",49,31
"6061","48311","McMullen County, Texas","B18101_016",24,22
"6062","48311","McMullen County, Texas","B18101_017",25,20
"6063","48311","McMullen County, Texas","B18101_018",10,18
"6064","48311","McMullen County, Texas","B18101_019",0,15
"6065","48311","McMullen County, Texas","B18101_020",10,18
"6066","48311","McMullen County, Texas","B18101_021",424,193
"6067","48311","McMullen County, Texas","B18101_022",81,59
"6068","48311","McMullen County, Texas","B18101_023",0,15
"6069","48311","McMullen County, Texas","B18101_024",81,59
"6070","48311","McMullen County, Texas","B18101_025",112,91
"6071","48311","McMullen County, Texas","B18101_026",0,15
"6072","48311","McMullen County, Texas","B18101_027",112,91
"6073","48311","McMullen County, Texas","B18101_028",85,59
"6074","48311","McMullen County, Texas","B18101_029",6,12
"6075","48311","McMullen County, Texas","B18101_030",79,56
"6076","48311","McMullen County, Texas","B18101_031",84,41
"6077","48311","McMullen County, Texas","B18101_032",18,15
"6078","48311","McMullen County, Texas","B18101_033",66,41
"6079","48311","McMullen County, Texas","B18101_034",52,29
"6080","48311","McMullen County, Texas","B18101_035",16,18
"6081","48311","McMullen County, Texas","B18101_036",36,23
"6082","48311","McMullen County, Texas","B18101_037",10,14
"6083","48311","McMullen County, Texas","B18101_038",0,15
"6084","48311","McMullen County, Texas","B18101_039",10,14
"6085","48313","Madison County, Texas","B18101_001",11405,332
"6086","48313","Madison County, Texas","B18101_002",5686,326
"6087","48313","Madison County, Texas","B18101_003",495,115
"6088","48313","Madison County, Texas","B18101_004",0,23
"6089","48313","Madison County, Texas","B18101_005",495,115
"6090","48313","Madison County, Texas","B18101_006",1114,102
"6091","48313","Madison County, Texas","B18101_007",46,43
"6092","48313","Madison County, Texas","B18101_008",1068,126
"6093","48313","Madison County, Texas","B18101_009",1422,227
"6094","48313","Madison County, Texas","B18101_010",195,222
"6095","48313","Madison County, Texas","B18101_011",1227,263
"6096","48313","Madison County, Texas","B18101_012",1789,303
"6097","48313","Madison County, Texas","B18101_013",277,135
"6098","48313","Madison County, Texas","B18101_014",1512,275
"6099","48313","Madison County, Texas","B18101_015",460,68
"6100","48313","Madison County, Texas","B18101_016",140,57
"6101","48313","Madison County, Texas","B18101_017",320,78
"6102","48313","Madison County, Texas","B18101_018",406,61
"6103","48313","Madison County, Texas","B18101_019",181,62
"6104","48313","Madison County, Texas","B18101_020",225,68
"6105","48313","Madison County, Texas","B18101_021",5719,100
"6106","48313","Madison County, Texas","B18101_022",308,78
"6107","48313","Madison County, Texas","B18101_023",0,23
"6108","48313","Madison County, Texas","B18101_024",308,78
"6109","48313","Madison County, Texas","B18101_025",1120,59
"6110","48313","Madison County, Texas","B18101_026",22,18
"6111","48313","Madison County, Texas","B18101_027",1098,56
"6112","48313","Madison County, Texas","B18101_028",1123,113
"6113","48313","Madison County, Texas","B18101_029",104,63
"6114","48313","Madison County, Texas","B18101_030",1019,121
"6115","48313","Madison County, Texas","B18101_031",2103,140
"6116","48313","Madison County, Texas","B18101_032",255,111
"6117","48313","Madison County, Texas","B18101_033",1848,151
"6118","48313","Madison County, Texas","B18101_034",626,81
"6119","48313","Madison County, Texas","B18101_035",210,98
"6120","48313","Madison County, Texas","B18101_036",416,127
"6121","48313","Madison County, Texas","B18101_037",439,92
"6122","48313","Madison County, Texas","B18101_038",159,49
"6123","48313","Madison County, Texas","B18101_039",280,102
"6124","48315","Marion County, Texas","B18101_001",9622,3
"6125","48315","Marion County, Texas","B18101_002",4771,134
"6126","48315","Marion County, Texas","B18101_003",163,80
"6127","48315","Marion County, Texas","B18101_004",0,21
"6128","48315","Marion County, Texas","B18101_005",163,80
"6129","48315","Marion County, Texas","B18101_006",676,131
"6130","48315","Marion County, Texas","B18101_007",128,106
"6131","48315","Marion County, Texas","B18101_008",548,97
"6132","48315","Marion County, Texas","B18101_009",817,158
"6133","48315","Marion County, Texas","B18101_010",77,51
"6134","48315","Marion County, Texas","B18101_011",740,164
"6135","48315","Marion County, Texas","B18101_012",1927,167
"6136","48315","Marion County, Texas","B18101_013",485,116
"6137","48315","Marion County, Texas","B18101_014",1442,194
"6138","48315","Marion County, Texas","B18101_015",710,81
"6139","48315","Marion County, Texas","B18101_016",187,77
"6140","48315","Marion County, Texas","B18101_017",523,101
"6141","48315","Marion County, Texas","B18101_018",478,33
"6142","48315","Marion County, Texas","B18101_019",246,70
"6143","48315","Marion County, Texas","B18101_020",232,69
"6144","48315","Marion County, Texas","B18101_021",4851,134
"6145","48315","Marion County, Texas","B18101_022",236,78
"6146","48315","Marion County, Texas","B18101_023",0,21
"6147","48315","Marion County, Texas","B18101_024",236,78
"6148","48315","Marion County, Texas","B18101_025",574,96
"6149","48315","Marion County, Texas","B18101_026",69,68
"6150","48315","Marion County, Texas","B18101_027",505,113
"6151","48315","Marion County, Texas","B18101_028",832,118
"6152","48315","Marion County, Texas","B18101_029",85,64
"6153","48315","Marion County, Texas","B18101_030",747,101
"6154","48315","Marion County, Texas","B18101_031",1827,129
"6155","48315","Marion County, Texas","B18101_032",397,137
"6156","48315","Marion County, Texas","B18101_033",1430,188
"6157","48315","Marion County, Texas","B18101_034",816,75
"6158","48315","Marion County, Texas","B18101_035",198,81
"6159","48315","Marion County, Texas","B18101_036",618,112
"6160","48315","Marion County, Texas","B18101_037",566,48
"6161","48315","Marion County, Texas","B18101_038",244,75
"6162","48315","Marion County, Texas","B18101_039",322,74
"6163","48317","Martin County, Texas","B18101_001",5157,36
"6164","48317","Martin County, Texas","B18101_002",3005,124
"6165","48317","Martin County, Texas","B18101_003",161,86
"6166","48317","Martin County, Texas","B18101_004",0,21
"6167","48317","Martin County, Texas","B18101_005",161,86
"6168","48317","Martin County, Texas","B18101_006",924,139
"6169","48317","Martin County, Texas","B18101_007",0,21
"6170","48317","Martin County, Texas","B18101_008",924,139
"6171","48317","Martin County, Texas","B18101_009",397,75
"6172","48317","Martin County, Texas","B18101_010",28,34
"6173","48317","Martin County, Texas","B18101_011",369,71
"6174","48317","Martin County, Texas","B18101_012",1230,126
"6175","48317","Martin County, Texas","B18101_013",169,86
"6176","48317","Martin County, Texas","B18101_014",1061,121
"6177","48317","Martin County, Texas","B18101_015",238,61
"6178","48317","Martin County, Texas","B18101_016",80,46
"6179","48317","Martin County, Texas","B18101_017",158,47
"6180","48317","Martin County, Texas","B18101_018",55,39
"6181","48317","Martin County, Texas","B18101_019",13,20
"6182","48317","Martin County, Texas","B18101_020",42,36
"6183","48317","Martin County, Texas","B18101_021",2152,117
"6184","48317","Martin County, Texas","B18101_022",59,26
"6185","48317","Martin County, Texas","B18101_023",0,21
"6186","48317","Martin County, Texas","B18101_024",59,26
"6187","48317","Martin County, Texas","B18101_025",414,105
"6188","48317","Martin County, Texas","B18101_026",40,47
"6189","48317","Martin County, Texas","B18101_027",374,92
"6190","48317","Martin County, Texas","B18101_028",484,65
"6191","48317","Martin County, Texas","B18101_029",24,20
"6192","48317","Martin County, Texas","B18101_030",460,65
"6193","48317","Martin County, Texas","B18101_031",943,87
"6194","48317","Martin County, Texas","B18101_032",156,84
"6195","48317","Martin County, Texas","B18101_033",787,119
"6196","48317","Martin County, Texas","B18101_034",169,52
"6197","48317","Martin County, Texas","B18101_035",74,38
"6198","48317","Martin County, Texas","B18101_036",95,38
"6199","48317","Martin County, Texas","B18101_037",83,39
"6200","48317","Martin County, Texas","B18101_038",42,46
"6201","48317","Martin County, Texas","B18101_039",41,34
"6202","48319","Mason County, Texas","B18101_001",3947,11
"6203","48319","Mason County, Texas","B18101_002",2019,111
"6204","48319","Mason County, Texas","B18101_003",131,85
"6205","48319","Mason County, Texas","B18101_004",0,15
"6206","48319","Mason County, Texas","B18101_005",131,85
"6207","48319","Mason County, Texas","B18101_006",318,75
"6208","48319","Mason County, Texas","B18101_007",14,21
"6209","48319","Mason County, Texas","B18101_008",304,74
"6210","48319","Mason County, Texas","B18101_009",297,96
"6211","48319","Mason County, Texas","B18101_010",39,56
"6212","48319","Mason County, Texas","B18101_011",258,77
"6213","48319","Mason County, Texas","B18101_012",653,95
"6214","48319","Mason County, Texas","B18101_013",131,106
"6215","48319","Mason County, Texas","B18101_014",522,117
"6216","48319","Mason County, Texas","B18101_015",284,72
"6217","48319","Mason County, Texas","B18101_016",117,44
"6218","48319","Mason County, Texas","B18101_017",167,61
"6219","48319","Mason County, Texas","B18101_018",336,66
"6220","48319","Mason County, Texas","B18101_019",205,77
"6221","48319","Mason County, Texas","B18101_020",131,61
"6222","48319","Mason County, Texas","B18101_021",1928,110
"6223","48319","Mason County, Texas","B18101_022",91,52
"6224","48319","Mason County, Texas","B18101_023",0,15
"6225","48319","Mason County, Texas","B18101_024",91,52
"6226","48319","Mason County, Texas","B18101_025",218,67
"6227","48319","Mason County, Texas","B18101_026",0,15
"6228","48319","Mason County, Texas","B18101_027",218,67
"6229","48319","Mason County, Texas","B18101_028",148,57
"6230","48319","Mason County, Texas","B18101_029",0,15
"6231","48319","Mason County, Texas","B18101_030",148,57
"6232","48319","Mason County, Texas","B18101_031",700,98
"6233","48319","Mason County, Texas","B18101_032",60,49
"6234","48319","Mason County, Texas","B18101_033",640,107
"6235","48319","Mason County, Texas","B18101_034",462,80
"6236","48319","Mason County, Texas","B18101_035",188,62
"6237","48319","Mason County, Texas","B18101_036",274,79
"6238","48319","Mason County, Texas","B18101_037",309,61
"6239","48319","Mason County, Texas","B18101_038",228,77
"6240","48319","Mason County, Texas","B18101_039",81,42
"6241","48321","Matagorda County, Texas","B18101_001",35987,19
"6242","48321","Matagorda County, Texas","B18101_002",17566,391
"6243","48321","Matagorda County, Texas","B18101_003",865,159
"6244","48321","Matagorda County, Texas","B18101_004",34,57
"6245","48321","Matagorda County, Texas","B18101_005",831,150
"6246","48321","Matagorda County, Texas","B18101_006",3344,319
"6247","48321","Matagorda County, Texas","B18101_007",395,332
"6248","48321","Matagorda County, Texas","B18101_008",2949,221
"6249","48321","Matagorda County, Texas","B18101_009",3924,169
"6250","48321","Matagorda County, Texas","B18101_010",257,169
"6251","48321","Matagorda County, Texas","B18101_011",3667,243
"6252","48321","Matagorda County, Texas","B18101_012",6323,200
"6253","48321","Matagorda County, Texas","B18101_013",1000,243
"6254","48321","Matagorda County, Texas","B18101_014",5323,293
"6255","48321","Matagorda County, Texas","B18101_015",2058,83
"6256","48321","Matagorda County, Texas","B18101_016",782,214
"6257","48321","Matagorda County, Texas","B18101_017",1276,211
"6258","48321","Matagorda County, Texas","B18101_018",1052,71
"6259","48321","Matagorda County, Texas","B18101_019",639,149
"6260","48321","Matagorda County, Texas","B18101_020",413,136
"6261","48321","Matagorda County, Texas","B18101_021",18421,395
"6262","48321","Matagorda County, Texas","B18101_022",1632,252
"6263","48321","Matagorda County, Texas","B18101_023",32,51
"6264","48321","Matagorda County, Texas","B18101_024",1600,256
"6265","48321","Matagorda County, Texas","B18101_025",3438,234
"6266","48321","Matagorda County, Texas","B18101_026",389,243
"6267","48321","Matagorda County, Texas","B18101_027",3049,347
"6268","48321","Matagorda County, Texas","B18101_028",3550,17
"6269","48321","Matagorda County, Texas","B18101_029",254,160
"6270","48321","Matagorda County, Texas","B18101_030",3296,162
"6271","48321","Matagorda County, Texas","B18101_031",6508,107
"6272","48321","Matagorda County, Texas","B18101_032",1320,320
"6273","48321","Matagorda County, Texas","B18101_033",5188,353
"6274","48321","Matagorda County, Texas","B18101_034",1915,41
"6275","48321","Matagorda County, Texas","B18101_035",671,204
"6276","48321","Matagorda County, Texas","B18101_036",1244,208
"6277","48321","Matagorda County, Texas","B18101_037",1378,82
"6278","48321","Matagorda County, Texas","B18101_038",520,134
"6279","48321","Matagorda County, Texas","B18101_039",858,147
"6280","48323","Maverick County, Texas","B18101_001",57643,35
"6281","48323","Maverick County, Texas","B18101_002",28850,214
"6282","48323","Maverick County, Texas","B18101_003",2616,125
"6283","48323","Maverick County, Texas","B18101_004",82,84
"6284","48323","Maverick County, Texas","B18101_005",2534,129
"6285","48323","Maverick County, Texas","B18101_006",6666,220
"6286","48323","Maverick County, Texas","B18101_007",578,202
"6287","48323","Maverick County, Texas","B18101_008",6088,249
"6288","48323","Maverick County, Texas","B18101_009",7625,325
"6289","48323","Maverick County, Texas","B18101_010",446,197
"6290","48323","Maverick County, Texas","B18101_011",7179,424
"6291","48323","Maverick County, Texas","B18101_012",8965,133
"6292","48323","Maverick County, Texas","B18101_013",1635,350
"6293","48323","Maverick County, Texas","B18101_014",7330,343
"6294","48323","Maverick County, Texas","B18101_015",1819,38
"6295","48323","Maverick County, Texas","B18101_016",650,183
"6296","48323","Maverick County, Texas","B18101_017",1169,184
"6297","48323","Maverick County, Texas","B18101_018",1159,37
"6298","48323","Maverick County, Texas","B18101_019",586,155
"6299","48323","Maverick County, Texas","B18101_020",573,157
"6300","48323","Maverick County, Texas","B18101_021",28793,215
"6301","48323","Maverick County, Texas","B18101_022",2383,24
"6302","48323","Maverick County, Texas","B18101_023",0,35
"6303","48323","Maverick County, Texas","B18101_024",2383,24
"6304","48323","Maverick County, Texas","B18101_025",6233,175
"6305","48323","Maverick County, Texas","B18101_026",192,124
"6306","48323","Maverick County, Texas","B18101_027",6041,204
"6307","48323","Maverick County, Texas","B18101_028",6805,158
"6308","48323","Maverick County, Texas","B18101_029",490,273
"6309","48323","Maverick County, Texas","B18101_030",6315,287
"6310","48323","Maverick County, Texas","B18101_031",9541,163
"6311","48323","Maverick County, Texas","B18101_032",976,265
"6312","48323","Maverick County, Texas","B18101_033",8565,302
"6313","48323","Maverick County, Texas","B18101_034",2200,71
"6314","48323","Maverick County, Texas","B18101_035",733,170
"6315","48323","Maverick County, Texas","B18101_036",1467,164
"6316","48323","Maverick County, Texas","B18101_037",1631,83
"6317","48323","Maverick County, Texas","B18101_038",927,145
"6318","48323","Maverick County, Texas","B18101_039",704,140
"6319","48325","Medina County, Texas","B18101_001",51077,152
"6320","48325","Medina County, Texas","B18101_002",25681,193
"6321","48325","Medina County, Texas","B18101_003",1507,48
"6322","48325","Medina County, Texas","B18101_004",62,74
"6323","48325","Medina County, Texas","B18101_005",1445,89
"6324","48325","Medina County, Texas","B18101_006",4608,98
"6325","48325","Medina County, Texas","B18101_007",641,284
"6326","48325","Medina County, Texas","B18101_008",3967,281
"6327","48325","Medina County, Texas","B18101_009",5200,201
"6328","48325","Medina County, Texas","B18101_010",472,210
"6329","48325","Medina County, Texas","B18101_011",4728,306
"6330","48325","Medina County, Texas","B18101_012",9974,211
"6331","48325","Medina County, Texas","B18101_013",1888,367
"6332","48325","Medina County, Texas","B18101_014",8086,410
"6333","48325","Medina County, Texas","B18101_015",2692,88
"6334","48325","Medina County, Texas","B18101_016",636,171
"6335","48325","Medina County, Texas","B18101_017",2056,203
"6336","48325","Medina County, Texas","B18101_018",1700,65
"6337","48325","Medina County, Texas","B18101_019",973,171
"6338","48325","Medina County, Texas","B18101_020",727,167
"6339","48325","Medina County, Texas","B18101_021",25396,131
"6340","48325","Medina County, Texas","B18101_022",1443,71
"6341","48325","Medina County, Texas","B18101_023",0,35
"6342","48325","Medina County, Texas","B18101_024",1443,71
"6343","48325","Medina County, Texas","B18101_025",4412,116
"6344","48325","Medina County, Texas","B18101_026",374,216
"6345","48325","Medina County, Texas","B18101_027",4038,248
"6346","48325","Medina County, Texas","B18101_028",4872,113
"6347","48325","Medina County, Texas","B18101_029",460,172
"6348","48325","Medina County, Texas","B18101_030",4412,211
"6349","48325","Medina County, Texas","B18101_031",9832,99
"6350","48325","Medina County, Texas","B18101_032",1562,286
"6351","48325","Medina County, Texas","B18101_033",8270,303
"6352","48325","Medina County, Texas","B18101_034",2839,75
"6353","48325","Medina County, Texas","B18101_035",866,192
"6354","48325","Medina County, Texas","B18101_036",1973,213
"6355","48325","Medina County, Texas","B18101_037",1998,69
"6356","48325","Medina County, Texas","B18101_038",1208,169
"6357","48325","Medina County, Texas","B18101_039",790,150
"6358","48327","Menard County, Texas","B18101_001",1909,9
"6359","48327","Menard County, Texas","B18101_002",942,108
"6360","48327","Menard County, Texas","B18101_003",65,54
"6361","48327","Menard County, Texas","B18101_004",0,15
"6362","48327","Menard County, Texas","B18101_005",65,54
"6363","48327","Menard County, Texas","B18101_006",155,80
"6364","48327","Menard County, Texas","B18101_007",0,15
"6365","48327","Menard County, Texas","B18101_008",155,80
"6366","48327","Menard County, Texas","B18101_009",130,82
"6367","48327","Menard County, Texas","B18101_010",8,14
"6368","48327","Menard County, Texas","B18101_011",122,83
"6369","48327","Menard County, Texas","B18101_012",272,97
"6370","48327","Menard County, Texas","B18101_013",98,91
"6371","48327","Menard County, Texas","B18101_014",174,69
"6372","48327","Menard County, Texas","B18101_015",121,57
"6373","48327","Menard County, Texas","B18101_016",54,45
"6374","48327","Menard County, Texas","B18101_017",67,40
"6375","48327","Menard County, Texas","B18101_018",199,72
"6376","48327","Menard County, Texas","B18101_019",111,67
"6377","48327","Menard County, Texas","B18101_020",88,49
"6378","48327","Menard County, Texas","B18101_021",967,107
"6379","48327","Menard County, Texas","B18101_022",19,22
"6380","48327","Menard County, Texas","B18101_023",0,15
"6381","48327","Menard County, Texas","B18101_024",19,22
"6382","48327","Menard County, Texas","B18101_025",178,67
"6383","48327","Menard County, Texas","B18101_026",0,15
"6384","48327","Menard County, Texas","B18101_027",178,67
"6385","48327","Menard County, Texas","B18101_028",92,58
"6386","48327","Menard County, Texas","B18101_029",0,15
"6387","48327","Menard County, Texas","B18101_030",92,58
"6388","48327","Menard County, Texas","B18101_031",381,103
"6389","48327","Menard County, Texas","B18101_032",71,55
"6390","48327","Menard County, Texas","B18101_033",310,110
"6391","48327","Menard County, Texas","B18101_034",93,56
"6392","48327","Menard County, Texas","B18101_035",50,40
"6393","48327","Menard County, Texas","B18101_036",43,38
"6394","48327","Menard County, Texas","B18101_037",204,90
"6395","48327","Menard County, Texas","B18101_038",132,78
"6396","48327","Menard County, Texas","B18101_039",72,53
"6397","48329","Midland County, Texas","B18101_001",173380,236
"6398","48329","Midland County, Texas","B18101_002",87988,539
"6399","48329","Midland County, Texas","B18101_003",7551,358
"6400","48329","Midland County, Texas","B18101_004",7,13
"6401","48329","Midland County, Texas","B18101_005",7544,358
"6402","48329","Midland County, Texas","B18101_006",18607,177
"6403","48329","Midland County, Texas","B18101_007",1297,436
"6404","48329","Midland County, Texas","B18101_008",17310,512
"6405","48329","Midland County, Texas","B18101_009",21911,204
"6406","48329","Midland County, Texas","B18101_010",1943,516
"6407","48329","Midland County, Texas","B18101_011",19968,545
"6408","48329","Midland County, Texas","B18101_012",31726,339
"6409","48329","Midland County, Texas","B18101_013",2824,473
"6410","48329","Midland County, Texas","B18101_014",28902,595
"6411","48329","Midland County, Texas","B18101_015",5433,109
"6412","48329","Midland County, Texas","B18101_016",1747,326
"6413","48329","Midland County, Texas","B18101_017",3686,333
"6414","48329","Midland County, Texas","B18101_018",2760,117
"6415","48329","Midland County, Texas","B18101_019",1550,229
"6416","48329","Midland County, Texas","B18101_020",1210,270
"6417","48329","Midland County, Texas","B18101_021",85392,484
"6418","48329","Midland County, Texas","B18101_022",6948,356
"6419","48329","Midland County, Texas","B18101_023",30,49
"6420","48329","Midland County, Texas","B18101_024",6918,357
"6421","48329","Midland County, Texas","B18101_025",17803,176
"6422","48329","Midland County, Texas","B18101_026",828,286
"6423","48329","Midland County, Texas","B18101_027",16975,321
"6424","48329","Midland County, Texas","B18101_028",20977,121
"6425","48329","Midland County, Texas","B18101_029",1835,487
"6426","48329","Midland County, Texas","B18101_030",19142,521
"6427","48329","Midland County, Texas","B18101_031",29412,143
"6428","48329","Midland County, Texas","B18101_032",3086,527
"6429","48329","Midland County, Texas","B18101_033",26326,562
"6430","48329","Midland County, Texas","B18101_034",6022,120
"6431","48329","Midland County, Texas","B18101_035",1637,298
"6432","48329","Midland County, Texas","B18101_036",4385,302
"6433","48329","Midland County, Texas","B18101_037",4230,99
"6434","48329","Midland County, Texas","B18101_038",2520,278
"6435","48329","Midland County, Texas","B18101_039",1710,276
"6436","48331","Milam County, Texas","B18101_001",25041,18
"6437","48331","Milam County, Texas","B18101_002",12475,165
"6438","48331","Milam County, Texas","B18101_003",751,44
"6439","48331","Milam County, Texas","B18101_004",0,28
"6440","48331","Milam County, Texas","B18101_005",751,44
"6441","48331","Milam County, Texas","B18101_006",2262,132
"6442","48331","Milam County, Texas","B18101_007",58,59
"6443","48331","Milam County, Texas","B18101_008",2204,150
"6444","48331","Milam County, Texas","B18101_009",2437,161
"6445","48331","Milam County, Texas","B18101_010",356,143
"6446","48331","Milam County, Texas","B18101_011",2081,182
"6447","48331","Milam County, Texas","B18101_012",4546,140
"6448","48331","Milam County, Texas","B18101_013",483,141
"6449","48331","Milam County, Texas","B18101_014",4063,170
"6450","48331","Milam County, Texas","B18101_015",1552,88
"6451","48331","Milam County, Texas","B18101_016",685,173
"6452","48331","Milam County, Texas","B18101_017",867,146
"6453","48331","Milam County, Texas","B18101_018",927,70
"6454","48331","Milam County, Texas","B18101_019",469,99
"6455","48331","Milam County, Texas","B18101_020",458,108
"6456","48331","Milam County, Texas","B18101_021",12566,162
"6457","48331","Milam County, Texas","B18101_022",667,36
"6458","48331","Milam County, Texas","B18101_023",0,28
"6459","48331","Milam County, Texas","B18101_024",667,36
"6460","48331","Milam County, Texas","B18101_025",2040,105
"6461","48331","Milam County, Texas","B18101_026",63,47
"6462","48331","Milam County, Texas","B18101_027",1977,115
"6463","48331","Milam County, Texas","B18101_028",2250,124
"6464","48331","Milam County, Texas","B18101_029",253,128
"6465","48331","Milam County, Texas","B18101_030",1997,180
"6466","48331","Milam County, Texas","B18101_031",4728,125
"6467","48331","Milam County, Texas","B18101_032",785,175
"6468","48331","Milam County, Texas","B18101_033",3943,212
"6469","48331","Milam County, Texas","B18101_034",1766,161
"6470","48331","Milam County, Texas","B18101_035",343,103
"6471","48331","Milam County, Texas","B18101_036",1423,180
"6472","48331","Milam County, Texas","B18101_037",1115,105
"6473","48331","Milam County, Texas","B18101_038",496,128
"6474","48331","Milam County, Texas","B18101_039",619,158
"6475","48333","Mills County, Texas","B18101_001",4357,8
"6476","48333","Mills County, Texas","B18101_002",2236,89
"6477","48333","Mills County, Texas","B18101_003",62,33
"6478","48333","Mills County, Texas","B18101_004",0,15
"6479","48333","Mills County, Texas","B18101_005",62,33
"6480","48333","Mills County, Texas","B18101_006",465,91
"6481","48333","Mills County, Texas","B18101_007",11,11
"6482","48333","Mills County, Texas","B18101_008",454,90
"6483","48333","Mills County, Texas","B18101_009",337,87
"6484","48333","Mills County, Texas","B18101_010",31,29
"6485","48333","Mills County, Texas","B18101_011",306,83
"6486","48333","Mills County, Texas","B18101_012",841,99
"6487","48333","Mills County, Texas","B18101_013",104,39
"6488","48333","Mills County, Texas","B18101_014",737,94
"6489","48333","Mills County, Texas","B18101_015",329,68
"6490","48333","Mills County, Texas","B18101_016",113,42
"6491","48333","Mills County, Texas","B18101_017",216,68
"6492","48333","Mills County, Texas","B18101_018",202,61
"6493","48333","Mills County, Texas","B18101_019",92,38
"6494","48333","Mills County, Texas","B18101_020",110,52
"6495","48333","Mills County, Texas","B18101_021",2121,89
"6496","48333","Mills County, Texas","B18101_022",39,26
"6497","48333","Mills County, Texas","B18101_023",0,15
"6498","48333","Mills County, Texas","B18101_024",39,26
"6499","48333","Mills County, Texas","B18101_025",321,74
"6500","48333","Mills County, Texas","B18101_026",7,10
"6501","48333","Mills County, Texas","B18101_027",314,79
"6502","48333","Mills County, Texas","B18101_028",339,69
"6503","48333","Mills County, Texas","B18101_029",27,22
"6504","48333","Mills County, Texas","B18101_030",312,65
"6505","48333","Mills County, Texas","B18101_031",858,96
"6506","48333","Mills County, Texas","B18101_032",68,32
"6507","48333","Mills County, Texas","B18101_033",790,91
"6508","48333","Mills County, Texas","B18101_034",297,73
"6509","48333","Mills County, Texas","B18101_035",110,54
"6510","48333","Mills County, Texas","B18101_036",187,56
"6511","48333","Mills County, Texas","B18101_037",267,61
"6512","48333","Mills County, Texas","B18101_038",140,48
"6513","48333","Mills County, Texas","B18101_039",127,46
"6514","48335","Mitchell County, Texas","B18101_001",7622,56
"6515","48335","Mitchell County, Texas","B18101_002",4382,166
"6516","48335","Mitchell County, Texas","B18101_003",298,108
"6517","48335","Mitchell County, Texas","B18101_004",0,21
"6518","48335","Mitchell County, Texas","B18101_005",298,108
"6519","48335","Mitchell County, Texas","B18101_006",812,196
"6520","48335","Mitchell County, Texas","B18101_007",6,11
"6521","48335","Mitchell County, Texas","B18101_008",806,194
"6522","48335","Mitchell County, Texas","B18101_009",1261,203
"6523","48335","Mitchell County, Texas","B18101_010",190,144
"6524","48335","Mitchell County, Texas","B18101_011",1071,222
"6525","48335","Mitchell County, Texas","B18101_012",1453,202
"6526","48335","Mitchell County, Texas","B18101_013",190,81
"6527","48335","Mitchell County, Texas","B18101_014",1263,209
"6528","48335","Mitchell County, Texas","B18101_015",363,36
"6529","48335","Mitchell County, Texas","B18101_016",123,59
"6530","48335","Mitchell County, Texas","B18101_017",240,63
"6531","48335","Mitchell County, Texas","B18101_018",195,45
"6532","48335","Mitchell County, Texas","B18101_019",120,49
"6533","48335","Mitchell County, Texas","B18101_020",75,35
"6534","48335","Mitchell County, Texas","B18101_021",3240,161
"6535","48335","Mitchell County, Texas","B18101_022",104,61
"6536","48335","Mitchell County, Texas","B18101_023",0,21
"6537","48335","Mitchell County, Texas","B18101_024",104,61
"6538","48335","Mitchell County, Texas","B18101_025",633,125
"6539","48335","Mitchell County, Texas","B18101_026",21,24
"6540","48335","Mitchell County, Texas","B18101_027",612,120
"6541","48335","Mitchell County, Texas","B18101_028",498,12
"6542","48335","Mitchell County, Texas","B18101_029",109,85
"6543","48335","Mitchell County, Texas","B18101_030",389,86
"6544","48335","Mitchell County, Texas","B18101_031",1327,40
"6545","48335","Mitchell County, Texas","B18101_032",185,75
"6546","48335","Mitchell County, Texas","B18101_033",1142,74
"6547","48335","Mitchell County, Texas","B18101_034",372,51
"6548","48335","Mitchell County, Texas","B18101_035",84,39
"6549","48335","Mitchell County, Texas","B18101_036",288,62
"6550","48335","Mitchell County, Texas","B18101_037",306,49
"6551","48335","Mitchell County, Texas","B18101_038",201,58
"6552","48335","Mitchell County, Texas","B18101_039",105,47
"6553","48337","Montague County, Texas","B18101_001",20772,17
"6554","48337","Montague County, Texas","B18101_002",10278,145
"6555","48337","Montague County, Texas","B18101_003",467,35
"6556","48337","Montague County, Texas","B18101_004",51,74
"6557","48337","Montague County, Texas","B18101_005",416,82
"6558","48337","Montague County, Texas","B18101_006",2039,83
"6559","48337","Montague County, Texas","B18101_007",174,103
"6560","48337","Montague County, Texas","B18101_008",1865,123
"6561","48337","Montague County, Texas","B18101_009",1830,78
"6562","48337","Montague County, Texas","B18101_010",156,70
"6563","48337","Montague County, Texas","B18101_011",1674,106
"6564","48337","Montague County, Texas","B18101_012",3894,88
"6565","48337","Montague County, Texas","B18101_013",727,178
"6566","48337","Montague County, Texas","B18101_014",3167,219
"6567","48337","Montague County, Texas","B18101_015",1217,49
"6568","48337","Montague County, Texas","B18101_016",292,109
"6569","48337","Montague County, Texas","B18101_017",925,115
"6570","48337","Montague County, Texas","B18101_018",831,73
"6571","48337","Montague County, Texas","B18101_019",430,85
"6572","48337","Montague County, Texas","B18101_020",401,89
"6573","48337","Montague County, Texas","B18101_021",10494,142
"6574","48337","Montague County, Texas","B18101_022",462,44
"6575","48337","Montague County, Texas","B18101_023",0,28
"6576","48337","Montague County, Texas","B18101_024",462,44
"6577","48337","Montague County, Texas","B18101_025",1820,59
"6578","48337","Montague County, Texas","B18101_026",134,85
"6579","48337","Montague County, Texas","B18101_027",1686,106
"6580","48337","Montague County, Texas","B18101_028",1861,67
"6581","48337","Montague County, Texas","B18101_029",194,104
"6582","48337","Montague County, Texas","B18101_030",1667,127
"6583","48337","Montague County, Texas","B18101_031",3987,109
"6584","48337","Montague County, Texas","B18101_032",761,171
"6585","48337","Montague County, Texas","B18101_033",3226,207
"6586","48337","Montague County, Texas","B18101_034",1359,63
"6587","48337","Montague County, Texas","B18101_035",420,104
"6588","48337","Montague County, Texas","B18101_036",939,119
"6589","48337","Montague County, Texas","B18101_037",1005,62
"6590","48337","Montague County, Texas","B18101_038",520,107
"6591","48337","Montague County, Texas","B18101_039",485,113
"6592","48339","Montgomery County, Texas","B18101_001",681253,367
"6593","48339","Montgomery County, Texas","B18101_002",338166,374
"6594","48339","Montgomery County, Texas","B18101_003",22062,77
"6595","48339","Montgomery County, Texas","B18101_004",83,76
"6596","48339","Montgomery County, Texas","B18101_005",21979,111
"6597","48339","Montgomery County, Texas","B18101_006",68071,32
"6598","48339","Montgomery County, Texas","B18101_007",4656,739
"6599","48339","Montgomery County, Texas","B18101_008",63415,737
"6600","48339","Montgomery County, Texas","B18101_009",72126,181
"6601","48339","Montgomery County, Texas","B18101_010",5278,901
"6602","48339","Montgomery County, Texas","B18101_011",66848,902
"6603","48339","Montgomery County, Texas","B18101_012",133118,296
"6604","48339","Montgomery County, Texas","B18101_013",12775,1290
"6605","48339","Montgomery County, Texas","B18101_014",120343,1289
"6606","48339","Montgomery County, Texas","B18101_015",27948,84
"6607","48339","Montgomery County, Texas","B18101_016",5954,558
"6608","48339","Montgomery County, Texas","B18101_017",21994,552
"6609","48339","Montgomery County, Texas","B18101_018",14841,169
"6610","48339","Montgomery County, Texas","B18101_019",6806,497
"6611","48339","Montgomery County, Texas","B18101_020",8035,500
"6612","48339","Montgomery County, Texas","B18101_021",343087,274
"6613","48339","Montgomery County, Texas","B18101_022",21265,75
"6614","48339","Montgomery County, Texas","B18101_023",81,82
"6615","48339","Montgomery County, Texas","B18101_024",21184,109
"6616","48339","Montgomery County, Texas","B18101_025",65612,52
"6617","48339","Montgomery County, Texas","B18101_026",2893,617
"6618","48339","Montgomery County, Texas","B18101_027",62719,619
"6619","48339","Montgomery County, Texas","B18101_028",72298,156
"6620","48339","Montgomery County, Texas","B18101_029",4912,750
"6621","48339","Montgomery County, Texas","B18101_030",67386,761
"6622","48339","Montgomery County, Texas","B18101_031",133749,158
"6623","48339","Montgomery County, Texas","B18101_032",12599,933
"6624","48339","Montgomery County, Texas","B18101_033",121150,948
"6625","48339","Montgomery County, Texas","B18101_034",30759,85
"6626","48339","Montgomery County, Texas","B18101_035",6383,627
"6627","48339","Montgomery County, Texas","B18101_036",24376,615
"6628","48339","Montgomery County, Texas","B18101_037",19404,143
"6629","48339","Montgomery County, Texas","B18101_038",8990,650
"6630","48339","Montgomery County, Texas","B18101_039",10414,674
"6631","48341","Moore County, Texas","B18101_001",21238,4
"6632","48341","Moore County, Texas","B18101_002",11216,200
"6633","48341","Moore County, Texas","B18101_003",892,80
"6634","48341","Moore County, Texas","B18101_004",0,28
"6635","48341","Moore County, Texas","B18101_005",892,80
"6636","48341","Moore County, Texas","B18101_006",2597,190
"6637","48341","Moore County, Texas","B18101_007",203,116
"6638","48341","Moore County, Texas","B18101_008",2394,212
"6639","48341","Moore County, Texas","B18101_009",2691,216
"6640","48341","Moore County, Texas","B18101_010",387,179
"6641","48341","Moore County, Texas","B18101_011",2304,321
"6642","48341","Moore County, Texas","B18101_012",3920,169
"6643","48341","Moore County, Texas","B18101_013",296,133
"6644","48341","Moore County, Texas","B18101_014",3624,175
"6645","48341","Moore County, Texas","B18101_015",796,74
"6646","48341","Moore County, Texas","B18101_016",323,131
"6647","48341","Moore County, Texas","B18101_017",473,118
"6648","48341","Moore County, Texas","B18101_018",320,65
"6649","48341","Moore County, Texas","B18101_019",251,34
"6650","48341","Moore County, Texas","B18101_020",69,67
"6651","48341","Moore County, Texas","B18101_021",10022,200
"6652","48341","Moore County, Texas","B18101_022",966,63
"6653","48341","Moore County, Texas","B18101_023",26,43
"6654","48341","Moore County, Texas","B18101_024",940,76
"6655","48341","Moore County, Texas","B18101_025",2183,101
"6656","48341","Moore County, Texas","B18101_026",148,95
"6657","48341","Moore County, Texas","B18101_027",2035,137
"6658","48341","Moore County, Texas","B18101_028",2401,197
"6659","48341","Moore County, Texas","B18101_029",90,73
"6660","48341","Moore County, Texas","B18101_030",2311,206
"6661","48341","Moore County, Texas","B18101_031",3264,84
"6662","48341","Moore County, Texas","B18101_032",274,120
"6663","48341","Moore County, Texas","B18101_033",2990,140
"6664","48341","Moore County, Texas","B18101_034",855,74
"6665","48341","Moore County, Texas","B18101_035",134,68
"6666","48341","Moore County, Texas","B18101_036",721,103
"6667","48341","Moore County, Texas","B18101_037",353,67
"6668","48341","Moore County, Texas","B18101_038",119,61
"6669","48341","Moore County, Texas","B18101_039",234,49
"6670","48343","Morris County, Texas","B18101_001",11960,6
"6671","48343","Morris County, Texas","B18101_002",5704,95
"6672","48343","Morris County, Texas","B18101_003",339,38
"6673","48343","Morris County, Texas","B18101_004",2,3
"6674","48343","Morris County, Texas","B18101_005",337,39
"6675","48343","Morris County, Texas","B18101_006",1001,74
"6676","48343","Morris County, Texas","B18101_007",60,42
"6677","48343","Morris County, Texas","B18101_008",941,89
"6678","48343","Morris County, Texas","B18101_009",1067,59
"6679","48343","Morris County, Texas","B18101_010",136,72
"6680","48343","Morris County, Texas","B18101_011",931,81
"6681","48343","Morris County, Texas","B18101_012",2105,74
"6682","48343","Morris County, Texas","B18101_013",581,174
"6683","48343","Morris County, Texas","B18101_014",1524,176
"6684","48343","Morris County, Texas","B18101_015",763,55
"6685","48343","Morris County, Texas","B18101_016",322,107
"6686","48343","Morris County, Texas","B18101_017",441,122
"6687","48343","Morris County, Texas","B18101_018",429,26
"6688","48343","Morris County, Texas","B18101_019",286,64
"6689","48343","Morris County, Texas","B18101_020",143,62
"6690","48343","Morris County, Texas","B18101_021",6256,95
"6691","48343","Morris County, Texas","B18101_022",349,40
"6692","48343","Morris County, Texas","B18101_023",0,23
"6693","48343","Morris County, Texas","B18101_024",349,40
"6694","48343","Morris County, Texas","B18101_025",1088,77
"6695","48343","Morris County, Texas","B18101_026",83,58
"6696","48343","Morris County, Texas","B18101_027",1005,89
"6697","48343","Morris County, Texas","B18101_028",1111,54
"6698","48343","Morris County, Texas","B18101_029",78,44
"6699","48343","Morris County, Texas","B18101_030",1033,67
"6700","48343","Morris County, Texas","B18101_031",2326,62
"6701","48343","Morris County, Texas","B18101_032",473,116
"6702","48343","Morris County, Texas","B18101_033",1853,132
"6703","48343","Morris County, Texas","B18101_034",822,52
"6704","48343","Morris County, Texas","B18101_035",305,114
"6705","48343","Morris County, Texas","B18101_036",517,100
"6706","48343","Morris County, Texas","B18101_037",560,42
"6707","48343","Morris County, Texas","B18101_038",289,76
"6708","48343","Morris County, Texas","B18101_039",271,69
"6709","48345","Motley County, Texas","B18101_001",1183,136
"6710","48345","Motley County, Texas","B18101_002",619,78
"6711","48345","Motley County, Texas","B18101_003",36,29
"6712","48345","Motley County, Texas","B18101_004",0,15
"6713","48345","Motley County, Texas","B18101_005",36,29
"6714","48345","Motley County, Texas","B18101_006",60,29
"6715","48345","Motley County, Texas","B18101_007",3,5
"6716","48345","Motley County, Texas","B18101_008",57,29
"6717","48345","Motley County, Texas","B18101_009",152,38
"6718","48345","Motley County, Texas","B18101_010",0,15
"6719","48345","Motley County, Texas","B18101_011",152,38
"6720","48345","Motley County, Texas","B18101_012",199,51
"6721","48345","Motley County, Texas","B18101_013",53,30
"6722","48345","Motley County, Texas","B18101_014",146,44
"6723","48345","Motley County, Texas","B18101_015",92,41
"6724","48345","Motley County, Texas","B18101_016",33,31
"6725","48345","Motley County, Texas","B18101_017",59,32
"6726","48345","Motley County, Texas","B18101_018",80,30
"6727","48345","Motley County, Texas","B18101_019",41,30
"6728","48345","Motley County, Texas","B18101_020",39,22
"6729","48345","Motley County, Texas","B18101_021",564,88
"6730","48345","Motley County, Texas","B18101_022",3,9
"6731","48345","Motley County, Texas","B18101_023",0,15
"6732","48345","Motley County, Texas","B18101_024",3,9
"6733","48345","Motley County, Texas","B18101_025",48,24
"6734","48345","Motley County, Texas","B18101_026",0,15
"6735","48345","Motley County, Texas","B18101_027",48,24
"6736","48345","Motley County, Texas","B18101_028",92,29
"6737","48345","Motley County, Texas","B18101_029",17,21
"6738","48345","Motley County, Texas","B18101_030",75,26
"6739","48345","Motley County, Texas","B18101_031",243,86
"6740","48345","Motley County, Texas","B18101_032",66,49
"6741","48345","Motley County, Texas","B18101_033",177,75
"6742","48345","Motley County, Texas","B18101_034",110,38
"6743","48345","Motley County, Texas","B18101_035",25,23
"6744","48345","Motley County, Texas","B18101_036",85,37
"6745","48345","Motley County, Texas","B18101_037",68,27
"6746","48345","Motley County, Texas","B18101_038",26,18
"6747","48345","Motley County, Texas","B18101_039",42,22
"6748","48347","Nacogdoches County, Texas","B18101_001",64388,20
"6749","48347","Nacogdoches County, Texas","B18101_002",31009,121
"6750","48347","Nacogdoches County, Texas","B18101_003",2011,35
"6751","48347","Nacogdoches County, Texas","B18101_004",7,14
"6752","48347","Nacogdoches County, Texas","B18101_005",2004,37
"6753","48347","Nacogdoches County, Texas","B18101_006",5813,50
"6754","48347","Nacogdoches County, Texas","B18101_007",710,217
"6755","48347","Nacogdoches County, Texas","B18101_008",5103,225
"6756","48347","Nacogdoches County, Texas","B18101_009",8978,103
"6757","48347","Nacogdoches County, Texas","B18101_010",887,214
"6758","48347","Nacogdoches County, Texas","B18101_011",8091,233
"6759","48347","Nacogdoches County, Texas","B18101_012",9716,99
"6760","48347","Nacogdoches County, Texas","B18101_013",1417,332
"6761","48347","Nacogdoches County, Texas","B18101_014",8299,357
"6762","48347","Nacogdoches County, Texas","B18101_015",2920,88
"6763","48347","Nacogdoches County, Texas","B18101_016",890,188
"6764","48347","Nacogdoches County, Texas","B18101_017",2030,199
"6765","48347","Nacogdoches County, Texas","B18101_018",1571,119
"6766","48347","Nacogdoches County, Texas","B18101_019",741,146
"6767","48347","Nacogdoches County, Texas","B18101_020",830,125
"6768","48347","Nacogdoches County, Texas","B18101_021",33379,120
"6769","48347","Nacogdoches County, Texas","B18101_022",1931,39
"6770","48347","Nacogdoches County, Texas","B18101_023",0,35
"6771","48347","Nacogdoches County, Texas","B18101_024",1931,39
"6772","48347","Nacogdoches County, Texas","B18101_025",5421,35
"6773","48347","Nacogdoches County, Texas","B18101_026",652,349
"6774","48347","Nacogdoches County, Texas","B18101_027",4769,350
"6775","48347","Nacogdoches County, Texas","B18101_028",10397,101
"6776","48347","Nacogdoches County, Texas","B18101_029",1164,312
"6777","48347","Nacogdoches County, Texas","B18101_030",9233,329
"6778","48347","Nacogdoches County, Texas","B18101_031",10199,110
"6779","48347","Nacogdoches County, Texas","B18101_032",1735,339
"6780","48347","Nacogdoches County, Texas","B18101_033",8464,344
"6781","48347","Nacogdoches County, Texas","B18101_034",3153,83
"6782","48347","Nacogdoches County, Texas","B18101_035",837,183
"6783","48347","Nacogdoches County, Texas","B18101_036",2316,191
"6784","48347","Nacogdoches County, Texas","B18101_037",2278,95
"6785","48347","Nacogdoches County, Texas","B18101_038",980,162
"6786","48347","Nacogdoches County, Texas","B18101_039",1298,174
"6787","48349","Navarro County, Texas","B18101_001",53949,70
"6788","48349","Navarro County, Texas","B18101_002",26588,117
"6789","48349","Navarro County, Texas","B18101_003",1827,4
"6790","48349","Navarro County, Texas","B18101_004",0,35
"6791","48349","Navarro County, Texas","B18101_005",1827,4
"6792","48349","Navarro County, Texas","B18101_006",5530,67
"6793","48349","Navarro County, Texas","B18101_007",708,197
"6794","48349","Navarro County, Texas","B18101_008",4822,194
"6795","48349","Navarro County, Texas","B18101_009",5875,72
"6796","48349","Navarro County, Texas","B18101_010",551,183
"6797","48349","Navarro County, Texas","B18101_011",5324,193
"6798","48349","Navarro County, Texas","B18101_012",9310,67
"6799","48349","Navarro County, Texas","B18101_013",1643,300
"6800","48349","Navarro County, Texas","B18101_014",7667,308
"6801","48349","Navarro County, Texas","B18101_015",2572,92
"6802","48349","Navarro County, Texas","B18101_016",1046,151
"6803","48349","Navarro County, Texas","B18101_017",1526,165
"6804","48349","Navarro County, Texas","B18101_018",1474,102
"6805","48349","Navarro County, Texas","B18101_019",796,146
"6806","48349","Navarro County, Texas","B18101_020",678,167
"6807","48349","Navarro County, Texas","B18101_021",27361,108
"6808","48349","Navarro County, Texas","B18101_022",1857,67
"6809","48349","Navarro County, Texas","B18101_023",0,35
"6810","48349","Navarro County, Texas","B18101_024",1857,67
"6811","48349","Navarro County, Texas","B18101_025",5315,10
"6812","48349","Navarro County, Texas","B18101_026",301,138
"6813","48349","Navarro County, Texas","B18101_027",5014,138
"6814","48349","Navarro County, Texas","B18101_028",5810,51
"6815","48349","Navarro County, Texas","B18101_029",566,199
"6816","48349","Navarro County, Texas","B18101_030",5244,208
"6817","48349","Navarro County, Texas","B18101_031",9660,103
"6818","48349","Navarro County, Texas","B18101_032",1665,291
"6819","48349","Navarro County, Texas","B18101_033",7995,289
"6820","48349","Navarro County, Texas","B18101_034",2809,92
"6821","48349","Navarro County, Texas","B18101_035",725,168
"6822","48349","Navarro County, Texas","B18101_036",2084,165
"6823","48349","Navarro County, Texas","B18101_037",1910,114
"6824","48349","Navarro County, Texas","B18101_038",956,183
"6825","48349","Navarro County, Texas","B18101_039",954,209
"6826","48351","Newton County, Texas","B18101_001",11950,36
"6827","48351","Newton County, Texas","B18101_002",6089,118
"6828","48351","Newton County, Texas","B18101_003",385,80
"6829","48351","Newton County, Texas","B18101_004",0,23
"6830","48351","Newton County, Texas","B18101_005",385,80
"6831","48351","Newton County, Texas","B18101_006",984,114
"6832","48351","Newton County, Texas","B18101_007",92,64
"6833","48351","Newton County, Texas","B18101_008",892,119
"6834","48351","Newton County, Texas","B18101_009",1125,84
"6835","48351","Newton County, Texas","B18101_010",122,107
"6836","48351","Newton County, Texas","B18101_011",1003,99
"6837","48351","Newton County, Texas","B18101_012",2298,100
"6838","48351","Newton County, Texas","B18101_013",314,117
"6839","48351","Newton County, Texas","B18101_014",1984,158
"6840","48351","Newton County, Texas","B18101_015",764,89
"6841","48351","Newton County, Texas","B18101_016",228,110
"6842","48351","Newton County, Texas","B18101_017",536,82
"6843","48351","Newton County, Texas","B18101_018",533,80
"6844","48351","Newton County, Texas","B18101_019",253,83
"6845","48351","Newton County, Texas","B18101_020",280,105
"6846","48351","Newton County, Texas","B18101_021",5861,118
"6847","48351","Newton County, Texas","B18101_022",209,20
"6848","48351","Newton County, Texas","B18101_023",0,23
"6849","48351","Newton County, Texas","B18101_024",209,20
"6850","48351","Newton County, Texas","B18101_025",745,49
"6851","48351","Newton County, Texas","B18101_026",21,25
"6852","48351","Newton County, Texas","B18101_027",724,46
"6853","48351","Newton County, Texas","B18101_028",1023,55
"6854","48351","Newton County, Texas","B18101_029",26,27
"6855","48351","Newton County, Texas","B18101_030",997,66
"6856","48351","Newton County, Texas","B18101_031",2413,79
"6857","48351","Newton County, Texas","B18101_032",449,120
"6858","48351","Newton County, Texas","B18101_033",1964,134
"6859","48351","Newton County, Texas","B18101_034",834,131
"6860","48351","Newton County, Texas","B18101_035",295,121
"6861","48351","Newton County, Texas","B18101_036",539,95
"6862","48351","Newton County, Texas","B18101_037",637,83
"6863","48351","Newton County, Texas","B18101_038",256,87
"6864","48351","Newton County, Texas","B18101_039",381,115
"6865","48353","Nolan County, Texas","B18101_001",14267,8
"6866","48353","Nolan County, Texas","B18101_002",7265,169
"6867","48353","Nolan County, Texas","B18101_003",457,94
"6868","48353","Nolan County, Texas","B18101_004",0,23
"6869","48353","Nolan County, Texas","B18101_005",457,94
"6870","48353","Nolan County, Texas","B18101_006",1487,87
"6871","48353","Nolan County, Texas","B18101_007",146,86
"6872","48353","Nolan County, Texas","B18101_008",1341,122
"6873","48353","Nolan County, Texas","B18101_009",1464,58
"6874","48353","Nolan County, Texas","B18101_010",146,73
"6875","48353","Nolan County, Texas","B18101_011",1318,83
"6876","48353","Nolan County, Texas","B18101_012",2599,71
"6877","48353","Nolan County, Texas","B18101_013",358,115
"6878","48353","Nolan County, Texas","B18101_014",2241,130
"6879","48353","Nolan County, Texas","B18101_015",784,71
"6880","48353","Nolan County, Texas","B18101_016",333,85
"6881","48353","Nolan County, Texas","B18101_017",451,79
"6882","48353","Nolan County, Texas","B18101_018",474,66
"6883","48353","Nolan County, Texas","B18101_019",234,86
"6884","48353","Nolan County, Texas","B18101_020",240,68
"6885","48353","Nolan County, Texas","B18101_021",7002,168
"6886","48353","Nolan County, Texas","B18101_022",404,88
"6887","48353","Nolan County, Texas","B18101_023",10,11
"6888","48353","Nolan County, Texas","B18101_024",394,89
"6889","48353","Nolan County, Texas","B18101_025",1319,101
"6890","48353","Nolan County, Texas","B18101_026",187,109
"6891","48353","Nolan County, Texas","B18101_027",1132,174
"6892","48353","Nolan County, Texas","B18101_028",1316,113
"6893","48353","Nolan County, Texas","B18101_029",264,107
"6894","48353","Nolan County, Texas","B18101_030",1052,132
"6895","48353","Nolan County, Texas","B18101_031",2503,126
"6896","48353","Nolan County, Texas","B18101_032",478,129
"6897","48353","Nolan County, Texas","B18101_033",2025,142
"6898","48353","Nolan County, Texas","B18101_034",892,107
"6899","48353","Nolan County, Texas","B18101_035",327,112
"6900","48353","Nolan County, Texas","B18101_036",565,113
"6901","48353","Nolan County, Texas","B18101_037",568,91
"6902","48353","Nolan County, Texas","B18101_038",325,88
"6903","48353","Nolan County, Texas","B18101_039",243,90
"6904","48355","Nueces County, Texas","B18101_001",347034,476
"6905","48355","Nueces County, Texas","B18101_002",170793,543
"6906","48355","Nueces County, Texas","B18101_003",10948,140
"6907","48355","Nueces County, Texas","B18101_004",32,41
"6908","48355","Nueces County, Texas","B18101_005",10916,137
"6909","48355","Nueces County, Texas","B18101_006",31892,124
"6910","48355","Nueces County, Texas","B18101_007",2072,395
"6911","48355","Nueces County, Texas","B18101_008",29820,401
"6912","48355","Nueces County, Texas","B18101_009",40182,486
"6913","48355","Nueces County, Texas","B18101_010",3230,487
"6914","48355","Nueces County, Texas","B18101_011",36952,691
"6915","48355","Nueces County, Texas","B18101_012",62859,297
"6916","48355","Nueces County, Texas","B18101_013",9086,862
"6917","48355","Nueces County, Texas","B18101_014",53773,931
"6918","48355","Nueces County, Texas","B18101_015",15720,149
"6919","48355","Nueces County, Texas","B18101_016",5212,580
"6920","48355","Nueces County, Texas","B18101_017",10508,588
"6921","48355","Nueces County, Texas","B18101_018",9192,102
"6922","48355","Nueces County, Texas","B18101_019",4476,384
"6923","48355","Nueces County, Texas","B18101_020",4716,384
"6924","48355","Nueces County, Texas","B18101_021",176241,321
"6925","48355","Nueces County, Texas","B18101_022",10457,142
"6926","48355","Nueces County, Texas","B18101_023",200,141
"6927","48355","Nueces County, Texas","B18101_024",10257,190
"6928","48355","Nueces County, Texas","B18101_025",30216,82
"6929","48355","Nueces County, Texas","B18101_026",1047,277
"6930","48355","Nueces County, Texas","B18101_027",29169,285
"6931","48355","Nueces County, Texas","B18101_028",40273,107
"6932","48355","Nueces County, Texas","B18101_029",3134,533
"6933","48355","Nueces County, Texas","B18101_030",37139,532
"6934","48355","Nueces County, Texas","B18101_031",64954,159
"6935","48355","Nueces County, Texas","B18101_032",9251,742
"6936","48355","Nueces County, Texas","B18101_033",55703,758
"6937","48355","Nueces County, Texas","B18101_034",17592,107
"6938","48355","Nueces County, Texas","B18101_035",5473,506
"6939","48355","Nueces County, Texas","B18101_036",12119,519
"6940","48355","Nueces County, Texas","B18101_037",12749,185
"6941","48355","Nueces County, Texas","B18101_038",6224,483
"6942","48355","Nueces County, Texas","B18101_039",6525,485
"6943","48357","Ochiltree County, Texas","B18101_001",9714,35
"6944","48357","Ochiltree County, Texas","B18101_002",4854,76
"6945","48357","Ochiltree County, Texas","B18101_003",371,100
"6946","48357","Ochiltree County, Texas","B18101_004",0,21
"6947","48357","Ochiltree County, Texas","B18101_005",371,100
"6948","48357","Ochiltree County, Texas","B18101_006",1057,109
"6949","48357","Ochiltree County, Texas","B18101_007",117,84
"6950","48357","Ochiltree County, Texas","B18101_008",940,134
"6951","48357","Ochiltree County, Texas","B18101_009",1138,31
"6952","48357","Ochiltree County, Texas","B18101_010",7,12
"6953","48357","Ochiltree County, Texas","B18101_011",1131,34
"6954","48357","Ochiltree County, Texas","B18101_012",1791,75
"6955","48357","Ochiltree County, Texas","B18101_013",417,137
"6956","48357","Ochiltree County, Texas","B18101_014",1374,150
"6957","48357","Ochiltree County, Texas","B18101_015",295,47
"6958","48357","Ochiltree County, Texas","B18101_016",146,56
"6959","48357","Ochiltree County, Texas","B18101_017",149,63
"6960","48357","Ochiltree County, Texas","B18101_018",202,37
"6961","48357","Ochiltree County, Texas","B18101_019",125,33
"6962","48357","Ochiltree County, Texas","B18101_020",77,51
"6963","48357","Ochiltree County, Texas","B18101_021",4860,65
"6964","48357","Ochiltree County, Texas","B18101_022",326,56
"6965","48357","Ochiltree County, Texas","B18101_023",0,21
"6966","48357","Ochiltree County, Texas","B18101_024",326,56
"6967","48357","Ochiltree County, Texas","B18101_025",1203,23
"6968","48357","Ochiltree County, Texas","B18101_026",107,64
"6969","48357","Ochiltree County, Texas","B18101_027",1096,68
"6970","48357","Ochiltree County, Texas","B18101_028",1008,114
"6971","48357","Ochiltree County, Texas","B18101_029",89,79
"6972","48357","Ochiltree County, Texas","B18101_030",919,114
"6973","48357","Ochiltree County, Texas","B18101_031",1718,136
"6974","48357","Ochiltree County, Texas","B18101_032",329,138
"6975","48357","Ochiltree County, Texas","B18101_033",1389,153
"6976","48357","Ochiltree County, Texas","B18101_034",365,62
"6977","48357","Ochiltree County, Texas","B18101_035",110,75
"6978","48357","Ochiltree County, Texas","B18101_036",255,96
"6979","48357","Ochiltree County, Texas","B18101_037",240,43
"6980","48357","Ochiltree County, Texas","B18101_038",113,51
"6981","48357","Ochiltree County, Texas","B18101_039",127,36
"6982","48359","Oldham County, Texas","B18101_001",1767,231
"6983","48359","Oldham County, Texas","B18101_002",872,108
"6984","48359","Oldham County, Texas","B18101_003",40,14
"6985","48359","Oldham County, Texas","B18101_004",0,15
"6986","48359","Oldham County, Texas","B18101_005",40,14
"6987","48359","Oldham County, Texas","B18101_006",136,46
"6988","48359","Oldham County, Texas","B18101_007",2,3
"6989","48359","Oldham County, Texas","B18101_008",134,45
"6990","48359","Oldham County, Texas","B18101_009",154,44
"6991","48359","Oldham County, Texas","B18101_010",10,13
"6992","48359","Oldham County, Texas","B18101_011",144,41
"6993","48359","Oldham County, Texas","B18101_012",409,65
"6994","48359","Oldham County, Texas","B18101_013",31,19
"6995","48359","Oldham County, Texas","B18101_014",378,63
"6996","48359","Oldham County, Texas","B18101_015",109,34
"6997","48359","Oldham County, Texas","B18101_016",50,16
"6998","48359","Oldham County, Texas","B18101_017",59,33
"6999","48359","Oldham County, Texas","B18101_018",24,15
"7000","48359","Oldham County, Texas","B18101_019",15,15
"7001","48359","Oldham County, Texas","B18101_020",9,6
"7002","48359","Oldham County, Texas","B18101_021",895,161
"7003","48359","Oldham County, Texas","B18101_022",152,88
"7004","48359","Oldham County, Texas","B18101_023",0,15
"7005","48359","Oldham County, Texas","B18101_024",152,88
"7006","48359","Oldham County, Texas","B18101_025",84,63
"7007","48359","Oldham County, Texas","B18101_026",0,15
"7008","48359","Oldham County, Texas","B18101_027",84,63
"7009","48359","Oldham County, Texas","B18101_028",200,50
"7010","48359","Oldham County, Texas","B18101_029",6,11
"7011","48359","Oldham County, Texas","B18101_030",194,50
"7012","48359","Oldham County, Texas","B18101_031",328,48
"7013","48359","Oldham County, Texas","B18101_032",18,17
"7014","48359","Oldham County, Texas","B18101_033",310,52
"7015","48359","Oldham County, Texas","B18101_034",83,33
"7016","48359","Oldham County, Texas","B18101_035",2,4
"7017","48359","Oldham County, Texas","B18101_036",81,33
"7018","48359","Oldham County, Texas","B18101_037",48,22
"7019","48359","Oldham County, Texas","B18101_038",41,22
"7020","48359","Oldham County, Texas","B18101_039",7,6
"7021","48361","Orange County, Texas","B18101_001",84666,44
"7022","48361","Orange County, Texas","B18101_002",41687,225
"7023","48361","Orange County, Texas","B18101_003",2670,138
"7024","48361","Orange County, Texas","B18101_004",0,35
"7025","48361","Orange County, Texas","B18101_005",2670,138
"7026","48361","Orange County, Texas","B18101_006",8134,167
"7027","48361","Orange County, Texas","B18101_007",915,259
"7028","48361","Orange County, Texas","B18101_008",7219,305
"7029","48361","Orange County, Texas","B18101_009",8703,102
"7030","48361","Orange County, Texas","B18101_010",653,228
"7031","48361","Orange County, Texas","B18101_011",8050,245
"7032","48361","Orange County, Texas","B18101_012",16012,129
"7033","48361","Orange County, Texas","B18101_013",2826,433
"7034","48361","Orange County, Texas","B18101_014",13186,433
"7035","48361","Orange County, Texas","B18101_015",3919,122
"7036","48361","Orange County, Texas","B18101_016",1438,233
"7037","48361","Orange County, Texas","B18101_017",2481,212
"7038","48361","Orange County, Texas","B18101_018",2249,93
"7039","48361","Orange County, Texas","B18101_019",1205,159
"7040","48361","Orange County, Texas","B18101_020",1044,165
"7041","48361","Orange County, Texas","B18101_021",42979,223
"7042","48361","Orange County, Texas","B18101_022",2774,135
"7043","48361","Orange County, Texas","B18101_023",38,42
"7044","48361","Orange County, Texas","B18101_024",2736,138
"7045","48361","Orange County, Texas","B18101_025",8055,148
"7046","48361","Orange County, Texas","B18101_026",333,170
"7047","48361","Orange County, Texas","B18101_027",7722,200
"7048","48361","Orange County, Texas","B18101_028",8661,183
"7049","48361","Orange County, Texas","B18101_029",924,271
"7050","48361","Orange County, Texas","B18101_030",7737,268
"7051","48361","Orange County, Texas","B18101_031",16184,189
"7052","48361","Orange County, Texas","B18101_032",2355,404
"7053","48361","Orange County, Texas","B18101_033",13829,409
"7054","48361","Orange County, Texas","B18101_034",4255,82
"7055","48361","Orange County, Texas","B18101_035",1305,226
"7056","48361","Orange County, Texas","B18101_036",2950,229
"7057","48361","Orange County, Texas","B18101_037",3050,95
"7058","48361","Orange County, Texas","B18101_038",1895,182
"7059","48361","Orange County, Texas","B18101_039",1155,170
"7060","48363","Palo Pinto County, Texas","B18101_001",29023,9
"7061","48363","Palo Pinto County, Texas","B18101_002",14206,192
"7062","48363","Palo Pinto County, Texas","B18101_003",867,23
"7063","48363","Palo Pinto County, Texas","B18101_004",17,29
"7064","48363","Palo Pinto County, Texas","B18101_005",850,38
"7065","48363","Palo Pinto County, Texas","B18101_006",2614,94
"7066","48363","Palo Pinto County, Texas","B18101_007",219,109
"7067","48363","Palo Pinto County, Texas","B18101_008",2395,146
"7068","48363","Palo Pinto County, Texas","B18101_009",2678,38
"7069","48363","Palo Pinto County, Texas","B18101_010",347,128
"7070","48363","Palo Pinto County, Texas","B18101_011",2331,130
"7071","48363","Palo Pinto County, Texas","B18101_012",5292,103
"7072","48363","Palo Pinto County, Texas","B18101_013",749,184
"7073","48363","Palo Pinto County, Texas","B18101_014",4543,188
"7074","48363","Palo Pinto County, Texas","B18101_015",1736,120
"7075","48363","Palo Pinto County, Texas","B18101_016",460,112
"7076","48363","Palo Pinto County, Texas","B18101_017",1276,92
"7077","48363","Palo Pinto County, Texas","B18101_018",1019,52
"7078","48363","Palo Pinto County, Texas","B18101_019",563,83
"7079","48363","Palo Pinto County, Texas","B18101_020",456,81
"7080","48363","Palo Pinto County, Texas","B18101_021",14817,193
"7081","48363","Palo Pinto County, Texas","B18101_022",847,28
"7082","48363","Palo Pinto County, Texas","B18101_023",69,30
"7083","48363","Palo Pinto County, Texas","B18101_024",778,40
"7084","48363","Palo Pinto County, Texas","B18101_025",2481,118
"7085","48363","Palo Pinto County, Texas","B18101_026",54,39
"7086","48363","Palo Pinto County, Texas","B18101_027",2427,124
"7087","48363","Palo Pinto County, Texas","B18101_028",2879,132
"7088","48363","Palo Pinto County, Texas","B18101_029",336,139
"7089","48363","Palo Pinto County, Texas","B18101_030",2543,148
"7090","48363","Palo Pinto County, Texas","B18101_031",5510,127
"7091","48363","Palo Pinto County, Texas","B18101_032",938,234
"7092","48363","Palo Pinto County, Texas","B18101_033",4572,250
"7093","48363","Palo Pinto County, Texas","B18101_034",1797,96
"7094","48363","Palo Pinto County, Texas","B18101_035",507,126
"7095","48363","Palo Pinto County, Texas","B18101_036",1290,143
"7096","48363","Palo Pinto County, Texas","B18101_037",1303,82
"7097","48363","Palo Pinto County, Texas","B18101_038",790,113
"7098","48363","Palo Pinto County, Texas","B18101_039",513,123
"7099","48365","Panola County, Texas","B18101_001",22466,46
"7100","48365","Panola County, Texas","B18101_002",11253,219
"7101","48365","Panola County, Texas","B18101_003",737,95
"7102","48365","Panola County, Texas","B18101_004",0,28
"7103","48365","Panola County, Texas","B18101_005",737,95
"7104","48365","Panola County, Texas","B18101_006",1967,137
"7105","48365","Panola County, Texas","B18101_007",329,126
"7106","48365","Panola County, Texas","B18101_008",1638,183
"7107","48365","Panola County, Texas","B18101_009",2226,97
"7108","48365","Panola County, Texas","B18101_010",219,103
"7109","48365","Panola County, Texas","B18101_011",2007,136
"7110","48365","Panola County, Texas","B18101_012",4165,103
"7111","48365","Panola County, Texas","B18101_013",602,213
"7112","48365","Panola County, Texas","B18101_014",3563,247
"7113","48365","Panola County, Texas","B18101_015",1407,71
"7114","48365","Panola County, Texas","B18101_016",273,100
"7115","48365","Panola County, Texas","B18101_017",1134,113
"7116","48365","Panola County, Texas","B18101_018",751,68
"7117","48365","Panola County, Texas","B18101_019",472,108
"7118","48365","Panola County, Texas","B18101_020",279,78
"7119","48365","Panola County, Texas","B18101_021",11213,204
"7120","48365","Panola County, Texas","B18101_022",551,95
"7121","48365","Panola County, Texas","B18101_023",0,28
"7122","48365","Panola County, Texas","B18101_024",551,95
"7123","48365","Panola County, Texas","B18101_025",1982,136
"7124","48365","Panola County, Texas","B18101_026",143,96
"7125","48365","Panola County, Texas","B18101_027",1839,161
"7126","48365","Panola County, Texas","B18101_028",2062,86
"7127","48365","Panola County, Texas","B18101_029",145,109
"7128","48365","Panola County, Texas","B18101_030",1917,151
"7129","48365","Panola County, Texas","B18101_031",4308,77
"7130","48365","Panola County, Texas","B18101_032",752,192
"7131","48365","Panola County, Texas","B18101_033",3556,188
"7132","48365","Panola County, Texas","B18101_034",1408,41
"7133","48365","Panola County, Texas","B18101_035",346,99
"7134","48365","Panola County, Texas","B18101_036",1062,100
"7135","48365","Panola County, Texas","B18101_037",902,38
"7136","48365","Panola County, Texas","B18101_038",492,103
"7137","48365","Panola County, Texas","B18101_039",410,108
"7138","48367","Parker County, Texas","B18101_001",163643,164
"7139","48367","Parker County, Texas","B18101_002",81727,230
"7140","48367","Parker County, Texas","B18101_003",5158,88
"7141","48367","Parker County, Texas","B18101_004",89,102
"7142","48367","Parker County, Texas","B18101_005",5069,133
"7143","48367","Parker County, Texas","B18101_006",15981,59
"7144","48367","Parker County, Texas","B18101_007",1467,395
"7145","48367","Parker County, Texas","B18101_008",14514,407
"7146","48367","Parker County, Texas","B18101_009",15686,109
"7147","48367","Parker County, Texas","B18101_010",1597,398
"7148","48367","Parker County, Texas","B18101_011",14089,423
"7149","48367","Parker County, Texas","B18101_012",32815,196
"7150","48367","Parker County, Texas","B18101_013",4286,520
"7151","48367","Parker County, Texas","B18101_014",28529,564
"7152","48367","Parker County, Texas","B18101_015",7779,127
"7153","48367","Parker County, Texas","B18101_016",1909,287
"7154","48367","Parker County, Texas","B18101_017",5870,302
"7155","48367","Parker County, Texas","B18101_018",4308,120
"7156","48367","Parker County, Texas","B18101_019",2187,242
"7157","48367","Parker County, Texas","B18101_020",2121,262
"7158","48367","Parker County, Texas","B18101_021",81916,167
"7159","48367","Parker County, Texas","B18101_022",4659,87
"7160","48367","Parker County, Texas","B18101_023",125,118
"7161","48367","Parker County, Texas","B18101_024",4534,150
"7162","48367","Parker County, Texas","B18101_025",14889,54
"7163","48367","Parker County, Texas","B18101_026",907,294
"7164","48367","Parker County, Texas","B18101_027",13982,306
"7165","48367","Parker County, Texas","B18101_028",15670,154
"7166","48367","Parker County, Texas","B18101_029",1088,317
"7167","48367","Parker County, Texas","B18101_030",14582,362
"7168","48367","Parker County, Texas","B18101_031",33116,181
"7169","48367","Parker County, Texas","B18101_032",3824,418
"7170","48367","Parker County, Texas","B18101_033",29292,480
"7171","48367","Parker County, Texas","B18101_034",8520,103
"7172","48367","Parker County, Texas","B18101_035",2303,348
"7173","48367","Parker County, Texas","B18101_036",6217,362
"7174","48367","Parker County, Texas","B18101_037",5062,103
"7175","48367","Parker County, Texas","B18101_038",2652,296
"7176","48367","Parker County, Texas","B18101_039",2410,289
"7177","48369","Parmer County, Texas","B18101_001",9626,17
"7178","48369","Parmer County, Texas","B18101_002",5067,100
"7179","48369","Parmer County, Texas","B18101_003",405,63
"7180","48369","Parmer County, Texas","B18101_004",0,21
"7181","48369","Parmer County, Texas","B18101_005",405,63
"7182","48369","Parmer County, Texas","B18101_006",1095,67
"7183","48369","Parmer County, Texas","B18101_007",47,41
"7184","48369","Parmer County, Texas","B18101_008",1048,78
"7185","48369","Parmer County, Texas","B18101_009",1140,60
"7186","48369","Parmer County, Texas","B18101_010",145,99
"7187","48369","Parmer County, Texas","B18101_011",995,115
"7188","48369","Parmer County, Texas","B18101_012",1742,74
"7189","48369","Parmer County, Texas","B18101_013",250,102
"7190","48369","Parmer County, Texas","B18101_014",1492,114
"7191","48369","Parmer County, Texas","B18101_015",451,79
"7192","48369","Parmer County, Texas","B18101_016",134,78
"7193","48369","Parmer County, Texas","B18101_017",317,100
"7194","48369","Parmer County, Texas","B18101_018",234,91
"7195","48369","Parmer County, Texas","B18101_019",169,91
"7196","48369","Parmer County, Texas","B18101_020",65,36
"7197","48369","Parmer County, Texas","B18101_021",4559,98
"7198","48369","Parmer County, Texas","B18101_022",311,44
"7199","48369","Parmer County, Texas","B18101_023",19,24
"7200","48369","Parmer County, Texas","B18101_024",292,40
"7201","48369","Parmer County, Texas","B18101_025",880,66
"7202","48369","Parmer County, Texas","B18101_026",0,21
"7203","48369","Parmer County, Texas","B18101_027",880,66
"7204","48369","Parmer County, Texas","B18101_028",920,2
"7205","48369","Parmer County, Texas","B18101_029",32,38
"7206","48369","Parmer County, Texas","B18101_030",888,38
"7207","48369","Parmer County, Texas","B18101_031",1663,43
"7208","48369","Parmer County, Texas","B18101_032",133,57
"7209","48369","Parmer County, Texas","B18101_033",1530,71
"7210","48369","Parmer County, Texas","B18101_034",523,93
"7211","48369","Parmer County, Texas","B18101_035",106,81
"7212","48369","Parmer County, Texas","B18101_036",417,70
"7213","48369","Parmer County, Texas","B18101_037",262,73
"7214","48369","Parmer County, Texas","B18101_038",133,84
"7215","48369","Parmer County, Texas","B18101_039",129,56
"7216","48371","Pecos County, Texas","B18101_001",12798,55
"7217","48371","Pecos County, Texas","B18101_002",6298,224
"7218","48371","Pecos County, Texas","B18101_003",400,28
"7219","48371","Pecos County, Texas","B18101_004",0,23
"7220","48371","Pecos County, Texas","B18101_005",400,28
"7221","48371","Pecos County, Texas","B18101_006",1250,162
"7222","48371","Pecos County, Texas","B18101_007",60,50
"7223","48371","Pecos County, Texas","B18101_008",1190,151
"7224","48371","Pecos County, Texas","B18101_009",1368,260
"7225","48371","Pecos County, Texas","B18101_010",29,29
"7226","48371","Pecos County, Texas","B18101_011",1339,263
"7227","48371","Pecos County, Texas","B18101_012",2355,222
"7228","48371","Pecos County, Texas","B18101_013",247,150
"7229","48371","Pecos County, Texas","B18101_014",2108,220
"7230","48371","Pecos County, Texas","B18101_015",587,93
"7231","48371","Pecos County, Texas","B18101_016",113,65
"7232","48371","Pecos County, Texas","B18101_017",474,101
"7233","48371","Pecos County, Texas","B18101_018",338,45
"7234","48371","Pecos County, Texas","B18101_019",144,70
"7235","48371","Pecos County, Texas","B18101_020",194,81
"7236","48371","Pecos County, Texas","B18101_021",6500,218
"7237","48371","Pecos County, Texas","B18101_022",537,103
"7238","48371","Pecos County, Texas","B18101_023",0,23
"7239","48371","Pecos County, Texas","B18101_024",537,103
"7240","48371","Pecos County, Texas","B18101_025",1378,134
"7241","48371","Pecos County, Texas","B18101_026",9,16
"7242","48371","Pecos County, Texas","B18101_027",1369,135
"7243","48371","Pecos County, Texas","B18101_028",1378,120
"7244","48371","Pecos County, Texas","B18101_029",143,143
"7245","48371","Pecos County, Texas","B18101_030",1235,183
"7246","48371","Pecos County, Texas","B18101_031",2218,84
"7247","48371","Pecos County, Texas","B18101_032",134,72
"7248","48371","Pecos County, Texas","B18101_033",2084,120
"7249","48371","Pecos County, Texas","B18101_034",623,66
"7250","48371","Pecos County, Texas","B18101_035",283,105
"7251","48371","Pecos County, Texas","B18101_036",340,104
"7252","48371","Pecos County, Texas","B18101_037",366,72
"7253","48371","Pecos County, Texas","B18101_038",174,75
"7254","48371","Pecos County, Texas","B18101_039",192,92
"7255","48373","Polk County, Texas","B18101_001",48967,128
"7256","48373","Polk County, Texas","B18101_002",24784,206
"7257","48373","Polk County, Texas","B18101_003",1348,120
"7258","48373","Polk County, Texas","B18101_004",69,84
"7259","48373","Polk County, Texas","B18101_005",1279,112
"7260","48373","Polk County, Texas","B18101_006",4186,63
"7261","48373","Polk County, Texas","B18101_007",657,197
"7262","48373","Polk County, Texas","B18101_008",3529,204
"7263","48373","Polk County, Texas","B18101_009",4309,347
"7264","48373","Polk County, Texas","B18101_010",549,193
"7265","48373","Polk County, Texas","B18101_011",3760,322
"7266","48373","Polk County, Texas","B18101_012",9930,309
"7267","48373","Polk County, Texas","B18101_013",2468,396
"7268","48373","Polk County, Texas","B18101_014",7462,513
"7269","48373","Polk County, Texas","B18101_015",3615,147
"7270","48373","Polk County, Texas","B18101_016",1477,248
"7271","48373","Polk County, Texas","B18101_017",2138,273
"7272","48373","Polk County, Texas","B18101_018",1396,87
"7273","48373","Polk County, Texas","B18101_019",739,135
"7274","48373","Polk County, Texas","B18101_020",657,124
"7275","48373","Polk County, Texas","B18101_021",24183,182
"7276","48373","Polk County, Texas","B18101_022",1276,106
"7277","48373","Polk County, Texas","B18101_023",0,35
"7278","48373","Polk County, Texas","B18101_024",1276,106
"7279","48373","Polk County, Texas","B18101_025",3910,62
"7280","48373","Polk County, Texas","B18101_026",425,180
"7281","48373","Polk County, Texas","B18101_027",3485,179
"7282","48373","Polk County, Texas","B18101_028",4020,83
"7283","48373","Polk County, Texas","B18101_029",344,159
"7284","48373","Polk County, Texas","B18101_030",3676,187
"7285","48373","Polk County, Texas","B18101_031",10288,150
"7286","48373","Polk County, Texas","B18101_032",2472,360
"7287","48373","Polk County, Texas","B18101_033",7816,403
"7288","48373","Polk County, Texas","B18101_034",3425,84
"7289","48373","Polk County, Texas","B18101_035",1182,202
"7290","48373","Polk County, Texas","B18101_036",2243,207
"7291","48373","Polk County, Texas","B18101_037",1264,94
"7292","48373","Polk County, Texas","B18101_038",717,112
"7293","48373","Polk County, Texas","B18101_039",547,113
"7294","48375","Potter County, Texas","B18101_001",109320,247
"7295","48375","Potter County, Texas","B18101_002",53599,304
"7296","48375","Potter County, Texas","B18101_003",4008,117
"7297","48375","Potter County, Texas","B18101_004",35,39
"7298","48375","Potter County, Texas","B18101_005",3973,120
"7299","48375","Potter County, Texas","B18101_006",11827,180
"7300","48375","Potter County, Texas","B18101_007",583,228
"7301","48375","Potter County, Texas","B18101_008",11244,306
"7302","48375","Potter County, Texas","B18101_009",12957,337
"7303","48375","Potter County, Texas","B18101_010",1530,350
"7304","48375","Potter County, Texas","B18101_011",11427,463
"7305","48375","Potter County, Texas","B18101_012",17931,341
"7306","48375","Potter County, Texas","B18101_013",2832,397
"7307","48375","Potter County, Texas","B18101_014",15099,506
"7308","48375","Potter County, Texas","B18101_015",4349,195
"7309","48375","Potter County, Texas","B18101_016",1537,233
"7310","48375","Potter County, Texas","B18101_017",2812,281
"7311","48375","Potter County, Texas","B18101_018",2527,142
"7312","48375","Potter County, Texas","B18101_019",1428,186
"7313","48375","Potter County, Texas","B18101_020",1099,192
"7314","48375","Potter County, Texas","B18101_021",55721,144
"7315","48375","Potter County, Texas","B18101_022",3758,95
"7316","48375","Potter County, Texas","B18101_023",39,36
"7317","48375","Potter County, Texas","B18101_024",3719,97
"7318","48375","Potter County, Texas","B18101_025",11362,100
"7319","48375","Potter County, Texas","B18101_026",577,198
"7320","48375","Potter County, Texas","B18101_027",10785,225
"7321","48375","Potter County, Texas","B18101_028",12738,182
"7322","48375","Potter County, Texas","B18101_029",1106,245
"7323","48375","Potter County, Texas","B18101_030",11632,310
"7324","48375","Potter County, Texas","B18101_031",19261,185
"7325","48375","Potter County, Texas","B18101_032",2941,411
"7326","48375","Potter County, Texas","B18101_033",16320,480
"7327","48375","Potter County, Texas","B18101_034",4973,96
"7328","48375","Potter County, Texas","B18101_035",1511,221
"7329","48375","Potter County, Texas","B18101_036",3462,221
"7330","48375","Potter County, Texas","B18101_037",3629,135
"7331","48375","Potter County, Texas","B18101_038",2227,225
"7332","48375","Potter County, Texas","B18101_039",1402,242
"7333","48377","Presidio County, Texas","B18101_001",5927,7
"7334","48377","Presidio County, Texas","B18101_002",3185,161
"7335","48377","Presidio County, Texas","B18101_003",310,258
"7336","48377","Presidio County, Texas","B18101_004",0,21
"7337","48377","Presidio County, Texas","B18101_005",310,258
"7338","48377","Presidio County, Texas","B18101_006",674,295
"7339","48377","Presidio County, Texas","B18101_007",0,21
"7340","48377","Presidio County, Texas","B18101_008",674,295
"7341","48377","Presidio County, Texas","B18101_009",537,149
"7342","48377","Presidio County, Texas","B18101_010",0,21
"7343","48377","Presidio County, Texas","B18101_011",537,149
"7344","48377","Presidio County, Texas","B18101_012",1146,126
"7345","48377","Presidio County, Texas","B18101_013",207,173
"7346","48377","Presidio County, Texas","B18101_014",939,190
"7347","48377","Presidio County, Texas","B18101_015",323,147
"7348","48377","Presidio County, Texas","B18101_016",117,114
"7349","48377","Presidio County, Texas","B18101_017",206,125
"7350","48377","Presidio County, Texas","B18101_018",195,122
"7351","48377","Presidio County, Texas","B18101_019",133,86
"7352","48377","Presidio County, Texas","B18101_020",62,67
"7353","48377","Presidio County, Texas","B18101_021",2742,160
"7354","48377","Presidio County, Texas","B18101_022",70,28
"7355","48377","Presidio County, Texas","B18101_023",0,21
"7356","48377","Presidio County, Texas","B18101_024",70,28
"7357","48377","Presidio County, Texas","B18101_025",467,157
"7358","48377","Presidio County, Texas","B18101_026",95,101
"7359","48377","Presidio County, Texas","B18101_027",372,160
"7360","48377","Presidio County, Texas","B18101_028",489,120
"7361","48377","Presidio County, Texas","B18101_029",0,21
"7362","48377","Presidio County, Texas","B18101_030",489,120
"7363","48377","Presidio County, Texas","B18101_031",1077,157
"7364","48377","Presidio County, Texas","B18101_032",133,91
"7365","48377","Presidio County, Texas","B18101_033",944,174
"7366","48377","Presidio County, Texas","B18101_034",293,109
"7367","48377","Presidio County, Texas","B18101_035",126,84
"7368","48377","Presidio County, Texas","B18101_036",167,100
"7369","48377","Presidio County, Texas","B18101_037",346,77
"7370","48377","Presidio County, Texas","B18101_038",179,117
"7371","48377","Presidio County, Texas","B18101_039",167,96
"7372","48379","Rains County, Texas","B18101_001",12710,5
"7373","48379","Rains County, Texas","B18101_002",6460,165
"7374","48379","Rains County, Texas","B18101_003",308,49
"7375","48379","Rains County, Texas","B18101_004",0,23
"7376","48379","Rains County, Texas","B18101_005",308,49
"7377","48379","Rains County, Texas","B18101_006",1083,102
"7378","48379","Rains County, Texas","B18101_007",109,88
"7379","48379","Rains County, Texas","B18101_008",974,43
"7380","48379","Rains County, Texas","B18101_009",1150,130
"7381","48379","Rains County, Texas","B18101_010",132,84
"7382","48379","Rains County, Texas","B18101_011",1018,147
"7383","48379","Rains County, Texas","B18101_012",2439,74
"7384","48379","Rains County, Texas","B18101_013",435,152
"7385","48379","Rains County, Texas","B18101_014",2004,155
"7386","48379","Rains County, Texas","B18101_015",905,35
"7387","48379","Rains County, Texas","B18101_016",306,110
"7388","48379","Rains County, Texas","B18101_017",599,106
"7389","48379","Rains County, Texas","B18101_018",575,30
"7390","48379","Rains County, Texas","B18101_019",222,81
"7391","48379","Rains County, Texas","B18101_020",353,85
"7392","48379","Rains County, Texas","B18101_021",6250,164
"7393","48379","Rains County, Texas","B18101_022",241,43
"7394","48379","Rains County, Texas","B18101_023",0,23
"7395","48379","Rains County, Texas","B18101_024",241,43
"7396","48379","Rains County, Texas","B18101_025",824,99
"7397","48379","Rains County, Texas","B18101_026",0,23
"7398","48379","Rains County, Texas","B18101_027",824,99
"7399","48379","Rains County, Texas","B18101_028",1030,77
"7400","48379","Rains County, Texas","B18101_029",101,64
"7401","48379","Rains County, Texas","B18101_030",929,96
"7402","48379","Rains County, Texas","B18101_031",2518,81
"7403","48379","Rains County, Texas","B18101_032",481,134
"7404","48379","Rains County, Texas","B18101_033",2037,156
"7405","48379","Rains County, Texas","B18101_034",1032,74
"7406","48379","Rains County, Texas","B18101_035",276,107
"7407","48379","Rains County, Texas","B18101_036",756,120
"7408","48379","Rains County, Texas","B18101_037",605,29
"7409","48379","Rains County, Texas","B18101_038",327,120
"7410","48379","Rains County, Texas","B18101_039",278,121
"7411","48381","Randall County, Texas","B18101_001",145034,120
"7412","48381","Randall County, Texas","B18101_002",71351,233
"7413","48381","Randall County, Texas","B18101_003",4252,164
"7414","48381","Randall County, Texas","B18101_004",0,35
"7415","48381","Randall County, Texas","B18101_005",4252,164
"7416","48381","Randall County, Texas","B18101_006",13190,152
"7417","48381","Randall County, Texas","B18101_007",682,242
"7418","48381","Randall County, Texas","B18101_008",12508,284
"7419","48381","Randall County, Texas","B18101_009",17033,152
"7420","48381","Randall County, Texas","B18101_010",1549,334
"7421","48381","Randall County, Texas","B18101_011",15484,338
"7422","48381","Randall County, Texas","B18101_012",26433,242
"7423","48381","Randall County, Texas","B18101_013",2987,426
"7424","48381","Randall County, Texas","B18101_014",23446,495
"7425","48381","Randall County, Texas","B18101_015",6661,214
"7426","48381","Randall County, Texas","B18101_016",1505,229
"7427","48381","Randall County, Texas","B18101_017",5156,303
"7428","48381","Randall County, Texas","B18101_018",3782,148
"7429","48381","Randall County, Texas","B18101_019",2048,274
"7430","48381","Randall County, Texas","B18101_020",1734,241
"7431","48381","Randall County, Texas","B18101_021",73683,207
"7432","48381","Randall County, Texas","B18101_022",4396,135
"7433","48381","Randall County, Texas","B18101_023",52,67
"7434","48381","Randall County, Texas","B18101_024",4344,147
"7435","48381","Randall County, Texas","B18101_025",12789,141
"7436","48381","Randall County, Texas","B18101_026",614,250
"7437","48381","Randall County, Texas","B18101_027",12175,279
"7438","48381","Randall County, Texas","B18101_028",17196,163
"7439","48381","Randall County, Texas","B18101_029",1498,347
"7440","48381","Randall County, Texas","B18101_030",15698,388
"7441","48381","Randall County, Texas","B18101_031",26683,206
"7442","48381","Randall County, Texas","B18101_032",3265,466
"7443","48381","Randall County, Texas","B18101_033",23418,520
"7444","48381","Randall County, Texas","B18101_034",7489,99
"7445","48381","Randall County, Texas","B18101_035",1255,253
"7446","48381","Randall County, Texas","B18101_036",6234,253
"7447","48381","Randall County, Texas","B18101_037",5130,107
"7448","48381","Randall County, Texas","B18101_038",2437,322
"7449","48381","Randall County, Texas","B18101_039",2693,314
"7450","48383","Reagan County, Texas","B18101_001",3224,3
"7451","48383","Reagan County, Texas","B18101_002",1669,129
"7452","48383","Reagan County, Texas","B18101_003",126,76
"7453","48383","Reagan County, Texas","B18101_004",0,15
"7454","48383","Reagan County, Texas","B18101_005",126,76
"7455","48383","Reagan County, Texas","B18101_006",346,82
"7456","48383","Reagan County, Texas","B18101_007",0,15
"7457","48383","Reagan County, Texas","B18101_008",346,82
"7458","48383","Reagan County, Texas","B18101_009",387,75
"7459","48383","Reagan County, Texas","B18101_010",0,15
"7460","48383","Reagan County, Texas","B18101_011",387,75
"7461","48383","Reagan County, Texas","B18101_012",653,85
"7462","48383","Reagan County, Texas","B18101_013",64,64
"7463","48383","Reagan County, Texas","B18101_014",589,93
"7464","48383","Reagan County, Texas","B18101_015",65,54
"7465","48383","Reagan County, Texas","B18101_016",42,44
"7466","48383","Reagan County, Texas","B18101_017",23,27
"7467","48383","Reagan County, Texas","B18101_018",92,62
"7468","48383","Reagan County, Texas","B18101_019",59,60
"7469","48383","Reagan County, Texas","B18101_020",33,29
"7470","48383","Reagan County, Texas","B18101_021",1555,129
"7471","48383","Reagan County, Texas","B18101_022",214,83
"7472","48383","Reagan County, Texas","B18101_023",0,15
"7473","48383","Reagan County, Texas","B18101_024",214,83
"7474","48383","Reagan County, Texas","B18101_025",399,90
"7475","48383","Reagan County, Texas","B18101_026",0,15
"7476","48383","Reagan County, Texas","B18101_027",399,90
"7477","48383","Reagan County, Texas","B18101_028",362,88
"7478","48383","Reagan County, Texas","B18101_029",0,15
"7479","48383","Reagan County, Texas","B18101_030",362,88
"7480","48383","Reagan County, Texas","B18101_031",413,82
"7481","48383","Reagan County, Texas","B18101_032",56,45
"7482","48383","Reagan County, Texas","B18101_033",357,63
"7483","48383","Reagan County, Texas","B18101_034",85,54
"7484","48383","Reagan County, Texas","B18101_035",66,52
"7485","48383","Reagan County, Texas","B18101_036",19,23
"7486","48383","Reagan County, Texas","B18101_037",82,55
"7487","48383","Reagan County, Texas","B18101_038",66,56
"7488","48383","Reagan County, Texas","B18101_039",16,20
"7489","48385","Real County, Texas","B18101_001",2708,3
"7490","48385","Real County, Texas","B18101_002",1398,182
"7491","48385","Real County, Texas","B18101_003",73,71
"7492","48385","Real County, Texas","B18101_004",0,15
"7493","48385","Real County, Texas","B18101_005",73,71
"7494","48385","Real County, Texas","B18101_006",355,173
"7495","48385","Real County, Texas","B18101_007",0,15
"7496","48385","Real County, Texas","B18101_008",355,173
"7497","48385","Real County, Texas","B18101_009",132,115
"7498","48385","Real County, Texas","B18101_010",0,15
"7499","48385","Real County, Texas","B18101_011",132,115
"7500","48385","Real County, Texas","B18101_012",293,87
"7501","48385","Real County, Texas","B18101_013",129,84
"7502","48385","Real County, Texas","B18101_014",164,82
"7503","48385","Real County, Texas","B18101_015",366,88
"7504","48385","Real County, Texas","B18101_016",253,95
"7505","48385","Real County, Texas","B18101_017",113,70
"7506","48385","Real County, Texas","B18101_018",179,73
"7507","48385","Real County, Texas","B18101_019",165,75
"7508","48385","Real County, Texas","B18101_020",14,21
"7509","48385","Real County, Texas","B18101_021",1310,181
"7510","48385","Real County, Texas","B18101_022",12,21
"7511","48385","Real County, Texas","B18101_023",0,15
"7512","48385","Real County, Texas","B18101_024",12,21
"7513","48385","Real County, Texas","B18101_025",207,128
"7514","48385","Real County, Texas","B18101_026",51,83
"7515","48385","Real County, Texas","B18101_027",156,120
"7516","48385","Real County, Texas","B18101_028",147,111
"7517","48385","Real County, Texas","B18101_029",0,15
"7518","48385","Real County, Texas","B18101_030",147,111
"7519","48385","Real County, Texas","B18101_031",469,101
"7520","48385","Real County, Texas","B18101_032",52,54
"7521","48385","Real County, Texas","B18101_033",417,111
"7522","48385","Real County, Texas","B18101_034",246,79
"7523","48385","Real County, Texas","B18101_035",120,57
"7524","48385","Real County, Texas","B18101_036",126,70
"7525","48385","Real County, Texas","B18101_037",229,98
"7526","48385","Real County, Texas","B18101_038",177,98
"7527","48385","Real County, Texas","B18101_039",52,46
"7528","48387","Red River County, Texas","B18101_001",11428,13
"7529","48387","Red River County, Texas","B18101_002",5718,123
"7530","48387","Red River County, Texas","B18101_003",400,96
"7531","48387","Red River County, Texas","B18101_004",0,23
"7532","48387","Red River County, Texas","B18101_005",400,96
"7533","48387","Red River County, Texas","B18101_006",967,109
"7534","48387","Red River County, Texas","B18101_007",22,18
"7535","48387","Red River County, Texas","B18101_008",945,110
"7536","48387","Red River County, Texas","B18101_009",805,103
"7537","48387","Red River County, Texas","B18101_010",83,54
"7538","48387","Red River County, Texas","B18101_011",722,108
"7539","48387","Red River County, Texas","B18101_012",2190,127
"7540","48387","Red River County, Texas","B18101_013",530,160
"7541","48387","Red River County, Texas","B18101_014",1660,153
"7542","48387","Red River County, Texas","B18101_015",869,81
"7543","48387","Red River County, Texas","B18101_016",224,78
"7544","48387","Red River County, Texas","B18101_017",645,111
"7545","48387","Red River County, Texas","B18101_018",487,30
"7546","48387","Red River County, Texas","B18101_019",189,63
"7547","48387","Red River County, Texas","B18101_020",298,64
"7548","48387","Red River County, Texas","B18101_021",5710,123
"7549","48387","Red River County, Texas","B18101_022",305,66
"7550","48387","Red River County, Texas","B18101_023",0,23
"7551","48387","Red River County, Texas","B18101_024",305,66
"7552","48387","Red River County, Texas","B18101_025",686,89
"7553","48387","Red River County, Texas","B18101_026",52,35
"7554","48387","Red River County, Texas","B18101_027",634,89
"7555","48387","Red River County, Texas","B18101_028",947,116
"7556","48387","Red River County, Texas","B18101_029",90,88
"7557","48387","Red River County, Texas","B18101_030",857,95
"7558","48387","Red River County, Texas","B18101_031",2241,102
"7559","48387","Red River County, Texas","B18101_032",474,155
"7560","48387","Red River County, Texas","B18101_033",1767,176
"7561","48387","Red River County, Texas","B18101_034",800,64
"7562","48387","Red River County, Texas","B18101_035",188,68
"7563","48387","Red River County, Texas","B18101_036",612,72
"7564","48387","Red River County, Texas","B18101_037",731,67
"7565","48387","Red River County, Texas","B18101_038",328,94
"7566","48387","Red River County, Texas","B18101_039",403,97
"7567","48389","Reeves County, Texas","B18101_001",11682,211
"7568","48389","Reeves County, Texas","B18101_002",6319,296
"7569","48389","Reeves County, Texas","B18101_003",497,162
"7570","48389","Reeves County, Texas","B18101_004",7,11
"7571","48389","Reeves County, Texas","B18101_005",490,161
"7572","48389","Reeves County, Texas","B18101_006",1212,120
"7573","48389","Reeves County, Texas","B18101_007",0,23
"7574","48389","Reeves County, Texas","B18101_008",1212,120
"7575","48389","Reeves County, Texas","B18101_009",1581,152
"7576","48389","Reeves County, Texas","B18101_010",95,107
"7577","48389","Reeves County, Texas","B18101_011",1486,184
"7578","48389","Reeves County, Texas","B18101_012",2279,197
"7579","48389","Reeves County, Texas","B18101_013",174,115
"7580","48389","Reeves County, Texas","B18101_014",2105,228
"7581","48389","Reeves County, Texas","B18101_015",473,51
"7582","48389","Reeves County, Texas","B18101_016",122,66
"7583","48389","Reeves County, Texas","B18101_017",351,80
"7584","48389","Reeves County, Texas","B18101_018",277,34
"7585","48389","Reeves County, Texas","B18101_019",148,68
"7586","48389","Reeves County, Texas","B18101_020",129,63
"7587","48389","Reeves County, Texas","B18101_021",5363,198
"7588","48389","Reeves County, Texas","B18101_022",379,172
"7589","48389","Reeves County, Texas","B18101_023",0,23
"7590","48389","Reeves County, Texas","B18101_024",379,172
"7591","48389","Reeves County, Texas","B18101_025",1188,127
"7592","48389","Reeves County, Texas","B18101_026",0,23
"7593","48389","Reeves County, Texas","B18101_027",1188,127
"7594","48389","Reeves County, Texas","B18101_028",1231,84
"7595","48389","Reeves County, Texas","B18101_029",176,137
"7596","48389","Reeves County, Texas","B18101_030",1055,164
"7597","48389","Reeves County, Texas","B18101_031",1778,100
"7598","48389","Reeves County, Texas","B18101_032",116,106
"7599","48389","Reeves County, Texas","B18101_033",1662,147
"7600","48389","Reeves County, Texas","B18101_034",400,32
"7601","48389","Reeves County, Texas","B18101_035",111,68
"7602","48389","Reeves County, Texas","B18101_036",289,64
"7603","48389","Reeves County, Texas","B18101_037",387,44
"7604","48389","Reeves County, Texas","B18101_038",286,48
"7605","48389","Reeves County, Texas","B18101_039",101,60
"7606","48391","Refugio County, Texas","B18101_001",6560,4
"7607","48391","Refugio County, Texas","B18101_002",3233,103
"7608","48391","Refugio County, Texas","B18101_003",111,59
"7609","48391","Refugio County, Texas","B18101_004",16,16
"7610","48391","Refugio County, Texas","B18101_005",95,56
"7611","48391","Refugio County, Texas","B18101_006",602,92
"7612","48391","Refugio County, Texas","B18101_007",71,47
"7613","48391","Refugio County, Texas","B18101_008",531,83
"7614","48391","Refugio County, Texas","B18101_009",830,94
"7615","48391","Refugio County, Texas","B18101_010",36,27
"7616","48391","Refugio County, Texas","B18101_011",794,99
"7617","48391","Refugio County, Texas","B18101_012",999,89
"7618","48391","Refugio County, Texas","B18101_013",264,87
"7619","48391","Refugio County, Texas","B18101_014",735,121
"7620","48391","Refugio County, Texas","B18101_015",402,41
"7621","48391","Refugio County, Texas","B18101_016",199,55
"7622","48391","Refugio County, Texas","B18101_017",203,47
"7623","48391","Refugio County, Texas","B18101_018",289,19
"7624","48391","Refugio County, Texas","B18101_019",143,45
"7625","48391","Refugio County, Texas","B18101_020",146,48
"7626","48391","Refugio County, Texas","B18101_021",3327,103
"7627","48391","Refugio County, Texas","B18101_022",206,52
"7628","48391","Refugio County, Texas","B18101_023",0,21
"7629","48391","Refugio County, Texas","B18101_024",206,52
"7630","48391","Refugio County, Texas","B18101_025",538,81
"7631","48391","Refugio County, Texas","B18101_026",52,47
"7632","48391","Refugio County, Texas","B18101_027",486,93
"7633","48391","Refugio County, Texas","B18101_028",672,74
"7634","48391","Refugio County, Texas","B18101_029",81,55
"7635","48391","Refugio County, Texas","B18101_030",591,90
"7636","48391","Refugio County, Texas","B18101_031",1172,70
"7637","48391","Refugio County, Texas","B18101_032",149,60
"7638","48391","Refugio County, Texas","B18101_033",1023,77
"7639","48391","Refugio County, Texas","B18101_034",445,31
"7640","48391","Refugio County, Texas","B18101_035",173,55
"7641","48391","Refugio County, Texas","B18101_036",272,52
"7642","48391","Refugio County, Texas","B18101_037",294,48
"7643","48391","Refugio County, Texas","B18101_038",159,51
"7644","48391","Refugio County, Texas","B18101_039",135,62
"7645","48393","Roberts County, Texas","B18101_001",832,126
"7646","48393","Roberts County, Texas","B18101_002",411,64
"7647","48393","Roberts County, Texas","B18101_003",10,15
"7648","48393","Roberts County, Texas","B18101_004",0,15
"7649","48393","Roberts County, Texas","B18101_005",10,15
"7650","48393","Roberts County, Texas","B18101_006",104,26
"7651","48393","Roberts County, Texas","B18101_007",2,3
"7652","48393","Roberts County, Texas","B18101_008",102,26
"7653","48393","Roberts County, Texas","B18101_009",36,22
"7654","48393","Roberts County, Texas","B18101_010",0,15
"7655","48393","Roberts County, Texas","B18101_011",36,22
"7656","48393","Roberts County, Texas","B18101_012",194,35
"7657","48393","Roberts County, Texas","B18101_013",15,18
"7658","48393","Roberts County, Texas","B18101_014",179,38
"7659","48393","Roberts County, Texas","B18101_015",54,20
"7660","48393","Roberts County, Texas","B18101_016",23,17
"7661","48393","Roberts County, Texas","B18101_017",31,17
"7662","48393","Roberts County, Texas","B18101_018",13,9
"7663","48393","Roberts County, Texas","B18101_019",11,9
"7664","48393","Roberts County, Texas","B18101_020",2,4
"7665","48393","Roberts County, Texas","B18101_021",421,92
"7666","48393","Roberts County, Texas","B18101_022",26,30
"7667","48393","Roberts County, Texas","B18101_023",0,15
"7668","48393","Roberts County, Texas","B18101_024",26,30
"7669","48393","Roberts County, Texas","B18101_025",86,29
"7670","48393","Roberts County, Texas","B18101_026",10,8
"7671","48393","Roberts County, Texas","B18101_027",76,28
"7672","48393","Roberts County, Texas","B18101_028",65,34
"7673","48393","Roberts County, Texas","B18101_029",2,5
"7674","48393","Roberts County, Texas","B18101_030",63,34
"7675","48393","Roberts County, Texas","B18101_031",163,47
"7676","48393","Roberts County, Texas","B18101_032",2,3
"7677","48393","Roberts County, Texas","B18101_033",161,46
"7678","48393","Roberts County, Texas","B18101_034",53,21
"7679","48393","Roberts County, Texas","B18101_035",4,8
"7680","48393","Roberts County, Texas","B18101_036",49,21
"7681","48393","Roberts County, Texas","B18101_037",28,25
"7682","48393","Roberts County, Texas","B18101_038",26,25
"7683","48393","Roberts County, Texas","B18101_039",2,5
"7684","48395","Robertson County, Texas","B18101_001",16962,5
"7685","48395","Robertson County, Texas","B18101_002",8377,120
"7686","48395","Robertson County, Texas","B18101_003",528,97
"7687","48395","Robertson County, Texas","B18101_004",0,23
"7688","48395","Robertson County, Texas","B18101_005",528,97
"7689","48395","Robertson County, Texas","B18101_006",1653,83
"7690","48395","Robertson County, Texas","B18101_007",185,100
"7691","48395","Robertson County, Texas","B18101_008",1468,117
"7692","48395","Robertson County, Texas","B18101_009",1537,153
"7693","48395","Robertson County, Texas","B18101_010",142,84
"7694","48395","Robertson County, Texas","B18101_011",1395,171
"7695","48395","Robertson County, Texas","B18101_012",3120,171
"7696","48395","Robertson County, Texas","B18101_013",668,160
"7697","48395","Robertson County, Texas","B18101_014",2452,212
"7698","48395","Robertson County, Texas","B18101_015",978,45
"7699","48395","Robertson County, Texas","B18101_016",410,102
"7700","48395","Robertson County, Texas","B18101_017",568,98
"7701","48395","Robertson County, Texas","B18101_018",561,59
"7702","48395","Robertson County, Texas","B18101_019",246,95
"7703","48395","Robertson County, Texas","B18101_020",315,82
"7704","48395","Robertson County, Texas","B18101_021",8585,120
"7705","48395","Robertson County, Texas","B18101_022",541,97
"7706","48395","Robertson County, Texas","B18101_023",0,23
"7707","48395","Robertson County, Texas","B18101_024",541,97
"7708","48395","Robertson County, Texas","B18101_025",1392,58
"7709","48395","Robertson County, Texas","B18101_026",202,109
"7710","48395","Robertson County, Texas","B18101_027",1190,138
"7711","48395","Robertson County, Texas","B18101_028",1522,120
"7712","48395","Robertson County, Texas","B18101_029",282,132
"7713","48395","Robertson County, Texas","B18101_030",1240,169
"7714","48395","Robertson County, Texas","B18101_031",3213,148
"7715","48395","Robertson County, Texas","B18101_032",638,138
"7716","48395","Robertson County, Texas","B18101_033",2575,228
"7717","48395","Robertson County, Texas","B18101_034",1140,64
"7718","48395","Robertson County, Texas","B18101_035",260,104
"7719","48395","Robertson County, Texas","B18101_036",880,108
"7720","48395","Robertson County, Texas","B18101_037",777,59
"7721","48395","Robertson County, Texas","B18101_038",335,87
"7722","48395","Robertson County, Texas","B18101_039",442,100
"7723","48397","Rockwall County, Texas","B18101_001",122794,103
"7724","48397","Rockwall County, Texas","B18101_002",61053,205
"7725","48397","Rockwall County, Texas","B18101_003",3730,81
"7726","48397","Rockwall County, Texas","B18101_004",0,35
"7727","48397","Rockwall County, Texas","B18101_005",3730,81
"7728","48397","Rockwall County, Texas","B18101_006",13047,137
"7729","48397","Rockwall County, Texas","B18101_007",697,252
"7730","48397","Rockwall County, Texas","B18101_008",12350,279
"7731","48397","Rockwall County, Texas","B18101_009",12224,108
"7732","48397","Rockwall County, Texas","B18101_010",641,218
"7733","48397","Rockwall County, Texas","B18101_011",11583,236
"7734","48397","Rockwall County, Texas","B18101_012",25135,117
"7735","48397","Rockwall County, Texas","B18101_013",2413,435
"7736","48397","Rockwall County, Texas","B18101_014",22722,451
"7737","48397","Rockwall County, Texas","B18101_015",4435,110
"7738","48397","Rockwall County, Texas","B18101_016",707,153
"7739","48397","Rockwall County, Texas","B18101_017",3728,181
"7740","48397","Rockwall County, Texas","B18101_018",2482,101
"7741","48397","Rockwall County, Texas","B18101_019",1117,202
"7742","48397","Rockwall County, Texas","B18101_020",1365,204
"7743","48397","Rockwall County, Texas","B18101_021",61741,161
"7744","48397","Rockwall County, Texas","B18101_022",3674,79
"7745","48397","Rockwall County, Texas","B18101_023",17,33
"7746","48397","Rockwall County, Texas","B18101_024",3657,90
"7747","48397","Rockwall County, Texas","B18101_025",12304,132
"7748","48397","Rockwall County, Texas","B18101_026",364,124
"7749","48397","Rockwall County, Texas","B18101_027",11940,184
"7750","48397","Rockwall County, Texas","B18101_028",12180,46
"7751","48397","Rockwall County, Texas","B18101_029",961,276
"7752","48397","Rockwall County, Texas","B18101_030",11219,272
"7753","48397","Rockwall County, Texas","B18101_031",25165,82
"7754","48397","Rockwall County, Texas","B18101_032",1732,342
"7755","48397","Rockwall County, Texas","B18101_033",23433,329
"7756","48397","Rockwall County, Texas","B18101_034",5092,122
"7757","48397","Rockwall County, Texas","B18101_035",1044,285
"7758","48397","Rockwall County, Texas","B18101_036",4048,309
"7759","48397","Rockwall County, Texas","B18101_037",3326,130
"7760","48397","Rockwall County, Texas","B18101_038",1421,225
"7761","48397","Rockwall County, Texas","B18101_039",1905,228
"7762","48399","Runnels County, Texas","B18101_001",9662,16
"7763","48399","Runnels County, Texas","B18101_002",4918,127
"7764","48399","Runnels County, Texas","B18101_003",280,70
"7765","48399","Runnels County, Texas","B18101_004",0,21
"7766","48399","Runnels County, Texas","B18101_005",280,70
"7767","48399","Runnels County, Texas","B18101_006",877,102
"7768","48399","Runnels County, Texas","B18101_007",40,43
"7769","48399","Runnels County, Texas","B18101_008",837,110
"7770","48399","Runnels County, Texas","B18101_009",915,83
"7771","48399","Runnels County, Texas","B18101_010",63,53
"7772","48399","Runnels County, Texas","B18101_011",852,91
"7773","48399","Runnels County, Texas","B18101_012",1871,82
"7774","48399","Runnels County, Texas","B18101_013",265,78
"7775","48399","Runnels County, Texas","B18101_014",1606,114
"7776","48399","Runnels County, Texas","B18101_015",601,64
"7777","48399","Runnels County, Texas","B18101_016",180,60
"7778","48399","Runnels County, Texas","B18101_017",421,89
"7779","48399","Runnels County, Texas","B18101_018",374,65
"7780","48399","Runnels County, Texas","B18101_019",259,59
"7781","48399","Runnels County, Texas","B18101_020",115,44
"7782","48399","Runnels County, Texas","B18101_021",4744,128
"7783","48399","Runnels County, Texas","B18101_022",284,70
"7784","48399","Runnels County, Texas","B18101_023",0,21
"7785","48399","Runnels County, Texas","B18101_024",284,70
"7786","48399","Runnels County, Texas","B18101_025",876,99
"7787","48399","Runnels County, Texas","B18101_026",59,56
"7788","48399","Runnels County, Texas","B18101_027",817,108
"7789","48399","Runnels County, Texas","B18101_028",882,74
"7790","48399","Runnels County, Texas","B18101_029",31,26
"7791","48399","Runnels County, Texas","B18101_030",851,74
"7792","48399","Runnels County, Texas","B18101_031",1719,84
"7793","48399","Runnels County, Texas","B18101_032",261,93
"7794","48399","Runnels County, Texas","B18101_033",1458,113
"7795","48399","Runnels County, Texas","B18101_034",555,37
"7796","48399","Runnels County, Texas","B18101_035",196,67
"7797","48399","Runnels County, Texas","B18101_036",359,55
"7798","48399","Runnels County, Texas","B18101_037",428,71
"7799","48399","Runnels County, Texas","B18101_038",174,56
"7800","48399","Runnels County, Texas","B18101_039",254,57
"7801","48401","Rusk County, Texas","B18101_001",47977,86
"7802","48401","Rusk County, Texas","B18101_002",23582,283
"7803","48401","Rusk County, Texas","B18101_003",1501,104
"7804","48401","Rusk County, Texas","B18101_004",0,35
"7805","48401","Rusk County, Texas","B18101_005",1501,104
"7806","48401","Rusk County, Texas","B18101_006",4583,20
"7807","48401","Rusk County, Texas","B18101_007",406,171
"7808","48401","Rusk County, Texas","B18101_008",4177,169
"7809","48401","Rusk County, Texas","B18101_009",4884,217
"7810","48401","Rusk County, Texas","B18101_010",432,158
"7811","48401","Rusk County, Texas","B18101_011",4452,251
"7812","48401","Rusk County, Texas","B18101_012",8431,324
"7813","48401","Rusk County, Texas","B18101_013",1191,224
"7814","48401","Rusk County, Texas","B18101_014",7240,385
"7815","48401","Rusk County, Texas","B18101_015",2621,70
"7816","48401","Rusk County, Texas","B18101_016",709,149
"7817","48401","Rusk County, Texas","B18101_017",1912,152
"7818","48401","Rusk County, Texas","B18101_018",1562,38
"7819","48401","Rusk County, Texas","B18101_019",929,124
"7820","48401","Rusk County, Texas","B18101_020",633,127
"7821","48401","Rusk County, Texas","B18101_021",24395,256
"7822","48401","Rusk County, Texas","B18101_022",1364,111
"7823","48401","Rusk County, Texas","B18101_023",0,35
"7824","48401","Rusk County, Texas","B18101_024",1364,111
"7825","48401","Rusk County, Texas","B18101_025",4482,24
"7826","48401","Rusk County, Texas","B18101_026",101,62
"7827","48401","Rusk County, Texas","B18101_027",4381,66
"7828","48401","Rusk County, Texas","B18101_028",4633,157
"7829","48401","Rusk County, Texas","B18101_029",384,155
"7830","48401","Rusk County, Texas","B18101_030",4249,223
"7831","48401","Rusk County, Texas","B18101_031",9161,147
"7832","48401","Rusk County, Texas","B18101_032",1420,267
"7833","48401","Rusk County, Texas","B18101_033",7741,283
"7834","48401","Rusk County, Texas","B18101_034",2840,59
"7835","48401","Rusk County, Texas","B18101_035",742,198
"7836","48401","Rusk County, Texas","B18101_036",2098,197
"7837","48401","Rusk County, Texas","B18101_037",1915,72
"7838","48401","Rusk County, Texas","B18101_038",1158,157
"7839","48401","Rusk County, Texas","B18101_039",757,142
"7840","48403","Sabine County, Texas","B18101_001",9902,10
"7841","48403","Sabine County, Texas","B18101_002",4974,124
"7842","48403","Sabine County, Texas","B18101_003",218,148
"7843","48403","Sabine County, Texas","B18101_004",14,24
"7844","48403","Sabine County, Texas","B18101_005",204,147
"7845","48403","Sabine County, Texas","B18101_006",644,94
"7846","48403","Sabine County, Texas","B18101_007",40,32
"7847","48403","Sabine County, Texas","B18101_008",604,81
"7848","48403","Sabine County, Texas","B18101_009",632,71
"7849","48403","Sabine County, Texas","B18101_010",15,30
"7850","48403","Sabine County, Texas","B18101_011",617,62
"7851","48403","Sabine County, Texas","B18101_012",1960,103
"7852","48403","Sabine County, Texas","B18101_013",534,166
"7853","48403","Sabine County, Texas","B18101_014",1426,200
"7854","48403","Sabine County, Texas","B18101_015",887,71
"7855","48403","Sabine County, Texas","B18101_016",438,114
"7856","48403","Sabine County, Texas","B18101_017",449,129
"7857","48403","Sabine County, Texas","B18101_018",633,23
"7858","48403","Sabine County, Texas","B18101_019",419,94
"7859","48403","Sabine County, Texas","B18101_020",214,94
"7860","48403","Sabine County, Texas","B18101_021",4928,124
"7861","48403","Sabine County, Texas","B18101_022",321,59
"7862","48403","Sabine County, Texas","B18101_023",0,23
"7863","48403","Sabine County, Texas","B18101_024",321,59
"7864","48403","Sabine County, Texas","B18101_025",600,84
"7865","48403","Sabine County, Texas","B18101_026",34,35
"7866","48403","Sabine County, Texas","B18101_027",566,88
"7867","48403","Sabine County, Texas","B18101_028",616,114
"7868","48403","Sabine County, Texas","B18101_029",30,36
"7869","48403","Sabine County, Texas","B18101_030",586,119
"7870","48403","Sabine County, Texas","B18101_031",1953,106
"7871","48403","Sabine County, Texas","B18101_032",494,183
"7872","48403","Sabine County, Texas","B18101_033",1459,157
"7873","48403","Sabine County, Texas","B18101_034",859,55
"7874","48403","Sabine County, Texas","B18101_035",318,111
"7875","48403","Sabine County, Texas","B18101_036",541,97
"7876","48403","Sabine County, Texas","B18101_037",579,42
"7877","48403","Sabine County, Texas","B18101_038",257,76
"7878","48403","Sabine County, Texas","B18101_039",322,69
"7879","48405","San Augustine County, Texas","B18101_001",7658,4
"7880","48405","San Augustine County, Texas","B18101_002",3702,152
"7881","48405","San Augustine County, Texas","B18101_003",132,90
"7882","48405","San Augustine County, Texas","B18101_004",0,21
"7883","48405","San Augustine County, Texas","B18101_005",132,90
"7884","48405","San Augustine County, Texas","B18101_006",571,81
"7885","48405","San Augustine County, Texas","B18101_007",140,68
"7886","48405","San Augustine County, Texas","B18101_008",431,101
"7887","48405","San Augustine County, Texas","B18101_009",592,91
"7888","48405","San Augustine County, Texas","B18101_010",61,46
"7889","48405","San Augustine County, Texas","B18101_011",531,92
"7890","48405","San Augustine County, Texas","B18101_012",1453,88
"7891","48405","San Augustine County, Texas","B18101_013",281,96
"7892","48405","San Augustine County, Texas","B18101_014",1172,105
"7893","48405","San Augustine County, Texas","B18101_015",607,77
"7894","48405","San Augustine County, Texas","B18101_016",168,64
"7895","48405","San Augustine County, Texas","B18101_017",439,105
"7896","48405","San Augustine County, Texas","B18101_018",347,48
"7897","48405","San Augustine County, Texas","B18101_019",166,53
"7898","48405","San Augustine County, Texas","B18101_020",181,61
"7899","48405","San Augustine County, Texas","B18101_021",3956,153
"7900","48405","San Augustine County, Texas","B18101_022",255,82
"7901","48405","San Augustine County, Texas","B18101_023",0,21
"7902","48405","San Augustine County, Texas","B18101_024",255,82
"7903","48405","San Augustine County, Texas","B18101_025",615,97
"7904","48405","San Augustine County, Texas","B18101_026",132,80
"7905","48405","San Augustine County, Texas","B18101_027",483,102
"7906","48405","San Augustine County, Texas","B18101_028",547,86
"7907","48405","San Augustine County, Texas","B18101_029",145,66
"7908","48405","San Augustine County, Texas","B18101_030",402,96
"7909","48405","San Augustine County, Texas","B18101_031",1573,127
"7910","48405","San Augustine County, Texas","B18101_032",184,75
"7911","48405","San Augustine County, Texas","B18101_033",1389,143
"7912","48405","San Augustine County, Texas","B18101_034",493,99
"7913","48405","San Augustine County, Texas","B18101_035",173,92
"7914","48405","San Augustine County, Texas","B18101_036",320,87
"7915","48405","San Augustine County, Texas","B18101_037",473,95
"7916","48405","San Augustine County, Texas","B18101_038",265,122
"7917","48405","San Augustine County, Texas","B18101_039",208,82
"7918","48407","San Jacinto County, Texas","B18101_001",28255,63
"7919","48407","San Jacinto County, Texas","B18101_002",14204,125
"7920","48407","San Jacinto County, Texas","B18101_003",906,81
"7921","48407","San Jacinto County, Texas","B18101_004",0,28
"7922","48407","San Jacinto County, Texas","B18101_005",906,81
"7923","48407","San Jacinto County, Texas","B18101_006",2342,95
"7924","48407","San Jacinto County, Texas","B18101_007",397,147
"7925","48407","San Jacinto County, Texas","B18101_008",1945,144
"7926","48407","San Jacinto County, Texas","B18101_009",2580,72
"7927","48407","San Jacinto County, Texas","B18101_010",371,157
"7928","48407","San Jacinto County, Texas","B18101_011",2209,165
"7929","48407","San Jacinto County, Texas","B18101_012",5382,135
"7930","48407","San Jacinto County, Texas","B18101_013",1181,329
"7931","48407","San Jacinto County, Texas","B18101_014",4201,355
"7932","48407","San Jacinto County, Texas","B18101_015",1836,106
"7933","48407","San Jacinto County, Texas","B18101_016",909,188
"7934","48407","San Jacinto County, Texas","B18101_017",927,209
"7935","48407","San Jacinto County, Texas","B18101_018",1158,58
"7936","48407","San Jacinto County, Texas","B18101_019",826,128
"7937","48407","San Jacinto County, Texas","B18101_020",332,118
"7938","48407","San Jacinto County, Texas","B18101_021",14051,115
"7939","48407","San Jacinto County, Texas","B18101_022",557,92
"7940","48407","San Jacinto County, Texas","B18101_023",0,28
"7941","48407","San Jacinto County, Texas","B18101_024",557,92
"7942","48407","San Jacinto County, Texas","B18101_025",2315,86
"7943","48407","San Jacinto County, Texas","B18101_026",241,152
"7944","48407","San Jacinto County, Texas","B18101_027",2074,191
"7945","48407","San Jacinto County, Texas","B18101_028",2583,25
"7946","48407","San Jacinto County, Texas","B18101_029",395,198
"7947","48407","San Jacinto County, Texas","B18101_030",2188,196
"7948","48407","San Jacinto County, Texas","B18101_031",5480,83
"7949","48407","San Jacinto County, Texas","B18101_032",1374,278
"7950","48407","San Jacinto County, Texas","B18101_033",4106,299
"7951","48407","San Jacinto County, Texas","B18101_034",1887,73
"7952","48407","San Jacinto County, Texas","B18101_035",428,140
"7953","48407","San Jacinto County, Texas","B18101_036",1459,122
"7954","48407","San Jacinto County, Texas","B18101_037",1229,24
"7955","48407","San Jacinto County, Texas","B18101_038",538,134
"7956","48407","San Jacinto County, Texas","B18101_039",691,136
"7957","48409","San Patricio County, Texas","B18101_001",69447,100
"7958","48409","San Patricio County, Texas","B18101_002",35178,175
"7959","48409","San Patricio County, Texas","B18101_003",2383,194
"7960","48409","San Patricio County, Texas","B18101_004",0,35
"7961","48409","San Patricio County, Texas","B18101_005",2383,194
"7962","48409","San Patricio County, Texas","B18101_006",6986,139
"7963","48409","San Patricio County, Texas","B18101_007",560,206
"7964","48409","San Patricio County, Texas","B18101_008",6426,238
"7965","48409","San Patricio County, Texas","B18101_009",7772,180
"7966","48409","San Patricio County, Texas","B18101_010",1081,324
"7967","48409","San Patricio County, Texas","B18101_011",6691,324
"7968","48409","San Patricio County, Texas","B18101_012",13006,111
"7969","48409","San Patricio County, Texas","B18101_013",2252,374
"7970","48409","San Patricio County, Texas","B18101_014",10754,375
"7971","48409","San Patricio County, Texas","B18101_015",3117,71
"7972","48409","San Patricio County, Texas","B18101_016",1068,217
"7973","48409","San Patricio County, Texas","B18101_017",2049,249
"7974","48409","San Patricio County, Texas","B18101_018",1914,80
"7975","48409","San Patricio County, Texas","B18101_019",1254,149
"7976","48409","San Patricio County, Texas","B18101_020",660,123
"7977","48409","San Patricio County, Texas","B18101_021",34269,174
"7978","48409","San Patricio County, Texas","B18101_022",2241,39
"7979","48409","San Patricio County, Texas","B18101_023",14,24
"7980","48409","San Patricio County, Texas","B18101_024",2227,48
"7981","48409","San Patricio County, Texas","B18101_025",6367,142
"7982","48409","San Patricio County, Texas","B18101_026",457,233
"7983","48409","San Patricio County, Texas","B18101_027",5910,283
"7984","48409","San Patricio County, Texas","B18101_028",7099,87
"7985","48409","San Patricio County, Texas","B18101_029",858,268
"7986","48409","San Patricio County, Texas","B18101_030",6241,295
"7987","48409","San Patricio County, Texas","B18101_031",12886,123
"7988","48409","San Patricio County, Texas","B18101_032",2290,365
"7989","48409","San Patricio County, Texas","B18101_033",10596,358
"7990","48409","San Patricio County, Texas","B18101_034",3153,46
"7991","48409","San Patricio County, Texas","B18101_035",1366,211
"7992","48409","San Patricio County, Texas","B18101_036",1787,211
"7993","48409","San Patricio County, Texas","B18101_037",2523,104
"7994","48409","San Patricio County, Texas","B18101_038",1747,165
"7995","48409","San Patricio County, Texas","B18101_039",776,156
"7996","48411","San Saba County, Texas","B18101_001",5094,63
"7997","48411","San Saba County, Texas","B18101_002",2527,133
"7998","48411","San Saba County, Texas","B18101_003",128,26
"7999","48411","San Saba County, Texas","B18101_004",0,21
"8000","48411","San Saba County, Texas","B18101_005",128,26
"8001","48411","San Saba County, Texas","B18101_006",363,26
"8002","48411","San Saba County, Texas","B18101_007",3,5
"8003","48411","San Saba County, Texas","B18101_008",360,25
"8004","48411","San Saba County, Texas","B18101_009",588,76
"8005","48411","San Saba County, Texas","B18101_010",45,44
"8006","48411","San Saba County, Texas","B18101_011",543,84
"8007","48411","San Saba County, Texas","B18101_012",821,95
"8008","48411","San Saba County, Texas","B18101_013",121,51
"8009","48411","San Saba County, Texas","B18101_014",700,100
"8010","48411","San Saba County, Texas","B18101_015",347,40
"8011","48411","San Saba County, Texas","B18101_016",102,45
"8012","48411","San Saba County, Texas","B18101_017",245,44
"8013","48411","San Saba County, Texas","B18101_018",280,30
"8014","48411","San Saba County, Texas","B18101_019",165,52
"8015","48411","San Saba County, Texas","B18101_020",115,43
"8016","48411","San Saba County, Texas","B18101_021",2567,140
"8017","48411","San Saba County, Texas","B18101_022",129,26
"8018","48411","San Saba County, Texas","B18101_023",0,21
"8019","48411","San Saba County, Texas","B18101_024",129,26
"8020","48411","San Saba County, Texas","B18101_025",452,39
"8021","48411","San Saba County, Texas","B18101_026",12,13
"8022","48411","San Saba County, Texas","B18101_027",440,41
"8023","48411","San Saba County, Texas","B18101_028",489,117
"8024","48411","San Saba County, Texas","B18101_029",16,15
"8025","48411","San Saba County, Texas","B18101_030",473,115
"8026","48411","San Saba County, Texas","B18101_031",875,103
"8027","48411","San Saba County, Texas","B18101_032",87,48
"8028","48411","San Saba County, Texas","B18101_033",788,97
"8029","48411","San Saba County, Texas","B18101_034",351,39
"8030","48411","San Saba County, Texas","B18101_035",80,35
"8031","48411","San Saba County, Texas","B18101_036",271,51
"8032","48411","San Saba County, Texas","B18101_037",271,15
"8033","48411","San Saba County, Texas","B18101_038",168,45
"8034","48411","San Saba County, Texas","B18101_039",103,45
"8035","48413","Schleicher County, Texas","B18101_001",2345,20
"8036","48413","Schleicher County, Texas","B18101_002",1084,65
"8037","48413","Schleicher County, Texas","B18101_003",63,33
"8038","48413","Schleicher County, Texas","B18101_004",0,15
"8039","48413","Schleicher County, Texas","B18101_005",63,33
"8040","48413","Schleicher County, Texas","B18101_006",127,46
"8041","48413","Schleicher County, Texas","B18101_007",0,15
"8042","48413","Schleicher County, Texas","B18101_008",127,46
"8043","48413","Schleicher County, Texas","B18101_009",196,45
"8044","48413","Schleicher County, Texas","B18101_010",19,31
"8045","48413","Schleicher County, Texas","B18101_011",177,36
"8046","48413","Schleicher County, Texas","B18101_012",444,61
"8047","48413","Schleicher County, Texas","B18101_013",41,37
"8048","48413","Schleicher County, Texas","B18101_014",403,76
"8049","48413","Schleicher County, Texas","B18101_015",158,52
"8050","48413","Schleicher County, Texas","B18101_016",56,32
"8051","48413","Schleicher County, Texas","B18101_017",102,51
"8052","48413","Schleicher County, Texas","B18101_018",96,55
"8053","48413","Schleicher County, Texas","B18101_019",36,35
"8054","48413","Schleicher County, Texas","B18101_020",60,46
"8055","48413","Schleicher County, Texas","B18101_021",1261,62
"8056","48413","Schleicher County, Texas","B18101_022",144,88
"8057","48413","Schleicher County, Texas","B18101_023",0,15
"8058","48413","Schleicher County, Texas","B18101_024",144,88
"8059","48413","Schleicher County, Texas","B18101_025",214,69
"8060","48413","Schleicher County, Texas","B18101_026",16,25
"8061","48413","Schleicher County, Texas","B18101_027",198,74
"8062","48413","Schleicher County, Texas","B18101_028",210,71
"8063","48413","Schleicher County, Texas","B18101_029",0,15
"8064","48413","Schleicher County, Texas","B18101_030",210,71
"8065","48413","Schleicher County, Texas","B18101_031",425,94
"8066","48413","Schleicher County, Texas","B18101_032",46,34
"8067","48413","Schleicher County, Texas","B18101_033",379,94
"8068","48413","Schleicher County, Texas","B18101_034",186,46
"8069","48413","Schleicher County, Texas","B18101_035",0,15
"8070","48413","Schleicher County, Texas","B18101_036",186,46
"8071","48413","Schleicher County, Texas","B18101_037",82,43
"8072","48413","Schleicher County, Texas","B18101_038",21,24
"8073","48413","Schleicher County, Texas","B18101_039",61,35
"8074","48415","Scurry County, Texas","B18101_001",14877,89
"8075","48415","Scurry County, Texas","B18101_002",7052,210
"8076","48415","Scurry County, Texas","B18101_003",448,94
"8077","48415","Scurry County, Texas","B18101_004",0,23
"8078","48415","Scurry County, Texas","B18101_005",448,94
"8079","48415","Scurry County, Texas","B18101_006",1427,133
"8080","48415","Scurry County, Texas","B18101_007",119,106
"8081","48415","Scurry County, Texas","B18101_008",1308,191
"8082","48415","Scurry County, Texas","B18101_009",1610,242
"8083","48415","Scurry County, Texas","B18101_010",169,142
"8084","48415","Scurry County, Texas","B18101_011",1441,278
"8085","48415","Scurry County, Texas","B18101_012",2463,236
"8086","48415","Scurry County, Texas","B18101_013",323,106
"8087","48415","Scurry County, Texas","B18101_014",2140,224
"8088","48415","Scurry County, Texas","B18101_015",755,98
"8089","48415","Scurry County, Texas","B18101_016",297,124
"8090","48415","Scurry County, Texas","B18101_017",458,125
"8091","48415","Scurry County, Texas","B18101_018",349,67
"8092","48415","Scurry County, Texas","B18101_019",126,72
"8093","48415","Scurry County, Texas","B18101_020",223,90
"8094","48415","Scurry County, Texas","B18101_021",7825,200
"8095","48415","Scurry County, Texas","B18101_022",616,85
"8096","48415","Scurry County, Texas","B18101_023",0,23
"8097","48415","Scurry County, Texas","B18101_024",616,85
"8098","48415","Scurry County, Texas","B18101_025",1663,142
"8099","48415","Scurry County, Texas","B18101_026",17,35
"8100","48415","Scurry County, Texas","B18101_027",1646,151
"8101","48415","Scurry County, Texas","B18101_028",1602,119
"8102","48415","Scurry County, Texas","B18101_029",316,136
"8103","48415","Scurry County, Texas","B18101_030",1286,187
"8104","48415","Scurry County, Texas","B18101_031",2664,111
"8105","48415","Scurry County, Texas","B18101_032",210,104
"8106","48415","Scurry County, Texas","B18101_033",2454,143
"8107","48415","Scurry County, Texas","B18101_034",716,106
"8108","48415","Scurry County, Texas","B18101_035",283,127
"8109","48415","Scurry County, Texas","B18101_036",433,120
"8110","48415","Scurry County, Texas","B18101_037",564,85
"8111","48415","Scurry County, Texas","B18101_038",162,79
"8112","48415","Scurry County, Texas","B18101_039",402,109
"8113","48417","Shackelford County, Texas","B18101_001",3140,12
"8114","48417","Shackelford County, Texas","B18101_002",1518,69
"8115","48417","Shackelford County, Texas","B18101_003",60,15
"8116","48417","Shackelford County, Texas","B18101_004",0,15
"8117","48417","Shackelford County, Texas","B18101_005",60,15
"8118","48417","Shackelford County, Texas","B18101_006",250,31
"8119","48417","Shackelford County, Texas","B18101_007",8,10
"8120","48417","Shackelford County, Texas","B18101_008",242,30
"8121","48417","Shackelford County, Texas","B18101_009",330,56
"8122","48417","Shackelford County, Texas","B18101_010",47,32
"8123","48417","Shackelford County, Texas","B18101_011",283,65
"8124","48417","Shackelford County, Texas","B18101_012",578,50
"8125","48417","Shackelford County, Texas","B18101_013",75,34
"8126","48417","Shackelford County, Texas","B18101_014",503,60
"8127","48417","Shackelford County, Texas","B18101_015",182,8
"8128","48417","Shackelford County, Texas","B18101_016",69,33
"8129","48417","Shackelford County, Texas","B18101_017",113,34
"8130","48417","Shackelford County, Texas","B18101_018",118,15
"8131","48417","Shackelford County, Texas","B18101_019",27,18
"8132","48417","Shackelford County, Texas","B18101_020",91,18
"8133","48417","Shackelford County, Texas","B18101_021",1622,67
"8134","48417","Shackelford County, Texas","B18101_022",92,28
"8135","48417","Shackelford County, Texas","B18101_023",0,15
"8136","48417","Shackelford County, Texas","B18101_024",92,28
"8137","48417","Shackelford County, Texas","B18101_025",238,47
"8138","48417","Shackelford County, Texas","B18101_026",14,17
"8139","48417","Shackelford County, Texas","B18101_027",224,46
"8140","48417","Shackelford County, Texas","B18101_028",267,29
"8141","48417","Shackelford County, Texas","B18101_029",15,17
"8142","48417","Shackelford County, Texas","B18101_030",252,31
"8143","48417","Shackelford County, Texas","B18101_031",687,31
"8144","48417","Shackelford County, Texas","B18101_032",84,38
"8145","48417","Shackelford County, Texas","B18101_033",603,33
"8146","48417","Shackelford County, Texas","B18101_034",197,5
"8147","48417","Shackelford County, Texas","B18101_035",76,40
"8148","48417","Shackelford County, Texas","B18101_036",121,40
"8149","48417","Shackelford County, Texas","B18101_037",141,15
"8150","48417","Shackelford County, Texas","B18101_038",93,38
"8151","48417","Shackelford County, Texas","B18101_039",48,33
"8152","48419","Shelby County, Texas","B18101_001",24021,3
"8153","48419","Shelby County, Texas","B18101_002",11861,164
"8154","48419","Shelby County, Texas","B18101_003",791,142
"8155","48419","Shelby County, Texas","B18101_004",1,3
"8156","48419","Shelby County, Texas","B18101_005",790,142
"8157","48419","Shelby County, Texas","B18101_006",2350,188
"8158","48419","Shelby County, Texas","B18101_007",323,130
"8159","48419","Shelby County, Texas","B18101_008",2027,189
"8160","48419","Shelby County, Texas","B18101_009",2411,157
"8161","48419","Shelby County, Texas","B18101_010",237,122
"8162","48419","Shelby County, Texas","B18101_011",2174,187
"8163","48419","Shelby County, Texas","B18101_012",4302,187
"8164","48419","Shelby County, Texas","B18101_013",842,205
"8165","48419","Shelby County, Texas","B18101_014",3460,230
"8166","48419","Shelby County, Texas","B18101_015",1298,106
"8167","48419","Shelby County, Texas","B18101_016",455,131
"8168","48419","Shelby County, Texas","B18101_017",843,138
"8169","48419","Shelby County, Texas","B18101_018",709,40
"8170","48419","Shelby County, Texas","B18101_019",472,92
"8171","48419","Shelby County, Texas","B18101_020",237,85
"8172","48419","Shelby County, Texas","B18101_021",12160,163
"8173","48419","Shelby County, Texas","B18101_022",781,122
"8174","48419","Shelby County, Texas","B18101_023",0,28
"8175","48419","Shelby County, Texas","B18101_024",781,122
"8176","48419","Shelby County, Texas","B18101_025",2358,88
"8177","48419","Shelby County, Texas","B18101_026",44,34
"8178","48419","Shelby County, Texas","B18101_027",2314,96
"8179","48419","Shelby County, Texas","B18101_028",2343,67
"8180","48419","Shelby County, Texas","B18101_029",167,79
"8181","48419","Shelby County, Texas","B18101_030",2176,111
"8182","48419","Shelby County, Texas","B18101_031",4353,99
"8183","48419","Shelby County, Texas","B18101_032",587,158
"8184","48419","Shelby County, Texas","B18101_033",3766,184
"8185","48419","Shelby County, Texas","B18101_034",1309,64
"8186","48419","Shelby County, Texas","B18101_035",265,99
"8187","48419","Shelby County, Texas","B18101_036",1044,102
"8188","48419","Shelby County, Texas","B18101_037",1016,27
"8189","48419","Shelby County, Texas","B18101_038",543,98
"8190","48419","Shelby County, Texas","B18101_039",473,98
"8191","48421","Sherman County, Texas","B18101_001",2259,228
"8192","48421","Sherman County, Texas","B18101_002",1225,155
"8193","48421","Sherman County, Texas","B18101_003",161,84
"8194","48421","Sherman County, Texas","B18101_004",0,15
"8195","48421","Sherman County, Texas","B18101_005",161,84
"8196","48421","Sherman County, Texas","B18101_006",105,48
"8197","48421","Sherman County, Texas","B18101_007",0,15
"8198","48421","Sherman County, Texas","B18101_008",105,48
"8199","48421","Sherman County, Texas","B18101_009",299,43
"8200","48421","Sherman County, Texas","B18101_010",5,11
"8201","48421","Sherman County, Texas","B18101_011",294,45
"8202","48421","Sherman County, Texas","B18101_012",476,77
"8203","48421","Sherman County, Texas","B18101_013",27,21
"8204","48421","Sherman County, Texas","B18101_014",449,78
"8205","48421","Sherman County, Texas","B18101_015",72,29
"8206","48421","Sherman County, Texas","B18101_016",46,29
"8207","48421","Sherman County, Texas","B18101_017",26,13
"8208","48421","Sherman County, Texas","B18101_018",112,47
"8209","48421","Sherman County, Texas","B18101_019",55,20
"8210","48421","Sherman County, Texas","B18101_020",57,49
"8211","48421","Sherman County, Texas","B18101_021",1034,102
"8212","48421","Sherman County, Texas","B18101_022",22,12
"8213","48421","Sherman County, Texas","B18101_023",0,15
"8214","48421","Sherman County, Texas","B18101_024",22,12
"8215","48421","Sherman County, Texas","B18101_025",111,45
"8216","48421","Sherman County, Texas","B18101_026",5,10
"8217","48421","Sherman County, Texas","B18101_027",106,49
"8218","48421","Sherman County, Texas","B18101_028",310,73
"8219","48421","Sherman County, Texas","B18101_029",87,77
"8220","48421","Sherman County, Texas","B18101_030",223,101
"8221","48421","Sherman County, Texas","B18101_031",379,69
"8222","48421","Sherman County, Texas","B18101_032",62,34
"8223","48421","Sherman County, Texas","B18101_033",317,59
"8224","48421","Sherman County, Texas","B18101_034",101,25
"8225","48421","Sherman County, Texas","B18101_035",54,31
"8226","48421","Sherman County, Texas","B18101_036",47,23
"8227","48421","Sherman County, Texas","B18101_037",111,26
"8228","48421","Sherman County, Texas","B18101_038",39,24
"8229","48421","Sherman County, Texas","B18101_039",72,31
"8230","48423","Smith County, Texas","B18101_001",238885,210
"8231","48423","Smith County, Texas","B18101_002",115337,322
"8232","48423","Smith County, Texas","B18101_003",7732,66
"8233","48423","Smith County, Texas","B18101_004",20,23
"8234","48423","Smith County, Texas","B18101_005",7712,68
"8235","48423","Smith County, Texas","B18101_006",22079,89
"8236","48423","Smith County, Texas","B18101_007",2306,492
"8237","48423","Smith County, Texas","B18101_008",19773,493
"8238","48423","Smith County, Texas","B18101_009",26406,275
"8239","48423","Smith County, Texas","B18101_010",2119,435
"8240","48423","Smith County, Texas","B18101_011",24287,523
"8241","48423","Smith County, Texas","B18101_012",40816,146
"8242","48423","Smith County, Texas","B18101_013",5461,646
"8243","48423","Smith County, Texas","B18101_014",35355,665
"8244","48423","Smith County, Texas","B18101_015",11168,90
"8245","48423","Smith County, Texas","B18101_016",3151,534
"8246","48423","Smith County, Texas","B18101_017",8017,523
"8247","48423","Smith County, Texas","B18101_018",7136,133
"8248","48423","Smith County, Texas","B18101_019",3089,381
"8249","48423","Smith County, Texas","B18101_020",4047,402
"8250","48423","Smith County, Texas","B18101_021",123548,246
"8251","48423","Smith County, Texas","B18101_022",7422,66
"8252","48423","Smith County, Texas","B18101_023",42,68
"8253","48423","Smith County, Texas","B18101_024",7380,98
"8254","48423","Smith County, Texas","B18101_025",21160,82
"8255","48423","Smith County, Texas","B18101_026",928,207
"8256","48423","Smith County, Texas","B18101_027",20232,205
"8257","48423","Smith County, Texas","B18101_028",28184,68
"8258","48423","Smith County, Texas","B18101_029",2058,350
"8259","48423","Smith County, Texas","B18101_030",26126,353
"8260","48423","Smith County, Texas","B18101_031",43955,156
"8261","48423","Smith County, Texas","B18101_032",5715,672
"8262","48423","Smith County, Texas","B18101_033",38240,639
"8263","48423","Smith County, Texas","B18101_034",13045,97
"8264","48423","Smith County, Texas","B18101_035",2783,384
"8265","48423","Smith County, Texas","B18101_036",10262,398
"8266","48423","Smith County, Texas","B18101_037",9782,146
"8267","48423","Smith County, Texas","B18101_038",4552,432
"8268","48423","Smith County, Texas","B18101_039",5230,450
"8269","48425","Somervell County, Texas","B18101_001",9530,5
"8270","48425","Somervell County, Texas","B18101_002",4814,105
"8271","48425","Somervell County, Texas","B18101_003",292,57
"8272","48425","Somervell County, Texas","B18101_004",0,21
"8273","48425","Somervell County, Texas","B18101_005",292,57
"8274","48425","Somervell County, Texas","B18101_006",790,96
"8275","48425","Somervell County, Texas","B18101_007",19,25
"8276","48425","Somervell County, Texas","B18101_008",771,98
"8277","48425","Somervell County, Texas","B18101_009",883,165
"8278","48425","Somervell County, Texas","B18101_010",11,24
"8279","48425","Somervell County, Texas","B18101_011",872,173
"8280","48425","Somervell County, Texas","B18101_012",1892,187
"8281","48425","Somervell County, Texas","B18101_013",155,91
"8282","48425","Somervell County, Texas","B18101_014",1737,193
"8283","48425","Somervell County, Texas","B18101_015",628,75
"8284","48425","Somervell County, Texas","B18101_016",128,74
"8285","48425","Somervell County, Texas","B18101_017",500,74
"8286","48425","Somervell County, Texas","B18101_018",329,31
"8287","48425","Somervell County, Texas","B18101_019",145,63
"8288","48425","Somervell County, Texas","B18101_020",184,62
"8289","48425","Somervell County, Texas","B18101_021",4716,105
"8290","48425","Somervell County, Texas","B18101_022",159,21
"8291","48425","Somervell County, Texas","B18101_023",0,21
"8292","48425","Somervell County, Texas","B18101_024",159,21
"8293","48425","Somervell County, Texas","B18101_025",836,64
"8294","48425","Somervell County, Texas","B18101_026",12,17
"8295","48425","Somervell County, Texas","B18101_027",824,62
"8296","48425","Somervell County, Texas","B18101_028",793,97
"8297","48425","Somervell County, Texas","B18101_029",82,64
"8298","48425","Somervell County, Texas","B18101_030",711,117
"8299","48425","Somervell County, Texas","B18101_031",2028,112
"8300","48425","Somervell County, Texas","B18101_032",342,105
"8301","48425","Somervell County, Texas","B18101_033",1686,148
"8302","48425","Somervell County, Texas","B18101_034",519,40
"8303","48425","Somervell County, Texas","B18101_035",85,59
"8304","48425","Somervell County, Texas","B18101_036",434,74
"8305","48425","Somervell County, Texas","B18101_037",381,58
"8306","48425","Somervell County, Texas","B18101_038",209,75
"8307","48425","Somervell County, Texas","B18101_039",172,91
"8308","48427","Starr County, Texas","B18101_001",65571,27
"8309","48427","Starr County, Texas","B18101_002",31843,93
"8310","48427","Starr County, Texas","B18101_003",3062,77
"8311","48427","Starr County, Texas","B18101_004",0,35
"8312","48427","Starr County, Texas","B18101_005",3062,77
"8313","48427","Starr County, Texas","B18101_006",7752,61
"8314","48427","Starr County, Texas","B18101_007",607,215
"8315","48427","Starr County, Texas","B18101_008",7145,224
"8316","48427","Starr County, Texas","B18101_009",8019,92
"8317","48427","Starr County, Texas","B18101_010",910,295
"8318","48427","Starr County, Texas","B18101_011",7109,313
"8319","48427","Starr County, Texas","B18101_012",9791,90
"8320","48427","Starr County, Texas","B18101_013",1809,332
"8321","48427","Starr County, Texas","B18101_014",7982,344
"8322","48427","Starr County, Texas","B18101_015",1965,71
"8323","48427","Starr County, Texas","B18101_016",826,208
"8324","48427","Starr County, Texas","B18101_017",1139,188
"8325","48427","Starr County, Texas","B18101_018",1254,49
"8326","48427","Starr County, Texas","B18101_019",876,118
"8327","48427","Starr County, Texas","B18101_020",378,142
"8328","48427","Starr County, Texas","B18101_021",33728,89
"8329","48427","Starr County, Texas","B18101_022",2879,87
"8330","48427","Starr County, Texas","B18101_023",0,35
"8331","48427","Starr County, Texas","B18101_024",2879,87
"8332","48427","Starr County, Texas","B18101_025",7762,126
"8333","48427","Starr County, Texas","B18101_026",619,246
"8334","48427","Starr County, Texas","B18101_027",7143,257
"8335","48427","Starr County, Texas","B18101_028",8128,94
"8336","48427","Starr County, Texas","B18101_029",525,215
"8337","48427","Starr County, Texas","B18101_030",7603,230
"8338","48427","Starr County, Texas","B18101_031",10735,103
"8339","48427","Starr County, Texas","B18101_032",2286,358
"8340","48427","Starr County, Texas","B18101_033",8449,329
"8341","48427","Starr County, Texas","B18101_034",2347,45
"8342","48427","Starr County, Texas","B18101_035",1259,184
"8343","48427","Starr County, Texas","B18101_036",1088,183
"8344","48427","Starr County, Texas","B18101_037",1877,73
"8345","48427","Starr County, Texas","B18101_038",1293,155
"8346","48427","Starr County, Texas","B18101_039",584,140
"8347","48429","Stephens County, Texas","B18101_001",8828,51
"8348","48429","Stephens County, Texas","B18101_002",4678,132
"8349","48429","Stephens County, Texas","B18101_003",276,75
"8350","48429","Stephens County, Texas","B18101_004",0,21
"8351","48429","Stephens County, Texas","B18101_005",276,75
"8352","48429","Stephens County, Texas","B18101_006",839,88
"8353","48429","Stephens County, Texas","B18101_007",88,75
"8354","48429","Stephens County, Texas","B18101_008",751,116
"8355","48429","Stephens County, Texas","B18101_009",1107,123
"8356","48429","Stephens County, Texas","B18101_010",22,23
"8357","48429","Stephens County, Texas","B18101_011",1085,123
"8358","48429","Stephens County, Texas","B18101_012",1605,140
"8359","48429","Stephens County, Texas","B18101_013",344,143
"8360","48429","Stephens County, Texas","B18101_014",1261,162
"8361","48429","Stephens County, Texas","B18101_015",547,76
"8362","48429","Stephens County, Texas","B18101_016",177,78
"8363","48429","Stephens County, Texas","B18101_017",370,106
"8364","48429","Stephens County, Texas","B18101_018",304,23
"8365","48429","Stephens County, Texas","B18101_019",217,64
"8366","48429","Stephens County, Texas","B18101_020",87,59
"8367","48429","Stephens County, Texas","B18101_021",4150,130
"8368","48429","Stephens County, Texas","B18101_022",206,75
"8369","48429","Stephens County, Texas","B18101_023",0,21
"8370","48429","Stephens County, Texas","B18101_024",206,75
"8371","48429","Stephens County, Texas","B18101_025",620,71
"8372","48429","Stephens County, Texas","B18101_026",39,35
"8373","48429","Stephens County, Texas","B18101_027",581,76
"8374","48429","Stephens County, Texas","B18101_028",705,69
"8375","48429","Stephens County, Texas","B18101_029",16,19
"8376","48429","Stephens County, Texas","B18101_030",689,74
"8377","48429","Stephens County, Texas","B18101_031",1616,105
"8378","48429","Stephens County, Texas","B18101_032",324,140
"8379","48429","Stephens County, Texas","B18101_033",1292,167
"8380","48429","Stephens County, Texas","B18101_034",552,56
"8381","48429","Stephens County, Texas","B18101_035",148,80
"8382","48429","Stephens County, Texas","B18101_036",404,74
"8383","48429","Stephens County, Texas","B18101_037",451,52
"8384","48429","Stephens County, Texas","B18101_038",288,89
"8385","48429","Stephens County, Texas","B18101_039",163,77
"8386","48431","Sterling County, Texas","B18101_001",1434,172
"8387","48431","Sterling County, Texas","B18101_002",702,149
"8388","48431","Sterling County, Texas","B18101_003",101,64
"8389","48431","Sterling County, Texas","B18101_004",0,15
"8390","48431","Sterling County, Texas","B18101_005",101,64
"8391","48431","Sterling County, Texas","B18101_006",182,73
"8392","48431","Sterling County, Texas","B18101_007",0,15
"8393","48431","Sterling County, Texas","B18101_008",182,73
"8394","48431","Sterling County, Texas","B18101_009",156,64
"8395","48431","Sterling County, Texas","B18101_010",23,31
"8396","48431","Sterling County, Texas","B18101_011",133,60
"8397","48431","Sterling County, Texas","B18101_012",201,50
"8398","48431","Sterling County, Texas","B18101_013",37,30
"8399","48431","Sterling County, Texas","B18101_014",164,48
"8400","48431","Sterling County, Texas","B18101_015",30,22
"8401","48431","Sterling County, Texas","B18101_016",0,15
"8402","48431","Sterling County, Texas","B18101_017",30,22
"8403","48431","Sterling County, Texas","B18101_018",32,25
"8404","48431","Sterling County, Texas","B18101_019",25,22
"8405","48431","Sterling County, Texas","B18101_020",7,8
"8406","48431","Sterling County, Texas","B18101_021",732,107
"8407","48431","Sterling County, Texas","B18101_022",17,21
"8408","48431","Sterling County, Texas","B18101_023",0,15
"8409","48431","Sterling County, Texas","B18101_024",17,21
"8410","48431","Sterling County, Texas","B18101_025",209,62
"8411","48431","Sterling County, Texas","B18101_026",2,4
"8412","48431","Sterling County, Texas","B18101_027",207,63
"8413","48431","Sterling County, Texas","B18101_028",158,53
"8414","48431","Sterling County, Texas","B18101_029",38,27
"8415","48431","Sterling County, Texas","B18101_030",120,58
"8416","48431","Sterling County, Texas","B18101_031",211,57
"8417","48431","Sterling County, Texas","B18101_032",18,19
"8418","48431","Sterling County, Texas","B18101_033",193,52
"8419","48431","Sterling County, Texas","B18101_034",42,29
"8420","48431","Sterling County, Texas","B18101_035",9,9
"8421","48431","Sterling County, Texas","B18101_036",33,28
"8422","48431","Sterling County, Texas","B18101_037",95,47
"8423","48431","Sterling County, Texas","B18101_038",32,36
"8424","48431","Sterling County, Texas","B18101_039",63,45
"8425","48433","Stonewall County, Texas","B18101_001",1181,116
"8426","48433","Stonewall County, Texas","B18101_002",594,75
"8427","48433","Stonewall County, Texas","B18101_003",26,17
"8428","48433","Stonewall County, Texas","B18101_004",0,15
"8429","48433","Stonewall County, Texas","B18101_005",26,17
"8430","48433","Stonewall County, Texas","B18101_006",125,47
"8431","48433","Stonewall County, Texas","B18101_007",0,15
"8432","48433","Stonewall County, Texas","B18101_008",125,47
"8433","48433","Stonewall County, Texas","B18101_009",76,57
"8434","48433","Stonewall County, Texas","B18101_010",9,10
"8435","48433","Stonewall County, Texas","B18101_011",67,57
"8436","48433","Stonewall County, Texas","B18101_012",213,57
"8437","48433","Stonewall County, Texas","B18101_013",40,28
"8438","48433","Stonewall County, Texas","B18101_014",173,54
"8439","48433","Stonewall County, Texas","B18101_015",93,36
"8440","48433","Stonewall County, Texas","B18101_016",12,19
"8441","48433","Stonewall County, Texas","B18101_017",81,32
"8442","48433","Stonewall County, Texas","B18101_018",61,36
"8443","48433","Stonewall County, Texas","B18101_019",44,35
"8444","48433","Stonewall County, Texas","B18101_020",17,14
"8445","48433","Stonewall County, Texas","B18101_021",587,97
"8446","48433","Stonewall County, Texas","B18101_022",40,28
"8447","48433","Stonewall County, Texas","B18101_023",0,15
"8448","48433","Stonewall County, Texas","B18101_024",40,28
"8449","48433","Stonewall County, Texas","B18101_025",117,57
"8450","48433","Stonewall County, Texas","B18101_026",0,15
"8451","48433","Stonewall County, Texas","B18101_027",117,57
"8452","48433","Stonewall County, Texas","B18101_028",81,41
"8453","48433","Stonewall County, Texas","B18101_029",5,8
"8454","48433","Stonewall County, Texas","B18101_030",76,40
"8455","48433","Stonewall County, Texas","B18101_031",193,49
"8456","48433","Stonewall County, Texas","B18101_032",37,21
"8457","48433","Stonewall County, Texas","B18101_033",156,46
"8458","48433","Stonewall County, Texas","B18101_034",103,37
"8459","48433","Stonewall County, Texas","B18101_035",14,16
"8460","48433","Stonewall County, Texas","B18101_036",89,34
"8461","48433","Stonewall County, Texas","B18101_037",53,36
"8462","48433","Stonewall County, Texas","B18101_038",19,19
"8463","48433","Stonewall County, Texas","B18101_039",34,29
"8464","48435","Sutton County, Texas","B18101_001",3260,17
"8465","48435","Sutton County, Texas","B18101_002",1502,195
"8466","48435","Sutton County, Texas","B18101_003",27,35
"8467","48435","Sutton County, Texas","B18101_004",0,15
"8468","48435","Sutton County, Texas","B18101_005",27,35
"8469","48435","Sutton County, Texas","B18101_006",294,127
"8470","48435","Sutton County, Texas","B18101_007",0,15
"8471","48435","Sutton County, Texas","B18101_008",294,127
"8472","48435","Sutton County, Texas","B18101_009",401,84
"8473","48435","Sutton County, Texas","B18101_010",12,23
"8474","48435","Sutton County, Texas","B18101_011",389,75
"8475","48435","Sutton County, Texas","B18101_012",470,108
"8476","48435","Sutton County, Texas","B18101_013",84,59
"8477","48435","Sutton County, Texas","B18101_014",386,97
"8478","48435","Sutton County, Texas","B18101_015",174,87
"8479","48435","Sutton County, Texas","B18101_016",67,46
"8480","48435","Sutton County, Texas","B18101_017",107,70
"8481","48435","Sutton County, Texas","B18101_018",136,63
"8482","48435","Sutton County, Texas","B18101_019",49,45
"8483","48435","Sutton County, Texas","B18101_020",87,50
"8484","48435","Sutton County, Texas","B18101_021",1758,201
"8485","48435","Sutton County, Texas","B18101_022",168,120
"8486","48435","Sutton County, Texas","B18101_023",0,15
"8487","48435","Sutton County, Texas","B18101_024",168,120
"8488","48435","Sutton County, Texas","B18101_025",280,129
"8489","48435","Sutton County, Texas","B18101_026",10,19
"8490","48435","Sutton County, Texas","B18101_027",270,126
"8491","48435","Sutton County, Texas","B18101_028",327,146
"8492","48435","Sutton County, Texas","B18101_029",71,64
"8493","48435","Sutton County, Texas","B18101_030",256,119
"8494","48435","Sutton County, Texas","B18101_031",662,133
"8495","48435","Sutton County, Texas","B18101_032",43,50
"8496","48435","Sutton County, Texas","B18101_033",619,143
"8497","48435","Sutton County, Texas","B18101_034",134,68
"8498","48435","Sutton County, Texas","B18101_035",5,9
"8499","48435","Sutton County, Texas","B18101_036",129,67
"8500","48435","Sutton County, Texas","B18101_037",187,61
"8501","48435","Sutton County, Texas","B18101_038",58,37
"8502","48435","Sutton County, Texas","B18101_039",129,53
"8503","48437","Swisher County, Texas","B18101_001",6316,56
"8504","48437","Swisher County, Texas","B18101_002",3348,171
"8505","48437","Swisher County, Texas","B18101_003",278,49
"8506","48437","Swisher County, Texas","B18101_004",0,21
"8507","48437","Swisher County, Texas","B18101_005",278,49
"8508","48437","Swisher County, Texas","B18101_006",772,154
"8509","48437","Swisher County, Texas","B18101_007",0,21
"8510","48437","Swisher County, Texas","B18101_008",772,154
"8511","48437","Swisher County, Texas","B18101_009",791,141
"8512","48437","Swisher County, Texas","B18101_010",51,60
"8513","48437","Swisher County, Texas","B18101_011",740,141
"8514","48437","Swisher County, Texas","B18101_012",1050,109
"8515","48437","Swisher County, Texas","B18101_013",293,116
"8516","48437","Swisher County, Texas","B18101_014",757,158
"8517","48437","Swisher County, Texas","B18101_015",267,42
"8518","48437","Swisher County, Texas","B18101_016",53,39
"8519","48437","Swisher County, Texas","B18101_017",214,57
"8520","48437","Swisher County, Texas","B18101_018",190,24
"8521","48437","Swisher County, Texas","B18101_019",101,43
"8522","48437","Swisher County, Texas","B18101_020",89,48
"8523","48437","Swisher County, Texas","B18101_021",2968,163
"8524","48437","Swisher County, Texas","B18101_022",131,53
"8525","48437","Swisher County, Texas","B18101_023",0,21
"8526","48437","Swisher County, Texas","B18101_024",131,53
"8527","48437","Swisher County, Texas","B18101_025",479,159
"8528","48437","Swisher County, Texas","B18101_026",24,41
"8529","48437","Swisher County, Texas","B18101_027",455,148
"8530","48437","Swisher County, Texas","B18101_028",625,78
"8531","48437","Swisher County, Texas","B18101_029",24,34
"8532","48437","Swisher County, Texas","B18101_030",601,80
"8533","48437","Swisher County, Texas","B18101_031",1102,86
"8534","48437","Swisher County, Texas","B18101_032",156,51
"8535","48437","Swisher County, Texas","B18101_033",946,93
"8536","48437","Swisher County, Texas","B18101_034",369,67
"8537","48437","Swisher County, Texas","B18101_035",92,71
"8538","48437","Swisher County, Texas","B18101_036",277,44
"8539","48437","Swisher County, Texas","B18101_037",262,47
"8540","48437","Swisher County, Texas","B18101_038",150,62
"8541","48437","Swisher County, Texas","B18101_039",112,48
"8542","48439","Tarrant County, Texas","B18101_001",2149206,559
"8543","48439","Tarrant County, Texas","B18101_002",1054321,841
"8544","48439","Tarrant County, Texas","B18101_003",70815,118
"8545","48439","Tarrant County, Texas","B18101_004",217,132
"8546","48439","Tarrant County, Texas","B18101_005",70598,177
"8547","48439","Tarrant County, Texas","B18101_006",209106,92
"8548","48439","Tarrant County, Texas","B18101_007",13549,1173
"8549","48439","Tarrant County, Texas","B18101_008",195557,1171
"8550","48439","Tarrant County, Texas","B18101_009",258231,723
"8551","48439","Tarrant County, Texas","B18101_010",18723,1343
"8552","48439","Tarrant County, Texas","B18101_011",239508,1561
"8553","48439","Tarrant County, Texas","B18101_012",400116,496
"8554","48439","Tarrant County, Texas","B18101_013",39674,1789
"8555","48439","Tarrant County, Texas","B18101_014",360442,1928
"8556","48439","Tarrant County, Texas","B18101_015",75810,280
"8557","48439","Tarrant County, Texas","B18101_016",18084,1006
"8558","48439","Tarrant County, Texas","B18101_017",57726,1011
"8559","48439","Tarrant County, Texas","B18101_018",40243,295
"8560","48439","Tarrant County, Texas","B18101_019",18605,696
"8561","48439","Tarrant County, Texas","B18101_020",21638,690
"8562","48439","Tarrant County, Texas","B18101_021",1094885,671
"8563","48439","Tarrant County, Texas","B18101_022",67795,117
"8564","48439","Tarrant County, Texas","B18101_023",229,141
"8565","48439","Tarrant County, Texas","B18101_024",67566,205
"8566","48439","Tarrant County, Texas","B18101_025",202107,85
"8567","48439","Tarrant County, Texas","B18101_026",8664,1035
"8568","48439","Tarrant County, Texas","B18101_027",193443,1042
"8569","48439","Tarrant County, Texas","B18101_028",263916,327
"8570","48439","Tarrant County, Texas","B18101_029",16897,1196
"8571","48439","Tarrant County, Texas","B18101_030",247019,1239
"8572","48439","Tarrant County, Texas","B18101_031",416446,438
"8573","48439","Tarrant County, Texas","B18101_032",43270,1843
"8574","48439","Tarrant County, Texas","B18101_033",373176,1931
"8575","48439","Tarrant County, Texas","B18101_034",87981,243
"8576","48439","Tarrant County, Texas","B18101_035",20810,1252
"8577","48439","Tarrant County, Texas","B18101_036",67171,1285
"8578","48439","Tarrant County, Texas","B18101_037",56640,336
"8579","48439","Tarrant County, Texas","B18101_038",26553,1054
"8580","48439","Tarrant County, Texas","B18101_039",30087,1125
"8581","48441","Taylor County, Texas","B18101_001",139215,595
"8582","48441","Taylor County, Texas","B18101_002",66666,836
"8583","48441","Taylor County, Texas","B18101_003",4942,82
"8584","48441","Taylor County, Texas","B18101_004",44,46
"8585","48441","Taylor County, Texas","B18101_005",4898,88
"8586","48441","Taylor County, Texas","B18101_006",13208,200
"8587","48441","Taylor County, Texas","B18101_007",1161,246
"8588","48441","Taylor County, Texas","B18101_008",12047,300
"8589","48441","Taylor County, Texas","B18101_009",17669,424
"8590","48441","Taylor County, Texas","B18101_010",2227,452
"8591","48441","Taylor County, Texas","B18101_011",15442,610
"8592","48441","Taylor County, Texas","B18101_012",21606,452
"8593","48441","Taylor County, Texas","B18101_013",3683,480
"8594","48441","Taylor County, Texas","B18101_014",17923,720
"8595","48441","Taylor County, Texas","B18101_015",5605,96
"8596","48441","Taylor County, Texas","B18101_016",1903,306
"8597","48441","Taylor County, Texas","B18101_017",3702,333
"8598","48441","Taylor County, Texas","B18101_018",3636,83
"8599","48441","Taylor County, Texas","B18101_019",1888,217
"8600","48441","Taylor County, Texas","B18101_020",1748,223
"8601","48441","Taylor County, Texas","B18101_021",72549,722
"8602","48441","Taylor County, Texas","B18101_022",4902,466
"8603","48441","Taylor County, Texas","B18101_023",19,38
"8604","48441","Taylor County, Texas","B18101_024",4883,464
"8605","48441","Taylor County, Texas","B18101_025",12536,114
"8606","48441","Taylor County, Texas","B18101_026",583,163
"8607","48441","Taylor County, Texas","B18101_027",11953,211
"8608","48441","Taylor County, Texas","B18101_028",19855,245
"8609","48441","Taylor County, Texas","B18101_029",1381,269
"8610","48441","Taylor County, Texas","B18101_030",18474,359
"8611","48441","Taylor County, Texas","B18101_031",23569,171
"8612","48441","Taylor County, Texas","B18101_032",3697,471
"8613","48441","Taylor County, Texas","B18101_033",19872,486
"8614","48441","Taylor County, Texas","B18101_034",6621,124
"8615","48441","Taylor County, Texas","B18101_035",1631,284
"8616","48441","Taylor County, Texas","B18101_036",4990,292
"8617","48441","Taylor County, Texas","B18101_037",5066,184
"8618","48441","Taylor County, Texas","B18101_038",2374,285
"8619","48441","Taylor County, Texas","B18101_039",2692,281
"8620","48443","Terrell County, Texas","B18101_001",835,282
"8621","48443","Terrell County, Texas","B18101_002",441,159
"8622","48443","Terrell County, Texas","B18101_003",0,15
"8623","48443","Terrell County, Texas","B18101_004",0,15
"8624","48443","Terrell County, Texas","B18101_005",0,15
"8625","48443","Terrell County, Texas","B18101_006",80,69
"8626","48443","Terrell County, Texas","B18101_007",9,7
"8627","48443","Terrell County, Texas","B18101_008",71,66
"8628","48443","Terrell County, Texas","B18101_009",42,45
"8629","48443","Terrell County, Texas","B18101_010",8,15
"8630","48443","Terrell County, Texas","B18101_011",34,39
"8631","48443","Terrell County, Texas","B18101_012",178,82
"8632","48443","Terrell County, Texas","B18101_013",46,36
"8633","48443","Terrell County, Texas","B18101_014",132,65
"8634","48443","Terrell County, Texas","B18101_015",96,47
"8635","48443","Terrell County, Texas","B18101_016",24,28
"8636","48443","Terrell County, Texas","B18101_017",72,44
"8637","48443","Terrell County, Texas","B18101_018",45,50
"8638","48443","Terrell County, Texas","B18101_019",45,50
"8639","48443","Terrell County, Texas","B18101_020",0,15
"8640","48443","Terrell County, Texas","B18101_021",394,162
"8641","48443","Terrell County, Texas","B18101_022",0,15
"8642","48443","Terrell County, Texas","B18101_023",0,15
"8643","48443","Terrell County, Texas","B18101_024",0,15
"8644","48443","Terrell County, Texas","B18101_025",64,60
"8645","48443","Terrell County, Texas","B18101_026",8,8
"8646","48443","Terrell County, Texas","B18101_027",56,58
"8647","48443","Terrell County, Texas","B18101_028",6,6
"8648","48443","Terrell County, Texas","B18101_029",6,6
"8649","48443","Terrell County, Texas","B18101_030",0,15
"8650","48443","Terrell County, Texas","B18101_031",148,85
"8651","48443","Terrell County, Texas","B18101_032",9,13
"8652","48443","Terrell County, Texas","B18101_033",139,87
"8653","48443","Terrell County, Texas","B18101_034",104,52
"8654","48443","Terrell County, Texas","B18101_035",6,10
"8655","48443","Terrell County, Texas","B18101_036",98,51
"8656","48443","Terrell County, Texas","B18101_037",72,60
"8657","48443","Terrell County, Texas","B18101_038",50,43
"8658","48443","Terrell County, Texas","B18101_039",22,35
"8659","48445","Terry County, Texas","B18101_001",10900,51
"8660","48445","Terry County, Texas","B18101_002",5724,194
"8661","48445","Terry County, Texas","B18101_003",606,59
"8662","48445","Terry County, Texas","B18101_004",20,35
"8663","48445","Terry County, Texas","B18101_005",586,62
"8664","48445","Terry County, Texas","B18101_006",1237,166
"8665","48445","Terry County, Texas","B18101_007",54,37
"8666","48445","Terry County, Texas","B18101_008",1183,165
"8667","48445","Terry County, Texas","B18101_009",1107,146
"8668","48445","Terry County, Texas","B18101_010",36,43
"8669","48445","Terry County, Texas","B18101_011",1071,145
"8670","48445","Terry County, Texas","B18101_012",1882,154
"8671","48445","Terry County, Texas","B18101_013",367,159
"8672","48445","Terry County, Texas","B18101_014",1515,214
"8673","48445","Terry County, Texas","B18101_015",463,71
"8674","48445","Terry County, Texas","B18101_016",190,100
"8675","48445","Terry County, Texas","B18101_017",273,108
"8676","48445","Terry County, Texas","B18101_018",429,150
"8677","48445","Terry County, Texas","B18101_019",268,156
"8678","48445","Terry County, Texas","B18101_020",161,101
"8679","48445","Terry County, Texas","B18101_021",5176,203
"8680","48445","Terry County, Texas","B18101_022",242,60
"8681","48445","Terry County, Texas","B18101_023",0,23
"8682","48445","Terry County, Texas","B18101_024",242,60
"8683","48445","Terry County, Texas","B18101_025",1132,167
"8684","48445","Terry County, Texas","B18101_026",73,61
"8685","48445","Terry County, Texas","B18101_027",1059,165
"8686","48445","Terry County, Texas","B18101_028",1001,30
"8687","48445","Terry County, Texas","B18101_029",106,76
"8688","48445","Terry County, Texas","B18101_030",895,75
"8689","48445","Terry County, Texas","B18101_031",1949,81
"8690","48445","Terry County, Texas","B18101_032",233,99
"8691","48445","Terry County, Texas","B18101_033",1716,118
"8692","48445","Terry County, Texas","B18101_034",489,91
"8693","48445","Terry County, Texas","B18101_035",129,74
"8694","48445","Terry County, Texas","B18101_036",360,115
"8695","48445","Terry County, Texas","B18101_037",363,94
"8696","48445","Terry County, Texas","B18101_038",206,87
"8697","48445","Terry County, Texas","B18101_039",157,101
"8698","48447","Throckmorton County, Texas","B18101_001",1639,148
"8699","48447","Throckmorton County, Texas","B18101_002",726,78
"8700","48447","Throckmorton County, Texas","B18101_003",27,17
"8701","48447","Throckmorton County, Texas","B18101_004",0,15
"8702","48447","Throckmorton County, Texas","B18101_005",27,17
"8703","48447","Throckmorton County, Texas","B18101_006",74,33
"8704","48447","Throckmorton County, Texas","B18101_007",7,10
"8705","48447","Throckmorton County, Texas","B18101_008",67,31
"8706","48447","Throckmorton County, Texas","B18101_009",172,49
"8707","48447","Throckmorton County, Texas","B18101_010",47,44
"8708","48447","Throckmorton County, Texas","B18101_011",125,29
"8709","48447","Throckmorton County, Texas","B18101_012",255,49
"8710","48447","Throckmorton County, Texas","B18101_013",36,25
"8711","48447","Throckmorton County, Texas","B18101_014",219,48
"8712","48447","Throckmorton County, Texas","B18101_015",78,19
"8713","48447","Throckmorton County, Texas","B18101_016",27,14
"8714","48447","Throckmorton County, Texas","B18101_017",51,18
"8715","48447","Throckmorton County, Texas","B18101_018",120,14
"8716","48447","Throckmorton County, Texas","B18101_019",38,21
"8717","48447","Throckmorton County, Texas","B18101_020",82,24
"8718","48447","Throckmorton County, Texas","B18101_021",913,111
"8719","48447","Throckmorton County, Texas","B18101_022",75,45
"8720","48447","Throckmorton County, Texas","B18101_023",0,15
"8721","48447","Throckmorton County, Texas","B18101_024",75,45
"8722","48447","Throckmorton County, Texas","B18101_025",171,60
"8723","48447","Throckmorton County, Texas","B18101_026",24,31
"8724","48447","Throckmorton County, Texas","B18101_027",147,65
"8725","48447","Throckmorton County, Texas","B18101_028",149,38
"8726","48447","Throckmorton County, Texas","B18101_029",6,9
"8727","48447","Throckmorton County, Texas","B18101_030",143,36
"8728","48447","Throckmorton County, Texas","B18101_031",282,56
"8729","48447","Throckmorton County, Texas","B18101_032",18,18
"8730","48447","Throckmorton County, Texas","B18101_033",264,55
"8731","48447","Throckmorton County, Texas","B18101_034",84,22
"8732","48447","Throckmorton County, Texas","B18101_035",25,14
"8733","48447","Throckmorton County, Texas","B18101_036",59,24
"8734","48447","Throckmorton County, Texas","B18101_037",152,29
"8735","48447","Throckmorton County, Texas","B18101_038",55,37
"8736","48447","Throckmorton County, Texas","B18101_039",97,30
"8737","48449","Titus County, Texas","B18101_001",31135,2
"8738","48449","Titus County, Texas","B18101_002",15525,91
"8739","48449","Titus County, Texas","B18101_003",1226,105
"8740","48449","Titus County, Texas","B18101_004",0,31
"8741","48449","Titus County, Texas","B18101_005",1226,105
"8742","48449","Titus County, Texas","B18101_006",3370,149
"8743","48449","Titus County, Texas","B18101_007",190,75
"8744","48449","Titus County, Texas","B18101_008",3180,175
"8745","48449","Titus County, Texas","B18101_009",3469,13
"8746","48449","Titus County, Texas","B18101_010",288,114
"8747","48449","Titus County, Texas","B18101_011",3181,116
"8748","48449","Titus County, Texas","B18101_012",5345,31
"8749","48449","Titus County, Texas","B18101_013",918,200
"8750","48449","Titus County, Texas","B18101_014",4427,203
"8751","48449","Titus County, Texas","B18101_015",1464,55
"8752","48449","Titus County, Texas","B18101_016",569,91
"8753","48449","Titus County, Texas","B18101_017",895,95
"8754","48449","Titus County, Texas","B18101_018",651,67
"8755","48449","Titus County, Texas","B18101_019",371,91
"8756","48449","Titus County, Texas","B18101_020",280,94
"8757","48449","Titus County, Texas","B18101_021",15610,91
"8758","48449","Titus County, Texas","B18101_022",947,15
"8759","48449","Titus County, Texas","B18101_023",0,31
"8760","48449","Titus County, Texas","B18101_024",947,15
"8761","48449","Titus County, Texas","B18101_025",3294,80
"8762","48449","Titus County, Texas","B18101_026",138,79
"8763","48449","Titus County, Texas","B18101_027",3156,122
"8764","48449","Titus County, Texas","B18101_028",3444,7
"8765","48449","Titus County, Texas","B18101_029",242,109
"8766","48449","Titus County, Texas","B18101_030",3202,110
"8767","48449","Titus County, Texas","B18101_031",5434,41
"8768","48449","Titus County, Texas","B18101_032",1049,202
"8769","48449","Titus County, Texas","B18101_033",4385,199
"8770","48449","Titus County, Texas","B18101_034",1518,76
"8771","48449","Titus County, Texas","B18101_035",306,99
"8772","48449","Titus County, Texas","B18101_036",1212,106
"8773","48449","Titus County, Texas","B18101_037",973,96
"8774","48449","Titus County, Texas","B18101_038",635,111
"8775","48449","Titus County, Texas","B18101_039",338,96
"8776","48451","Tom Green County, Texas","B18101_001",115188,448
"8777","48451","Tom Green County, Texas","B18101_002",56583,475
"8778","48451","Tom Green County, Texas","B18101_003",3831,103
"8779","48451","Tom Green County, Texas","B18101_004",120,131
"8780","48451","Tom Green County, Texas","B18101_005",3711,179
"8781","48451","Tom Green County, Texas","B18101_006",10668,107
"8782","48451","Tom Green County, Texas","B18101_007",750,230
"8783","48451","Tom Green County, Texas","B18101_008",9918,222
"8784","48451","Tom Green County, Texas","B18101_009",13246,322
"8785","48451","Tom Green County, Texas","B18101_010",1382,357
"8786","48451","Tom Green County, Texas","B18101_011",11864,439
"8787","48451","Tom Green County, Texas","B18101_012",19722,316
"8788","48451","Tom Green County, Texas","B18101_013",3752,594
"8789","48451","Tom Green County, Texas","B18101_014",15970,602
"8790","48451","Tom Green County, Texas","B18101_015",5608,109
"8791","48451","Tom Green County, Texas","B18101_016",1665,258
"8792","48451","Tom Green County, Texas","B18101_017",3943,276
"8793","48451","Tom Green County, Texas","B18101_018",3508,108
"8794","48451","Tom Green County, Texas","B18101_019",1872,234
"8795","48451","Tom Green County, Texas","B18101_020",1636,247
"8796","48451","Tom Green County, Texas","B18101_021",58605,319
"8797","48451","Tom Green County, Texas","B18101_022",3537,97
"8798","48451","Tom Green County, Texas","B18101_023",18,30
"8799","48451","Tom Green County, Texas","B18101_024",3519,100
"8800","48451","Tom Green County, Texas","B18101_025",10278,72
"8801","48451","Tom Green County, Texas","B18101_026",526,180
"8802","48451","Tom Green County, Texas","B18101_027",9752,199
"8803","48451","Tom Green County, Texas","B18101_028",13523,241
"8804","48451","Tom Green County, Texas","B18101_029",1178,342
"8805","48451","Tom Green County, Texas","B18101_030",12345,422
"8806","48451","Tom Green County, Texas","B18101_031",20565,177
"8807","48451","Tom Green County, Texas","B18101_032",2550,291
"8808","48451","Tom Green County, Texas","B18101_033",18015,344
"8809","48451","Tom Green County, Texas","B18101_034",6248,131
"8810","48451","Tom Green County, Texas","B18101_035",1758,299
"8811","48451","Tom Green County, Texas","B18101_036",4490,304
"8812","48451","Tom Green County, Texas","B18101_037",4454,126
"8813","48451","Tom Green County, Texas","B18101_038",2255,249
"8814","48451","Tom Green County, Texas","B18101_039",2199,248
"8815","48453","Travis County, Texas","B18101_001",1321294,400
"8816","48453","Travis County, Texas","B18101_002",673302,478
"8817","48453","Travis County, Texas","B18101_003",37995,31
"8818","48453","Travis County, Texas","B18101_004",303,206
"8819","48453","Travis County, Texas","B18101_005",37692,208
"8820","48453","Travis County, Texas","B18101_006",99270,87
"8821","48453","Travis County, Texas","B18101_007",6093,892
"8822","48453","Travis County, Texas","B18101_008",93177,889
"8823","48453","Travis County, Texas","B18101_009",193891,309
"8824","48453","Travis County, Texas","B18101_010",14936,1401
"8825","48453","Travis County, Texas","B18101_011",178955,1406
"8826","48453","Travis County, Texas","B18101_012",276062,392
"8827","48453","Travis County, Texas","B18101_013",23376,1761
"8828","48453","Travis County, Texas","B18101_014",252686,1749
"8829","48453","Travis County, Texas","B18101_015",44495,151
"8830","48453","Travis County, Texas","B18101_016",8829,825
"8831","48453","Travis County, Texas","B18101_017",35666,824
"8832","48453","Travis County, Texas","B18101_018",21589,195
"8833","48453","Travis County, Texas","B18101_019",8782,565
"8834","48453","Travis County, Texas","B18101_020",12807,572
"8835","48453","Travis County, Texas","B18101_021",647992,398
"8836","48453","Travis County, Texas","B18101_022",36544,94
"8837","48453","Travis County, Texas","B18101_023",84,62
"8838","48453","Travis County, Texas","B18101_024",36460,111
"8839","48453","Travis County, Texas","B18101_025",93971,117
"8840","48453","Travis County, Texas","B18101_026",4819,904
"8841","48453","Travis County, Texas","B18101_027",89152,908
"8842","48453","Travis County, Texas","B18101_028",184078,164
"8843","48453","Travis County, Texas","B18101_029",14529,1349
"8844","48453","Travis County, Texas","B18101_030",169549,1361
"8845","48453","Travis County, Texas","B18101_031",255925,258
"8846","48453","Travis County, Texas","B18101_032",23277,1604
"8847","48453","Travis County, Texas","B18101_033",232648,1665
"8848","48453","Travis County, Texas","B18101_034",49011,133
"8849","48453","Travis County, Texas","B18101_035",9775,760
"8850","48453","Travis County, Texas","B18101_036",39236,769
"8851","48453","Travis County, Texas","B18101_037",28463,218
"8852","48453","Travis County, Texas","B18101_038",12510,854
"8853","48453","Travis County, Texas","B18101_039",15953,860
"8854","48455","Trinity County, Texas","B18101_001",13902,24
"8855","48455","Trinity County, Texas","B18101_002",6802,114
"8856","48455","Trinity County, Texas","B18101_003",294,53
"8857","48455","Trinity County, Texas","B18101_004",0,23
"8858","48455","Trinity County, Texas","B18101_005",294,53
"8859","48455","Trinity County, Texas","B18101_006",1128,97
"8860","48455","Trinity County, Texas","B18101_007",99,77
"8861","48455","Trinity County, Texas","B18101_008",1029,118
"8862","48455","Trinity County, Texas","B18101_009",1084,103
"8863","48455","Trinity County, Texas","B18101_010",41,32
"8864","48455","Trinity County, Texas","B18101_011",1043,114
"8865","48455","Trinity County, Texas","B18101_012",2464,109
"8866","48455","Trinity County, Texas","B18101_013",738,199
"8867","48455","Trinity County, Texas","B18101_014",1726,200
"8868","48455","Trinity County, Texas","B18101_015",1025,72
"8869","48455","Trinity County, Texas","B18101_016",450,122
"8870","48455","Trinity County, Texas","B18101_017",575,117
"8871","48455","Trinity County, Texas","B18101_018",807,78
"8872","48455","Trinity County, Texas","B18101_019",387,96
"8873","48455","Trinity County, Texas","B18101_020",420,107
"8874","48455","Trinity County, Texas","B18101_021",7100,114
"8875","48455","Trinity County, Texas","B18101_022",343,61
"8876","48455","Trinity County, Texas","B18101_023",0,23
"8877","48455","Trinity County, Texas","B18101_024",343,61
"8878","48455","Trinity County, Texas","B18101_025",954,93
"8879","48455","Trinity County, Texas","B18101_026",80,57
"8880","48455","Trinity County, Texas","B18101_027",874,104
"8881","48455","Trinity County, Texas","B18101_028",1245,103
"8882","48455","Trinity County, Texas","B18101_029",116,62
"8883","48455","Trinity County, Texas","B18101_030",1129,119
"8884","48455","Trinity County, Texas","B18101_031",2680,117
"8885","48455","Trinity County, Texas","B18101_032",689,187
"8886","48455","Trinity County, Texas","B18101_033",1991,214
"8887","48455","Trinity County, Texas","B18101_034",1102,69
"8888","48455","Trinity County, Texas","B18101_035",391,100
"8889","48455","Trinity County, Texas","B18101_036",711,110
"8890","48455","Trinity County, Texas","B18101_037",776,63
"8891","48455","Trinity County, Texas","B18101_038",402,106
"8892","48455","Trinity County, Texas","B18101_039",374,106
"8893","48457","Tyler County, Texas","B18101_001",18108,76
"8894","48457","Tyler County, Texas","B18101_002",9054,124
"8895","48457","Tyler County, Texas","B18101_003",372,34
"8896","48457","Tyler County, Texas","B18101_004",0,28
"8897","48457","Tyler County, Texas","B18101_005",372,34
"8898","48457","Tyler County, Texas","B18101_006",1591,59
"8899","48457","Tyler County, Texas","B18101_007",348,117
"8900","48457","Tyler County, Texas","B18101_008",1243,117
"8901","48457","Tyler County, Texas","B18101_009",1909,164
"8902","48457","Tyler County, Texas","B18101_010",175,93
"8903","48457","Tyler County, Texas","B18101_011",1734,194
"8904","48457","Tyler County, Texas","B18101_012",3170,178
"8905","48457","Tyler County, Texas","B18101_013",727,147
"8906","48457","Tyler County, Texas","B18101_014",2443,194
"8907","48457","Tyler County, Texas","B18101_015",1153,70
"8908","48457","Tyler County, Texas","B18101_016",395,101
"8909","48457","Tyler County, Texas","B18101_017",758,101
"8910","48457","Tyler County, Texas","B18101_018",859,73
"8911","48457","Tyler County, Texas","B18101_019",494,84
"8912","48457","Tyler County, Texas","B18101_020",365,107
"8913","48457","Tyler County, Texas","B18101_021",9054,108
"8914","48457","Tyler County, Texas","B18101_022",401,41
"8915","48457","Tyler County, Texas","B18101_023",0,28
"8916","48457","Tyler County, Texas","B18101_024",401,41
"8917","48457","Tyler County, Texas","B18101_025",1507,36
"8918","48457","Tyler County, Texas","B18101_026",397,194
"8919","48457","Tyler County, Texas","B18101_027",1110,180
"8920","48457","Tyler County, Texas","B18101_028",1474,81
"8921","48457","Tyler County, Texas","B18101_029",103,68
"8922","48457","Tyler County, Texas","B18101_030",1371,90
"8923","48457","Tyler County, Texas","B18101_031",3440,99
"8924","48457","Tyler County, Texas","B18101_032",967,173
"8925","48457","Tyler County, Texas","B18101_033",2473,188
"8926","48457","Tyler County, Texas","B18101_034",1243,38
"8927","48457","Tyler County, Texas","B18101_035",437,106
"8928","48457","Tyler County, Texas","B18101_036",806,105
"8929","48457","Tyler County, Texas","B18101_037",989,35
"8930","48457","Tyler County, Texas","B18101_038",659,87
"8931","48457","Tyler County, Texas","B18101_039",330,94
"8932","48459","Upshur County, Texas","B18101_001",42076,8
"8933","48459","Upshur County, Texas","B18101_002",20884,184
"8934","48459","Upshur County, Texas","B18101_003",1259,149
"8935","48459","Upshur County, Texas","B18101_004",0,31
"8936","48459","Upshur County, Texas","B18101_005",1259,149
"8937","48459","Upshur County, Texas","B18101_006",3873,86
"8938","48459","Upshur County, Texas","B18101_007",330,136
"8939","48459","Upshur County, Texas","B18101_008",3543,165
"8940","48459","Upshur County, Texas","B18101_009",4304,168
"8941","48459","Upshur County, Texas","B18101_010",520,183
"8942","48459","Upshur County, Texas","B18101_011",3784,263
"8943","48459","Upshur County, Texas","B18101_012",7888,194
"8944","48459","Upshur County, Texas","B18101_013",1712,295
"8945","48459","Upshur County, Texas","B18101_014",6176,327
"8946","48459","Upshur County, Texas","B18101_015",2266,124
"8947","48459","Upshur County, Texas","B18101_016",943,167
"8948","48459","Upshur County, Texas","B18101_017",1323,186
"8949","48459","Upshur County, Texas","B18101_018",1294,98
"8950","48459","Upshur County, Texas","B18101_019",718,117
"8951","48459","Upshur County, Texas","B18101_020",576,116
"8952","48459","Upshur County, Texas","B18101_021",21192,183
"8953","48459","Upshur County, Texas","B18101_022",1271,139
"8954","48459","Upshur County, Texas","B18101_023",0,31
"8955","48459","Upshur County, Texas","B18101_024",1271,139
"8956","48459","Upshur County, Texas","B18101_025",3735,90
"8957","48459","Upshur County, Texas","B18101_026",252,77
"8958","48459","Upshur County, Texas","B18101_027",3483,115
"8959","48459","Upshur County, Texas","B18101_028",3982,34
"8960","48459","Upshur County, Texas","B18101_029",293,120
"8961","48459","Upshur County, Texas","B18101_030",3689,123
"8962","48459","Upshur County, Texas","B18101_031",8187,109
"8963","48459","Upshur County, Texas","B18101_032",1845,294
"8964","48459","Upshur County, Texas","B18101_033",6342,283
"8965","48459","Upshur County, Texas","B18101_034",2413,70
"8966","48459","Upshur County, Texas","B18101_035",971,188
"8967","48459","Upshur County, Texas","B18101_036",1442,184
"8968","48459","Upshur County, Texas","B18101_037",1604,96
"8969","48459","Upshur County, Texas","B18101_038",821,143
"8970","48459","Upshur County, Texas","B18101_039",783,127
"8971","48461","Upton County, Texas","B18101_001",3119,4
"8972","48461","Upton County, Texas","B18101_002",1496,97
"8973","48461","Upton County, Texas","B18101_003",12,14
"8974","48461","Upton County, Texas","B18101_004",0,15
"8975","48461","Upton County, Texas","B18101_005",12,14
"8976","48461","Upton County, Texas","B18101_006",312,54
"8977","48461","Upton County, Texas","B18101_007",0,15
"8978","48461","Upton County, Texas","B18101_008",312,54
"8979","48461","Upton County, Texas","B18101_009",235,78
"8980","48461","Upton County, Texas","B18101_010",3,8
"8981","48461","Upton County, Texas","B18101_011",232,77
"8982","48461","Upton County, Texas","B18101_012",651,93
"8983","48461","Upton County, Texas","B18101_013",115,56
"8984","48461","Upton County, Texas","B18101_014",536,99
"8985","48461","Upton County, Texas","B18101_015",191,45
"8986","48461","Upton County, Texas","B18101_016",41,32
"8987","48461","Upton County, Texas","B18101_017",150,40
"8988","48461","Upton County, Texas","B18101_018",95,37
"8989","48461","Upton County, Texas","B18101_019",49,28
"8990","48461","Upton County, Texas","B18101_020",46,35
"8991","48461","Upton County, Texas","B18101_021",1623,97
"8992","48461","Upton County, Texas","B18101_022",94,44
"8993","48461","Upton County, Texas","B18101_023",0,15
"8994","48461","Upton County, Texas","B18101_024",94,44
"8995","48461","Upton County, Texas","B18101_025",333,82
"8996","48461","Upton County, Texas","B18101_026",17,22
"8997","48461","Upton County, Texas","B18101_027",316,82
"8998","48461","Upton County, Texas","B18101_028",258,83
"8999","48461","Upton County, Texas","B18101_029",0,15
"9000","48461","Upton County, Texas","B18101_030",258,83
"9001","48461","Upton County, Texas","B18101_031",646,94
"9002","48461","Upton County, Texas","B18101_032",19,26
"9003","48461","Upton County, Texas","B18101_033",627,96
"9004","48461","Upton County, Texas","B18101_034",177,64
"9005","48461","Upton County, Texas","B18101_035",22,25
"9006","48461","Upton County, Texas","B18101_036",155,62
"9007","48461","Upton County, Texas","B18101_037",115,67
"9008","48461","Upton County, Texas","B18101_038",78,53
"9009","48461","Upton County, Texas","B18101_039",37,34
"9010","48463","Uvalde County, Texas","B18101_001",24280,90
"9011","48463","Uvalde County, Texas","B18101_002",12023,180
"9012","48463","Uvalde County, Texas","B18101_003",841,83
"9013","48463","Uvalde County, Texas","B18101_004",0,28
"9014","48463","Uvalde County, Texas","B18101_005",841,83
"9015","48463","Uvalde County, Texas","B18101_006",2639,160
"9016","48463","Uvalde County, Texas","B18101_007",437,189
"9017","48463","Uvalde County, Texas","B18101_008",2202,226
"9018","48463","Uvalde County, Texas","B18101_009",2952,88
"9019","48463","Uvalde County, Texas","B18101_010",261,153
"9020","48463","Uvalde County, Texas","B18101_011",2691,163
"9021","48463","Uvalde County, Texas","B18101_012",3794,100
"9022","48463","Uvalde County, Texas","B18101_013",939,249
"9023","48463","Uvalde County, Texas","B18101_014",2855,264
"9024","48463","Uvalde County, Texas","B18101_015",1020,33
"9025","48463","Uvalde County, Texas","B18101_016",398,139
"9026","48463","Uvalde County, Texas","B18101_017",622,143
"9027","48463","Uvalde County, Texas","B18101_018",777,44
"9028","48463","Uvalde County, Texas","B18101_019",517,111
"9029","48463","Uvalde County, Texas","B18101_020",260,110
"9030","48463","Uvalde County, Texas","B18101_021",12257,195
"9031","48463","Uvalde County, Texas","B18101_022",973,83
"9032","48463","Uvalde County, Texas","B18101_023",0,28
"9033","48463","Uvalde County, Texas","B18101_024",973,83
"9034","48463","Uvalde County, Texas","B18101_025",2142,169
"9035","48463","Uvalde County, Texas","B18101_026",234,143
"9036","48463","Uvalde County, Texas","B18101_027",1908,200
"9037","48463","Uvalde County, Texas","B18101_028",2953,96
"9038","48463","Uvalde County, Texas","B18101_029",114,76
"9039","48463","Uvalde County, Texas","B18101_030",2839,125
"9040","48463","Uvalde County, Texas","B18101_031",4119,90
"9041","48463","Uvalde County, Texas","B18101_032",623,251
"9042","48463","Uvalde County, Texas","B18101_033",3496,271
"9043","48463","Uvalde County, Texas","B18101_034",1140,53
"9044","48463","Uvalde County, Texas","B18101_035",499,141
"9045","48463","Uvalde County, Texas","B18101_036",641,146
"9046","48463","Uvalde County, Texas","B18101_037",930,61
"9047","48463","Uvalde County, Texas","B18101_038",505,116
"9048","48463","Uvalde County, Texas","B18101_039",425,118
"9049","48465","Val Verde County, Texas","B18101_001",45186,234
"9050","48465","Val Verde County, Texas","B18101_002",22525,256
"9051","48465","Val Verde County, Texas","B18101_003",1848,18
"9052","48465","Val Verde County, Texas","B18101_004",0,31
"9053","48465","Val Verde County, Texas","B18101_005",1848,18
"9054","48465","Val Verde County, Texas","B18101_006",4864,70
"9055","48465","Val Verde County, Texas","B18101_007",482,270
"9056","48465","Val Verde County, Texas","B18101_008",4382,282
"9057","48465","Val Verde County, Texas","B18101_009",5588,252
"9058","48465","Val Verde County, Texas","B18101_010",488,210
"9059","48465","Val Verde County, Texas","B18101_011",5100,314
"9060","48465","Val Verde County, Texas","B18101_012",7288,140
"9061","48465","Val Verde County, Texas","B18101_013",1586,322
"9062","48465","Val Verde County, Texas","B18101_014",5702,349
"9063","48465","Val Verde County, Texas","B18101_015",1641,59
"9064","48465","Val Verde County, Texas","B18101_016",744,128
"9065","48465","Val Verde County, Texas","B18101_017",897,148
"9066","48465","Val Verde County, Texas","B18101_018",1296,28
"9067","48465","Val Verde County, Texas","B18101_019",687,137
"9068","48465","Val Verde County, Texas","B18101_020",609,137
"9069","48465","Val Verde County, Texas","B18101_021",22661,209
"9070","48465","Val Verde County, Texas","B18101_022",1799,31
"9071","48465","Val Verde County, Texas","B18101_023",0,31
"9072","48465","Val Verde County, Texas","B18101_024",1799,31
"9073","48465","Val Verde County, Texas","B18101_025",4768,73
"9074","48465","Val Verde County, Texas","B18101_026",348,169
"9075","48465","Val Verde County, Texas","B18101_027",4420,169
"9076","48465","Val Verde County, Texas","B18101_028",5197,177
"9077","48465","Val Verde County, Texas","B18101_029",322,184
"9078","48465","Val Verde County, Texas","B18101_030",4875,232
"9079","48465","Val Verde County, Texas","B18101_031",7370,83
"9080","48465","Val Verde County, Texas","B18101_032",937,239
"9081","48465","Val Verde County, Texas","B18101_033",6433,253
"9082","48465","Val Verde County, Texas","B18101_034",1943,75
"9083","48465","Val Verde County, Texas","B18101_035",632,130
"9084","48465","Val Verde County, Texas","B18101_036",1311,147
"9085","48465","Val Verde County, Texas","B18101_037",1584,73
"9086","48465","Val Verde County, Texas","B18101_038",982,164
"9087","48465","Val Verde County, Texas","B18101_039",602,150
"9088","48467","Van Zandt County, Texas","B18101_001",62038,39
"9089","48467","Van Zandt County, Texas","B18101_002",30333,182
"9090","48467","Van Zandt County, Texas","B18101_003",1772,59
"9091","48467","Van Zandt County, Texas","B18101_004",0,35
"9092","48467","Van Zandt County, Texas","B18101_005",1772,59
"9093","48467","Van Zandt County, Texas","B18101_006",5324,168
"9094","48467","Van Zandt County, Texas","B18101_007",234,113
"9095","48467","Van Zandt County, Texas","B18101_008",5090,198
"9096","48467","Van Zandt County, Texas","B18101_009",5695,157
"9097","48467","Van Zandt County, Texas","B18101_010",323,166
"9098","48467","Van Zandt County, Texas","B18101_011",5372,237
"9099","48467","Van Zandt County, Texas","B18101_012",11797,160
"9100","48467","Van Zandt County, Texas","B18101_013",1833,349
"9101","48467","Van Zandt County, Texas","B18101_014",9964,366
"9102","48467","Van Zandt County, Texas","B18101_015",3553,87
"9103","48467","Van Zandt County, Texas","B18101_016",921,215
"9104","48467","Van Zandt County, Texas","B18101_017",2632,214
"9105","48467","Van Zandt County, Texas","B18101_018",2192,69
"9106","48467","Van Zandt County, Texas","B18101_019",1048,207
"9107","48467","Van Zandt County, Texas","B18101_020",1144,211
"9108","48467","Van Zandt County, Texas","B18101_021",31705,188
"9109","48467","Van Zandt County, Texas","B18101_022",1780,165
"9110","48467","Van Zandt County, Texas","B18101_023",0,35
"9111","48467","Van Zandt County, Texas","B18101_024",1780,165
"9112","48467","Van Zandt County, Texas","B18101_025",5488,95
"9113","48467","Van Zandt County, Texas","B18101_026",275,128
"9114","48467","Van Zandt County, Texas","B18101_027",5213,161
"9115","48467","Van Zandt County, Texas","B18101_028",5718,121
"9116","48467","Van Zandt County, Texas","B18101_029",341,145
"9117","48467","Van Zandt County, Texas","B18101_030",5377,196
"9118","48467","Van Zandt County, Texas","B18101_031",11967,175
"9119","48467","Van Zandt County, Texas","B18101_032",2019,351
"9120","48467","Van Zandt County, Texas","B18101_033",9948,368
"9121","48467","Van Zandt County, Texas","B18101_034",3889,104
"9122","48467","Van Zandt County, Texas","B18101_035",941,164
"9123","48467","Van Zandt County, Texas","B18101_036",2948,195
"9124","48467","Van Zandt County, Texas","B18101_037",2863,110
"9125","48467","Van Zandt County, Texas","B18101_038",1156,251
"9126","48467","Van Zandt County, Texas","B18101_039",1707,256
"9127","48469","Victoria County, Texas","B18101_001",90348,196
"9128","48469","Victoria County, Texas","B18101_002",44285,249
"9129","48469","Victoria County, Texas","B18101_003",3081,128
"9130","48469","Victoria County, Texas","B18101_004",0,35
"9131","48469","Victoria County, Texas","B18101_005",3081,128
"9132","48469","Victoria County, Texas","B18101_006",8609,82
"9133","48469","Victoria County, Texas","B18101_007",955,204
"9134","48469","Victoria County, Texas","B18101_008",7654,215
"9135","48469","Victoria County, Texas","B18101_009",9867,241
"9136","48469","Victoria County, Texas","B18101_010",1138,288
"9137","48469","Victoria County, Texas","B18101_011",8729,384
"9138","48469","Victoria County, Texas","B18101_012",15806,127
"9139","48469","Victoria County, Texas","B18101_013",2146,338
"9140","48469","Victoria County, Texas","B18101_014",13660,373
"9141","48469","Victoria County, Texas","B18101_015",4254,101
"9142","48469","Victoria County, Texas","B18101_016",1299,204
"9143","48469","Victoria County, Texas","B18101_017",2955,220
"9144","48469","Victoria County, Texas","B18101_018",2668,95
"9145","48469","Victoria County, Texas","B18101_019",1331,212
"9146","48469","Victoria County, Texas","B18101_020",1337,223
"9147","48469","Victoria County, Texas","B18101_021",46063,151
"9148","48469","Victoria County, Texas","B18101_022",2906,118
"9149","48469","Victoria County, Texas","B18101_023",40,52
"9150","48469","Victoria County, Texas","B18101_024",2866,131
"9151","48469","Victoria County, Texas","B18101_025",8252,90
"9152","48469","Victoria County, Texas","B18101_026",474,220
"9153","48469","Victoria County, Texas","B18101_027",7778,246
"9154","48469","Victoria County, Texas","B18101_028",10164,130
"9155","48469","Victoria County, Texas","B18101_029",1328,379
"9156","48469","Victoria County, Texas","B18101_030",8836,380
"9157","48469","Victoria County, Texas","B18101_031",16363,135
"9158","48469","Victoria County, Texas","B18101_032",2434,346
"9159","48469","Victoria County, Texas","B18101_033",13929,383
"9160","48469","Victoria County, Texas","B18101_034",4822,52
"9161","48469","Victoria County, Texas","B18101_035",1514,255
"9162","48469","Victoria County, Texas","B18101_036",3308,257
"9163","48469","Victoria County, Texas","B18101_037",3556,69
"9164","48469","Victoria County, Texas","B18101_038",1889,247
"9165","48469","Victoria County, Texas","B18101_039",1667,253
"9166","48471","Walker County, Texas","B18101_001",66817,204
"9167","48471","Walker County, Texas","B18101_002",34132,360
"9168","48471","Walker County, Texas","B18101_003",1686,231
"9169","48471","Walker County, Texas","B18101_004",0,35
"9170","48471","Walker County, Texas","B18101_005",1686,231
"9171","48471","Walker County, Texas","B18101_006",4491,143
"9172","48471","Walker County, Texas","B18101_007",96,65
"9173","48471","Walker County, Texas","B18101_008",4395,153
"9174","48471","Walker County, Texas","B18101_009",10899,390
"9175","48471","Walker County, Texas","B18101_010",1070,439
"9176","48471","Walker County, Texas","B18101_011",9829,560
"9177","48471","Walker County, Texas","B18101_012",12353,416
"9178","48471","Walker County, Texas","B18101_013",1731,461
"9179","48471","Walker County, Texas","B18101_014",10622,544
"9180","48471","Walker County, Texas","B18101_015",2851,183
"9181","48471","Walker County, Texas","B18101_016",889,242
"9182","48471","Walker County, Texas","B18101_017",1962,225
"9183","48471","Walker County, Texas","B18101_018",1852,110
"9184","48471","Walker County, Texas","B18101_019",741,197
"9185","48471","Walker County, Texas","B18101_020",1111,201
"9186","48471","Walker County, Texas","B18101_021",32685,299
"9187","48471","Walker County, Texas","B18101_022",1463,230
"9188","48471","Walker County, Texas","B18101_023",0,35
"9189","48471","Walker County, Texas","B18101_024",1463,230
"9190","48471","Walker County, Texas","B18101_025",3912,157
"9191","48471","Walker County, Texas","B18101_026",285,183
"9192","48471","Walker County, Texas","B18101_027",3627,226
"9193","48471","Walker County, Texas","B18101_028",10852,305
"9194","48471","Walker County, Texas","B18101_029",1073,349
"9195","48471","Walker County, Texas","B18101_030",9779,483
"9196","48471","Walker County, Texas","B18101_031",10770,302
"9197","48471","Walker County, Texas","B18101_032",1503,360
"9198","48471","Walker County, Texas","B18101_033",9267,456
"9199","48471","Walker County, Texas","B18101_034",3382,115
"9200","48471","Walker County, Texas","B18101_035",1071,262
"9201","48471","Walker County, Texas","B18101_036",2311,286
"9202","48471","Walker County, Texas","B18101_037",2306,122
"9203","48471","Walker County, Texas","B18101_038",1164,197
"9204","48471","Walker County, Texas","B18101_039",1142,236
"9205","48473","Waller County, Texas","B18101_001",61334,53
"9206","48473","Waller County, Texas","B18101_002",30564,152
"9207","48473","Waller County, Texas","B18101_003",2017,105
"9208","48473","Waller County, Texas","B18101_004",0,35
"9209","48473","Waller County, Texas","B18101_005",2017,105
"9210","48473","Waller County, Texas","B18101_006",5507,119
"9211","48473","Waller County, Texas","B18101_007",422,227
"9212","48473","Waller County, Texas","B18101_008",5085,238
"9213","48473","Waller County, Texas","B18101_009",8470,784
"9214","48473","Waller County, Texas","B18101_010",751,373
"9215","48473","Waller County, Texas","B18101_011",7719,701
"9216","48473","Waller County, Texas","B18101_012",11163,772
"9217","48473","Waller County, Texas","B18101_013",977,332
"9218","48473","Waller County, Texas","B18101_014",10186,781
"9219","48473","Waller County, Texas","B18101_015",2284,111
"9220","48473","Waller County, Texas","B18101_016",573,167
"9221","48473","Waller County, Texas","B18101_017",1711,200
"9222","48473","Waller County, Texas","B18101_018",1123,106
"9223","48473","Waller County, Texas","B18101_019",476,111
"9224","48473","Waller County, Texas","B18101_020",647,141
"9225","48473","Waller County, Texas","B18101_021",30770,172
"9226","48473","Waller County, Texas","B18101_022",1761,103
"9227","48473","Waller County, Texas","B18101_023",0,35
"9228","48473","Waller County, Texas","B18101_024",1761,103
"9229","48473","Waller County, Texas","B18101_025",5325,130
"9230","48473","Waller County, Texas","B18101_026",231,116
"9231","48473","Waller County, Texas","B18101_027",5094,164
"9232","48473","Waller County, Texas","B18101_028",10347,276
"9233","48473","Waller County, Texas","B18101_029",666,303
"9234","48473","Waller County, Texas","B18101_030",9681,387
"9235","48473","Waller County, Texas","B18101_031",9697,288
"9236","48473","Waller County, Texas","B18101_032",1456,345
"9237","48473","Waller County, Texas","B18101_033",8241,482
"9238","48473","Waller County, Texas","B18101_034",2301,94
"9239","48473","Waller County, Texas","B18101_035",489,161
"9240","48473","Waller County, Texas","B18101_036",1812,183
"9241","48473","Waller County, Texas","B18101_037",1339,79
"9242","48473","Waller County, Texas","B18101_038",535,139
"9243","48473","Waller County, Texas","B18101_039",804,135
"9244","48475","Ward County, Texas","B18101_001",11026,6
"9245","48475","Ward County, Texas","B18101_002",5652,134
"9246","48475","Ward County, Texas","B18101_003",436,85
"9247","48475","Ward County, Texas","B18101_004",0,23
"9248","48475","Ward County, Texas","B18101_005",436,85
"9249","48475","Ward County, Texas","B18101_006",1221,109
"9250","48475","Ward County, Texas","B18101_007",84,58
"9251","48475","Ward County, Texas","B18101_008",1137,121
"9252","48475","Ward County, Texas","B18101_009",1205,100
"9253","48475","Ward County, Texas","B18101_010",30,38
"9254","48475","Ward County, Texas","B18101_011",1175,96
"9255","48475","Ward County, Texas","B18101_012",2142,148
"9256","48475","Ward County, Texas","B18101_013",451,160
"9257","48475","Ward County, Texas","B18101_014",1691,179
"9258","48475","Ward County, Texas","B18101_015",375,7
"9259","48475","Ward County, Texas","B18101_016",109,50
"9260","48475","Ward County, Texas","B18101_017",266,49
"9261","48475","Ward County, Texas","B18101_018",273,37
"9262","48475","Ward County, Texas","B18101_019",133,34
"9263","48475","Ward County, Texas","B18101_020",140,50
"9264","48475","Ward County, Texas","B18101_021",5374,135
"9265","48475","Ward County, Texas","B18101_022",409,83
"9266","48475","Ward County, Texas","B18101_023",0,23
"9267","48475","Ward County, Texas","B18101_024",409,83
"9268","48475","Ward County, Texas","B18101_025",1188,111
"9269","48475","Ward County, Texas","B18101_026",73,59
"9270","48475","Ward County, Texas","B18101_027",1115,116
"9271","48475","Ward County, Texas","B18101_028",1145,136
"9272","48475","Ward County, Texas","B18101_029",28,37
"9273","48475","Ward County, Texas","B18101_030",1117,135
"9274","48475","Ward County, Texas","B18101_031",1811,154
"9275","48475","Ward County, Texas","B18101_032",274,116
"9276","48475","Ward County, Texas","B18101_033",1537,183
"9277","48475","Ward County, Texas","B18101_034",419,31
"9278","48475","Ward County, Texas","B18101_035",118,59
"9279","48475","Ward County, Texas","B18101_036",301,62
"9280","48475","Ward County, Texas","B18101_037",402,86
"9281","48475","Ward County, Texas","B18101_038",196,97
"9282","48475","Ward County, Texas","B18101_039",206,62
"9283","48477","Washington County, Texas","B18101_001",35764,53
"9284","48477","Washington County, Texas","B18101_002",17583,230
"9285","48477","Washington County, Texas","B18101_003",967,219
"9286","48477","Washington County, Texas","B18101_004",43,59
"9287","48477","Washington County, Texas","B18101_005",924,228
"9288","48477","Washington County, Texas","B18101_006",3227,210
"9289","48477","Washington County, Texas","B18101_007",233,211
"9290","48477","Washington County, Texas","B18101_008",2994,303
"9291","48477","Washington County, Texas","B18101_009",3895,212
"9292","48477","Washington County, Texas","B18101_010",361,191
"9293","48477","Washington County, Texas","B18101_011",3534,233
"9294","48477","Washington County, Texas","B18101_012",5849,203
"9295","48477","Washington County, Texas","B18101_013",706,207
"9296","48477","Washington County, Texas","B18101_014",5143,257
"9297","48477","Washington County, Texas","B18101_015",2241,99
"9298","48477","Washington County, Texas","B18101_016",489,149
"9299","48477","Washington County, Texas","B18101_017",1752,199
"9300","48477","Washington County, Texas","B18101_018",1404,90
"9301","48477","Washington County, Texas","B18101_019",758,139
"9302","48477","Washington County, Texas","B18101_020",646,126
"9303","48477","Washington County, Texas","B18101_021",18181,213
"9304","48477","Washington County, Texas","B18101_022",819,66
"9305","48477","Washington County, Texas","B18101_023",0,31
"9306","48477","Washington County, Texas","B18101_024",819,66
"9307","48477","Washington County, Texas","B18101_025",2744,100
"9308","48477","Washington County, Texas","B18101_026",61,58
"9309","48477","Washington County, Texas","B18101_027",2683,115
"9310","48477","Washington County, Texas","B18101_028",3785,142
"9311","48477","Washington County, Texas","B18101_029",491,252
"9312","48477","Washington County, Texas","B18101_030",3294,291
"9313","48477","Washington County, Texas","B18101_031",6264,115
"9314","48477","Washington County, Texas","B18101_032",750,218
"9315","48477","Washington County, Texas","B18101_033",5514,251
"9316","48477","Washington County, Texas","B18101_034",2512,124
"9317","48477","Washington County, Texas","B18101_035",365,103
"9318","48477","Washington County, Texas","B18101_036",2147,140
"9319","48477","Washington County, Texas","B18101_037",2057,89
"9320","48477","Washington County, Texas","B18101_038",942,202
"9321","48477","Washington County, Texas","B18101_039",1115,203
"9322","48479","Webb County, Texas","B18101_001",267637,206
"9323","48479","Webb County, Texas","B18101_002",132524,329
"9324","48479","Webb County, Texas","B18101_003",11062,35
"9325","48479","Webb County, Texas","B18101_004",73,66
"9326","48479","Webb County, Texas","B18101_005",10989,75
"9327","48479","Webb County, Texas","B18101_006",31708,121
"9328","48479","Webb County, Texas","B18101_007",3235,632
"9329","48479","Webb County, Texas","B18101_008",28473,641
"9330","48479","Webb County, Texas","B18101_009",34501,200
"9331","48479","Webb County, Texas","B18101_010",2783,539
"9332","48479","Webb County, Texas","B18101_011",31718,585
"9333","48479","Webb County, Texas","B18101_012",43336,224
"9334","48479","Webb County, Texas","B18101_013",5824,571
"9335","48479","Webb County, Texas","B18101_014",37512,593
"9336","48479","Webb County, Texas","B18101_015",7497,139
"9337","48479","Webb County, Texas","B18101_016",3049,351
"9338","48479","Webb County, Texas","B18101_017",4448,379
"9339","48479","Webb County, Texas","B18101_018",4420,74
"9340","48479","Webb County, Texas","B18101_019",2722,243
"9341","48479","Webb County, Texas","B18101_020",1698,236
"9342","48479","Webb County, Texas","B18101_021",135113,237
"9343","48479","Webb County, Texas","B18101_022",10717,35
"9344","48479","Webb County, Texas","B18101_023",45,56
"9345","48479","Webb County, Texas","B18101_024",10672,67
"9346","48479","Webb County, Texas","B18101_025",30611,117
"9347","48479","Webb County, Texas","B18101_026",1884,356
"9348","48479","Webb County, Texas","B18101_027",28727,355
"9349","48479","Webb County, Texas","B18101_028",33112,104
"9350","48479","Webb County, Texas","B18101_029",2246,333
"9351","48479","Webb County, Texas","B18101_030",30866,348
"9352","48479","Webb County, Texas","B18101_031",45301,160
"9353","48479","Webb County, Texas","B18101_032",6467,549
"9354","48479","Webb County, Texas","B18101_033",38834,564
"9355","48479","Webb County, Texas","B18101_034",8811,49
"9356","48479","Webb County, Texas","B18101_035",3365,391
"9357","48479","Webb County, Texas","B18101_036",5446,394
"9358","48479","Webb County, Texas","B18101_037",6561,89
"9359","48479","Webb County, Texas","B18101_038",4515,361
"9360","48479","Webb County, Texas","B18101_039",2046,349
"9361","48481","Wharton County, Texas","B18101_001",41353,13
"9362","48481","Wharton County, Texas","B18101_002",20525,259
"9363","48481","Wharton County, Texas","B18101_003",1395,110
"9364","48481","Wharton County, Texas","B18101_004",0,31
"9365","48481","Wharton County, Texas","B18101_005",1395,110
"9366","48481","Wharton County, Texas","B18101_006",4245,201
"9367","48481","Wharton County, Texas","B18101_007",274,261
"9368","48481","Wharton County, Texas","B18101_008",3971,306
"9369","48481","Wharton County, Texas","B18101_009",4390,124
"9370","48481","Wharton County, Texas","B18101_010",310,133
"9371","48481","Wharton County, Texas","B18101_011",4080,164
"9372","48481","Wharton County, Texas","B18101_012",7150,111
"9373","48481","Wharton County, Texas","B18101_013",1100,254
"9374","48481","Wharton County, Texas","B18101_014",6050,268
"9375","48481","Wharton County, Texas","B18101_015",2222,102
"9376","48481","Wharton County, Texas","B18101_016",835,163
"9377","48481","Wharton County, Texas","B18101_017",1387,175
"9378","48481","Wharton County, Texas","B18101_018",1123,93
"9379","48481","Wharton County, Texas","B18101_019",562,135
"9380","48481","Wharton County, Texas","B18101_020",561,115
"9381","48481","Wharton County, Texas","B18101_021",20828,256
"9382","48481","Wharton County, Texas","B18101_022",1423,111
"9383","48481","Wharton County, Texas","B18101_023",0,31
"9384","48481","Wharton County, Texas","B18101_024",1423,111
"9385","48481","Wharton County, Texas","B18101_025",3559,201
"9386","48481","Wharton County, Texas","B18101_026",56,66
"9387","48481","Wharton County, Texas","B18101_027",3503,211
"9388","48481","Wharton County, Texas","B18101_028",4269,121
"9389","48481","Wharton County, Texas","B18101_029",249,146
"9390","48481","Wharton County, Texas","B18101_030",4020,187
"9391","48481","Wharton County, Texas","B18101_031",7529,135
"9392","48481","Wharton County, Texas","B18101_032",999,274
"9393","48481","Wharton County, Texas","B18101_033",6530,296
"9394","48481","Wharton County, Texas","B18101_034",2237,21
"9395","48481","Wharton County, Texas","B18101_035",504,114
"9396","48481","Wharton County, Texas","B18101_036",1733,116
"9397","48481","Wharton County, Texas","B18101_037",1811,58
"9398","48481","Wharton County, Texas","B18101_038",1069,190
"9399","48481","Wharton County, Texas","B18101_039",742,190
"9400","48483","Wheeler County, Texas","B18101_001",4773,31
"9401","48483","Wheeler County, Texas","B18101_002",2454,65
"9402","48483","Wheeler County, Texas","B18101_003",147,45
"9403","48483","Wheeler County, Texas","B18101_004",0,15
"9404","48483","Wheeler County, Texas","B18101_005",147,45
"9405","48483","Wheeler County, Texas","B18101_006",510,54
"9406","48483","Wheeler County, Texas","B18101_007",90,43
"9407","48483","Wheeler County, Texas","B18101_008",420,68
"9408","48483","Wheeler County, Texas","B18101_009",386,55
"9409","48483","Wheeler County, Texas","B18101_010",67,38
"9410","48483","Wheeler County, Texas","B18101_011",319,63
"9411","48483","Wheeler County, Texas","B18101_012",963,73
"9412","48483","Wheeler County, Texas","B18101_013",147,58
"9413","48483","Wheeler County, Texas","B18101_014",816,85
"9414","48483","Wheeler County, Texas","B18101_015",256,6
"9415","48483","Wheeler County, Texas","B18101_016",41,31
"9416","48483","Wheeler County, Texas","B18101_017",215,31
"9417","48483","Wheeler County, Texas","B18101_018",192,30
"9418","48483","Wheeler County, Texas","B18101_019",102,30
"9419","48483","Wheeler County, Texas","B18101_020",90,33
"9420","48483","Wheeler County, Texas","B18101_021",2319,64
"9421","48483","Wheeler County, Texas","B18101_022",59,34
"9422","48483","Wheeler County, Texas","B18101_023",0,15
"9423","48483","Wheeler County, Texas","B18101_024",59,34
"9424","48483","Wheeler County, Texas","B18101_025",461,34
"9425","48483","Wheeler County, Texas","B18101_026",30,37
"9426","48483","Wheeler County, Texas","B18101_027",431,53
"9427","48483","Wheeler County, Texas","B18101_028",343,69
"9428","48483","Wheeler County, Texas","B18101_029",4,5
"9429","48483","Wheeler County, Texas","B18101_030",339,68
"9430","48483","Wheeler County, Texas","B18101_031",930,67
"9431","48483","Wheeler County, Texas","B18101_032",168,54
"9432","48483","Wheeler County, Texas","B18101_033",762,78
"9433","48483","Wheeler County, Texas","B18101_034",312,44
"9434","48483","Wheeler County, Texas","B18101_035",77,33
"9435","48483","Wheeler County, Texas","B18101_036",235,50
"9436","48483","Wheeler County, Texas","B18101_037",214,24
"9437","48483","Wheeler County, Texas","B18101_038",85,29
"9438","48483","Wheeler County, Texas","B18101_039",129,37
"9439","48485","Wichita County, Texas","B18101_001",118011,583
"9440","48485","Wichita County, Texas","B18101_002",57008,581
"9441","48485","Wichita County, Texas","B18101_003",4082,61
"9442","48485","Wichita County, Texas","B18101_004",168,113
"9443","48485","Wichita County, Texas","B18101_005",3914,122
"9444","48485","Wichita County, Texas","B18101_006",11151,86
"9445","48485","Wichita County, Texas","B18101_007",878,251
"9446","48485","Wichita County, Texas","B18101_008",10273,283
"9447","48485","Wichita County, Texas","B18101_009",13601,603
"9448","48485","Wichita County, Texas","B18101_010",1252,337
"9449","48485","Wichita County, Texas","B18101_011",12349,616
"9450","48485","Wichita County, Texas","B18101_012",19691,318
"9451","48485","Wichita County, Texas","B18101_013",3590,484
"9452","48485","Wichita County, Texas","B18101_014",16101,541
"9453","48485","Wichita County, Texas","B18101_015",5492,109
"9454","48485","Wichita County, Texas","B18101_016",1801,278
"9455","48485","Wichita County, Texas","B18101_017",3691,282
"9456","48485","Wichita County, Texas","B18101_018",2991,91
"9457","48485","Wichita County, Texas","B18101_019",1562,138
"9458","48485","Wichita County, Texas","B18101_020",1429,166
"9459","48485","Wichita County, Texas","B18101_021",61003,279
"9460","48485","Wichita County, Texas","B18101_022",3789,63
"9461","48485","Wichita County, Texas","B18101_023",59,60
"9462","48485","Wichita County, Texas","B18101_024",3730,89
"9463","48485","Wichita County, Texas","B18101_025",10518,75
"9464","48485","Wichita County, Texas","B18101_026",460,169
"9465","48485","Wichita County, Texas","B18101_027",10058,186
"9466","48485","Wichita County, Texas","B18101_028",14462,225
"9467","48485","Wichita County, Texas","B18101_029",1208,230
"9468","48485","Wichita County, Texas","B18101_030",13254,306
"9469","48485","Wichita County, Texas","B18101_031",21651,101
"9470","48485","Wichita County, Texas","B18101_032",3455,440
"9471","48485","Wichita County, Texas","B18101_033",18196,444
"9472","48485","Wichita County, Texas","B18101_034",6045,106
"9473","48485","Wichita County, Texas","B18101_035",1958,282
"9474","48485","Wichita County, Texas","B18101_036",4087,288
"9475","48485","Wichita County, Texas","B18101_037",4538,120
"9476","48485","Wichita County, Texas","B18101_038",2529,270
"9477","48485","Wichita County, Texas","B18101_039",2009,227
"9478","48487","Wilbarger County, Texas","B18101_001",12292,19
"9479","48487","Wilbarger County, Texas","B18101_002",5976,257
"9480","48487","Wilbarger County, Texas","B18101_003",341,129
"9481","48487","Wilbarger County, Texas","B18101_004",0,23
"9482","48487","Wilbarger County, Texas","B18101_005",341,129
"9483","48487","Wilbarger County, Texas","B18101_006",1072,173
"9484","48487","Wilbarger County, Texas","B18101_007",92,93
"9485","48487","Wilbarger County, Texas","B18101_008",980,197
"9486","48487","Wilbarger County, Texas","B18101_009",1413,139
"9487","48487","Wilbarger County, Texas","B18101_010",384,163
"9488","48487","Wilbarger County, Texas","B18101_011",1029,161
"9489","48487","Wilbarger County, Texas","B18101_012",2092,108
"9490","48487","Wilbarger County, Texas","B18101_013",489,156
"9491","48487","Wilbarger County, Texas","B18101_014",1603,195
"9492","48487","Wilbarger County, Texas","B18101_015",737,91
"9493","48487","Wilbarger County, Texas","B18101_016",223,103
"9494","48487","Wilbarger County, Texas","B18101_017",514,116
"9495","48487","Wilbarger County, Texas","B18101_018",321,74
"9496","48487","Wilbarger County, Texas","B18101_019",253,76
"9497","48487","Wilbarger County, Texas","B18101_020",68,43
"9498","48487","Wilbarger County, Texas","B18101_021",6316,259
"9499","48487","Wilbarger County, Texas","B18101_022",531,134
"9500","48487","Wilbarger County, Texas","B18101_023",0,23
"9501","48487","Wilbarger County, Texas","B18101_024",531,134
"9502","48487","Wilbarger County, Texas","B18101_025",744,138
"9503","48487","Wilbarger County, Texas","B18101_026",68,63
"9504","48487","Wilbarger County, Texas","B18101_027",676,147
"9505","48487","Wilbarger County, Texas","B18101_028",1265,164
"9506","48487","Wilbarger County, Texas","B18101_029",126,92
"9507","48487","Wilbarger County, Texas","B18101_030",1139,142
"9508","48487","Wilbarger County, Texas","B18101_031",2522,177
"9509","48487","Wilbarger County, Texas","B18101_032",587,173
"9510","48487","Wilbarger County, Texas","B18101_033",1935,203
"9511","48487","Wilbarger County, Texas","B18101_034",766,124
"9512","48487","Wilbarger County, Texas","B18101_035",378,133
"9513","48487","Wilbarger County, Texas","B18101_036",388,133
"9514","48487","Wilbarger County, Texas","B18101_037",488,64
"9515","48487","Wilbarger County, Texas","B18101_038",215,89
"9516","48487","Wilbarger County, Texas","B18101_039",273,92
"9517","48489","Willacy County, Texas","B18101_001",18518,86
"9518","48489","Willacy County, Texas","B18101_002",9554,270
"9519","48489","Willacy County, Texas","B18101_003",570,38
"9520","48489","Willacy County, Texas","B18101_004",0,28
"9521","48489","Willacy County, Texas","B18101_005",570,38
"9522","48489","Willacy County, Texas","B18101_006",1725,60
"9523","48489","Willacy County, Texas","B18101_007",107,72
"9524","48489","Willacy County, Texas","B18101_008",1618,96
"9525","48489","Willacy County, Texas","B18101_009",2752,118
"9526","48489","Willacy County, Texas","B18101_010",132,115
"9527","48489","Willacy County, Texas","B18101_011",2620,166
"9528","48489","Willacy County, Texas","B18101_012",3227,341
"9529","48489","Willacy County, Texas","B18101_013",433,214
"9530","48489","Willacy County, Texas","B18101_014",2794,327
"9531","48489","Willacy County, Texas","B18101_015",764,77
"9532","48489","Willacy County, Texas","B18101_016",279,104
"9533","48489","Willacy County, Texas","B18101_017",485,108
"9534","48489","Willacy County, Texas","B18101_018",516,65
"9535","48489","Willacy County, Texas","B18101_019",299,94
"9536","48489","Willacy County, Texas","B18101_020",217,77
"9537","48489","Willacy County, Texas","B18101_021",8964,261
"9538","48489","Willacy County, Texas","B18101_022",583,32
"9539","48489","Willacy County, Texas","B18101_023",0,28
"9540","48489","Willacy County, Texas","B18101_024",583,32
"9541","48489","Willacy County, Texas","B18101_025",1878,100
"9542","48489","Willacy County, Texas","B18101_026",55,56
"9543","48489","Willacy County, Texas","B18101_027",1823,106
"9544","48489","Willacy County, Texas","B18101_028",1933,182
"9545","48489","Willacy County, Texas","B18101_029",210,123
"9546","48489","Willacy County, Texas","B18101_030",1723,218
"9547","48489","Willacy County, Texas","B18101_031",3011,110
"9548","48489","Willacy County, Texas","B18101_032",393,114
"9549","48489","Willacy County, Texas","B18101_033",2618,160
"9550","48489","Willacy County, Texas","B18101_034",931,51
"9551","48489","Willacy County, Texas","B18101_035",203,91
"9552","48489","Willacy County, Texas","B18101_036",728,89
"9553","48489","Willacy County, Texas","B18101_037",628,44
"9554","48489","Willacy County, Texas","B18101_038",273,86
"9555","48489","Willacy County, Texas","B18101_039",355,90
"9556","48491","Williamson County, Texas","B18101_001",668630,359
"9557","48491","Williamson County, Texas","B18101_002",332918,441
"9558","48491","Williamson County, Texas","B18101_003",20659,24
"9559","48491","Williamson County, Texas","B18101_004",58,75
"9560","48491","Williamson County, Texas","B18101_005",20601,77
"9561","48491","Williamson County, Texas","B18101_006",62520,162
"9562","48491","Williamson County, Texas","B18101_007",4408,495
"9563","48491","Williamson County, Texas","B18101_008",58112,538
"9564","48491","Williamson County, Texas","B18101_009",74333,362
"9565","48491","Williamson County, Texas","B18101_010",7675,883
"9566","48491","Williamson County, Texas","B18101_011",66658,872
"9567","48491","Williamson County, Texas","B18101_012",137224,302
"9568","48491","Williamson County, Texas","B18101_013",12752,1183
"9569","48491","Williamson County, Texas","B18101_014",124472,1184
"9570","48491","Williamson County, Texas","B18101_015",23437,86
"9571","48491","Williamson County, Texas","B18101_016",5026,547
"9572","48491","Williamson County, Texas","B18101_017",18411,567
"9573","48491","Williamson County, Texas","B18101_018",14745,85
"9574","48491","Williamson County, Texas","B18101_019",6511,473
"9575","48491","Williamson County, Texas","B18101_020",8234,475
"9576","48491","Williamson County, Texas","B18101_021",335712,398
"9577","48491","Williamson County, Texas","B18101_022",19822,3
"9578","48491","Williamson County, Texas","B18101_023",0,35
"9579","48491","Williamson County, Texas","B18101_024",19822,3
"9580","48491","Williamson County, Texas","B18101_025",58861,69
"9581","48491","Williamson County, Texas","B18101_026",2618,501
"9582","48491","Williamson County, Texas","B18101_027",56243,508
"9583","48491","Williamson County, Texas","B18101_028",74380,183
"9584","48491","Williamson County, Texas","B18101_029",6017,893
"9585","48491","Williamson County, Texas","B18101_030",68363,911
"9586","48491","Williamson County, Texas","B18101_031",135334,274
"9587","48491","Williamson County, Texas","B18101_032",12196,988
"9588","48491","Williamson County, Texas","B18101_033",123138,1041
"9589","48491","Williamson County, Texas","B18101_034",28288,120
"9590","48491","Williamson County, Texas","B18101_035",5094,577
"9591","48491","Williamson County, Texas","B18101_036",23194,590
"9592","48491","Williamson County, Texas","B18101_037",19027,142
"9593","48491","Williamson County, Texas","B18101_038",8570,532
"9594","48491","Williamson County, Texas","B18101_039",10457,518
"9595","48493","Wilson County, Texas","B18101_001",52144,112
"9596","48493","Wilson County, Texas","B18101_002",26081,183
"9597","48493","Wilson County, Texas","B18101_003",1427,24
"9598","48493","Wilson County, Texas","B18101_004",0,35
"9599","48493","Wilson County, Texas","B18101_005",1427,24
"9600","48493","Wilson County, Texas","B18101_006",4857,54
"9601","48493","Wilson County, Texas","B18101_007",495,190
"9602","48493","Wilson County, Texas","B18101_008",4362,189
"9603","48493","Wilson County, Texas","B18101_009",5000,57
"9604","48493","Wilson County, Texas","B18101_010",385,147
"9605","48493","Wilson County, Texas","B18101_011",4615,144
"9606","48493","Wilson County, Texas","B18101_012",10696,142
"9607","48493","Wilson County, Texas","B18101_013",1512,215
"9608","48493","Wilson County, Texas","B18101_014",9184,268
"9609","48493","Wilson County, Texas","B18101_015",2684,96
"9610","48493","Wilson County, Texas","B18101_016",981,159
"9611","48493","Wilson County, Texas","B18101_017",1703,169
"9612","48493","Wilson County, Texas","B18101_018",1417,79
"9613","48493","Wilson County, Texas","B18101_019",668,127
"9614","48493","Wilson County, Texas","B18101_020",749,119
"9615","48493","Wilson County, Texas","B18101_021",26063,134
"9616","48493","Wilson County, Texas","B18101_022",1388,79
"9617","48493","Wilson County, Texas","B18101_023",0,35
"9618","48493","Wilson County, Texas","B18101_024",1388,79
"9619","48493","Wilson County, Texas","B18101_025",4723,148
"9620","48493","Wilson County, Texas","B18101_026",259,149
"9621","48493","Wilson County, Texas","B18101_027",4464,215
"9622","48493","Wilson County, Texas","B18101_028",4719,86
"9623","48493","Wilson County, Texas","B18101_029",233,122
"9624","48493","Wilson County, Texas","B18101_030",4486,149
"9625","48493","Wilson County, Texas","B18101_031",10669,113
"9626","48493","Wilson County, Texas","B18101_032",1637,383
"9627","48493","Wilson County, Texas","B18101_033",9032,414
"9628","48493","Wilson County, Texas","B18101_034",2828,58
"9629","48493","Wilson County, Texas","B18101_035",767,159
"9630","48493","Wilson County, Texas","B18101_036",2061,163
"9631","48493","Wilson County, Texas","B18101_037",1736,69
"9632","48493","Wilson County, Texas","B18101_038",1028,206
"9633","48493","Wilson County, Texas","B18101_039",708,185
"9634","48495","Winkler County, Texas","B18101_001",7373,6
"9635","48495","Winkler County, Texas","B18101_002",3860,111
"9636","48495","Winkler County, Texas","B18101_003",271,22
"9637","48495","Winkler County, Texas","B18101_004",0,21
"9638","48495","Winkler County, Texas","B18101_005",271,22
"9639","48495","Winkler County, Texas","B18101_006",951,115
"9640","48495","Winkler County, Texas","B18101_007",63,55
"9641","48495","Winkler County, Texas","B18101_008",888,105
"9642","48495","Winkler County, Texas","B18101_009",827,122
"9643","48495","Winkler County, Texas","B18101_010",39,52
"9644","48495","Winkler County, Texas","B18101_011",788,135
"9645","48495","Winkler County, Texas","B18101_012",1381,122
"9646","48495","Winkler County, Texas","B18101_013",175,73
"9647","48495","Winkler County, Texas","B18101_014",1206,144
"9648","48495","Winkler County, Texas","B18101_015",275,52
"9649","48495","Winkler County, Texas","B18101_016",68,47
"9650","48495","Winkler County, Texas","B18101_017",207,61
"9651","48495","Winkler County, Texas","B18101_018",155,52
"9652","48495","Winkler County, Texas","B18101_019",72,52
"9653","48495","Winkler County, Texas","B18101_020",83,24
"9654","48495","Winkler County, Texas","B18101_021",3513,113
"9655","48495","Winkler County, Texas","B18101_022",250,22
"9656","48495","Winkler County, Texas","B18101_023",0,21
"9657","48495","Winkler County, Texas","B18101_024",250,22
"9658","48495","Winkler County, Texas","B18101_025",708,102
"9659","48495","Winkler County, Texas","B18101_026",20,30
"9660","48495","Winkler County, Texas","B18101_027",688,96
"9661","48495","Winkler County, Texas","B18101_028",650,33
"9662","48495","Winkler County, Texas","B18101_029",45,42
"9663","48495","Winkler County, Texas","B18101_030",605,56
"9664","48495","Winkler County, Texas","B18101_031",1402,88
"9665","48495","Winkler County, Texas","B18101_032",185,84
"9666","48495","Winkler County, Texas","B18101_033",1217,125
"9667","48495","Winkler County, Texas","B18101_034",324,57
"9668","48495","Winkler County, Texas","B18101_035",82,47
"9669","48495","Winkler County, Texas","B18101_036",242,52
"9670","48495","Winkler County, Texas","B18101_037",179,50
"9671","48495","Winkler County, Texas","B18101_038",95,62
"9672","48495","Winkler County, Texas","B18101_039",84,43
"9673","48497","Wise County, Texas","B18101_001",73891,41
"9674","48497","Wise County, Texas","B18101_002",36946,94
"9675","48497","Wise County, Texas","B18101_003",2254,41
"9676","48497","Wise County, Texas","B18101_004",33,51
"9677","48497","Wise County, Texas","B18101_005",2221,66
"9678","48497","Wise County, Texas","B18101_006",7287,89
"9679","48497","Wise County, Texas","B18101_007",675,239
"9680","48497","Wise County, Texas","B18101_008",6612,267
"9681","48497","Wise County, Texas","B18101_009",7304,132
"9682","48497","Wise County, Texas","B18101_010",926,270
"9683","48497","Wise County, Texas","B18101_011",6378,275
"9684","48497","Wise County, Texas","B18101_012",14636,138
"9685","48497","Wise County, Texas","B18101_013",1897,320
"9686","48497","Wise County, Texas","B18101_014",12739,358
"9687","48497","Wise County, Texas","B18101_015",3491,110
"9688","48497","Wise County, Texas","B18101_016",1019,242
"9689","48497","Wise County, Texas","B18101_017",2472,234
"9690","48497","Wise County, Texas","B18101_018",1974,110
"9691","48497","Wise County, Texas","B18101_019",885,155
"9692","48497","Wise County, Texas","B18101_020",1089,198
"9693","48497","Wise County, Texas","B18101_021",36945,91
"9694","48497","Wise County, Texas","B18101_022",2109,24
"9695","48497","Wise County, Texas","B18101_023",7,10
"9696","48497","Wise County, Texas","B18101_024",2102,27
"9697","48497","Wise County, Texas","B18101_025",6755,79
"9698","48497","Wise County, Texas","B18101_026",406,124
"9699","48497","Wise County, Texas","B18101_027",6349,144
"9700","48497","Wise County, Texas","B18101_028",7193,40
"9701","48497","Wise County, Texas","B18101_029",732,241
"9702","48497","Wise County, Texas","B18101_030",6461,240
"9703","48497","Wise County, Texas","B18101_031",14924,63
"9704","48497","Wise County, Texas","B18101_032",2572,375
"9705","48497","Wise County, Texas","B18101_033",12352,375
"9706","48497","Wise County, Texas","B18101_034",3699,86
"9707","48497","Wise County, Texas","B18101_035",981,196
"9708","48497","Wise County, Texas","B18101_036",2718,198
"9709","48497","Wise County, Texas","B18101_037",2265,94
"9710","48497","Wise County, Texas","B18101_038",1191,178
"9711","48497","Wise County, Texas","B18101_039",1074,198
"9712","48499","Wood County, Texas","B18101_001",45740,38
"9713","48499","Wood County, Texas","B18101_002",22527,116
"9714","48499","Wood County, Texas","B18101_003",1026,86
"9715","48499","Wood County, Texas","B18101_004",0,31
"9716","48499","Wood County, Texas","B18101_005",1026,86
"9717","48499","Wood County, Texas","B18101_006",3406,97
"9718","48499","Wood County, Texas","B18101_007",543,203
"9719","48499","Wood County, Texas","B18101_008",2863,219
"9720","48499","Wood County, Texas","B18101_009",4100,214
"9721","48499","Wood County, Texas","B18101_010",595,216
"9722","48499","Wood County, Texas","B18101_011",3505,218
"9723","48499","Wood County, Texas","B18101_012",7942,200
"9724","48499","Wood County, Texas","B18101_013",1573,311
"9725","48499","Wood County, Texas","B18101_014",6369,316
"9726","48499","Wood County, Texas","B18101_015",3653,112
"9727","48499","Wood County, Texas","B18101_016",1336,210
"9728","48499","Wood County, Texas","B18101_017",2317,202
"9729","48499","Wood County, Texas","B18101_018",2400,103
"9730","48499","Wood County, Texas","B18101_019",1344,203
"9731","48499","Wood County, Texas","B18101_020",1056,198
"9732","48499","Wood County, Texas","B18101_021",23213,112
"9733","48499","Wood County, Texas","B18101_022",979,76
"9734","48499","Wood County, Texas","B18101_023",24,41
"9735","48499","Wood County, Texas","B18101_024",955,77
"9736","48499","Wood County, Texas","B18101_025",3341,75
"9737","48499","Wood County, Texas","B18101_026",256,118
"9738","48499","Wood County, Texas","B18101_027",3085,139
"9739","48499","Wood County, Texas","B18101_028",3762,109
"9740","48499","Wood County, Texas","B18101_029",569,173
"9741","48499","Wood County, Texas","B18101_030",3193,185
"9742","48499","Wood County, Texas","B18101_031",8497,108
"9743","48499","Wood County, Texas","B18101_032",1704,342
"9744","48499","Wood County, Texas","B18101_033",6793,360
"9745","48499","Wood County, Texas","B18101_034",3749,90
"9746","48499","Wood County, Texas","B18101_035",1146,269
"9747","48499","Wood County, Texas","B18101_036",2603,275
"9748","48499","Wood County, Texas","B18101_037",2885,102
"9749","48499","Wood County, Texas","B18101_038",977,247
"9750","48499","Wood County, Texas","B18101_039",1908,242
"9751","48501","Yoakum County, Texas","B18101_001",7497,4
"9752","48501","Yoakum County, Texas","B18101_002",3996,225
"9753","48501","Yoakum County, Texas","B18101_003",551,185
"9754","48501","Yoakum County, Texas","B18101_004",0,21
"9755","48501","Yoakum County, Texas","B18101_005",551,185
"9756","48501","Yoakum County, Texas","B18101_006",867,98
"9757","48501","Yoakum County, Texas","B18101_007",148,93
"9758","48501","Yoakum County, Texas","B18101_008",719,135
"9759","48501","Yoakum County, Texas","B18101_009",863,220
"9760","48501","Yoakum County, Texas","B18101_010",112,99
"9761","48501","Yoakum County, Texas","B18101_011",751,231
"9762","48501","Yoakum County, Texas","B18101_012",1278,220
"9763","48501","Yoakum County, Texas","B18101_013",212,115
"9764","48501","Yoakum County, Texas","B18101_014",1066,236
"9765","48501","Yoakum County, Texas","B18101_015",251,90
"9766","48501","Yoakum County, Texas","B18101_016",31,30
"9767","48501","Yoakum County, Texas","B18101_017",220,103
"9768","48501","Yoakum County, Texas","B18101_018",186,90
"9769","48501","Yoakum County, Texas","B18101_019",20,31
"9770","48501","Yoakum County, Texas","B18101_020",166,91
"9771","48501","Yoakum County, Texas","B18101_021",3501,226
"9772","48501","Yoakum County, Texas","B18101_022",217,159
"9773","48501","Yoakum County, Texas","B18101_023",0,21
"9774","48501","Yoakum County, Texas","B18101_024",217,159
"9775","48501","Yoakum County, Texas","B18101_025",847,134
"9776","48501","Yoakum County, Texas","B18101_026",115,147
"9777","48501","Yoakum County, Texas","B18101_027",732,177
"9778","48501","Yoakum County, Texas","B18101_028",782,74
"9779","48501","Yoakum County, Texas","B18101_029",54,58
"9780","48501","Yoakum County, Texas","B18101_030",728,99
"9781","48501","Yoakum County, Texas","B18101_031",1172,108
"9782","48501","Yoakum County, Texas","B18101_032",158,107
"9783","48501","Yoakum County, Texas","B18101_033",1014,119
"9784","48501","Yoakum County, Texas","B18101_034",268,123
"9785","48501","Yoakum County, Texas","B18101_035",50,51
"9786","48501","Yoakum County, Texas","B18101_036",218,131
"9787","48501","Yoakum County, Texas","B18101_037",215,87
"9788","48501","Yoakum County, Texas","B18101_038",121,59
"9789","48501","Yoakum County, Texas","B18101_039",94,81
"9790","48503","Young County, Texas","B18101_001",17781,5
"9791","48503","Young County, Texas","B18101_002",9286,180
"9792","48503","Young County, Texas","B18101_003",586,104
"9793","48503","Young County, Texas","B18101_004",0,23
"9794","48503","Young County, Texas","B18101_005",586,104
"9795","48503","Young County, Texas","B18101_006",1853,192
"9796","48503","Young County, Texas","B18101_007",263,145
"9797","48503","Young County, Texas","B18101_008",1590,156
"9798","48503","Young County, Texas","B18101_009",1713,107
"9799","48503","Young County, Texas","B18101_010",265,134
"9800","48503","Young County, Texas","B18101_011",1448,161
"9801","48503","Young County, Texas","B18101_012",3368,118
"9802","48503","Young County, Texas","B18101_013",460,135
"9803","48503","Young County, Texas","B18101_014",2908,182
"9804","48503","Young County, Texas","B18101_015",1146,129
"9805","48503","Young County, Texas","B18101_016",259,101
"9806","48503","Young County, Texas","B18101_017",887,157
"9807","48503","Young County, Texas","B18101_018",620,96
"9808","48503","Young County, Texas","B18101_019",357,107
"9809","48503","Young County, Texas","B18101_020",263,75
"9810","48503","Young County, Texas","B18101_021",8495,181
"9811","48503","Young County, Texas","B18101_022",378,49
"9812","48503","Young County, Texas","B18101_023",0,23
"9813","48503","Young County, Texas","B18101_024",378,49
"9814","48503","Young County, Texas","B18101_025",1329,147
"9815","48503","Young County, Texas","B18101_026",114,85
"9816","48503","Young County, Texas","B18101_027",1215,155
"9817","48503","Young County, Texas","B18101_028",1658,98
"9818","48503","Young County, Texas","B18101_029",242,143
"9819","48503","Young County, Texas","B18101_030",1416,174
"9820","48503","Young County, Texas","B18101_031",3246,91
"9821","48503","Young County, Texas","B18101_032",467,139
"9822","48503","Young County, Texas","B18101_033",2779,169
"9823","48503","Young County, Texas","B18101_034",1162,53
"9824","48503","Young County, Texas","B18101_035",397,122
"9825","48503","Young County, Texas","B18101_036",765,119
"9826","48503","Young County, Texas","B18101_037",722,51
"9827","48503","Young County, Texas","B18101_038",374,93
"9828","48503","Young County, Texas","B18101_039",348,94
"9829","48505","Zapata County, Texas","B18101_001",13595,29
"9830","48505","Zapata County, Texas","B18101_002",6623,75
"9831","48505","Zapata County, Texas","B18101_003",510,24
"9832","48505","Zapata County, Texas","B18101_004",31,54
"9833","48505","Zapata County, Texas","B18101_005",479,57
"9834","48505","Zapata County, Texas","B18101_006",1766,25
"9835","48505","Zapata County, Texas","B18101_007",224,101
"9836","48505","Zapata County, Texas","B18101_008",1542,104
"9837","48505","Zapata County, Texas","B18101_009",1550,57
"9838","48505","Zapata County, Texas","B18101_010",107,63
"9839","48505","Zapata County, Texas","B18101_011",1443,84
"9840","48505","Zapata County, Texas","B18101_012",1942,70
"9841","48505","Zapata County, Texas","B18101_013",317,113
"9842","48505","Zapata County, Texas","B18101_014",1625,125
"9843","48505","Zapata County, Texas","B18101_015",456,45
"9844","48505","Zapata County, Texas","B18101_016",154,81
"9845","48505","Zapata County, Texas","B18101_017",302,84
"9846","48505","Zapata County, Texas","B18101_018",399,40
"9847","48505","Zapata County, Texas","B18101_019",240,119
"9848","48505","Zapata County, Texas","B18101_020",159,120
"9849","48505","Zapata County, Texas","B18101_021",6972,67
"9850","48505","Zapata County, Texas","B18101_022",514,42
"9851","48505","Zapata County, Texas","B18101_023",0,23
"9852","48505","Zapata County, Texas","B18101_024",514,42
"9853","48505","Zapata County, Texas","B18101_025",1589,28
"9854","48505","Zapata County, Texas","B18101_026",87,57
"9855","48505","Zapata County, Texas","B18101_027",1502,64
"9856","48505","Zapata County, Texas","B18101_028",1516,33
"9857","48505","Zapata County, Texas","B18101_029",82,84
"9858","48505","Zapata County, Texas","B18101_030",1434,89
"9859","48505","Zapata County, Texas","B18101_031",2303,66
"9860","48505","Zapata County, Texas","B18101_032",384,155
"9861","48505","Zapata County, Texas","B18101_033",1919,154
"9862","48505","Zapata County, Texas","B18101_034",593,28
"9863","48505","Zapata County, Texas","B18101_035",204,80
"9864","48505","Zapata County, Texas","B18101_036",389,81
"9865","48505","Zapata County, Texas","B18101_037",457,26
"9866","48505","Zapata County, Texas","B18101_038",256,82
"9867","48505","Zapata County, Texas","B18101_039",201,80
"9868","48507","Zavala County, Texas","B18101_001",9324,41
"9869","48507","Zavala County, Texas","B18101_002",4859,145
"9870","48507","Zavala County, Texas","B18101_003",376,31
"9871","48507","Zavala County, Texas","B18101_004",0,21
"9872","48507","Zavala County, Texas","B18101_005",376,31
"9873","48507","Zavala County, Texas","B18101_006",1212,114
"9874","48507","Zavala County, Texas","B18101_007",112,92
"9875","48507","Zavala County, Texas","B18101_008",1100,128
"9876","48507","Zavala County, Texas","B18101_009",1143,250
"9877","48507","Zavala County, Texas","B18101_010",126,96
"9878","48507","Zavala County, Texas","B18101_011",1017,279
"9879","48507","Zavala County, Texas","B18101_012",1447,241
"9880","48507","Zavala County, Texas","B18101_013",283,135
"9881","48507","Zavala County, Texas","B18101_014",1164,258
"9882","48507","Zavala County, Texas","B18101_015",447,142
"9883","48507","Zavala County, Texas","B18101_016",237,111
"9884","48507","Zavala County, Texas","B18101_017",210,118
"9885","48507","Zavala County, Texas","B18101_018",234,131
"9886","48507","Zavala County, Texas","B18101_019",140,113
"9887","48507","Zavala County, Texas","B18101_020",94,95
"9888","48507","Zavala County, Texas","B18101_021",4465,140
"9889","48507","Zavala County, Texas","B18101_022",295,21
"9890","48507","Zavala County, Texas","B18101_023",0,21
"9891","48507","Zavala County, Texas","B18101_024",295,21
"9892","48507","Zavala County, Texas","B18101_025",874,106
"9893","48507","Zavala County, Texas","B18101_026",14,25
"9894","48507","Zavala County, Texas","B18101_027",860,110
"9895","48507","Zavala County, Texas","B18101_028",1484,142
"9896","48507","Zavala County, Texas","B18101_029",115,102
"9897","48507","Zavala County, Texas","B18101_030",1369,172
"9898","48507","Zavala County, Texas","B18101_031",1016,138
"9899","48507","Zavala County, Texas","B18101_032",332,132
"9900","48507","Zavala County, Texas","B18101_033",684,188
"9901","48507","Zavala County, Texas","B18101_034",491,25
"9902","48507","Zavala County, Texas","B18101_035",158,95
"9903","48507","Zavala County, Texas","B18101_036",333,101
"9904","48507","Zavala County, Texas","B18101_037",305,21
"9905","48507","Zavala County, Texas","B18101_038",255,55
"9906","48507","Zavala County, Texas","B18101_039",50,51
