YEAR,REGION,COUNTY NAME,DISTRICT,DISTRICT NAME,CHARTER STATUS,ETHNICITY,ENROLLMENT
2024-2025,10,DALLAS COUNTY,57829,A+ ACADEMY,OPEN ENROLLMENT CHARTER,American Indian or Alaska Nat,<10
2024-2025,10,DALLAS COUNTY,57829,A+ ACADEMY,OPEN ENROLLMENT CHARTER,Asian,<10
2024-2025,10,DALLAS COUNTY,57829,A+ ACADEMY,OPEN ENROLLMENT CHARTER,Black or African American,54
2024-2025,10,DALLAS COUNTY,57829,A+ ACADEMY,OPEN ENROLLMENT CHARTER,Hispanic/Latino,1585
2024-2025,10,DALLAS COUNTY,57829,A+ ACADEMY,OPEN ENROLLMENT CHARTER,Two or more races,<10
2024-2025,10,DALLAS COUNTY,57829,A+ ACADEMY,OPEN ENROLLMENT CHARTER,White,26
2024-2025,4,HARRIS COUNTY,101871,A+ UNLIMITED POTENTIAL,OPEN ENROLLMENT CHARTER,Black or African American,108
2024-2025,4,HARRIS COUNTY,101871,A+ UNLIMITED POTENTIAL,OPEN ENROLLMENT CHARTER,Hispanic/Latino,79
2024-2025,4,HARRIS COUNTY,101871,A+ UNLIMITED POTENTIAL,OPEN ENROLLMENT CHARTER,Two or more races,<20
2024-2025,4,HARRIS COUNTY,101871,A+ UNLIMITED POTENTIAL,OPEN ENROLLMENT CHARTER,White,<10
2024-2025,12,HILL COUNTY,109901,ABBOTT ISD,TRADITIONAL ISD/CSD,Black or African American,<10
2024-2025,12,HILL COUNTY,109901,ABBOTT ISD,TRADITIONAL ISD/CSD,Hispanic/Latino,49
2024-2025,12,HILL COUNTY,109901,ABBOTT ISD,TRADITIONAL ISD/CSD,Two or more races,<10
2024-2025,12,HILL COUNTY,109901,ABBOTT ISD,TRADITIONAL ISD/CSD,White,225
2024-2025,17,HALE COUNTY,95901,ABERNATHY ISD,TRADITIONAL ISD/CSD,American Indian or Alaska Nat,<10
2024-2025,17,HALE COUNTY,95901,ABERNATHY ISD,TRADITIONAL ISD/CSD,Asian,<10
2024-2025,17,HALE COUNTY,95901,ABERNATHY ISD,TRADITIONAL ISD/CSD,Black or African American,15
2024-2025,17,HALE COUNTY,95901,ABERNATHY ISD,TRADITIONAL ISD/CSD,Hispanic/Latino,403
2024-2025,17,HALE COUNTY,95901,ABERNATHY ISD,TRADITIONAL ISD/CSD,Two or more races,11
2024-2025,17,HALE COUNTY,95901,ABERNATHY ISD,TRADITIONAL ISD/CSD,White,375
2024-2025,14,TAYLOR COUNTY,221901,ABILENE ISD,TRADITIONAL ISD/CSD,American Indian or Alaska Nat,57
2024-2025,14,TAYLOR COUNTY,221901,ABILENE ISD,TRADITIONAL ISD/CSD,Asian,193
2024-2025,14,TAYLOR COUNTY,221901,ABILENE ISD,TRADITIONAL ISD/CSD,Black or African American,2110
2024-2025,14,TAYLOR COUNTY,221901,ABILENE ISD,TRADITIONAL ISD/CSD,Hispanic/Latino,6892
2024-2025,14,TAYLOR COUNTY,221901,ABILENE ISD,TRADITIONAL ISD/CSD,Native Hawaiian/Other Pacific,26
2024-2025,14,TAYLOR COUNTY,221901,ABILENE ISD,TRADITIONAL ISD/CSD,Two or more races,677
2024-2025,14,TAYLOR COUNTY,221901,ABILENE ISD,TRADITIONAL ISD/CSD,White,4581
2024-2025,10,DALLAS COUNTY,57814,ACADEMY FOR ACADEMIC EXCELLENCE,OPEN ENROLLMENT CHARTER,American Indian or Alaska Nat,<10
2024-2025,10,DALLAS COUNTY,57814,ACADEMY FOR ACADEMIC EXCELLENCE,OPEN ENROLLMENT CHARTER,Asian,<10
2024-2025,10,DALLAS COUNTY,57814,ACADEMY FOR ACADEMIC EXCELLENCE,OPEN ENROLLMENT CHARTER,Black or African American,156
2024-2025,10,DALLAS COUNTY,57814,ACADEMY FOR ACADEMIC EXCELLENCE,OPEN ENROLLMENT CHARTER,Hispanic/Latino,105
2024-2025,10,DALLAS COUNTY,57814,ACADEMY FOR ACADEMIC EXCELLENCE,OPEN ENROLLMENT CHARTER,Two or more races,<10
2024-2025,10,DALLAS COUNTY,57814,ACADEMY FOR ACADEMIC EXCELLENCE,OPEN ENROLLMENT CHARTER,White,13
2024-2025,12,BELL COUNTY,14901,ACADEMY ISD,TRADITIONAL ISD/CSD,American Indian or Alaska Nat,<10
2024-2025,12,BELL COUNTY,14901,ACADEMY ISD,TRADITIONAL ISD/CSD,Asian,25
2024-2025,12,BELL COUNTY,14901,ACADEMY ISD,TRADITIONAL ISD/CSD,Black or African American,112
2024-2025,12,BELL COUNTY,14901,ACADEMY ISD,TRADITIONAL ISD/CSD,Hispanic/Latino,525
2024-2025,12,BELL COUNTY,14901,ACADEMY ISD,TRADITIONAL ISD/CSD,Native Hawaiian/Other Pacific,<20
2024-2025,12,BELL COUNTY,14901,ACADEMY ISD,TRADITIONAL ISD/CSD,Two or more races,102
2024-2025,12,BELL COUNTY,14901,ACADEMY ISD,TRADITIONAL ISD/CSD,White,1057
2024-2025,4,HARRIS COUNTY,101810,ACADEMY OF ACCELERATED LEARNING INC,OPEN ENROLLMENT CHARTER,American Indian or Alaska Nat,24
2024-2025,4,HARRIS COUNTY,101810,ACADEMY OF ACCELERATED LEARNING INC,OPEN ENROLLMENT CHARTER,Asian,10
2024-2025,4,HARRIS COUNTY,101810,ACADEMY OF ACCELERATED LEARNING INC,OPEN ENROLLMENT CHARTER,Black or African American,187
2024-2025,4,HARRIS COUNTY,101810,ACADEMY OF ACCELERATED LEARNING INC,OPEN ENROLLMENT CHARTER,Hispanic/Latino,484
2024-2025,4,HARRIS COUNTY,101810,ACADEMY OF ACCELERATED LEARNING INC,OPEN ENROLLMENT CHARTER,Native Hawaiian/Other Pacific,<10
2024-2025,4,HARRIS COUNTY,101810,ACADEMY OF ACCELERATED LEARNING INC,OPEN ENROLLMENT CHARTER,Two or more races,<10
2024-2025,4,HARRIS COUNTY,101810,ACADEMY OF ACCELERATED LEARNING INC,OPEN ENROLLMENT CHARTER,White,26
2024-2025,10,DALLAS COUNTY,57810,ACADEMY OF DALLAS,OPEN ENROLLMENT CHARTER,Black or African American,157
2024-2025,10,DALLAS COUNTY,57810,ACADEMY OF DALLAS,OPEN ENROLLMENT CHARTER,Hispanic/Latino,57
2024-2025,10,DALLAS COUNTY,57810,ACADEMY OF DALLAS,OPEN ENROLLMENT CHARTER,Two or more races,<10
2024-2025,10,DALLAS COUNTY,57810,ACADEMY OF DALLAS,OPEN ENROLLMENT CHARTER,White,<10
2024-2025,11,TARRANT COUNTY,220821,ACADEMY OF VISUAL AND PERFORMING ARTS,OPEN ENROLLMENT CHARTER,American Indian or Alaska Nat,<10
2024-2025,11,TARRANT COUNTY,220821,ACADEMY OF VISUAL AND PERFORMING ARTS,OPEN ENROLLMENT CHARTER,Black or African American,89
2024-2025,11,TARRANT COUNTY,220821,ACADEMY OF VISUAL AND PERFORMING ARTS,OPEN ENROLLMENT CHARTER,Hispanic/Latino,43
2024-2025,11,TARRANT COUNTY,220821,ACADEMY OF VISUAL AND PERFORMING ARTS,OPEN ENROLLMENT CHARTER,Two or more races,<10
2024-2025,11,TARRANT COUNTY,220821,ACADEMY OF VISUAL AND PERFORMING ARTS,OPEN ENROLLMENT CHARTER,White,<10
2024-2025,4,HARRIS COUNTY,101849,ACCELERATED INTERMEDIATE ACADEMY,OPEN ENROLLMENT CHARTER,American Indian or Alaska Nat,<10
2024-2025,4,HARRIS COUNTY,101849,ACCELERATED INTERMEDIATE ACADEMY,OPEN ENROLLMENT CHARTER,Asian,<10
2024-2025,4,HARRIS COUNTY,101849,ACCELERATED INTERMEDIATE ACADEMY,OPEN ENROLLMENT CHARTER,Black or African American,88
2024-2025,4,HARRIS COUNTY,101849,ACCELERATED INTERMEDIATE ACADEMY,OPEN ENROLLMENT CHARTER,Hispanic/Latino,85
2024-2025,4,HARRIS COUNTY,101849,ACCELERATED INTERMEDIATE ACADEMY,OPEN ENROLLMENT CHARTER,Two or more races,<10
2024-2025,4,HARRIS COUNTY,101849,ACCELERATED INTERMEDIATE ACADEMY,OPEN ENROLLMENT CHARTER,White,<10
2024-2025,16,OLDHAM COUNTY,180903,ADRIAN ISD,TRADITIONAL ISD/CSD,Hispanic/Latino,89
2024-2025,16,OLDHAM COUNTY,180903,ADRIAN ISD,TRADITIONAL ISD/CSD,Two or more races,<10
2024-2025,16,OLDHAM COUNTY,180903,ADRIAN ISD,TRADITIONAL ISD/CSD,White,<60
2024-2025,10,DALLAS COUNTY,57806,ADVANTAGE ACADEMY,OPEN ENROLLMENT CHARTER,Asian,13
2024-2025,10,DALLAS COUNTY,57806,ADVANTAGE ACADEMY,OPEN ENROLLMENT CHARTER,Black or African American,297
2024-2025,10,DALLAS COUNTY,57806,ADVANTAGE ACADEMY,OPEN ENROLLMENT CHARTER,Hispanic/Latino,530
2024-2025,10,DALLAS COUNTY,57806,ADVANTAGE ACADEMY,OPEN ENROLLMENT CHARTER,Two or more races,22
2024-2025,10,DALLAS COUNTY,57806,ADVANTAGE ACADEMY,OPEN ENROLLMENT CHARTER,White,110
2024-2025,2,NUECES COUNTY,178901,AGUA DULCE ISD,TRADITIONAL ISD/CSD,American Indian or Alaska Nat,<10
2024-2025,2,NUECES COUNTY,178901,AGUA DULCE ISD,TRADITIONAL ISD/CSD,Black or African American,<10
2024-2025,2,NUECES COUNTY,178901,AGUA DULCE ISD,TRADITIONAL ISD/CSD,Hispanic/Latino,319
2024-2025,2,NUECES COUNTY,178901,AGUA DULCE ISD,TRADITIONAL ISD/CSD,Two or more races,<10
2024-2025,2,NUECES COUNTY,178901,AGUA DULCE ISD,TRADITIONAL ISD/CSD,White,96
2024-2025,20,BEXAR COUNTY,15901,ALAMO HEIGHTS ISD,TRADITIONAL ISD/CSD,American Indian or Alaska Nat,<20
2024-2025,20,BEXAR COUNTY,15901,ALAMO HEIGHTS ISD,TRADITIONAL ISD/CSD,Asian,133
2024-2025,20,BEXAR COUNTY,15901,ALAMO HEIGHTS ISD,TRADITIONAL ISD/CSD,Black or African American,93
2024-2025,20,BEXAR COUNTY,15901,ALAMO HEIGHTS ISD,TRADITIONAL ISD/CSD,Hispanic/Latino,1998
2024-2025,20,BEXAR COUNTY,15901,ALAMO HEIGHTS ISD,TRADITIONAL ISD/CSD,Native Hawaiian/Other Pacific,<10
2024-2025,20,BEXAR COUNTY,15901,ALAMO HEIGHTS ISD,TRADITIONAL ISD/CSD,Two or more races,125
2024-2025,20,BEXAR COUNTY,15901,ALAMO HEIGHTS ISD,TRADITIONAL ISD/CSD,White,2382
2024-2025,7,WOOD COUNTY,250906,ALBA-GOLDEN ISD,TRADITIONAL ISD/CSD,Asian,<10
2024-2025,7,WOOD COUNTY,250906,ALBA-GOLDEN ISD,TRADITIONAL ISD/CSD,Black or African American,<10
2024-2025,7,WOOD COUNTY,250906,ALBA-GOLDEN ISD,TRADITIONAL ISD/CSD,Hispanic/Latino,99
2024-2025,7,WOOD COUNTY,250906,ALBA-GOLDEN ISD,TRADITIONAL ISD/CSD,Two or more races,20
2024-2025,7,WOOD COUNTY,250906,ALBA-GOLDEN ISD,TRADITIONAL ISD/CSD,White,694
2024-2025,14,SHACKELFORD COUNTY,209901,ALBANY ISD,TRADITIONAL ISD/CSD,American Indian or Alaska Nat,<10
2024-2025,14,SHACKELFORD COUNTY,209901,ALBANY ISD,TRADITIONAL ISD/CSD,Asian,<10
2024-2025,14,SHACKELFORD COUNTY,209901,ALBANY ISD,TRADITIONAL ISD/CSD,Black or African American,<10
2024-2025,14,SHACKELFORD COUNTY,209901,ALBANY ISD,TRADITIONAL ISD/CSD,Hispanic/Latino,94
2024-2025,14,SHACKELFORD COUNTY,209901,ALBANY ISD,TRADITIONAL ISD/CSD,Two or more races,11
2024-2025,14,SHACKELFORD COUNTY,209901,ALBANY ISD,TRADITIONAL ISD/CSD,White,361
2024-2025,4,HARRIS COUNTY,101902,ALDINE ISD,TRADITIONAL ISD/CSD,American Indian or Alaska Nat,107
2024-2025,4,HARRIS COUNTY,101902,ALDINE ISD,TRADITIONAL ISD/CSD,Asian,473
2024-2025,4,HARRIS COUNTY,101902,ALDINE ISD,TRADITIONAL ISD/CSD,Black or African American,11729
2024-2025,4,HARRIS COUNTY,101902,ALDINE ISD,TRADITIONAL ISD/CSD,Hispanic/Latino,42421
2024-2025,4,HARRIS COUNTY,101902,ALDINE ISD,TRADITIONAL ISD/CSD,Native Hawaiian/Other Pacific,86
2024-2025,4,HARRIS COUNTY,101902,ALDINE ISD,TRADITIONAL ISD/CSD,Two or more races,690
2024-2025,4,HARRIS COUNTY,101902,ALDINE ISD,TRADITIONAL ISD/CSD,White,913
2024-2025,11,PARKER COUNTY,184907,ALEDO ISD,TRADITIONAL ISD/CSD,American Indian or Alaska Nat,<20
2024-2025,11,PARKER COUNTY,184907,ALEDO ISD,TRADITIONAL ISD/CSD,Asian,110
2024-2025,11,PARKER COUNTY,184907,ALEDO ISD,TRADITIONAL ISD/CSD,Black or African American,136
2024-2025,11,PARKER COUNTY,184907,ALEDO ISD,TRADITIONAL ISD/CSD,Hispanic/Latino,1647
2024-2025,11,PARKER COUNTY,184907,ALEDO ISD,TRADITIONAL ISD/CSD,Native Hawaiian/Other Pacific,<10
2024-2025,11,PARKER COUNTY,184907,ALEDO ISD,TRADITIONAL ISD/CSD,Two or more races,429
2024-2025,11,PARKER COUNTY,184907,ALEDO ISD,TRADITIONAL ISD/CSD,White,6088
2024-2025,2,JIM WELLS COUNTY,125901,ALICE ISD,TRADITIONAL ISD/CSD,American Indian or Alaska Nat,<10
2024-2025,2,JIM WELLS COUNTY,125901,ALICE ISD,TRADITIONAL ISD/CSD,Asian,<20
2024-2025,2,JIM WELLS COUNTY,125901,ALICE ISD,TRADITIONAL ISD/CSD,Black or African American,19
2024-2025,2,JIM WELLS COUNTY,125901,ALICE ISD,TRADITIONAL ISD/CSD,Hispanic/Latino,3922
2024-2025,2,JIM WELLS COUNTY,125901,ALICE ISD,TRADITIONAL ISD/CSD,Two or more races,14
2024-2025,2,JIM WELLS COUNTY,125901,ALICE ISD,TRADITIONAL ISD/CSD,White,327
2024-2025,4,HARRIS COUNTY,101903,ALIEF ISD,TRADITIONAL ISD/CSD,American Indian or Alaska Nat,285
2024-2025,4,HARRIS COUNTY,101903,ALIEF ISD,TRADITIONAL ISD/CSD,Asian,3689
2024-2025,4,HARRIS COUNTY,101903,ALIEF ISD,TRADITIONAL ISD/CSD,Black or African American,8710
2024-2025,4,HARRIS COUNTY,101903,ALIEF ISD,TRADITIONAL ISD/CSD,Hispanic/Latino,24418
2024-2025,4,HARRIS COUNTY,101903,ALIEF ISD,TRADITIONAL ISD/CSD,Native Hawaiian/Other Pacific,64
2024-2025,4,HARRIS COUNTY,101903,ALIEF ISD,TRADITIONAL ISD/CSD,Two or more races,73
2024-2025,4,HARRIS COUNTY,101903,ALIEF ISD,TRADITIONAL ISD/CSD,White,1371
2024-2025,4,HARRIS COUNTY,101815,ALIEF MONTESSORI COMMUNITY SCHOOL,OPEN ENROLLMENT CHARTER,American Indian or Alaska Nat,<10
2024-2025,4,HARRIS COUNTY,101815,ALIEF MONTESSORI COMMUNITY SCHOOL,OPEN ENROLLMENT CHARTER,Asian,140
2024-2025,4,HARRIS COUNTY,101815,ALIEF MONTESSORI COMMUNITY SCHOOL,OPEN ENROLLMENT CHARTER,Black or African American,48
2024-2025,4,HARRIS COUNTY,101815,ALIEF MONTESSORI COMMUNITY SCHOOL,OPEN ENROLLMENT CHARTER,Hispanic/Latino,139
2024-2025,4,HARRIS COUNTY,101815,ALIEF MONTESSORI COMMUNITY SCHOOL,OPEN ENROLLMENT CHARTER,Two or more races,21
2024-2025,4,HARRIS COUNTY,101815,ALIEF MONTESSORI COMMUNITY SCHOOL,OPEN ENROLLMENT CHARTER,White,<20
2024-2025,10,COLLIN COUNTY,43901,ALLEN ISD,TRADITIONAL ISD/CSD,American Indian or Alaska Nat,120
2024-2025,10,COLLIN COUNTY,43901,ALLEN ISD,TRADITIONAL ISD/CSD,Asian,6236
2024-2025,10,COLLIN COUNTY,43901,ALLEN ISD,TRADITIONAL ISD/CSD,Black or African American,2553
2024-2025,10,COLLIN COUNTY,43901,ALLEN ISD,TRADITIONAL ISD/CSD,Hispanic/Latino,3426
2024-2025,10,COLLIN COUNTY,43901,ALLEN ISD,TRADITIONAL ISD/CSD,Native Hawaiian/Other Pacific,49
2024-2025,10,COLLIN COUNTY,43901,ALLEN ISD,TRADITIONAL ISD/CSD,Two or more races,1217
2024-2025,10,COLLIN COUNTY,43901,ALLEN ISD,TRADITIONAL ISD/CSD,White,7237
2024-2025,18,BREWSTER COUNTY,22901,ALPINE ISD,TRADITIONAL ISD/CSD,American Indian or Alaska Nat,<10
2024-2025,18,BREWSTER COUNTY,22901,ALPINE ISD,TRADITIONAL ISD/CSD,Asian,13
2024-2025,18,BREWSTER COUNTY,22901,ALPINE ISD,TRADITIONAL ISD/CSD,Black or African American,<10
2024-2025,18,BREWSTER COUNTY,22901,ALPINE ISD,TRADITIONAL ISD/CSD,Hispanic/Latino,559
2024-2025,18,BREWSTER COUNTY,22901,ALPINE ISD,TRADITIONAL ISD/CSD,Native Hawaiian/Other Pacific,<10
2024-2025,18,BREWSTER COUNTY,22901,ALPINE ISD,TRADITIONAL ISD/CSD,Two or more races,10
2024-2025,18,BREWSTER COUNTY,22901,ALPINE ISD,TRADITIONAL ISD/CSD,White,308
2024-2025,7,CHEROKEE COUNTY,37901,ALTO ISD,TRADITIONAL ISD/CSD,Asian,<10
2024-2025,7,CHEROKEE COUNTY,37901,ALTO ISD,TRADITIONAL ISD/CSD,Black or African American,117
2024-2025,7,CHEROKEE COUNTY,37901,ALTO ISD,TRADITIONAL ISD/CSD,Hispanic/Latino,174
2024-2025,7,CHEROKEE COUNTY,37901,ALTO ISD,TRADITIONAL ISD/CSD,Two or more races,<50
2024-2025,7,CHEROKEE COUNTY,37901,ALTO ISD,TRADITIONAL ISD/CSD,White,164
2024-2025,11,JOHNSON COUNTY,126901,ALVARADO ISD,TRADITIONAL ISD/CSD,American Indian or Alaska Nat,12
2024-2025,11,JOHNSON COUNTY,126901,ALVARADO ISD,TRADITIONAL ISD/CSD,Asian,<10
2024-2025,11,JOHNSON COUNTY,126901,ALVARADO ISD,TRADITIONAL ISD/CSD,Black or African American,138
2024-2025,11,JOHNSON COUNTY,126901,ALVARADO ISD,TRADITIONAL ISD/CSD,Hispanic/Latino,1991
2024-2025,11,JOHNSON COUNTY,126901,ALVARADO ISD,TRADITIONAL ISD/CSD,Native Hawaiian/Other Pacific,<10
2024-2025,11,JOHNSON COUNTY,126901,ALVARADO ISD,TRADITIONAL ISD/CSD,Two or more races,135
2024-2025,11,JOHNSON COUNTY,126901,ALVARADO ISD,TRADITIONAL ISD/CSD,White,1502
2024-2025,4,BRAZORIA COUNTY,20901,ALVIN ISD,TRADITIONAL ISD/CSD,American Indian or Alaska Nat,100
2024-2025,4,BRAZORIA COUNTY,20901,ALVIN ISD,TRADITIONAL ISD/CSD,Asian,2877
2024-2025,4,BRAZORIA COUNTY,20901,ALVIN ISD,TRADITIONAL ISD/CSD,Black or African American,8019
2024-2025,4,BRAZORIA COUNTY,20901,ALVIN ISD,TRADITIONAL ISD/CSD,Hispanic/Latino,12100
2024-2025,4,BRAZORIA COUNTY,20901,ALVIN ISD,TRADITIONAL ISD/CSD,Native Hawaiian/Other Pacific,34
2024-2025,4,BRAZORIA COUNTY,20901,ALVIN ISD,TRADITIONAL ISD/CSD,Two or more races,1085
2024-2025,4,BRAZORIA COUNTY,20901,ALVIN ISD,TRADITIONAL ISD/CSD,White,5823
2024-2025,11,WISE COUNTY,249901,ALVORD ISD,TRADITIONAL ISD/CSD,American Indian or Alaska Nat,<10
2024-2025,11,WISE COUNTY,249901,ALVORD ISD,TRADITIONAL ISD/CSD,Black or African American,<10
2024-2025,11,WISE COUNTY,249901,ALVORD ISD,TRADITIONAL ISD/CSD,Hispanic/Latino,172
2024-2025,11,WISE COUNTY,249901,ALVORD ISD,TRADITIONAL ISD/CSD,Two or more races,<10
2024-2025,11,WISE COUNTY,249901,ALVORD ISD,TRADITIONAL ISD/CSD,White,654
2024-2025,16,POTTER COUNTY,188901,AMARILLO ISD,TRADITIONAL ISD/CSD,American Indian or Alaska Nat,169
2024-2025,16,POTTER COUNTY,188901,AMARILLO ISD,TRADITIONAL ISD/CSD,Asian,1360
2024-2025,16,POTTER COUNTY,188901,AMARILLO ISD,TRADITIONAL ISD/CSD,Black or African American,3065
2024-2025,16,POTTER COUNTY,188901,AMARILLO ISD,TRADITIONAL ISD/CSD,Hispanic/Latino,14051
2024-2025,16,POTTER COUNTY,188901,AMARILLO ISD,TRADITIONAL ISD/CSD,Native Hawaiian/Other Pacific,35
2024-2025,16,POTTER COUNTY,188901,AMARILLO ISD,TRADITIONAL ISD/CSD,Two or more races,903
2024-2025,16,POTTER COUNTY,188901,AMARILLO ISD,TRADITIONAL ISD/CSD,White,9738
2024-2025,4,GALVESTON COUNTY,84804,AMBASSADORS PREPARATORY ACADEMY,OPEN ENROLLMENT CHARTER,Asian,<10
2024-2025,4,GALVESTON COUNTY,84804,AMBASSADORS PREPARATORY ACADEMY,OPEN ENROLLMENT CHARTER,Black or African American,110
2024-2025,4,GALVESTON COUNTY,84804,AMBASSADORS PREPARATORY ACADEMY,OPEN ENROLLMENT CHARTER,Hispanic/Latino,40
2024-2025,4,GALVESTON COUNTY,84804,AMBASSADORS PREPARATORY ACADEMY,OPEN ENROLLMENT CHARTER,Two or more races,<10
2024-2025,4,GALVESTON COUNTY,84804,AMBASSADORS PREPARATORY ACADEMY,OPEN ENROLLMENT CHARTER,White,<10
2024-2025,17,LAMB COUNTY,140901,AMHERST ISD,TRADITIONAL ISD/CSD,Black or African American,<10
2024-2025,17,LAMB COUNTY,140901,AMHERST ISD,TRADITIONAL ISD/CSD,Hispanic/Latino,89
2024-2025,17,LAMB COUNTY,140901,AMHERST ISD,TRADITIONAL ISD/CSD,Two or more races,<10
2024-2025,17,LAMB COUNTY,140901,AMHERST ISD,TRADITIONAL ISD/CSD,White,<10
2024-2025,4,HARRIS COUNTY,101819,AMIGOS POR VIDA-FRIENDS FOR LIFE PUB CHTR SCH,OPEN ENROLLMENT CHARTER,Asian,<10
2024-2025,4,HARRIS COUNTY,101819,AMIGOS POR VIDA-FRIENDS FOR LIFE PUB CHTR SCH,OPEN ENROLLMENT CHARTER,Black or African American,<10
2024-2025,4,HARRIS COUNTY,101819,AMIGOS POR VIDA-FRIENDS FOR LIFE PUB CHTR SCH,OPEN ENROLLMENT CHARTER,Hispanic/Latino,732
2024-2025,4,HARRIS COUNTY,101819,AMIGOS POR VIDA-FRIENDS FOR LIFE PUB CHTR SCH,OPEN ENROLLMENT CHARTER,Two or more races,<10
2024-2025,4,HARRIS COUNTY,101819,AMIGOS POR VIDA-FRIENDS FOR LIFE PUB CHTR SCH,OPEN ENROLLMENT CHARTER,White,<10
2024-2025,4,CHAMBERS COUNTY,36901,ANAHUAC ISD,TRADITIONAL ISD/CSD,American Indian or Alaska Nat,<10
2024-2025,4,CHAMBERS COUNTY,36901,ANAHUAC ISD,TRADITIONAL ISD/CSD,Asian,<40
2024-2025,4,CHAMBERS COUNTY,36901,ANAHUAC ISD,TRADITIONAL ISD/CSD,Black or African American,134
2024-2025,4,CHAMBERS COUNTY,36901,ANAHUAC ISD,TRADITIONAL ISD/CSD,Hispanic/Latino,539
2024-2025,4,CHAMBERS COUNTY,36901,ANAHUAC ISD,TRADITIONAL ISD/CSD,Two or more races,91
2024-2025,4,CHAMBERS COUNTY,36901,ANAHUAC ISD,TRADITIONAL ISD/CSD,White,754
2024-2025,6,GRIMES COUNTY,93901,ANDERSON-SHIRO CISD,TRADITIONAL ISD/CSD,American Indian or Alaska Nat,<10
2024-2025,6,GRIMES COUNTY,93901,ANDERSON-SHIRO CISD,TRADITIONAL ISD/CSD,Asian,<10
2024-2025,6,GRIMES COUNTY,93901,ANDERSON-SHIRO CISD,TRADITIONAL ISD/CSD,Black or African American,37
2024-2025,6,GRIMES COUNTY,93901,ANDERSON-SHIRO CISD,TRADITIONAL ISD/CSD,Hispanic/Latino,169
2024-2025,6,GRIMES COUNTY,93901,ANDERSON-SHIRO CISD,TRADITIONAL ISD/CSD,Native Hawaiian/Other Pacific,<10
2024-2025,6,GRIMES COUNTY,93901,ANDERSON-SHIRO CISD,TRADITIONAL ISD/CSD,Two or more races,37
2024-2025,6,GRIMES COUNTY,93901,ANDERSON-SHIRO CISD,TRADITIONAL ISD/CSD,White,732
2024-2025,18,ANDREWS COUNTY,2901,ANDREWS ISD,TRADITIONAL ISD/CSD,American Indian or Alaska Nat,16
2024-2025,18,ANDREWS COUNTY,2901,ANDREWS ISD,TRADITIONAL ISD/CSD,Asian,17
2024-2025,18,ANDREWS COUNTY,2901,ANDREWS ISD,TRADITIONAL ISD/CSD,Black or African American,16
2024-2025,18,ANDREWS COUNTY,2901,ANDREWS ISD,TRADITIONAL ISD/CSD,Hispanic/Latino,2998
2024-2025,18,ANDREWS COUNTY,2901,ANDREWS ISD,TRADITIONAL ISD/CSD,Two or more races,59
2024-2025,18,ANDREWS COUNTY,2901,ANDREWS ISD,TRADITIONAL ISD/CSD,White,1103
2024-2025,4,BRAZORIA COUNTY,20902,ANGLETON ISD,TRADITIONAL ISD/CSD,American Indian or Alaska Nat,<30
2024-2025,4,BRAZORIA COUNTY,20902,ANGLETON ISD,TRADITIONAL ISD/CSD,Asian,31
2024-2025,4,BRAZORIA COUNTY,20902,ANGLETON ISD,TRADITIONAL ISD/CSD,Black or African American,903
2024-2025,4,BRAZORIA COUNTY,20902,ANGLETON ISD,TRADITIONAL ISD/CSD,Hispanic/Latino,3727
2024-2025,4,BRAZORIA COUNTY,20902,ANGLETON ISD,TRADITIONAL ISD/CSD,Native Hawaiian/Other Pacific,<10
2024-2025,4,BRAZORIA COUNTY,20902,ANGLETON ISD,TRADITIONAL ISD/CSD,Two or more races,251
2024-2025,4,BRAZORIA COUNTY,20902,ANGLETON ISD,TRADITIONAL ISD/CSD,White,2165
2024-2025,10,COLLIN COUNTY,43902,ANNA ISD,TRADITIONAL ISD/CSD,American Indian or Alaska Nat,23
2024-2025,10,COLLIN COUNTY,43902,ANNA ISD,TRADITIONAL ISD/CSD,Asian,204
2024-2025,10,COLLIN COUNTY,43902,ANNA ISD,TRADITIONAL ISD/CSD,Black or African American,1535
2024-2025,10,COLLIN COUNTY,43902,ANNA ISD,TRADITIONAL ISD/CSD,Hispanic/Latino,1847
2024-2025,10,COLLIN COUNTY,43902,ANNA ISD,TRADITIONAL ISD/CSD,Native Hawaiian/Other Pacific,14
2024-2025,10,COLLIN COUNTY,43902,ANNA ISD,TRADITIONAL ISD/CSD,Two or more races,391
2024-2025,10,COLLIN COUNTY,43902,ANNA ISD,TRADITIONAL ISD/CSD,White,2024
2024-2025,14,JONES COUNTY,127901,ANSON ISD,TRADITIONAL ISD/CSD,American Indian or Alaska Nat,<10
2024-2025,14,JONES COUNTY,127901,ANSON ISD,TRADITIONAL ISD/CSD,Asian,<10
2024-2025,14,JONES COUNTY,127901,ANSON ISD,TRADITIONAL ISD/CSD,Black or African American,<10
2024-2025,14,JONES COUNTY,127901,ANSON ISD,TRADITIONAL ISD/CSD,Hispanic/Latino,354
2024-2025,14,JONES COUNTY,127901,ANSON ISD,TRADITIONAL ISD/CSD,Native Hawaiian/Other Pacific,<10
2024-2025,14,JONES COUNTY,127901,ANSON ISD,TRADITIONAL ISD/CSD,Two or more races,20
2024-2025,14,JONES COUNTY,127901,ANSON ISD,TRADITIONAL ISD/CSD,White,334
2024-2025,19,EL PASO COUNTY,71906,ANTHONY ISD,TRADITIONAL ISD/CSD,Asian,<10
2024-2025,19,EL PASO COUNTY,71906,ANTHONY ISD,TRADITIONAL ISD/CSD,Black or African American,<10
2024-2025,19,EL PASO COUNTY,71906,ANTHONY ISD,TRADITIONAL ISD/CSD,Hispanic/Latino,706
2024-2025,19,EL PASO COUNTY,71906,ANTHONY ISD,TRADITIONAL ISD/CSD,Two or more races,<10
2024-2025,19,EL PASO COUNTY,71906,ANTHONY ISD,TRADITIONAL ISD/CSD,White,11
2024-2025,17,HOCKLEY COUNTY,110901,ANTON ISD,TRADITIONAL ISD/CSD,American Indian or Alaska Nat,<10
2024-2025,17,HOCKLEY COUNTY,110901,ANTON ISD,TRADITIONAL ISD/CSD,Black or African American,<10
2024-2025,17,HOCKLEY COUNTY,110901,ANTON ISD,TRADITIONAL ISD/CSD,Hispanic/Latino,125
2024-2025,17,HOCKLEY COUNTY,110901,ANTON ISD,TRADITIONAL ISD/CSD,Two or more races,<10
2024-2025,17,HOCKLEY COUNTY,110901,ANTON ISD,TRADITIONAL ISD/CSD,White,40
2024-2025,6,TRINITY COUNTY,228905,APPLE SPRINGS ISD,TRADITIONAL ISD/CSD,Asian,<10
2024-2025,6,TRINITY COUNTY,228905,APPLE SPRINGS ISD,TRADITIONAL ISD/CSD,Black or African American,10
2024-2025,6,TRINITY COUNTY,228905,APPLE SPRINGS ISD,TRADITIONAL ISD/CSD,Hispanic/Latino,10
2024-2025,6,TRINITY COUNTY,228905,APPLE SPRINGS ISD,TRADITIONAL ISD/CSD,Two or more races,<10
2024-2025,6,TRINITY COUNTY,228905,APPLE SPRINGS ISD,TRADITIONAL ISD/CSD,White,156
2024-2025,12,HILL COUNTY,109912,AQUILLA ISD,TRADITIONAL ISD/CSD,Black or African American,<10
2024-2025,12,HILL COUNTY,109912,AQUILLA ISD,TRADITIONAL ISD/CSD,Hispanic/Latino,41
2024-2025,12,HILL COUNTY,109912,AQUILLA ISD,TRADITIONAL ISD/CSD,Two or more races,<20
2024-2025,12,HILL COUNTY,109912,AQUILLA ISD,TRADITIONAL ISD/CSD,White,277
2024-2025,2,SAN PATRICIO COUNTY,205901,ARANSAS PASS ISD,TRADITIONAL ISD/CSD,Asian,<10
2024-2025,2,SAN PATRICIO COUNTY,205901,ARANSAS PASS ISD,TRADITIONAL ISD/CSD,Black or African American,29
2024-2025,2,SAN PATRICIO COUNTY,205901,ARANSAS PASS ISD,TRADITIONAL ISD/CSD,Hispanic/Latino,1069
2024-2025,2,SAN PATRICIO COUNTY,205901,ARANSAS PASS ISD,TRADITIONAL ISD/CSD,Native Hawaiian/Other Pacific,<10
2024-2025,2,SAN PATRICIO COUNTY,205901,ARANSAS PASS ISD,TRADITIONAL ISD/CSD,Two or more races,41
2024-2025,2,SAN PATRICIO COUNTY,205901,ARANSAS PASS ISD,TRADITIONAL ISD/CSD,White,475
2024-2025,9,ARCHER COUNTY,5901,ARCHER CITY ISD,TRADITIONAL ISD/CSD,American Indian or Alaska Nat,<10
2024-2025,9,ARCHER COUNTY,5901,ARCHER CITY ISD,TRADITIONAL ISD/CSD,Black or African American,<10
2024-2025,9,ARCHER COUNTY,5901,ARCHER CITY ISD,TRADITIONAL ISD/CSD,Hispanic/Latino,73
2024-2025,9,ARCHER COUNTY,5901,ARCHER CITY ISD,TRADITIONAL ISD/CSD,Two or more races,17
2024-2025,9,ARCHER COUNTY,5901,ARCHER CITY ISD,TRADITIONAL ISD/CSD,White,384
2024-2025,11,DENTON COUNTY,61910,ARGYLE ISD,TRADITIONAL ISD/CSD,American Indian or Alaska Nat,<70
2024-2025,11,DENTON COUNTY,61910,ARGYLE ISD,TRADITIONAL ISD/CSD,Asian,1278
2024-2025,11,DENTON COUNTY,61910,ARGYLE ISD,TRADITIONAL ISD/CSD,Black or African American,187
2024-2025,11,DENTON COUNTY,61910,ARGYLE ISD,TRADITIONAL ISD/CSD,Hispanic/Latino,849
2024-2025,11,DENTON COUNTY,61910,ARGYLE ISD,TRADITIONAL ISD/CSD,Native Hawaiian/Other Pacific,<10
2024-2025,11,DENTON COUNTY,61910,ARGYLE ISD,TRADITIONAL ISD/CSD,Two or more races,284
2024-2025,11,DENTON COUNTY,61910,ARGYLE ISD,TRADITIONAL ISD/CSD,White,3501
2024-2025,4,HARRIS COUNTY,101803,ARISTOI CLASSICAL ACADEMY,OPEN ENROLLMENT CHARTER,American Indian or Alaska Nat,<10
2024-2025,4,HARRIS COUNTY,101803,ARISTOI CLASSICAL ACADEMY,OPEN ENROLLMENT CHARTER,Asian,55
2024-2025,4,HARRIS COUNTY,101803,ARISTOI CLASSICAL ACADEMY,OPEN ENROLLMENT CHARTER,Black or African American,128
2024-2025,4,HARRIS COUNTY,101803,ARISTOI CLASSICAL ACADEMY,OPEN ENROLLMENT CHARTER,Hispanic/Latino,567
2024-2025,4,HARRIS COUNTY,101803,ARISTOI CLASSICAL ACADEMY,OPEN ENROLLMENT CHARTER,Native Hawaiian/Other Pacific,<10
2024-2025,4,HARRIS COUNTY,101803,ARISTOI CLASSICAL ACADEMY,OPEN ENROLLMENT CHARTER,Two or more races,94
2024-2025,4,HARRIS COUNTY,101803,ARISTOI CLASSICAL ACADEMY,OPEN ENROLLMENT CHARTER,White,754
2024-2025,11,TARRANT COUNTY,220802,ARLINGTON CLASSICS ACADEMY,OPEN ENROLLMENT CHARTER,American Indian or Alaska Nat,<10
2024-2025,11,TARRANT COUNTY,220802,ARLINGTON CLASSICS ACADEMY,OPEN ENROLLMENT CHARTER,Asian,213
2024-2025,11,TARRANT COUNTY,220802,ARLINGTON CLASSICS ACADEMY,OPEN ENROLLMENT CHARTER,Black or African American,311
2024-2025,11,TARRANT COUNTY,220802,ARLINGTON CLASSICS ACADEMY,OPEN ENROLLMENT CHARTER,Hispanic/Latino,341
2024-2025,11,TARRANT COUNTY,220802,ARLINGTON CLASSICS ACADEMY,OPEN ENROLLMENT CHARTER,Native Hawaiian/Other Pacific,<10
2024-2025,11,TARRANT COUNTY,220802,ARLINGTON CLASSICS ACADEMY,OPEN ENROLLMENT CHARTER,Two or more races,129
2024-2025,11,TARRANT COUNTY,220802,ARLINGTON CLASSICS ACADEMY,OPEN ENROLLMENT CHARTER,White,508
2024-2025,11,TARRANT COUNTY,220901,ARLINGTON ISD,TRADITIONAL ISD/CSD,American Indian or Alaska Nat,211
2024-2025,11,TARRANT COUNTY,220901,ARLINGTON ISD,TRADITIONAL ISD/CSD,Asian,2535
2024-2025,11,TARRANT COUNTY,220901,ARLINGTON ISD,TRADITIONAL ISD/CSD,Black or African American,13330
2024-2025,11,TARRANT COUNTY,220901,ARLINGTON ISD,TRADITIONAL ISD/CSD,Hispanic/Latino,27077
2024-2025,11,TARRANT COUNTY,220901,ARLINGTON ISD,TRADITIONAL ISD/CSD,Native Hawaiian/Other Pacific,89
2024-2025,11,TARRANT COUNTY,220901,ARLINGTON ISD,TRADITIONAL ISD/CSD,Two or more races,1803
2024-2025,11,TARRANT COUNTY,220901,ARLINGTON ISD,TRADITIONAL ISD/CSD,White,8294
2024-2025,7,SMITH COUNTY,212901,ARP ISD,TRADITIONAL ISD/CSD,American Indian or Alaska Nat,<10
2024-2025,7,SMITH COUNTY,212901,ARP ISD,TRADITIONAL ISD/CSD,Asian,<10
2024-2025,7,SMITH COUNTY,212901,ARP ISD,TRADITIONAL ISD/CSD,Black or African American,127
2024-2025,7,SMITH COUNTY,212901,ARP ISD,TRADITIONAL ISD/CSD,Hispanic/Latino,171
2024-2025,7,SMITH COUNTY,212901,ARP ISD,TRADITIONAL ISD/CSD,Native Hawaiian/Other Pacific,<10
2024-2025,7,SMITH COUNTY,212901,ARP ISD,TRADITIONAL ISD/CSD,Two or more races,52
2024-2025,7,SMITH COUNTY,212901,ARP ISD,TRADITIONAL ISD/CSD,White,648
2024-2025,6,BRAZOS COUNTY,21805,ARROW ACADEMY,OPEN ENROLLMENT CHARTER,American Indian or Alaska Nat,<10
2024-2025,6,BRAZOS COUNTY,21805,ARROW ACADEMY,OPEN ENROLLMENT CHARTER,Asian,<10
2024-2025,6,BRAZOS COUNTY,21805,ARROW ACADEMY,OPEN ENROLLMENT CHARTER,Black or African American,270
2024-2025,6,BRAZOS COUNTY,21805,ARROW ACADEMY,OPEN ENROLLMENT CHARTER,Hispanic/Latino,143
2024-2025,6,BRAZOS COUNTY,21805,ARROW ACADEMY,OPEN ENROLLMENT CHARTER,Two or more races,<10
2024-2025,6,BRAZOS COUNTY,21805,ARROW ACADEMY,OPEN ENROLLMENT CHARTER,White,28
2024-2025,14,STONEWALL COUNTY,217901,ASPERMONT ISD,TRADITIONAL ISD/CSD,Asian,<10
2024-2025,14,STONEWALL COUNTY,217901,ASPERMONT ISD,TRADITIONAL ISD/CSD,Black or African American,<10
2024-2025,14,STONEWALL COUNTY,217901,ASPERMONT ISD,TRADITIONAL ISD/CSD,Hispanic/Latino,52
2024-2025,14,STONEWALL COUNTY,217901,ASPERMONT ISD,TRADITIONAL ISD/CSD,Two or more races,<10
2024-2025,14,STONEWALL COUNTY,217901,ASPERMONT ISD,TRADITIONAL ISD/CSD,White,114
2024-2025,10,HENDERSON COUNTY,107901,ATHENS ISD,TRADITIONAL ISD/CSD,American Indian or Alaska Nat,<10
2024-2025,10,HENDERSON COUNTY,107901,ATHENS ISD,TRADITIONAL ISD/CSD,Asian,<30
2024-2025,10,HENDERSON COUNTY,107901,ATHENS ISD,TRADITIONAL ISD/CSD,Black or African American,396
2024-2025,10,HENDERSON COUNTY,107901,ATHENS ISD,TRADITIONAL ISD/CSD,Hispanic/Latino,1558
2024-2025,10,HENDERSON COUNTY,107901,ATHENS ISD,TRADITIONAL ISD/CSD,Two or more races,144
2024-2025,10,HENDERSON COUNTY,107901,ATHENS ISD,TRADITIONAL ISD/CSD,White,897
2024-2025,8,CASS COUNTY,34901,ATLANTA ISD,TRADITIONAL ISD/CSD,American Indian or Alaska Nat,<10
2024-2025,8,CASS COUNTY,34901,ATLANTA ISD,TRADITIONAL ISD/CSD,Asian,12
2024-2025,8,CASS COUNTY,34901,ATLANTA ISD,TRADITIONAL ISD/CSD,Black or African American,561
2024-2025,8,CASS COUNTY,34901,ATLANTA ISD,TRADITIONAL ISD/CSD,Hispanic/Latino,204
2024-2025,8,CASS COUNTY,34901,ATLANTA ISD,TRADITIONAL ISD/CSD,Native Hawaiian/Other Pacific,<10
2024-2025,8,CASS COUNTY,34901,ATLANTA ISD,TRADITIONAL ISD/CSD,Two or more races,137
2024-2025,8,CASS COUNTY,34901,ATLANTA ISD,TRADITIONAL ISD/CSD,White,1008
2024-2025,11,DENTON COUNTY,61907,AUBREY ISD,TRADITIONAL ISD/CSD,American Indian or Alaska Nat,<30
2024-2025,11,DENTON COUNTY,61907,AUBREY ISD,TRADITIONAL ISD/CSD,Asian,260
2024-2025,11,DENTON COUNTY,61907,AUBREY ISD,TRADITIONAL ISD/CSD,Black or African American,879
2024-2025,11,DENTON COUNTY,61907,AUBREY ISD,TRADITIONAL ISD/CSD,Hispanic/Latino,1212
2024-2025,11,DENTON COUNTY,61907,AUBREY ISD,TRADITIONAL ISD/CSD,Native Hawaiian/Other Pacific,<10
2024-2025,11,DENTON COUNTY,61907,AUBREY ISD,TRADITIONAL ISD/CSD,Two or more races,305
2024-2025,11,DENTON COUNTY,61907,AUBREY ISD,TRADITIONAL ISD/CSD,White,1791
2024-2025,13,TRAVIS COUNTY,227825,AUSTIN ACHIEVE PUBLIC SCHOOLS,OPEN ENROLLMENT CHARTER,American Indian or Alaska Nat,<10
2024-2025,13,TRAVIS COUNTY,227825,AUSTIN ACHIEVE PUBLIC SCHOOLS,OPEN ENROLLMENT CHARTER,Asian,82
2024-2025,13,TRAVIS COUNTY,227825,AUSTIN ACHIEVE PUBLIC SCHOOLS,OPEN ENROLLMENT CHARTER,Black or African American,366
2024-2025,13,TRAVIS COUNTY,227825,AUSTIN ACHIEVE PUBLIC SCHOOLS,OPEN ENROLLMENT CHARTER,Hispanic/Latino,2175
2024-2025,13,TRAVIS COUNTY,227825,AUSTIN ACHIEVE PUBLIC SCHOOLS,OPEN ENROLLMENT CHARTER,Native Hawaiian/Other Pacific,<10
2024-2025,13,TRAVIS COUNTY,227825,AUSTIN ACHIEVE PUBLIC SCHOOLS,OPEN ENROLLMENT CHARTER,Two or more races,24
2024-2025,13,TRAVIS COUNTY,227825,AUSTIN ACHIEVE PUBLIC SCHOOLS,OPEN ENROLLMENT CHARTER,White,60
2024-2025,13,TRAVIS COUNTY,227821,AUSTIN DISCOVERY SCHOOL,OPEN ENROLLMENT CHARTER,Asian,<10
2024-2025,13,TRAVIS COUNTY,227821,AUSTIN DISCOVERY SCHOOL,OPEN ENROLLMENT CHARTER,Black or African American,<10
2024-2025,13,TRAVIS COUNTY,227821,AUSTIN DISCOVERY SCHOOL,OPEN ENROLLMENT CHARTER,Hispanic/Latino,57
2024-2025,13,TRAVIS COUNTY,227821,AUSTIN DISCOVERY SCHOOL,OPEN ENROLLMENT CHARTER,Two or more races,13
2024-2025,13,TRAVIS COUNTY,227821,AUSTIN DISCOVERY SCHOOL,OPEN ENROLLMENT CHARTER,White,127
2024-2025,13,TRAVIS COUNTY,227901,AUSTIN ISD,TRADITIONAL ISD/CSD,American Indian or Alaska Nat,125
2024-2025,13,TRAVIS COUNTY,227901,AUSTIN ISD,TRADITIONAL ISD/CSD,Asian,3448
2024-2025,13,TRAVIS COUNTY,227901,AUSTIN ISD,TRADITIONAL ISD/CSD,Black or African American,4342
2024-2025,13,TRAVIS COUNTY,227901,AUSTIN ISD,TRADITIONAL ISD/CSD,Hispanic/Latino,39305
2024-2025,13,TRAVIS COUNTY,227901,AUSTIN ISD,TRADITIONAL ISD/CSD,Native Hawaiian/Other Pacific,69
2024-2025,13,TRAVIS COUNTY,227901,AUSTIN ISD,TRADITIONAL ISD/CSD,Two or more races,2992
2024-2025,13,TRAVIS COUNTY,227901,AUSTIN ISD,TRADITIONAL ISD/CSD,White,21991
2024-2025,3,REFUGIO COUNTY,196901,AUSTWELL-TIVOLI ISD,TRADITIONAL ISD/CSD,Black or African American,<10
2024-2025,3,REFUGIO COUNTY,196901,AUSTWELL-TIVOLI ISD,TRADITIONAL ISD/CSD,Hispanic/Latino,82
2024-2025,3,REFUGIO COUNTY,196901,AUSTWELL-TIVOLI ISD,TRADITIONAL ISD/CSD,Two or more races,<10
2024-2025,3,REFUGIO COUNTY,196901,AUSTWELL-TIVOLI ISD,TRADITIONAL ISD/CSD,White,57
2024-2025,10,ELLIS COUNTY,70901,AVALON ISD,TRADITIONAL ISD/CSD,Asian,<10
2024-2025,10,ELLIS COUNTY,70901,AVALON ISD,TRADITIONAL ISD/CSD,Black or African American,<10
2024-2025,10,ELLIS COUNTY,70901,AVALON ISD,TRADITIONAL ISD/CSD,Hispanic/Latino,140
2024-2025,10,ELLIS COUNTY,70901,AVALON ISD,TRADITIONAL ISD/CSD,Two or more races,11
2024-2025,10,ELLIS COUNTY,70901,AVALON ISD,TRADITIONAL ISD/CSD,White,188
2024-2025,8,RED RIVER COUNTY,194902,AVERY ISD,TRADITIONAL ISD/CSD,American Indian or Alaska Nat,<10
2024-2025,8,RED RIVER COUNTY,194902,AVERY ISD,TRADITIONAL ISD/CSD,Asian,<10
2024-2025,8,RED RIVER COUNTY,194902,AVERY ISD,TRADITIONAL ISD/CSD,Black or African American,<10
2024-2025,8,RED RIVER COUNTY,194902,AVERY ISD,TRADITIONAL ISD/CSD,Hispanic/Latino,37
2024-2025,8,RED RIVER COUNTY,194902,AVERY ISD,TRADITIONAL ISD/CSD,Native Hawaiian/Other Pacific,<10
2024-2025,8,RED RIVER COUNTY,194902,AVERY ISD,TRADITIONAL ISD/CSD,Two or more races,23
2024-2025,8,RED RIVER COUNTY,194902,AVERY ISD,TRADITIONAL ISD/CSD,White,227
2024-2025,8,CASS COUNTY,34902,AVINGER ISD,TRADITIONAL ISD/CSD,American Indian or Alaska Nat,<10
2024-2025,8,CASS COUNTY,34902,AVINGER ISD,TRADITIONAL ISD/CSD,Black or African American,20
2024-2025,8,CASS COUNTY,34902,AVINGER ISD,TRADITIONAL ISD/CSD,Hispanic/Latino,<10
2024-2025,8,CASS COUNTY,34902,AVINGER ISD,TRADITIONAL ISD/CSD,Two or more races,<10
2024-2025,8,CASS COUNTY,34902,AVINGER ISD,TRADITIONAL ISD/CSD,White,80
2024-2025,12,MCLENNAN COUNTY,161918,AXTELL ISD,TRADITIONAL ISD/CSD,American Indian or Alaska Nat,<10
2024-2025,12,MCLENNAN COUNTY,161918,AXTELL ISD,TRADITIONAL ISD/CSD,Black or African American,<20
2024-2025,12,MCLENNAN COUNTY,161918,AXTELL ISD,TRADITIONAL ISD/CSD,Hispanic/Latino,186
2024-2025,12,MCLENNAN COUNTY,161918,AXTELL ISD,TRADITIONAL ISD/CSD,Two or more races,21
2024-2025,12,MCLENNAN COUNTY,161918,AXTELL ISD,TRADITIONAL ISD/CSD,White,606
2024-2025,11,TARRANT COUNTY,220915,AZLE ISD,TRADITIONAL ISD/CSD,American Indian or Alaska Nat,<20
2024-2025,11,TARRANT COUNTY,220915,AZLE ISD,TRADITIONAL ISD/CSD,Asian,36
2024-2025,11,TARRANT COUNTY,220915,AZLE ISD,TRADITIONAL ISD/CSD,Black or African American,135
2024-2025,11,TARRANT COUNTY,220915,AZLE ISD,TRADITIONAL ISD/CSD,Hispanic/Latino,2302
2024-2025,11,TARRANT COUNTY,220915,AZLE ISD,TRADITIONAL ISD/CSD,Native Hawaiian/Other Pacific,<10
2024-2025,11,TARRANT COUNTY,220915,AZLE ISD,TRADITIONAL ISD/CSD,Two or more races,295
2024-2025,11,TARRANT COUNTY,220915,AZLE ISD,TRADITIONAL ISD/CSD,White,4514
2024-2025,14,CALLAHAN COUNTY,30903,BAIRD ISD,TRADITIONAL ISD/CSD,Black or African American,<10
2024-2025,14,CALLAHAN COUNTY,30903,BAIRD ISD,TRADITIONAL ISD/CSD,Hispanic/Latino,84
2024-2025,14,CALLAHAN COUNTY,30903,BAIRD ISD,TRADITIONAL ISD/CSD,Two or more races,<20
2024-2025,14,CALLAHAN COUNTY,30903,BAIRD ISD,TRADITIONAL ISD/CSD,White,246
2024-2025,4,HARRIS COUNTY,101853,BAKERRIPLEY COMMUNITY SCHOOLS,OPEN ENROLLMENT CHARTER,American Indian or Alaska Nat,<10
2024-2025,4,HARRIS COUNTY,101853,BAKERRIPLEY COMMUNITY SCHOOLS,OPEN ENROLLMENT CHARTER,Asian,139
2024-2025,4,HARRIS COUNTY,101853,BAKERRIPLEY COMMUNITY SCHOOLS,OPEN ENROLLMENT CHARTER,Black or African American,356
2024-2025,4,HARRIS COUNTY,101853,BAKERRIPLEY COMMUNITY SCHOOLS,OPEN ENROLLMENT CHARTER,Hispanic/Latino,1218
2024-2025,4,HARRIS COUNTY,101853,BAKERRIPLEY COMMUNITY SCHOOLS,OPEN ENROLLMENT CHARTER,Two or more races,<20
2024-2025,4,HARRIS COUNTY,101853,BAKERRIPLEY COMMUNITY SCHOOLS,OPEN ENROLLMENT CHARTER,White,78
2024-2025,15,RUNNELS COUNTY,200901,BALLINGER ISD,TRADITIONAL ISD/CSD,American Indian or Alaska Nat,<10
2024-2025,15,RUNNELS COUNTY,200901,BALLINGER ISD,TRADITIONAL ISD/CSD,Asian,<10
2024-2025,15,RUNNELS COUNTY,200901,BALLINGER ISD,TRADITIONAL ISD/CSD,Black or African American,<10
2024-2025,15,RUNNELS COUNTY,200901,BALLINGER ISD,TRADITIONAL ISD/CSD,Hispanic/Latino,363
2024-2025,15,RUNNELS COUNTY,200901,BALLINGER ISD,TRADITIONAL ISD/CSD,Native Hawaiian/Other Pacific,<10
2024-2025,15,RUNNELS COUNTY,200901,BALLINGER ISD,TRADITIONAL ISD/CSD,Two or more races,16
2024-2025,15,RUNNELS COUNTY,200901,BALLINGER ISD,TRADITIONAL ISD/CSD,White,383
2024-2025,18,REEVES COUNTY,195902,BALMORHEA ISD,TRADITIONAL ISD/CSD,Hispanic/Latino,116
2024-2025,18,REEVES COUNTY,195902,BALMORHEA ISD,TRADITIONAL ISD/CSD,Two or more races,<10
2024-2025,18,REEVES COUNTY,195902,BALMORHEA ISD,TRADITIONAL ISD/CSD,White,<30
2024-2025,20,BANDERA COUNTY,10902,BANDERA ISD,TRADITIONAL ISD/CSD,American Indian or Alaska Nat,<10
2024-2025,20,BANDERA COUNTY,10902,BANDERA ISD,TRADITIONAL ISD/CSD,Asian,11
2024-2025,20,BANDERA COUNTY,10902,BANDERA ISD,TRADITIONAL ISD/CSD,Black or African American,10
2024-2025,20,BANDERA COUNTY,10902,BANDERA ISD,TRADITIONAL ISD/CSD,Hispanic/Latino,823
2024-2025,20,BANDERA COUNTY,10902,BANDERA ISD,TRADITIONAL ISD/CSD,Native Hawaiian/Other Pacific,<10
2024-2025,20,BANDERA COUNTY,10902,BANDERA ISD,TRADITIONAL ISD/CSD,Two or more races,74
2024-2025,20,BANDERA COUNTY,10902,BANDERA ISD,TRADITIONAL ISD/CSD,White,1298
2024-2025,15,BROWN COUNTY,25901,BANGS ISD,TRADITIONAL ISD/CSD,Asian,<10
2024-2025,15,BROWN COUNTY,25901,BANGS ISD,TRADITIONAL ISD/CSD,Black or African American,26
2024-2025,15,BROWN COUNTY,25901,BANGS ISD,TRADITIONAL ISD/CSD,Hispanic/Latino,204
2024-2025,15,BROWN COUNTY,25901,BANGS ISD,TRADITIONAL ISD/CSD,Two or more races,<30
2024-2025,15,BROWN COUNTY,25901,BANGS ISD,TRADITIONAL ISD/CSD,White,539
2024-2025,2,NUECES COUNTY,178913,BANQUETE ISD,TRADITIONAL ISD/CSD,American Indian or Alaska Nat,<10
2024-2025,2,NUECES COUNTY,178913,BANQUETE ISD,TRADITIONAL ISD/CSD,Black or African American,<10
2024-2025,2,NUECES COUNTY,178913,BANQUETE ISD,TRADITIONAL ISD/CSD,Hispanic/Latino,627
2024-2025,2,NUECES COUNTY,178913,BANQUETE ISD,TRADITIONAL ISD/CSD,Two or more races,<10
2024-2025,2,NUECES COUNTY,178913,BANQUETE ISD,TRADITIONAL ISD/CSD,White,113
2024-2025,4,CHAMBERS COUNTY,36902,BARBERS HILL ISD,TRADITIONAL ISD/CSD,American Indian or Alaska Nat,<30
2024-2025,4,CHAMBERS COUNTY,36902,BARBERS HILL ISD,TRADITIONAL ISD/CSD,Asian,148
2024-2025,4,CHAMBERS COUNTY,36902,BARBERS HILL ISD,TRADITIONAL ISD/CSD,Black or African American,373
2024-2025,4,CHAMBERS COUNTY,36902,BARBERS HILL ISD,TRADITIONAL ISD/CSD,Hispanic/Latino,2525
2024-2025,4,CHAMBERS COUNTY,36902,BARBERS HILL ISD,TRADITIONAL ISD/CSD,Native Hawaiian/Other Pacific,<10
2024-2025,4,CHAMBERS COUNTY,36902,BARBERS HILL ISD,TRADITIONAL ISD/CSD,Two or more races,292
2024-2025,4,CHAMBERS COUNTY,36902,BARBERS HILL ISD,TRADITIONAL ISD/CSD,White,4506
2024-2025,13,BELL COUNTY,14902,BARTLETT ISD,TRADITIONAL ISD/CSD,Asian,<10
2024-2025,13,BELL COUNTY,14902,BARTLETT ISD,TRADITIONAL ISD/CSD,Black or African American,29
2024-2025,13,BELL COUNTY,14902,BARTLETT ISD,TRADITIONAL ISD/CSD,Hispanic/Latino,261
2024-2025,13,BELL COUNTY,14902,BARTLETT ISD,TRADITIONAL ISD/CSD,Two or more races,<10
2024-2025,13,BELL COUNTY,14902,BARTLETT ISD,TRADITIONAL ISD/CSD,White,92
2024-2025,20,BEXAR COUNTY,15834,BASIS TEXAS,OPEN ENROLLMENT CHARTER,American Indian or Alaska Nat,59
2024-2025,20,BEXAR COUNTY,15834,BASIS TEXAS,OPEN ENROLLMENT CHARTER,Asian,3622
2024-2025,20,BEXAR COUNTY,15834,BASIS TEXAS,OPEN ENROLLMENT CHARTER,Black or African American,419
2024-2025,20,BEXAR COUNTY,15834,BASIS TEXAS,OPEN ENROLLMENT CHARTER,Hispanic/Latino,1538
2024-2025,20,BEXAR COUNTY,15834,BASIS TEXAS,OPEN ENROLLMENT CHARTER,Native Hawaiian/Other Pacific,10
2024-2025,20,BEXAR COUNTY,15834,BASIS TEXAS,OPEN ENROLLMENT CHARTER,Two or more races,435
2024-2025,20,BEXAR COUNTY,15834,BASIS TEXAS,OPEN ENROLLMENT CHARTER,White,1009
2024-2025,13,BASTROP COUNTY,11901,BASTROP ISD,TRADITIONAL ISD/CSD,American Indian or Alaska Nat,<20
2024-2025,13,BASTROP COUNTY,11901,BASTROP ISD,TRADITIONAL ISD/CSD,Asian,45
2024-2025,13,BASTROP COUNTY,11901,BASTROP ISD,TRADITIONAL ISD/CSD,Black or African American,370
2024-2025,13,BASTROP COUNTY,11901,BASTROP ISD,TRADITIONAL ISD/CSD,Hispanic/Latino,10250
2024-2025,13,BASTROP COUNTY,11901,BASTROP ISD,TRADITIONAL ISD/CSD,Native Hawaiian/Other Pacific,<10
2024-2025,13,BASTROP COUNTY,11901,BASTROP ISD,TRADITIONAL ISD/CSD,Two or more races,329
2024-2025,13,BASTROP COUNTY,11901,BASTROP ISD,TRADITIONAL ISD/CSD,White,2351
2024-2025,3,MATAGORDA COUNTY,158901,BAY CITY ISD,TRADITIONAL ISD/CSD,American Indian or Alaska Nat,<10
2024-2025,3,MATAGORDA COUNTY,158901,BAY CITY ISD,TRADITIONAL ISD/CSD,Asian,20
2024-2025,3,MATAGORDA COUNTY,158901,BAY CITY ISD,TRADITIONAL ISD/CSD,Black or African American,448
2024-2025,3,MATAGORDA COUNTY,158901,BAY CITY ISD,TRADITIONAL ISD/CSD,Hispanic/Latino,2367
2024-2025,3,MATAGORDA COUNTY,158901,BAY CITY ISD,TRADITIONAL ISD/CSD,Native Hawaiian/Other Pacific,<10
2024-2025,3,MATAGORDA COUNTY,158901,BAY CITY ISD,TRADITIONAL ISD/CSD,Two or more races,92
2024-2025,3,MATAGORDA COUNTY,158901,BAY CITY ISD,TRADITIONAL ISD/CSD,White,535
2024-2025,4,HARRIS COUNTY,101847,BEATRICE MAYES INSTITUTE CHARTER SCHOOL,OPEN ENROLLMENT CHARTER,Asian,<10
2024-2025,4,HARRIS COUNTY,101847,BEATRICE MAYES INSTITUTE CHARTER SCHOOL,OPEN ENROLLMENT CHARTER,Black or African American,544
2024-2025,4,HARRIS COUNTY,101847,BEATRICE MAYES INSTITUTE CHARTER SCHOOL,OPEN ENROLLMENT CHARTER,Hispanic/Latino,<10
2024-2025,4,HARRIS COUNTY,101847,BEATRICE MAYES INSTITUTE CHARTER SCHOOL,OPEN ENROLLMENT CHARTER,Two or more races,<10
2024-2025,5,JEFFERSON COUNTY,123910,BEAUMONT ISD,TRADITIONAL ISD/CSD,American Indian or Alaska Nat,43
2024-2025,5,JEFFERSON COUNTY,123910,BEAUMONT ISD,TRADITIONAL ISD/CSD,Asian,431
2024-2025,5,JEFFERSON COUNTY,123910,BEAUMONT ISD,TRADITIONAL ISD/CSD,Black or African American,9910
2024-2025,5,JEFFERSON COUNTY,123910,BEAUMONT ISD,TRADITIONAL ISD/CSD,Hispanic/Latino,4508
2024-2025,5,JEFFERSON COUNTY,123910,BEAUMONT ISD,TRADITIONAL ISD/CSD,Native Hawaiian/Other Pacific,20
2024-2025,5,JEFFERSON COUNTY,123910,BEAUMONT ISD,TRADITIONAL ISD/CSD,Two or more races,367
2024-2025,5,JEFFERSON COUNTY,123910,BEAUMONT ISD,TRADITIONAL ISD/CSD,White,1057
2024-2025,7,PANOLA COUNTY,183901,BECKVILLE ISD,TRADITIONAL ISD/CSD,Black or African American,28
2024-2025,7,PANOLA COUNTY,183901,BECKVILLE ISD,TRADITIONAL ISD/CSD,Hispanic/Latino,74
2024-2025,7,PANOLA COUNTY,183901,BECKVILLE ISD,TRADITIONAL ISD/CSD,Two or more races,25
2024-2025,7,PANOLA COUNTY,183901,BECKVILLE ISD,TRADITIONAL ISD/CSD,White,557
2024-2025,2,BEE COUNTY,13901,BEEVILLE ISD,TRADITIONAL ISD/CSD,American Indian or Alaska Nat,<10
2024-2025,2,BEE COUNTY,13901,BEEVILLE ISD,TRADITIONAL ISD/CSD,Asian,<10
2024-2025,2,BEE COUNTY,13901,BEEVILLE ISD,TRADITIONAL ISD/CSD,Black or African American,53
2024-2025,2,BEE COUNTY,13901,BEEVILLE ISD,TRADITIONAL ISD/CSD,Hispanic/Latino,2639
2024-2025,2,BEE COUNTY,13901,BEEVILLE ISD,TRADITIONAL ISD/CSD,Native Hawaiian/Other Pacific,<10
2024-2025,2,BEE COUNTY,13901,BEEVILLE ISD,TRADITIONAL ISD/CSD,Two or more races,35
2024-2025,2,BEE COUNTY,13901,BEEVILLE ISD,TRADITIONAL ISD/CSD,White,295
2024-2025,9,CLAY COUNTY,39904,BELLEVUE ISD,TRADITIONAL ISD/CSD,Black or African American,<10
2024-2025,9,CLAY COUNTY,39904,BELLEVUE ISD,TRADITIONAL ISD/CSD,Hispanic/Latino,15
2024-2025,9,CLAY COUNTY,39904,BELLEVUE ISD,TRADITIONAL ISD/CSD,Two or more races,<10
2024-2025,9,CLAY COUNTY,39904,BELLEVUE ISD,TRADITIONAL ISD/CSD,White,212
2024-2025,10,GRAYSON COUNTY,91901,BELLS ISD,TRADITIONAL ISD/CSD,American Indian or Alaska Nat,12
2024-2025,10,GRAYSON COUNTY,91901,BELLS ISD,TRADITIONAL ISD/CSD,Asian,<10
2024-2025,10,GRAYSON COUNTY,91901,BELLS ISD,TRADITIONAL ISD/CSD,Black or African American,<10
2024-2025,10,GRAYSON COUNTY,91901,BELLS ISD,TRADITIONAL ISD/CSD,Hispanic/Latino,117
2024-2025,10,GRAYSON COUNTY,91901,BELLS ISD,TRADITIONAL ISD/CSD,Native Hawaiian/Other Pacific,<10
2024-2025,10,GRAYSON COUNTY,91901,BELLS ISD,TRADITIONAL ISD/CSD,Two or more races,62
2024-2025,10,GRAYSON COUNTY,91901,BELLS ISD,TRADITIONAL ISD/CSD,White,797
2024-2025,6,AUSTIN COUNTY,8901,BELLVILLE ISD,TRADITIONAL ISD/CSD,American Indian or Alaska Nat,<10
2024-2025,6,AUSTIN COUNTY,8901,BELLVILLE ISD,TRADITIONAL ISD/CSD,Asian,16
2024-2025,6,AUSTIN COUNTY,8901,BELLVILLE ISD,TRADITIONAL ISD/CSD,Black or African American,164
2024-2025,6,AUSTIN COUNTY,8901,BELLVILLE ISD,TRADITIONAL ISD/CSD,Hispanic/Latino,747
2024-2025,6,AUSTIN COUNTY,8901,BELLVILLE ISD,TRADITIONAL ISD/CSD,Native Hawaiian/Other Pacific,<10
2024-2025,6,AUSTIN COUNTY,8901,BELLVILLE ISD,TRADITIONAL ISD/CSD,Two or more races,78
2024-2025,6,AUSTIN COUNTY,8901,BELLVILLE ISD,TRADITIONAL ISD/CSD,White,1304
2024-2025,12,BELL COUNTY,14903,BELTON ISD,TRADITIONAL ISD/CSD,American Indian or Alaska Nat,48
2024-2025,12,BELL COUNTY,14903,BELTON ISD,TRADITIONAL ISD/CSD,Asian,323
2024-2025,12,BELL COUNTY,14903,BELTON ISD,TRADITIONAL ISD/CSD,Black or African American,1123
2024-2025,12,BELL COUNTY,14903,BELTON ISD,TRADITIONAL ISD/CSD,Hispanic/Latino,4956
2024-2025,12,BELL COUNTY,14903,BELTON ISD,TRADITIONAL ISD/CSD,Native Hawaiian/Other Pacific,60
2024-2025,12,BELL COUNTY,14903,BELTON ISD,TRADITIONAL ISD/CSD,Two or more races,886
2024-2025,12,BELL COUNTY,14903,BELTON ISD,TRADITIONAL ISD/CSD,White,6301
2024-2025,2,JIM WELLS COUNTY,125902,BEN BOLT-PALITO BLANCO ISD,TRADITIONAL ISD/CSD,Black or African American,<10
2024-2025,2,JIM WELLS COUNTY,125902,BEN BOLT-PALITO BLANCO ISD,TRADITIONAL ISD/CSD,Hispanic/Latino,405
2024-2025,2,JIM WELLS COUNTY,125902,BEN BOLT-PALITO BLANCO ISD,TRADITIONAL ISD/CSD,White,<40
2024-2025,2,DUVAL COUNTY,66901,BENAVIDES ISD,TRADITIONAL ISD/CSD,Hispanic/Latino,<150
2024-2025,2,DUVAL COUNTY,66901,BENAVIDES ISD,TRADITIONAL ISD/CSD,White,<10
2024-2025,9,KNOX COUNTY,138904,BENJAMIN ISD,TRADITIONAL ISD/CSD,Asian,<10
2024-2025,9,KNOX COUNTY,138904,BENJAMIN ISD,TRADITIONAL ISD/CSD,Hispanic/Latino,44
2024-2025,9,KNOX COUNTY,138904,BENJAMIN ISD,TRADITIONAL ISD/CSD,Two or more races,<10
2024-2025,9,KNOX COUNTY,138904,BENJAMIN ISD,TRADITIONAL ISD/CSD,White,48
2024-2025,4,HARRIS COUNTY,101870,BETA ACADEMY,OPEN ENROLLMENT CHARTER,American Indian or Alaska Nat,<10
2024-2025,4,HARRIS COUNTY,101870,BETA ACADEMY,OPEN ENROLLMENT CHARTER,Asian,30
2024-2025,4,HARRIS COUNTY,101870,BETA ACADEMY,OPEN ENROLLMENT CHARTER,Black or African American,218
2024-2025,4,HARRIS COUNTY,101870,BETA ACADEMY,OPEN ENROLLMENT CHARTER,Hispanic/Latino,1101
2024-2025,4,HARRIS COUNTY,101870,BETA ACADEMY,OPEN ENROLLMENT CHARTER,Two or more races,<10
2024-2025,4,HARRIS COUNTY,101870,BETA ACADEMY,OPEN ENROLLMENT CHARTER,White,207
2024-2025,17,LUBBOCK COUNTY,152806,BETTY M CONDRA SCHOOL FOR EDUCATION INNOVATION,OPEN ENROLLMENT CHARTER,Black or African American,<50
2024-2025,17,LUBBOCK COUNTY,152806,BETTY M CONDRA SCHOOL FOR EDUCATION INNOVATION,OPEN ENROLLMENT CHARTER,Hispanic/Latino,97
2024-2025,17,LUBBOCK COUNTY,152806,BETTY M CONDRA SCHOOL FOR EDUCATION INNOVATION,OPEN ENROLLMENT CHARTER,Two or more races,<10
2024-2025,17,LUBBOCK COUNTY,152806,BETTY M CONDRA SCHOOL FOR EDUCATION INNOVATION,OPEN ENROLLMENT CHARTER,White,44
2024-2025,20,BEXAR COUNTY,15809,BEXAR COUNTY ACADEMY,OPEN ENROLLMENT CHARTER,Asian,<10
2024-2025,20,BEXAR COUNTY,15809,BEXAR COUNTY ACADEMY,OPEN ENROLLMENT CHARTER,Black or African American,<10
2024-2025,20,BEXAR COUNTY,15809,BEXAR COUNTY ACADEMY,OPEN ENROLLMENT CHARTER,Hispanic/Latino,137
2024-2025,20,BEXAR COUNTY,15809,BEXAR COUNTY ACADEMY,OPEN ENROLLMENT CHARTER,White,<10
2024-2025,6,POLK COUNTY,187901,BIG SANDY ISD,TRADITIONAL ISD/CSD,American Indian or Alaska Nat,100
2024-2025,7,UPSHUR COUNTY,230901,BIG SANDY ISD,TRADITIONAL ISD/CSD,Asian,<10
2024-2025,6,POLK COUNTY,187901,BIG SANDY ISD,TRADITIONAL ISD/CSD,Black or African American,<10
2024-2025,7,UPSHUR COUNTY,230901,BIG SANDY ISD,TRADITIONAL ISD/CSD,Black or African American,71
2024-2025,6,POLK COUNTY,187901,BIG SANDY ISD,TRADITIONAL ISD/CSD,Hispanic/Latino,59
2024-2025,7,UPSHUR COUNTY,230901,BIG SANDY ISD,TRADITIONAL ISD/CSD,Hispanic/Latino,95
2024-2025,6,POLK COUNTY,187901,BIG SANDY ISD,TRADITIONAL ISD/CSD,Two or more races,<40
2024-2025,7,UPSHUR COUNTY,230901,BIG SANDY ISD,TRADITIONAL ISD/CSD,Two or more races,<50
2024-2025,6,POLK COUNTY,187901,BIG SANDY ISD,TRADITIONAL ISD/CSD,White,305
2024-2025,7,UPSHUR COUNTY,230901,BIG SANDY ISD,TRADITIONAL ISD/CSD,White,435
2024-2025,18,HOWARD COUNTY,114901,BIG SPRING ISD,TRADITIONAL ISD/CSD,American Indian or Alaska Nat,<10
2024-2025,18,HOWARD COUNTY,114901,BIG SPRING ISD,TRADITIONAL ISD/CSD,Asian,31
2024-2025,18,HOWARD COUNTY,114901,BIG SPRING ISD,TRADITIONAL ISD/CSD,Black or African American,166
2024-2025,18,HOWARD COUNTY,114901,BIG SPRING ISD,TRADITIONAL ISD/CSD,Hispanic/Latino,2355
2024-2025,18,HOWARD COUNTY,114901,BIG SPRING ISD,TRADITIONAL ISD/CSD,Native Hawaiian/Other Pacific,<10
2024-2025,18,HOWARD COUNTY,114901,BIG SPRING ISD,TRADITIONAL ISD/CSD,Two or more races,116
2024-2025,18,HOWARD COUNTY,114901,BIG SPRING ISD,TRADITIONAL ISD/CSD,White,702
2024-2025,20,REAL COUNTY,193801,BIG SPRINGS CHARTER SCHOOL,OPEN ENROLLMENT CHARTER,Asian,<10
2024-2025,20,REAL COUNTY,193801,BIG SPRINGS CHARTER SCHOOL,OPEN ENROLLMENT CHARTER,Black or African American,<10
2024-2025,20,REAL COUNTY,193801,BIG SPRINGS CHARTER SCHOOL,OPEN ENROLLMENT CHARTER,Hispanic/Latino,84
2024-2025,20,REAL COUNTY,193801,BIG SPRINGS CHARTER SCHOOL,OPEN ENROLLMENT CHARTER,Two or more races,<10
2024-2025,20,REAL COUNTY,193801,BIG SPRINGS CHARTER SCHOOL,OPEN ENROLLMENT CHARTER,White,82
2024-2025,11,TARRANT COUNTY,220902,BIRDVILLE ISD,TRADITIONAL ISD/CSD,American Indian or Alaska Nat,65
2024-2025,11,TARRANT COUNTY,220902,BIRDVILLE ISD,TRADITIONAL ISD/CSD,Asian,996
2024-2025,11,TARRANT COUNTY,220902,BIRDVILLE ISD,TRADITIONAL ISD/CSD,Black or African American,2190
2024-2025,11,TARRANT COUNTY,220902,BIRDVILLE ISD,TRADITIONAL ISD/CSD,Hispanic/Latino,10695
2024-2025,11,TARRANT COUNTY,220902,BIRDVILLE ISD,TRADITIONAL ISD/CSD,Native Hawaiian/Other Pacific,97
2024-2025,11,TARRANT COUNTY,220902,BIRDVILLE ISD,TRADITIONAL ISD/CSD,Two or more races,1078
2024-2025,11,TARRANT COUNTY,220902,BIRDVILLE ISD,TRADITIONAL ISD/CSD,White,7146
2024-2025,2,NUECES COUNTY,178902,BISHOP CISD,TRADITIONAL ISD/CSD,American Indian or Alaska Nat,<10
2024-2025,2,NUECES COUNTY,178902,BISHOP CISD,TRADITIONAL ISD/CSD,Asian,<10
2024-2025,2,NUECES COUNTY,178902,BISHOP CISD,TRADITIONAL ISD/CSD,Black or African American,11
2024-2025,2,NUECES COUNTY,178902,BISHOP CISD,TRADITIONAL ISD/CSD,Hispanic/Latino,1234
2024-2025,2,NUECES COUNTY,178902,BISHOP CISD,TRADITIONAL ISD/CSD,Two or more races,11
2024-2025,2,NUECES COUNTY,178902,BISHOP CISD,TRADITIONAL ISD/CSD,White,196
2024-2025,14,NOLAN COUNTY,177903,BLACKWELL CISD,TRADITIONAL ISD/CSD,American Indian or Alaska Nat,<10
2024-2025,14,NOLAN COUNTY,177903,BLACKWELL CISD,TRADITIONAL ISD/CSD,Asian,<10
2024-2025,14,NOLAN COUNTY,177903,BLACKWELL CISD,TRADITIONAL ISD/CSD,Hispanic/Latino,24
2024-2025,14,NOLAN COUNTY,177903,BLACKWELL CISD,TRADITIONAL ISD/CSD,Two or more races,<10
2024-2025,14,NOLAN COUNTY,177903,BLACKWELL CISD,TRADITIONAL ISD/CSD,White,153
2024-2025,13,BLANCO COUNTY,16902,BLANCO ISD,TRADITIONAL ISD/CSD,American Indian or Alaska Nat,<10
2024-2025,13,BLANCO COUNTY,16902,BLANCO ISD,TRADITIONAL ISD/CSD,Asian,<10
2024-2025,13,BLANCO COUNTY,16902,BLANCO ISD,TRADITIONAL ISD/CSD,Black or African American,<10
2024-2025,13,BLANCO COUNTY,16902,BLANCO ISD,TRADITIONAL ISD/CSD,Hispanic/Latino,445
2024-2025,13,BLANCO COUNTY,16902,BLANCO ISD,TRADITIONAL ISD/CSD,Native Hawaiian/Other Pacific,<10
2024-2025,13,BLANCO COUNTY,16902,BLANCO ISD,TRADITIONAL ISD/CSD,Two or more races,39
2024-2025,13,BLANCO COUNTY,16902,BLANCO ISD,TRADITIONAL ISD/CSD,White,604
2024-2025,10,HUNT COUNTY,116915,BLAND ISD,TRADITIONAL ISD/CSD,American Indian or Alaska Nat,<10
2024-2025,10,HUNT COUNTY,116915,BLAND ISD,TRADITIONAL ISD/CSD,Asian,<10
2024-2025,10,HUNT COUNTY,116915,BLAND ISD,TRADITIONAL ISD/CSD,Black or African American,<10
2024-2025,10,HUNT COUNTY,116915,BLAND ISD,TRADITIONAL ISD/CSD,Hispanic/Latino,376
2024-2025,10,HUNT COUNTY,116915,BLAND ISD,TRADITIONAL ISD/CSD,Native Hawaiian/Other Pacific,<10
2024-2025,10,HUNT COUNTY,116915,BLAND ISD,TRADITIONAL ISD/CSD,Two or more races,16
2024-2025,10,HUNT COUNTY,116915,BLAND ISD,TRADITIONAL ISD/CSD,White,368
2024-2025,15,BROWN COUNTY,25904,BLANKET ISD,TRADITIONAL ISD/CSD,Black or African American,<10
2024-2025,15,BROWN COUNTY,25904,BLANKET ISD,TRADITIONAL ISD/CSD,Hispanic/Latino,53
2024-2025,15,BROWN COUNTY,25904,BLANKET ISD,TRADITIONAL ISD/CSD,Two or more races,<10
2024-2025,15,BROWN COUNTY,25904,BLANKET ISD,TRADITIONAL ISD/CSD,White,110
2024-2025,4,HARRIS COUNTY,101875,BLOOM ACADEMY CHARTER SCHOOL,OPEN ENROLLMENT CHARTER,American Indian or Alaska Nat,<10
2024-2025,4,HARRIS COUNTY,101875,BLOOM ACADEMY CHARTER SCHOOL,OPEN ENROLLMENT CHARTER,Black or African American,261
2024-2025,4,HARRIS COUNTY,101875,BLOOM ACADEMY CHARTER SCHOOL,OPEN ENROLLMENT CHARTER,Hispanic/Latino,29
2024-2025,4,HARRIS COUNTY,101875,BLOOM ACADEMY CHARTER SCHOOL,OPEN ENROLLMENT CHARTER,Native Hawaiian/Other Pacific,<10
2024-2025,4,HARRIS COUNTY,101875,BLOOM ACADEMY CHARTER SCHOOL,OPEN ENROLLMENT CHARTER,Two or more races,<10
2024-2025,4,HARRIS COUNTY,101875,BLOOM ACADEMY CHARTER SCHOOL,OPEN ENROLLMENT CHARTER,White,<10
2024-2025,8,CASS COUNTY,34909,BLOOMBURG ISD,TRADITIONAL ISD/CSD,Asian,<10
2024-2025,8,CASS COUNTY,34909,BLOOMBURG ISD,TRADITIONAL ISD/CSD,Black or African American,<10
2024-2025,8,CASS COUNTY,34909,BLOOMBURG ISD,TRADITIONAL ISD/CSD,Hispanic/Latino,16
2024-2025,8,CASS COUNTY,34909,BLOOMBURG ISD,TRADITIONAL ISD/CSD,Two or more races,<10
2024-2025,8,CASS COUNTY,34909,BLOOMBURG ISD,TRADITIONAL ISD/CSD,White,202
2024-2025,12,NAVARRO COUNTY,175902,BLOOMING GROVE ISD,TRADITIONAL ISD/CSD,Asian,<10
2024-2025,12,NAVARRO COUNTY,175902,BLOOMING GROVE ISD,TRADITIONAL ISD/CSD,Black or African American,19
2024-2025,12,NAVARRO COUNTY,175902,BLOOMING GROVE ISD,TRADITIONAL ISD/CSD,Hispanic/Latino,337
2024-2025,12,NAVARRO COUNTY,175902,BLOOMING GROVE ISD,TRADITIONAL ISD/CSD,Native Hawaiian/Other Pacific,<10
2024-2025,12,NAVARRO COUNTY,175902,BLOOMING GROVE ISD,TRADITIONAL ISD/CSD,Two or more races,39
2024-2025,12,NAVARRO COUNTY,175902,BLOOMING GROVE ISD,TRADITIONAL ISD/CSD,White,530
2024-2025,3,VICTORIA COUNTY,235901,BLOOMINGTON ISD,TRADITIONAL ISD/CSD,Black or African American,<30
2024-2025,3,VICTORIA COUNTY,235901,BLOOMINGTON ISD,TRADITIONAL ISD/CSD,Hispanic/Latino,678
2024-2025,3,VICTORIA COUNTY,235901,BLOOMINGTON ISD,TRADITIONAL ISD/CSD,Two or more races,<10
2024-2025,3,VICTORIA COUNTY,235901,BLOOMINGTON ISD,TRADITIONAL ISD/CSD,White,87
2024-2025,10,COLLIN COUNTY,43917,BLUE RIDGE ISD,TRADITIONAL ISD/CSD,Asian,<10
2024-2025,10,COLLIN COUNTY,43917,BLUE RIDGE ISD,TRADITIONAL ISD/CSD,Black or African American,<10
2024-2025,10,COLLIN COUNTY,43917,BLUE RIDGE ISD,TRADITIONAL ISD/CSD,Hispanic/Latino,357
2024-2025,10,COLLIN COUNTY,43917,BLUE RIDGE ISD,TRADITIONAL ISD/CSD,Two or more races,55
2024-2025,10,COLLIN COUNTY,43917,BLUE RIDGE ISD,TRADITIONAL ISD/CSD,White,625
2024-2025,11,ERATH COUNTY,72904,BLUFF DALE ISD,TRADITIONAL ISD/CSD,American Indian or Alaska Nat,<10
2024-2025,11,ERATH COUNTY,72904,BLUFF DALE ISD,TRADITIONAL ISD/CSD,Asian,<10
2024-2025,11,ERATH COUNTY,72904,BLUFF DALE ISD,TRADITIONAL ISD/CSD,Hispanic/Latino,22
2024-2025,11,ERATH COUNTY,72904,BLUFF DALE ISD,TRADITIONAL ISD/CSD,Native Hawaiian/Other Pacific,<10
2024-2025,11,ERATH COUNTY,72904,BLUFF DALE ISD,TRADITIONAL ISD/CSD,Two or more races,11
2024-2025,11,ERATH COUNTY,72904,BLUFF DALE ISD,TRADITIONAL ISD/CSD,White,182
2024-2025,12,HILL COUNTY,109913,BLUM ISD,TRADITIONAL ISD/CSD,American Indian or Alaska Nat,<10
2024-2025,12,HILL COUNTY,109913,BLUM ISD,TRADITIONAL ISD/CSD,Black or African American,<10
2024-2025,12,HILL COUNTY,109913,BLUM ISD,TRADITIONAL ISD/CSD,Hispanic/Latino,35
2024-2025,12,HILL COUNTY,109913,BLUM ISD,TRADITIONAL ISD/CSD,Two or more races,<10
2024-2025,12,HILL COUNTY,109913,BLUM ISD,TRADITIONAL ISD/CSD,White,284
2024-2025,5,JEFFERSON COUNTY,123807,BOB HOPE SCHOOL,OPEN ENROLLMENT CHARTER,American Indian or Alaska Nat,<10
2024-2025,5,JEFFERSON COUNTY,123807,BOB HOPE SCHOOL,OPEN ENROLLMENT CHARTER,Asian,21
2024-2025,5,JEFFERSON COUNTY,123807,BOB HOPE SCHOOL,OPEN ENROLLMENT CHARTER,Black or African American,389
2024-2025,5,JEFFERSON COUNTY,123807,BOB HOPE SCHOOL,OPEN ENROLLMENT CHARTER,Hispanic/Latino,2080
2024-2025,5,JEFFERSON COUNTY,123807,BOB HOPE SCHOOL,OPEN ENROLLMENT CHARTER,Native Hawaiian/Other Pacific,<10
2024-2025,5,JEFFERSON COUNTY,123807,BOB HOPE SCHOOL,OPEN ENROLLMENT CHARTER,Two or more races,30
2024-2025,5,JEFFERSON COUNTY,123807,BOB HOPE SCHOOL,OPEN ENROLLMENT CHARTER,White,58
2024-2025,20,KENDALL COUNTY,130901,BOERNE ISD,TRADITIONAL ISD/CSD,American Indian or Alaska Nat,24
2024-2025,20,KENDALL COUNTY,130901,BOERNE ISD,TRADITIONAL ISD/CSD,Asian,286
2024-2025,20,KENDALL COUNTY,130901,BOERNE ISD,TRADITIONAL ISD/CSD,Black or African American,150
2024-2025,20,KENDALL COUNTY,130901,BOERNE ISD,TRADITIONAL ISD/CSD,Hispanic/Latino,3859
2024-2025,20,KENDALL COUNTY,130901,BOERNE ISD,TRADITIONAL ISD/CSD,Native Hawaiian/Other Pacific,14
2024-2025,20,KENDALL COUNTY,130901,BOERNE ISD,TRADITIONAL ISD/CSD,Two or more races,315
2024-2025,20,KENDALL COUNTY,130901,BOERNE ISD,TRADITIONAL ISD/CSD,White,6453
2024-2025,10,HUNT COUNTY,116916,BOLES ISD,TRADITIONAL ISD/CSD,American Indian or Alaska Nat,<10
2024-2025,10,HUNT COUNTY,116916,BOLES ISD,TRADITIONAL ISD/CSD,Asian,<10
2024-2025,10,HUNT COUNTY,116916,BOLES ISD,TRADITIONAL ISD/CSD,Black or African American,11
2024-2025,10,HUNT COUNTY,116916,BOLES ISD,TRADITIONAL ISD/CSD,Hispanic/Latino,111
2024-2025,10,HUNT COUNTY,116916,BOLES ISD,TRADITIONAL ISD/CSD,Two or more races,23
2024-2025,10,HUNT COUNTY,116916,BOLES ISD,TRADITIONAL ISD/CSD,White,391
2024-2025,3,WHARTON COUNTY,241901,BOLING ISD,TRADITIONAL ISD/CSD,Asian,<10
2024-2025,3,WHARTON COUNTY,241901,BOLING ISD,TRADITIONAL ISD/CSD,Black or African American,99
2024-2025,3,WHARTON COUNTY,241901,BOLING ISD,TRADITIONAL ISD/CSD,Hispanic/Latino,600
2024-2025,3,WHARTON COUNTY,241901,BOLING ISD,TRADITIONAL ISD/CSD,Two or more races,<30
2024-2025,3,WHARTON COUNTY,241901,BOLING ISD,TRADITIONAL ISD/CSD,White,427
2024-2025,10,FANNIN COUNTY,74903,BONHAM ISD,TRADITIONAL ISD/CSD,American Indian or Alaska Nat,17
2024-2025,10,FANNIN COUNTY,74903,BONHAM ISD,TRADITIONAL ISD/CSD,Asian,<10
2024-2025,10,FANNIN COUNTY,74903,BONHAM ISD,TRADITIONAL ISD/CSD,Black or African American,123
2024-2025,10,FANNIN COUNTY,74903,BONHAM ISD,TRADITIONAL ISD/CSD,Hispanic/Latino,663
2024-2025,10,FANNIN COUNTY,74903,BONHAM ISD,TRADITIONAL ISD/CSD,Native Hawaiian/Other Pacific,<10
2024-2025,10,FANNIN COUNTY,74903,BONHAM ISD,TRADITIONAL ISD/CSD,Two or more races,135
2024-2025,10,FANNIN COUNTY,74903,BONHAM ISD,TRADITIONAL ISD/CSD,White,1080
2024-2025,16,LIPSCOMB COUNTY,148901,BOOKER ISD,TRADITIONAL ISD/CSD,Hispanic/Latino,257
2024-2025,16,LIPSCOMB COUNTY,148901,BOOKER ISD,TRADITIONAL ISD/CSD,Two or more races,<10
2024-2025,16,LIPSCOMB COUNTY,148901,BOOKER ISD,TRADITIONAL ISD/CSD,White,<90
2024-2025,17,BORDEN COUNTY,17901,BORDEN COUNTY ISD,TRADITIONAL ISD/CSD,American Indian or Alaska Nat,<10
2024-2025,17,BORDEN COUNTY,17901,BORDEN COUNTY ISD,TRADITIONAL ISD/CSD,Hispanic/Latino,71
2024-2025,17,BORDEN COUNTY,17901,BORDEN COUNTY ISD,TRADITIONAL ISD/CSD,Two or more races,<10
2024-2025,17,BORDEN COUNTY,17901,BORDEN COUNTY ISD,TRADITIONAL ISD/CSD,White,176
2024-2025,16,HUTCHINSON COUNTY,117901,BORGER ISD,TRADITIONAL ISD/CSD,American Indian or Alaska Nat,25
2024-2025,16,HUTCHINSON COUNTY,117901,BORGER ISD,TRADITIONAL ISD/CSD,Asian,12
2024-2025,16,HUTCHINSON COUNTY,117901,BORGER ISD,TRADITIONAL ISD/CSD,Black or African American,41
2024-2025,16,HUTCHINSON COUNTY,117901,BORGER ISD,TRADITIONAL ISD/CSD,Hispanic/Latino,1112
2024-2025,16,HUTCHINSON COUNTY,117901,BORGER ISD,TRADITIONAL ISD/CSD,Two or more races,91
2024-2025,16,HUTCHINSON COUNTY,117901,BORGER ISD,TRADITIONAL ISD/CSD,White,1044
2024-2025,12,MCLENNAN COUNTY,161923,BOSQUEVILLE ISD,TRADITIONAL ISD/CSD,American Indian or Alaska Nat,<10
2024-2025,12,MCLENNAN COUNTY,161923,BOSQUEVILLE ISD,TRADITIONAL ISD/CSD,Asian,<10
2024-2025,12,MCLENNAN COUNTY,161923,BOSQUEVILLE ISD,TRADITIONAL ISD/CSD,Black or African American,19
2024-2025,12,MCLENNAN COUNTY,161923,BOSQUEVILLE ISD,TRADITIONAL ISD/CSD,Hispanic/Latino,203
2024-2025,12,MCLENNAN COUNTY,161923,BOSQUEVILLE ISD,TRADITIONAL ISD/CSD,Two or more races,36
2024-2025,12,MCLENNAN COUNTY,161923,BOSQUEVILLE ISD,TRADITIONAL ISD/CSD,White,467
2024-2025,16,PARMER COUNTY,185901,BOVINA ISD,TRADITIONAL ISD/CSD,Black or African American,<10
2024-2025,16,PARMER COUNTY,185901,BOVINA ISD,TRADITIONAL ISD/CSD,Hispanic/Latino,389
2024-2025,16,PARMER COUNTY,185901,BOVINA ISD,TRADITIONAL ISD/CSD,Two or more races,<10
2024-2025,16,PARMER COUNTY,185901,BOVINA ISD,TRADITIONAL ISD/CSD,White,27
2024-2025,9,MONTAGUE COUNTY,169901,BOWIE ISD,TRADITIONAL ISD/CSD,American Indian or Alaska Nat,11
2024-2025,9,MONTAGUE COUNTY,169901,BOWIE ISD,TRADITIONAL ISD/CSD,Asian,<10
2024-2025,9,MONTAGUE COUNTY,169901,BOWIE ISD,TRADITIONAL ISD/CSD,Black or African American,11
2024-2025,9,MONTAGUE COUNTY,169901,BOWIE ISD,TRADITIONAL ISD/CSD,Hispanic/Latino,309
2024-2025,9,MONTAGUE COUNTY,169901,BOWIE ISD,TRADITIONAL ISD/CSD,Native Hawaiian/Other Pacific,<10
2024-2025,9,MONTAGUE COUNTY,169901,BOWIE ISD,TRADITIONAL ISD/CSD,Two or more races,56
2024-2025,9,MONTAGUE COUNTY,169901,BOWIE ISD,TRADITIONAL ISD/CSD,White,1107
2024-2025,11,WISE COUNTY,249902,BOYD ISD,TRADITIONAL ISD/CSD,American Indian or Alaska Nat,<10
2024-2025,11,WISE COUNTY,249902,BOYD ISD,TRADITIONAL ISD/CSD,Asian,<10
2024-2025,11,WISE COUNTY,249902,BOYD ISD,TRADITIONAL ISD/CSD,Black or African American,27
2024-2025,11,WISE COUNTY,249902,BOYD ISD,TRADITIONAL ISD/CSD,Hispanic/Latino,324
2024-2025,11,WISE COUNTY,249902,BOYD ISD,TRADITIONAL ISD/CSD,Native Hawaiian/Other Pacific,<10
2024-2025,11,WISE COUNTY,249902,BOYD ISD,TRADITIONAL ISD/CSD,Two or more races,57
2024-2025,11,WISE COUNTY,249902,BOYD ISD,TRADITIONAL ISD/CSD,White,965
2024-2025,16,OLDHAM COUNTY,180901,BOYS RANCH ISD,TRADITIONAL ISD/CSD,Asian,<10
2024-2025,16,OLDHAM COUNTY,180901,BOYS RANCH ISD,TRADITIONAL ISD/CSD,Black or African American,18
2024-2025,16,OLDHAM COUNTY,180901,BOYS RANCH ISD,TRADITIONAL ISD/CSD,Hispanic/Latino,30
2024-2025,16,OLDHAM COUNTY,180901,BOYS RANCH ISD,TRADITIONAL ISD/CSD,Two or more races,<10
2024-2025,16,OLDHAM COUNTY,180901,BOYS RANCH ISD,TRADITIONAL ISD/CSD,White,92
2024-2025,20,KINNEY COUNTY,136901,BRACKETT ISD,TRADITIONAL ISD/CSD,American Indian or Alaska Nat,<10
2024-2025,20,KINNEY COUNTY,136901,BRACKETT ISD,TRADITIONAL ISD/CSD,Asian,<10
2024-2025,20,KINNEY COUNTY,136901,BRACKETT ISD,TRADITIONAL ISD/CSD,Hispanic/Latino,374
2024-2025,20,KINNEY COUNTY,136901,BRACKETT ISD,TRADITIONAL ISD/CSD,Two or more races,<10
2024-2025,20,KINNEY COUNTY,136901,BRACKETT ISD,TRADITIONAL ISD/CSD,White,140
2024-2025,15,MCCULLOCH COUNTY,160901,BRADY ISD,TRADITIONAL ISD/CSD,Asian,<10
2024-2025,15,MCCULLOCH COUNTY,160901,BRADY ISD,TRADITIONAL ISD/CSD,Black or African American,<20
2024-2025,15,MCCULLOCH COUNTY,160901,BRADY ISD,TRADITIONAL ISD/CSD,Hispanic/Latino,478
2024-2025,15,MCCULLOCH COUNTY,160901,BRADY ISD,TRADITIONAL ISD/CSD,Two or more races,27
2024-2025,15,MCCULLOCH COUNTY,160901,BRADY ISD,TRADITIONAL ISD/CSD,White,416
2024-2025,6,AUSTIN COUNTY,8903,BRAZOS ISD,TRADITIONAL ISD/CSD,American Indian or Alaska Nat,<10
2024-2025,6,AUSTIN COUNTY,8903,BRAZOS ISD,TRADITIONAL ISD/CSD,Asian,<10
2024-2025,6,AUSTIN COUNTY,8903,BRAZOS ISD,TRADITIONAL ISD/CSD,Black or African American,44
2024-2025,6,AUSTIN COUNTY,8903,BRAZOS ISD,TRADITIONAL ISD/CSD,Hispanic/Latino,470
2024-2025,6,AUSTIN COUNTY,8903,BRAZOS ISD,TRADITIONAL ISD/CSD,Two or more races,24
2024-2025,6,AUSTIN COUNTY,8903,BRAZOS ISD,TRADITIONAL ISD/CSD,White,325
2024-2025,11,SOMERVELL COUNTY,213801,BRAZOS RIVER CHARTER SCHOOL,OPEN ENROLLMENT CHARTER,Hispanic/Latino,<20
2024-2025,11,SOMERVELL COUNTY,213801,BRAZOS RIVER CHARTER SCHOOL,OPEN ENROLLMENT CHARTER,Two or more races,<10
2024-2025,11,SOMERVELL COUNTY,213801,BRAZOS RIVER CHARTER SCHOOL,OPEN ENROLLMENT CHARTER,White,47
2024-2025,6,BRAZOS COUNTY,21803,BRAZOS SCHOOL FOR INQUIRY & CREATIVITY,OPEN ENROLLMENT CHARTER,American Indian or Alaska Nat,<10
2024-2025,6,BRAZOS COUNTY,21803,BRAZOS SCHOOL FOR INQUIRY & CREATIVITY,OPEN ENROLLMENT CHARTER,Asian,<10
2024-2025,6,BRAZOS COUNTY,21803,BRAZOS SCHOOL FOR INQUIRY & CREATIVITY,OPEN ENROLLMENT CHARTER,Black or African American,95
2024-2025,6,BRAZOS COUNTY,21803,BRAZOS SCHOOL FOR INQUIRY & CREATIVITY,OPEN ENROLLMENT CHARTER,Hispanic/Latino,181
2024-2025,6,BRAZOS COUNTY,21803,BRAZOS SCHOOL FOR INQUIRY & CREATIVITY,OPEN ENROLLMENT CHARTER,Two or more races,<10
2024-2025,6,BRAZOS COUNTY,21803,BRAZOS SCHOOL FOR INQUIRY & CREATIVITY,OPEN ENROLLMENT CHARTER,White,18
2024-2025,4,BRAZORIA COUNTY,20905,BRAZOSPORT ISD,TRADITIONAL ISD/CSD,American Indian or Alaska Nat,<40
2024-2025,4,BRAZORIA COUNTY,20905,BRAZOSPORT ISD,TRADITIONAL ISD/CSD,Asian,163
2024-2025,4,BRAZORIA COUNTY,20905,BRAZOSPORT ISD,TRADITIONAL ISD/CSD,Black or African American,791
2024-2025,4,BRAZORIA COUNTY,20905,BRAZOSPORT ISD,TRADITIONAL ISD/CSD,Hispanic/Latino,6346
2024-2025,4,BRAZORIA COUNTY,20905,BRAZOSPORT ISD,TRADITIONAL ISD/CSD,Native Hawaiian/Other Pacific,<10
2024-2025,4,BRAZORIA COUNTY,20905,BRAZOSPORT ISD,TRADITIONAL ISD/CSD,Two or more races,400
2024-2025,4,BRAZORIA COUNTY,20905,BRAZOSPORT ISD,TRADITIONAL ISD/CSD,White,3426
2024-2025,14,STEPHENS COUNTY,215901,BRECKENRIDGE ISD,TRADITIONAL ISD/CSD,American Indian or Alaska Nat,11
2024-2025,14,STEPHENS COUNTY,215901,BRECKENRIDGE ISD,TRADITIONAL ISD/CSD,Asian,13
2024-2025,14,STEPHENS COUNTY,215901,BRECKENRIDGE ISD,TRADITIONAL ISD/CSD,Black or African American,13
2024-2025,14,STEPHENS COUNTY,215901,BRECKENRIDGE ISD,TRADITIONAL ISD/CSD,Hispanic/Latino,544
2024-2025,14,STEPHENS COUNTY,215901,BRECKENRIDGE ISD,TRADITIONAL ISD/CSD,Two or more races,34
2024-2025,14,STEPHENS COUNTY,215901,BRECKENRIDGE ISD,TRADITIONAL ISD/CSD,White,759
2024-2025,6,ROBERTSON COUNTY,198901,BREMOND ISD,TRADITIONAL ISD/CSD,Asian,<10
2024-2025,6,ROBERTSON COUNTY,198901,BREMOND ISD,TRADITIONAL ISD/CSD,Black or African American,65
2024-2025,6,ROBERTSON COUNTY,198901,BREMOND ISD,TRADITIONAL ISD/CSD,Hispanic/Latino,90
2024-2025,6,ROBERTSON COUNTY,198901,BREMOND ISD,TRADITIONAL ISD/CSD,Native Hawaiian/Other Pacific,<10
2024-2025,6,ROBERTSON COUNTY,198901,BREMOND ISD,TRADITIONAL ISD/CSD,Two or more races,25
2024-2025,6,ROBERTSON COUNTY,198901,BREMOND ISD,TRADITIONAL ISD/CSD,White,299
2024-2025,6,WASHINGTON COUNTY,239901,BRENHAM ISD,TRADITIONAL ISD/CSD,American Indian or Alaska Nat,<10
2024-2025,6,WASHINGTON COUNTY,239901,BRENHAM ISD,TRADITIONAL ISD/CSD,Asian,60
2024-2025,6,WASHINGTON COUNTY,239901,BRENHAM ISD,TRADITIONAL ISD/CSD,Black or African American,981
2024-2025,6,WASHINGTON COUNTY,239901,BRENHAM ISD,TRADITIONAL ISD/CSD,Hispanic/Latino,1935
2024-2025,6,WASHINGTON COUNTY,239901,BRENHAM ISD,TRADITIONAL ISD/CSD,Native Hawaiian/Other Pacific,<10
2024-2025,6,WASHINGTON COUNTY,239901,BRENHAM ISD,TRADITIONAL ISD/CSD,Two or more races,177
2024-2025,6,WASHINGTON COUNTY,239901,BRENHAM ISD,TRADITIONAL ISD/CSD,White,1704
2024-2025,5,ORANGE COUNTY,181901,BRIDGE CITY ISD,TRADITIONAL ISD/CSD,American Indian or Alaska Nat,<10
2024-2025,5,ORANGE COUNTY,181901,BRIDGE CITY ISD,TRADITIONAL ISD/CSD,Asian,68
2024-2025,5,ORANGE COUNTY,181901,BRIDGE CITY ISD,TRADITIONAL ISD/CSD,Black or African American,49
2024-2025,5,ORANGE COUNTY,181901,BRIDGE CITY ISD,TRADITIONAL ISD/CSD,Hispanic/Latino,691
2024-2025,5,ORANGE COUNTY,181901,BRIDGE CITY ISD,TRADITIONAL ISD/CSD,Native Hawaiian/Other Pacific,<10
2024-2025,5,ORANGE COUNTY,181901,BRIDGE CITY ISD,TRADITIONAL ISD/CSD,Two or more races,112
2024-2025,5,ORANGE COUNTY,181901,BRIDGE CITY ISD,TRADITIONAL ISD/CSD,White,2227
2024-2025,11,WISE COUNTY,249903,BRIDGEPORT ISD,TRADITIONAL ISD/CSD,American Indian or Alaska Nat,<10
2024-2025,11,WISE COUNTY,249903,BRIDGEPORT ISD,TRADITIONAL ISD/CSD,Asian,11
2024-2025,11,WISE COUNTY,249903,BRIDGEPORT ISD,TRADITIONAL ISD/CSD,Black or African American,14
2024-2025,11,WISE COUNTY,249903,BRIDGEPORT ISD,TRADITIONAL ISD/CSD,Hispanic/Latino,1138
2024-2025,11,WISE COUNTY,249903,BRIDGEPORT ISD,TRADITIONAL ISD/CSD,Native Hawaiian/Other Pacific,<10
2024-2025,11,WISE COUNTY,249903,BRIDGEPORT ISD,TRADITIONAL ISD/CSD,Two or more races,73
2024-2025,11,WISE COUNTY,249903,BRIDGEPORT ISD,TRADITIONAL ISD/CSD,White,890
2024-2025,10,DALLAS COUNTY,57851,BRIDGEWAY PREPARATORY ACADEMY,OPEN ENROLLMENT CHARTER,Asian,<10
2024-2025,10,DALLAS COUNTY,57851,BRIDGEWAY PREPARATORY ACADEMY,OPEN ENROLLMENT CHARTER,Black or African American,52
2024-2025,10,DALLAS COUNTY,57851,BRIDGEWAY PREPARATORY ACADEMY,OPEN ENROLLMENT CHARTER,Hispanic/Latino,39
2024-2025,10,DALLAS COUNTY,57851,BRIDGEWAY PREPARATORY ACADEMY,OPEN ENROLLMENT CHARTER,Two or more races,<10
2024-2025,10,DALLAS COUNTY,57851,BRIDGEWAY PREPARATORY ACADEMY,OPEN ENROLLMENT CHARTER,White,13
2024-2025,1,HIDALGO COUNTY,108810,BRILLANTE ACADEMY,OPEN ENROLLMENT CHARTER,Hispanic/Latino,347
2024-2025,1,HIDALGO COUNTY,108810,BRILLANTE ACADEMY,OPEN ENROLLMENT CHARTER,Two or more races,<10
2024-2025,1,HIDALGO COUNTY,108810,BRILLANTE ACADEMY,OPEN ENROLLMENT CHARTER,White,<10
2024-2025,7,SAN AUGUSTINE COUNTY,203902,BROADDUS ISD,TRADITIONAL ISD/CSD,American Indian or Alaska Nat,<10
2024-2025,7,SAN AUGUSTINE COUNTY,203902,BROADDUS ISD,TRADITIONAL ISD/CSD,Asian,<10
2024-2025,7,SAN AUGUSTINE COUNTY,203902,BROADDUS ISD,TRADITIONAL ISD/CSD,Black or African American,<10
2024-2025,7,SAN AUGUSTINE COUNTY,203902,BROADDUS ISD,TRADITIONAL ISD/CSD,Hispanic/Latino,33
2024-2025,7,SAN AUGUSTINE COUNTY,203902,BROADDUS ISD,TRADITIONAL ISD/CSD,Two or more races,11
2024-2025,7,SAN AUGUSTINE COUNTY,203902,BROADDUS ISD,TRADITIONAL ISD/CSD,White,328
2024-2025,11,PARKER COUNTY,184909,BROCK ISD,TRADITIONAL ISD/CSD,American Indian or Alaska Nat,10
2024-2025,11,PARKER COUNTY,184909,BROCK ISD,TRADITIONAL ISD/CSD,Asian,<10
2024-2025,11,PARKER COUNTY,184909,BROCK ISD,TRADITIONAL ISD/CSD,Black or African American,11
2024-2025,11,PARKER COUNTY,184909,BROCK ISD,TRADITIONAL ISD/CSD,Hispanic/Latino,270
2024-2025,11,PARKER COUNTY,184909,BROCK ISD,TRADITIONAL ISD/CSD,Native Hawaiian/Other Pacific,<10
2024-2025,11,PARKER COUNTY,184909,BROCK ISD,TRADITIONAL ISD/CSD,Two or more races,62
2024-2025,11,PARKER COUNTY,184909,BROCK ISD,TRADITIONAL ISD/CSD,White,1802
2024-2025,15,COKE COUNTY,41901,BRONTE ISD,TRADITIONAL ISD/CSD,Hispanic/Latino,<50
2024-2025,15,COKE COUNTY,41901,BRONTE ISD,TRADITIONAL ISD/CSD,Two or more races,<10
2024-2025,15,COKE COUNTY,41901,BRONTE ISD,TRADITIONAL ISD/CSD,White,186
2024-2025,5,JASPER COUNTY,121902,BROOKELAND ISD,TRADITIONAL ISD/CSD,American Indian or Alaska Nat,<10
2024-2025,5,JASPER COUNTY,121902,BROOKELAND ISD,TRADITIONAL ISD/CSD,Black or African American,<10
2024-2025,5,JASPER COUNTY,121902,BROOKELAND ISD,TRADITIONAL ISD/CSD,Hispanic/Latino,13
2024-2025,5,JASPER COUNTY,121902,BROOKELAND ISD,TRADITIONAL ISD/CSD,Two or more races,<10
2024-2025,5,JASPER COUNTY,121902,BROOKELAND ISD,TRADITIONAL ISD/CSD,White,350
2024-2025,15,BROWN COUNTY,25908,BROOKESMITH ISD,TRADITIONAL ISD/CSD,American Indian or Alaska Nat,<10
2024-2025,15,BROWN COUNTY,25908,BROOKESMITH ISD,TRADITIONAL ISD/CSD,Asian,<10
2024-2025,15,BROWN COUNTY,25908,BROOKESMITH ISD,TRADITIONAL ISD/CSD,Black or African American,29
2024-2025,15,BROWN COUNTY,25908,BROOKESMITH ISD,TRADITIONAL ISD/CSD,Hispanic/Latino,52
2024-2025,15,BROWN COUNTY,25908,BROOKESMITH ISD,TRADITIONAL ISD/CSD,Two or more races,14
2024-2025,15,BROWN COUNTY,25908,BROOKESMITH ISD,TRADITIONAL ISD/CSD,White,130
2024-2025,1,BROOKS COUNTY,24901,BROOKS COUNTY ISD,TRADITIONAL ISD/CSD,American Indian or Alaska Nat,<10
2024-2025,1,BROOKS COUNTY,24901,BROOKS COUNTY ISD,TRADITIONAL ISD/CSD,Asian,<10
2024-2025,1,BROOKS COUNTY,24901,BROOKS COUNTY ISD,TRADITIONAL ISD/CSD,Black or African American,<10
2024-2025,1,BROOKS COUNTY,24901,BROOKS COUNTY ISD,TRADITIONAL ISD/CSD,Hispanic/Latino,1152
2024-2025,1,BROOKS COUNTY,24901,BROOKS COUNTY ISD,TRADITIONAL ISD/CSD,White,22
2024-2025,17,TERRY COUNTY,223901,BROWNFIELD ISD,TRADITIONAL ISD/CSD,American Indian or Alaska Nat,<10
2024-2025,17,TERRY COUNTY,223901,BROWNFIELD ISD,TRADITIONAL ISD/CSD,Asian,<10
2024-2025,17,TERRY COUNTY,223901,BROWNFIELD ISD,TRADITIONAL ISD/CSD,Black or African American,39
2024-2025,17,TERRY COUNTY,223901,BROWNFIELD ISD,TRADITIONAL ISD/CSD,Hispanic/Latino,1246
2024-2025,17,TERRY COUNTY,223901,BROWNFIELD ISD,TRADITIONAL ISD/CSD,Native Hawaiian/Other Pacific,<10
2024-2025,17,TERRY COUNTY,223901,BROWNFIELD ISD,TRADITIONAL ISD/CSD,Two or more races,12
2024-2025,17,TERRY COUNTY,223901,BROWNFIELD ISD,TRADITIONAL ISD/CSD,White,301
2024-2025,7,HENDERSON COUNTY,107902,BROWNSBORO ISD,TRADITIONAL ISD/CSD,American Indian or Alaska Nat,10
2024-2025,7,HENDERSON COUNTY,107902,BROWNSBORO ISD,TRADITIONAL ISD/CSD,Asian,12
2024-2025,7,HENDERSON COUNTY,107902,BROWNSBORO ISD,TRADITIONAL ISD/CSD,Black or African American,154
2024-2025,7,HENDERSON COUNTY,107902,BROWNSBORO ISD,TRADITIONAL ISD/CSD,Hispanic/Latino,492
2024-2025,7,HENDERSON COUNTY,107902,BROWNSBORO ISD,TRADITIONAL ISD/CSD,Native Hawaiian/Other Pacific,10
2024-2025,7,HENDERSON COUNTY,107902,BROWNSBORO ISD,TRADITIONAL ISD/CSD,Two or more races,78
2024-2025,7,HENDERSON COUNTY,107902,BROWNSBORO ISD,TRADITIONAL ISD/CSD,White,1804
2024-2025,1,CAMERON COUNTY,31901,BROWNSVILLE ISD,TRADITIONAL ISD/CSD,American Indian or Alaska Nat,<10
2024-2025,1,CAMERON COUNTY,31901,BROWNSVILLE ISD,TRADITIONAL ISD/CSD,Asian,84
2024-2025,1,CAMERON COUNTY,31901,BROWNSVILLE ISD,TRADITIONAL ISD/CSD,Black or African American,45
2024-2025,1,CAMERON COUNTY,31901,BROWNSVILLE ISD,TRADITIONAL ISD/CSD,Hispanic/Latino,35613
2024-2025,1,CAMERON COUNTY,31901,BROWNSVILLE ISD,TRADITIONAL ISD/CSD,Native Hawaiian/Other Pacific,<10
2024-2025,1,CAMERON COUNTY,31901,BROWNSVILLE ISD,TRADITIONAL ISD/CSD,Two or more races,<10
2024-2025,1,CAMERON COUNTY,31901,BROWNSVILLE ISD,TRADITIONAL ISD/CSD,White,377
2024-2025,15,BROWN COUNTY,25902,BROWNWOOD ISD,TRADITIONAL ISD/CSD,American Indian or Alaska Nat,<10
2024-2025,15,BROWN COUNTY,25902,BROWNWOOD ISD,TRADITIONAL ISD/CSD,Asian,13
2024-2025,15,BROWN COUNTY,25902,BROWNWOOD ISD,TRADITIONAL ISD/CSD,Black or African American,128
2024-2025,15,BROWN COUNTY,25902,BROWNWOOD ISD,TRADITIONAL ISD/CSD,Hispanic/Latino,1503
2024-2025,15,BROWN COUNTY,25902,BROWNWOOD ISD,TRADITIONAL ISD/CSD,Native Hawaiian/Other Pacific,<10
2024-2025,15,BROWN COUNTY,25902,BROWNWOOD ISD,TRADITIONAL ISD/CSD,Two or more races,145
2024-2025,15,BROWN COUNTY,25902,BROWNWOOD ISD,TRADITIONAL ISD/CSD,White,1595
2024-2025,12,MCLENNAN COUNTY,161919,BRUCEVILLE-EDDY ISD,TRADITIONAL ISD/CSD,American Indian or Alaska Nat,<10
2024-2025,12,MCLENNAN COUNTY,161919,BRUCEVILLE-EDDY ISD,TRADITIONAL ISD/CSD,Asian,<10
2024-2025,12,MCLENNAN COUNTY,161919,BRUCEVILLE-EDDY ISD,TRADITIONAL ISD/CSD,Black or African American,11
2024-2025,12,MCLENNAN COUNTY,161919,BRUCEVILLE-EDDY ISD,TRADITIONAL ISD/CSD,Hispanic/Latino,229
2024-2025,12,MCLENNAN COUNTY,161919,BRUCEVILLE-EDDY ISD,TRADITIONAL ISD/CSD,Two or more races,<10
2024-2025,12,MCLENNAN COUNTY,161919,BRUCEVILLE-EDDY ISD,TRADITIONAL ISD/CSD,White,311
2024-2025,6,BRAZOS COUNTY,21902,BRYAN ISD,TRADITIONAL ISD/CSD,American Indian or Alaska Nat,28
2024-2025,6,BRAZOS COUNTY,21902,BRYAN ISD,TRADITIONAL ISD/CSD,Asian,81
2024-2025,6,BRAZOS COUNTY,21902,BRYAN ISD,TRADITIONAL ISD/CSD,Black or African American,2726
2024-2025,6,BRAZOS COUNTY,21902,BRYAN ISD,TRADITIONAL ISD/CSD,Hispanic/Latino,9846
2024-2025,6,BRAZOS COUNTY,21902,BRYAN ISD,TRADITIONAL ISD/CSD,Native Hawaiian/Other Pacific,11
2024-2025,6,BRAZOS COUNTY,21902,BRYAN ISD,TRADITIONAL ISD/CSD,Two or more races,506
2024-2025,6,BRAZOS COUNTY,21902,BRYAN ISD,TRADITIONAL ISD/CSD,White,2846
2024-2025,9,JACK COUNTY,119901,BRYSON ISD,TRADITIONAL ISD/CSD,American Indian or Alaska Nat,<10
2024-2025,9,JACK COUNTY,119901,BRYSON ISD,TRADITIONAL ISD/CSD,Hispanic/Latino,23
2024-2025,9,JACK COUNTY,119901,BRYSON ISD,TRADITIONAL ISD/CSD,Two or more races,<10
2024-2025,9,JACK COUNTY,119901,BRYSON ISD,TRADITIONAL ISD/CSD,White,242
2024-2025,12,MILAM COUNTY,166907,BUCKHOLTS ISD,TRADITIONAL ISD/CSD,Black or African American,<10
2024-2025,12,MILAM COUNTY,166907,BUCKHOLTS ISD,TRADITIONAL ISD/CSD,Hispanic/Latino,71
2024-2025,12,MILAM COUNTY,166907,BUCKHOLTS ISD,TRADITIONAL ISD/CSD,White,<40
2024-2025,18,PECOS COUNTY,186901,BUENA VISTA ISD,TRADITIONAL ISD/CSD,Black or African American,<10
2024-2025,18,PECOS COUNTY,186901,BUENA VISTA ISD,TRADITIONAL ISD/CSD,Hispanic/Latino,165
2024-2025,18,PECOS COUNTY,186901,BUENA VISTA ISD,TRADITIONAL ISD/CSD,Two or more races,<10
2024-2025,18,PECOS COUNTY,186901,BUENA VISTA ISD,TRADITIONAL ISD/CSD,White,50
2024-2025,6,LEON COUNTY,145901,BUFFALO ISD,TRADITIONAL ISD/CSD,American Indian or Alaska Nat,<10
2024-2025,6,LEON COUNTY,145901,BUFFALO ISD,TRADITIONAL ISD/CSD,Asian,<20
2024-2025,6,LEON COUNTY,145901,BUFFALO ISD,TRADITIONAL ISD/CSD,Black or African American,42
2024-2025,6,LEON COUNTY,145901,BUFFALO ISD,TRADITIONAL ISD/CSD,Hispanic/Latino,419
2024-2025,6,LEON COUNTY,145901,BUFFALO ISD,TRADITIONAL ISD/CSD,Two or more races,30
2024-2025,6,LEON COUNTY,145901,BUFFALO ISD,TRADITIONAL ISD/CSD,White,484
2024-2025,7,SMITH COUNTY,212902,BULLARD ISD,TRADITIONAL ISD/CSD,American Indian or Alaska Nat,<10
2024-2025,7,SMITH COUNTY,212902,BULLARD ISD,TRADITIONAL ISD/CSD,Asian,18
2024-2025,7,SMITH COUNTY,212902,BULLARD ISD,TRADITIONAL ISD/CSD,Black or African American,121
2024-2025,7,SMITH COUNTY,212902,BULLARD ISD,TRADITIONAL ISD/CSD,Hispanic/Latino,294
2024-2025,7,SMITH COUNTY,212902,BULLARD ISD,TRADITIONAL ISD/CSD,Native Hawaiian/Other Pacific,<10
2024-2025,7,SMITH COUNTY,212902,BULLARD ISD,TRADITIONAL ISD/CSD,Two or more races,83
2024-2025,7,SMITH COUNTY,212902,BULLARD ISD,TRADITIONAL ISD/CSD,White,2398
2024-2025,5,JASPER COUNTY,121903,BUNA ISD,TRADITIONAL ISD/CSD,American Indian or Alaska Nat,<10
2024-2025,5,JASPER COUNTY,121903,BUNA ISD,TRADITIONAL ISD/CSD,Asian,<10
2024-2025,5,JASPER COUNTY,121903,BUNA ISD,TRADITIONAL ISD/CSD,Black or African American,32
2024-2025,5,JASPER COUNTY,121903,BUNA ISD,TRADITIONAL ISD/CSD,Hispanic/Latino,64
2024-2025,5,JASPER COUNTY,121903,BUNA ISD,TRADITIONAL ISD/CSD,Two or more races,55
2024-2025,5,JASPER COUNTY,121903,BUNA ISD,TRADITIONAL ISD/CSD,White,1317
2024-2025,9,WICHITA COUNTY,243901,BURKBURNETT ISD,TRADITIONAL ISD/CSD,American Indian or Alaska Nat,20
2024-2025,9,WICHITA COUNTY,243901,BURKBURNETT ISD,TRADITIONAL ISD/CSD,Asian,36
2024-2025,9,WICHITA COUNTY,243901,BURKBURNETT ISD,TRADITIONAL ISD/CSD,Black or African American,222
2024-2025,9,WICHITA COUNTY,243901,BURKBURNETT ISD,TRADITIONAL ISD/CSD,Hispanic/Latino,626
2024-2025,9,WICHITA COUNTY,243901,BURKBURNETT ISD,TRADITIONAL ISD/CSD,Native Hawaiian/Other Pacific,12
2024-2025,9,WICHITA COUNTY,243901,BURKBURNETT ISD,TRADITIONAL ISD/CSD,Two or more races,256
2024-2025,9,WICHITA COUNTY,243901,BURKBURNETT ISD,TRADITIONAL ISD/CSD,White,2041
2024-2025,5,NEWTON COUNTY,176901,BURKEVILLE ISD,TRADITIONAL ISD/CSD,Black or African American,73
2024-2025,5,NEWTON COUNTY,176901,BURKEVILLE ISD,TRADITIONAL ISD/CSD,Hispanic/Latino,<20
2024-2025,5,NEWTON COUNTY,176901,BURKEVILLE ISD,TRADITIONAL ISD/CSD,Two or more races,<10
2024-2025,5,NEWTON COUNTY,176901,BURKEVILLE ISD,TRADITIONAL ISD/CSD,White,163
2024-2025,11,JOHNSON COUNTY,126902,BURLESON ISD,TRADITIONAL ISD/CSD,American Indian or Alaska Nat,41
2024-2025,11,JOHNSON COUNTY,126902,BURLESON ISD,TRADITIONAL ISD/CSD,Asian,171
2024-2025,11,JOHNSON COUNTY,126902,BURLESON ISD,TRADITIONAL ISD/CSD,Black or African American,1261
2024-2025,11,JOHNSON COUNTY,126902,BURLESON ISD,TRADITIONAL ISD/CSD,Hispanic/Latino,3809
2024-2025,11,JOHNSON COUNTY,126902,BURLESON ISD,TRADITIONAL ISD/CSD,Native Hawaiian/Other Pacific,26
2024-2025,11,JOHNSON COUNTY,126902,BURLESON ISD,TRADITIONAL ISD/CSD,Two or more races,619
2024-2025,11,JOHNSON COUNTY,126902,BURLESON ISD,TRADITIONAL ISD/CSD,White,6832
2024-2025,13,BURNET COUNTY,27903,BURNET CISD,TRADITIONAL ISD/CSD,American Indian or Alaska Nat,<20
2024-2025,13,BURNET COUNTY,27903,BURNET CISD,TRADITIONAL ISD/CSD,Asian,23
2024-2025,13,BURNET COUNTY,27903,BURNET CISD,TRADITIONAL ISD/CSD,Black or African American,32
2024-2025,13,BURNET COUNTY,27903,BURNET CISD,TRADITIONAL ISD/CSD,Hispanic/Latino,1138
2024-2025,13,BURNET COUNTY,27903,BURNET CISD,TRADITIONAL ISD/CSD,Native Hawaiian/Other Pacific,<10
2024-2025,13,BURNET COUNTY,27903,BURNET CISD,TRADITIONAL ISD/CSD,Two or more races,81
2024-2025,13,BURNET COUNTY,27903,BURNET CISD,TRADITIONAL ISD/CSD,White,1920
2024-2025,19,EL PASO COUNTY,71801,BURNHAM WOOD CHARTER SCHOOL DISTRICT,OPEN ENROLLMENT CHARTER,American Indian or Alaska Nat,<10
2024-2025,19,EL PASO COUNTY,71801,BURNHAM WOOD CHARTER SCHOOL DISTRICT,OPEN ENROLLMENT CHARTER,Asian,<10
2024-2025,19,EL PASO COUNTY,71801,BURNHAM WOOD CHARTER SCHOOL DISTRICT,OPEN ENROLLMENT CHARTER,Black or African American,11
2024-2025,19,EL PASO COUNTY,71801,BURNHAM WOOD CHARTER SCHOOL DISTRICT,OPEN ENROLLMENT CHARTER,Hispanic/Latino,1652
2024-2025,19,EL PASO COUNTY,71801,BURNHAM WOOD CHARTER SCHOOL DISTRICT,OPEN ENROLLMENT CHARTER,Native Hawaiian/Other Pacific,<10
2024-2025,19,EL PASO COUNTY,71801,BURNHAM WOOD CHARTER SCHOOL DISTRICT,OPEN ENROLLMENT CHARTER,Two or more races,<10
2024-2025,19,EL PASO COUNTY,71801,BURNHAM WOOD CHARTER SCHOOL DISTRICT,OPEN ENROLLMENT CHARTER,White,65
2024-2025,6,WASHINGTON COUNTY,239903,BURTON ISD,TRADITIONAL ISD/CSD,American Indian or Alaska Nat,<10
2024-2025,6,WASHINGTON COUNTY,239903,BURTON ISD,TRADITIONAL ISD/CSD,Asian,<10
2024-2025,6,WASHINGTON COUNTY,239903,BURTON ISD,TRADITIONAL ISD/CSD,Black or African American,41
2024-2025,6,WASHINGTON COUNTY,239903,BURTON ISD,TRADITIONAL ISD/CSD,Hispanic/Latino,103
2024-2025,6,WASHINGTON COUNTY,239903,BURTON ISD,TRADITIONAL ISD/CSD,Native Hawaiian/Other Pacific,<10
2024-2025,6,WASHINGTON COUNTY,239903,BURTON ISD,TRADITIONAL ISD/CSD,Two or more races,20
2024-2025,6,WASHINGTON COUNTY,239903,BURTON ISD,TRADITIONAL ISD/CSD,White,456
2024-2025,16,POTTER COUNTY,188904,BUSHLAND ISD,TRADITIONAL ISD/CSD,American Indian or Alaska Nat,<10
2024-2025,16,POTTER COUNTY,188904,BUSHLAND ISD,TRADITIONAL ISD/CSD,Asian,<10
2024-2025,16,POTTER COUNTY,188904,BUSHLAND ISD,TRADITIONAL ISD/CSD,Black or African American,14
2024-2025,16,POTTER COUNTY,188904,BUSHLAND ISD,TRADITIONAL ISD/CSD,Hispanic/Latino,308
2024-2025,16,POTTER COUNTY,188904,BUSHLAND ISD,TRADITIONAL ISD/CSD,Native Hawaiian/Other Pacific,<10
2024-2025,16,POTTER COUNTY,188904,BUSHLAND ISD,TRADITIONAL ISD/CSD,Two or more races,53
2024-2025,16,POTTER COUNTY,188904,BUSHLAND ISD,TRADITIONAL ISD/CSD,White,1043
2024-2025,12,HILL COUNTY,109902,BYNUM ISD,TRADITIONAL ISD/CSD,Asian,<10
2024-2025,12,HILL COUNTY,109902,BYNUM ISD,TRADITIONAL ISD/CSD,Black or African American,<10
2024-2025,12,HILL COUNTY,109902,BYNUM ISD,TRADITIONAL ISD/CSD,Hispanic/Latino,65
2024-2025,12,HILL COUNTY,109902,BYNUM ISD,TRADITIONAL ISD/CSD,Two or more races,<10
2024-2025,12,HILL COUNTY,109902,BYNUM ISD,TRADITIONAL ISD/CSD,White,106
2024-2025,10,HUNT COUNTY,116901,CADDO MILLS ISD,TRADITIONAL ISD/CSD,American Indian or Alaska Nat,14
2024-2025,10,HUNT COUNTY,116901,CADDO MILLS ISD,TRADITIONAL ISD/CSD,Asian,<20
2024-2025,10,HUNT COUNTY,116901,CADDO MILLS ISD,TRADITIONAL ISD/CSD,Black or African American,170
2024-2025,10,HUNT COUNTY,116901,CADDO MILLS ISD,TRADITIONAL ISD/CSD,Hispanic/Latino,793
2024-2025,10,HUNT COUNTY,116901,CADDO MILLS ISD,TRADITIONAL ISD/CSD,Native Hawaiian/Other Pacific,<10
2024-2025,10,HUNT COUNTY,116901,CADDO MILLS ISD,TRADITIONAL ISD/CSD,Two or more races,103
2024-2025,10,HUNT COUNTY,116901,CADDO MILLS ISD,TRADITIONAL ISD/CSD,White,1977
2024-2025,2,NUECES COUNTY,178903,CALALLEN ISD,TRADITIONAL ISD/CSD,American Indian or Alaska Nat,<10
2024-2025,2,NUECES COUNTY,178903,CALALLEN ISD,TRADITIONAL ISD/CSD,Asian,<20
2024-2025,2,NUECES COUNTY,178903,CALALLEN ISD,TRADITIONAL ISD/CSD,Black or African American,55
2024-2025,2,NUECES COUNTY,178903,CALALLEN ISD,TRADITIONAL ISD/CSD,Hispanic/Latino,2476
2024-2025,2,NUECES COUNTY,178903,CALALLEN ISD,TRADITIONAL ISD/CSD,Two or more races,53
2024-2025,2,NUECES COUNTY,178903,CALALLEN ISD,TRADITIONAL ISD/CSD,White,1135
2024-2025,6,BURLESON COUNTY,26901,CALDWELL ISD,TRADITIONAL ISD/CSD,American Indian or Alaska Nat,<10
2024-2025,6,BURLESON COUNTY,26901,CALDWELL ISD,TRADITIONAL ISD/CSD,Asian,12
2024-2025,6,BURLESON COUNTY,26901,CALDWELL ISD,TRADITIONAL ISD/CSD,Black or African American,147
2024-2025,6,BURLESON COUNTY,26901,CALDWELL ISD,TRADITIONAL ISD/CSD,Hispanic/Latino,792
2024-2025,6,BURLESON COUNTY,26901,CALDWELL ISD,TRADITIONAL ISD/CSD,Native Hawaiian/Other Pacific,<10
2024-2025,6,BURLESON COUNTY,26901,CALDWELL ISD,TRADITIONAL ISD/CSD,Two or more races,86
2024-2025,6,BURLESON COUNTY,26901,CALDWELL ISD,TRADITIONAL ISD/CSD,White,912
2024-2025,3,CALHOUN COUNTY,29901,CALHOUN COUNTY ISD,TRADITIONAL ISD/CSD,American Indian or Alaska Nat,<10
2024-2025,3,CALHOUN COUNTY,29901,CALHOUN COUNTY ISD,TRADITIONAL ISD/CSD,Asian,172
2024-2025,3,CALHOUN COUNTY,29901,CALHOUN COUNTY ISD,TRADITIONAL ISD/CSD,Black or African American,46
2024-2025,3,CALHOUN COUNTY,29901,CALHOUN COUNTY ISD,TRADITIONAL ISD/CSD,Hispanic/Latino,2391
2024-2025,3,CALHOUN COUNTY,29901,CALHOUN COUNTY ISD,TRADITIONAL ISD/CSD,Two or more races,<40
2024-2025,3,CALHOUN COUNTY,29901,CALHOUN COUNTY ISD,TRADITIONAL ISD/CSD,White,863
2024-2025,11,COOKE COUNTY,49905,CALLISBURG ISD,TRADITIONAL ISD/CSD,American Indian or Alaska Nat,<10
2024-2025,11,COOKE COUNTY,49905,CALLISBURG ISD,TRADITIONAL ISD/CSD,Asian,<10
2024-2025,11,COOKE COUNTY,49905,CALLISBURG ISD,TRADITIONAL ISD/CSD,Black or African American,<10
2024-2025,11,COOKE COUNTY,49905,CALLISBURG ISD,TRADITIONAL ISD/CSD,Hispanic/Latino,194
2024-2025,11,COOKE COUNTY,49905,CALLISBURG ISD,TRADITIONAL ISD/CSD,Two or more races,44
2024-2025,11,COOKE COUNTY,49905,CALLISBURG ISD,TRADITIONAL ISD/CSD,White,894
2024-2025,6,ROBERTSON COUNTY,198902,CALVERT ISD,TRADITIONAL ISD/CSD,Black or African American,92
2024-2025,6,ROBERTSON COUNTY,198902,CALVERT ISD,TRADITIONAL ISD/CSD,Hispanic/Latino,37
2024-2025,6,ROBERTSON COUNTY,198902,CALVERT ISD,TRADITIONAL ISD/CSD,Native Hawaiian/Other Pacific,<10
2024-2025,6,ROBERTSON COUNTY,198902,CALVERT ISD,TRADITIONAL ISD/CSD,Two or more races,<10
2024-2025,6,ROBERTSON COUNTY,198902,CALVERT ISD,TRADITIONAL ISD/CSD,White,10
2024-2025,4,HARRIS COUNTY,101837,CALVIN NELMS CHARTER SCHOOLS,OPEN ENROLLMENT CHARTER,American Indian or Alaska Nat,<10
2024-2025,4,HARRIS COUNTY,101837,CALVIN NELMS CHARTER SCHOOLS,OPEN ENROLLMENT CHARTER,Asian,17
2024-2025,4,HARRIS COUNTY,101837,CALVIN NELMS CHARTER SCHOOLS,OPEN ENROLLMENT CHARTER,Black or African American,53
2024-2025,4,HARRIS COUNTY,101837,CALVIN NELMS CHARTER SCHOOLS,OPEN ENROLLMENT CHARTER,Hispanic/Latino,210
2024-2025,4,HARRIS COUNTY,101837,CALVIN NELMS CHARTER SCHOOLS,OPEN ENROLLMENT CHARTER,Two or more races,<20
2024-2025,4,HARRIS COUNTY,101837,CALVIN NELMS CHARTER SCHOOLS,OPEN ENROLLMENT CHARTER,White,48
2024-2025,6,MILAM COUNTY,166901,CAMERON ISD,TRADITIONAL ISD/CSD,Asian,<10
2024-2025,6,MILAM COUNTY,166901,CAMERON ISD,TRADITIONAL ISD/CSD,Black or African American,216
2024-2025,6,MILAM COUNTY,166901,CAMERON ISD,TRADITIONAL ISD/CSD,Hispanic/Latino,788
2024-2025,6,MILAM COUNTY,166901,CAMERON ISD,TRADITIONAL ISD/CSD,Two or more races,<50
2024-2025,6,MILAM COUNTY,166901,CAMERON ISD,TRADITIONAL ISD/CSD,White,439
2024-2025,10,HUNT COUNTY,116910,CAMPBELL ISD,TRADITIONAL ISD/CSD,American Indian or Alaska Nat,<10
2024-2025,10,HUNT COUNTY,116910,CAMPBELL ISD,TRADITIONAL ISD/CSD,Asian,<10
2024-2025,10,HUNT COUNTY,116910,CAMPBELL ISD,TRADITIONAL ISD/CSD,Black or African American,<10
2024-2025,10,HUNT COUNTY,116910,CAMPBELL ISD,TRADITIONAL ISD/CSD,Hispanic/Latino,99
2024-2025,10,HUNT COUNTY,116910,CAMPBELL ISD,TRADITIONAL ISD/CSD,Two or more races,<10
2024-2025,10,HUNT COUNTY,116910,CAMPBELL ISD,TRADITIONAL ISD/CSD,White,150
2024-2025,16,HEMPHILL COUNTY,106901,CANADIAN ISD,TRADITIONAL ISD/CSD,American Indian or Alaska Nat,<10
2024-2025,16,HEMPHILL COUNTY,106901,CANADIAN ISD,TRADITIONAL ISD/CSD,Asian,<10
2024-2025,16,HEMPHILL COUNTY,106901,CANADIAN ISD,TRADITIONAL ISD/CSD,Black or African American,<10
2024-2025,16,HEMPHILL COUNTY,106901,CANADIAN ISD,TRADITIONAL ISD/CSD,Hispanic/Latino,360
2024-2025,16,HEMPHILL COUNTY,106901,CANADIAN ISD,TRADITIONAL ISD/CSD,Two or more races,14
2024-2025,16,HEMPHILL COUNTY,106901,CANADIAN ISD,TRADITIONAL ISD/CSD,White,375
2024-2025,10,VAN ZANDT COUNTY,234902,CANTON ISD,TRADITIONAL ISD/CSD,American Indian or Alaska Nat,<10
2024-2025,10,VAN ZANDT COUNTY,234902,CANTON ISD,TRADITIONAL ISD/CSD,Asian,21
2024-2025,10,VAN ZANDT COUNTY,234902,CANTON ISD,TRADITIONAL ISD/CSD,Black or African American,55
2024-2025,10,VAN ZANDT COUNTY,234902,CANTON ISD,TRADITIONAL ISD/CSD,Hispanic/Latino,410
2024-2025,10,VAN ZANDT COUNTY,234902,CANTON ISD,TRADITIONAL ISD/CSD,Native Hawaiian/Other Pacific,<10
2024-2025,10,VAN ZANDT COUNTY,234902,CANTON ISD,TRADITIONAL ISD/CSD,Two or more races,94
2024-2025,10,VAN ZANDT COUNTY,234902,CANTON ISD,TRADITIONAL ISD/CSD,White,1719
2024-2025,19,EL PASO COUNTY,71907,CANUTILLO ISD,TRADITIONAL ISD/CSD,American Indian or Alaska Nat,14
2024-2025,19,EL PASO COUNTY,71907,CANUTILLO ISD,TRADITIONAL ISD/CSD,Asian,35
2024-2025,19,EL PASO COUNTY,71907,CANUTILLO ISD,TRADITIONAL ISD/CSD,Black or African American,54
2024-2025,19,EL PASO COUNTY,71907,CANUTILLO ISD,TRADITIONAL ISD/CSD,Hispanic/Latino,5318
2024-2025,19,EL PASO COUNTY,71907,CANUTILLO ISD,TRADITIONAL ISD/CSD,Two or more races,58
2024-2025,19,EL PASO COUNTY,71907,CANUTILLO ISD,TRADITIONAL ISD/CSD,White,268
2024-2025,16,RANDALL COUNTY,191901,CANYON ISD,TRADITIONAL ISD/CSD,American Indian or Alaska Nat,<60
2024-2025,16,RANDALL COUNTY,191901,CANYON ISD,TRADITIONAL ISD/CSD,Asian,191
2024-2025,16,RANDALL COUNTY,191901,CANYON ISD,TRADITIONAL ISD/CSD,Black or African American,390
2024-2025,16,RANDALL COUNTY,191901,CANYON ISD,TRADITIONAL ISD/CSD,Hispanic/Latino,3764
2024-2025,16,RANDALL COUNTY,191901,CANYON ISD,TRADITIONAL ISD/CSD,Native Hawaiian/Other Pacific,<10
2024-2025,16,RANDALL COUNTY,191901,CANYON ISD,TRADITIONAL ISD/CSD,Two or more races,331
2024-2025,16,RANDALL COUNTY,191901,CANYON ISD,TRADITIONAL ISD/CSD,White,6827
2024-2025,7,RUSK COUNTY,201913,CARLISLE ISD,TRADITIONAL ISD/CSD,Asian,<10
2024-2025,7,RUSK COUNTY,201913,CARLISLE ISD,TRADITIONAL ISD/CSD,Black or African American,28
2024-2025,7,RUSK COUNTY,201913,CARLISLE ISD,TRADITIONAL ISD/CSD,Hispanic/Latino,354
2024-2025,7,RUSK COUNTY,201913,CARLISLE ISD,TRADITIONAL ISD/CSD,Two or more races,<20
2024-2025,7,RUSK COUNTY,201913,CARLISLE ISD,TRADITIONAL ISD/CSD,White,247
2024-2025,20,DIMMIT COUNTY,64903,CARRIZO SPRINGS CISD,TRADITIONAL ISD/CSD,American Indian or Alaska Nat,<10
2024-2025,20,DIMMIT COUNTY,64903,CARRIZO SPRINGS CISD,TRADITIONAL ISD/CSD,Asian,14
2024-2025,20,DIMMIT COUNTY,64903,CARRIZO SPRINGS CISD,TRADITIONAL ISD/CSD,Black or African American,11
2024-2025,20,DIMMIT COUNTY,64903,CARRIZO SPRINGS CISD,TRADITIONAL ISD/CSD,Hispanic/Latino,1765
2024-2025,20,DIMMIT COUNTY,64903,CARRIZO SPRINGS CISD,TRADITIONAL ISD/CSD,Two or more races,<10
2024-2025,20,DIMMIT COUNTY,64903,CARRIZO SPRINGS CISD,TRADITIONAL ISD/CSD,White,56
2024-2025,11,TARRANT COUNTY,220919,CARROLL ISD,TRADITIONAL ISD/CSD,American Indian or Alaska Nat,25
2024-2025,11,TARRANT COUNTY,220919,CARROLL ISD,TRADITIONAL ISD/CSD,Asian,1970
2024-2025,11,TARRANT COUNTY,220919,CARROLL ISD,TRADITIONAL ISD/CSD,Black or African American,145
2024-2025,11,TARRANT COUNTY,220919,CARROLL ISD,TRADITIONAL ISD/CSD,Hispanic/Latino,918
2024-2025,11,TARRANT COUNTY,220919,CARROLL ISD,TRADITIONAL ISD/CSD,Native Hawaiian/Other Pacific,13
2024-2025,11,TARRANT COUNTY,220919,CARROLL ISD,TRADITIONAL ISD/CSD,Two or more races,553
2024-2025,11,TARRANT COUNTY,220919,CARROLL ISD,TRADITIONAL ISD/CSD,White,4481
2024-2025,10,DALLAS COUNTY,57903,CARROLLTON-FARMERS BRANCH ISD,TRADITIONAL ISD/CSD,American Indian or Alaska Nat,87
2024-2025,10,DALLAS COUNTY,57903,CARROLLTON-FARMERS BRANCH ISD,TRADITIONAL ISD/CSD,Asian,2762
2024-2025,10,DALLAS COUNTY,57903,CARROLLTON-FARMERS BRANCH ISD,TRADITIONAL ISD/CSD,Black or African American,3490
2024-2025,10,DALLAS COUNTY,57903,CARROLLTON-FARMERS BRANCH ISD,TRADITIONAL ISD/CSD,Hispanic/Latino,14676
2024-2025,10,DALLAS COUNTY,57903,CARROLLTON-FARMERS BRANCH ISD,TRADITIONAL ISD/CSD,Native Hawaiian/Other Pacific,13
2024-2025,10,DALLAS COUNTY,57903,CARROLLTON-FARMERS BRANCH ISD,TRADITIONAL ISD/CSD,Two or more races,828
2024-2025,10,DALLAS COUNTY,57903,CARROLLTON-FARMERS BRANCH ISD,TRADITIONAL ISD/CSD,White,2309
2024-2025,7,PANOLA COUNTY,183902,CARTHAGE ISD,TRADITIONAL ISD/CSD,American Indian or Alaska Nat,<10
2024-2025,7,PANOLA COUNTY,183902,CARTHAGE ISD,TRADITIONAL ISD/CSD,Asian,12
2024-2025,7,PANOLA COUNTY,183902,CARTHAGE ISD,TRADITIONAL ISD/CSD,Black or African American,493
2024-2025,7,PANOLA COUNTY,183902,CARTHAGE ISD,TRADITIONAL ISD/CSD,Hispanic/Latino,551
2024-2025,7,PANOLA COUNTY,183902,CARTHAGE ISD,TRADITIONAL ISD/CSD,Native Hawaiian/Other Pacific,<10
2024-2025,7,PANOLA COUNTY,183902,CARTHAGE ISD,TRADITIONAL ISD/CSD,Two or more races,99
2024-2025,7,PANOLA COUNTY,183902,CARTHAGE ISD,TRADITIONAL ISD/CSD,White,1478
2024-2025,11,TARRANT COUNTY,220917,CASTLEBERRY ISD,TRADITIONAL ISD/CSD,American Indian or Alaska Nat,<10
2024-2025,11,TARRANT COUNTY,220917,CASTLEBERRY ISD,TRADITIONAL ISD/CSD,Asian,<10
2024-2025,11,TARRANT COUNTY,220917,CASTLEBERRY ISD,TRADITIONAL ISD/CSD,Black or African American,96
2024-2025,11,TARRANT COUNTY,220917,CASTLEBERRY ISD,TRADITIONAL ISD/CSD,Hispanic/Latino,3280
2024-2025,11,TARRANT COUNTY,220917,CASTLEBERRY ISD,TRADITIONAL ISD/CSD,Native Hawaiian/Other Pacific,<10
2024-2025,11,TARRANT COUNTY,220917,CASTLEBERRY ISD,TRADITIONAL ISD/CSD,Two or more races,78
2024-2025,11,TARRANT COUNTY,220917,CASTLEBERRY ISD,TRADITIONAL ISD/CSD,White,380
2024-2025,7,ANDERSON COUNTY,1902,CAYUGA ISD,TRADITIONAL ISD/CSD,Asian,<10
2024-2025,7,ANDERSON COUNTY,1902,CAYUGA ISD,TRADITIONAL ISD/CSD,Black or African American,36
2024-2025,7,ANDERSON COUNTY,1902,CAYUGA ISD,TRADITIONAL ISD/CSD,Hispanic/Latino,60
2024-2025,7,ANDERSON COUNTY,1902,CAYUGA ISD,TRADITIONAL ISD/CSD,Two or more races,<30
2024-2025,7,ANDERSON COUNTY,1902,CAYUGA ISD,TRADITIONAL ISD/CSD,White,454
2024-2025,10,DALLAS COUNTY,57904,CEDAR HILL ISD,TRADITIONAL ISD/CSD,American Indian or Alaska Nat,<20
2024-2025,10,DALLAS COUNTY,57904,CEDAR HILL ISD,TRADITIONAL ISD/CSD,Asian,54
2024-2025,10,DALLAS COUNTY,57904,CEDAR HILL ISD,TRADITIONAL ISD/CSD,Black or African American,4076
2024-2025,10,DALLAS COUNTY,57904,CEDAR HILL ISD,TRADITIONAL ISD/CSD,Hispanic/Latino,1710
2024-2025,10,DALLAS COUNTY,57904,CEDAR HILL ISD,TRADITIONAL ISD/CSD,Native Hawaiian/Other Pacific,<10
2024-2025,10,DALLAS COUNTY,57904,CEDAR HILL ISD,TRADITIONAL ISD/CSD,Two or more races,229
2024-2025,10,DALLAS COUNTY,57904,CEDAR HILL ISD,TRADITIONAL ISD/CSD,White,159
2024-2025,13,TRAVIS COUNTY,227817,CEDARS INTERNATIONAL ACADEMY,OPEN ENROLLMENT CHARTER,American Indian or Alaska Nat,<10
2024-2025,13,TRAVIS COUNTY,227817,CEDARS INTERNATIONAL ACADEMY,OPEN ENROLLMENT CHARTER,Asian,<10
2024-2025,13,TRAVIS COUNTY,227817,CEDARS INTERNATIONAL ACADEMY,OPEN ENROLLMENT CHARTER,Black or African American,32
2024-2025,13,TRAVIS COUNTY,227817,CEDARS INTERNATIONAL ACADEMY,OPEN ENROLLMENT CHARTER,Hispanic/Latino,431
2024-2025,13,TRAVIS COUNTY,227817,CEDARS INTERNATIONAL ACADEMY,OPEN ENROLLMENT CHARTER,Two or more races,16
2024-2025,13,TRAVIS COUNTY,227817,CEDARS INTERNATIONAL ACADEMY,OPEN ENROLLMENT CHARTER,White,42
2024-2025,20,BEXAR COUNTY,15845,CELEBRATE DYSLEXIA SCHOOLS,OPEN ENROLLMENT CHARTER,Black or African American,<10
2024-2025,20,BEXAR COUNTY,15845,CELEBRATE DYSLEXIA SCHOOLS,OPEN ENROLLMENT CHARTER,Hispanic/Latino,43
2024-2025,20,BEXAR COUNTY,15845,CELEBRATE DYSLEXIA SCHOOLS,OPEN ENROLLMENT CHARTER,Two or more races,<10
2024-2025,20,BEXAR COUNTY,15845,CELEBRATE DYSLEXIA SCHOOLS,OPEN ENROLLMENT CHARTER,White,13
2024-2025,10,HUNT COUNTY,116902,CELESTE ISD,TRADITIONAL ISD/CSD,American Indian or Alaska Nat,<10
2024-2025,10,HUNT COUNTY,116902,CELESTE ISD,TRADITIONAL ISD/CSD,Black or African American,<20
2024-2025,10,HUNT COUNTY,116902,CELESTE ISD,TRADITIONAL ISD/CSD,Hispanic/Latino,124
2024-2025,10,HUNT COUNTY,116902,CELESTE ISD,TRADITIONAL ISD/CSD,Two or more races,22
2024-2025,10,HUNT COUNTY,116902,CELESTE ISD,TRADITIONAL ISD/CSD,White,332
2024-2025,10,COLLIN COUNTY,43903,CELINA ISD,TRADITIONAL ISD/CSD,American Indian or Alaska Nat,58
2024-2025,10,COLLIN COUNTY,43903,CELINA ISD,TRADITIONAL ISD/CSD,Asian,1124
2024-2025,10,COLLIN COUNTY,43903,CELINA ISD,TRADITIONAL ISD/CSD,Black or African American,432
2024-2025,10,COLLIN COUNTY,43903,CELINA ISD,TRADITIONAL ISD/CSD,Hispanic/Latino,1015
2024-2025,10,COLLIN COUNTY,43903,CELINA ISD,TRADITIONAL ISD/CSD,Native Hawaiian/Other Pacific,12
2024-2025,10,COLLIN COUNTY,43903,CELINA ISD,TRADITIONAL ISD/CSD,Two or more races,267
2024-2025,10,COLLIN COUNTY,43903,CELINA ISD,TRADITIONAL ISD/CSD,White,2416
2024-2025,7,SHELBY COUNTY,210901,CENTER ISD,TRADITIONAL ISD/CSD,American Indian or Alaska Nat,<10
2024-2025,7,SHELBY COUNTY,210901,CENTER ISD,TRADITIONAL ISD/CSD,Asian,85
2024-2025,7,SHELBY COUNTY,210901,CENTER ISD,TRADITIONAL ISD/CSD,Black or African American,494
2024-2025,7,SHELBY COUNTY,210901,CENTER ISD,TRADITIONAL ISD/CSD,Hispanic/Latino,1071
2024-2025,7,SHELBY COUNTY,210901,CENTER ISD,TRADITIONAL ISD/CSD,Native Hawaiian/Other Pacific,<10
2024-2025,7,SHELBY COUNTY,210901,CENTER ISD,TRADITIONAL ISD/CSD,Two or more races,68
2024-2025,7,SHELBY COUNTY,210901,CENTER ISD,TRADITIONAL ISD/CSD,White,578
2024-2025,20,KERR COUNTY,133901,CENTER POINT ISD,TRADITIONAL ISD/CSD,American Indian or Alaska Nat,<10
2024-2025,20,KERR COUNTY,133901,CENTER POINT ISD,TRADITIONAL ISD/CSD,Black or African American,<10
2024-2025,20,KERR COUNTY,133901,CENTER POINT ISD,TRADITIONAL ISD/CSD,Hispanic/Latino,349
2024-2025,20,KERR COUNTY,133901,CENTER POINT ISD,TRADITIONAL ISD/CSD,Two or more races,<10
2024-2025,20,KERR COUNTY,133901,CENTER POINT ISD,TRADITIONAL ISD/CSD,White,174
2024-2025,6,LEON COUNTY,145902,CENTERVILLE ISD,TRADITIONAL ISD/CSD,American Indian or Alaska Nat,<10
2024-2025,6,LEON COUNTY,145902,CENTERVILLE ISD,TRADITIONAL ISD/CSD,Asian,<20
2024-2025,6,LEON COUNTY,145902,CENTERVILLE ISD,TRADITIONAL ISD/CSD,Black or African American,38
2024-2025,6,LEON COUNTY,145902,CENTERVILLE ISD,TRADITIONAL ISD/CSD,Hispanic/Latino,95
2024-2025,6,TRINITY COUNTY,228904,CENTERVILLE ISD,TRADITIONAL ISD/CSD,Hispanic/Latino,<10
2024-2025,6,LEON COUNTY,145902,CENTERVILLE ISD,TRADITIONAL ISD/CSD,Two or more races,21
2024-2025,6,LEON COUNTY,145902,CENTERVILLE ISD,TRADITIONAL ISD/CSD,White,509
2024-2025,6,TRINITY COUNTY,228904,CENTERVILLE ISD,TRADITIONAL ISD/CSD,White,<150
2024-2025,7,NACOGDOCHES COUNTY,174908,CENTRAL HEIGHTS ISD,TRADITIONAL ISD/CSD,American Indian or Alaska Nat,<10
2024-2025,7,NACOGDOCHES COUNTY,174908,CENTRAL HEIGHTS ISD,TRADITIONAL ISD/CSD,Asian,<30
2024-2025,7,NACOGDOCHES COUNTY,174908,CENTRAL HEIGHTS ISD,TRADITIONAL ISD/CSD,Black or African American,39
2024-2025,7,NACOGDOCHES COUNTY,174908,CENTRAL HEIGHTS ISD,TRADITIONAL ISD/CSD,Hispanic/Latino,253
2024-2025,7,NACOGDOCHES COUNTY,174908,CENTRAL HEIGHTS ISD,TRADITIONAL ISD/CSD,Two or more races,50
2024-2025,7,NACOGDOCHES COUNTY,174908,CENTRAL HEIGHTS ISD,TRADITIONAL ISD/CSD,White,727
2024-2025,7,ANGELINA COUNTY,3907,CENTRAL ISD,TRADITIONAL ISD/CSD,American Indian or Alaska Nat,<10
2024-2025,7,ANGELINA COUNTY,3907,CENTRAL ISD,TRADITIONAL ISD/CSD,Asian,<10
2024-2025,7,ANGELINA COUNTY,3907,CENTRAL ISD,TRADITIONAL ISD/CSD,Black or African American,64
2024-2025,7,ANGELINA COUNTY,3907,CENTRAL ISD,TRADITIONAL ISD/CSD,Hispanic/Latino,340
2024-2025,7,ANGELINA COUNTY,3907,CENTRAL ISD,TRADITIONAL ISD/CSD,Two or more races,49
2024-2025,7,ANGELINA COUNTY,3907,CENTRAL ISD,TRADITIONAL ISD/CSD,White,1040
2024-2025,4,HARRIS COUNTY,101905,CHANNELVIEW ISD,TRADITIONAL ISD/CSD,American Indian or Alaska Nat,79
2024-2025,4,HARRIS COUNTY,101905,CHANNELVIEW ISD,TRADITIONAL ISD/CSD,Asian,<50
2024-2025,4,HARRIS COUNTY,101905,CHANNELVIEW ISD,TRADITIONAL ISD/CSD,Black or African American,861
2024-2025,4,HARRIS COUNTY,101905,CHANNELVIEW ISD,TRADITIONAL ISD/CSD,Hispanic/Latino,7804
2024-2025,4,HARRIS COUNTY,101905,CHANNELVIEW ISD,TRADITIONAL ISD/CSD,Native Hawaiian/Other Pacific,<10
2024-2025,4,HARRIS COUNTY,101905,CHANNELVIEW ISD,TRADITIONAL ISD/CSD,Two or more races,85
2024-2025,4,HARRIS COUNTY,101905,CHANNELVIEW ISD,TRADITIONAL ISD/CSD,White,450
2024-2025,16,HARTLEY COUNTY,103901,CHANNING ISD,TRADITIONAL ISD/CSD,Black or African American,<10
2024-2025,16,HARTLEY COUNTY,103901,CHANNING ISD,TRADITIONAL ISD/CSD,Hispanic/Latino,63
2024-2025,16,HARTLEY COUNTY,103901,CHANNING ISD,TRADITIONAL ISD/CSD,Two or more races,<10
2024-2025,16,HARTLEY COUNTY,103901,CHANNING ISD,TRADITIONAL ISD/CSD,White,56
2024-2025,13,TRAVIS COUNTY,227814,CHAPARRAL STAR ACADEMY,OPEN ENROLLMENT CHARTER,American Indian or Alaska Nat,<10
2024-2025,13,TRAVIS COUNTY,227814,CHAPARRAL STAR ACADEMY,OPEN ENROLLMENT CHARTER,Asian,103
2024-2025,13,TRAVIS COUNTY,227814,CHAPARRAL STAR ACADEMY,OPEN ENROLLMENT CHARTER,Black or African American,<30
2024-2025,13,TRAVIS COUNTY,227814,CHAPARRAL STAR ACADEMY,OPEN ENROLLMENT CHARTER,Hispanic/Latino,72
2024-2025,13,TRAVIS COUNTY,227814,CHAPARRAL STAR ACADEMY,OPEN ENROLLMENT CHARTER,Two or more races,31
2024-2025,13,TRAVIS COUNTY,227814,CHAPARRAL STAR ACADEMY,OPEN ENROLLMENT CHARTER,White,136
2024-2025,7,SMITH COUNTY,212909,CHAPEL HILL ISD,TRADITIONAL ISD/CSD,American Indian or Alaska Nat,<10
2024-2025,8,TITUS COUNTY,225906,CHAPEL HILL ISD,TRADITIONAL ISD/CSD,American Indian or Alaska Nat,<10
2024-2025,7,SMITH COUNTY,212909,CHAPEL HILL ISD,TRADITIONAL ISD/CSD,Asian,17
2024-2025,8,TITUS COUNTY,225906,CHAPEL HILL ISD,TRADITIONAL ISD/CSD,Asian,<10
2024-2025,7,SMITH COUNTY,212909,CHAPEL HILL ISD,TRADITIONAL ISD/CSD,Black or African American,569
2024-2025,8,TITUS COUNTY,225906,CHAPEL HILL ISD,TRADITIONAL ISD/CSD,Black or African American,19
2024-2025,7,SMITH COUNTY,212909,CHAPEL HILL ISD,TRADITIONAL ISD/CSD,Hispanic/Latino,1699
2024-2025,8,TITUS COUNTY,225906,CHAPEL HILL ISD,TRADITIONAL ISD/CSD,Hispanic/Latino,390
2024-2025,7,SMITH COUNTY,212909,CHAPEL HILL ISD,TRADITIONAL ISD/CSD,Native Hawaiian/Other Pacific,<10
2024-2025,8,TITUS COUNTY,225906,CHAPEL HILL ISD,TRADITIONAL ISD/CSD,Native Hawaiian/Other Pacific,<10
2024-2025,7,SMITH COUNTY,212909,CHAPEL HILL ISD,TRADITIONAL ISD/CSD,Two or more races,130
2024-2025,8,TITUS COUNTY,225906,CHAPEL HILL ISD,TRADITIONAL ISD/CSD,Two or more races,22
2024-2025,7,SMITH COUNTY,212909,CHAPEL HILL ISD,TRADITIONAL ISD/CSD,White,651
2024-2025,8,TITUS COUNTY,225906,CHAPEL HILL ISD,TRADITIONAL ISD/CSD,White,488
2024-2025,20,ATASCOSA COUNTY,7901,CHARLOTTE ISD,TRADITIONAL ISD/CSD,Black or African American,<10
2024-2025,20,ATASCOSA COUNTY,7901,CHARLOTTE ISD,TRADITIONAL ISD/CSD,Hispanic/Latino,346
2024-2025,20,ATASCOSA COUNTY,7901,CHARLOTTE ISD,TRADITIONAL ISD/CSD,Two or more races,<10
2024-2025,20,ATASCOSA COUNTY,7901,CHARLOTTE ISD,TRADITIONAL ISD/CSD,White,75
2024-2025,15,SAN SABA COUNTY,206903,CHEROKEE ISD,TRADITIONAL ISD/CSD,American Indian or Alaska Nat,<10
2024-2025,15,SAN SABA COUNTY,206903,CHEROKEE ISD,TRADITIONAL ISD/CSD,Black or African American,<10
2024-2025,15,SAN SABA COUNTY,206903,CHEROKEE ISD,TRADITIONAL ISD/CSD,Hispanic/Latino,33
2024-2025,15,SAN SABA COUNTY,206903,CHEROKEE ISD,TRADITIONAL ISD/CSD,Two or more races,<10
2024-2025,15,SAN SABA COUNTY,206903,CHEROKEE ISD,TRADITIONAL ISD/CSD,White,82
2024-2025,5,TYLER COUNTY,229906,CHESTER ISD,TRADITIONAL ISD/CSD,Black or African American,<10
2024-2025,5,TYLER COUNTY,229906,CHESTER ISD,TRADITIONAL ISD/CSD,Hispanic/Latino,<10
2024-2025,5,TYLER COUNTY,229906,CHESTER ISD,TRADITIONAL ISD/CSD,Two or more races,<10
2024-2025,5,TYLER COUNTY,229906,CHESTER ISD,TRADITIONAL ISD/CSD,White,177
2024-2025,11,WISE COUNTY,249904,CHICO ISD,TRADITIONAL ISD/CSD,American Indian or Alaska Nat,<10
2024-2025,11,WISE COUNTY,249904,CHICO ISD,TRADITIONAL ISD/CSD,Asian,<10
2024-2025,11,WISE COUNTY,249904,CHICO ISD,TRADITIONAL ISD/CSD,Black or African American,<10
2024-2025,11,WISE COUNTY,249904,CHICO ISD,TRADITIONAL ISD/CSD,Hispanic/Latino,184
2024-2025,11,WISE COUNTY,249904,CHICO ISD,TRADITIONAL ISD/CSD,Two or more races,22
2024-2025,11,WISE COUNTY,249904,CHICO ISD,TRADITIONAL ISD/CSD,White,356
2024-2025,16,CHILDRESS COUNTY,38901,CHILDRESS ISD,TRADITIONAL ISD/CSD,American Indian or Alaska Nat,<10
2024-2025,16,CHILDRESS COUNTY,38901,CHILDRESS ISD,TRADITIONAL ISD/CSD,Asian,<20
2024-2025,16,CHILDRESS COUNTY,38901,CHILDRESS ISD,TRADITIONAL ISD/CSD,Black or African American,34
2024-2025,16,CHILDRESS COUNTY,38901,CHILDRESS ISD,TRADITIONAL ISD/CSD,Hispanic/Latino,393
2024-2025,16,CHILDRESS COUNTY,38901,CHILDRESS ISD,TRADITIONAL ISD/CSD,Two or more races,37
2024-2025,16,CHILDRESS COUNTY,38901,CHILDRESS ISD,TRADITIONAL ISD/CSD,White,492
2024-2025,9,HARDEMAN COUNTY,99902,CHILLICOTHE ISD,TRADITIONAL ISD/CSD,American Indian or Alaska Nat,<10
2024-2025,9,HARDEMAN COUNTY,99902,CHILLICOTHE ISD,TRADITIONAL ISD/CSD,Black or African American,<10
2024-2025,9,HARDEMAN COUNTY,99902,CHILLICOTHE ISD,TRADITIONAL ISD/CSD,Hispanic/Latino,111
2024-2025,9,HARDEMAN COUNTY,99902,CHILLICOTHE ISD,TRADITIONAL ISD/CSD,Native Hawaiian/Other Pacific,<10
2024-2025,9,HARDEMAN COUNTY,99902,CHILLICOTHE ISD,TRADITIONAL ISD/CSD,Two or more races,<10
2024-2025,9,HARDEMAN COUNTY,99902,CHILLICOTHE ISD,TRADITIONAL ISD/CSD,White,65
2024-2025,12,FALLS COUNTY,73901,CHILTON ISD,TRADITIONAL ISD/CSD,American Indian or Alaska Nat,<10
2024-2025,12,FALLS COUNTY,73901,CHILTON ISD,TRADITIONAL ISD/CSD,Asian,<10
2024-2025,12,FALLS COUNTY,73901,CHILTON ISD,TRADITIONAL ISD/CSD,Black or African American,126
2024-2025,12,FALLS COUNTY,73901,CHILTON ISD,TRADITIONAL ISD/CSD,Hispanic/Latino,344
2024-2025,12,FALLS COUNTY,73901,CHILTON ISD,TRADITIONAL ISD/CSD,Two or more races,24
2024-2025,12,FALLS COUNTY,73901,CHILTON ISD,TRADITIONAL ISD/CSD,White,69
2024-2025,12,MCLENNAN COUNTY,161920,CHINA SPRING ISD,TRADITIONAL ISD/CSD,American Indian or Alaska Nat,<10
2024-2025,12,MCLENNAN COUNTY,161920,CHINA SPRING ISD,TRADITIONAL ISD/CSD,Asian,52
2024-2025,12,MCLENNAN COUNTY,161920,CHINA SPRING ISD,TRADITIONAL ISD/CSD,Black or African American,165
2024-2025,12,MCLENNAN COUNTY,161920,CHINA SPRING ISD,TRADITIONAL ISD/CSD,Hispanic/Latino,783
2024-2025,12,MCLENNAN COUNTY,161920,CHINA SPRING ISD,TRADITIONAL ISD/CSD,Native Hawaiian/Other Pacific,<10
2024-2025,12,MCLENNAN COUNTY,161920,CHINA SPRING ISD,TRADITIONAL ISD/CSD,Two or more races,131
2024-2025,12,MCLENNAN COUNTY,161920,CHINA SPRING ISD,TRADITIONAL ISD/CSD,White,1873
2024-2025,7,NACOGDOCHES COUNTY,174901,CHIRENO ISD,TRADITIONAL ISD/CSD,Asian,<10
2024-2025,7,NACOGDOCHES COUNTY,174901,CHIRENO ISD,TRADITIONAL ISD/CSD,Black or African American,24
2024-2025,7,NACOGDOCHES COUNTY,174901,CHIRENO ISD,TRADITIONAL ISD/CSD,Hispanic/Latino,66
2024-2025,7,NACOGDOCHES COUNTY,174901,CHIRENO ISD,TRADITIONAL ISD/CSD,Two or more races,<20
2024-2025,7,NACOGDOCHES COUNTY,174901,CHIRENO ISD,TRADITIONAL ISD/CSD,White,260
2024-2025,8,LAMAR COUNTY,139905,CHISUM ISD,TRADITIONAL ISD/CSD,American Indian or Alaska Nat,<10
2024-2025,8,LAMAR COUNTY,139905,CHISUM ISD,TRADITIONAL ISD/CSD,Black or African American,52
2024-2025,8,LAMAR COUNTY,139905,CHISUM ISD,TRADITIONAL ISD/CSD,Hispanic/Latino,116
2024-2025,8,LAMAR COUNTY,139905,CHISUM ISD,TRADITIONAL ISD/CSD,Native Hawaiian/Other Pacific,<10
2024-2025,8,LAMAR COUNTY,139905,CHISUM ISD,TRADITIONAL ISD/CSD,Two or more races,49
2024-2025,8,LAMAR COUNTY,139905,CHISUM ISD,TRADITIONAL ISD/CSD,White,957
2024-2025,15,TOM GREEN COUNTY,226901,CHRISTOVAL ISD,TRADITIONAL ISD/CSD,American Indian or Alaska Nat,<10
2024-2025,15,TOM GREEN COUNTY,226901,CHRISTOVAL ISD,TRADITIONAL ISD/CSD,Asian,<10
2024-2025,15,TOM GREEN COUNTY,226901,CHRISTOVAL ISD,TRADITIONAL ISD/CSD,Hispanic/Latino,146
2024-2025,15,TOM GREEN COUNTY,226901,CHRISTOVAL ISD,TRADITIONAL ISD/CSD,Two or more races,13
2024-2025,15,TOM GREEN COUNTY,226901,CHRISTOVAL ISD,TRADITIONAL ISD/CSD,White,455
2024-2025,14,EASTLAND COUNTY,67902,CISCO ISD,TRADITIONAL ISD/CSD,American Indian or Alaska Nat,<10
2024-2025,14,EASTLAND COUNTY,67902,CISCO ISD,TRADITIONAL ISD/CSD,Asian,11
2024-2025,14,EASTLAND COUNTY,67902,CISCO ISD,TRADITIONAL ISD/CSD,Black or African American,<10
2024-2025,14,EASTLAND COUNTY,67902,CISCO ISD,TRADITIONAL ISD/CSD,Hispanic/Latino,153
2024-2025,14,EASTLAND COUNTY,67902,CISCO ISD,TRADITIONAL ISD/CSD,Two or more races,16
2024-2025,14,EASTLAND COUNTY,67902,CISCO ISD,TRADITIONAL ISD/CSD,White,645
2024-2025,9,WICHITA COUNTY,243906,CITY VIEW ISD,TRADITIONAL ISD/CSD,American Indian or Alaska Nat,14
2024-2025,9,WICHITA COUNTY,243906,CITY VIEW ISD,TRADITIONAL ISD/CSD,Asian,<10
2024-2025,9,WICHITA COUNTY,243906,CITY VIEW ISD,TRADITIONAL ISD/CSD,Black or African American,153
2024-2025,9,WICHITA COUNTY,243906,CITY VIEW ISD,TRADITIONAL ISD/CSD,Hispanic/Latino,410
2024-2025,9,WICHITA COUNTY,243906,CITY VIEW ISD,TRADITIONAL ISD/CSD,Native Hawaiian/Other Pacific,<10
2024-2025,9,WICHITA COUNTY,243906,CITY VIEW ISD,TRADITIONAL ISD/CSD,Two or more races,105
2024-2025,9,WICHITA COUNTY,243906,CITY VIEW ISD,TRADITIONAL ISD/CSD,White,460
2024-2025,10,DALLAS COUNTY,57841,CITYSCAPE SCHOOLS,OPEN ENROLLMENT CHARTER,Asian,<10
2024-2025,10,DALLAS COUNTY,57841,CITYSCAPE SCHOOLS,OPEN ENROLLMENT CHARTER,Black or African American,199
2024-2025,10,DALLAS COUNTY,57841,CITYSCAPE SCHOOLS,OPEN ENROLLMENT CHARTER,Hispanic/Latino,1017
2024-2025,10,DALLAS COUNTY,57841,CITYSCAPE SCHOOLS,OPEN ENROLLMENT CHARTER,Two or more races,<20
2024-2025,10,DALLAS COUNTY,57841,CITYSCAPE SCHOOLS,OPEN ENROLLMENT CHARTER,White,25
2024-2025,16,DONLEY COUNTY,65901,CLARENDON ISD,TRADITIONAL ISD/CSD,Asian,<10
2024-2025,16,DONLEY COUNTY,65901,CLARENDON ISD,TRADITIONAL ISD/CSD,Black or African American,20
2024-2025,16,DONLEY COUNTY,65901,CLARENDON ISD,TRADITIONAL ISD/CSD,Hispanic/Latino,59
2024-2025,16,DONLEY COUNTY,65901,CLARENDON ISD,TRADITIONAL ISD/CSD,Two or more races,<20
2024-2025,16,DONLEY COUNTY,65901,CLARENDON ISD,TRADITIONAL ISD/CSD,White,302
2024-2025,8,RED RIVER COUNTY,194904,CLARKSVILLE ISD,TRADITIONAL ISD/CSD,American Indian or Alaska Nat,<10
2024-2025,8,RED RIVER COUNTY,194904,CLARKSVILLE ISD,TRADITIONAL ISD/CSD,Asian,<10
2024-2025,8,RED RIVER COUNTY,194904,CLARKSVILLE ISD,TRADITIONAL ISD/CSD,Black or African American,216
2024-2025,8,RED RIVER COUNTY,194904,CLARKSVILLE ISD,TRADITIONAL ISD/CSD,Hispanic/Latino,128
2024-2025,8,RED RIVER COUNTY,194904,CLARKSVILLE ISD,TRADITIONAL ISD/CSD,Two or more races,55
2024-2025,8,RED RIVER COUNTY,194904,CLARKSVILLE ISD,TRADITIONAL ISD/CSD,White,96
2024-2025,16,ARMSTRONG COUNTY,6902,CLAUDE ISD,TRADITIONAL ISD/CSD,American Indian or Alaska Nat,<10
2024-2025,16,ARMSTRONG COUNTY,6902,CLAUDE ISD,TRADITIONAL ISD/CSD,Asian,<10
2024-2025,16,ARMSTRONG COUNTY,6902,CLAUDE ISD,TRADITIONAL ISD/CSD,Black or African American,<10
2024-2025,16,ARMSTRONG COUNTY,6902,CLAUDE ISD,TRADITIONAL ISD/CSD,Hispanic/Latino,31
2024-2025,16,ARMSTRONG COUNTY,6902,CLAUDE ISD,TRADITIONAL ISD/CSD,Two or more races,<10
2024-2025,16,ARMSTRONG COUNTY,6902,CLAUDE ISD,TRADITIONAL ISD/CSD,White,252
2024-2025,4,GALVESTON COUNTY,84910,CLEAR CREEK ISD,TRADITIONAL ISD/CSD,American Indian or Alaska Nat,98
2024-2025,4,GALVESTON COUNTY,84910,CLEAR CREEK ISD,TRADITIONAL ISD/CSD,Asian,3463
2024-2025,4,GALVESTON COUNTY,84910,CLEAR CREEK ISD,TRADITIONAL ISD/CSD,Black or African American,3077
2024-2025,4,GALVESTON COUNTY,84910,CLEAR CREEK ISD,TRADITIONAL ISD/CSD,Hispanic/Latino,13951
2024-2025,4,GALVESTON COUNTY,84910,CLEAR CREEK ISD,TRADITIONAL ISD/CSD,Native Hawaiian/Other Pacific,54
2024-2025,4,GALVESTON COUNTY,84910,CLEAR CREEK ISD,TRADITIONAL ISD/CSD,Two or more races,1947
2024-2025,4,GALVESTON COUNTY,84910,CLEAR CREEK ISD,TRADITIONAL ISD/CSD,White,17094
2024-2025,11,JOHNSON COUNTY,126903,CLEBURNE ISD,TRADITIONAL ISD/CSD,American Indian or Alaska Nat,37
2024-2025,11,JOHNSON COUNTY,126903,CLEBURNE ISD,TRADITIONAL ISD/CSD,Asian,39
2024-2025,11,JOHNSON COUNTY,126903,CLEBURNE ISD,TRADITIONAL ISD/CSD,Black or African American,266
2024-2025,11,JOHNSON COUNTY,126903,CLEBURNE ISD,TRADITIONAL ISD/CSD,Hispanic/Latino,3126
2024-2025,11,JOHNSON COUNTY,126903,CLEBURNE ISD,TRADITIONAL ISD/CSD,Native Hawaiian/Other Pacific,144
2024-2025,11,JOHNSON COUNTY,126903,CLEBURNE ISD,TRADITIONAL ISD/CSD,Two or more races,295
2024-2025,11,JOHNSON COUNTY,126903,CLEBURNE ISD,TRADITIONAL ISD/CSD,White,2970
2024-2025,4,LIBERTY COUNTY,146901,CLEVELAND ISD,TRADITIONAL ISD/CSD,American Indian or Alaska Nat,<20
2024-2025,4,LIBERTY COUNTY,146901,CLEVELAND ISD,TRADITIONAL ISD/CSD,Asian,16
2024-2025,4,LIBERTY COUNTY,146901,CLEVELAND ISD,TRADITIONAL ISD/CSD,Black or African American,429
2024-2025,4,LIBERTY COUNTY,146901,CLEVELAND ISD,TRADITIONAL ISD/CSD,Hispanic/Latino,10877
2024-2025,4,LIBERTY COUNTY,146901,CLEVELAND ISD,TRADITIONAL ISD/CSD,Native Hawaiian/Other Pacific,<10
2024-2025,4,LIBERTY COUNTY,146901,CLEVELAND ISD,TRADITIONAL ISD/CSD,Two or more races,157
2024-2025,4,LIBERTY COUNTY,146901,CLEVELAND ISD,TRADITIONAL ISD/CSD,White,1017
2024-2025,12,BOSQUE COUNTY,18901,CLIFTON ISD,TRADITIONAL ISD/CSD,American Indian or Alaska Nat,<10
2024-2025,12,BOSQUE COUNTY,18901,CLIFTON ISD,TRADITIONAL ISD/CSD,Asian,<10
2024-2025,12,BOSQUE COUNTY,18901,CLIFTON ISD,TRADITIONAL ISD/CSD,Black or African American,24
2024-2025,12,BOSQUE COUNTY,18901,CLIFTON ISD,TRADITIONAL ISD/CSD,Hispanic/Latino,369
2024-2025,12,BOSQUE COUNTY,18901,CLIFTON ISD,TRADITIONAL ISD/CSD,Native Hawaiian/Other Pacific,<10
2024-2025,12,BOSQUE COUNTY,18901,CLIFTON ISD,TRADITIONAL ISD/CSD,Two or more races,32
2024-2025,12,BOSQUE COUNTY,18901,CLIFTON ISD,TRADITIONAL ISD/CSD,White,560
2024-2025,19,EL PASO COUNTY,71901,CLINT ISD,TRADITIONAL ISD/CSD,American Indian or Alaska Nat,32
2024-2025,19,EL PASO COUNTY,71901,CLINT ISD,TRADITIONAL ISD/CSD,Asian,<10
2024-2025,19,EL PASO COUNTY,71901,CLINT ISD,TRADITIONAL ISD/CSD,Black or African American,48
2024-2025,19,EL PASO COUNTY,71901,CLINT ISD,TRADITIONAL ISD/CSD,Hispanic/Latino,9616
2024-2025,19,EL PASO COUNTY,71901,CLINT ISD,TRADITIONAL ISD/CSD,Native Hawaiian/Other Pacific,<10
2024-2025,19,EL PASO COUNTY,71901,CLINT ISD,TRADITIONAL ISD/CSD,Two or more races,41
2024-2025,19,EL PASO COUNTY,71901,CLINT ISD,TRADITIONAL ISD/CSD,White,329
2024-2025,14,CALLAHAN COUNTY,30902,CLYDE CISD,TRADITIONAL ISD/CSD,American Indian or Alaska Nat,<10
2024-2025,14,CALLAHAN COUNTY,30902,CLYDE CISD,TRADITIONAL ISD/CSD,Black or African American,<20
2024-2025,14,CALLAHAN COUNTY,30902,CLYDE CISD,TRADITIONAL ISD/CSD,Hispanic/Latino,239
2024-2025,14,CALLAHAN COUNTY,30902,CLYDE CISD,TRADITIONAL ISD/CSD,Two or more races,54
2024-2025,14,CALLAHAN COUNTY,30902,CLYDE CISD,TRADITIONAL ISD/CSD,White,1082
2024-2025,18,HOWARD COUNTY,114902,COAHOMA ISD,TRADITIONAL ISD/CSD,American Indian or Alaska Nat,<10
2024-2025,18,HOWARD COUNTY,114902,COAHOMA ISD,TRADITIONAL ISD/CSD,Asian,<10
2024-2025,18,HOWARD COUNTY,114902,COAHOMA ISD,TRADITIONAL ISD/CSD,Black or African American,<10
2024-2025,18,HOWARD COUNTY,114902,COAHOMA ISD,TRADITIONAL ISD/CSD,Hispanic/Latino,503
2024-2025,18,HOWARD COUNTY,114902,COAHOMA ISD,TRADITIONAL ISD/CSD,Two or more races,11
2024-2025,18,HOWARD COUNTY,114902,COAHOMA ISD,TRADITIONAL ISD/CSD,White,561
2024-2025,6,SAN JACINTO COUNTY,204901,COLDSPRING-OAKHURST CISD,TRADITIONAL ISD/CSD,American Indian or Alaska Nat,<10
2024-2025,6,SAN JACINTO COUNTY,204901,COLDSPRING-OAKHURST CISD,TRADITIONAL ISD/CSD,Asian,<10
2024-2025,6,SAN JACINTO COUNTY,204901,COLDSPRING-OAKHURST CISD,TRADITIONAL ISD/CSD,Black or African American,232
2024-2025,6,SAN JACINTO COUNTY,204901,COLDSPRING-OAKHURST CISD,TRADITIONAL ISD/CSD,Hispanic/Latino,229
2024-2025,6,SAN JACINTO COUNTY,204901,COLDSPRING-OAKHURST CISD,TRADITIONAL ISD/CSD,Native Hawaiian/Other Pacific,<10
2024-2025,6,SAN JACINTO COUNTY,204901,COLDSPRING-OAKHURST CISD,TRADITIONAL ISD/CSD,Two or more races,98
2024-2025,6,SAN JACINTO COUNTY,204901,COLDSPRING-OAKHURST CISD,TRADITIONAL ISD/CSD,White,1014
2024-2025,15,COLEMAN COUNTY,42901,COLEMAN ISD,TRADITIONAL ISD/CSD,American Indian or Alaska Nat,<10
2024-2025,15,COLEMAN COUNTY,42901,COLEMAN ISD,TRADITIONAL ISD/CSD,Asian,<20
2024-2025,15,COLEMAN COUNTY,42901,COLEMAN ISD,TRADITIONAL ISD/CSD,Black or African American,13
2024-2025,15,COLEMAN COUNTY,42901,COLEMAN ISD,TRADITIONAL ISD/CSD,Hispanic/Latino,241
2024-2025,15,COLEMAN COUNTY,42901,COLEMAN ISD,TRADITIONAL ISD/CSD,Two or more races,31
2024-2025,15,COLEMAN COUNTY,42901,COLEMAN ISD,TRADITIONAL ISD/CSD,White,498
2024-2025,6,BRAZOS COUNTY,21901,COLLEGE STATION ISD,TRADITIONAL ISD/CSD,American Indian or Alaska Nat,49
2024-2025,6,BRAZOS COUNTY,21901,COLLEGE STATION ISD,TRADITIONAL ISD/CSD,Asian,1034
2024-2025,6,BRAZOS COUNTY,21901,COLLEGE STATION ISD,TRADITIONAL ISD/CSD,Black or African American,2047
2024-2025,6,BRAZOS COUNTY,21901,COLLEGE STATION ISD,TRADITIONAL ISD/CSD,Hispanic/Latino,3507
2024-2025,6,BRAZOS COUNTY,21901,COLLEGE STATION ISD,TRADITIONAL ISD/CSD,Native Hawaiian/Other Pacific,31
2024-2025,6,BRAZOS COUNTY,21901,COLLEGE STATION ISD,TRADITIONAL ISD/CSD,Two or more races,517
2024-2025,6,BRAZOS COUNTY,21901,COLLEGE STATION ISD,TRADITIONAL ISD/CSD,White,7129
2024-2025,10,GRAYSON COUNTY,91902,COLLINSVILLE ISD,TRADITIONAL ISD/CSD,American Indian or Alaska Nat,<10
2024-2025,10,GRAYSON COUNTY,91902,COLLINSVILLE ISD,TRADITIONAL ISD/CSD,Asian,<10
2024-2025,10,GRAYSON COUNTY,91902,COLLINSVILLE ISD,TRADITIONAL ISD/CSD,Black or African American,<10
2024-2025,10,GRAYSON COUNTY,91902,COLLINSVILLE ISD,TRADITIONAL ISD/CSD,Hispanic/Latino,126
2024-2025,10,GRAYSON COUNTY,91902,COLLINSVILLE ISD,TRADITIONAL ISD/CSD,Native Hawaiian/Other Pacific,<10
2024-2025,10,GRAYSON COUNTY,91902,COLLINSVILLE ISD,TRADITIONAL ISD/CSD,Two or more races,16
2024-2025,10,GRAYSON COUNTY,91902,COLLINSVILLE ISD,TRADITIONAL ISD/CSD,White,447
2024-2025,5,TYLER COUNTY,229901,COLMESNEIL ISD,TRADITIONAL ISD/CSD,American Indian or Alaska Nat,<10
2024-2025,5,TYLER COUNTY,229901,COLMESNEIL ISD,TRADITIONAL ISD/CSD,Black or African American,<10
2024-2025,5,TYLER COUNTY,229901,COLMESNEIL ISD,TRADITIONAL ISD/CSD,Hispanic/Latino,28
2024-2025,5,TYLER COUNTY,229901,COLMESNEIL ISD,TRADITIONAL ISD/CSD,Native Hawaiian/Other Pacific,<10
2024-2025,5,TYLER COUNTY,229901,COLMESNEIL ISD,TRADITIONAL ISD/CSD,Two or more races,12
2024-2025,5,TYLER COUNTY,229901,COLMESNEIL ISD,TRADITIONAL ISD/CSD,White,363
2024-2025,14,MITCHELL COUNTY,168901,COLORADO ISD,TRADITIONAL ISD/CSD,American Indian or Alaska Nat,<10
2024-2025,14,MITCHELL COUNTY,168901,COLORADO ISD,TRADITIONAL ISD/CSD,Asian,<10
2024-2025,14,MITCHELL COUNTY,168901,COLORADO ISD,TRADITIONAL ISD/CSD,Black or African American,44
2024-2025,14,MITCHELL COUNTY,168901,COLORADO ISD,TRADITIONAL ISD/CSD,Hispanic/Latino,512
2024-2025,14,MITCHELL COUNTY,168901,COLORADO ISD,TRADITIONAL ISD/CSD,Two or more races,40
2024-2025,14,MITCHELL COUNTY,168901,COLORADO ISD,TRADITIONAL ISD/CSD,White,325
2024-2025,4,BRAZORIA COUNTY,20907,COLUMBIA-BRAZORIA ISD,TRADITIONAL ISD/CSD,American Indian or Alaska Nat,<10
2024-2025,4,BRAZORIA COUNTY,20907,COLUMBIA-BRAZORIA ISD,TRADITIONAL ISD/CSD,Asian,13
2024-2025,4,BRAZORIA COUNTY,20907,COLUMBIA-BRAZORIA ISD,TRADITIONAL ISD/CSD,Black or African American,174
2024-2025,4,BRAZORIA COUNTY,20907,COLUMBIA-BRAZORIA ISD,TRADITIONAL ISD/CSD,Hispanic/Latino,959
2024-2025,4,BRAZORIA COUNTY,20907,COLUMBIA-BRAZORIA ISD,TRADITIONAL ISD/CSD,Native Hawaiian/Other Pacific,<10
2024-2025,4,BRAZORIA COUNTY,20907,COLUMBIA-BRAZORIA ISD,TRADITIONAL ISD/CSD,Two or more races,111
2024-2025,4,BRAZORIA COUNTY,20907,COLUMBIA-BRAZORIA ISD,TRADITIONAL ISD/CSD,White,1606
2024-2025,4,COLORADO COUNTY,45902,COLUMBUS ISD,TRADITIONAL ISD/CSD,American Indian or Alaska Nat,<10
2024-2025,4,COLORADO COUNTY,45902,COLUMBUS ISD,TRADITIONAL ISD/CSD,Asian,<10
2024-2025,4,COLORADO COUNTY,45902,COLUMBUS ISD,TRADITIONAL ISD/CSD,Black or African American,136
2024-2025,4,COLORADO COUNTY,45902,COLUMBUS ISD,TRADITIONAL ISD/CSD,Hispanic/Latino,763
2024-2025,4,COLORADO COUNTY,45902,COLUMBUS ISD,TRADITIONAL ISD/CSD,Native Hawaiian/Other Pacific,<10
2024-2025,4,COLORADO COUNTY,45902,COLUMBUS ISD,TRADITIONAL ISD/CSD,Two or more races,41
2024-2025,4,COLORADO COUNTY,45902,COLUMBUS ISD,TRADITIONAL ISD/CSD,White,707
2024-2025,20,COMAL COUNTY,46902,COMAL ISD,TRADITIONAL ISD/CSD,American Indian or Alaska Nat,65
2024-2025,20,COMAL COUNTY,46902,COMAL ISD,TRADITIONAL ISD/CSD,Asian,483
2024-2025,20,COMAL COUNTY,46902,COMAL ISD,TRADITIONAL ISD/CSD,Black or African American,946
2024-2025,20,COMAL COUNTY,46902,COMAL ISD,TRADITIONAL ISD/CSD,Hispanic/Latino,12148
2024-2025,20,COMAL COUNTY,46902,COMAL ISD,TRADITIONAL ISD/CSD,Native Hawaiian/Other Pacific,98
2024-2025,20,COMAL COUNTY,46902,COMAL ISD,TRADITIONAL ISD/CSD,Two or more races,1259
2024-2025,20,COMAL COUNTY,46902,COMAL ISD,TRADITIONAL ISD/CSD,White,14840
2024-2025,14,COMANCHE COUNTY,47901,COMANCHE ISD,TRADITIONAL ISD/CSD,American Indian or Alaska Nat,<10
2024-2025,14,COMANCHE COUNTY,47901,COMANCHE ISD,TRADITIONAL ISD/CSD,Asian,<10
2024-2025,14,COMANCHE COUNTY,47901,COMANCHE ISD,TRADITIONAL ISD/CSD,Black or African American,<10
2024-2025,14,COMANCHE COUNTY,47901,COMANCHE ISD,TRADITIONAL ISD/CSD,Hispanic/Latino,753
2024-2025,14,COMANCHE COUNTY,47901,COMANCHE ISD,TRADITIONAL ISD/CSD,Two or more races,16
2024-2025,14,COMANCHE COUNTY,47901,COMANCHE ISD,TRADITIONAL ISD/CSD,White,593
2024-2025,20,KENDALL COUNTY,130902,COMFORT ISD,TRADITIONAL ISD/CSD,American Indian or Alaska Nat,<10
2024-2025,20,KENDALL COUNTY,130902,COMFORT ISD,TRADITIONAL ISD/CSD,Asian,<10
2024-2025,20,KENDALL COUNTY,130902,COMFORT ISD,TRADITIONAL ISD/CSD,Black or African American,<10
2024-2025,20,KENDALL COUNTY,130902,COMFORT ISD,TRADITIONAL ISD/CSD,Hispanic/Latino,662
2024-2025,20,KENDALL COUNTY,130902,COMFORT ISD,TRADITIONAL ISD/CSD,Native Hawaiian/Other Pacific,<10
2024-2025,20,KENDALL COUNTY,130902,COMFORT ISD,TRADITIONAL ISD/CSD,Two or more races,11
2024-2025,20,KENDALL COUNTY,130902,COMFORT ISD,TRADITIONAL ISD/CSD,White,390
2024-2025,10,HUNT COUNTY,116903,COMMERCE ISD,TRADITIONAL ISD/CSD,American Indian or Alaska Nat,<10
2024-2025,10,HUNT COUNTY,116903,COMMERCE ISD,TRADITIONAL ISD/CSD,Asian,<10
2024-2025,10,HUNT COUNTY,116903,COMMERCE ISD,TRADITIONAL ISD/CSD,Black or African American,370
2024-2025,10,HUNT COUNTY,116903,COMMERCE ISD,TRADITIONAL ISD/CSD,Hispanic/Latino,421
2024-2025,10,HUNT COUNTY,116903,COMMERCE ISD,TRADITIONAL ISD/CSD,Native Hawaiian/Other Pacific,<10
2024-2025,10,HUNT COUNTY,116903,COMMERCE ISD,TRADITIONAL ISD/CSD,Two or more races,103
2024-2025,10,HUNT COUNTY,116903,COMMERCE ISD,TRADITIONAL ISD/CSD,White,629
2024-2025,10,COLLIN COUNTY,43918,COMMUNITY ISD,TRADITIONAL ISD/CSD,American Indian or Alaska Nat,<40
2024-2025,10,COLLIN COUNTY,43918,COMMUNITY ISD,TRADITIONAL ISD/CSD,Asian,101
2024-2025,10,COLLIN COUNTY,43918,COMMUNITY ISD,TRADITIONAL ISD/CSD,Black or African American,992
2024-2025,10,COLLIN COUNTY,43918,COMMUNITY ISD,TRADITIONAL ISD/CSD,Hispanic/Latino,2093
2024-2025,10,COLLIN COUNTY,43918,COMMUNITY ISD,TRADITIONAL ISD/CSD,Native Hawaiian/Other Pacific,<10
2024-2025,10,COLLIN COUNTY,43918,COMMUNITY ISD,TRADITIONAL ISD/CSD,Two or more races,182
2024-2025,10,COLLIN COUNTY,43918,COMMUNITY ISD,TRADITIONAL ISD/CSD,White,1866
2024-2025,8,HOPKINS COUNTY,112908,COMO-PICKTON CISD,TRADITIONAL ISD/CSD,American Indian or Alaska Nat,<10
2024-2025,8,HOPKINS COUNTY,112908,COMO-PICKTON CISD,TRADITIONAL ISD/CSD,Asian,14
2024-2025,8,HOPKINS COUNTY,112908,COMO-PICKTON CISD,TRADITIONAL ISD/CSD,Black or African American,18
2024-2025,8,HOPKINS COUNTY,112908,COMO-PICKTON CISD,TRADITIONAL ISD/CSD,Hispanic/Latino,323
2024-2025,8,HOPKINS COUNTY,112908,COMO-PICKTON CISD,TRADITIONAL ISD/CSD,Native Hawaiian/Other Pacific,<10
2024-2025,8,HOPKINS COUNTY,112908,COMO-PICKTON CISD,TRADITIONAL ISD/CSD,Two or more races,20
2024-2025,8,HOPKINS COUNTY,112908,COMO-PICKTON CISD,TRADITIONAL ISD/CSD,White,393
2024-2025,18,ECTOR COUNTY,68802,COMPASS ACADEMY CHARTER SCHOOL,OPEN ENROLLMENT CHARTER,American Indian or Alaska Nat,<10
2024-2025,18,ECTOR COUNTY,68802,COMPASS ACADEMY CHARTER SCHOOL,OPEN ENROLLMENT CHARTER,Asian,<10
2024-2025,18,ECTOR COUNTY,68802,COMPASS ACADEMY CHARTER SCHOOL,OPEN ENROLLMENT CHARTER,Black or African American,20
2024-2025,18,ECTOR COUNTY,68802,COMPASS ACADEMY CHARTER SCHOOL,OPEN ENROLLMENT CHARTER,Hispanic/Latino,582
2024-2025,18,ECTOR COUNTY,68802,COMPASS ACADEMY CHARTER SCHOOL,OPEN ENROLLMENT CHARTER,Two or more races,17
2024-2025,18,ECTOR COUNTY,68802,COMPASS ACADEMY CHARTER SCHOOL,OPEN ENROLLMENT CHARTER,White,934
2024-2025,20,BEXAR COUNTY,15838,COMPASS ROSE PUBLIC SCHOOLS,OPEN ENROLLMENT CHARTER,American Indian or Alaska Nat,<10
2024-2025,20,BEXAR COUNTY,15838,COMPASS ROSE PUBLIC SCHOOLS,OPEN ENROLLMENT CHARTER,Asian,151
2024-2025,20,BEXAR COUNTY,15838,COMPASS ROSE PUBLIC SCHOOLS,OPEN ENROLLMENT CHARTER,Black or African American,397
2024-2025,20,BEXAR COUNTY,15838,COMPASS ROSE PUBLIC SCHOOLS,OPEN ENROLLMENT CHARTER,Hispanic/Latino,2689
2024-2025,20,BEXAR COUNTY,15838,COMPASS ROSE PUBLIC SCHOOLS,OPEN ENROLLMENT CHARTER,Native Hawaiian/Other Pacific,<10
2024-2025,20,BEXAR COUNTY,15838,COMPASS ROSE PUBLIC SCHOOLS,OPEN ENROLLMENT CHARTER,Two or more races,169
2024-2025,20,BEXAR COUNTY,15838,COMPASS ROSE PUBLIC SCHOOLS,OPEN ENROLLMENT CHARTER,White,559
2024-2025,4,HARRIS COUNTY,101842,COMQUEST ACADEMY,OPEN ENROLLMENT CHARTER,Asian,<10
2024-2025,4,HARRIS COUNTY,101842,COMQUEST ACADEMY,OPEN ENROLLMENT CHARTER,Black or African American,<10
2024-2025,4,HARRIS COUNTY,101842,COMQUEST ACADEMY,OPEN ENROLLMENT CHARTER,Hispanic/Latino,23
2024-2025,4,HARRIS COUNTY,101842,COMQUEST ACADEMY,OPEN ENROLLMENT CHARTER,Two or more races,<10
2024-2025,4,HARRIS COUNTY,101842,COMQUEST ACADEMY,OPEN ENROLLMENT CHARTER,White,<10
2024-2025,15,VAL VERDE COUNTY,233903,COMSTOCK ISD,TRADITIONAL ISD/CSD,Asian,<10
2024-2025,15,VAL VERDE COUNTY,233903,COMSTOCK ISD,TRADITIONAL ISD/CSD,Hispanic/Latino,118
2024-2025,15,VAL VERDE COUNTY,233903,COMSTOCK ISD,TRADITIONAL ISD/CSD,White,<60
2024-2025,12,MCLENNAN COUNTY,161921,CONNALLY ISD,TRADITIONAL ISD/CSD,American Indian or Alaska Nat,<10
2024-2025,12,MCLENNAN COUNTY,161921,CONNALLY ISD,TRADITIONAL ISD/CSD,Asian,<10
2024-2025,12,MCLENNAN COUNTY,161921,CONNALLY ISD,TRADITIONAL ISD/CSD,Black or African American,802
2024-2025,12,MCLENNAN COUNTY,161921,CONNALLY ISD,TRADITIONAL ISD/CSD,Hispanic/Latino,892
2024-2025,12,MCLENNAN COUNTY,161921,CONNALLY ISD,TRADITIONAL ISD/CSD,Native Hawaiian/Other Pacific,<10
2024-2025,12,MCLENNAN COUNTY,161921,CONNALLY ISD,TRADITIONAL ISD/CSD,Two or more races,124
2024-2025,12,MCLENNAN COUNTY,161921,CONNALLY ISD,TRADITIONAL ISD/CSD,White,440
2024-2025,6,MONTGOMERY COUNTY,170902,CONROE ISD,TRADITIONAL ISD/CSD,American Indian or Alaska Nat,244
2024-2025,6,MONTGOMERY COUNTY,170902,CONROE ISD,TRADITIONAL ISD/CSD,Asian,4105
2024-2025,6,MONTGOMERY COUNTY,170902,CONROE ISD,TRADITIONAL ISD/CSD,Black or African American,7573
2024-2025,6,MONTGOMERY COUNTY,170902,CONROE ISD,TRADITIONAL ISD/CSD,Hispanic/Latino,29669
2024-2025,6,MONTGOMERY COUNTY,170902,CONROE ISD,TRADITIONAL ISD/CSD,Native Hawaiian/Other Pacific,138
2024-2025,6,MONTGOMERY COUNTY,170902,CONROE ISD,TRADITIONAL ISD/CSD,Two or more races,3270
2024-2025,6,MONTGOMERY COUNTY,170902,CONROE ISD,TRADITIONAL ISD/CSD,White,27915
2024-2025,12,LIMESTONE COUNTY,147901,COOLIDGE ISD,TRADITIONAL ISD/CSD,Asian,<10
2024-2025,12,LIMESTONE COUNTY,147901,COOLIDGE ISD,TRADITIONAL ISD/CSD,Black or African American,40
2024-2025,12,LIMESTONE COUNTY,147901,COOLIDGE ISD,TRADITIONAL ISD/CSD,Hispanic/Latino,148
2024-2025,12,LIMESTONE COUNTY,147901,COOLIDGE ISD,TRADITIONAL ISD/CSD,Two or more races,<10
2024-2025,12,LIMESTONE COUNTY,147901,COOLIDGE ISD,TRADITIONAL ISD/CSD,White,89
2024-2025,8,DELTA COUNTY,60902,COOPER ISD,TRADITIONAL ISD/CSD,American Indian or Alaska Nat,<10
2024-2025,8,DELTA COUNTY,60902,COOPER ISD,TRADITIONAL ISD/CSD,Asian,<10
2024-2025,8,DELTA COUNTY,60902,COOPER ISD,TRADITIONAL ISD/CSD,Black or African American,69
2024-2025,8,DELTA COUNTY,60902,COOPER ISD,TRADITIONAL ISD/CSD,Hispanic/Latino,168
2024-2025,8,DELTA COUNTY,60902,COOPER ISD,TRADITIONAL ISD/CSD,Two or more races,59
2024-2025,8,DELTA COUNTY,60902,COOPER ISD,TRADITIONAL ISD/CSD,White,596
2024-2025,10,DALLAS COUNTY,57922,COPPELL ISD,TRADITIONAL ISD/CSD,American Indian or Alaska Nat,38
2024-2025,10,DALLAS COUNTY,57922,COPPELL ISD,TRADITIONAL ISD/CSD,Asian,7537
2024-2025,10,DALLAS COUNTY,57922,COPPELL ISD,TRADITIONAL ISD/CSD,Black or African American,565
2024-2025,10,DALLAS COUNTY,57922,COPPELL ISD,TRADITIONAL ISD/CSD,Hispanic/Latino,1741
2024-2025,10,DALLAS COUNTY,57922,COPPELL ISD,TRADITIONAL ISD/CSD,Native Hawaiian/Other Pacific,15
2024-2025,10,DALLAS COUNTY,57922,COPPELL ISD,TRADITIONAL ISD/CSD,Two or more races,502
2024-2025,10,DALLAS COUNTY,57922,COPPELL ISD,TRADITIONAL ISD/CSD,White,2835
2024-2025,12,CORYELL COUNTY,50910,COPPERAS COVE ISD,TRADITIONAL ISD/CSD,American Indian or Alaska Nat,27
2024-2025,12,CORYELL COUNTY,50910,COPPERAS COVE ISD,TRADITIONAL ISD/CSD,Asian,119
2024-2025,12,CORYELL COUNTY,50910,COPPERAS COVE ISD,TRADITIONAL ISD/CSD,Black or African American,1443
2024-2025,12,CORYELL COUNTY,50910,COPPERAS COVE ISD,TRADITIONAL ISD/CSD,Hispanic/Latino,2469
2024-2025,12,CORYELL COUNTY,50910,COPPERAS COVE ISD,TRADITIONAL ISD/CSD,Native Hawaiian/Other Pacific,199
2024-2025,12,CORYELL COUNTY,50910,COPPERAS COVE ISD,TRADITIONAL ISD/CSD,Two or more races,907
2024-2025,12,CORYELL COUNTY,50910,COPPERAS COVE ISD,TRADITIONAL ISD/CSD,White,2597
2024-2025,2,NUECES COUNTY,178904,CORPUS CHRISTI ISD,TRADITIONAL ISD/CSD,American Indian or Alaska Nat,34
2024-2025,2,NUECES COUNTY,178904,CORPUS CHRISTI ISD,TRADITIONAL ISD/CSD,Asian,695
2024-2025,2,NUECES COUNTY,178904,CORPUS CHRISTI ISD,TRADITIONAL ISD/CSD,Black or African American,1086
2024-2025,2,NUECES COUNTY,178904,CORPUS CHRISTI ISD,TRADITIONAL ISD/CSD,Hispanic/Latino,27224
2024-2025,2,NUECES COUNTY,178904,CORPUS CHRISTI ISD,TRADITIONAL ISD/CSD,Native Hawaiian/Other Pacific,29
2024-2025,2,NUECES COUNTY,178904,CORPUS CHRISTI ISD,TRADITIONAL ISD/CSD,Two or more races,530
2024-2025,2,NUECES COUNTY,178904,CORPUS CHRISTI ISD,TRADITIONAL ISD/CSD,White,3505
2024-2025,2,NUECES COUNTY,178807,CORPUS CHRISTI MONTESSORI SCHOOL,OPEN ENROLLMENT CHARTER,Asian,<10
2024-2025,2,NUECES COUNTY,178807,CORPUS CHRISTI MONTESSORI SCHOOL,OPEN ENROLLMENT CHARTER,Black or African American,<10
2024-2025,2,NUECES COUNTY,178807,CORPUS CHRISTI MONTESSORI SCHOOL,OPEN ENROLLMENT CHARTER,Hispanic/Latino,89
2024-2025,2,NUECES COUNTY,178807,CORPUS CHRISTI MONTESSORI SCHOOL,OPEN ENROLLMENT CHARTER,Two or more races,<10
2024-2025,2,NUECES COUNTY,178807,CORPUS CHRISTI MONTESSORI SCHOOL,OPEN ENROLLMENT CHARTER,White,29
2024-2025,6,POLK COUNTY,187904,CORRIGAN-CAMDEN ISD,TRADITIONAL ISD/CSD,American Indian or Alaska Nat,<10
2024-2025,6,POLK COUNTY,187904,CORRIGAN-CAMDEN ISD,TRADITIONAL ISD/CSD,Asian,10
2024-2025,6,POLK COUNTY,187904,CORRIGAN-CAMDEN ISD,TRADITIONAL ISD/CSD,Black or African American,141
2024-2025,6,POLK COUNTY,187904,CORRIGAN-CAMDEN ISD,TRADITIONAL ISD/CSD,Hispanic/Latino,329
2024-2025,6,POLK COUNTY,187904,CORRIGAN-CAMDEN ISD,TRADITIONAL ISD/CSD,Native Hawaiian/Other Pacific,<10
2024-2025,6,POLK COUNTY,187904,CORRIGAN-CAMDEN ISD,TRADITIONAL ISD/CSD,Two or more races,43
2024-2025,6,POLK COUNTY,187904,CORRIGAN-CAMDEN ISD,TRADITIONAL ISD/CSD,White,308
2024-2025,12,NAVARRO COUNTY,175903,CORSICANA ISD,TRADITIONAL ISD/CSD,American Indian or Alaska Nat,13
2024-2025,12,NAVARRO COUNTY,175903,CORSICANA ISD,TRADITIONAL ISD/CSD,Asian,36
2024-2025,12,NAVARRO COUNTY,175903,CORSICANA ISD,TRADITIONAL ISD/CSD,Black or African American,865
2024-2025,12,NAVARRO COUNTY,175903,CORSICANA ISD,TRADITIONAL ISD/CSD,Hispanic/Latino,3384
2024-2025,12,NAVARRO COUNTY,175903,CORSICANA ISD,TRADITIONAL ISD/CSD,Native Hawaiian/Other Pacific,209
2024-2025,12,NAVARRO COUNTY,175903,CORSICANA ISD,TRADITIONAL ISD/CSD,Two or more races,213
2024-2025,12,NAVARRO COUNTY,175903,CORSICANA ISD,TRADITIONAL ISD/CSD,White,1278
2024-2025,17,HALE COUNTY,95902,COTTON CENTER ISD,TRADITIONAL ISD/CSD,Asian,<10
2024-2025,17,HALE COUNTY,95902,COTTON CENTER ISD,TRADITIONAL ISD/CSD,Black or African American,<10
2024-2025,17,HALE COUNTY,95902,COTTON CENTER ISD,TRADITIONAL ISD/CSD,Hispanic/Latino,52
2024-2025,17,HALE COUNTY,95902,COTTON CENTER ISD,TRADITIONAL ISD/CSD,Two or more races,<10
2024-2025,17,HALE COUNTY,95902,COTTON CENTER ISD,TRADITIONAL ISD/CSD,White,42
2024-2025,20,LA SALLE COUNTY,142901,COTULLA ISD,TRADITIONAL ISD/CSD,American Indian or Alaska Nat,<10
2024-2025,20,LA SALLE COUNTY,142901,COTULLA ISD,TRADITIONAL ISD/CSD,Asian,<10
2024-2025,20,LA SALLE COUNTY,142901,COTULLA ISD,TRADITIONAL ISD/CSD,Black or African American,<10
2024-2025,20,LA SALLE COUNTY,142901,COTULLA ISD,TRADITIONAL ISD/CSD,Hispanic/Latino,1089
2024-2025,20,LA SALLE COUNTY,142901,COTULLA ISD,TRADITIONAL ISD/CSD,Two or more races,<10
2024-2025,20,LA SALLE COUNTY,142901,COTULLA ISD,TRADITIONAL ISD/CSD,White,51
2024-2025,13,WILLIAMSON COUNTY,246914,COUPLAND ISD,TRADITIONAL ISD/CSD,Asian,<10
2024-2025,13,WILLIAMSON COUNTY,246914,COUPLAND ISD,TRADITIONAL ISD/CSD,Black or African American,<10
2024-2025,13,WILLIAMSON COUNTY,246914,COUPLAND ISD,TRADITIONAL ISD/CSD,Hispanic/Latino,206
2024-2025,13,WILLIAMSON COUNTY,246914,COUPLAND ISD,TRADITIONAL ISD/CSD,Two or more races,16
2024-2025,13,WILLIAMSON COUNTY,246914,COUPLAND ISD,TRADITIONAL ISD/CSD,White,93
2024-2025,12,HILL COUNTY,109903,COVINGTON ISD,TRADITIONAL ISD/CSD,American Indian or Alaska Nat,<10
2024-2025,12,HILL COUNTY,109903,COVINGTON ISD,TRADITIONAL ISD/CSD,Asian,<10
2024-2025,12,HILL COUNTY,109903,COVINGTON ISD,TRADITIONAL ISD/CSD,Black or African American,<10
2024-2025,12,HILL COUNTY,109903,COVINGTON ISD,TRADITIONAL ISD/CSD,Hispanic/Latino,100
2024-2025,12,HILL COUNTY,109903,COVINGTON ISD,TRADITIONAL ISD/CSD,Native Hawaiian/Other Pacific,<10
2024-2025,12,HILL COUNTY,109903,COVINGTON ISD,TRADITIONAL ISD/CSD,Two or more races,13
2024-2025,12,HILL COUNTY,109903,COVINGTON ISD,TRADITIONAL ISD/CSD,White,235
2024-2025,10,KAUFMAN COUNTY,129901,CRANDALL ISD,TRADITIONAL ISD/CSD,American Indian or Alaska Nat,<30
2024-2025,10,KAUFMAN COUNTY,129901,CRANDALL ISD,TRADITIONAL ISD/CSD,Asian,65
2024-2025,10,KAUFMAN COUNTY,129901,CRANDALL ISD,TRADITIONAL ISD/CSD,Black or African American,1992
2024-2025,10,KAUFMAN COUNTY,129901,CRANDALL ISD,TRADITIONAL ISD/CSD,Hispanic/Latino,3022
2024-2025,10,KAUFMAN COUNTY,129901,CRANDALL ISD,TRADITIONAL ISD/CSD,Native Hawaiian/Other Pacific,<10
2024-2025,10,KAUFMAN COUNTY,129901,CRANDALL ISD,TRADITIONAL ISD/CSD,Two or more races,254
2024-2025,10,KAUFMAN COUNTY,129901,CRANDALL ISD,TRADITIONAL ISD/CSD,White,1555
2024-2025,15,CRANE COUNTY,52901,CRANE ISD,TRADITIONAL ISD/CSD,American Indian or Alaska Nat,<10
2024-2025,15,CRANE COUNTY,52901,CRANE ISD,TRADITIONAL ISD/CSD,Asian,<10
2024-2025,15,CRANE COUNTY,52901,CRANE ISD,TRADITIONAL ISD/CSD,Black or African American,22
2024-2025,15,CRANE COUNTY,52901,CRANE ISD,TRADITIONAL ISD/CSD,Hispanic/Latino,1047
2024-2025,15,CRANE COUNTY,52901,CRANE ISD,TRADITIONAL ISD/CSD,Two or more races,18
2024-2025,15,CRANE COUNTY,52901,CRANE ISD,TRADITIONAL ISD/CSD,White,136
2024-2025,12,BOSQUE COUNTY,18908,CRANFILLS GAP ISD,TRADITIONAL ISD/CSD,Asian,<10
2024-2025,12,BOSQUE COUNTY,18908,CRANFILLS GAP ISD,TRADITIONAL ISD/CSD,Black or African American,<10
2024-2025,12,BOSQUE COUNTY,18908,CRANFILLS GAP ISD,TRADITIONAL ISD/CSD,Hispanic/Latino,41
2024-2025,12,BOSQUE COUNTY,18908,CRANFILLS GAP ISD,TRADITIONAL ISD/CSD,Two or more races,<10
2024-2025,12,BOSQUE COUNTY,18908,CRANFILLS GAP ISD,TRADITIONAL ISD/CSD,White,71
2024-2025,12,MCLENNAN COUNTY,161901,CRAWFORD ISD,TRADITIONAL ISD/CSD,Asian,<10
2024-2025,12,MCLENNAN COUNTY,161901,CRAWFORD ISD,TRADITIONAL ISD/CSD,Black or African American,12
2024-2025,12,MCLENNAN COUNTY,161901,CRAWFORD ISD,TRADITIONAL ISD/CSD,Hispanic/Latino,72
2024-2025,12,MCLENNAN COUNTY,161901,CRAWFORD ISD,TRADITIONAL ISD/CSD,Native Hawaiian/Other Pacific,<10
2024-2025,12,MCLENNAN COUNTY,161901,CRAWFORD ISD,TRADITIONAL ISD/CSD,Two or more races,<10
2024-2025,12,MCLENNAN COUNTY,161901,CRAWFORD ISD,TRADITIONAL ISD/CSD,White,498
2024-2025,15,CROCKETT COUNTY,53001,CROCKETT COUNTY CONSOLIDATED CSD,TRADITIONAL ISD/CSD,American Indian or Alaska Nat,<10
2024-2025,15,CROCKETT COUNTY,53001,CROCKETT COUNTY CONSOLIDATED CSD,TRADITIONAL ISD/CSD,Asian,<10
2024-2025,15,CROCKETT COUNTY,53001,CROCKETT COUNTY CONSOLIDATED CSD,TRADITIONAL ISD/CSD,Black or African American,<10
2024-2025,15,CROCKETT COUNTY,53001,CROCKETT COUNTY CONSOLIDATED CSD,TRADITIONAL ISD/CSD,Hispanic/Latino,479
2024-2025,15,CROCKETT COUNTY,53001,CROCKETT COUNTY CONSOLIDATED CSD,TRADITIONAL ISD/CSD,Two or more races,<10
2024-2025,15,CROCKETT COUNTY,53001,CROCKETT COUNTY CONSOLIDATED CSD,TRADITIONAL ISD/CSD,White,129
2024-2025,6,HOUSTON COUNTY,113901,CROCKETT ISD,TRADITIONAL ISD/CSD,American Indian or Alaska Nat,<10
2024-2025,6,HOUSTON COUNTY,113901,CROCKETT ISD,TRADITIONAL ISD/CSD,Asian,<10
2024-2025,6,HOUSTON COUNTY,113901,CROCKETT ISD,TRADITIONAL ISD/CSD,Black or African American,504
2024-2025,6,HOUSTON COUNTY,113901,CROCKETT ISD,TRADITIONAL ISD/CSD,Hispanic/Latino,385
2024-2025,6,HOUSTON COUNTY,113901,CROCKETT ISD,TRADITIONAL ISD/CSD,Native Hawaiian/Other Pacific,<10
2024-2025,6,HOUSTON COUNTY,113901,CROCKETT ISD,TRADITIONAL ISD/CSD,Two or more races,47
2024-2025,6,HOUSTON COUNTY,113901,CROCKETT ISD,TRADITIONAL ISD/CSD,White,179
2024-2025,4,HARRIS COUNTY,101906,CROSBY ISD,TRADITIONAL ISD/CSD,American Indian or Alaska Nat,<20
2024-2025,4,HARRIS COUNTY,101906,CROSBY ISD,TRADITIONAL ISD/CSD,Asian,20
2024-2025,4,HARRIS COUNTY,101906,CROSBY ISD,TRADITIONAL ISD/CSD,Black or African American,907
2024-2025,4,HARRIS COUNTY,101906,CROSBY ISD,TRADITIONAL ISD/CSD,Hispanic/Latino,3820
2024-2025,4,HARRIS COUNTY,101906,CROSBY ISD,TRADITIONAL ISD/CSD,Native Hawaiian/Other Pacific,<10
2024-2025,4,HARRIS COUNTY,101906,CROSBY ISD,TRADITIONAL ISD/CSD,Two or more races,239
2024-2025,4,HARRIS COUNTY,101906,CROSBY ISD,TRADITIONAL ISD/CSD,White,2048
2024-2025,17,CROSBY COUNTY,54901,CROSBYTON CISD,TRADITIONAL ISD/CSD,Asian,<10
2024-2025,17,CROSBY COUNTY,54901,CROSBYTON CISD,TRADITIONAL ISD/CSD,Black or African American,<10
2024-2025,17,CROSBY COUNTY,54901,CROSBYTON CISD,TRADITIONAL ISD/CSD,Hispanic/Latino,240
2024-2025,17,CROSBY COUNTY,54901,CROSBYTON CISD,TRADITIONAL ISD/CSD,Two or more races,<10
2024-2025,17,CROSBY COUNTY,54901,CROSBYTON CISD,TRADITIONAL ISD/CSD,White,64
2024-2025,14,CALLAHAN COUNTY,30901,CROSS PLAINS ISD,TRADITIONAL ISD/CSD,American Indian or Alaska Nat,<10
2024-2025,14,CALLAHAN COUNTY,30901,CROSS PLAINS ISD,TRADITIONAL ISD/CSD,Hispanic/Latino,64
2024-2025,14,CALLAHAN COUNTY,30901,CROSS PLAINS ISD,TRADITIONAL ISD/CSD,Two or more races,<10
2024-2025,14,CALLAHAN COUNTY,30901,CROSS PLAINS ISD,TRADITIONAL ISD/CSD,White,295
2024-2025,7,HENDERSON COUNTY,107904,CROSS ROADS ISD,TRADITIONAL ISD/CSD,American Indian or Alaska Nat,<10
2024-2025,7,HENDERSON COUNTY,107904,CROSS ROADS ISD,TRADITIONAL ISD/CSD,Black or African American,18
2024-2025,7,HENDERSON COUNTY,107904,CROSS ROADS ISD,TRADITIONAL ISD/CSD,Hispanic/Latino,82
2024-2025,7,HENDERSON COUNTY,107904,CROSS ROADS ISD,TRADITIONAL ISD/CSD,Two or more races,<20
2024-2025,7,HENDERSON COUNTY,107904,CROSS ROADS ISD,TRADITIONAL ISD/CSD,White,444
2024-2025,11,PARKER COUNTY,184801,CROSSTIMBERS ACADEMY,OPEN ENROLLMENT CHARTER,Hispanic/Latino,<30
2024-2025,11,PARKER COUNTY,184801,CROSSTIMBERS ACADEMY,OPEN ENROLLMENT CHARTER,Two or more races,<10
2024-2025,11,PARKER COUNTY,184801,CROSSTIMBERS ACADEMY,OPEN ENROLLMENT CHARTER,White,104
2024-2025,9,FOARD COUNTY,78901,CROWELL ISD,TRADITIONAL ISD/CSD,Black or African American,<10
2024-2025,9,FOARD COUNTY,78901,CROWELL ISD,TRADITIONAL ISD/CSD,Hispanic/Latino,65
2024-2025,9,FOARD COUNTY,78901,CROWELL ISD,TRADITIONAL ISD/CSD,Two or more races,<20
2024-2025,9,FOARD COUNTY,78901,CROWELL ISD,TRADITIONAL ISD/CSD,White,111
2024-2025,11,TARRANT COUNTY,220912,CROWLEY ISD,TRADITIONAL ISD/CSD,American Indian or Alaska Nat,75
2024-2025,11,TARRANT COUNTY,220912,CROWLEY ISD,TRADITIONAL ISD/CSD,Asian,478
2024-2025,11,TARRANT COUNTY,220912,CROWLEY ISD,TRADITIONAL ISD/CSD,Black or African American,8656
2024-2025,11,TARRANT COUNTY,220912,CROWLEY ISD,TRADITIONAL ISD/CSD,Hispanic/Latino,5559
2024-2025,11,TARRANT COUNTY,220912,CROWLEY ISD,TRADITIONAL ISD/CSD,Native Hawaiian/Other Pacific,42
2024-2025,11,TARRANT COUNTY,220912,CROWLEY ISD,TRADITIONAL ISD/CSD,Two or more races,786
2024-2025,11,TARRANT COUNTY,220912,CROWLEY ISD,TRADITIONAL ISD/CSD,White,1415
2024-2025,20,ZAVALA COUNTY,254901,CRYSTAL CITY ISD,TRADITIONAL ISD/CSD,Black or African American,<10
2024-2025,20,ZAVALA COUNTY,254901,CRYSTAL CITY ISD,TRADITIONAL ISD/CSD,Hispanic/Latino,1618
2024-2025,20,ZAVALA COUNTY,254901,CRYSTAL CITY ISD,TRADITIONAL ISD/CSD,White,<20
2024-2025,3,DEWITT COUNTY,62901,CUERO ISD,TRADITIONAL ISD/CSD,American Indian or Alaska Nat,<10
2024-2025,3,DEWITT COUNTY,62901,CUERO ISD,TRADITIONAL ISD/CSD,Asian,10
2024-2025,3,DEWITT COUNTY,62901,CUERO ISD,TRADITIONAL ISD/CSD,Black or African American,143
2024-2025,3,DEWITT COUNTY,62901,CUERO ISD,TRADITIONAL ISD/CSD,Hispanic/Latino,974
2024-2025,3,DEWITT COUNTY,62901,CUERO ISD,TRADITIONAL ISD/CSD,Native Hawaiian/Other Pacific,<10
2024-2025,3,DEWITT COUNTY,62901,CUERO ISD,TRADITIONAL ISD/CSD,Two or more races,45
2024-2025,3,DEWITT COUNTY,62901,CUERO ISD,TRADITIONAL ISD/CSD,White,713
2024-2025,18,CULBERSON COUNTY,55901,CULBERSON COUNTY-ALLAMOORE ISD,TRADITIONAL ISD/CSD,American Indian or Alaska Nat,<10
2024-2025,18,CULBERSON COUNTY,55901,CULBERSON COUNTY-ALLAMOORE ISD,TRADITIONAL ISD/CSD,Asian,11
2024-2025,18,CULBERSON COUNTY,55901,CULBERSON COUNTY-ALLAMOORE ISD,TRADITIONAL ISD/CSD,Black or African American,<10
2024-2025,18,CULBERSON COUNTY,55901,CULBERSON COUNTY-ALLAMOORE ISD,TRADITIONAL ISD/CSD,Hispanic/Latino,316
2024-2025,18,CULBERSON COUNTY,55901,CULBERSON COUNTY-ALLAMOORE ISD,TRADITIONAL ISD/CSD,Native Hawaiian/Other Pacific,<10
2024-2025,18,CULBERSON COUNTY,55901,CULBERSON COUNTY-ALLAMOORE ISD,TRADITIONAL ISD/CSD,Two or more races,<10
2024-2025,18,CULBERSON COUNTY,55901,CULBERSON COUNTY-ALLAMOORE ISD,TRADITIONAL ISD/CSD,White,41
2024-2025,7,SMITH COUNTY,212801,CUMBERLAND ACADEMY,OPEN ENROLLMENT CHARTER,American Indian or Alaska Nat,<10
2024-2025,7,SMITH COUNTY,212801,CUMBERLAND ACADEMY,OPEN ENROLLMENT CHARTER,Asian,76
2024-2025,7,SMITH COUNTY,212801,CUMBERLAND ACADEMY,OPEN ENROLLMENT CHARTER,Black or African American,398
2024-2025,7,SMITH COUNTY,212801,CUMBERLAND ACADEMY,OPEN ENROLLMENT CHARTER,Hispanic/Latino,562
2024-2025,7,SMITH COUNTY,212801,CUMBERLAND ACADEMY,OPEN ENROLLMENT CHARTER,Native Hawaiian/Other Pacific,<10
2024-2025,7,SMITH COUNTY,212801,CUMBERLAND ACADEMY,OPEN ENROLLMENT CHARTER,Two or more races,109
2024-2025,7,SMITH COUNTY,212801,CUMBERLAND ACADEMY,OPEN ENROLLMENT CHARTER,White,897
2024-2025,8,HOPKINS COUNTY,112905,CUMBY COLLEGIATE ISD,TRADITIONAL ISD/CSD,American Indian or Alaska Nat,10
2024-2025,8,HOPKINS COUNTY,112905,CUMBY COLLEGIATE ISD,TRADITIONAL ISD/CSD,Black or African American,<10
2024-2025,8,HOPKINS COUNTY,112905,CUMBY COLLEGIATE ISD,TRADITIONAL ISD/CSD,Hispanic/Latino,84
2024-2025,8,HOPKINS COUNTY,112905,CUMBY COLLEGIATE ISD,TRADITIONAL ISD/CSD,Native Hawaiian/Other Pacific,<10
2024-2025,8,HOPKINS COUNTY,112905,CUMBY COLLEGIATE ISD,TRADITIONAL ISD/CSD,Two or more races,15
2024-2025,8,HOPKINS COUNTY,112905,CUMBY COLLEGIATE ISD,TRADITIONAL ISD/CSD,White,348
2024-2025,7,NACOGDOCHES COUNTY,174902,CUSHING ISD,TRADITIONAL ISD/CSD,American Indian or Alaska Nat,<10
2024-2025,7,NACOGDOCHES COUNTY,174902,CUSHING ISD,TRADITIONAL ISD/CSD,Black or African American,25
2024-2025,7,NACOGDOCHES COUNTY,174902,CUSHING ISD,TRADITIONAL ISD/CSD,Hispanic/Latino,124
2024-2025,7,NACOGDOCHES COUNTY,174902,CUSHING ISD,TRADITIONAL ISD/CSD,Native Hawaiian/Other Pacific,<10
2024-2025,7,NACOGDOCHES COUNTY,174902,CUSHING ISD,TRADITIONAL ISD/CSD,Two or more races,24
2024-2025,7,NACOGDOCHES COUNTY,174902,CUSHING ISD,TRADITIONAL ISD/CSD,White,381
2024-2025,4,HARRIS COUNTY,101907,CYPRESS-FAIRBANKS ISD,TRADITIONAL ISD/CSD,American Indian or Alaska Nat,497
2024-2025,4,HARRIS COUNTY,101907,CYPRESS-FAIRBANKS ISD,TRADITIONAL ISD/CSD,Asian,12101
2024-2025,4,HARRIS COUNTY,101907,CYPRESS-FAIRBANKS ISD,TRADITIONAL ISD/CSD,Black or African American,24298
2024-2025,4,HARRIS COUNTY,101907,CYPRESS-FAIRBANKS ISD,TRADITIONAL ISD/CSD,Hispanic/Latino,53994
2024-2025,4,HARRIS COUNTY,101907,CYPRESS-FAIRBANKS ISD,TRADITIONAL ISD/CSD,Native Hawaiian/Other Pacific,102
2024-2025,4,HARRIS COUNTY,101907,CYPRESS-FAIRBANKS ISD,TRADITIONAL ISD/CSD,Two or more races,4678
2024-2025,4,HARRIS COUNTY,101907,CYPRESS-FAIRBANKS ISD,TRADITIONAL ISD/CSD,White,22257
2024-2025,20,MEDINA COUNTY,163902,D'HANIS ISD,TRADITIONAL ISD/CSD,Hispanic/Latino,<120
2024-2025,20,MEDINA COUNTY,163902,D'HANIS ISD,TRADITIONAL ISD/CSD,Two or more races,<10
2024-2025,20,MEDINA COUNTY,163902,D'HANIS ISD,TRADITIONAL ISD/CSD,White,170
2024-2025,8,MORRIS COUNTY,172902,DAINGERFIELD-LONE STAR ISD,TRADITIONAL ISD/CSD,American Indian or Alaska Nat,<10
2024-2025,8,MORRIS COUNTY,172902,DAINGERFIELD-LONE STAR ISD,TRADITIONAL ISD/CSD,Asian,<10
2024-2025,8,MORRIS COUNTY,172902,DAINGERFIELD-LONE STAR ISD,TRADITIONAL ISD/CSD,Black or African American,376
2024-2025,8,MORRIS COUNTY,172902,DAINGERFIELD-LONE STAR ISD,TRADITIONAL ISD/CSD,Hispanic/Latino,217
2024-2025,8,MORRIS COUNTY,172902,DAINGERFIELD-LONE STAR ISD,TRADITIONAL ISD/CSD,Two or more races,97
2024-2025,8,MORRIS COUNTY,172902,DAINGERFIELD-LONE STAR ISD,TRADITIONAL ISD/CSD,White,326
2024-2025,16,DALLAM COUNTY,56901,DALHART ISD,TRADITIONAL ISD/CSD,American Indian or Alaska Nat,<10
2024-2025,16,DALLAM COUNTY,56901,DALHART ISD,TRADITIONAL ISD/CSD,Asian,<10
2024-2025,16,DALLAM COUNTY,56901,DALHART ISD,TRADITIONAL ISD/CSD,Black or African American,13
2024-2025,16,DALLAM COUNTY,56901,DALHART ISD,TRADITIONAL ISD/CSD,Hispanic/Latino,1340
2024-2025,16,DALLAM COUNTY,56901,DALHART ISD,TRADITIONAL ISD/CSD,Two or more races,12
2024-2025,16,DALLAM COUNTY,56901,DALHART ISD,TRADITIONAL ISD/CSD,White,472
2024-2025,10,DALLAS COUNTY,57905,DALLAS ISD,TRADITIONAL ISD/CSD,American Indian or Alaska Nat,860
2024-2025,10,DALLAS COUNTY,57905,DALLAS ISD,TRADITIONAL ISD/CSD,Asian,1907
2024-2025,10,DALLAS COUNTY,57905,DALLAS ISD,TRADITIONAL ISD/CSD,Black or African American,26533
2024-2025,10,DALLAS COUNTY,57905,DALLAS ISD,TRADITIONAL ISD/CSD,Hispanic/Latino,99657
2024-2025,10,DALLAS COUNTY,57905,DALLAS ISD,TRADITIONAL ISD/CSD,Native Hawaiian/Other Pacific,79
2024-2025,10,DALLAS COUNTY,57905,DALLAS ISD,TRADITIONAL ISD/CSD,Two or more races,2144
2024-2025,10,DALLAS COUNTY,57905,DALLAS ISD,TRADITIONAL ISD/CSD,White,8622
2024-2025,4,BRAZORIA COUNTY,20910,DAMON ISD,TRADITIONAL ISD/CSD,Asian,<10
2024-2025,4,BRAZORIA COUNTY,20910,DAMON ISD,TRADITIONAL ISD/CSD,Black or African American,<10
2024-2025,4,BRAZORIA COUNTY,20910,DAMON ISD,TRADITIONAL ISD/CSD,Hispanic/Latino,68
2024-2025,4,BRAZORIA COUNTY,20910,DAMON ISD,TRADITIONAL ISD/CSD,Two or more races,<10
2024-2025,4,BRAZORIA COUNTY,20910,DAMON ISD,TRADITIONAL ISD/CSD,White,28
2024-2025,4,BRAZORIA COUNTY,20904,DANBURY ISD,TRADITIONAL ISD/CSD,American Indian or Alaska Nat,<10
2024-2025,4,BRAZORIA COUNTY,20904,DANBURY ISD,TRADITIONAL ISD/CSD,Asian,<10
2024-2025,4,BRAZORIA COUNTY,20904,DANBURY ISD,TRADITIONAL ISD/CSD,Black or African American,<10
2024-2025,4,BRAZORIA COUNTY,20904,DANBURY ISD,TRADITIONAL ISD/CSD,Hispanic/Latino,171
2024-2025,4,BRAZORIA COUNTY,20904,DANBURY ISD,TRADITIONAL ISD/CSD,Two or more races,23
2024-2025,4,BRAZORIA COUNTY,20904,DANBURY ISD,TRADITIONAL ISD/CSD,White,476
2024-2025,16,LIPSCOMB COUNTY,148905,DARROUZETT ISD,TRADITIONAL ISD/CSD,American Indian or Alaska Nat,<10
2024-2025,16,LIPSCOMB COUNTY,148905,DARROUZETT ISD,TRADITIONAL ISD/CSD,Asian,<10
2024-2025,16,LIPSCOMB COUNTY,148905,DARROUZETT ISD,TRADITIONAL ISD/CSD,Hispanic/Latino,42
2024-2025,16,LIPSCOMB COUNTY,148905,DARROUZETT ISD,TRADITIONAL ISD/CSD,Two or more races,<10
2024-2025,16,LIPSCOMB COUNTY,148905,DARROUZETT ISD,TRADITIONAL ISD/CSD,White,37
2024-2025,12,NAVARRO COUNTY,175904,DAWSON ISD,TRADITIONAL ISD/CSD,American Indian or Alaska Nat,<10
2024-2025,12,NAVARRO COUNTY,175904,DAWSON ISD,TRADITIONAL ISD/CSD,Asian,<10
2024-2025,17,DAWSON COUNTY,58902,DAWSON ISD,TRADITIONAL ISD/CSD,Black or African American,<10
2024-2025,12,NAVARRO COUNTY,175904,DAWSON ISD,TRADITIONAL ISD/CSD,Black or African American,41
2024-2025,17,DAWSON COUNTY,58902,DAWSON ISD,TRADITIONAL ISD/CSD,Hispanic/Latino,110
2024-2025,12,NAVARRO COUNTY,175904,DAWSON ISD,TRADITIONAL ISD/CSD,Hispanic/Latino,202
2024-2025,12,NAVARRO COUNTY,175904,DAWSON ISD,TRADITIONAL ISD/CSD,Native Hawaiian/Other Pacific,<10
2024-2025,12,NAVARRO COUNTY,175904,DAWSON ISD,TRADITIONAL ISD/CSD,Two or more races,25
2024-2025,17,DAWSON COUNTY,58902,DAWSON ISD,TRADITIONAL ISD/CSD,White,<30
2024-2025,12,NAVARRO COUNTY,175904,DAWSON ISD,TRADITIONAL ISD/CSD,White,352
2024-2025,4,LIBERTY COUNTY,146902,DAYTON ISD,TRADITIONAL ISD/CSD,American Indian or Alaska Nat,33
2024-2025,4,LIBERTY COUNTY,146902,DAYTON ISD,TRADITIONAL ISD/CSD,Asian,<30
2024-2025,4,LIBERTY COUNTY,146902,DAYTON ISD,TRADITIONAL ISD/CSD,Black or African American,367
2024-2025,4,LIBERTY COUNTY,146902,DAYTON ISD,TRADITIONAL ISD/CSD,Hispanic/Latino,2755
2024-2025,4,LIBERTY COUNTY,146902,DAYTON ISD,TRADITIONAL ISD/CSD,Native Hawaiian/Other Pacific,<10
2024-2025,4,LIBERTY COUNTY,146902,DAYTON ISD,TRADITIONAL ISD/CSD,Two or more races,161
2024-2025,4,LIBERTY COUNTY,146902,DAYTON ISD,TRADITIONAL ISD/CSD,White,2335
2024-2025,14,COMANCHE COUNTY,47902,DE LEON ISD,TRADITIONAL ISD/CSD,Asian,<10
2024-2025,14,COMANCHE COUNTY,47902,DE LEON ISD,TRADITIONAL ISD/CSD,Black or African American,<10
2024-2025,14,COMANCHE COUNTY,47902,DE LEON ISD,TRADITIONAL ISD/CSD,Hispanic/Latino,241
2024-2025,14,COMANCHE COUNTY,47902,DE LEON ISD,TRADITIONAL ISD/CSD,Two or more races,11
2024-2025,14,COMANCHE COUNTY,47902,DE LEON ISD,TRADITIONAL ISD/CSD,White,397
2024-2025,11,WISE COUNTY,249905,DECATUR ISD,TRADITIONAL ISD/CSD,American Indian or Alaska Nat,29
2024-2025,11,WISE COUNTY,249905,DECATUR ISD,TRADITIONAL ISD/CSD,Asian,<20
2024-2025,11,WISE COUNTY,249905,DECATUR ISD,TRADITIONAL ISD/CSD,Black or African American,34
2024-2025,11,WISE COUNTY,249905,DECATUR ISD,TRADITIONAL ISD/CSD,Hispanic/Latino,1433
2024-2025,11,WISE COUNTY,249905,DECATUR ISD,TRADITIONAL ISD/CSD,Native Hawaiian/Other Pacific,<10
2024-2025,11,WISE COUNTY,249905,DECATUR ISD,TRADITIONAL ISD/CSD,Two or more races,104
2024-2025,11,WISE COUNTY,249905,DECATUR ISD,TRADITIONAL ISD/CSD,White,2166
2024-2025,4,HARRIS COUNTY,101908,DEER PARK ISD,TRADITIONAL ISD/CSD,American Indian or Alaska Nat,<20
2024-2025,4,HARRIS COUNTY,101908,DEER PARK ISD,TRADITIONAL ISD/CSD,Asian,122
2024-2025,4,HARRIS COUNTY,101908,DEER PARK ISD,TRADITIONAL ISD/CSD,Black or African American,343
2024-2025,4,HARRIS COUNTY,101908,DEER PARK ISD,TRADITIONAL ISD/CSD,Hispanic/Latino,7846
2024-2025,4,HARRIS COUNTY,101908,DEER PARK ISD,TRADITIONAL ISD/CSD,Native Hawaiian/Other Pacific,<10
2024-2025,4,HARRIS COUNTY,101908,DEER PARK ISD,TRADITIONAL ISD/CSD,Two or more races,247
2024-2025,4,HARRIS COUNTY,101908,DEER PARK ISD,TRADITIONAL ISD/CSD,White,3584
2024-2025,8,BOWIE COUNTY,19901,DEKALB ISD,TRADITIONAL ISD/CSD,American Indian or Alaska Nat,<10
2024-2025,8,BOWIE COUNTY,19901,DEKALB ISD,TRADITIONAL ISD/CSD,Asian,<10
2024-2025,8,BOWIE COUNTY,19901,DEKALB ISD,TRADITIONAL ISD/CSD,Black or African American,116
2024-2025,8,BOWIE COUNTY,19901,DEKALB ISD,TRADITIONAL ISD/CSD,Hispanic/Latino,120
2024-2025,8,BOWIE COUNTY,19901,DEKALB ISD,TRADITIONAL ISD/CSD,Two or more races,53
2024-2025,8,BOWIE COUNTY,19901,DEKALB ISD,TRADITIONAL ISD/CSD,White,596
2024-2025,13,TRAVIS COUNTY,227910,DEL VALLE ISD,TRADITIONAL ISD/CSD,American Indian or Alaska Nat,<20
2024-2025,13,TRAVIS COUNTY,227910,DEL VALLE ISD,TRADITIONAL ISD/CSD,Asian,195
2024-2025,13,TRAVIS COUNTY,227910,DEL VALLE ISD,TRADITIONAL ISD/CSD,Black or African American,1035
2024-2025,13,TRAVIS COUNTY,227910,DEL VALLE ISD,TRADITIONAL ISD/CSD,Hispanic/Latino,9679
2024-2025,13,TRAVIS COUNTY,227910,DEL VALLE ISD,TRADITIONAL ISD/CSD,Native Hawaiian/Other Pacific,<10
2024-2025,13,TRAVIS COUNTY,227910,DEL VALLE ISD,TRADITIONAL ISD/CSD,Two or more races,197
2024-2025,13,TRAVIS COUNTY,227910,DEL VALLE ISD,TRADITIONAL ISD/CSD,White,589
2024-2025,19,HUDSPETH COUNTY,115903,DELL CITY ISD,TRADITIONAL ISD/CSD,Hispanic/Latino,53
2024-2025,19,HUDSPETH COUNTY,115903,DELL CITY ISD,TRADITIONAL ISD/CSD,Two or more races,<10
2024-2025,19,HUDSPETH COUNTY,115903,DELL CITY ISD,TRADITIONAL ISD/CSD,White,<30
2024-2025,10,GRAYSON COUNTY,91903,DENISON ISD,TRADITIONAL ISD/CSD,American Indian or Alaska Nat,69
2024-2025,10,GRAYSON COUNTY,91903,DENISON ISD,TRADITIONAL ISD/CSD,Asian,<40
2024-2025,10,GRAYSON COUNTY,91903,DENISON ISD,TRADITIONAL ISD/CSD,Black or African American,452
2024-2025,10,GRAYSON COUNTY,91903,DENISON ISD,TRADITIONAL ISD/CSD,Hispanic/Latino,1326
2024-2025,10,GRAYSON COUNTY,91903,DENISON ISD,TRADITIONAL ISD/CSD,Native Hawaiian/Other Pacific,<10
2024-2025,10,GRAYSON COUNTY,91903,DENISON ISD,TRADITIONAL ISD/CSD,Two or more races,586
2024-2025,10,GRAYSON COUNTY,91903,DENISON ISD,TRADITIONAL ISD/CSD,White,2505
2024-2025,11,DENTON COUNTY,61901,DENTON ISD,TRADITIONAL ISD/CSD,American Indian or Alaska Nat,117
2024-2025,11,DENTON COUNTY,61901,DENTON ISD,TRADITIONAL ISD/CSD,Asian,1598
2024-2025,11,DENTON COUNTY,61901,DENTON ISD,TRADITIONAL ISD/CSD,Black or African American,7267
2024-2025,11,DENTON COUNTY,61901,DENTON ISD,TRADITIONAL ISD/CSD,Hispanic/Latino,11851
2024-2025,11,DENTON COUNTY,61901,DENTON ISD,TRADITIONAL ISD/CSD,Native Hawaiian/Other Pacific,46
2024-2025,11,DENTON COUNTY,61901,DENTON ISD,TRADITIONAL ISD/CSD,Two or more races,1780
2024-2025,11,DENTON COUNTY,61901,DENTON ISD,TRADITIONAL ISD/CSD,White,10670
2024-2025,17,YOAKUM COUNTY,251901,DENVER CITY ISD,TRADITIONAL ISD/CSD,Asian,11
2024-2025,17,YOAKUM COUNTY,251901,DENVER CITY ISD,TRADITIONAL ISD/CSD,Black or African American,13
2024-2025,17,YOAKUM COUNTY,251901,DENVER CITY ISD,TRADITIONAL ISD/CSD,Hispanic/Latino,1253
2024-2025,17,YOAKUM COUNTY,251901,DENVER CITY ISD,TRADITIONAL ISD/CSD,Two or more races,16
2024-2025,17,YOAKUM COUNTY,251901,DENVER CITY ISD,TRADITIONAL ISD/CSD,White,181
2024-2025,10,DALLAS COUNTY,57906,DESOTO ISD,TRADITIONAL ISD/CSD,American Indian or Alaska Nat,<30
2024-2025,10,DALLAS COUNTY,57906,DESOTO ISD,TRADITIONAL ISD/CSD,Asian,20
2024-2025,10,DALLAS COUNTY,57906,DESOTO ISD,TRADITIONAL ISD/CSD,Black or African American,4007
2024-2025,10,DALLAS COUNTY,57906,DESOTO ISD,TRADITIONAL ISD/CSD,Hispanic/Latino,1360
2024-2025,10,DALLAS COUNTY,57906,DESOTO ISD,TRADITIONAL ISD/CSD,Native Hawaiian/Other Pacific,<10
2024-2025,10,DALLAS COUNTY,57906,DESOTO ISD,TRADITIONAL ISD/CSD,Two or more races,196
2024-2025,10,DALLAS COUNTY,57906,DESOTO ISD,TRADITIONAL ISD/CSD,White,101
2024-2025,8,RED RIVER COUNTY,194905,DETROIT ISD,TRADITIONAL ISD/CSD,American Indian or Alaska Nat,<10
2024-2025,8,RED RIVER COUNTY,194905,DETROIT ISD,TRADITIONAL ISD/CSD,Asian,<10
2024-2025,8,RED RIVER COUNTY,194905,DETROIT ISD,TRADITIONAL ISD/CSD,Black or African American,27
2024-2025,8,RED RIVER COUNTY,194905,DETROIT ISD,TRADITIONAL ISD/CSD,Hispanic/Latino,41
2024-2025,8,RED RIVER COUNTY,194905,DETROIT ISD,TRADITIONAL ISD/CSD,Native Hawaiian/Other Pacific,<10
2024-2025,8,RED RIVER COUNTY,194905,DETROIT ISD,TRADITIONAL ISD/CSD,Two or more races,38
2024-2025,8,RED RIVER COUNTY,194905,DETROIT ISD,TRADITIONAL ISD/CSD,White,375
2024-2025,4,LIBERTY COUNTY,146903,DEVERS ISD,TRADITIONAL ISD/CSD,Asian,<10
2024-2025,4,LIBERTY COUNTY,146903,DEVERS ISD,TRADITIONAL ISD/CSD,Black or African American,<10
2024-2025,4,LIBERTY COUNTY,146903,DEVERS ISD,TRADITIONAL ISD/CSD,Hispanic/Latino,43
2024-2025,4,LIBERTY COUNTY,146903,DEVERS ISD,TRADITIONAL ISD/CSD,Two or more races,<10
2024-2025,4,LIBERTY COUNTY,146903,DEVERS ISD,TRADITIONAL ISD/CSD,White,133
2024-2025,20,MEDINA COUNTY,163901,DEVINE ISD,TRADITIONAL ISD/CSD,American Indian or Alaska Nat,<10
2024-2025,20,MEDINA COUNTY,163901,DEVINE ISD,TRADITIONAL ISD/CSD,Asian,<10
2024-2025,20,MEDINA COUNTY,163901,DEVINE ISD,TRADITIONAL ISD/CSD,Black or African American,10
2024-2025,20,MEDINA COUNTY,163901,DEVINE ISD,TRADITIONAL ISD/CSD,Hispanic/Latino,1327
2024-2025,20,MEDINA COUNTY,163901,DEVINE ISD,TRADITIONAL ISD/CSD,Native Hawaiian/Other Pacific,<10
2024-2025,20,MEDINA COUNTY,163901,DEVINE ISD,TRADITIONAL ISD/CSD,Two or more races,23
2024-2025,20,MEDINA COUNTY,163901,DEVINE ISD,TRADITIONAL ISD/CSD,White,599
2024-2025,12,FREESTONE COUNTY,81906,DEW ISD,TRADITIONAL ISD/CSD,Black or African American,<10
2024-2025,12,FREESTONE COUNTY,81906,DEW ISD,TRADITIONAL ISD/CSD,Hispanic/Latino,27
2024-2025,12,FREESTONE COUNTY,81906,DEW ISD,TRADITIONAL ISD/CSD,Native Hawaiian/Other Pacific,<10
2024-2025,12,FREESTONE COUNTY,81906,DEW ISD,TRADITIONAL ISD/CSD,Two or more races,<10
2024-2025,12,FREESTONE COUNTY,81906,DEW ISD,TRADITIONAL ISD/CSD,White,134
2024-2025,5,NEWTON COUNTY,176903,DEWEYVILLE ISD,TRADITIONAL ISD/CSD,American Indian or Alaska Nat,<10
2024-2025,5,NEWTON COUNTY,176903,DEWEYVILLE ISD,TRADITIONAL ISD/CSD,Black or African American,<10
2024-2025,5,NEWTON COUNTY,176903,DEWEYVILLE ISD,TRADITIONAL ISD/CSD,Hispanic/Latino,49
2024-2025,5,NEWTON COUNTY,176903,DEWEYVILLE ISD,TRADITIONAL ISD/CSD,Two or more races,18
2024-2025,5,NEWTON COUNTY,176903,DEWEYVILLE ISD,TRADITIONAL ISD/CSD,White,486
2024-2025,7,ANGELINA COUNTY,3905,DIBOLL ISD,TRADITIONAL ISD/CSD,Asian,<10
2024-2025,7,ANGELINA COUNTY,3905,DIBOLL ISD,TRADITIONAL ISD/CSD,Black or African American,182
2024-2025,7,ANGELINA COUNTY,3905,DIBOLL ISD,TRADITIONAL ISD/CSD,Hispanic/Latino,815
2024-2025,7,ANGELINA COUNTY,3905,DIBOLL ISD,TRADITIONAL ISD/CSD,Two or more races,<60
2024-2025,7,ANGELINA COUNTY,3905,DIBOLL ISD,TRADITIONAL ISD/CSD,White,523
2024-2025,4,GALVESTON COUNTY,84901,DICKINSON ISD,TRADITIONAL ISD/CSD,American Indian or Alaska Nat,58
2024-2025,4,GALVESTON COUNTY,84901,DICKINSON ISD,TRADITIONAL ISD/CSD,Asian,234
2024-2025,4,GALVESTON COUNTY,84901,DICKINSON ISD,TRADITIONAL ISD/CSD,Black or African American,1878
2024-2025,4,GALVESTON COUNTY,84901,DICKINSON ISD,TRADITIONAL ISD/CSD,Hispanic/Latino,6658
2024-2025,4,GALVESTON COUNTY,84901,DICKINSON ISD,TRADITIONAL ISD/CSD,Native Hawaiian/Other Pacific,13
2024-2025,4,GALVESTON COUNTY,84901,DICKINSON ISD,TRADITIONAL ISD/CSD,Two or more races,406
2024-2025,4,GALVESTON COUNTY,84901,DICKINSON ISD,TRADITIONAL ISD/CSD,White,3307
2024-2025,20,FRIO COUNTY,82902,DILLEY ISD,TRADITIONAL ISD/CSD,American Indian or Alaska Nat,<10
2024-2025,20,FRIO COUNTY,82902,DILLEY ISD,TRADITIONAL ISD/CSD,Asian,<10
2024-2025,20,FRIO COUNTY,82902,DILLEY ISD,TRADITIONAL ISD/CSD,Black or African American,<10
2024-2025,20,FRIO COUNTY,82902,DILLEY ISD,TRADITIONAL ISD/CSD,Hispanic/Latino,791
2024-2025,20,FRIO COUNTY,82902,DILLEY ISD,TRADITIONAL ISD/CSD,Two or more races,<10
2024-2025,20,FRIO COUNTY,82902,DILLEY ISD,TRADITIONAL ISD/CSD,White,43
2024-2025,13,LEE COUNTY,144903,DIME BOX ISD,TRADITIONAL ISD/CSD,Black or African American,<40
2024-2025,13,LEE COUNTY,144903,DIME BOX ISD,TRADITIONAL ISD/CSD,Hispanic/Latino,71
2024-2025,13,LEE COUNTY,144903,DIME BOX ISD,TRADITIONAL ISD/CSD,Two or more races,<10
2024-2025,13,LEE COUNTY,144903,DIME BOX ISD,TRADITIONAL ISD/CSD,White,42
2024-2025,16,CASTRO COUNTY,35901,DIMMITT ISD,TRADITIONAL ISD/CSD,Asian,<10
2024-2025,16,CASTRO COUNTY,35901,DIMMITT ISD,TRADITIONAL ISD/CSD,Black or African American,<10
2024-2025,16,CASTRO COUNTY,35901,DIMMITT ISD,TRADITIONAL ISD/CSD,Hispanic/Latino,970
2024-2025,16,CASTRO COUNTY,35901,DIMMITT ISD,TRADITIONAL ISD/CSD,White,92
2024-2025,15,KERR COUNTY,133905,DIVIDE ISD,TRADITIONAL ISD/CSD,Hispanic/Latino,<10
2024-2025,15,KERR COUNTY,133905,DIVIDE ISD,TRADITIONAL ISD/CSD,White,<30
2024-2025,10,FANNIN COUNTY,74904,DODD CITY ISD,TRADITIONAL ISD/CSD,Asian,<10
2024-2025,10,FANNIN COUNTY,74904,DODD CITY ISD,TRADITIONAL ISD/CSD,Hispanic/Latino,34
2024-2025,10,FANNIN COUNTY,74904,DODD CITY ISD,TRADITIONAL ISD/CSD,Two or more races,<10
2024-2025,10,FANNIN COUNTY,74904,DODD CITY ISD,TRADITIONAL ISD/CSD,White,267
2024-2025,1,HIDALGO COUNTY,108902,DONNA ISD,TRADITIONAL ISD/CSD,Asian,<10
2024-2025,1,HIDALGO COUNTY,108902,DONNA ISD,TRADITIONAL ISD/CSD,Black or African American,<10
2024-2025,1,HIDALGO COUNTY,108902,DONNA ISD,TRADITIONAL ISD/CSD,Hispanic/Latino,12881
2024-2025,1,HIDALGO COUNTY,108902,DONNA ISD,TRADITIONAL ISD/CSD,Native Hawaiian/Other Pacific,<10
2024-2025,1,HIDALGO COUNTY,108902,DONNA ISD,TRADITIONAL ISD/CSD,Two or more races,<10
2024-2025,1,HIDALGO COUNTY,108902,DONNA ISD,TRADITIONAL ISD/CSD,White,48
2024-2025,13,HAYS COUNTY,105804,DORAL ACADEMY OF TEXAS,OPEN ENROLLMENT CHARTER,Asian,21
2024-2025,13,HAYS COUNTY,105804,DORAL ACADEMY OF TEXAS,OPEN ENROLLMENT CHARTER,Black or African American,33
2024-2025,13,HAYS COUNTY,105804,DORAL ACADEMY OF TEXAS,OPEN ENROLLMENT CHARTER,Hispanic/Latino,246
2024-2025,13,HAYS COUNTY,105804,DORAL ACADEMY OF TEXAS,OPEN ENROLLMENT CHARTER,Two or more races,18
2024-2025,13,HAYS COUNTY,105804,DORAL ACADEMY OF TEXAS,OPEN ENROLLMENT CHARTER,White,74
2024-2025,13,GILLESPIE COUNTY,86024,DOSS CONSOLIDATED CSD,TRADITIONAL ISD/CSD,Hispanic/Latino,<10
2024-2025,13,GILLESPIE COUNTY,86024,DOSS CONSOLIDATED CSD,TRADITIONAL ISD/CSD,Two or more races,<10
2024-2025,13,GILLESPIE COUNTY,86024,DOSS CONSOLIDATED CSD,TRADITIONAL ISD/CSD,White,17
2024-2025,7,NACOGDOCHES COUNTY,174911,DOUGLASS ISD,TRADITIONAL ISD/CSD,American Indian or Alaska Nat,<10
2024-2025,7,NACOGDOCHES COUNTY,174911,DOUGLASS ISD,TRADITIONAL ISD/CSD,Asian,<10
2024-2025,7,NACOGDOCHES COUNTY,174911,DOUGLASS ISD,TRADITIONAL ISD/CSD,Black or African American,14
2024-2025,7,NACOGDOCHES COUNTY,174911,DOUGLASS ISD,TRADITIONAL ISD/CSD,Hispanic/Latino,62
2024-2025,7,NACOGDOCHES COUNTY,174911,DOUGLASS ISD,TRADITIONAL ISD/CSD,Two or more races,22
2024-2025,7,NACOGDOCHES COUNTY,174911,DOUGLASS ISD,TRADITIONAL ISD/CSD,White,322
2024-2025,2,NUECES COUNTY,178801,DR M L GARZA-GONZALEZ CHARTER SCHOOL,OPEN ENROLLMENT CHARTER,Black or African American,12
2024-2025,2,NUECES COUNTY,178801,DR M L GARZA-GONZALEZ CHARTER SCHOOL,OPEN ENROLLMENT CHARTER,Hispanic/Latino,131
2024-2025,2,NUECES COUNTY,178801,DR M L GARZA-GONZALEZ CHARTER SCHOOL,OPEN ENROLLMENT CHARTER,Two or more races,<10
2024-2025,2,NUECES COUNTY,178801,DR M L GARZA-GONZALEZ CHARTER SCHOOL,OPEN ENROLLMENT CHARTER,White,<10
2024-2025,4,HARRIS COUNTY,101856,DRAW ACADEMY,OPEN ENROLLMENT CHARTER,Asian,<10
2024-2025,4,HARRIS COUNTY,101856,DRAW ACADEMY,OPEN ENROLLMENT CHARTER,Black or African American,<10
2024-2025,4,HARRIS COUNTY,101856,DRAW ACADEMY,OPEN ENROLLMENT CHARTER,Hispanic/Latino,686
2024-2025,4,HARRIS COUNTY,101856,DRAW ACADEMY,OPEN ENROLLMENT CHARTER,White,<10
2024-2025,13,HAYS COUNTY,105904,DRIPPING SPRINGS ISD,TRADITIONAL ISD/CSD,American Indian or Alaska Nat,<20
2024-2025,13,HAYS COUNTY,105904,DRIPPING SPRINGS ISD,TRADITIONAL ISD/CSD,Asian,312
2024-2025,13,HAYS COUNTY,105904,DRIPPING SPRINGS ISD,TRADITIONAL ISD/CSD,Black or African American,75
2024-2025,13,HAYS COUNTY,105904,DRIPPING SPRINGS ISD,TRADITIONAL ISD/CSD,Hispanic/Latino,1879
2024-2025,13,HAYS COUNTY,105904,DRIPPING SPRINGS ISD,TRADITIONAL ISD/CSD,Native Hawaiian/Other Pacific,<10
2024-2025,13,HAYS COUNTY,105904,DRIPPING SPRINGS ISD,TRADITIONAL ISD/CSD,Two or more races,499
2024-2025,13,HAYS COUNTY,105904,DRIPPING SPRINGS ISD,TRADITIONAL ISD/CSD,White,5925
2024-2025,2,NUECES COUNTY,178905,DRISCOLL ISD,TRADITIONAL ISD/CSD,Asian,<10
2024-2025,2,NUECES COUNTY,178905,DRISCOLL ISD,TRADITIONAL ISD/CSD,Black or African American,<10
2024-2025,2,NUECES COUNTY,178905,DRISCOLL ISD,TRADITIONAL ISD/CSD,Hispanic/Latino,358
2024-2025,2,NUECES COUNTY,178905,DRISCOLL ISD,TRADITIONAL ISD/CSD,Two or more races,<10
2024-2025,2,NUECES COUNTY,178905,DRISCOLL ISD,TRADITIONAL ISD/CSD,White,32
2024-2025,11,ERATH COUNTY,72902,DUBLIN ISD,TRADITIONAL ISD/CSD,American Indian or Alaska Nat,<10
2024-2025,11,ERATH COUNTY,72902,DUBLIN ISD,TRADITIONAL ISD/CSD,Asian,<10
2024-2025,11,ERATH COUNTY,72902,DUBLIN ISD,TRADITIONAL ISD/CSD,Black or African American,<10
2024-2025,11,ERATH COUNTY,72902,DUBLIN ISD,TRADITIONAL ISD/CSD,Hispanic/Latino,707
2024-2025,11,ERATH COUNTY,72902,DUBLIN ISD,TRADITIONAL ISD/CSD,Native Hawaiian/Other Pacific,<10
2024-2025,11,ERATH COUNTY,72902,DUBLIN ISD,TRADITIONAL ISD/CSD,Two or more races,19
2024-2025,11,ERATH COUNTY,72902,DUBLIN ISD,TRADITIONAL ISD/CSD,White,391
2024-2025,16,MOORE COUNTY,171901,DUMAS ISD,TRADITIONAL ISD/CSD,American Indian or Alaska Nat,22
2024-2025,16,MOORE COUNTY,171901,DUMAS ISD,TRADITIONAL ISD/CSD,Asian,126
2024-2025,16,MOORE COUNTY,171901,DUMAS ISD,TRADITIONAL ISD/CSD,Black or African American,146
2024-2025,16,MOORE COUNTY,171901,DUMAS ISD,TRADITIONAL ISD/CSD,Hispanic/Latino,3521
2024-2025,16,MOORE COUNTY,171901,DUMAS ISD,TRADITIONAL ISD/CSD,Two or more races,33
2024-2025,16,MOORE COUNTY,171901,DUMAS ISD,TRADITIONAL ISD/CSD,White,533
2024-2025,10,DALLAS COUNTY,57907,DUNCANVILLE ISD,TRADITIONAL ISD/CSD,American Indian or Alaska Nat,<20
2024-2025,10,DALLAS COUNTY,57907,DUNCANVILLE ISD,TRADITIONAL ISD/CSD,Asian,90
2024-2025,10,DALLAS COUNTY,57907,DUNCANVILLE ISD,TRADITIONAL ISD/CSD,Black or African American,4606
2024-2025,10,DALLAS COUNTY,57907,DUNCANVILLE ISD,TRADITIONAL ISD/CSD,Hispanic/Latino,6373
2024-2025,10,DALLAS COUNTY,57907,DUNCANVILLE ISD,TRADITIONAL ISD/CSD,Native Hawaiian/Other Pacific,<10
2024-2025,10,DALLAS COUNTY,57907,DUNCANVILLE ISD,TRADITIONAL ISD/CSD,Two or more races,225
2024-2025,10,DALLAS COUNTY,57907,DUNCANVILLE ISD,TRADITIONAL ISD/CSD,White,243
2024-2025,11,TARRANT COUNTY,220918,EAGLE MT-SAGINAW ISD,TRADITIONAL ISD/CSD,American Indian or Alaska Nat,73
2024-2025,11,TARRANT COUNTY,220918,EAGLE MT-SAGINAW ISD,TRADITIONAL ISD/CSD,Asian,1476
2024-2025,11,TARRANT COUNTY,220918,EAGLE MT-SAGINAW ISD,TRADITIONAL ISD/CSD,Black or African American,4857
2024-2025,11,TARRANT COUNTY,220918,EAGLE MT-SAGINAW ISD,TRADITIONAL ISD/CSD,Hispanic/Latino,9492
2024-2025,11,TARRANT COUNTY,220918,EAGLE MT-SAGINAW ISD,TRADITIONAL ISD/CSD,Native Hawaiian/Other Pacific,69
2024-2025,11,TARRANT COUNTY,220918,EAGLE MT-SAGINAW ISD,TRADITIONAL ISD/CSD,Two or more races,1155
2024-2025,11,TARRANT COUNTY,220918,EAGLE MT-SAGINAW ISD,TRADITIONAL ISD/CSD,White,6860
2024-2025,20,MAVERICK COUNTY,159901,EAGLE PASS ISD,TRADITIONAL ISD/CSD,American Indian or Alaska Nat,219
2024-2025,20,MAVERICK COUNTY,159901,EAGLE PASS ISD,TRADITIONAL ISD/CSD,Asian,21
2024-2025,20,MAVERICK COUNTY,159901,EAGLE PASS ISD,TRADITIONAL ISD/CSD,Black or African American,23
2024-2025,20,MAVERICK COUNTY,159901,EAGLE PASS ISD,TRADITIONAL ISD/CSD,Hispanic/Latino,13424
2024-2025,20,MAVERICK COUNTY,159901,EAGLE PASS ISD,TRADITIONAL ISD/CSD,Two or more races,20
2024-2025,20,MAVERICK COUNTY,159901,EAGLE PASS ISD,TRADITIONAL ISD/CSD,White,113
2024-2025,13,TRAVIS COUNTY,227909,EANES ISD,TRADITIONAL ISD/CSD,American Indian or Alaska Nat,<10
2024-2025,13,TRAVIS COUNTY,227909,EANES ISD,TRADITIONAL ISD/CSD,Asian,1121
2024-2025,13,TRAVIS COUNTY,227909,EANES ISD,TRADITIONAL ISD/CSD,Black or African American,67
2024-2025,13,TRAVIS COUNTY,227909,EANES ISD,TRADITIONAL ISD/CSD,Hispanic/Latino,1169
2024-2025,13,TRAVIS COUNTY,227909,EANES ISD,TRADITIONAL ISD/CSD,Native Hawaiian/Other Pacific,<10
2024-2025,13,TRAVIS COUNTY,227909,EANES ISD,TRADITIONAL ISD/CSD,Two or more races,515
2024-2025,13,TRAVIS COUNTY,227909,EANES ISD,TRADITIONAL ISD/CSD,White,4719
2024-2025,15,BROWN COUNTY,25909,EARLY ISD,TRADITIONAL ISD/CSD,American Indian or Alaska Nat,<10
2024-2025,15,BROWN COUNTY,25909,EARLY ISD,TRADITIONAL ISD/CSD,Asian,23
2024-2025,15,BROWN COUNTY,25909,EARLY ISD,TRADITIONAL ISD/CSD,Black or African American,23
2024-2025,15,BROWN COUNTY,25909,EARLY ISD,TRADITIONAL ISD/CSD,Hispanic/Latino,292
2024-2025,15,BROWN COUNTY,25909,EARLY ISD,TRADITIONAL ISD/CSD,Native Hawaiian/Other Pacific,<10
2024-2025,15,BROWN COUNTY,25909,EARLY ISD,TRADITIONAL ISD/CSD,Two or more races,35
2024-2025,15,BROWN COUNTY,25909,EARLY ISD,TRADITIONAL ISD/CSD,White,691
2024-2025,3,WHARTON COUNTY,241902,EAST BERNARD ISD,TRADITIONAL ISD/CSD,Asian,<10
2024-2025,3,WHARTON COUNTY,241902,EAST BERNARD ISD,TRADITIONAL ISD/CSD,Black or African American,61
2024-2025,3,WHARTON COUNTY,241902,EAST BERNARD ISD,TRADITIONAL ISD/CSD,Hispanic/Latino,366
2024-2025,3,WHARTON COUNTY,241902,EAST BERNARD ISD,TRADITIONAL ISD/CSD,Two or more races,<20
2024-2025,3,WHARTON COUNTY,241902,EAST BERNARD ISD,TRADITIONAL ISD/CSD,White,557
2024-2025,20,BEXAR COUNTY,15911,EAST CENTRAL ISD,TRADITIONAL ISD/CSD,American Indian or Alaska Nat,17
2024-2025,20,BEXAR COUNTY,15911,EAST CENTRAL ISD,TRADITIONAL ISD/CSD,Asian,59
2024-2025,20,BEXAR COUNTY,15911,EAST CENTRAL ISD,TRADITIONAL ISD/CSD,Black or African American,1237
2024-2025,20,BEXAR COUNTY,15911,EAST CENTRAL ISD,TRADITIONAL ISD/CSD,Hispanic/Latino,8433
2024-2025,20,BEXAR COUNTY,15911,EAST CENTRAL ISD,TRADITIONAL ISD/CSD,Native Hawaiian/Other Pacific,17
2024-2025,20,BEXAR COUNTY,15911,EAST CENTRAL ISD,TRADITIONAL ISD/CSD,Two or more races,335
2024-2025,20,BEXAR COUNTY,15911,EAST CENTRAL ISD,TRADITIONAL ISD/CSD,White,1399
2024-2025,5,CHAMBERS COUNTY,36903,EAST CHAMBERS ISD,TRADITIONAL ISD/CSD,Asian,<10
2024-2025,5,CHAMBERS COUNTY,36903,EAST CHAMBERS ISD,TRADITIONAL ISD/CSD,Black or African American,108
2024-2025,5,CHAMBERS COUNTY,36903,EAST CHAMBERS ISD,TRADITIONAL ISD/CSD,Hispanic/Latino,753
2024-2025,5,CHAMBERS COUNTY,36903,EAST CHAMBERS ISD,TRADITIONAL ISD/CSD,Native Hawaiian/Other Pacific,<10
2024-2025,5,CHAMBERS COUNTY,36903,EAST CHAMBERS ISD,TRADITIONAL ISD/CSD,Two or more races,60
2024-2025,5,CHAMBERS COUNTY,36903,EAST CHAMBERS ISD,TRADITIONAL ISD/CSD,White,634
2024-2025,11,TARRANT COUNTY,220811,EAST FORT WORTH MONTESSORI ACADEMY,OPEN ENROLLMENT CHARTER,Black or African American,52
2024-2025,11,TARRANT COUNTY,220811,EAST FORT WORTH MONTESSORI ACADEMY,OPEN ENROLLMENT CHARTER,Hispanic/Latino,58
2024-2025,11,TARRANT COUNTY,220811,EAST FORT WORTH MONTESSORI ACADEMY,OPEN ENROLLMENT CHARTER,Two or more races,<10
2024-2025,11,TARRANT COUNTY,220811,EAST FORT WORTH MONTESSORI ACADEMY,OPEN ENROLLMENT CHARTER,White,<20
2024-2025,7,GREGG COUNTY,92801,EAST TEXAS CHARTER SCHOOLS,OPEN ENROLLMENT CHARTER,Black or African American,<10
2024-2025,7,GREGG COUNTY,92801,EAST TEXAS CHARTER SCHOOLS,OPEN ENROLLMENT CHARTER,Hispanic/Latino,33
2024-2025,7,GREGG COUNTY,92801,EAST TEXAS CHARTER SCHOOLS,OPEN ENROLLMENT CHARTER,Native Hawaiian/Other Pacific,<10
2024-2025,7,GREGG COUNTY,92801,EAST TEXAS CHARTER SCHOOLS,OPEN ENROLLMENT CHARTER,Two or more races,<10
2024-2025,7,GREGG COUNTY,92801,EAST TEXAS CHARTER SCHOOLS,OPEN ENROLLMENT CHARTER,White,82
2024-2025,14,EASTLAND COUNTY,67903,EASTLAND ISD,TRADITIONAL ISD/CSD,Asian,11
2024-2025,14,EASTLAND COUNTY,67903,EASTLAND ISD,TRADITIONAL ISD/CSD,Black or African American,<10
2024-2025,14,EASTLAND COUNTY,67903,EASTLAND ISD,TRADITIONAL ISD/CSD,Hispanic/Latino,290
2024-2025,14,EASTLAND COUNTY,67903,EASTLAND ISD,TRADITIONAL ISD/CSD,Native Hawaiian/Other Pacific,<10
2024-2025,14,EASTLAND COUNTY,67903,EASTLAND ISD,TRADITIONAL ISD/CSD,Two or more races,17
2024-2025,14,EASTLAND COUNTY,67903,EASTLAND ISD,TRADITIONAL ISD/CSD,White,642
2024-2025,18,ECTOR COUNTY,68901,ECTOR COUNTY ISD,TRADITIONAL ISD/CSD,American Indian or Alaska Nat,57
2024-2025,18,ECTOR COUNTY,68901,ECTOR COUNTY ISD,TRADITIONAL ISD/CSD,Asian,284
2024-2025,18,ECTOR COUNTY,68901,ECTOR COUNTY ISD,TRADITIONAL ISD/CSD,Black or African American,1124
2024-2025,18,ECTOR COUNTY,68901,ECTOR COUNTY ISD,TRADITIONAL ISD/CSD,Hispanic/Latino,27417
2024-2025,18,ECTOR COUNTY,68901,ECTOR COUNTY ISD,TRADITIONAL ISD/CSD,Native Hawaiian/Other Pacific,102
2024-2025,18,ECTOR COUNTY,68901,ECTOR COUNTY ISD,TRADITIONAL ISD/CSD,Two or more races,518
2024-2025,18,ECTOR COUNTY,68901,ECTOR COUNTY ISD,TRADITIONAL ISD/CSD,White,4161
2024-2025,10,FANNIN COUNTY,74905,ECTOR ISD,TRADITIONAL ISD/CSD,American Indian or Alaska Nat,<10
2024-2025,10,FANNIN COUNTY,74905,ECTOR ISD,TRADITIONAL ISD/CSD,Black or African American,<10
2024-2025,10,FANNIN COUNTY,74905,ECTOR ISD,TRADITIONAL ISD/CSD,Hispanic/Latino,37
2024-2025,10,FANNIN COUNTY,74905,ECTOR ISD,TRADITIONAL ISD/CSD,Two or more races,11
2024-2025,10,FANNIN COUNTY,74905,ECTOR ISD,TRADITIONAL ISD/CSD,White,179
2024-2025,1,HIDALGO COUNTY,108903,EDCOUCH-ELSA ISD,TRADITIONAL ISD/CSD,Black or African American,<10
2024-2025,1,HIDALGO COUNTY,108903,EDCOUCH-ELSA ISD,TRADITIONAL ISD/CSD,Hispanic/Latino,4337
2024-2025,1,HIDALGO COUNTY,108903,EDCOUCH-ELSA ISD,TRADITIONAL ISD/CSD,White,<20
2024-2025,15,CONCHO COUNTY,48901,EDEN CISD,TRADITIONAL ISD/CSD,American Indian or Alaska Nat,<10
2024-2025,15,CONCHO COUNTY,48901,EDEN CISD,TRADITIONAL ISD/CSD,Asian,<10
2024-2025,15,CONCHO COUNTY,48901,EDEN CISD,TRADITIONAL ISD/CSD,Black or African American,<10
2024-2025,15,CONCHO COUNTY,48901,EDEN CISD,TRADITIONAL ISD/CSD,Hispanic/Latino,129
2024-2025,15,CONCHO COUNTY,48901,EDEN CISD,TRADITIONAL ISD/CSD,Two or more races,<10
2024-2025,15,CONCHO COUNTY,48901,EDEN CISD,TRADITIONAL ISD/CSD,White,86
2024-2025,20,BEXAR COUNTY,15905,EDGEWOOD ISD,TRADITIONAL ISD/CSD,American Indian or Alaska Nat,<10
2024-2025,20,BEXAR COUNTY,15905,EDGEWOOD ISD,TRADITIONAL ISD/CSD,Asian,86
2024-2025,7,VAN ZANDT COUNTY,234903,EDGEWOOD ISD,TRADITIONAL ISD/CSD,Asian,<10
2024-2025,20,BEXAR COUNTY,15905,EDGEWOOD ISD,TRADITIONAL ISD/CSD,Black or African American,97
2024-2025,7,VAN ZANDT COUNTY,234903,EDGEWOOD ISD,TRADITIONAL ISD/CSD,Black or African American,28
2024-2025,20,BEXAR COUNTY,15905,EDGEWOOD ISD,TRADITIONAL ISD/CSD,Hispanic/Latino,7566
2024-2025,7,VAN ZANDT COUNTY,234903,EDGEWOOD ISD,TRADITIONAL ISD/CSD,Hispanic/Latino,171
2024-2025,20,BEXAR COUNTY,15905,EDGEWOOD ISD,TRADITIONAL ISD/CSD,Native Hawaiian/Other Pacific,<10
2024-2025,7,VAN ZANDT COUNTY,234903,EDGEWOOD ISD,TRADITIONAL ISD/CSD,Native Hawaiian/Other Pacific,<10
2024-2025,20,BEXAR COUNTY,15905,EDGEWOOD ISD,TRADITIONAL ISD/CSD,Two or more races,16
2024-2025,7,VAN ZANDT COUNTY,234903,EDGEWOOD ISD,TRADITIONAL ISD/CSD,Two or more races,28
2024-2025,20,BEXAR COUNTY,15905,EDGEWOOD ISD,TRADITIONAL ISD/CSD,White,76
2024-2025,7,VAN ZANDT COUNTY,234903,EDGEWOOD ISD,TRADITIONAL ISD/CSD,White,790
2024-2025,1,HIDALGO COUNTY,108904,EDINBURG CISD,TRADITIONAL ISD/CSD,American Indian or Alaska Nat,<20
2024-2025,1,HIDALGO COUNTY,108904,EDINBURG CISD,TRADITIONAL ISD/CSD,Asian,198
2024-2025,1,HIDALGO COUNTY,108904,EDINBURG CISD,TRADITIONAL ISD/CSD,Black or African American,113
2024-2025,1,HIDALGO COUNTY,108904,EDINBURG CISD,TRADITIONAL ISD/CSD,Hispanic/Latino,32644
2024-2025,1,HIDALGO COUNTY,108904,EDINBURG CISD,TRADITIONAL ISD/CSD,Native Hawaiian/Other Pacific,<10
2024-2025,1,HIDALGO COUNTY,108904,EDINBURG CISD,TRADITIONAL ISD/CSD,Two or more races,58
2024-2025,1,HIDALGO COUNTY,108904,EDINBURG CISD,TRADITIONAL ISD/CSD,White,319
2024-2025,3,JACKSON COUNTY,120901,EDNA ISD,TRADITIONAL ISD/CSD,American Indian or Alaska Nat,<10
2024-2025,3,JACKSON COUNTY,120901,EDNA ISD,TRADITIONAL ISD/CSD,Asian,<20
2024-2025,3,JACKSON COUNTY,120901,EDNA ISD,TRADITIONAL ISD/CSD,Black or African American,166
2024-2025,3,JACKSON COUNTY,120901,EDNA ISD,TRADITIONAL ISD/CSD,Hispanic/Latino,706
2024-2025,3,JACKSON COUNTY,120901,EDNA ISD,TRADITIONAL ISD/CSD,Two or more races,50
2024-2025,3,JACKSON COUNTY,120901,EDNA ISD,TRADITIONAL ISD/CSD,White,589
2024-2025,10,DALLAS COUNTY,57833,EDUCATION CENTER INTERNATIONAL ACADEMY,OPEN ENROLLMENT CHARTER,American Indian or Alaska Nat,<10
2024-2025,10,DALLAS COUNTY,57833,EDUCATION CENTER INTERNATIONAL ACADEMY,OPEN ENROLLMENT CHARTER,Asian,11
2024-2025,10,DALLAS COUNTY,57833,EDUCATION CENTER INTERNATIONAL ACADEMY,OPEN ENROLLMENT CHARTER,Black or African American,51
2024-2025,10,DALLAS COUNTY,57833,EDUCATION CENTER INTERNATIONAL ACADEMY,OPEN ENROLLMENT CHARTER,Hispanic/Latino,79
2024-2025,10,DALLAS COUNTY,57833,EDUCATION CENTER INTERNATIONAL ACADEMY,OPEN ENROLLMENT CHARTER,Two or more races,<10
2024-2025,10,DALLAS COUNTY,57833,EDUCATION CENTER INTERNATIONAL ACADEMY,OPEN ENROLLMENT CHARTER,White,72
2024-2025,5,JEFFERSON COUNTY,123805,EHRHART SCHOOL,OPEN ENROLLMENT CHARTER,Asian,<10
2024-2025,5,JEFFERSON COUNTY,123805,EHRHART SCHOOL,OPEN ENROLLMENT CHARTER,Black or African American,39
2024-2025,5,JEFFERSON COUNTY,123805,EHRHART SCHOOL,OPEN ENROLLMENT CHARTER,Hispanic/Latino,471
2024-2025,5,JEFFERSON COUNTY,123805,EHRHART SCHOOL,OPEN ENROLLMENT CHARTER,Native Hawaiian/Other Pacific,<10
2024-2025,5,JEFFERSON COUNTY,123805,EHRHART SCHOOL,OPEN ENROLLMENT CHARTER,Two or more races,<10
2024-2025,5,JEFFERSON COUNTY,123805,EHRHART SCHOOL,OPEN ENROLLMENT CHARTER,White,36
2024-2025,3,WHARTON COUNTY,241903,EL CAMPO ISD,TRADITIONAL ISD/CSD,American Indian or Alaska Nat,<10
2024-2025,3,WHARTON COUNTY,241903,EL CAMPO ISD,TRADITIONAL ISD/CSD,Asian,<10
2024-2025,3,WHARTON COUNTY,241903,EL CAMPO ISD,TRADITIONAL ISD/CSD,Black or African American,250
2024-2025,3,WHARTON COUNTY,241903,EL CAMPO ISD,TRADITIONAL ISD/CSD,Hispanic/Latino,2263
2024-2025,3,WHARTON COUNTY,241903,EL CAMPO ISD,TRADITIONAL ISD/CSD,Native Hawaiian/Other Pacific,<10
2024-2025,3,WHARTON COUNTY,241903,EL CAMPO ISD,TRADITIONAL ISD/CSD,Two or more races,36
2024-2025,3,WHARTON COUNTY,241903,EL CAMPO ISD,TRADITIONAL ISD/CSD,White,719
2024-2025,19,EL PASO COUNTY,71804,EL PASO ACADEMY,OPEN ENROLLMENT CHARTER,Black or African American,<10
2024-2025,19,EL PASO COUNTY,71804,EL PASO ACADEMY,OPEN ENROLLMENT CHARTER,Hispanic/Latino,309
2024-2025,19,EL PASO COUNTY,71804,EL PASO ACADEMY,OPEN ENROLLMENT CHARTER,Two or more races,<10
2024-2025,19,EL PASO COUNTY,71804,EL PASO ACADEMY,OPEN ENROLLMENT CHARTER,White,<10
2024-2025,19,EL PASO COUNTY,71902,EL PASO ISD,TRADITIONAL ISD/CSD,American Indian or Alaska Nat,99
2024-2025,19,EL PASO COUNTY,71902,EL PASO ISD,TRADITIONAL ISD/CSD,Asian,647
2024-2025,19,EL PASO COUNTY,71902,EL PASO ISD,TRADITIONAL ISD/CSD,Black or African American,1659
2024-2025,19,EL PASO COUNTY,71902,EL PASO ISD,TRADITIONAL ISD/CSD,Hispanic/Latino,40467
2024-2025,19,EL PASO COUNTY,71902,EL PASO ISD,TRADITIONAL ISD/CSD,Native Hawaiian/Other Pacific,190
2024-2025,19,EL PASO COUNTY,71902,EL PASO ISD,TRADITIONAL ISD/CSD,Two or more races,997
2024-2025,19,EL PASO COUNTY,71902,EL PASO ISD,TRADITIONAL ISD/CSD,White,4059
2024-2025,19,EL PASO COUNTY,71810,EL PASO LEADERSHIP ACADEMY,OPEN ENROLLMENT CHARTER,American Indian or Alaska Nat,<10
2024-2025,19,EL PASO COUNTY,71810,EL PASO LEADERSHIP ACADEMY,OPEN ENROLLMENT CHARTER,Asian,<10
2024-2025,19,EL PASO COUNTY,71810,EL PASO LEADERSHIP ACADEMY,OPEN ENROLLMENT CHARTER,Black or African American,<10
2024-2025,19,EL PASO COUNTY,71810,EL PASO LEADERSHIP ACADEMY,OPEN ENROLLMENT CHARTER,Hispanic/Latino,750
2024-2025,19,EL PASO COUNTY,71810,EL PASO LEADERSHIP ACADEMY,OPEN ENROLLMENT CHARTER,Two or more races,<10
2024-2025,19,EL PASO COUNTY,71810,EL PASO LEADERSHIP ACADEMY,OPEN ENROLLMENT CHARTER,White,18
2024-2025,20,BEXAR COUNTY,15836,ELEANOR KOLITZ HEBREW LANGUAGE ACADEMY,OPEN ENROLLMENT CHARTER,American Indian or Alaska Nat,<10
2024-2025,20,BEXAR COUNTY,15836,ELEANOR KOLITZ HEBREW LANGUAGE ACADEMY,OPEN ENROLLMENT CHARTER,Asian,18
2024-2025,20,BEXAR COUNTY,15836,ELEANOR KOLITZ HEBREW LANGUAGE ACADEMY,OPEN ENROLLMENT CHARTER,Black or African American,<10
2024-2025,20,BEXAR COUNTY,15836,ELEANOR KOLITZ HEBREW LANGUAGE ACADEMY,OPEN ENROLLMENT CHARTER,Hispanic/Latino,269
2024-2025,20,BEXAR COUNTY,15836,ELEANOR KOLITZ HEBREW LANGUAGE ACADEMY,OPEN ENROLLMENT CHARTER,Two or more races,23
2024-2025,20,BEXAR COUNTY,15836,ELEANOR KOLITZ HEBREW LANGUAGE ACADEMY,OPEN ENROLLMENT CHARTER,White,169
2024-2025,9,WICHITA COUNTY,243902,ELECTRA ISD,TRADITIONAL ISD/CSD,American Indian or Alaska Nat,<10
2024-2025,9,WICHITA COUNTY,243902,ELECTRA ISD,TRADITIONAL ISD/CSD,Asian,<10
2024-2025,9,WICHITA COUNTY,243902,ELECTRA ISD,TRADITIONAL ISD/CSD,Black or African American,39
2024-2025,9,WICHITA COUNTY,243902,ELECTRA ISD,TRADITIONAL ISD/CSD,Hispanic/Latino,74
2024-2025,9,WICHITA COUNTY,243902,ELECTRA ISD,TRADITIONAL ISD/CSD,Native Hawaiian/Other Pacific,<10
2024-2025,9,WICHITA COUNTY,243902,ELECTRA ISD,TRADITIONAL ISD/CSD,Two or more races,26
2024-2025,9,WICHITA COUNTY,243902,ELECTRA ISD,TRADITIONAL ISD/CSD,White,297
2024-2025,4,HARRIS COUNTY,101877,ELEVATE COLLEGIATE CHARTER SCHOOL,OPEN ENROLLMENT CHARTER,Black or African American,159
2024-2025,4,HARRIS COUNTY,101877,ELEVATE COLLEGIATE CHARTER SCHOOL,OPEN ENROLLMENT CHARTER,Hispanic/Latino,27
2024-2025,4,HARRIS COUNTY,101877,ELEVATE COLLEGIATE CHARTER SCHOOL,OPEN ENROLLMENT CHARTER,Two or more races,<10
2024-2025,4,HARRIS COUNTY,101877,ELEVATE COLLEGIATE CHARTER SCHOOL,OPEN ENROLLMENT CHARTER,White,<10
2024-2025,13,BASTROP COUNTY,11902,ELGIN ISD,TRADITIONAL ISD/CSD,American Indian or Alaska Nat,<10
2024-2025,13,BASTROP COUNTY,11902,ELGIN ISD,TRADITIONAL ISD/CSD,Asian,18
2024-2025,13,BASTROP COUNTY,11902,ELGIN ISD,TRADITIONAL ISD/CSD,Black or African American,509
2024-2025,13,BASTROP COUNTY,11902,ELGIN ISD,TRADITIONAL ISD/CSD,Hispanic/Latino,4661
2024-2025,13,BASTROP COUNTY,11902,ELGIN ISD,TRADITIONAL ISD/CSD,Native Hawaiian/Other Pacific,<10
2024-2025,13,BASTROP COUNTY,11902,ELGIN ISD,TRADITIONAL ISD/CSD,Two or more races,158
2024-2025,13,BASTROP COUNTY,11902,ELGIN ISD,TRADITIONAL ISD/CSD,White,595
2024-2025,7,ANDERSON COUNTY,1903,ELKHART ISD,TRADITIONAL ISD/CSD,American Indian or Alaska Nat,<10
2024-2025,7,ANDERSON COUNTY,1903,ELKHART ISD,TRADITIONAL ISD/CSD,Asian,<10
2024-2025,7,ANDERSON COUNTY,1903,ELKHART ISD,TRADITIONAL ISD/CSD,Black or African American,45
2024-2025,7,ANDERSON COUNTY,1903,ELKHART ISD,TRADITIONAL ISD/CSD,Hispanic/Latino,165
2024-2025,7,ANDERSON COUNTY,1903,ELKHART ISD,TRADITIONAL ISD/CSD,Native Hawaiian/Other Pacific,<10
2024-2025,7,ANDERSON COUNTY,1903,ELKHART ISD,TRADITIONAL ISD/CSD,Two or more races,50
2024-2025,7,ANDERSON COUNTY,1903,ELKHART ISD,TRADITIONAL ISD/CSD,White,919
2024-2025,7,HARRISON COUNTY,102906,ELYSIAN FIELDS ISD,TRADITIONAL ISD/CSD,Asian,<10
2024-2025,7,HARRISON COUNTY,102906,ELYSIAN FIELDS ISD,TRADITIONAL ISD/CSD,Black or African American,76
2024-2025,7,HARRISON COUNTY,102906,ELYSIAN FIELDS ISD,TRADITIONAL ISD/CSD,Hispanic/Latino,44
2024-2025,7,HARRISON COUNTY,102906,ELYSIAN FIELDS ISD,TRADITIONAL ISD/CSD,Two or more races,<30
2024-2025,7,HARRISON COUNTY,102906,ELYSIAN FIELDS ISD,TRADITIONAL ISD/CSD,White,622
2024-2025,10,ELLIS COUNTY,70903,ENNIS ISD,TRADITIONAL ISD/CSD,American Indian or Alaska Nat,17
2024-2025,10,ELLIS COUNTY,70903,ENNIS ISD,TRADITIONAL ISD/CSD,Asian,24
2024-2025,10,ELLIS COUNTY,70903,ENNIS ISD,TRADITIONAL ISD/CSD,Black or African American,990
2024-2025,10,ELLIS COUNTY,70903,ENNIS ISD,TRADITIONAL ISD/CSD,Hispanic/Latino,3765
2024-2025,10,ELLIS COUNTY,70903,ENNIS ISD,TRADITIONAL ISD/CSD,Native Hawaiian/Other Pacific,44
2024-2025,10,ELLIS COUNTY,70903,ENNIS ISD,TRADITIONAL ISD/CSD,Two or more races,143
2024-2025,10,ELLIS COUNTY,70903,ENNIS ISD,TRADITIONAL ISD/CSD,White,1663
2024-2025,11,COOKE COUNTY,49906,ERA ISD,TRADITIONAL ISD/CSD,American Indian or Alaska Nat,<10
2024-2025,11,COOKE COUNTY,49906,ERA ISD,TRADITIONAL ISD/CSD,Asian,<10
2024-2025,11,COOKE COUNTY,49906,ERA ISD,TRADITIONAL ISD/CSD,Hispanic/Latino,72
2024-2025,11,COOKE COUNTY,49906,ERA ISD,TRADITIONAL ISD/CSD,Native Hawaiian/Other Pacific,<10
2024-2025,11,COOKE COUNTY,49906,ERA ISD,TRADITIONAL ISD/CSD,Two or more races,19
2024-2025,11,COOKE COUNTY,49906,ERA ISD,TRADITIONAL ISD/CSD,White,402
2024-2025,11,ERATH COUNTY,72802,ERATH EXCELS ACADEMY INC,OPEN ENROLLMENT CHARTER,American Indian or Alaska Nat,<10
2024-2025,11,ERATH COUNTY,72802,ERATH EXCELS ACADEMY INC,OPEN ENROLLMENT CHARTER,Asian,<10
2024-2025,11,ERATH COUNTY,72802,ERATH EXCELS ACADEMY INC,OPEN ENROLLMENT CHARTER,Black or African American,<10
2024-2025,11,ERATH COUNTY,72802,ERATH EXCELS ACADEMY INC,OPEN ENROLLMENT CHARTER,Hispanic/Latino,55
2024-2025,11,ERATH COUNTY,72802,ERATH EXCELS ACADEMY INC,OPEN ENROLLMENT CHARTER,Two or more races,<10
2024-2025,11,ERATH COUNTY,72802,ERATH EXCELS ACADEMY INC,OPEN ENROLLMENT CHARTER,White,40
2024-2025,20,BEXAR COUNTY,15844,ESSENCE PREPARATORY CHARTER SCHOOL,OPEN ENROLLMENT CHARTER,Asian,<10
2024-2025,20,BEXAR COUNTY,15844,ESSENCE PREPARATORY CHARTER SCHOOL,OPEN ENROLLMENT CHARTER,Black or African American,258
2024-2025,20,BEXAR COUNTY,15844,ESSENCE PREPARATORY CHARTER SCHOOL,OPEN ENROLLMENT CHARTER,Hispanic/Latino,97
2024-2025,20,BEXAR COUNTY,15844,ESSENCE PREPARATORY CHARTER SCHOOL,OPEN ENROLLMENT CHARTER,Native Hawaiian/Other Pacific,<10
2024-2025,20,BEXAR COUNTY,15844,ESSENCE PREPARATORY CHARTER SCHOOL,OPEN ENROLLMENT CHARTER,Two or more races,<10
2024-2025,20,BEXAR COUNTY,15844,ESSENCE PREPARATORY CHARTER SCHOOL,OPEN ENROLLMENT CHARTER,White,<10
2024-2025,4,HARRIS COUNTY,101872,ETOILE ACADEMY CHARTER SCHOOL,OPEN ENROLLMENT CHARTER,American Indian or Alaska Nat,<10
2024-2025,4,HARRIS COUNTY,101872,ETOILE ACADEMY CHARTER SCHOOL,OPEN ENROLLMENT CHARTER,Asian,318
2024-2025,4,HARRIS COUNTY,101872,ETOILE ACADEMY CHARTER SCHOOL,OPEN ENROLLMENT CHARTER,Black or African American,84
2024-2025,4,HARRIS COUNTY,101872,ETOILE ACADEMY CHARTER SCHOOL,OPEN ENROLLMENT CHARTER,Hispanic/Latino,565
2024-2025,4,HARRIS COUNTY,101872,ETOILE ACADEMY CHARTER SCHOOL,OPEN ENROLLMENT CHARTER,Two or more races,<10
2024-2025,4,HARRIS COUNTY,101872,ETOILE ACADEMY CHARTER SCHOOL,OPEN ENROLLMENT CHARTER,White,<10
2024-2025,14,CALLAHAN COUNTY,30906,EULA ISD,TRADITIONAL ISD/CSD,American Indian or Alaska Nat,<10
2024-2025,14,CALLAHAN COUNTY,30906,EULA ISD,TRADITIONAL ISD/CSD,Asian,<10
2024-2025,14,CALLAHAN COUNTY,30906,EULA ISD,TRADITIONAL ISD/CSD,Black or African American,<10
2024-2025,14,CALLAHAN COUNTY,30906,EULA ISD,TRADITIONAL ISD/CSD,Hispanic/Latino,103
2024-2025,14,CALLAHAN COUNTY,30906,EULA ISD,TRADITIONAL ISD/CSD,Native Hawaiian/Other Pacific,<10
2024-2025,14,CALLAHAN COUNTY,30906,EULA ISD,TRADITIONAL ISD/CSD,Two or more races,18
2024-2025,14,CALLAHAN COUNTY,30906,EULA ISD,TRADITIONAL ISD/CSD,White,373
2024-2025,7,HENDERSON COUNTY,107905,EUSTACE ISD,TRADITIONAL ISD/CSD,American Indian or Alaska Nat,<10
2024-2025,7,HENDERSON COUNTY,107905,EUSTACE ISD,TRADITIONAL ISD/CSD,Asian,<10
2024-2025,7,HENDERSON COUNTY,107905,EUSTACE ISD,TRADITIONAL ISD/CSD,Black or African American,14
2024-2025,7,HENDERSON COUNTY,107905,EUSTACE ISD,TRADITIONAL ISD/CSD,Hispanic/Latino,318
2024-2025,7,HENDERSON COUNTY,107905,EUSTACE ISD,TRADITIONAL ISD/CSD,Two or more races,81
2024-2025,7,HENDERSON COUNTY,107905,EUSTACE ISD,TRADITIONAL ISD/CSD,White,1287
2024-2025,5,JASPER COUNTY,121906,EVADALE ISD,TRADITIONAL ISD/CSD,American Indian or Alaska Nat,<10
2024-2025,5,JASPER COUNTY,121906,EVADALE ISD,TRADITIONAL ISD/CSD,Hispanic/Latino,<20
2024-2025,5,JASPER COUNTY,121906,EVADALE ISD,TRADITIONAL ISD/CSD,Two or more races,14
2024-2025,5,JASPER COUNTY,121906,EVADALE ISD,TRADITIONAL ISD/CSD,White,399
2024-2025,12,CORYELL COUNTY,50901,EVANT ISD,TRADITIONAL ISD/CSD,Black or African American,<10
2024-2025,12,CORYELL COUNTY,50901,EVANT ISD,TRADITIONAL ISD/CSD,Hispanic/Latino,65
2024-2025,12,CORYELL COUNTY,50901,EVANT ISD,TRADITIONAL ISD/CSD,Two or more races,<10
2024-2025,12,CORYELL COUNTY,50901,EVANT ISD,TRADITIONAL ISD/CSD,White,123
2024-2025,11,TARRANT COUNTY,220904,EVERMAN ISD,TRADITIONAL ISD/CSD,American Indian or Alaska Nat,<20
2024-2025,11,TARRANT COUNTY,220904,EVERMAN ISD,TRADITIONAL ISD/CSD,Asian,57
2024-2025,11,TARRANT COUNTY,220904,EVERMAN ISD,TRADITIONAL ISD/CSD,Black or African American,1744
2024-2025,11,TARRANT COUNTY,220904,EVERMAN ISD,TRADITIONAL ISD/CSD,Hispanic/Latino,2926
2024-2025,11,TARRANT COUNTY,220904,EVERMAN ISD,TRADITIONAL ISD/CSD,Native Hawaiian/Other Pacific,<10
2024-2025,11,TARRANT COUNTY,220904,EVERMAN ISD,TRADITIONAL ISD/CSD,Two or more races,100
2024-2025,11,TARRANT COUNTY,220904,EVERMAN ISD,TRADITIONAL ISD/CSD,White,173
2024-2025,10,DALLAS COUNTY,57834,EVOLUTION ACADEMY CHARTER SCHOOL,OPEN ENROLLMENT CHARTER,American Indian or Alaska Nat,<10
2024-2025,10,DALLAS COUNTY,57834,EVOLUTION ACADEMY CHARTER SCHOOL,OPEN ENROLLMENT CHARTER,Asian,<10
2024-2025,10,DALLAS COUNTY,57834,EVOLUTION ACADEMY CHARTER SCHOOL,OPEN ENROLLMENT CHARTER,Black or African American,286
2024-2025,10,DALLAS COUNTY,57834,EVOLUTION ACADEMY CHARTER SCHOOL,OPEN ENROLLMENT CHARTER,Hispanic/Latino,287
2024-2025,10,DALLAS COUNTY,57834,EVOLUTION ACADEMY CHARTER SCHOOL,OPEN ENROLLMENT CHARTER,Two or more races,19
2024-2025,10,DALLAS COUNTY,57834,EVOLUTION ACADEMY CHARTER SCHOOL,OPEN ENROLLMENT CHARTER,White,29
2024-2025,4,HARRIS COUNTY,101811,EXCEL ACADEMY,OPEN ENROLLMENT CHARTER,Asian,<10
2024-2025,4,HARRIS COUNTY,101811,EXCEL ACADEMY,OPEN ENROLLMENT CHARTER,Black or African American,150
2024-2025,4,HARRIS COUNTY,101811,EXCEL ACADEMY,OPEN ENROLLMENT CHARTER,Hispanic/Latino,128
2024-2025,4,HARRIS COUNTY,101811,EXCEL ACADEMY,OPEN ENROLLMENT CHARTER,Two or more races,<10
2024-2025,4,HARRIS COUNTY,101811,EXCEL ACADEMY,OPEN ENROLLMENT CHARTER,White,17
2024-2025,1,HIDALGO COUNTY,108809,EXCELLENCE IN LEADERSHIP ACADEMY,OPEN ENROLLMENT CHARTER,Black or African American,<10
2024-2025,1,HIDALGO COUNTY,108809,EXCELLENCE IN LEADERSHIP ACADEMY,OPEN ENROLLMENT CHARTER,Hispanic/Latino,<190
2024-2025,7,SHELBY COUNTY,210906,EXCELSIOR ISD,TRADITIONAL ISD/CSD,Black or African American,<10
2024-2025,7,SHELBY COUNTY,210906,EXCELSIOR ISD,TRADITIONAL ISD/CSD,Hispanic/Latino,14
2024-2025,7,SHELBY COUNTY,210906,EXCELSIOR ISD,TRADITIONAL ISD/CSD,Two or more races,<10
2024-2025,7,SHELBY COUNTY,210906,EXCELSIOR ISD,TRADITIONAL ISD/CSD,White,67
2024-2025,3,LAVACA COUNTY,143906,EZZELL ISD,TRADITIONAL ISD/CSD,Black or African American,<10
2024-2025,3,LAVACA COUNTY,143906,EZZELL ISD,TRADITIONAL ISD/CSD,Hispanic/Latino,19
2024-2025,3,LAVACA COUNTY,143906,EZZELL ISD,TRADITIONAL ISD/CSD,Two or more races,<20
2024-2025,3,LAVACA COUNTY,143906,EZZELL ISD,TRADITIONAL ISD/CSD,White,94
2024-2025,19,EL PASO COUNTY,71903,FABENS ISD,TRADITIONAL ISD/CSD,American Indian or Alaska Nat,<10
2024-2025,19,EL PASO COUNTY,71903,FABENS ISD,TRADITIONAL ISD/CSD,Asian,<10
2024-2025,19,EL PASO COUNTY,71903,FABENS ISD,TRADITIONAL ISD/CSD,Hispanic/Latino,1857
2024-2025,19,EL PASO COUNTY,71903,FABENS ISD,TRADITIONAL ISD/CSD,Native Hawaiian/Other Pacific,<10
2024-2025,19,EL PASO COUNTY,71903,FABENS ISD,TRADITIONAL ISD/CSD,Two or more races,<10
2024-2025,19,EL PASO COUNTY,71903,FABENS ISD,TRADITIONAL ISD/CSD,White,<10
2024-2025,12,FREESTONE COUNTY,81902,FAIRFIELD ISD,TRADITIONAL ISD/CSD,American Indian or Alaska Nat,<10
2024-2025,12,FREESTONE COUNTY,81902,FAIRFIELD ISD,TRADITIONAL ISD/CSD,Asian,16
2024-2025,12,FREESTONE COUNTY,81902,FAIRFIELD ISD,TRADITIONAL ISD/CSD,Black or African American,207
2024-2025,12,FREESTONE COUNTY,81902,FAIRFIELD ISD,TRADITIONAL ISD/CSD,Hispanic/Latino,459
2024-2025,12,FREESTONE COUNTY,81902,FAIRFIELD ISD,TRADITIONAL ISD/CSD,Native Hawaiian/Other Pacific,<10
2024-2025,12,FREESTONE COUNTY,81902,FAIRFIELD ISD,TRADITIONAL ISD/CSD,Two or more races,89
2024-2025,12,FREESTONE COUNTY,81902,FAIRFIELD ISD,TRADITIONAL ISD/CSD,White,827
2024-2025,10,ELLIS COUNTY,70801,FAITH FAMILY ACADEMY,OPEN ENROLLMENT CHARTER,American Indian or Alaska Nat,<10
2024-2025,10,ELLIS COUNTY,70801,FAITH FAMILY ACADEMY,OPEN ENROLLMENT CHARTER,Asian,<10
2024-2025,10,ELLIS COUNTY,70801,FAITH FAMILY ACADEMY,OPEN ENROLLMENT CHARTER,Black or African American,695
2024-2025,10,ELLIS COUNTY,70801,FAITH FAMILY ACADEMY,OPEN ENROLLMENT CHARTER,Hispanic/Latino,2197
2024-2025,10,ELLIS COUNTY,70801,FAITH FAMILY ACADEMY,OPEN ENROLLMENT CHARTER,Two or more races,37
2024-2025,10,ELLIS COUNTY,70801,FAITH FAMILY ACADEMY,OPEN ENROLLMENT CHARTER,White,96
2024-2025,20,KARNES COUNTY,128904,FALLS CITY ISD,TRADITIONAL ISD/CSD,Hispanic/Latino,<90
2024-2025,20,KARNES COUNTY,128904,FALLS CITY ISD,TRADITIONAL ISD/CSD,Two or more races,<10
2024-2025,20,KARNES COUNTY,128904,FALLS CITY ISD,TRADITIONAL ISD/CSD,White,351
2024-2025,8,DELTA COUNTY,60914,FANNINDEL ISD,TRADITIONAL ISD/CSD,American Indian or Alaska Nat,<10
2024-2025,8,DELTA COUNTY,60914,FANNINDEL ISD,TRADITIONAL ISD/CSD,Asian,<10
2024-2025,8,DELTA COUNTY,60914,FANNINDEL ISD,TRADITIONAL ISD/CSD,Black or African American,52
2024-2025,8,DELTA COUNTY,60914,FANNINDEL ISD,TRADITIONAL ISD/CSD,Hispanic/Latino,27
2024-2025,8,DELTA COUNTY,60914,FANNINDEL ISD,TRADITIONAL ISD/CSD,Two or more races,15
2024-2025,8,DELTA COUNTY,60914,FANNINDEL ISD,TRADITIONAL ISD/CSD,White,45
2024-2025,10,COLLIN COUNTY,43904,FARMERSVILLE ISD,TRADITIONAL ISD/CSD,American Indian or Alaska Nat,<10
2024-2025,10,COLLIN COUNTY,43904,FARMERSVILLE ISD,TRADITIONAL ISD/CSD,Asian,23
2024-2025,10,COLLIN COUNTY,43904,FARMERSVILLE ISD,TRADITIONAL ISD/CSD,Black or African American,136
2024-2025,10,COLLIN COUNTY,43904,FARMERSVILLE ISD,TRADITIONAL ISD/CSD,Hispanic/Latino,1036
2024-2025,10,COLLIN COUNTY,43904,FARMERSVILLE ISD,TRADITIONAL ISD/CSD,Native Hawaiian/Other Pacific,<10
2024-2025,10,COLLIN COUNTY,43904,FARMERSVILLE ISD,TRADITIONAL ISD/CSD,Two or more races,107
2024-2025,10,COLLIN COUNTY,43904,FARMERSVILLE ISD,TRADITIONAL ISD/CSD,White,1086
2024-2025,16,PARMER COUNTY,185902,FARWELL ISD,TRADITIONAL ISD/CSD,Asian,<10
2024-2025,16,PARMER COUNTY,185902,FARWELL ISD,TRADITIONAL ISD/CSD,Hispanic/Latino,335
2024-2025,16,PARMER COUNTY,185902,FARWELL ISD,TRADITIONAL ISD/CSD,Two or more races,<10
2024-2025,16,PARMER COUNTY,185902,FARWELL ISD,TRADITIONAL ISD/CSD,White,257
2024-2025,13,FAYETTE COUNTY,75906,FAYETTEVILLE ISD,TRADITIONAL ISD/CSD,Asian,<10
2024-2025,13,FAYETTE COUNTY,75906,FAYETTEVILLE ISD,TRADITIONAL ISD/CSD,Black or African American,<10
2024-2025,13,FAYETTE COUNTY,75906,FAYETTEVILLE ISD,TRADITIONAL ISD/CSD,Hispanic/Latino,45
2024-2025,13,FAYETTE COUNTY,75906,FAYETTEVILLE ISD,TRADITIONAL ISD/CSD,Two or more races,<10
2024-2025,13,FAYETTE COUNTY,75906,FAYETTEVILLE ISD,TRADITIONAL ISD/CSD,White,238
2024-2025,10,ELLIS COUNTY,70905,FERRIS ISD,TRADITIONAL ISD/CSD,American Indian or Alaska Nat,<10
2024-2025,10,ELLIS COUNTY,70905,FERRIS ISD,TRADITIONAL ISD/CSD,Asian,<10
2024-2025,10,ELLIS COUNTY,70905,FERRIS ISD,TRADITIONAL ISD/CSD,Black or African American,278
2024-2025,10,ELLIS COUNTY,70905,FERRIS ISD,TRADITIONAL ISD/CSD,Hispanic/Latino,2231
2024-2025,10,ELLIS COUNTY,70905,FERRIS ISD,TRADITIONAL ISD/CSD,Native Hawaiian/Other Pacific,<10
2024-2025,10,ELLIS COUNTY,70905,FERRIS ISD,TRADITIONAL ISD/CSD,Two or more races,45
2024-2025,10,ELLIS COUNTY,70905,FERRIS ISD,TRADITIONAL ISD/CSD,White,438
2024-2025,13,FAYETTE COUNTY,75901,FLATONIA ISD,TRADITIONAL ISD/CSD,American Indian or Alaska Nat,<10
2024-2025,13,FAYETTE COUNTY,75901,FLATONIA ISD,TRADITIONAL ISD/CSD,Asian,<10
2024-2025,13,FAYETTE COUNTY,75901,FLATONIA ISD,TRADITIONAL ISD/CSD,Black or African American,18
2024-2025,13,FAYETTE COUNTY,75901,FLATONIA ISD,TRADITIONAL ISD/CSD,Hispanic/Latino,341
2024-2025,13,FAYETTE COUNTY,75901,FLATONIA ISD,TRADITIONAL ISD/CSD,Two or more races,10
2024-2025,13,FAYETTE COUNTY,75901,FLATONIA ISD,TRADITIONAL ISD/CSD,White,304
2024-2025,13,WILLIAMSON COUNTY,246902,FLORENCE ISD,TRADITIONAL ISD/CSD,American Indian or Alaska Nat,<10
2024-2025,13,WILLIAMSON COUNTY,246902,FLORENCE ISD,TRADITIONAL ISD/CSD,Black or African American,<10
2024-2025,13,WILLIAMSON COUNTY,246902,FLORENCE ISD,TRADITIONAL ISD/CSD,Hispanic/Latino,633
2024-2025,13,WILLIAMSON COUNTY,246902,FLORENCE ISD,TRADITIONAL ISD/CSD,Native Hawaiian/Other Pacific,<10
2024-2025,13,WILLIAMSON COUNTY,246902,FLORENCE ISD,TRADITIONAL ISD/CSD,Two or more races,29
2024-2025,13,WILLIAMSON COUNTY,246902,FLORENCE ISD,TRADITIONAL ISD/CSD,White,471
2024-2025,20,WILSON COUNTY,247901,FLORESVILLE ISD,TRADITIONAL ISD/CSD,American Indian or Alaska Nat,<10
2024-2025,20,WILSON COUNTY,247901,FLORESVILLE ISD,TRADITIONAL ISD/CSD,Asian,18
2024-2025,20,WILSON COUNTY,247901,FLORESVILLE ISD,TRADITIONAL ISD/CSD,Black or African American,55
2024-2025,20,WILSON COUNTY,247901,FLORESVILLE ISD,TRADITIONAL ISD/CSD,Hispanic/Latino,2773
2024-2025,20,WILSON COUNTY,247901,FLORESVILLE ISD,TRADITIONAL ISD/CSD,Native Hawaiian/Other Pacific,<10
2024-2025,20,WILSON COUNTY,247901,FLORESVILLE ISD,TRADITIONAL ISD/CSD,Two or more races,69
2024-2025,20,WILSON COUNTY,247901,FLORESVILLE ISD,TRADITIONAL ISD/CSD,White,1131
2024-2025,2,NUECES COUNTY,178914,FLOUR BLUFF ISD,TRADITIONAL ISD/CSD,American Indian or Alaska Nat,12
2024-2025,2,NUECES COUNTY,178914,FLOUR BLUFF ISD,TRADITIONAL ISD/CSD,Asian,101
2024-2025,2,NUECES COUNTY,178914,FLOUR BLUFF ISD,TRADITIONAL ISD/CSD,Black or African American,113
2024-2025,2,NUECES COUNTY,178914,FLOUR BLUFF ISD,TRADITIONAL ISD/CSD,Hispanic/Latino,2730
2024-2025,2,NUECES COUNTY,178914,FLOUR BLUFF ISD,TRADITIONAL ISD/CSD,Native Hawaiian/Other Pacific,18
2024-2025,2,NUECES COUNTY,178914,FLOUR BLUFF ISD,TRADITIONAL ISD/CSD,Two or more races,282
2024-2025,2,NUECES COUNTY,178914,FLOUR BLUFF ISD,TRADITIONAL ISD/CSD,White,2303
2024-2025,17,FLOYD COUNTY,77901,FLOYDADA COLLEGIATE ISD,TRADITIONAL ISD/CSD,Asian,<10
2024-2025,17,FLOYD COUNTY,77901,FLOYDADA COLLEGIATE ISD,TRADITIONAL ISD/CSD,Black or African American,17
2024-2025,17,FLOYD COUNTY,77901,FLOYDADA COLLEGIATE ISD,TRADITIONAL ISD/CSD,Hispanic/Latino,510
2024-2025,17,FLOYD COUNTY,77901,FLOYDADA COLLEGIATE ISD,TRADITIONAL ISD/CSD,Native Hawaiian/Other Pacific,<10
2024-2025,17,FLOYD COUNTY,77901,FLOYDADA COLLEGIATE ISD,TRADITIONAL ISD/CSD,Two or more races,<10
2024-2025,17,FLOYD COUNTY,77901,FLOYDADA COLLEGIATE ISD,TRADITIONAL ISD/CSD,White,138
2024-2025,16,LIPSCOMB COUNTY,148902,FOLLETT ISD,TRADITIONAL ISD/CSD,American Indian or Alaska Nat,<10
2024-2025,16,LIPSCOMB COUNTY,148902,FOLLETT ISD,TRADITIONAL ISD/CSD,Hispanic/Latino,51
2024-2025,16,LIPSCOMB COUNTY,148902,FOLLETT ISD,TRADITIONAL ISD/CSD,Two or more races,<20
2024-2025,16,LIPSCOMB COUNTY,148902,FOLLETT ISD,TRADITIONAL ISD/CSD,White,118
2024-2025,9,MONTAGUE COUNTY,169910,FORESTBURG ISD,TRADITIONAL ISD/CSD,American Indian or Alaska Nat,<10
2024-2025,9,MONTAGUE COUNTY,169910,FORESTBURG ISD,TRADITIONAL ISD/CSD,Black or African American,<10
2024-2025,9,MONTAGUE COUNTY,169910,FORESTBURG ISD,TRADITIONAL ISD/CSD,Hispanic/Latino,33
2024-2025,9,MONTAGUE COUNTY,169910,FORESTBURG ISD,TRADITIONAL ISD/CSD,Two or more races,<10
2024-2025,9,MONTAGUE COUNTY,169910,FORESTBURG ISD,TRADITIONAL ISD/CSD,White,140
2024-2025,10,KAUFMAN COUNTY,129902,FORNEY ISD,TRADITIONAL ISD/CSD,American Indian or Alaska Nat,41
2024-2025,10,KAUFMAN COUNTY,129902,FORNEY ISD,TRADITIONAL ISD/CSD,Asian,485
2024-2025,10,KAUFMAN COUNTY,129902,FORNEY ISD,TRADITIONAL ISD/CSD,Black or African American,8007
2024-2025,10,KAUFMAN COUNTY,129902,FORNEY ISD,TRADITIONAL ISD/CSD,Hispanic/Latino,5125
2024-2025,10,KAUFMAN COUNTY,129902,FORNEY ISD,TRADITIONAL ISD/CSD,Native Hawaiian/Other Pacific,42
2024-2025,10,KAUFMAN COUNTY,129902,FORNEY ISD,TRADITIONAL ISD/CSD,Two or more races,836
2024-2025,10,KAUFMAN COUNTY,129902,FORNEY ISD,TRADITIONAL ISD/CSD,White,4029
2024-2025,18,HOWARD COUNTY,114904,FORSAN ISD,TRADITIONAL ISD/CSD,American Indian or Alaska Nat,<10
2024-2025,18,HOWARD COUNTY,114904,FORSAN ISD,TRADITIONAL ISD/CSD,Asian,14
2024-2025,18,HOWARD COUNTY,114904,FORSAN ISD,TRADITIONAL ISD/CSD,Black or African American,<10
2024-2025,18,HOWARD COUNTY,114904,FORSAN ISD,TRADITIONAL ISD/CSD,Hispanic/Latino,258
2024-2025,18,HOWARD COUNTY,114904,FORSAN ISD,TRADITIONAL ISD/CSD,Two or more races,13
2024-2025,18,HOWARD COUNTY,114904,FORSAN ISD,TRADITIONAL ISD/CSD,White,397
2024-2025,4,FORT BEND COUNTY,79907,FORT BEND ISD,TRADITIONAL ISD/CSD,American Indian or Alaska Nat,364
2024-2025,4,FORT BEND COUNTY,79907,FORT BEND ISD,TRADITIONAL ISD/CSD,Asian,22267
2024-2025,4,FORT BEND COUNTY,79907,FORT BEND ISD,TRADITIONAL ISD/CSD,Black or African American,22206
2024-2025,4,FORT BEND COUNTY,79907,FORT BEND ISD,TRADITIONAL ISD/CSD,Hispanic/Latino,21213
2024-2025,4,FORT BEND COUNTY,79907,FORT BEND ISD,TRADITIONAL ISD/CSD,Native Hawaiian/Other Pacific,110
2024-2025,4,FORT BEND COUNTY,79907,FORT BEND ISD,TRADITIONAL ISD/CSD,Two or more races,3356
2024-2025,4,FORT BEND COUNTY,79907,FORT BEND ISD,TRADITIONAL ISD/CSD,White,10147
2024-2025,16,WHEELER COUNTY,242906,FORT ELLIOTT CISD,TRADITIONAL ISD/CSD,Hispanic/Latino,<30
2024-2025,16,WHEELER COUNTY,242906,FORT ELLIOTT CISD,TRADITIONAL ISD/CSD,Two or more races,<10
2024-2025,16,WHEELER COUNTY,242906,FORT ELLIOTT CISD,TRADITIONAL ISD/CSD,White,116
2024-2025,18,PECOS COUNTY,186902,FORT STOCKTON ISD,TRADITIONAL ISD/CSD,American Indian or Alaska Nat,75
2024-2025,18,PECOS COUNTY,186902,FORT STOCKTON ISD,TRADITIONAL ISD/CSD,Asian,249
2024-2025,18,PECOS COUNTY,186902,FORT STOCKTON ISD,TRADITIONAL ISD/CSD,Black or African American,2326
2024-2025,18,PECOS COUNTY,186902,FORT STOCKTON ISD,TRADITIONAL ISD/CSD,Hispanic/Latino,6748
2024-2025,18,PECOS COUNTY,186902,FORT STOCKTON ISD,TRADITIONAL ISD/CSD,Native Hawaiian/Other Pacific,36
2024-2025,18,PECOS COUNTY,186902,FORT STOCKTON ISD,TRADITIONAL ISD/CSD,Two or more races,645
2024-2025,18,PECOS COUNTY,186902,FORT STOCKTON ISD,TRADITIONAL ISD/CSD,White,3401
2024-2025,11,TARRANT COUNTY,220809,FORT WORTH ACADEMY OF FINE ARTS,OPEN ENROLLMENT CHARTER,American Indian or Alaska Nat,<10
2024-2025,11,TARRANT COUNTY,220809,FORT WORTH ACADEMY OF FINE ARTS,OPEN ENROLLMENT CHARTER,Asian,22
2024-2025,11,TARRANT COUNTY,220809,FORT WORTH ACADEMY OF FINE ARTS,OPEN ENROLLMENT CHARTER,Black or African American,101
2024-2025,11,TARRANT COUNTY,220809,FORT WORTH ACADEMY OF FINE ARTS,OPEN ENROLLMENT CHARTER,Hispanic/Latino,191
2024-2025,11,TARRANT COUNTY,220809,FORT WORTH ACADEMY OF FINE ARTS,OPEN ENROLLMENT CHARTER,Native Hawaiian/Other Pacific,<10
2024-2025,11,TARRANT COUNTY,220809,FORT WORTH ACADEMY OF FINE ARTS,OPEN ENROLLMENT CHARTER,Two or more races,57
2024-2025,11,TARRANT COUNTY,220809,FORT WORTH ACADEMY OF FINE ARTS,OPEN ENROLLMENT CHARTER,White,297
2024-2025,11,TARRANT COUNTY,220905,FORT WORTH ISD,TRADITIONAL ISD/CSD,American Indian or Alaska Nat,90
2024-2025,11,TARRANT COUNTY,220905,FORT WORTH ISD,TRADITIONAL ISD/CSD,Asian,1188
2024-2025,11,TARRANT COUNTY,220905,FORT WORTH ISD,TRADITIONAL ISD/CSD,Black or African American,13063
2024-2025,11,TARRANT COUNTY,220905,FORT WORTH ISD,TRADITIONAL ISD/CSD,Hispanic/Latino,46589
2024-2025,11,TARRANT COUNTY,220905,FORT WORTH ISD,TRADITIONAL ISD/CSD,Native Hawaiian/Other Pacific,31
2024-2025,11,TARRANT COUNTY,220905,FORT WORTH ISD,TRADITIONAL ISD/CSD,Two or more races,1488
2024-2025,11,TARRANT COUNTY,220905,FORT WORTH ISD,TRADITIONAL ISD/CSD,White,7956
2024-2025,6,ROBERTSON COUNTY,198903,FRANKLIN ISD,TRADITIONAL ISD/CSD,American Indian or Alaska Nat,<10
2024-2025,6,ROBERTSON COUNTY,198903,FRANKLIN ISD,TRADITIONAL ISD/CSD,Asian,20
2024-2025,6,ROBERTSON COUNTY,198903,FRANKLIN ISD,TRADITIONAL ISD/CSD,Black or African American,93
2024-2025,6,ROBERTSON COUNTY,198903,FRANKLIN ISD,TRADITIONAL ISD/CSD,Hispanic/Latino,273
2024-2025,6,ROBERTSON COUNTY,198903,FRANKLIN ISD,TRADITIONAL ISD/CSD,Native Hawaiian/Other Pacific,<10
2024-2025,6,ROBERTSON COUNTY,198903,FRANKLIN ISD,TRADITIONAL ISD/CSD,Two or more races,46
2024-2025,6,ROBERTSON COUNTY,198903,FRANKLIN ISD,TRADITIONAL ISD/CSD,White,1022
2024-2025,7,ANDERSON COUNTY,1904,FRANKSTON ISD,TRADITIONAL ISD/CSD,American Indian or Alaska Nat,<10
2024-2025,7,ANDERSON COUNTY,1904,FRANKSTON ISD,TRADITIONAL ISD/CSD,Asian,<10
2024-2025,7,ANDERSON COUNTY,1904,FRANKSTON ISD,TRADITIONAL ISD/CSD,Black or African American,66
2024-2025,7,ANDERSON COUNTY,1904,FRANKSTON ISD,TRADITIONAL ISD/CSD,Hispanic/Latino,112
2024-2025,7,ANDERSON COUNTY,1904,FRANKSTON ISD,TRADITIONAL ISD/CSD,Two or more races,33
2024-2025,7,ANDERSON COUNTY,1904,FRANKSTON ISD,TRADITIONAL ISD/CSD,White,588
2024-2025,13,GILLESPIE COUNTY,86901,FREDERICKSBURG ISD,TRADITIONAL ISD/CSD,American Indian or Alaska Nat,<10
2024-2025,13,GILLESPIE COUNTY,86901,FREDERICKSBURG ISD,TRADITIONAL ISD/CSD,Asian,16
2024-2025,13,GILLESPIE COUNTY,86901,FREDERICKSBURG ISD,TRADITIONAL ISD/CSD,Black or African American,<10
2024-2025,13,GILLESPIE COUNTY,86901,FREDERICKSBURG ISD,TRADITIONAL ISD/CSD,Hispanic/Latino,1627
2024-2025,13,GILLESPIE COUNTY,86901,FREDERICKSBURG ISD,TRADITIONAL ISD/CSD,Two or more races,29
2024-2025,13,GILLESPIE COUNTY,86901,FREDERICKSBURG ISD,TRADITIONAL ISD/CSD,White,1347
2024-2025,2,DUVAL COUNTY,66903,FREER ISD,TRADITIONAL ISD/CSD,American Indian or Alaska Nat,<10
2024-2025,2,DUVAL COUNTY,66903,FREER ISD,TRADITIONAL ISD/CSD,Asian,<10
2024-2025,2,DUVAL COUNTY,66903,FREER ISD,TRADITIONAL ISD/CSD,Black or African American,<10
2024-2025,2,DUVAL COUNTY,66903,FREER ISD,TRADITIONAL ISD/CSD,Hispanic/Latino,659
2024-2025,2,DUVAL COUNTY,66903,FREER ISD,TRADITIONAL ISD/CSD,Two or more races,<10
2024-2025,2,DUVAL COUNTY,66903,FREER ISD,TRADITIONAL ISD/CSD,White,41
2024-2025,17,LUBBOCK COUNTY,152907,FRENSHIP ISD,TRADITIONAL ISD/CSD,American Indian or Alaska Nat,<30
2024-2025,17,LUBBOCK COUNTY,152907,FRENSHIP ISD,TRADITIONAL ISD/CSD,Asian,386
2024-2025,17,LUBBOCK COUNTY,152907,FRENSHIP ISD,TRADITIONAL ISD/CSD,Black or African American,599
2024-2025,17,LUBBOCK COUNTY,152907,FRENSHIP ISD,TRADITIONAL ISD/CSD,Hispanic/Latino,5917
2024-2025,17,LUBBOCK COUNTY,152907,FRENSHIP ISD,TRADITIONAL ISD/CSD,Native Hawaiian/Other Pacific,<10
2024-2025,17,LUBBOCK COUNTY,152907,FRENSHIP ISD,TRADITIONAL ISD/CSD,Two or more races,391
2024-2025,17,LUBBOCK COUNTY,152907,FRENSHIP ISD,TRADITIONAL ISD/CSD,White,4447
2024-2025,4,GALVESTON COUNTY,84911,FRIENDSWOOD ISD,TRADITIONAL ISD/CSD,American Indian or Alaska Nat,<10
2024-2025,4,GALVESTON COUNTY,84911,FRIENDSWOOD ISD,TRADITIONAL ISD/CSD,Asian,408
2024-2025,4,GALVESTON COUNTY,84911,FRIENDSWOOD ISD,TRADITIONAL ISD/CSD,Black or African American,119
2024-2025,4,GALVESTON COUNTY,84911,FRIENDSWOOD ISD,TRADITIONAL ISD/CSD,Hispanic/Latino,1329
2024-2025,4,GALVESTON COUNTY,84911,FRIENDSWOOD ISD,TRADITIONAL ISD/CSD,Native Hawaiian/Other Pacific,<20
2024-2025,4,GALVESTON COUNTY,84911,FRIENDSWOOD ISD,TRADITIONAL ISD/CSD,Two or more races,328
2024-2025,4,GALVESTON COUNTY,84911,FRIENDSWOOD ISD,TRADITIONAL ISD/CSD,White,3988
2024-2025,16,PARMER COUNTY,185903,FRIONA ISD,TRADITIONAL ISD/CSD,American Indian or Alaska Nat,<10
2024-2025,16,PARMER COUNTY,185903,FRIONA ISD,TRADITIONAL ISD/CSD,Asian,<10
2024-2025,16,PARMER COUNTY,185903,FRIONA ISD,TRADITIONAL ISD/CSD,Black or African American,<10
2024-2025,16,PARMER COUNTY,185903,FRIONA ISD,TRADITIONAL ISD/CSD,Hispanic/Latino,927
2024-2025,16,PARMER COUNTY,185903,FRIONA ISD,TRADITIONAL ISD/CSD,Two or more races,<10
2024-2025,16,PARMER COUNTY,185903,FRIONA ISD,TRADITIONAL ISD/CSD,White,82
2024-2025,10,COLLIN COUNTY,43905,FRISCO ISD,TRADITIONAL ISD/CSD,American Indian or Alaska Nat,453
2024-2025,10,COLLIN COUNTY,43905,FRISCO ISD,TRADITIONAL ISD/CSD,Asian,28685
2024-2025,10,COLLIN COUNTY,43905,FRISCO ISD,TRADITIONAL ISD/CSD,Black or African American,6808
2024-2025,10,COLLIN COUNTY,43905,FRISCO ISD,TRADITIONAL ISD/CSD,Hispanic/Latino,8261
2024-2025,10,COLLIN COUNTY,43905,FRISCO ISD,TRADITIONAL ISD/CSD,Native Hawaiian/Other Pacific,40
2024-2025,10,COLLIN COUNTY,43905,FRISCO ISD,TRADITIONAL ISD/CSD,Two or more races,3348
2024-2025,10,COLLIN COUNTY,43905,FRISCO ISD,TRADITIONAL ISD/CSD,White,17694
2024-2025,12,NAVARRO COUNTY,175905,FROST ISD,TRADITIONAL ISD/CSD,Black or African American,12
2024-2025,12,NAVARRO COUNTY,175905,FROST ISD,TRADITIONAL ISD/CSD,Hispanic/Latino,201
2024-2025,12,NAVARRO COUNTY,175905,FROST ISD,TRADITIONAL ISD/CSD,Two or more races,15
2024-2025,12,NAVARRO COUNTY,175905,FROST ISD,TRADITIONAL ISD/CSD,White,234
2024-2025,7,VAN ZANDT COUNTY,234909,FRUITVALE ISD,TRADITIONAL ISD/CSD,Black or African American,<10
2024-2025,7,VAN ZANDT COUNTY,234909,FRUITVALE ISD,TRADITIONAL ISD/CSD,Hispanic/Latino,58
2024-2025,7,VAN ZANDT COUNTY,234909,FRUITVALE ISD,TRADITIONAL ISD/CSD,Two or more races,<20
2024-2025,7,VAN ZANDT COUNTY,234909,FRUITVALE ISD,TRADITIONAL ISD/CSD,White,310
2024-2025,18,JEFF DAVIS COUNTY,122901,FT DAVIS ISD,TRADITIONAL ISD/CSD,American Indian or Alaska Nat,<10
2024-2025,18,JEFF DAVIS COUNTY,122901,FT DAVIS ISD,TRADITIONAL ISD/CSD,Asian,<20
2024-2025,18,JEFF DAVIS COUNTY,122901,FT DAVIS ISD,TRADITIONAL ISD/CSD,Black or African American,62
2024-2025,18,JEFF DAVIS COUNTY,122901,FT DAVIS ISD,TRADITIONAL ISD/CSD,Hispanic/Latino,387
2024-2025,18,JEFF DAVIS COUNTY,122901,FT DAVIS ISD,TRADITIONAL ISD/CSD,Two or more races,14
2024-2025,18,JEFF DAVIS COUNTY,122901,FT DAVIS ISD,TRADITIONAL ISD/CSD,White,206
2024-2025,19,HUDSPETH COUNTY,115901,FT HANCOCK ISD,TRADITIONAL ISD/CSD,Asian,<10
2024-2025,19,HUDSPETH COUNTY,115901,FT HANCOCK ISD,TRADITIONAL ISD/CSD,Black or African American,<10
2024-2025,19,HUDSPETH COUNTY,115901,FT HANCOCK ISD,TRADITIONAL ISD/CSD,Hispanic/Latino,382
2024-2025,19,HUDSPETH COUNTY,115901,FT HANCOCK ISD,TRADITIONAL ISD/CSD,Two or more races,<10
2024-2025,19,HUDSPETH COUNTY,115901,FT HANCOCK ISD,TRADITIONAL ISD/CSD,White,<10
2024-2025,20,BEXAR COUNTY,15914,FT SAM HOUSTON ISD,TRADITIONAL ISD/CSD,American Indian or Alaska Nat,<10
2024-2025,20,BEXAR COUNTY,15914,FT SAM HOUSTON ISD,TRADITIONAL ISD/CSD,Asian,50
2024-2025,20,BEXAR COUNTY,15914,FT SAM HOUSTON ISD,TRADITIONAL ISD/CSD,Black or African American,261
2024-2025,20,BEXAR COUNTY,15914,FT SAM HOUSTON ISD,TRADITIONAL ISD/CSD,Hispanic/Latino,537
2024-2025,20,BEXAR COUNTY,15914,FT SAM HOUSTON ISD,TRADITIONAL ISD/CSD,Native Hawaiian/Other Pacific,<30
2024-2025,20,BEXAR COUNTY,15914,FT SAM HOUSTON ISD,TRADITIONAL ISD/CSD,Two or more races,163
2024-2025,20,BEXAR COUNTY,15914,FT SAM HOUSTON ISD,TRADITIONAL ISD/CSD,White,573
2024-2025,11,COOKE COUNTY,49901,GAINESVILLE ISD,TRADITIONAL ISD/CSD,American Indian or Alaska Nat,<10
2024-2025,11,COOKE COUNTY,49901,GAINESVILLE ISD,TRADITIONAL ISD/CSD,Asian,26
2024-2025,11,COOKE COUNTY,49901,GAINESVILLE ISD,TRADITIONAL ISD/CSD,Black or African American,130
2024-2025,11,COOKE COUNTY,49901,GAINESVILLE ISD,TRADITIONAL ISD/CSD,Hispanic/Latino,1965
2024-2025,11,COOKE COUNTY,49901,GAINESVILLE ISD,TRADITIONAL ISD/CSD,Native Hawaiian/Other Pacific,<10
2024-2025,11,COOKE COUNTY,49901,GAINESVILLE ISD,TRADITIONAL ISD/CSD,Two or more races,170
2024-2025,11,COOKE COUNTY,49901,GAINESVILLE ISD,TRADITIONAL ISD/CSD,White,806
2024-2025,4,HARRIS COUNTY,101910,GALENA PARK ISD,TRADITIONAL ISD/CSD,American Indian or Alaska Nat,<60
2024-2025,4,HARRIS COUNTY,101910,GALENA PARK ISD,TRADITIONAL ISD/CSD,Asian,100
2024-2025,4,HARRIS COUNTY,101910,GALENA PARK ISD,TRADITIONAL ISD/CSD,Black or African American,2868
2024-2025,4,HARRIS COUNTY,101910,GALENA PARK ISD,TRADITIONAL ISD/CSD,Hispanic/Latino,17127
2024-2025,4,HARRIS COUNTY,101910,GALENA PARK ISD,TRADITIONAL ISD/CSD,Native Hawaiian/Other Pacific,<10
2024-2025,4,HARRIS COUNTY,101910,GALENA PARK ISD,TRADITIONAL ISD/CSD,Two or more races,129
2024-2025,4,HARRIS COUNTY,101910,GALENA PARK ISD,TRADITIONAL ISD/CSD,White,582
2024-2025,4,GALVESTON COUNTY,84902,GALVESTON ISD,TRADITIONAL ISD/CSD,American Indian or Alaska Nat,<20
2024-2025,4,GALVESTON COUNTY,84902,GALVESTON ISD,TRADITIONAL ISD/CSD,Asian,100
2024-2025,4,GALVESTON COUNTY,84902,GALVESTON ISD,TRADITIONAL ISD/CSD,Black or African American,1479
2024-2025,4,GALVESTON COUNTY,84902,GALVESTON ISD,TRADITIONAL ISD/CSD,Hispanic/Latino,3088
2024-2025,4,GALVESTON COUNTY,84902,GALVESTON ISD,TRADITIONAL ISD/CSD,Native Hawaiian/Other Pacific,<10
2024-2025,4,GALVESTON COUNTY,84902,GALVESTON ISD,TRADITIONAL ISD/CSD,Two or more races,191
2024-2025,4,GALVESTON COUNTY,84902,GALVESTON ISD,TRADITIONAL ISD/CSD,White,1505
2024-2025,3,JACKSON COUNTY,120902,GANADO ISD,TRADITIONAL ISD/CSD,American Indian or Alaska Nat,<10
2024-2025,3,JACKSON COUNTY,120902,GANADO ISD,TRADITIONAL ISD/CSD,Asian,<10
2024-2025,3,JACKSON COUNTY,120902,GANADO ISD,TRADITIONAL ISD/CSD,Black or African American,<10
2024-2025,3,JACKSON COUNTY,120902,GANADO ISD,TRADITIONAL ISD/CSD,Hispanic/Latino,438
2024-2025,3,JACKSON COUNTY,120902,GANADO ISD,TRADITIONAL ISD/CSD,Two or more races,<10
2024-2025,3,JACKSON COUNTY,120902,GANADO ISD,TRADITIONAL ISD/CSD,White,258
2024-2025,10,DALLAS COUNTY,57909,GARLAND ISD,TRADITIONAL ISD/CSD,American Indian or Alaska Nat,723
2024-2025,10,DALLAS COUNTY,57909,GARLAND ISD,TRADITIONAL ISD/CSD,Asian,5199
2024-2025,10,DALLAS COUNTY,57909,GARLAND ISD,TRADITIONAL ISD/CSD,Black or African American,8970
2024-2025,10,DALLAS COUNTY,57909,GARLAND ISD,TRADITIONAL ISD/CSD,Hispanic/Latino,27221
2024-2025,10,DALLAS COUNTY,57909,GARLAND ISD,TRADITIONAL ISD/CSD,Native Hawaiian/Other Pacific,61
2024-2025,10,DALLAS COUNTY,57909,GARLAND ISD,TRADITIONAL ISD/CSD,Two or more races,1785
2024-2025,10,DALLAS COUNTY,57909,GARLAND ISD,TRADITIONAL ISD/CSD,White,7062
2024-2025,11,PARKER COUNTY,184911,GARNER ISD,TRADITIONAL ISD/CSD,American Indian or Alaska Nat,<10
2024-2025,11,PARKER COUNTY,184911,GARNER ISD,TRADITIONAL ISD/CSD,Black or African American,<10
2024-2025,11,PARKER COUNTY,184911,GARNER ISD,TRADITIONAL ISD/CSD,Hispanic/Latino,96
2024-2025,11,PARKER COUNTY,184911,GARNER ISD,TRADITIONAL ISD/CSD,Native Hawaiian/Other Pacific,<10
2024-2025,11,PARKER COUNTY,184911,GARNER ISD,TRADITIONAL ISD/CSD,Two or more races,13
2024-2025,11,PARKER COUNTY,184911,GARNER ISD,TRADITIONAL ISD/CSD,White,243
2024-2025,7,NACOGDOCHES COUNTY,174903,GARRISON ISD,TRADITIONAL ISD/CSD,American Indian or Alaska Nat,<10
2024-2025,7,NACOGDOCHES COUNTY,174903,GARRISON ISD,TRADITIONAL ISD/CSD,Asian,<10
2024-2025,7,NACOGDOCHES COUNTY,174903,GARRISON ISD,TRADITIONAL ISD/CSD,Black or African American,113
2024-2025,7,NACOGDOCHES COUNTY,174903,GARRISON ISD,TRADITIONAL ISD/CSD,Hispanic/Latino,104
2024-2025,7,NACOGDOCHES COUNTY,174903,GARRISON ISD,TRADITIONAL ISD/CSD,Two or more races,32
2024-2025,7,NACOGDOCHES COUNTY,174903,GARRISON ISD,TRADITIONAL ISD/CSD,White,480
2024-2025,7,PANOLA COUNTY,183904,GARY ISD,TRADITIONAL ISD/CSD,American Indian or Alaska Nat,<10
2024-2025,7,PANOLA COUNTY,183904,GARY ISD,TRADITIONAL ISD/CSD,Asian,<10
2024-2025,7,PANOLA COUNTY,183904,GARY ISD,TRADITIONAL ISD/CSD,Hispanic/Latino,38
2024-2025,7,PANOLA COUNTY,183904,GARY ISD,TRADITIONAL ISD/CSD,Two or more races,<10
2024-2025,7,PANOLA COUNTY,183904,GARY ISD,TRADITIONAL ISD/CSD,White,427
2024-2025,12,CORYELL COUNTY,50902,GATESVILLE ISD,TRADITIONAL ISD/CSD,American Indian or Alaska Nat,<10
2024-2025,12,CORYELL COUNTY,50902,GATESVILLE ISD,TRADITIONAL ISD/CSD,Asian,19
2024-2025,12,CORYELL COUNTY,50902,GATESVILLE ISD,TRADITIONAL ISD/CSD,Black or African American,62
2024-2025,12,CORYELL COUNTY,50902,GATESVILLE ISD,TRADITIONAL ISD/CSD,Hispanic/Latino,693
2024-2025,12,CORYELL COUNTY,50902,GATESVILLE ISD,TRADITIONAL ISD/CSD,Native Hawaiian/Other Pacific,<10
2024-2025,12,CORYELL COUNTY,50902,GATESVILLE ISD,TRADITIONAL ISD/CSD,Two or more races,110
2024-2025,12,CORYELL COUNTY,50902,GATESVILLE ISD,TRADITIONAL ISD/CSD,White,1774
2024-2025,10,DALLAS COUNTY,57831,GATEWAY CHARTER ACADEMY,OPEN ENROLLMENT CHARTER,Asian,<10
2024-2025,10,DALLAS COUNTY,57831,GATEWAY CHARTER ACADEMY,OPEN ENROLLMENT CHARTER,Black or African American,466
2024-2025,10,DALLAS COUNTY,57831,GATEWAY CHARTER ACADEMY,OPEN ENROLLMENT CHARTER,Hispanic/Latino,33
2024-2025,10,DALLAS COUNTY,57831,GATEWAY CHARTER ACADEMY,OPEN ENROLLMENT CHARTER,Two or more races,10
2024-2025,10,DALLAS COUNTY,57831,GATEWAY CHARTER ACADEMY,OPEN ENROLLMENT CHARTER,White,<10
2024-2025,6,MILAM COUNTY,166902,GAUSE ISD,TRADITIONAL ISD/CSD,Black or African American,<10
2024-2025,6,MILAM COUNTY,166902,GAUSE ISD,TRADITIONAL ISD/CSD,Hispanic/Latino,77
2024-2025,6,MILAM COUNTY,166902,GAUSE ISD,TRADITIONAL ISD/CSD,Two or more races,<10
2024-2025,6,MILAM COUNTY,166902,GAUSE ISD,TRADITIONAL ISD/CSD,White,41
2024-2025,20,BEXAR COUNTY,15802,GEORGE GERVIN ACADEMY,OPEN ENROLLMENT CHARTER,American Indian or Alaska Nat,<10
2024-2025,20,BEXAR COUNTY,15802,GEORGE GERVIN ACADEMY,OPEN ENROLLMENT CHARTER,Asian,<10
2024-2025,20,BEXAR COUNTY,15802,GEORGE GERVIN ACADEMY,OPEN ENROLLMENT CHARTER,Black or African American,322
2024-2025,20,BEXAR COUNTY,15802,GEORGE GERVIN ACADEMY,OPEN ENROLLMENT CHARTER,Hispanic/Latino,499
2024-2025,20,BEXAR COUNTY,15802,GEORGE GERVIN ACADEMY,OPEN ENROLLMENT CHARTER,Two or more races,20
2024-2025,20,BEXAR COUNTY,15802,GEORGE GERVIN ACADEMY,OPEN ENROLLMENT CHARTER,White,21
2024-2025,4,HARRIS COUNTY,101804,GEORGE I SANCHEZ CHARTER,OPEN ENROLLMENT CHARTER,American Indian or Alaska Nat,<10
2024-2025,4,HARRIS COUNTY,101804,GEORGE I SANCHEZ CHARTER,OPEN ENROLLMENT CHARTER,Asian,<10
2024-2025,4,HARRIS COUNTY,101804,GEORGE I SANCHEZ CHARTER,OPEN ENROLLMENT CHARTER,Black or African American,10
2024-2025,4,HARRIS COUNTY,101804,GEORGE I SANCHEZ CHARTER,OPEN ENROLLMENT CHARTER,Hispanic/Latino,1100
2024-2025,4,HARRIS COUNTY,101804,GEORGE I SANCHEZ CHARTER,OPEN ENROLLMENT CHARTER,White,<10
2024-2025,2,LIVE OAK COUNTY,149901,GEORGE WEST ISD,TRADITIONAL ISD/CSD,American Indian or Alaska Nat,<10
2024-2025,2,LIVE OAK COUNTY,149901,GEORGE WEST ISD,TRADITIONAL ISD/CSD,Asian,<10
2024-2025,2,LIVE OAK COUNTY,149901,GEORGE WEST ISD,TRADITIONAL ISD/CSD,Black or African American,<10
2024-2025,2,LIVE OAK COUNTY,149901,GEORGE WEST ISD,TRADITIONAL ISD/CSD,Hispanic/Latino,636
2024-2025,2,LIVE OAK COUNTY,149901,GEORGE WEST ISD,TRADITIONAL ISD/CSD,Two or more races,13
2024-2025,2,LIVE OAK COUNTY,149901,GEORGE WEST ISD,TRADITIONAL ISD/CSD,White,402
2024-2025,13,WILLIAMSON COUNTY,246904,GEORGETOWN ISD,TRADITIONAL ISD/CSD,American Indian or Alaska Nat,65
2024-2025,13,WILLIAMSON COUNTY,246904,GEORGETOWN ISD,TRADITIONAL ISD/CSD,Asian,563
2024-2025,13,WILLIAMSON COUNTY,246904,GEORGETOWN ISD,TRADITIONAL ISD/CSD,Black or African American,923
2024-2025,13,WILLIAMSON COUNTY,246904,GEORGETOWN ISD,TRADITIONAL ISD/CSD,Hispanic/Latino,6252
2024-2025,13,WILLIAMSON COUNTY,246904,GEORGETOWN ISD,TRADITIONAL ISD/CSD,Native Hawaiian/Other Pacific,23
2024-2025,13,WILLIAMSON COUNTY,246904,GEORGETOWN ISD,TRADITIONAL ISD/CSD,Two or more races,687
2024-2025,13,WILLIAMSON COUNTY,246904,GEORGETOWN ISD,TRADITIONAL ISD/CSD,White,5368
2024-2025,12,MCLENNAN COUNTY,161925,GHOLSON ISD,TRADITIONAL ISD/CSD,Black or African American,12
2024-2025,12,MCLENNAN COUNTY,161925,GHOLSON ISD,TRADITIONAL ISD/CSD,Hispanic/Latino,69
2024-2025,12,MCLENNAN COUNTY,161925,GHOLSON ISD,TRADITIONAL ISD/CSD,Two or more races,13
2024-2025,12,MCLENNAN COUNTY,161925,GHOLSON ISD,TRADITIONAL ISD/CSD,White,171
2024-2025,13,LEE COUNTY,144901,GIDDINGS ISD,TRADITIONAL ISD/CSD,Asian,<10
2024-2025,13,LEE COUNTY,144901,GIDDINGS ISD,TRADITIONAL ISD/CSD,Black or African American,117
2024-2025,13,LEE COUNTY,144901,GIDDINGS ISD,TRADITIONAL ISD/CSD,Hispanic/Latino,1106
2024-2025,13,LEE COUNTY,144901,GIDDINGS ISD,TRADITIONAL ISD/CSD,Two or more races,<60
2024-2025,13,LEE COUNTY,144901,GIDDINGS ISD,TRADITIONAL ISD/CSD,White,615
2024-2025,7,UPSHUR COUNTY,230902,GILMER ISD,TRADITIONAL ISD/CSD,American Indian or Alaska Nat,<30
2024-2025,7,UPSHUR COUNTY,230902,GILMER ISD,TRADITIONAL ISD/CSD,Asian,30
2024-2025,7,UPSHUR COUNTY,230902,GILMER ISD,TRADITIONAL ISD/CSD,Black or African American,283
2024-2025,7,UPSHUR COUNTY,230902,GILMER ISD,TRADITIONAL ISD/CSD,Hispanic/Latino,668
2024-2025,7,UPSHUR COUNTY,230902,GILMER ISD,TRADITIONAL ISD/CSD,Native Hawaiian/Other Pacific,<10
2024-2025,7,UPSHUR COUNTY,230902,GILMER ISD,TRADITIONAL ISD/CSD,Two or more races,297
2024-2025,7,UPSHUR COUNTY,230902,GILMER ISD,TRADITIONAL ISD/CSD,White,1645
2024-2025,7,GREGG COUNTY,92901,GLADEWATER ISD,TRADITIONAL ISD/CSD,American Indian or Alaska Nat,<10
2024-2025,7,GREGG COUNTY,92901,GLADEWATER ISD,TRADITIONAL ISD/CSD,Asian,<10
2024-2025,7,GREGG COUNTY,92901,GLADEWATER ISD,TRADITIONAL ISD/CSD,Black or African American,353
2024-2025,7,GREGG COUNTY,92901,GLADEWATER ISD,TRADITIONAL ISD/CSD,Hispanic/Latino,332
2024-2025,7,GREGG COUNTY,92901,GLADEWATER ISD,TRADITIONAL ISD/CSD,Native Hawaiian/Other Pacific,<10
2024-2025,7,GREGG COUNTY,92901,GLADEWATER ISD,TRADITIONAL ISD/CSD,Two or more races,114
2024-2025,7,GREGG COUNTY,92901,GLADEWATER ISD,TRADITIONAL ISD/CSD,White,824
2024-2025,18,GLASSCOCK COUNTY,87901,GLASSCOCK COUNTY ISD,TRADITIONAL ISD/CSD,Hispanic/Latino,<120
2024-2025,18,GLASSCOCK COUNTY,87901,GLASSCOCK COUNTY ISD,TRADITIONAL ISD/CSD,Two or more races,<10
2024-2025,18,GLASSCOCK COUNTY,87901,GLASSCOCK COUNTY ISD,TRADITIONAL ISD/CSD,White,180
2024-2025,11,SOMERVELL COUNTY,213901,GLEN ROSE ISD,TRADITIONAL ISD/CSD,American Indian or Alaska Nat,12
2024-2025,11,SOMERVELL COUNTY,213901,GLEN ROSE ISD,TRADITIONAL ISD/CSD,Asian,17
2024-2025,11,SOMERVELL COUNTY,213901,GLEN ROSE ISD,TRADITIONAL ISD/CSD,Black or African American,<20
2024-2025,11,SOMERVELL COUNTY,213901,GLEN ROSE ISD,TRADITIONAL ISD/CSD,Hispanic/Latino,607
2024-2025,11,SOMERVELL COUNTY,213901,GLEN ROSE ISD,TRADITIONAL ISD/CSD,Native Hawaiian/Other Pacific,<10
2024-2025,11,SOMERVELL COUNTY,213901,GLEN ROSE ISD,TRADITIONAL ISD/CSD,Two or more races,54
2024-2025,11,SOMERVELL COUNTY,213901,GLEN ROSE ISD,TRADITIONAL ISD/CSD,White,1413
2024-2025,11,JOHNSON COUNTY,126911,GODLEY ISD,TRADITIONAL ISD/CSD,American Indian or Alaska Nat,14
2024-2025,11,JOHNSON COUNTY,126911,GODLEY ISD,TRADITIONAL ISD/CSD,Asian,<10
2024-2025,11,JOHNSON COUNTY,126911,GODLEY ISD,TRADITIONAL ISD/CSD,Black or African American,126
2024-2025,11,JOHNSON COUNTY,126911,GODLEY ISD,TRADITIONAL ISD/CSD,Hispanic/Latino,1128
2024-2025,11,JOHNSON COUNTY,126911,GODLEY ISD,TRADITIONAL ISD/CSD,Native Hawaiian/Other Pacific,<10
2024-2025,11,JOHNSON COUNTY,126911,GODLEY ISD,TRADITIONAL ISD/CSD,Two or more races,86
2024-2025,11,JOHNSON COUNTY,126911,GODLEY ISD,TRADITIONAL ISD/CSD,White,1834
2024-2025,9,MONTAGUE COUNTY,169906,GOLD BURG ISD,TRADITIONAL ISD/CSD,American Indian or Alaska Nat,<10
2024-2025,9,MONTAGUE COUNTY,169906,GOLD BURG ISD,TRADITIONAL ISD/CSD,Black or African American,<10
2024-2025,9,MONTAGUE COUNTY,169906,GOLD BURG ISD,TRADITIONAL ISD/CSD,Hispanic/Latino,40
2024-2025,9,MONTAGUE COUNTY,169906,GOLD BURG ISD,TRADITIONAL ISD/CSD,Two or more races,<10
2024-2025,9,MONTAGUE COUNTY,169906,GOLD BURG ISD,TRADITIONAL ISD/CSD,White,96
2024-2025,10,DALLAS COUNTY,57835,GOLDEN RULE CHARTER SCHOOL,OPEN ENROLLMENT CHARTER,American Indian or Alaska Nat,<10
2024-2025,10,DALLAS COUNTY,57835,GOLDEN RULE CHARTER SCHOOL,OPEN ENROLLMENT CHARTER,Asian,<10
2024-2025,10,DALLAS COUNTY,57835,GOLDEN RULE CHARTER SCHOOL,OPEN ENROLLMENT CHARTER,Black or African American,80
2024-2025,10,DALLAS COUNTY,57835,GOLDEN RULE CHARTER SCHOOL,OPEN ENROLLMENT CHARTER,Hispanic/Latino,1190
2024-2025,10,DALLAS COUNTY,57835,GOLDEN RULE CHARTER SCHOOL,OPEN ENROLLMENT CHARTER,Two or more races,<10
2024-2025,10,DALLAS COUNTY,57835,GOLDEN RULE CHARTER SCHOOL,OPEN ENROLLMENT CHARTER,White,20
2024-2025,12,MILLS COUNTY,167901,GOLDTHWAITE ISD,TRADITIONAL ISD/CSD,American Indian or Alaska Nat,<10
2024-2025,12,MILLS COUNTY,167901,GOLDTHWAITE ISD,TRADITIONAL ISD/CSD,Asian,<10
2024-2025,12,MILLS COUNTY,167901,GOLDTHWAITE ISD,TRADITIONAL ISD/CSD,Hispanic/Latino,172
2024-2025,12,MILLS COUNTY,167901,GOLDTHWAITE ISD,TRADITIONAL ISD/CSD,Two or more races,11
2024-2025,12,MILLS COUNTY,167901,GOLDTHWAITE ISD,TRADITIONAL ISD/CSD,White,330
2024-2025,3,GOLIAD COUNTY,88902,GOLIAD ISD,TRADITIONAL ISD/CSD,American Indian or Alaska Nat,<10
2024-2025,3,GOLIAD COUNTY,88902,GOLIAD ISD,TRADITIONAL ISD/CSD,Asian,<10
2024-2025,3,GOLIAD COUNTY,88902,GOLIAD ISD,TRADITIONAL ISD/CSD,Black or African American,36
2024-2025,3,GOLIAD COUNTY,88902,GOLIAD ISD,TRADITIONAL ISD/CSD,Hispanic/Latino,568
2024-2025,3,GOLIAD COUNTY,88902,GOLIAD ISD,TRADITIONAL ISD/CSD,Two or more races,31
2024-2025,3,GOLIAD COUNTY,88902,GOLIAD ISD,TRADITIONAL ISD/CSD,White,599
2024-2025,13,GONZALES COUNTY,89901,GONZALES ISD,TRADITIONAL ISD/CSD,American Indian or Alaska Nat,<10
2024-2025,13,GONZALES COUNTY,89901,GONZALES ISD,TRADITIONAL ISD/CSD,Asian,<10
2024-2025,13,GONZALES COUNTY,89901,GONZALES ISD,TRADITIONAL ISD/CSD,Black or African American,195
2024-2025,13,GONZALES COUNTY,89901,GONZALES ISD,TRADITIONAL ISD/CSD,Hispanic/Latino,1742
2024-2025,13,GONZALES COUNTY,89901,GONZALES ISD,TRADITIONAL ISD/CSD,Native Hawaiian/Other Pacific,<10
2024-2025,13,GONZALES COUNTY,89901,GONZALES ISD,TRADITIONAL ISD/CSD,Two or more races,33
2024-2025,13,GONZALES COUNTY,89901,GONZALES ISD,TRADITIONAL ISD/CSD,White,574
2024-2025,6,POLK COUNTY,187903,GOODRICH ISD,TRADITIONAL ISD/CSD,Black or African American,34
2024-2025,6,POLK COUNTY,187903,GOODRICH ISD,TRADITIONAL ISD/CSD,Hispanic/Latino,114
2024-2025,6,POLK COUNTY,187903,GOODRICH ISD,TRADITIONAL ISD/CSD,Two or more races,14
2024-2025,6,POLK COUNTY,187903,GOODRICH ISD,TRADITIONAL ISD/CSD,White,104
2024-2025,13,WILLIAMSON COUNTY,246802,GOODWATER MONTESSORI SCHOOL,OPEN ENROLLMENT CHARTER,Asian,23
2024-2025,13,WILLIAMSON COUNTY,246802,GOODWATER MONTESSORI SCHOOL,OPEN ENROLLMENT CHARTER,Black or African American,20
2024-2025,13,WILLIAMSON COUNTY,246802,GOODWATER MONTESSORI SCHOOL,OPEN ENROLLMENT CHARTER,Hispanic/Latino,137
2024-2025,13,WILLIAMSON COUNTY,246802,GOODWATER MONTESSORI SCHOOL,OPEN ENROLLMENT CHARTER,Two or more races,27
2024-2025,13,WILLIAMSON COUNTY,246802,GOODWATER MONTESSORI SCHOOL,OPEN ENROLLMENT CHARTER,White,116
2024-2025,4,HARRIS COUNTY,101911,GOOSE CREEK CISD,TRADITIONAL ISD/CSD,American Indian or Alaska Nat,60
2024-2025,4,HARRIS COUNTY,101911,GOOSE CREEK CISD,TRADITIONAL ISD/CSD,Asian,362
2024-2025,4,HARRIS COUNTY,101911,GOOSE CREEK CISD,TRADITIONAL ISD/CSD,Black or African American,3882
2024-2025,4,HARRIS COUNTY,101911,GOOSE CREEK CISD,TRADITIONAL ISD/CSD,Hispanic/Latino,15792
2024-2025,4,HARRIS COUNTY,101911,GOOSE CREEK CISD,TRADITIONAL ISD/CSD,Native Hawaiian/Other Pacific,19
2024-2025,4,HARRIS COUNTY,101911,GOOSE CREEK CISD,TRADITIONAL ISD/CSD,Two or more races,599
2024-2025,4,HARRIS COUNTY,101911,GOOSE CREEK CISD,TRADITIONAL ISD/CSD,White,3318
2024-2025,11,PALO PINTO COUNTY,182901,GORDON ISD,TRADITIONAL ISD/CSD,Hispanic/Latino,<50
2024-2025,11,PALO PINTO COUNTY,182901,GORDON ISD,TRADITIONAL ISD/CSD,Two or more races,<10
2024-2025,11,PALO PINTO COUNTY,182901,GORDON ISD,TRADITIONAL ISD/CSD,White,171
2024-2025,14,EASTLAND COUNTY,67904,GORMAN ISD,TRADITIONAL ISD/CSD,Black or African American,<10
2024-2025,14,EASTLAND COUNTY,67904,GORMAN ISD,TRADITIONAL ISD/CSD,Hispanic/Latino,106
2024-2025,14,EASTLAND COUNTY,67904,GORMAN ISD,TRADITIONAL ISD/CSD,Native Hawaiian/Other Pacific,<10
2024-2025,14,EASTLAND COUNTY,67904,GORMAN ISD,TRADITIONAL ISD/CSD,Two or more races,<10
2024-2025,14,EASTLAND COUNTY,67904,GORMAN ISD,TRADITIONAL ISD/CSD,White,130
2024-2025,18,MARTIN COUNTY,156905,GRADY ISD,TRADITIONAL ISD/CSD,Hispanic/Latino,<80
2024-2025,18,MARTIN COUNTY,156905,GRADY ISD,TRADITIONAL ISD/CSD,Two or more races,<10
2024-2025,18,MARTIN COUNTY,156905,GRADY ISD,TRADITIONAL ISD/CSD,White,162
2024-2025,11,PALO PINTO COUNTY,182902,GRAFORD ISD,TRADITIONAL ISD/CSD,Asian,<10
2024-2025,11,PALO PINTO COUNTY,182902,GRAFORD ISD,TRADITIONAL ISD/CSD,Hispanic/Latino,69
2024-2025,11,PALO PINTO COUNTY,182902,GRAFORD ISD,TRADITIONAL ISD/CSD,Native Hawaiian/Other Pacific,<10
2024-2025,11,PALO PINTO COUNTY,182902,GRAFORD ISD,TRADITIONAL ISD/CSD,Two or more races,13
2024-2025,11,PALO PINTO COUNTY,182902,GRAFORD ISD,TRADITIONAL ISD/CSD,White,254
2024-2025,9,YOUNG COUNTY,252901,GRAHAM ISD,TRADITIONAL ISD/CSD,American Indian or Alaska Nat,11
2024-2025,9,YOUNG COUNTY,252901,GRAHAM ISD,TRADITIONAL ISD/CSD,Asian,<10
2024-2025,9,YOUNG COUNTY,252901,GRAHAM ISD,TRADITIONAL ISD/CSD,Black or African American,16
2024-2025,9,YOUNG COUNTY,252901,GRAHAM ISD,TRADITIONAL ISD/CSD,Hispanic/Latino,652
2024-2025,9,YOUNG COUNTY,252901,GRAHAM ISD,TRADITIONAL ISD/CSD,Native Hawaiian/Other Pacific,<10
2024-2025,9,YOUNG COUNTY,252901,GRAHAM ISD,TRADITIONAL ISD/CSD,Two or more races,41
2024-2025,9,YOUNG COUNTY,252901,GRAHAM ISD,TRADITIONAL ISD/CSD,White,1417
2024-2025,11,HOOD COUNTY,111901,GRANBURY ISD,TRADITIONAL ISD/CSD,American Indian or Alaska Nat,34
2024-2025,11,HOOD COUNTY,111901,GRANBURY ISD,TRADITIONAL ISD/CSD,Asian,76
2024-2025,11,HOOD COUNTY,111901,GRANBURY ISD,TRADITIONAL ISD/CSD,Black or African American,111
2024-2025,11,HOOD COUNTY,111901,GRANBURY ISD,TRADITIONAL ISD/CSD,Hispanic/Latino,2435
2024-2025,11,HOOD COUNTY,111901,GRANBURY ISD,TRADITIONAL ISD/CSD,Native Hawaiian/Other Pacific,18
2024-2025,11,HOOD COUNTY,111901,GRANBURY ISD,TRADITIONAL ISD/CSD,Two or more races,255
2024-2025,11,HOOD COUNTY,111901,GRANBURY ISD,TRADITIONAL ISD/CSD,White,5033
2024-2025,10,DALLAS COUNTY,57910,GRAND PRAIRIE ISD,TRADITIONAL ISD/CSD,American Indian or Alaska Nat,117
2024-2025,10,DALLAS COUNTY,57910,GRAND PRAIRIE ISD,TRADITIONAL ISD/CSD,Asian,873
2024-2025,10,DALLAS COUNTY,57910,GRAND PRAIRIE ISD,TRADITIONAL ISD/CSD,Black or African American,4357
2024-2025,10,DALLAS COUNTY,57910,GRAND PRAIRIE ISD,TRADITIONAL ISD/CSD,Hispanic/Latino,18286
2024-2025,10,DALLAS COUNTY,57910,GRAND PRAIRIE ISD,TRADITIONAL ISD/CSD,Native Hawaiian/Other Pacific,18
2024-2025,10,DALLAS COUNTY,57910,GRAND PRAIRIE ISD,TRADITIONAL ISD/CSD,Two or more races,636
2024-2025,10,DALLAS COUNTY,57910,GRAND PRAIRIE ISD,TRADITIONAL ISD/CSD,White,1842
2024-2025,7,VAN ZANDT COUNTY,234904,GRAND SALINE ISD,TRADITIONAL ISD/CSD,American Indian or Alaska Nat,<10
2024-2025,7,VAN ZANDT COUNTY,234904,GRAND SALINE ISD,TRADITIONAL ISD/CSD,Asian,<10
2024-2025,7,VAN ZANDT COUNTY,234904,GRAND SALINE ISD,TRADITIONAL ISD/CSD,Black or African American,16
2024-2025,7,VAN ZANDT COUNTY,234904,GRAND SALINE ISD,TRADITIONAL ISD/CSD,Hispanic/Latino,329
2024-2025,7,VAN ZANDT COUNTY,234904,GRAND SALINE ISD,TRADITIONAL ISD/CSD,Native Hawaiian/Other Pacific,<10
2024-2025,7,VAN ZANDT COUNTY,234904,GRAND SALINE ISD,TRADITIONAL ISD/CSD,Two or more races,28
2024-2025,7,VAN ZANDT COUNTY,234904,GRAND SALINE ISD,TRADITIONAL ISD/CSD,White,830
2024-2025,18,WARD COUNTY,238904,GRANDFALLS-ROYALTY ISD,TRADITIONAL ISD/CSD,Black or African American,<10
2024-2025,18,WARD COUNTY,238904,GRANDFALLS-ROYALTY ISD,TRADITIONAL ISD/CSD,Hispanic/Latino,106
2024-2025,18,WARD COUNTY,238904,GRANDFALLS-ROYALTY ISD,TRADITIONAL ISD/CSD,Two or more races,<10
2024-2025,18,WARD COUNTY,238904,GRANDFALLS-ROYALTY ISD,TRADITIONAL ISD/CSD,White,44
2024-2025,11,JOHNSON COUNTY,126904,GRANDVIEW ISD,TRADITIONAL ISD/CSD,American Indian or Alaska Nat,<10
2024-2025,11,JOHNSON COUNTY,126904,GRANDVIEW ISD,TRADITIONAL ISD/CSD,Asian,<10
2024-2025,11,JOHNSON COUNTY,126904,GRANDVIEW ISD,TRADITIONAL ISD/CSD,Black or African American,25
2024-2025,11,JOHNSON COUNTY,126904,GRANDVIEW ISD,TRADITIONAL ISD/CSD,Hispanic/Latino,283
2024-2025,11,JOHNSON COUNTY,126904,GRANDVIEW ISD,TRADITIONAL ISD/CSD,Native Hawaiian/Other Pacific,<10
2024-2025,11,JOHNSON COUNTY,126904,GRANDVIEW ISD,TRADITIONAL ISD/CSD,Two or more races,41
2024-2025,11,JOHNSON COUNTY,126904,GRANDVIEW ISD,TRADITIONAL ISD/CSD,White,1013
2024-2025,16,GRAY COUNTY,90905,GRANDVIEW-HOPKINS ISD,TRADITIONAL ISD/CSD,American Indian or Alaska Nat,<10
2024-2025,16,GRAY COUNTY,90905,GRANDVIEW-HOPKINS ISD,TRADITIONAL ISD/CSD,Hispanic/Latino,13
2024-2025,16,GRAY COUNTY,90905,GRANDVIEW-HOPKINS ISD,TRADITIONAL ISD/CSD,Two or more races,<10
2024-2025,16,GRAY COUNTY,90905,GRANDVIEW-HOPKINS ISD,TRADITIONAL ISD/CSD,White,34
2024-2025,13,WILLIAMSON COUNTY,246905,GRANGER ISD,TRADITIONAL ISD/CSD,Asian,<10
2024-2025,13,WILLIAMSON COUNTY,246905,GRANGER ISD,TRADITIONAL ISD/CSD,Black or African American,<10
2024-2025,13,WILLIAMSON COUNTY,246905,GRANGER ISD,TRADITIONAL ISD/CSD,Hispanic/Latino,264
2024-2025,13,WILLIAMSON COUNTY,246905,GRANGER ISD,TRADITIONAL ISD/CSD,Native Hawaiian/Other Pacific,<10
2024-2025,13,WILLIAMSON COUNTY,246905,GRANGER ISD,TRADITIONAL ISD/CSD,Two or more races,11
2024-2025,13,WILLIAMSON COUNTY,246905,GRANGER ISD,TRADITIONAL ISD/CSD,White,291
2024-2025,15,TOM GREEN COUNTY,226907,GRAPE CREEK ISD,TRADITIONAL ISD/CSD,American Indian or Alaska Nat,<10
2024-2025,15,TOM GREEN COUNTY,226907,GRAPE CREEK ISD,TRADITIONAL ISD/CSD,Black or African American,<10
2024-2025,15,TOM GREEN COUNTY,226907,GRAPE CREEK ISD,TRADITIONAL ISD/CSD,Hispanic/Latino,591
2024-2025,15,TOM GREEN COUNTY,226907,GRAPE CREEK ISD,TRADITIONAL ISD/CSD,Native Hawaiian/Other Pacific,<10
2024-2025,15,TOM GREEN COUNTY,226907,GRAPE CREEK ISD,TRADITIONAL ISD/CSD,Two or more races,35
2024-2025,15,TOM GREEN COUNTY,226907,GRAPE CREEK ISD,TRADITIONAL ISD/CSD,White,557
2024-2025,6,HOUSTON COUNTY,113902,GRAPELAND ISD,TRADITIONAL ISD/CSD,American Indian or Alaska Nat,<10
2024-2025,6,HOUSTON COUNTY,113902,GRAPELAND ISD,TRADITIONAL ISD/CSD,Asian,<10
2024-2025,6,HOUSTON COUNTY,113902,GRAPELAND ISD,TRADITIONAL ISD/CSD,Black or African American,123
2024-2025,6,HOUSTON COUNTY,113902,GRAPELAND ISD,TRADITIONAL ISD/CSD,Hispanic/Latino,55
2024-2025,6,HOUSTON COUNTY,113902,GRAPELAND ISD,TRADITIONAL ISD/CSD,Native Hawaiian/Other Pacific,<10
2024-2025,6,HOUSTON COUNTY,113902,GRAPELAND ISD,TRADITIONAL ISD/CSD,Two or more races,21
2024-2025,6,HOUSTON COUNTY,113902,GRAPELAND ISD,TRADITIONAL ISD/CSD,White,368
2024-2025,11,TARRANT COUNTY,220906,GRAPEVINE-COLLEYVILLE ISD,TRADITIONAL ISD/CSD,American Indian or Alaska Nat,46
2024-2025,11,TARRANT COUNTY,220906,GRAPEVINE-COLLEYVILLE ISD,TRADITIONAL ISD/CSD,Asian,1397
2024-2025,11,TARRANT COUNTY,220906,GRAPEVINE-COLLEYVILLE ISD,TRADITIONAL ISD/CSD,Black or African American,1028
2024-2025,11,TARRANT COUNTY,220906,GRAPEVINE-COLLEYVILLE ISD,TRADITIONAL ISD/CSD,Hispanic/Latino,3643
2024-2025,11,TARRANT COUNTY,220906,GRAPEVINE-COLLEYVILLE ISD,TRADITIONAL ISD/CSD,Native Hawaiian/Other Pacific,37
2024-2025,11,TARRANT COUNTY,220906,GRAPEVINE-COLLEYVILLE ISD,TRADITIONAL ISD/CSD,Two or more races,705
2024-2025,11,TARRANT COUNTY,220906,GRAPEVINE-COLLEYVILLE ISD,TRADITIONAL ISD/CSD,White,6685
2024-2025,20,BEXAR COUNTY,15835,GREAT HEARTS TEXAS,OPEN ENROLLMENT CHARTER,American Indian or Alaska Nat,48
2024-2025,20,BEXAR COUNTY,15835,GREAT HEARTS TEXAS,OPEN ENROLLMENT CHARTER,Asian,1749
2024-2025,20,BEXAR COUNTY,15835,GREAT HEARTS TEXAS,OPEN ENROLLMENT CHARTER,Black or African American,916
2024-2025,20,BEXAR COUNTY,15835,GREAT HEARTS TEXAS,OPEN ENROLLMENT CHARTER,Hispanic/Latino,5206
2024-2025,20,BEXAR COUNTY,15835,GREAT HEARTS TEXAS,OPEN ENROLLMENT CHARTER,Native Hawaiian/Other Pacific,15
2024-2025,20,BEXAR COUNTY,15835,GREAT HEARTS TEXAS,OPEN ENROLLMENT CHARTER,Two or more races,470
2024-2025,20,BEXAR COUNTY,15835,GREAT HEARTS TEXAS,OPEN ENROLLMENT CHARTER,White,4522
2024-2025,10,HUNT COUNTY,116905,GREENVILLE ISD,TRADITIONAL ISD/CSD,American Indian or Alaska Nat,11
2024-2025,10,HUNT COUNTY,116905,GREENVILLE ISD,TRADITIONAL ISD/CSD,Asian,38
2024-2025,10,HUNT COUNTY,116905,GREENVILLE ISD,TRADITIONAL ISD/CSD,Black or African American,860
2024-2025,10,HUNT COUNTY,116905,GREENVILLE ISD,TRADITIONAL ISD/CSD,Hispanic/Latino,2941
2024-2025,10,HUNT COUNTY,116905,GREENVILLE ISD,TRADITIONAL ISD/CSD,Native Hawaiian/Other Pacific,19
2024-2025,10,HUNT COUNTY,116905,GREENVILLE ISD,TRADITIONAL ISD/CSD,Two or more races,265
2024-2025,10,HUNT COUNTY,116905,GREENVILLE ISD,TRADITIONAL ISD/CSD,White,1449
2024-2025,18,MIDLAND COUNTY,165902,GREENWOOD ISD,TRADITIONAL ISD/CSD,American Indian or Alaska Nat,<10
2024-2025,18,MIDLAND COUNTY,165902,GREENWOOD ISD,TRADITIONAL ISD/CSD,Asian,<10
2024-2025,18,MIDLAND COUNTY,165902,GREENWOOD ISD,TRADITIONAL ISD/CSD,Black or African American,13
2024-2025,18,MIDLAND COUNTY,165902,GREENWOOD ISD,TRADITIONAL ISD/CSD,Hispanic/Latino,1863
2024-2025,18,MIDLAND COUNTY,165902,GREENWOOD ISD,TRADITIONAL ISD/CSD,Two or more races,44
2024-2025,18,MIDLAND COUNTY,165902,GREENWOOD ISD,TRADITIONAL ISD/CSD,White,1443
2024-2025,2,SAN PATRICIO COUNTY,205902,GREGORY-PORTLAND ISD,TRADITIONAL ISD/CSD,American Indian or Alaska Nat,11
2024-2025,2,SAN PATRICIO COUNTY,205902,GREGORY-PORTLAND ISD,TRADITIONAL ISD/CSD,Asian,130
2024-2025,2,SAN PATRICIO COUNTY,205902,GREGORY-PORTLAND ISD,TRADITIONAL ISD/CSD,Black or African American,55
2024-2025,2,SAN PATRICIO COUNTY,205902,GREGORY-PORTLAND ISD,TRADITIONAL ISD/CSD,Hispanic/Latino,3081
2024-2025,2,SAN PATRICIO COUNTY,205902,GREGORY-PORTLAND ISD,TRADITIONAL ISD/CSD,Native Hawaiian/Other Pacific,12
2024-2025,2,SAN PATRICIO COUNTY,205902,GREGORY-PORTLAND ISD,TRADITIONAL ISD/CSD,Two or more races,105
2024-2025,2,SAN PATRICIO COUNTY,205902,GREGORY-PORTLAND ISD,TRADITIONAL ISD/CSD,White,1630
2024-2025,12,LIMESTONE COUNTY,147902,GROESBECK ISD,TRADITIONAL ISD/CSD,American Indian or Alaska Nat,<10
2024-2025,12,LIMESTONE COUNTY,147902,GROESBECK ISD,TRADITIONAL ISD/CSD,Asian,16
2024-2025,12,LIMESTONE COUNTY,147902,GROESBECK ISD,TRADITIONAL ISD/CSD,Black or African American,139
2024-2025,12,LIMESTONE COUNTY,147902,GROESBECK ISD,TRADITIONAL ISD/CSD,Hispanic/Latino,432
2024-2025,12,LIMESTONE COUNTY,147902,GROESBECK ISD,TRADITIONAL ISD/CSD,Native Hawaiian/Other Pacific,<10
2024-2025,12,LIMESTONE COUNTY,147902,GROESBECK ISD,TRADITIONAL ISD/CSD,Two or more races,91
2024-2025,12,LIMESTONE COUNTY,147902,GROESBECK ISD,TRADITIONAL ISD/CSD,White,807
2024-2025,16,CARSON COUNTY,33901,GROOM ISD,TRADITIONAL ISD/CSD,Hispanic/Latino,<10
2024-2025,16,CARSON COUNTY,33901,GROOM ISD,TRADITIONAL ISD/CSD,Two or more races,<10
2024-2025,16,CARSON COUNTY,33901,GROOM ISD,TRADITIONAL ISD/CSD,White,114
2024-2025,6,TRINITY COUNTY,228901,GROVETON ISD,TRADITIONAL ISD/CSD,American Indian or Alaska Nat,<10
2024-2025,6,TRINITY COUNTY,228901,GROVETON ISD,TRADITIONAL ISD/CSD,Asian,<10
2024-2025,6,TRINITY COUNTY,228901,GROVETON ISD,TRADITIONAL ISD/CSD,Black or African American,32
2024-2025,6,TRINITY COUNTY,228901,GROVETON ISD,TRADITIONAL ISD/CSD,Hispanic/Latino,111
2024-2025,6,TRINITY COUNTY,228901,GROVETON ISD,TRADITIONAL ISD/CSD,Two or more races,20
2024-2025,6,TRINITY COUNTY,228901,GROVETON ISD,TRADITIONAL ISD/CSD,White,586
2024-2025,16,HANSFORD COUNTY,98901,GRUVER ISD,TRADITIONAL ISD/CSD,American Indian or Alaska Nat,<10
2024-2025,16,HANSFORD COUNTY,98901,GRUVER ISD,TRADITIONAL ISD/CSD,Black or African American,<10
2024-2025,16,HANSFORD COUNTY,98901,GRUVER ISD,TRADITIONAL ISD/CSD,Hispanic/Latino,195
2024-2025,16,HANSFORD COUNTY,98901,GRUVER ISD,TRADITIONAL ISD/CSD,Two or more races,<10
2024-2025,16,HANSFORD COUNTY,98901,GRUVER ISD,TRADITIONAL ISD/CSD,White,205
2024-2025,10,GRAYSON COUNTY,91917,GUNTER ISD,TRADITIONAL ISD/CSD,American Indian or Alaska Nat,<10
2024-2025,10,GRAYSON COUNTY,91917,GUNTER ISD,TRADITIONAL ISD/CSD,Asian,<10
2024-2025,10,GRAYSON COUNTY,91917,GUNTER ISD,TRADITIONAL ISD/CSD,Black or African American,15
2024-2025,10,GRAYSON COUNTY,91917,GUNTER ISD,TRADITIONAL ISD/CSD,Hispanic/Latino,247
2024-2025,10,GRAYSON COUNTY,91917,GUNTER ISD,TRADITIONAL ISD/CSD,Native Hawaiian/Other Pacific,<10
2024-2025,10,GRAYSON COUNTY,91917,GUNTER ISD,TRADITIONAL ISD/CSD,Two or more races,38
2024-2025,10,GRAYSON COUNTY,91917,GUNTER ISD,TRADITIONAL ISD/CSD,White,838
2024-2025,14,COMANCHE COUNTY,47903,GUSTINE ISD,TRADITIONAL ISD/CSD,Hispanic/Latino,89
2024-2025,14,COMANCHE COUNTY,47903,GUSTINE ISD,TRADITIONAL ISD/CSD,Two or more races,<10
2024-2025,14,COMANCHE COUNTY,47903,GUSTINE ISD,TRADITIONAL ISD/CSD,White,<50
2024-2025,17,KING COUNTY,135001,GUTHRIE CSD,TRADITIONAL ISD/CSD,Hispanic/Latino,<10
2024-2025,17,KING COUNTY,135001,GUTHRIE CSD,TRADITIONAL ISD/CSD,White,<90
2024-2025,17,HALE COUNTY,95903,HALE CENTER ISD,TRADITIONAL ISD/CSD,American Indian or Alaska Nat,<10
2024-2025,17,HALE COUNTY,95903,HALE CENTER ISD,TRADITIONAL ISD/CSD,Black or African American,<10
2024-2025,17,HALE COUNTY,95903,HALE CENTER ISD,TRADITIONAL ISD/CSD,Hispanic/Latino,445
2024-2025,17,HALE COUNTY,95903,HALE CENTER ISD,TRADITIONAL ISD/CSD,Two or more races,<10
2024-2025,17,HALE COUNTY,95903,HALE CENTER ISD,TRADITIONAL ISD/CSD,White,102
2024-2025,3,LAVACA COUNTY,143901,HALLETTSVILLE ISD,TRADITIONAL ISD/CSD,American Indian or Alaska Nat,<10
2024-2025,3,LAVACA COUNTY,143901,HALLETTSVILLE ISD,TRADITIONAL ISD/CSD,Asian,<20
2024-2025,3,LAVACA COUNTY,143901,HALLETTSVILLE ISD,TRADITIONAL ISD/CSD,Black or African American,88
2024-2025,3,LAVACA COUNTY,143901,HALLETTSVILLE ISD,TRADITIONAL ISD/CSD,Hispanic/Latino,187
2024-2025,3,LAVACA COUNTY,143901,HALLETTSVILLE ISD,TRADITIONAL ISD/CSD,Two or more races,45
2024-2025,3,LAVACA COUNTY,143901,HALLETTSVILLE ISD,TRADITIONAL ISD/CSD,White,842
2024-2025,12,MCLENNAN COUNTY,161924,HALLSBURG ISD,TRADITIONAL ISD/CSD,Black or African American,<10
2024-2025,12,MCLENNAN COUNTY,161924,HALLSBURG ISD,TRADITIONAL ISD/CSD,Hispanic/Latino,35
2024-2025,12,MCLENNAN COUNTY,161924,HALLSBURG ISD,TRADITIONAL ISD/CSD,Two or more races,<10
2024-2025,12,MCLENNAN COUNTY,161924,HALLSBURG ISD,TRADITIONAL ISD/CSD,White,85
2024-2025,7,HARRISON COUNTY,102904,HALLSVILLE ISD,TRADITIONAL ISD/CSD,American Indian or Alaska Nat,90
2024-2025,7,HARRISON COUNTY,102904,HALLSVILLE ISD,TRADITIONAL ISD/CSD,Asian,310
2024-2025,7,HARRISON COUNTY,102904,HALLSVILLE ISD,TRADITIONAL ISD/CSD,Black or African American,3583
2024-2025,7,HARRISON COUNTY,102904,HALLSVILLE ISD,TRADITIONAL ISD/CSD,Hispanic/Latino,10510
2024-2025,7,HARRISON COUNTY,102904,HALLSVILLE ISD,TRADITIONAL ISD/CSD,Native Hawaiian/Other Pacific,48
2024-2025,7,HARRISON COUNTY,102904,HALLSVILLE ISD,TRADITIONAL ISD/CSD,Two or more races,1095
2024-2025,7,HARRISON COUNTY,102904,HALLSVILLE ISD,TRADITIONAL ISD/CSD,White,8966
2024-2025,12,HAMILTON COUNTY,97902,HAMILTON ISD,TRADITIONAL ISD/CSD,American Indian or Alaska Nat,<10
2024-2025,12,HAMILTON COUNTY,97902,HAMILTON ISD,TRADITIONAL ISD/CSD,Asian,<10
2024-2025,12,HAMILTON COUNTY,97902,HAMILTON ISD,TRADITIONAL ISD/CSD,Black or African American,<10
2024-2025,12,HAMILTON COUNTY,97902,HAMILTON ISD,TRADITIONAL ISD/CSD,Hispanic/Latino,202
2024-2025,12,HAMILTON COUNTY,97902,HAMILTON ISD,TRADITIONAL ISD/CSD,Two or more races,<10
2024-2025,12,HAMILTON COUNTY,97902,HAMILTON ISD,TRADITIONAL ISD/CSD,White,605
2024-2025,14,JONES COUNTY,127903,HAMLIN COLLEGIATE ISD,TRADITIONAL ISD/CSD,Asian,<10
2024-2025,14,JONES COUNTY,127903,HAMLIN COLLEGIATE ISD,TRADITIONAL ISD/CSD,Black or African American,<20
2024-2025,14,JONES COUNTY,127903,HAMLIN COLLEGIATE ISD,TRADITIONAL ISD/CSD,Hispanic/Latino,170
2024-2025,14,JONES COUNTY,127903,HAMLIN COLLEGIATE ISD,TRADITIONAL ISD/CSD,Two or more races,21
2024-2025,14,JONES COUNTY,127903,HAMLIN COLLEGIATE ISD,TRADITIONAL ISD/CSD,White,196
2024-2025,5,JEFFERSON COUNTY,123914,HAMSHIRE-FANNETT ISD,TRADITIONAL ISD/CSD,American Indian or Alaska Nat,<20
2024-2025,5,JEFFERSON COUNTY,123914,HAMSHIRE-FANNETT ISD,TRADITIONAL ISD/CSD,Asian,30
2024-2025,5,JEFFERSON COUNTY,123914,HAMSHIRE-FANNETT ISD,TRADITIONAL ISD/CSD,Black or African American,208
2024-2025,5,JEFFERSON COUNTY,123914,HAMSHIRE-FANNETT ISD,TRADITIONAL ISD/CSD,Hispanic/Latino,447
2024-2025,5,JEFFERSON COUNTY,123914,HAMSHIRE-FANNETT ISD,TRADITIONAL ISD/CSD,Native Hawaiian/Other Pacific,<10
2024-2025,5,JEFFERSON COUNTY,123914,HAMSHIRE-FANNETT ISD,TRADITIONAL ISD/CSD,Two or more races,41
2024-2025,5,JEFFERSON COUNTY,123914,HAMSHIRE-FANNETT ISD,TRADITIONAL ISD/CSD,White,1267
2024-2025,16,SWISHER COUNTY,219901,HAPPY ISD,TRADITIONAL ISD/CSD,Black or African American,<10
2024-2025,16,SWISHER COUNTY,219901,HAPPY ISD,TRADITIONAL ISD/CSD,Hispanic/Latino,31
2024-2025,16,SWISHER COUNTY,219901,HAPPY ISD,TRADITIONAL ISD/CSD,Two or more races,<10
2024-2025,16,SWISHER COUNTY,219901,HAPPY ISD,TRADITIONAL ISD/CSD,White,211
2024-2025,5,LIBERTY COUNTY,146904,HARDIN ISD,TRADITIONAL ISD/CSD,American Indian or Alaska Nat,<10
2024-2025,5,LIBERTY COUNTY,146904,HARDIN ISD,TRADITIONAL ISD/CSD,Asian,<10
2024-2025,5,LIBERTY COUNTY,146904,HARDIN ISD,TRADITIONAL ISD/CSD,Black or African American,37
2024-2025,5,LIBERTY COUNTY,146904,HARDIN ISD,TRADITIONAL ISD/CSD,Hispanic/Latino,268
2024-2025,5,LIBERTY COUNTY,146904,HARDIN ISD,TRADITIONAL ISD/CSD,Two or more races,45
2024-2025,5,LIBERTY COUNTY,146904,HARDIN ISD,TRADITIONAL ISD/CSD,White,899
2024-2025,5,HARDIN COUNTY,100905,HARDIN-JEFFERSON ISD,TRADITIONAL ISD/CSD,American Indian or Alaska Nat,<10
2024-2025,5,HARDIN COUNTY,100905,HARDIN-JEFFERSON ISD,TRADITIONAL ISD/CSD,Asian,31
2024-2025,5,HARDIN COUNTY,100905,HARDIN-JEFFERSON ISD,TRADITIONAL ISD/CSD,Black or African American,391
2024-2025,5,HARDIN COUNTY,100905,HARDIN-JEFFERSON ISD,TRADITIONAL ISD/CSD,Hispanic/Latino,371
2024-2025,5,HARDIN COUNTY,100905,HARDIN-JEFFERSON ISD,TRADITIONAL ISD/CSD,Native Hawaiian/Other Pacific,<10
2024-2025,5,HARDIN COUNTY,100905,HARDIN-JEFFERSON ISD,TRADITIONAL ISD/CSD,Two or more races,108
2024-2025,5,HARDIN COUNTY,100905,HARDIN-JEFFERSON ISD,TRADITIONAL ISD/CSD,White,1858
2024-2025,20,BEXAR COUNTY,15904,HARLANDALE ISD,TRADITIONAL ISD/CSD,American Indian or Alaska Nat,<10
2024-2025,20,BEXAR COUNTY,15904,HARLANDALE ISD,TRADITIONAL ISD/CSD,Asian,10
2024-2025,20,BEXAR COUNTY,15904,HARLANDALE ISD,TRADITIONAL ISD/CSD,Black or African American,42
2024-2025,20,BEXAR COUNTY,15904,HARLANDALE ISD,TRADITIONAL ISD/CSD,Hispanic/Latino,11246
2024-2025,20,BEXAR COUNTY,15904,HARLANDALE ISD,TRADITIONAL ISD/CSD,Native Hawaiian/Other Pacific,<10
2024-2025,20,BEXAR COUNTY,15904,HARLANDALE ISD,TRADITIONAL ISD/CSD,Two or more races,19
2024-2025,20,BEXAR COUNTY,15904,HARLANDALE ISD,TRADITIONAL ISD/CSD,White,219
2024-2025,7,HARRISON COUNTY,102905,HARLETON ISD,TRADITIONAL ISD/CSD,Black or African American,<10
2024-2025,7,HARRISON COUNTY,102905,HARLETON ISD,TRADITIONAL ISD/CSD,Hispanic/Latino,74
2024-2025,7,HARRISON COUNTY,102905,HARLETON ISD,TRADITIONAL ISD/CSD,Two or more races,<50
2024-2025,7,HARRISON COUNTY,102905,HARLETON ISD,TRADITIONAL ISD/CSD,White,583
2024-2025,1,CAMERON COUNTY,31903,HARLINGEN CISD,TRADITIONAL ISD/CSD,American Indian or Alaska Nat,<10
2024-2025,1,CAMERON COUNTY,31903,HARLINGEN CISD,TRADITIONAL ISD/CSD,Asian,47
2024-2025,1,CAMERON COUNTY,31903,HARLINGEN CISD,TRADITIONAL ISD/CSD,Black or African American,57
2024-2025,1,CAMERON COUNTY,31903,HARLINGEN CISD,TRADITIONAL ISD/CSD,Hispanic/Latino,15585
2024-2025,1,CAMERON COUNTY,31903,HARLINGEN CISD,TRADITIONAL ISD/CSD,Native Hawaiian/Other Pacific,<10
2024-2025,1,CAMERON COUNTY,31903,HARLINGEN CISD,TRADITIONAL ISD/CSD,Two or more races,77
2024-2025,1,CAMERON COUNTY,31903,HARLINGEN CISD,TRADITIONAL ISD/CSD,White,699
2024-2025,7,UPSHUR COUNTY,230905,HARMONY ISD,TRADITIONAL ISD/CSD,American Indian or Alaska Nat,<10
2024-2025,7,UPSHUR COUNTY,230905,HARMONY ISD,TRADITIONAL ISD/CSD,Asian,<10
2024-2025,7,UPSHUR COUNTY,230905,HARMONY ISD,TRADITIONAL ISD/CSD,Black or African American,<10
2024-2025,7,UPSHUR COUNTY,230905,HARMONY ISD,TRADITIONAL ISD/CSD,Hispanic/Latino,217
2024-2025,7,UPSHUR COUNTY,230905,HARMONY ISD,TRADITIONAL ISD/CSD,Two or more races,16
2024-2025,7,UPSHUR COUNTY,230905,HARMONY ISD,TRADITIONAL ISD/CSD,White,654
2024-2025,13,TRAVIS COUNTY,227816,HARMONY PUBLIC SCHOOLS - CENTRAL TEXAS,OPEN ENROLLMENT CHARTER,American Indian or Alaska Nat,<10
2024-2025,13,TRAVIS COUNTY,227816,HARMONY PUBLIC SCHOOLS - CENTRAL TEXAS,OPEN ENROLLMENT CHARTER,Asian,1120
2024-2025,13,TRAVIS COUNTY,227816,HARMONY PUBLIC SCHOOLS - CENTRAL TEXAS,OPEN ENROLLMENT CHARTER,Black or African American,442
2024-2025,13,TRAVIS COUNTY,227816,HARMONY PUBLIC SCHOOLS - CENTRAL TEXAS,OPEN ENROLLMENT CHARTER,Hispanic/Latino,2257
2024-2025,13,TRAVIS COUNTY,227816,HARMONY PUBLIC SCHOOLS - CENTRAL TEXAS,OPEN ENROLLMENT CHARTER,Native Hawaiian/Other Pacific,<10
2024-2025,13,TRAVIS COUNTY,227816,HARMONY PUBLIC SCHOOLS - CENTRAL TEXAS,OPEN ENROLLMENT CHARTER,Two or more races,99
2024-2025,13,TRAVIS COUNTY,227816,HARMONY PUBLIC SCHOOLS - CENTRAL TEXAS,OPEN ENROLLMENT CHARTER,White,721
2024-2025,4,HARRIS COUNTY,101858,HARMONY PUBLIC SCHOOLS - HOUSTON NORTH,OPEN ENROLLMENT CHARTER,American Indian or Alaska Nat,17
2024-2025,4,HARRIS COUNTY,101858,HARMONY PUBLIC SCHOOLS - HOUSTON NORTH,OPEN ENROLLMENT CHARTER,Asian,878
2024-2025,4,HARRIS COUNTY,101858,HARMONY PUBLIC SCHOOLS - HOUSTON NORTH,OPEN ENROLLMENT CHARTER,Black or African American,1778
2024-2025,4,HARRIS COUNTY,101858,HARMONY PUBLIC SCHOOLS - HOUSTON NORTH,OPEN ENROLLMENT CHARTER,Hispanic/Latino,3852
2024-2025,4,HARRIS COUNTY,101858,HARMONY PUBLIC SCHOOLS - HOUSTON NORTH,OPEN ENROLLMENT CHARTER,Native Hawaiian/Other Pacific,18
2024-2025,4,HARRIS COUNTY,101858,HARMONY PUBLIC SCHOOLS - HOUSTON NORTH,OPEN ENROLLMENT CHARTER,Two or more races,207
2024-2025,4,HARRIS COUNTY,101858,HARMONY PUBLIC SCHOOLS - HOUSTON NORTH,OPEN ENROLLMENT CHARTER,White,821
2024-2025,4,HARRIS COUNTY,101846,HARMONY PUBLIC SCHOOLS - HOUSTON SOUTH,OPEN ENROLLMENT CHARTER,American Indian or Alaska Nat,<10
2024-2025,4,HARRIS COUNTY,101846,HARMONY PUBLIC SCHOOLS - HOUSTON SOUTH,OPEN ENROLLMENT CHARTER,Asian,370
2024-2025,4,HARRIS COUNTY,101846,HARMONY PUBLIC SCHOOLS - HOUSTON SOUTH,OPEN ENROLLMENT CHARTER,Black or African American,953
2024-2025,4,HARRIS COUNTY,101846,HARMONY PUBLIC SCHOOLS - HOUSTON SOUTH,OPEN ENROLLMENT CHARTER,Hispanic/Latino,2051
2024-2025,4,HARRIS COUNTY,101846,HARMONY PUBLIC SCHOOLS - HOUSTON SOUTH,OPEN ENROLLMENT CHARTER,Native Hawaiian/Other Pacific,<10
2024-2025,4,HARRIS COUNTY,101846,HARMONY PUBLIC SCHOOLS - HOUSTON SOUTH,OPEN ENROLLMENT CHARTER,Two or more races,26
2024-2025,4,HARRIS COUNTY,101846,HARMONY PUBLIC SCHOOLS - HOUSTON SOUTH,OPEN ENROLLMENT CHARTER,White,253
2024-2025,4,HARRIS COUNTY,101862,HARMONY PUBLIC SCHOOLS - HOUSTON WEST,OPEN ENROLLMENT CHARTER,American Indian or Alaska Nat,<20
2024-2025,4,HARRIS COUNTY,101862,HARMONY PUBLIC SCHOOLS - HOUSTON WEST,OPEN ENROLLMENT CHARTER,Asian,2084
2024-2025,4,HARRIS COUNTY,101862,HARMONY PUBLIC SCHOOLS - HOUSTON WEST,OPEN ENROLLMENT CHARTER,Black or African American,2051
2024-2025,4,HARRIS COUNTY,101862,HARMONY PUBLIC SCHOOLS - HOUSTON WEST,OPEN ENROLLMENT CHARTER,Hispanic/Latino,1262
2024-2025,4,HARRIS COUNTY,101862,HARMONY PUBLIC SCHOOLS - HOUSTON WEST,OPEN ENROLLMENT CHARTER,Native Hawaiian/Other Pacific,<10
2024-2025,4,HARRIS COUNTY,101862,HARMONY PUBLIC SCHOOLS - HOUSTON WEST,OPEN ENROLLMENT CHARTER,Two or more races,140
2024-2025,4,HARRIS COUNTY,101862,HARMONY PUBLIC SCHOOLS - HOUSTON WEST,OPEN ENROLLMENT CHARTER,White,982
2024-2025,12,MCLENNAN COUNTY,161807,HARMONY PUBLIC SCHOOLS - NORTH TEXAS,OPEN ENROLLMENT CHARTER,American Indian or Alaska Nat,48
2024-2025,12,MCLENNAN COUNTY,161807,HARMONY PUBLIC SCHOOLS - NORTH TEXAS,OPEN ENROLLMENT CHARTER,Asian,1624
2024-2025,12,MCLENNAN COUNTY,161807,HARMONY PUBLIC SCHOOLS - NORTH TEXAS,OPEN ENROLLMENT CHARTER,Black or African American,2945
2024-2025,12,MCLENNAN COUNTY,161807,HARMONY PUBLIC SCHOOLS - NORTH TEXAS,OPEN ENROLLMENT CHARTER,Hispanic/Latino,4434
2024-2025,12,MCLENNAN COUNTY,161807,HARMONY PUBLIC SCHOOLS - NORTH TEXAS,OPEN ENROLLMENT CHARTER,Native Hawaiian/Other Pacific,13
2024-2025,12,MCLENNAN COUNTY,161807,HARMONY PUBLIC SCHOOLS - NORTH TEXAS,OPEN ENROLLMENT CHARTER,Two or more races,324
2024-2025,12,MCLENNAN COUNTY,161807,HARMONY PUBLIC SCHOOLS - NORTH TEXAS,OPEN ENROLLMENT CHARTER,White,1654
2024-2025,20,BEXAR COUNTY,15828,HARMONY PUBLIC SCHOOLS - SOUTH TEXAS,OPEN ENROLLMENT CHARTER,American Indian or Alaska Nat,<10
2024-2025,20,BEXAR COUNTY,15828,HARMONY PUBLIC SCHOOLS - SOUTH TEXAS,OPEN ENROLLMENT CHARTER,Asian,104
2024-2025,20,BEXAR COUNTY,15828,HARMONY PUBLIC SCHOOLS - SOUTH TEXAS,OPEN ENROLLMENT CHARTER,Black or African American,271
2024-2025,20,BEXAR COUNTY,15828,HARMONY PUBLIC SCHOOLS - SOUTH TEXAS,OPEN ENROLLMENT CHARTER,Hispanic/Latino,4099
2024-2025,20,BEXAR COUNTY,15828,HARMONY PUBLIC SCHOOLS - SOUTH TEXAS,OPEN ENROLLMENT CHARTER,Native Hawaiian/Other Pacific,<10
2024-2025,20,BEXAR COUNTY,15828,HARMONY PUBLIC SCHOOLS - SOUTH TEXAS,OPEN ENROLLMENT CHARTER,Two or more races,86
2024-2025,20,BEXAR COUNTY,15828,HARMONY PUBLIC SCHOOLS - SOUTH TEXAS,OPEN ENROLLMENT CHARTER,White,244
2024-2025,19,EL PASO COUNTY,71806,HARMONY PUBLIC SCHOOLS - WEST TEXAS,OPEN ENROLLMENT CHARTER,American Indian or Alaska Nat,<10
2024-2025,19,EL PASO COUNTY,71806,HARMONY PUBLIC SCHOOLS - WEST TEXAS,OPEN ENROLLMENT CHARTER,Asian,70
2024-2025,19,EL PASO COUNTY,71806,HARMONY PUBLIC SCHOOLS - WEST TEXAS,OPEN ENROLLMENT CHARTER,Black or African American,336
2024-2025,19,EL PASO COUNTY,71806,HARMONY PUBLIC SCHOOLS - WEST TEXAS,OPEN ENROLLMENT CHARTER,Hispanic/Latino,4739
2024-2025,19,EL PASO COUNTY,71806,HARMONY PUBLIC SCHOOLS - WEST TEXAS,OPEN ENROLLMENT CHARTER,Native Hawaiian/Other Pacific,<10
2024-2025,19,EL PASO COUNTY,71806,HARMONY PUBLIC SCHOOLS - WEST TEXAS,OPEN ENROLLMENT CHARTER,Two or more races,83
2024-2025,19,EL PASO COUNTY,71806,HARMONY PUBLIC SCHOOLS - WEST TEXAS,OPEN ENROLLMENT CHARTER,White,442
2024-2025,15,GILLESPIE COUNTY,86902,HARPER ISD,TRADITIONAL ISD/CSD,Asian,<10
2024-2025,15,GILLESPIE COUNTY,86902,HARPER ISD,TRADITIONAL ISD/CSD,Black or African American,<10
2024-2025,15,GILLESPIE COUNTY,86902,HARPER ISD,TRADITIONAL ISD/CSD,Hispanic/Latino,127
2024-2025,15,GILLESPIE COUNTY,86902,HARPER ISD,TRADITIONAL ISD/CSD,Two or more races,15
2024-2025,15,GILLESPIE COUNTY,86902,HARPER ISD,TRADITIONAL ISD/CSD,White,444
2024-2025,9,WILBARGER COUNTY,244901,HARROLD ISD,TRADITIONAL ISD/CSD,American Indian or Alaska Nat,<10
2024-2025,9,WILBARGER COUNTY,244901,HARROLD ISD,TRADITIONAL ISD/CSD,Black or African American,<10
2024-2025,9,WILBARGER COUNTY,244901,HARROLD ISD,TRADITIONAL ISD/CSD,Hispanic/Latino,42
2024-2025,9,WILBARGER COUNTY,244901,HARROLD ISD,TRADITIONAL ISD/CSD,Two or more races,12
2024-2025,9,WILBARGER COUNTY,244901,HARROLD ISD,TRADITIONAL ISD/CSD,White,91
2024-2025,16,CASTRO COUNTY,35902,HART ISD,TRADITIONAL ISD/CSD,Hispanic/Latino,193
2024-2025,16,CASTRO COUNTY,35902,HART ISD,TRADITIONAL ISD/CSD,White,13
2024-2025,16,HARTLEY COUNTY,103902,HARTLEY ISD,TRADITIONAL ISD/CSD,Black or African American,<10
2024-2025,16,HARTLEY COUNTY,103902,HARTLEY ISD,TRADITIONAL ISD/CSD,Hispanic/Latino,157
2024-2025,16,HARTLEY COUNTY,103902,HARTLEY ISD,TRADITIONAL ISD/CSD,White,<80
2024-2025,8,TITUS COUNTY,225907,HARTS BLUFF ISD,TRADITIONAL ISD/CSD,Asian,<10
2024-2025,8,TITUS COUNTY,225907,HARTS BLUFF ISD,TRADITIONAL ISD/CSD,Black or African American,<10
2024-2025,8,TITUS COUNTY,225907,HARTS BLUFF ISD,TRADITIONAL ISD/CSD,Hispanic/Latino,502
2024-2025,8,TITUS COUNTY,225907,HARTS BLUFF ISD,TRADITIONAL ISD/CSD,Two or more races,14
2024-2025,8,TITUS COUNTY,225907,HARTS BLUFF ISD,TRADITIONAL ISD/CSD,White,359
2024-2025,14,HASKELL COUNTY,104901,HASKELL CISD,TRADITIONAL ISD/CSD,American Indian or Alaska Nat,<10
2024-2025,14,HASKELL COUNTY,104901,HASKELL CISD,TRADITIONAL ISD/CSD,Asian,<10
2024-2025,14,HASKELL COUNTY,104901,HASKELL CISD,TRADITIONAL ISD/CSD,Black or African American,19
2024-2025,14,HASKELL COUNTY,104901,HASKELL CISD,TRADITIONAL ISD/CSD,Hispanic/Latino,210
2024-2025,14,HASKELL COUNTY,104901,HASKELL CISD,TRADITIONAL ISD/CSD,Two or more races,23
2024-2025,14,HASKELL COUNTY,104901,HASKELL CISD,TRADITIONAL ISD/CSD,White,285
2024-2025,7,WOOD COUNTY,250902,HAWKINS ISD,TRADITIONAL ISD/CSD,American Indian or Alaska Nat,<10
2024-2025,7,WOOD COUNTY,250902,HAWKINS ISD,TRADITIONAL ISD/CSD,Asian,<10
2024-2025,7,WOOD COUNTY,250902,HAWKINS ISD,TRADITIONAL ISD/CSD,Black or African American,61
2024-2025,7,WOOD COUNTY,250902,HAWKINS ISD,TRADITIONAL ISD/CSD,Hispanic/Latino,60
2024-2025,7,WOOD COUNTY,250902,HAWKINS ISD,TRADITIONAL ISD/CSD,Native Hawaiian/Other Pacific,<10
2024-2025,7,WOOD COUNTY,250902,HAWKINS ISD,TRADITIONAL ISD/CSD,Two or more races,50
2024-2025,7,WOOD COUNTY,250902,HAWKINS ISD,TRADITIONAL ISD/CSD,White,628
2024-2025,14,JONES COUNTY,127904,HAWLEY ISD,TRADITIONAL ISD/CSD,American Indian or Alaska Nat,<10
2024-2025,14,JONES COUNTY,127904,HAWLEY ISD,TRADITIONAL ISD/CSD,Asian,<10
2024-2025,14,JONES COUNTY,127904,HAWLEY ISD,TRADITIONAL ISD/CSD,Black or African American,<10
2024-2025,14,JONES COUNTY,127904,HAWLEY ISD,TRADITIONAL ISD/CSD,Hispanic/Latino,192
2024-2025,14,JONES COUNTY,127904,HAWLEY ISD,TRADITIONAL ISD/CSD,Native Hawaiian/Other Pacific,<10
2024-2025,14,JONES COUNTY,127904,HAWLEY ISD,TRADITIONAL ISD/CSD,Two or more races,17
2024-2025,14,JONES COUNTY,127904,HAWLEY ISD,TRADITIONAL ISD/CSD,White,557
2024-2025,13,HAYS COUNTY,105906,HAYS CISD,TRADITIONAL ISD/CSD,American Indian or Alaska Nat,40
2024-2025,13,HAYS COUNTY,105906,HAYS CISD,TRADITIONAL ISD/CSD,Asian,417
2024-2025,13,HAYS COUNTY,105906,HAYS CISD,TRADITIONAL ISD/CSD,Black or African American,868
2024-2025,13,HAYS COUNTY,105906,HAYS CISD,TRADITIONAL ISD/CSD,Hispanic/Latino,16124
2024-2025,13,HAYS COUNTY,105906,HAYS CISD,TRADITIONAL ISD/CSD,Native Hawaiian/Other Pacific,21
2024-2025,13,HAYS COUNTY,105906,HAYS CISD,TRADITIONAL ISD/CSD,Two or more races,744
2024-2025,13,HAYS COUNTY,105906,HAYS CISD,TRADITIONAL ISD/CSD,White,6116
2024-2025,6,ROBERTSON COUNTY,198905,HEARNE ISD,TRADITIONAL ISD/CSD,Asian,<10
2024-2025,6,ROBERTSON COUNTY,198905,HEARNE ISD,TRADITIONAL ISD/CSD,Black or African American,322
2024-2025,6,ROBERTSON COUNTY,198905,HEARNE ISD,TRADITIONAL ISD/CSD,Hispanic/Latino,313
2024-2025,6,ROBERTSON COUNTY,198905,HEARNE ISD,TRADITIONAL ISD/CSD,Native Hawaiian/Other Pacific,<10
2024-2025,6,ROBERTSON COUNTY,198905,HEARNE ISD,TRADITIONAL ISD/CSD,Two or more races,30
2024-2025,6,ROBERTSON COUNTY,198905,HEARNE ISD,TRADITIONAL ISD/CSD,White,47
2024-2025,16,DONLEY COUNTY,65902,HEDLEY ISD,TRADITIONAL ISD/CSD,Black or African American,<10
2024-2025,16,DONLEY COUNTY,65902,HEDLEY ISD,TRADITIONAL ISD/CSD,Hispanic/Latino,30
2024-2025,16,DONLEY COUNTY,65902,HEDLEY ISD,TRADITIONAL ISD/CSD,Two or more races,<10
2024-2025,16,DONLEY COUNTY,65902,HEDLEY ISD,TRADITIONAL ISD/CSD,White,57
2024-2025,7,SABINE COUNTY,202903,HEMPHILL ISD,TRADITIONAL ISD/CSD,American Indian or Alaska Nat,<10
2024-2025,7,SABINE COUNTY,202903,HEMPHILL ISD,TRADITIONAL ISD/CSD,Asian,<10
2024-2025,7,SABINE COUNTY,202903,HEMPHILL ISD,TRADITIONAL ISD/CSD,Black or African American,60
2024-2025,7,SABINE COUNTY,202903,HEMPHILL ISD,TRADITIONAL ISD/CSD,Hispanic/Latino,66
2024-2025,7,SABINE COUNTY,202903,HEMPHILL ISD,TRADITIONAL ISD/CSD,Native Hawaiian/Other Pacific,<10
2024-2025,7,SABINE COUNTY,202903,HEMPHILL ISD,TRADITIONAL ISD/CSD,Two or more races,67
2024-2025,7,SABINE COUNTY,202903,HEMPHILL ISD,TRADITIONAL ISD/CSD,White,581
2024-2025,4,WALLER COUNTY,237902,HEMPSTEAD ISD,TRADITIONAL ISD/CSD,American Indian or Alaska Nat,<10
2024-2025,4,WALLER COUNTY,237902,HEMPSTEAD ISD,TRADITIONAL ISD/CSD,Asian,<10
2024-2025,4,WALLER COUNTY,237902,HEMPSTEAD ISD,TRADITIONAL ISD/CSD,Black or African American,376
2024-2025,4,WALLER COUNTY,237902,HEMPSTEAD ISD,TRADITIONAL ISD/CSD,Hispanic/Latino,1041
2024-2025,4,WALLER COUNTY,237902,HEMPSTEAD ISD,TRADITIONAL ISD/CSD,Native Hawaiian/Other Pacific,<10
2024-2025,4,WALLER COUNTY,237902,HEMPSTEAD ISD,TRADITIONAL ISD/CSD,Two or more races,29
2024-2025,4,WALLER COUNTY,237902,HEMPSTEAD ISD,TRADITIONAL ISD/CSD,White,129
2024-2025,7,RUSK COUNTY,201902,HENDERSON ISD,TRADITIONAL ISD/CSD,American Indian or Alaska Nat,<10
2024-2025,7,RUSK COUNTY,201902,HENDERSON ISD,TRADITIONAL ISD/CSD,Asian,16
2024-2025,7,RUSK COUNTY,201902,HENDERSON ISD,TRADITIONAL ISD/CSD,Black or African American,604
2024-2025,7,RUSK COUNTY,201902,HENDERSON ISD,TRADITIONAL ISD/CSD,Hispanic/Latino,1222
2024-2025,7,RUSK COUNTY,201902,HENDERSON ISD,TRADITIONAL ISD/CSD,Native Hawaiian/Other Pacific,<10
2024-2025,7,RUSK COUNTY,201902,HENDERSON ISD,TRADITIONAL ISD/CSD,Two or more races,146
2024-2025,7,RUSK COUNTY,201902,HENDERSON ISD,TRADITIONAL ISD/CSD,White,1246
2024-2025,9,CLAY COUNTY,39902,HENRIETTA ISD,TRADITIONAL ISD/CSD,American Indian or Alaska Nat,15
2024-2025,9,CLAY COUNTY,39902,HENRIETTA ISD,TRADITIONAL ISD/CSD,Asian,<10
2024-2025,9,CLAY COUNTY,39902,HENRIETTA ISD,TRADITIONAL ISD/CSD,Black or African American,<10
2024-2025,9,CLAY COUNTY,39902,HENRIETTA ISD,TRADITIONAL ISD/CSD,Hispanic/Latino,107
2024-2025,9,CLAY COUNTY,39902,HENRIETTA ISD,TRADITIONAL ISD/CSD,Two or more races,33
2024-2025,9,CLAY COUNTY,39902,HENRIETTA ISD,TRADITIONAL ISD/CSD,White,720
2024-2025,20,BEXAR COUNTY,15833,HENRY FORD ACADEMY ALAMEDA SCHOOL FOR ART + DESIGN,OPEN ENROLLMENT CHARTER,Black or African American,<10
2024-2025,20,BEXAR COUNTY,15833,HENRY FORD ACADEMY ALAMEDA SCHOOL FOR ART + DESIGN,OPEN ENROLLMENT CHARTER,Hispanic/Latino,47
2024-2025,20,BEXAR COUNTY,15833,HENRY FORD ACADEMY ALAMEDA SCHOOL FOR ART + DESIGN,OPEN ENROLLMENT CHARTER,Two or more races,<10
2024-2025,20,BEXAR COUNTY,15833,HENRY FORD ACADEMY ALAMEDA SCHOOL FOR ART + DESIGN,OPEN ENROLLMENT CHARTER,White,10
2024-2025,16,DEAF SMITH COUNTY,59901,HEREFORD ISD,TRADITIONAL ISD/CSD,American Indian or Alaska Nat,12
2024-2025,16,DEAF SMITH COUNTY,59901,HEREFORD ISD,TRADITIONAL ISD/CSD,Asian,15
2024-2025,16,DEAF SMITH COUNTY,59901,HEREFORD ISD,TRADITIONAL ISD/CSD,Black or African American,18
2024-2025,16,DEAF SMITH COUNTY,59901,HEREFORD ISD,TRADITIONAL ISD/CSD,Hispanic/Latino,3649
2024-2025,16,DEAF SMITH COUNTY,59901,HEREFORD ISD,TRADITIONAL ISD/CSD,Native Hawaiian/Other Pacific,<10
2024-2025,16,DEAF SMITH COUNTY,59901,HEREFORD ISD,TRADITIONAL ISD/CSD,Two or more races,<20
2024-2025,16,DEAF SMITH COUNTY,59901,HEREFORD ISD,TRADITIONAL ISD/CSD,White,257
2024-2025,20,BEXAR COUNTY,15815,HERITAGE ACADEMY,OPEN ENROLLMENT CHARTER,American Indian or Alaska Nat,<10
2024-2025,20,BEXAR COUNTY,15815,HERITAGE ACADEMY,OPEN ENROLLMENT CHARTER,Asian,<10
2024-2025,20,BEXAR COUNTY,15815,HERITAGE ACADEMY,OPEN ENROLLMENT CHARTER,Black or African American,50
2024-2025,20,BEXAR COUNTY,15815,HERITAGE ACADEMY,OPEN ENROLLMENT CHARTER,Hispanic/Latino,491
2024-2025,20,BEXAR COUNTY,15815,HERITAGE ACADEMY,OPEN ENROLLMENT CHARTER,Two or more races,20
2024-2025,20,BEXAR COUNTY,15815,HERITAGE ACADEMY,OPEN ENROLLMENT CHARTER,White,25
2024-2025,14,SCURRY COUNTY,208901,HERMLEIGH ISD,TRADITIONAL ISD/CSD,Black or African American,<10
2024-2025,14,SCURRY COUNTY,208901,HERMLEIGH ISD,TRADITIONAL ISD/CSD,Hispanic/Latino,96
2024-2025,14,SCURRY COUNTY,208901,HERMLEIGH ISD,TRADITIONAL ISD/CSD,Two or more races,<10
2024-2025,14,SCURRY COUNTY,208901,HERMLEIGH ISD,TRADITIONAL ISD/CSD,White,155
2024-2025,12,HAMILTON COUNTY,97903,HICO ISD,TRADITIONAL ISD/CSD,American Indian or Alaska Nat,<10
2024-2025,12,HAMILTON COUNTY,97903,HICO ISD,TRADITIONAL ISD/CSD,Asian,<10
2024-2025,12,HAMILTON COUNTY,97903,HICO ISD,TRADITIONAL ISD/CSD,Black or African American,<10
2024-2025,12,HAMILTON COUNTY,97903,HICO ISD,TRADITIONAL ISD/CSD,Hispanic/Latino,131
2024-2025,12,HAMILTON COUNTY,97903,HICO ISD,TRADITIONAL ISD/CSD,Two or more races,11
2024-2025,12,HAMILTON COUNTY,97903,HICO ISD,TRADITIONAL ISD/CSD,White,474
2024-2025,1,HIDALGO COUNTY,108905,HIDALGO ISD,TRADITIONAL ISD/CSD,Hispanic/Latino,2918
2024-2025,5,GALVESTON COUNTY,84903,HIGH ISLAND ISD,TRADITIONAL ISD/CSD,Asian,<10
2024-2025,5,GALVESTON COUNTY,84903,HIGH ISLAND ISD,TRADITIONAL ISD/CSD,Black or African American,<10
2024-2025,5,GALVESTON COUNTY,84903,HIGH ISLAND ISD,TRADITIONAL ISD/CSD,Hispanic/Latino,15
2024-2025,5,GALVESTON COUNTY,84903,HIGH ISLAND ISD,TRADITIONAL ISD/CSD,Native Hawaiian/Other Pacific,<10
2024-2025,5,GALVESTON COUNTY,84903,HIGH ISLAND ISD,TRADITIONAL ISD/CSD,Two or more races,<10
2024-2025,5,GALVESTON COUNTY,84903,HIGH ISLAND ISD,TRADITIONAL ISD/CSD,White,103
2024-2025,14,NOLAN COUNTY,177905,HIGHLAND ISD,TRADITIONAL ISD/CSD,Asian,<10
2024-2025,14,NOLAN COUNTY,177905,HIGHLAND ISD,TRADITIONAL ISD/CSD,Black or African American,<10
2024-2025,14,NOLAN COUNTY,177905,HIGHLAND ISD,TRADITIONAL ISD/CSD,Hispanic/Latino,24
2024-2025,14,NOLAN COUNTY,177905,HIGHLAND ISD,TRADITIONAL ISD/CSD,Two or more races,<10
2024-2025,14,NOLAN COUNTY,177905,HIGHLAND ISD,TRADITIONAL ISD/CSD,White,180
2024-2025,10,DALLAS COUNTY,57911,HIGHLAND PARK ISD,TRADITIONAL ISD/CSD,American Indian or Alaska Nat,<30
2024-2025,16,POTTER COUNTY,188903,HIGHLAND PARK ISD,TRADITIONAL ISD/CSD,American Indian or Alaska Nat,<10
2024-2025,10,DALLAS COUNTY,57911,HIGHLAND PARK ISD,TRADITIONAL ISD/CSD,Asian,436
2024-2025,16,POTTER COUNTY,188903,HIGHLAND PARK ISD,TRADITIONAL ISD/CSD,Asian,42
2024-2025,10,DALLAS COUNTY,57911,HIGHLAND PARK ISD,TRADITIONAL ISD/CSD,Black or African American,43
2024-2025,16,POTTER COUNTY,188903,HIGHLAND PARK ISD,TRADITIONAL ISD/CSD,Black or African American,<20
2024-2025,10,DALLAS COUNTY,57911,HIGHLAND PARK ISD,TRADITIONAL ISD/CSD,Hispanic/Latino,420
2024-2025,16,POTTER COUNTY,188903,HIGHLAND PARK ISD,TRADITIONAL ISD/CSD,Hispanic/Latino,357
2024-2025,10,DALLAS COUNTY,57911,HIGHLAND PARK ISD,TRADITIONAL ISD/CSD,Native Hawaiian/Other Pacific,<10
2024-2025,10,DALLAS COUNTY,57911,HIGHLAND PARK ISD,TRADITIONAL ISD/CSD,Two or more races,244
2024-2025,16,POTTER COUNTY,188903,HIGHLAND PARK ISD,TRADITIONAL ISD/CSD,Two or more races,32
2024-2025,10,DALLAS COUNTY,57911,HIGHLAND PARK ISD,TRADITIONAL ISD/CSD,White,5175
2024-2025,16,POTTER COUNTY,188903,HIGHLAND PARK ISD,TRADITIONAL ISD/CSD,White,305
2024-2025,12,HILL COUNTY,109904,HILLSBORO ISD,TRADITIONAL ISD/CSD,American Indian or Alaska Nat,<10
2024-2025,12,HILL COUNTY,109904,HILLSBORO ISD,TRADITIONAL ISD/CSD,Asian,20
2024-2025,12,HILL COUNTY,109904,HILLSBORO ISD,TRADITIONAL ISD/CSD,Black or African American,182
2024-2025,12,HILL COUNTY,109904,HILLSBORO ISD,TRADITIONAL ISD/CSD,Hispanic/Latino,1269
2024-2025,12,HILL COUNTY,109904,HILLSBORO ISD,TRADITIONAL ISD/CSD,Native Hawaiian/Other Pacific,<10
2024-2025,12,HILL COUNTY,109904,HILLSBORO ISD,TRADITIONAL ISD/CSD,Two or more races,84
2024-2025,12,HILL COUNTY,109904,HILLSBORO ISD,TRADITIONAL ISD/CSD,White,422
2024-2025,4,GALVESTON COUNTY,84908,HITCHCOCK ISD,TRADITIONAL ISD/CSD,American Indian or Alaska Nat,<10
2024-2025,4,GALVESTON COUNTY,84908,HITCHCOCK ISD,TRADITIONAL ISD/CSD,Asian,11
2024-2025,4,GALVESTON COUNTY,84908,HITCHCOCK ISD,TRADITIONAL ISD/CSD,Black or African American,799
2024-2025,4,GALVESTON COUNTY,84908,HITCHCOCK ISD,TRADITIONAL ISD/CSD,Hispanic/Latino,706
2024-2025,4,GALVESTON COUNTY,84908,HITCHCOCK ISD,TRADITIONAL ISD/CSD,Native Hawaiian/Other Pacific,<10
2024-2025,4,GALVESTON COUNTY,84908,HITCHCOCK ISD,TRADITIONAL ISD/CSD,Two or more races,82
2024-2025,4,GALVESTON COUNTY,84908,HITCHCOCK ISD,TRADITIONAL ISD/CSD,White,406
2024-2025,12,BELL COUNTY,14905,HOLLAND ISD,TRADITIONAL ISD/CSD,Black or African American,14
2024-2025,12,BELL COUNTY,14905,HOLLAND ISD,TRADITIONAL ISD/CSD,Hispanic/Latino,172
2024-2025,12,BELL COUNTY,14905,HOLLAND ISD,TRADITIONAL ISD/CSD,Two or more races,21
2024-2025,12,BELL COUNTY,14905,HOLLAND ISD,TRADITIONAL ISD/CSD,White,439
2024-2025,9,ARCHER COUNTY,5902,HOLLIDAY ISD,TRADITIONAL ISD/CSD,American Indian or Alaska Nat,<10
2024-2025,9,ARCHER COUNTY,5902,HOLLIDAY ISD,TRADITIONAL ISD/CSD,Asian,<10
2024-2025,9,ARCHER COUNTY,5902,HOLLIDAY ISD,TRADITIONAL ISD/CSD,Black or African American,<10
2024-2025,9,ARCHER COUNTY,5902,HOLLIDAY ISD,TRADITIONAL ISD/CSD,Hispanic/Latino,133
2024-2025,9,ARCHER COUNTY,5902,HOLLIDAY ISD,TRADITIONAL ISD/CSD,Two or more races,29
2024-2025,9,ARCHER COUNTY,5902,HOLLIDAY ISD,TRADITIONAL ISD/CSD,White,938
2024-2025,20,MEDINA COUNTY,163904,HONDO ISD,TRADITIONAL ISD/CSD,American Indian or Alaska Nat,<10
2024-2025,20,MEDINA COUNTY,163904,HONDO ISD,TRADITIONAL ISD/CSD,Black or African American,18
2024-2025,20,MEDINA COUNTY,163904,HONDO ISD,TRADITIONAL ISD/CSD,Hispanic/Latino,998
2024-2025,20,MEDINA COUNTY,163904,HONDO ISD,TRADITIONAL ISD/CSD,Native Hawaiian/Other Pacific,<10
2024-2025,20,MEDINA COUNTY,163904,HONDO ISD,TRADITIONAL ISD/CSD,Two or more races,14
2024-2025,20,MEDINA COUNTY,163904,HONDO ISD,TRADITIONAL ISD/CSD,White,692
2024-2025,8,FANNIN COUNTY,74907,HONEY GROVE ISD,TRADITIONAL ISD/CSD,Asian,<10
2024-2025,8,FANNIN COUNTY,74907,HONEY GROVE ISD,TRADITIONAL ISD/CSD,Black or African American,<40
2024-2025,8,FANNIN COUNTY,74907,HONEY GROVE ISD,TRADITIONAL ISD/CSD,Hispanic/Latino,144
2024-2025,8,FANNIN COUNTY,74907,HONEY GROVE ISD,TRADITIONAL ISD/CSD,Two or more races,43
2024-2025,8,FANNIN COUNTY,74907,HONEY GROVE ISD,TRADITIONAL ISD/CSD,White,424
2024-2025,8,BOWIE COUNTY,19902,HOOKS ISD,TRADITIONAL ISD/CSD,American Indian or Alaska Nat,<10
2024-2025,8,BOWIE COUNTY,19902,HOOKS ISD,TRADITIONAL ISD/CSD,Asian,<10
2024-2025,8,BOWIE COUNTY,19902,HOOKS ISD,TRADITIONAL ISD/CSD,Black or African American,116
2024-2025,8,BOWIE COUNTY,19902,HOOKS ISD,TRADITIONAL ISD/CSD,Hispanic/Latino,75
2024-2025,8,BOWIE COUNTY,19902,HOOKS ISD,TRADITIONAL ISD/CSD,Native Hawaiian/Other Pacific,<10
2024-2025,8,BOWIE COUNTY,19902,HOOKS ISD,TRADITIONAL ISD/CSD,Two or more races,110
2024-2025,8,BOWIE COUNTY,19902,HOOKS ISD,TRADITIONAL ISD/CSD,White,604
2024-2025,1,HIDALGO COUNTY,108802,HORIZON MONTESSORI PUBLIC SCHOOLS,OPEN ENROLLMENT CHARTER,American Indian or Alaska Nat,<10
2024-2025,1,HIDALGO COUNTY,108802,HORIZON MONTESSORI PUBLIC SCHOOLS,OPEN ENROLLMENT CHARTER,Asian,30
2024-2025,1,HIDALGO COUNTY,108802,HORIZON MONTESSORI PUBLIC SCHOOLS,OPEN ENROLLMENT CHARTER,Black or African American,52
2024-2025,1,HIDALGO COUNTY,108802,HORIZON MONTESSORI PUBLIC SCHOOLS,OPEN ENROLLMENT CHARTER,Hispanic/Latino,1005
2024-2025,1,HIDALGO COUNTY,108802,HORIZON MONTESSORI PUBLIC SCHOOLS,OPEN ENROLLMENT CHARTER,Two or more races,<20
2024-2025,1,HIDALGO COUNTY,108802,HORIZON MONTESSORI PUBLIC SCHOOLS,OPEN ENROLLMENT CHARTER,White,57
2024-2025,4,HARRIS COUNTY,101878,HOUSTON CLASSICAL CHARTER SCHOOL,OPEN ENROLLMENT CHARTER,American Indian or Alaska Nat,<10
2024-2025,4,HARRIS COUNTY,101878,HOUSTON CLASSICAL CHARTER SCHOOL,OPEN ENROLLMENT CHARTER,Asian,20
2024-2025,4,HARRIS COUNTY,101878,HOUSTON CLASSICAL CHARTER SCHOOL,OPEN ENROLLMENT CHARTER,Black or African American,178
2024-2025,4,HARRIS COUNTY,101878,HOUSTON CLASSICAL CHARTER SCHOOL,OPEN ENROLLMENT CHARTER,Hispanic/Latino,109
2024-2025,4,HARRIS COUNTY,101878,HOUSTON CLASSICAL CHARTER SCHOOL,OPEN ENROLLMENT CHARTER,Two or more races,<20
2024-2025,4,HARRIS COUNTY,101878,HOUSTON CLASSICAL CHARTER SCHOOL,OPEN ENROLLMENT CHARTER,White,18
2024-2025,4,HARRIS COUNTY,101828,HOUSTON GATEWAY ACADEMY INC,OPEN ENROLLMENT CHARTER,American Indian or Alaska Nat,<10
2024-2025,4,HARRIS COUNTY,101828,HOUSTON GATEWAY ACADEMY INC,OPEN ENROLLMENT CHARTER,Asian,<10
2024-2025,4,HARRIS COUNTY,101828,HOUSTON GATEWAY ACADEMY INC,OPEN ENROLLMENT CHARTER,Black or African American,38
2024-2025,4,HARRIS COUNTY,101828,HOUSTON GATEWAY ACADEMY INC,OPEN ENROLLMENT CHARTER,Hispanic/Latino,2088
2024-2025,4,HARRIS COUNTY,101828,HOUSTON GATEWAY ACADEMY INC,OPEN ENROLLMENT CHARTER,Two or more races,<10
2024-2025,4,HARRIS COUNTY,101828,HOUSTON GATEWAY ACADEMY INC,OPEN ENROLLMENT CHARTER,White,19
2024-2025,4,HARRIS COUNTY,101821,HOUSTON HEIGHTS HIGH SCHOOL,OPEN ENROLLMENT CHARTER,Black or African American,<40
2024-2025,4,HARRIS COUNTY,101821,HOUSTON HEIGHTS HIGH SCHOOL,OPEN ENROLLMENT CHARTER,Hispanic/Latino,148
2024-2025,4,HARRIS COUNTY,101821,HOUSTON HEIGHTS HIGH SCHOOL,OPEN ENROLLMENT CHARTER,White,<10
2024-2025,4,HARRIS COUNTY,101912,HOUSTON ISD,TRADITIONAL ISD/CSD,American Indian or Alaska Nat,318
2024-2025,4,HARRIS COUNTY,101912,HOUSTON ISD,TRADITIONAL ISD/CSD,Asian,9122
2024-2025,4,HARRIS COUNTY,101912,HOUSTON ISD,TRADITIONAL ISD/CSD,Black or African American,36773
2024-2025,4,HARRIS COUNTY,101912,HOUSTON ISD,TRADITIONAL ISD/CSD,Hispanic/Latino,108987
2024-2025,4,HARRIS COUNTY,101912,HOUSTON ISD,TRADITIONAL ISD/CSD,Native Hawaiian/Other Pacific,136
2024-2025,4,HARRIS COUNTY,101912,HOUSTON ISD,TRADITIONAL ISD/CSD,Two or more races,3670
2024-2025,4,HARRIS COUNTY,101912,HOUSTON ISD,TRADITIONAL ISD/CSD,White,17721
2024-2025,10,GRAYSON COUNTY,91905,HOWE ISD,TRADITIONAL ISD/CSD,American Indian or Alaska Nat,<10
2024-2025,10,GRAYSON COUNTY,91905,HOWE ISD,TRADITIONAL ISD/CSD,Asian,<10
2024-2025,10,GRAYSON COUNTY,91905,HOWE ISD,TRADITIONAL ISD/CSD,Black or African American,36
2024-2025,10,GRAYSON COUNTY,91905,HOWE ISD,TRADITIONAL ISD/CSD,Hispanic/Latino,430
2024-2025,10,GRAYSON COUNTY,91905,HOWE ISD,TRADITIONAL ISD/CSD,Native Hawaiian/Other Pacific,<10
2024-2025,10,GRAYSON COUNTY,91905,HOWE ISD,TRADITIONAL ISD/CSD,Two or more races,74
2024-2025,10,GRAYSON COUNTY,91905,HOWE ISD,TRADITIONAL ISD/CSD,White,712
2024-2025,12,HILL COUNTY,109905,HUBBARD ISD,TRADITIONAL ISD/CSD,Asian,<10
2024-2025,12,HILL COUNTY,109905,HUBBARD ISD,TRADITIONAL ISD/CSD,Black or African American,45
2024-2025,8,BOWIE COUNTY,19913,HUBBARD ISD,TRADITIONAL ISD/CSD,Hispanic/Latino,<20
2024-2025,12,HILL COUNTY,109905,HUBBARD ISD,TRADITIONAL ISD/CSD,Hispanic/Latino,96
2024-2025,8,BOWIE COUNTY,19913,HUBBARD ISD,TRADITIONAL ISD/CSD,Two or more races,<10
2024-2025,12,HILL COUNTY,109905,HUBBARD ISD,TRADITIONAL ISD/CSD,Two or more races,<20
2024-2025,8,BOWIE COUNTY,19913,HUBBARD ISD,TRADITIONAL ISD/CSD,White,44
2024-2025,12,HILL COUNTY,109905,HUBBARD ISD,TRADITIONAL ISD/CSD,White,254
2024-2025,11,ERATH COUNTY,72908,HUCKABAY ISD,TRADITIONAL ISD/CSD,American Indian or Alaska Nat,<10
2024-2025,11,ERATH COUNTY,72908,HUCKABAY ISD,TRADITIONAL ISD/CSD,Hispanic/Latino,48
2024-2025,11,ERATH COUNTY,72908,HUCKABAY ISD,TRADITIONAL ISD/CSD,Native Hawaiian/Other Pacific,<10
2024-2025,11,ERATH COUNTY,72908,HUCKABAY ISD,TRADITIONAL ISD/CSD,Two or more races,<10
2024-2025,11,ERATH COUNTY,72908,HUCKABAY ISD,TRADITIONAL ISD/CSD,White,268
2024-2025,7,ANGELINA COUNTY,3902,HUDSON ISD,TRADITIONAL ISD/CSD,American Indian or Alaska Nat,<10
2024-2025,7,ANGELINA COUNTY,3902,HUDSON ISD,TRADITIONAL ISD/CSD,Asian,40
2024-2025,7,ANGELINA COUNTY,3902,HUDSON ISD,TRADITIONAL ISD/CSD,Black or African American,176
2024-2025,7,ANGELINA COUNTY,3902,HUDSON ISD,TRADITIONAL ISD/CSD,Hispanic/Latino,767
2024-2025,7,ANGELINA COUNTY,3902,HUDSON ISD,TRADITIONAL ISD/CSD,Native Hawaiian/Other Pacific,<10
2024-2025,7,ANGELINA COUNTY,3902,HUDSON ISD,TRADITIONAL ISD/CSD,Two or more races,111
2024-2025,7,ANGELINA COUNTY,3902,HUDSON ISD,TRADITIONAL ISD/CSD,White,1670
2024-2025,4,HARRIS COUNTY,101925,HUFFMAN ISD,TRADITIONAL ISD/CSD,American Indian or Alaska Nat,<20
2024-2025,4,HARRIS COUNTY,101925,HUFFMAN ISD,TRADITIONAL ISD/CSD,Asian,18
2024-2025,4,HARRIS COUNTY,101925,HUFFMAN ISD,TRADITIONAL ISD/CSD,Black or African American,145
2024-2025,4,HARRIS COUNTY,101925,HUFFMAN ISD,TRADITIONAL ISD/CSD,Hispanic/Latino,1122
2024-2025,4,HARRIS COUNTY,101925,HUFFMAN ISD,TRADITIONAL ISD/CSD,Native Hawaiian/Other Pacific,<10
2024-2025,4,HARRIS COUNTY,101925,HUFFMAN ISD,TRADITIONAL ISD/CSD,Two or more races,87
2024-2025,4,HARRIS COUNTY,101925,HUFFMAN ISD,TRADITIONAL ISD/CSD,White,2258
2024-2025,8,CASS COUNTY,34903,HUGHES SPRINGS ISD,TRADITIONAL ISD/CSD,American Indian or Alaska Nat,<10
2024-2025,8,CASS COUNTY,34903,HUGHES SPRINGS ISD,TRADITIONAL ISD/CSD,Asian,<20
2024-2025,8,CASS COUNTY,34903,HUGHES SPRINGS ISD,TRADITIONAL ISD/CSD,Black or African American,103
2024-2025,8,CASS COUNTY,34903,HUGHES SPRINGS ISD,TRADITIONAL ISD/CSD,Hispanic/Latino,153
2024-2025,8,CASS COUNTY,34903,HUGHES SPRINGS ISD,TRADITIONAL ISD/CSD,Two or more races,34
2024-2025,8,CASS COUNTY,34903,HUGHES SPRINGS ISD,TRADITIONAL ISD/CSD,White,789
2024-2025,5,LIBERTY COUNTY,146905,HULL-DAISETTA ISD,TRADITIONAL ISD/CSD,American Indian or Alaska Nat,<10
2024-2025,5,LIBERTY COUNTY,146905,HULL-DAISETTA ISD,TRADITIONAL ISD/CSD,Black or African American,56
2024-2025,5,LIBERTY COUNTY,146905,HULL-DAISETTA ISD,TRADITIONAL ISD/CSD,Hispanic/Latino,55
2024-2025,5,LIBERTY COUNTY,146905,HULL-DAISETTA ISD,TRADITIONAL ISD/CSD,Two or more races,<30
2024-2025,5,LIBERTY COUNTY,146905,HULL-DAISETTA ISD,TRADITIONAL ISD/CSD,White,292
2024-2025,4,HARRIS COUNTY,101913,HUMBLE ISD,TRADITIONAL ISD/CSD,American Indian or Alaska Nat,102
2024-2025,4,HARRIS COUNTY,101913,HUMBLE ISD,TRADITIONAL ISD/CSD,Asian,1267
2024-2025,4,HARRIS COUNTY,101913,HUMBLE ISD,TRADITIONAL ISD/CSD,Black or African American,13238
2024-2025,4,HARRIS COUNTY,101913,HUMBLE ISD,TRADITIONAL ISD/CSD,Hispanic/Latino,19111
2024-2025,4,HARRIS COUNTY,101913,HUMBLE ISD,TRADITIONAL ISD/CSD,Native Hawaiian/Other Pacific,229
2024-2025,4,HARRIS COUNTY,101913,HUMBLE ISD,TRADITIONAL ISD/CSD,Two or more races,1852
2024-2025,4,HARRIS COUNTY,101913,HUMBLE ISD,TRADITIONAL ISD/CSD,White,12703
2024-2025,20,KERR COUNTY,133902,HUNT ISD,TRADITIONAL ISD/CSD,American Indian or Alaska Nat,<10
2024-2025,20,KERR COUNTY,133902,HUNT ISD,TRADITIONAL ISD/CSD,Black or African American,<10
2024-2025,20,KERR COUNTY,133902,HUNT ISD,TRADITIONAL ISD/CSD,Hispanic/Latino,66
2024-2025,20,KERR COUNTY,133902,HUNT ISD,TRADITIONAL ISD/CSD,Native Hawaiian/Other Pacific,<10
2024-2025,20,KERR COUNTY,133902,HUNT ISD,TRADITIONAL ISD/CSD,Two or more races,<10
2024-2025,20,KERR COUNTY,133902,HUNT ISD,TRADITIONAL ISD/CSD,White,120
2024-2025,7,ANGELINA COUNTY,3904,HUNTINGTON ISD,TRADITIONAL ISD/CSD,American Indian or Alaska Nat,<10
2024-2025,7,ANGELINA COUNTY,3904,HUNTINGTON ISD,TRADITIONAL ISD/CSD,Asian,<10
2024-2025,7,ANGELINA COUNTY,3904,HUNTINGTON ISD,TRADITIONAL ISD/CSD,Black or African American,51
2024-2025,7,ANGELINA COUNTY,3904,HUNTINGTON ISD,TRADITIONAL ISD/CSD,Hispanic/Latino,131
2024-2025,7,ANGELINA COUNTY,3904,HUNTINGTON ISD,TRADITIONAL ISD/CSD,Native Hawaiian/Other Pacific,<10
2024-2025,7,ANGELINA COUNTY,3904,HUNTINGTON ISD,TRADITIONAL ISD/CSD,Two or more races,48
2024-2025,7,ANGELINA COUNTY,3904,HUNTINGTON ISD,TRADITIONAL ISD/CSD,White,1327
2024-2025,6,WALKER COUNTY,236902,HUNTSVILLE ISD,TRADITIONAL ISD/CSD,American Indian or Alaska Nat,44
2024-2025,6,WALKER COUNTY,236902,HUNTSVILLE ISD,TRADITIONAL ISD/CSD,Asian,234
2024-2025,6,WALKER COUNTY,236902,HUNTSVILLE ISD,TRADITIONAL ISD/CSD,Black or African American,2431
2024-2025,6,WALKER COUNTY,236902,HUNTSVILLE ISD,TRADITIONAL ISD/CSD,Hispanic/Latino,4467
2024-2025,6,WALKER COUNTY,236902,HUNTSVILLE ISD,TRADITIONAL ISD/CSD,Native Hawaiian/Other Pacific,20
2024-2025,6,WALKER COUNTY,236902,HUNTSVILLE ISD,TRADITIONAL ISD/CSD,Two or more races,416
2024-2025,6,WALKER COUNTY,236902,HUNTSVILLE ISD,TRADITIONAL ISD/CSD,White,3348
2024-2025,11,TARRANT COUNTY,220916,HURST-EULESS-BEDFORD ISD,TRADITIONAL ISD/CSD,American Indian or Alaska Nat,54
2024-2025,11,TARRANT COUNTY,220916,HURST-EULESS-BEDFORD ISD,TRADITIONAL ISD/CSD,Asian,2267
2024-2025,11,TARRANT COUNTY,220916,HURST-EULESS-BEDFORD ISD,TRADITIONAL ISD/CSD,Black or African American,5009
2024-2025,11,TARRANT COUNTY,220916,HURST-EULESS-BEDFORD ISD,TRADITIONAL ISD/CSD,Hispanic/Latino,7475
2024-2025,11,TARRANT COUNTY,220916,HURST-EULESS-BEDFORD ISD,TRADITIONAL ISD/CSD,Native Hawaiian/Other Pacific,598
2024-2025,11,TARRANT COUNTY,220916,HURST-EULESS-BEDFORD ISD,TRADITIONAL ISD/CSD,Two or more races,1497
2024-2025,11,TARRANT COUNTY,220916,HURST-EULESS-BEDFORD ISD,TRADITIONAL ISD/CSD,White,6362
2024-2025,13,WILLIAMSON COUNTY,246906,HUTTO ISD,TRADITIONAL ISD/CSD,American Indian or Alaska Nat,49
2024-2025,13,WILLIAMSON COUNTY,246906,HUTTO ISD,TRADITIONAL ISD/CSD,Asian,455
2024-2025,13,WILLIAMSON COUNTY,246906,HUTTO ISD,TRADITIONAL ISD/CSD,Black or African American,1482
2024-2025,13,WILLIAMSON COUNTY,246906,HUTTO ISD,TRADITIONAL ISD/CSD,Hispanic/Latino,5062
2024-2025,13,WILLIAMSON COUNTY,246906,HUTTO ISD,TRADITIONAL ISD/CSD,Native Hawaiian/Other Pacific,18
2024-2025,13,WILLIAMSON COUNTY,246906,HUTTO ISD,TRADITIONAL ISD/CSD,Two or more races,695
2024-2025,13,WILLIAMSON COUNTY,246906,HUTTO ISD,TRADITIONAL ISD/CSD,White,2927
2024-2025,17,LUBBOCK COUNTY,152910,IDALOU ISD,TRADITIONAL ISD/CSD,American Indian or Alaska Nat,<10
2024-2025,17,LUBBOCK COUNTY,152910,IDALOU ISD,TRADITIONAL ISD/CSD,Asian,<10
2024-2025,17,LUBBOCK COUNTY,152910,IDALOU ISD,TRADITIONAL ISD/CSD,Black or African American,<10
2024-2025,17,LUBBOCK COUNTY,152910,IDALOU ISD,TRADITIONAL ISD/CSD,Hispanic/Latino,378
2024-2025,17,LUBBOCK COUNTY,152910,IDALOU ISD,TRADITIONAL ISD/CSD,Native Hawaiian/Other Pacific,<10
2024-2025,17,LUBBOCK COUNTY,152910,IDALOU ISD,TRADITIONAL ISD/CSD,Two or more races,11
2024-2025,17,LUBBOCK COUNTY,152910,IDALOU ISD,TRADITIONAL ISD/CSD,White,593
2024-2025,1,HIDALGO COUNTY,108807,IDEA PUBLIC SCHOOLS,OPEN ENROLLMENT CHARTER,American Indian or Alaska Nat,104
2024-2025,1,HIDALGO COUNTY,108807,IDEA PUBLIC SCHOOLS,OPEN ENROLLMENT CHARTER,Asian,869
2024-2025,1,HIDALGO COUNTY,108807,IDEA PUBLIC SCHOOLS,OPEN ENROLLMENT CHARTER,Black or African American,6093
2024-2025,1,HIDALGO COUNTY,108807,IDEA PUBLIC SCHOOLS,OPEN ENROLLMENT CHARTER,Hispanic/Latino,67683
2024-2025,1,HIDALGO COUNTY,108807,IDEA PUBLIC SCHOOLS,OPEN ENROLLMENT CHARTER,Native Hawaiian/Other Pacific,124
2024-2025,1,HIDALGO COUNTY,108807,IDEA PUBLIC SCHOOLS,OPEN ENROLLMENT CHARTER,Two or more races,420
2024-2025,1,HIDALGO COUNTY,108807,IDEA PUBLIC SCHOOLS,OPEN ENROLLMENT CHARTER,White,4137
2024-2025,10,COLLIN COUNTY,43801,IMAGINE INTERNATIONAL ACADEMY OF NORTH TEXAS,OPEN ENROLLMENT CHARTER,American Indian or Alaska Nat,<10
2024-2025,10,COLLIN COUNTY,43801,IMAGINE INTERNATIONAL ACADEMY OF NORTH TEXAS,OPEN ENROLLMENT CHARTER,Asian,766
2024-2025,10,COLLIN COUNTY,43801,IMAGINE INTERNATIONAL ACADEMY OF NORTH TEXAS,OPEN ENROLLMENT CHARTER,Black or African American,205
2024-2025,10,COLLIN COUNTY,43801,IMAGINE INTERNATIONAL ACADEMY OF NORTH TEXAS,OPEN ENROLLMENT CHARTER,Hispanic/Latino,173
2024-2025,10,COLLIN COUNTY,43801,IMAGINE INTERNATIONAL ACADEMY OF NORTH TEXAS,OPEN ENROLLMENT CHARTER,Native Hawaiian/Other Pacific,<10
2024-2025,10,COLLIN COUNTY,43801,IMAGINE INTERNATIONAL ACADEMY OF NORTH TEXAS,OPEN ENROLLMENT CHARTER,Two or more races,56
2024-2025,10,COLLIN COUNTY,43801,IMAGINE INTERNATIONAL ACADEMY OF NORTH TEXAS,OPEN ENROLLMENT CHARTER,White,237
2024-2025,10,COLLIN COUNTY,43802,IMAGINE LONE STAR INTERNATIONAL ACADEMY,OPEN ENROLLMENT CHARTER,American Indian or Alaska Nat,<10
2024-2025,10,COLLIN COUNTY,43802,IMAGINE LONE STAR INTERNATIONAL ACADEMY,OPEN ENROLLMENT CHARTER,Asian,180
2024-2025,10,COLLIN COUNTY,43802,IMAGINE LONE STAR INTERNATIONAL ACADEMY,OPEN ENROLLMENT CHARTER,Black or African American,20
2024-2025,10,COLLIN COUNTY,43802,IMAGINE LONE STAR INTERNATIONAL ACADEMY,OPEN ENROLLMENT CHARTER,Hispanic/Latino,16
2024-2025,10,COLLIN COUNTY,43802,IMAGINE LONE STAR INTERNATIONAL ACADEMY,OPEN ENROLLMENT CHARTER,Two or more races,<20
2024-2025,10,COLLIN COUNTY,43802,IMAGINE LONE STAR INTERNATIONAL ACADEMY,OPEN ENROLLMENT CHARTER,White,43
2024-2025,3,JACKSON COUNTY,120905,INDUSTRIAL ISD,TRADITIONAL ISD/CSD,American Indian or Alaska Nat,<10
2024-2025,3,JACKSON COUNTY,120905,INDUSTRIAL ISD,TRADITIONAL ISD/CSD,Black or African American,<10
2024-2025,3,JACKSON COUNTY,120905,INDUSTRIAL ISD,TRADITIONAL ISD/CSD,Hispanic/Latino,360
2024-2025,3,JACKSON COUNTY,120905,INDUSTRIAL ISD,TRADITIONAL ISD/CSD,Two or more races,18
2024-2025,3,JACKSON COUNTY,120905,INDUSTRIAL ISD,TRADITIONAL ISD/CSD,White,767
2024-2025,2,SAN PATRICIO COUNTY,205903,INGLESIDE ISD,TRADITIONAL ISD/CSD,American Indian or Alaska Nat,11
2024-2025,2,SAN PATRICIO COUNTY,205903,INGLESIDE ISD,TRADITIONAL ISD/CSD,Asian,16
2024-2025,2,SAN PATRICIO COUNTY,205903,INGLESIDE ISD,TRADITIONAL ISD/CSD,Black or African American,27
2024-2025,2,SAN PATRICIO COUNTY,205903,INGLESIDE ISD,TRADITIONAL ISD/CSD,Hispanic/Latino,1140
2024-2025,2,SAN PATRICIO COUNTY,205903,INGLESIDE ISD,TRADITIONAL ISD/CSD,Two or more races,38
2024-2025,2,SAN PATRICIO COUNTY,205903,INGLESIDE ISD,TRADITIONAL ISD/CSD,White,839
2024-2025,20,KERR COUNTY,133904,INGRAM ISD,TRADITIONAL ISD/CSD,American Indian or Alaska Nat,<10
2024-2025,20,KERR COUNTY,133904,INGRAM ISD,TRADITIONAL ISD/CSD,Asian,<10
2024-2025,20,KERR COUNTY,133904,INGRAM ISD,TRADITIONAL ISD/CSD,Black or African American,<10
2024-2025,20,KERR COUNTY,133904,INGRAM ISD,TRADITIONAL ISD/CSD,Hispanic/Latino,636
2024-2025,20,KERR COUNTY,133904,INGRAM ISD,TRADITIONAL ISD/CSD,Two or more races,28
2024-2025,20,KERR COUNTY,133904,INGRAM ISD,TRADITIONAL ISD/CSD,White,672
2024-2025,20,BEXAR COUNTY,15808,INSPIRE ACADEMIES,OPEN ENROLLMENT CHARTER,American Indian or Alaska Nat,<10
2024-2025,20,BEXAR COUNTY,15808,INSPIRE ACADEMIES,OPEN ENROLLMENT CHARTER,Asian,<10
2024-2025,20,BEXAR COUNTY,15808,INSPIRE ACADEMIES,OPEN ENROLLMENT CHARTER,Black or African American,84
2024-2025,20,BEXAR COUNTY,15808,INSPIRE ACADEMIES,OPEN ENROLLMENT CHARTER,Hispanic/Latino,419
2024-2025,20,BEXAR COUNTY,15808,INSPIRE ACADEMIES,OPEN ENROLLMENT CHARTER,Two or more races,37
2024-2025,20,BEXAR COUNTY,15808,INSPIRE ACADEMIES,OPEN ENROLLMENT CHARTER,White,256
2024-2025,10,DALLAS COUNTY,57830,INSPIRED VISION ACADEMY,OPEN ENROLLMENT CHARTER,Black or African American,46
2024-2025,10,DALLAS COUNTY,57830,INSPIRED VISION ACADEMY,OPEN ENROLLMENT CHARTER,Hispanic/Latino,1061
2024-2025,10,DALLAS COUNTY,57830,INSPIRED VISION ACADEMY,OPEN ENROLLMENT CHARTER,Two or more races,<10
2024-2025,10,DALLAS COUNTY,57830,INSPIRED VISION ACADEMY,OPEN ENROLLMENT CHARTER,White,<30
2024-2025,10,DALLAS COUNTY,57848,INTERNATIONAL LEADERSHIP OF TEXAS (ILTEXAS),OPEN ENROLLMENT CHARTER,American Indian or Alaska Nat,108
2024-2025,10,DALLAS COUNTY,57848,INTERNATIONAL LEADERSHIP OF TEXAS (ILTEXAS),OPEN ENROLLMENT CHARTER,Asian,1253
2024-2025,10,DALLAS COUNTY,57848,INTERNATIONAL LEADERSHIP OF TEXAS (ILTEXAS),OPEN ENROLLMENT CHARTER,Black or African American,6381
2024-2025,10,DALLAS COUNTY,57848,INTERNATIONAL LEADERSHIP OF TEXAS (ILTEXAS),OPEN ENROLLMENT CHARTER,Hispanic/Latino,15057
2024-2025,10,DALLAS COUNTY,57848,INTERNATIONAL LEADERSHIP OF TEXAS (ILTEXAS),OPEN ENROLLMENT CHARTER,Native Hawaiian/Other Pacific,28
2024-2025,10,DALLAS COUNTY,57848,INTERNATIONAL LEADERSHIP OF TEXAS (ILTEXAS),OPEN ENROLLMENT CHARTER,Two or more races,779
2024-2025,10,DALLAS COUNTY,57848,INTERNATIONAL LEADERSHIP OF TEXAS (ILTEXAS),OPEN ENROLLMENT CHARTER,White,1891
2024-2025,6,GRIMES COUNTY,93903,IOLA ISD,TRADITIONAL ISD/CSD,Asian,<10
2024-2025,6,GRIMES COUNTY,93903,IOLA ISD,TRADITIONAL ISD/CSD,Black or African American,<10
2024-2025,6,GRIMES COUNTY,93903,IOLA ISD,TRADITIONAL ISD/CSD,Hispanic/Latino,118
2024-2025,6,GRIMES COUNTY,93903,IOLA ISD,TRADITIONAL ISD/CSD,Two or more races,24
2024-2025,6,GRIMES COUNTY,93903,IOLA ISD,TRADITIONAL ISD/CSD,White,474
2024-2025,9,WICHITA COUNTY,243903,IOWA PARK CISD,TRADITIONAL ISD/CSD,American Indian or Alaska Nat,<10
2024-2025,9,WICHITA COUNTY,243903,IOWA PARK CISD,TRADITIONAL ISD/CSD,Asian,<10
2024-2025,9,WICHITA COUNTY,243903,IOWA PARK CISD,TRADITIONAL ISD/CSD,Black or African American,<10
2024-2025,9,WICHITA COUNTY,243903,IOWA PARK CISD,TRADITIONAL ISD/CSD,Hispanic/Latino,236
2024-2025,9,WICHITA COUNTY,243903,IOWA PARK CISD,TRADITIONAL ISD/CSD,Native Hawaiian/Other Pacific,<10
2024-2025,9,WICHITA COUNTY,243903,IOWA PARK CISD,TRADITIONAL ISD/CSD,Two or more races,60
2024-2025,9,WICHITA COUNTY,243903,IOWA PARK CISD,TRADITIONAL ISD/CSD,White,1589
2024-2025,14,SCURRY COUNTY,208903,IRA ISD,TRADITIONAL ISD/CSD,Hispanic/Latino,<80
2024-2025,14,SCURRY COUNTY,208903,IRA ISD,TRADITIONAL ISD/CSD,Two or more races,<10
2024-2025,14,SCURRY COUNTY,208903,IRA ISD,TRADITIONAL ISD/CSD,White,206
2024-2025,18,PECOS COUNTY,186903,IRAAN-SHEFFIELD COLLEGIATE ISD,TRADITIONAL ISD/CSD,Asian,<10
2024-2025,18,PECOS COUNTY,186903,IRAAN-SHEFFIELD COLLEGIATE ISD,TRADITIONAL ISD/CSD,Black or African American,<10
2024-2025,18,PECOS COUNTY,186903,IRAAN-SHEFFIELD COLLEGIATE ISD,TRADITIONAL ISD/CSD,Hispanic/Latino,218
2024-2025,18,PECOS COUNTY,186903,IRAAN-SHEFFIELD COLLEGIATE ISD,TRADITIONAL ISD/CSD,Two or more races,<10
2024-2025,18,PECOS COUNTY,186903,IRAAN-SHEFFIELD COLLEGIATE ISD,TRADITIONAL ISD/CSD,White,105
2024-2025,12,BOSQUE COUNTY,18906,IREDELL ISD,TRADITIONAL ISD/CSD,Hispanic/Latino,51
2024-2025,12,BOSQUE COUNTY,18906,IREDELL ISD,TRADITIONAL ISD/CSD,White,93
2024-2025,15,IRION COUNTY,118902,IRION COUNTY ISD,TRADITIONAL ISD/CSD,Hispanic/Latino,<100
2024-2025,15,IRION COUNTY,118902,IRION COUNTY ISD,TRADITIONAL ISD/CSD,Two or more races,<10
2024-2025,15,IRION COUNTY,118902,IRION COUNTY ISD,TRADITIONAL ISD/CSD,White,239
2024-2025,10,DALLAS COUNTY,57912,IRVING ISD,TRADITIONAL ISD/CSD,American Indian or Alaska Nat,697
2024-2025,10,DALLAS COUNTY,57912,IRVING ISD,TRADITIONAL ISD/CSD,Asian,942
2024-2025,10,DALLAS COUNTY,57912,IRVING ISD,TRADITIONAL ISD/CSD,Black or African American,3013
2024-2025,10,DALLAS COUNTY,57912,IRVING ISD,TRADITIONAL ISD/CSD,Hispanic/Latino,23579
2024-2025,10,DALLAS COUNTY,57912,IRVING ISD,TRADITIONAL ISD/CSD,Native Hawaiian/Other Pacific,46
2024-2025,10,DALLAS COUNTY,57912,IRVING ISD,TRADITIONAL ISD/CSD,Two or more races,332
2024-2025,10,DALLAS COUNTY,57912,IRVING ISD,TRADITIONAL ISD/CSD,White,2158
2024-2025,10,ELLIS COUNTY,70907,ITALY ISD,TRADITIONAL ISD/CSD,American Indian or Alaska Nat,<10
2024-2025,10,ELLIS COUNTY,70907,ITALY ISD,TRADITIONAL ISD/CSD,Asian,<10
2024-2025,10,ELLIS COUNTY,70907,ITALY ISD,TRADITIONAL ISD/CSD,Black or African American,59
2024-2025,10,ELLIS COUNTY,70907,ITALY ISD,TRADITIONAL ISD/CSD,Hispanic/Latino,196
2024-2025,10,ELLIS COUNTY,70907,ITALY ISD,TRADITIONAL ISD/CSD,Native Hawaiian/Other Pacific,<10
2024-2025,10,ELLIS COUNTY,70907,ITALY ISD,TRADITIONAL ISD/CSD,Two or more races,19
2024-2025,10,ELLIS COUNTY,70907,ITALY ISD,TRADITIONAL ISD/CSD,White,315
2024-2025,12,HILL COUNTY,109907,ITASCA ISD,TRADITIONAL ISD/CSD,Asian,<10
2024-2025,12,HILL COUNTY,109907,ITASCA ISD,TRADITIONAL ISD/CSD,Black or African American,35
2024-2025,12,HILL COUNTY,109907,ITASCA ISD,TRADITIONAL ISD/CSD,Hispanic/Latino,358
2024-2025,12,HILL COUNTY,109907,ITASCA ISD,TRADITIONAL ISD/CSD,Native Hawaiian/Other Pacific,<10
2024-2025,12,HILL COUNTY,109907,ITASCA ISD,TRADITIONAL ISD/CSD,Two or more races,19
2024-2025,12,HILL COUNTY,109907,ITASCA ISD,TRADITIONAL ISD/CSD,White,223
2024-2025,9,JACK COUNTY,119902,JACKSBORO ISD,TRADITIONAL ISD/CSD,American Indian or Alaska Nat,12
2024-2025,9,JACK COUNTY,119902,JACKSBORO ISD,TRADITIONAL ISD/CSD,Asian,<10
2024-2025,9,JACK COUNTY,119902,JACKSBORO ISD,TRADITIONAL ISD/CSD,Black or African American,<10
2024-2025,9,JACK COUNTY,119902,JACKSBORO ISD,TRADITIONAL ISD/CSD,Hispanic/Latino,355
2024-2025,9,JACK COUNTY,119902,JACKSBORO ISD,TRADITIONAL ISD/CSD,Native Hawaiian/Other Pacific,<10
2024-2025,9,JACK COUNTY,119902,JACKSBORO ISD,TRADITIONAL ISD/CSD,Two or more races,18
2024-2025,9,JACK COUNTY,119902,JACKSBORO ISD,TRADITIONAL ISD/CSD,White,628
2024-2025,7,CHEROKEE COUNTY,37904,JACKSONVILLE ISD,TRADITIONAL ISD/CSD,American Indian or Alaska Nat,50
2024-2025,7,CHEROKEE COUNTY,37904,JACKSONVILLE ISD,TRADITIONAL ISD/CSD,Asian,<30
2024-2025,7,CHEROKEE COUNTY,37904,JACKSONVILLE ISD,TRADITIONAL ISD/CSD,Black or African American,713
2024-2025,7,CHEROKEE COUNTY,37904,JACKSONVILLE ISD,TRADITIONAL ISD/CSD,Hispanic/Latino,2601
2024-2025,7,CHEROKEE COUNTY,37904,JACKSONVILLE ISD,TRADITIONAL ISD/CSD,Native Hawaiian/Other Pacific,<10
2024-2025,7,CHEROKEE COUNTY,37904,JACKSONVILLE ISD,TRADITIONAL ISD/CSD,Two or more races,145
2024-2025,7,CHEROKEE COUNTY,37904,JACKSONVILLE ISD,TRADITIONAL ISD/CSD,White,1164
2024-2025,13,WILLIAMSON COUNTY,246907,JARRELL ISD,TRADITIONAL ISD/CSD,American Indian or Alaska Nat,16
2024-2025,13,WILLIAMSON COUNTY,246907,JARRELL ISD,TRADITIONAL ISD/CSD,Asian,59
2024-2025,13,WILLIAMSON COUNTY,246907,JARRELL ISD,TRADITIONAL ISD/CSD,Black or African American,372
2024-2025,13,WILLIAMSON COUNTY,246907,JARRELL ISD,TRADITIONAL ISD/CSD,Hispanic/Latino,2476
2024-2025,13,WILLIAMSON COUNTY,246907,JARRELL ISD,TRADITIONAL ISD/CSD,Native Hawaiian/Other Pacific,15
2024-2025,13,WILLIAMSON COUNTY,246907,JARRELL ISD,TRADITIONAL ISD/CSD,Two or more races,228
2024-2025,13,WILLIAMSON COUNTY,246907,JARRELL ISD,TRADITIONAL ISD/CSD,White,991
2024-2025,5,JASPER COUNTY,121904,JASPER ISD,TRADITIONAL ISD/CSD,American Indian or Alaska Nat,<10
2024-2025,5,JASPER COUNTY,121904,JASPER ISD,TRADITIONAL ISD/CSD,Asian,<10
2024-2025,5,JASPER COUNTY,121904,JASPER ISD,TRADITIONAL ISD/CSD,Black or African American,866
2024-2025,5,JASPER COUNTY,121904,JASPER ISD,TRADITIONAL ISD/CSD,Hispanic/Latino,396
2024-2025,5,JASPER COUNTY,121904,JASPER ISD,TRADITIONAL ISD/CSD,Native Hawaiian/Other Pacific,<10
2024-2025,5,JASPER COUNTY,121904,JASPER ISD,TRADITIONAL ISD/CSD,Two or more races,124
2024-2025,5,JASPER COUNTY,121904,JASPER ISD,TRADITIONAL ISD/CSD,White,671
2024-2025,17,KENT COUNTY,132902,JAYTON-GIRARD ISD,TRADITIONAL ISD/CSD,Hispanic/Latino,<40
2024-2025,17,KENT COUNTY,132902,JAYTON-GIRARD ISD,TRADITIONAL ISD/CSD,Two or more races,<10
2024-2025,17,KENT COUNTY,132902,JAYTON-GIRARD ISD,TRADITIONAL ISD/CSD,White,126
2024-2025,10,DALLAS COUNTY,57819,JEAN MASSIEU ACADEMY,OPEN ENROLLMENT CHARTER,American Indian or Alaska Nat,<10
2024-2025,10,DALLAS COUNTY,57819,JEAN MASSIEU ACADEMY,OPEN ENROLLMENT CHARTER,Black or African American,<10
2024-2025,10,DALLAS COUNTY,57819,JEAN MASSIEU ACADEMY,OPEN ENROLLMENT CHARTER,Hispanic/Latino,167
2024-2025,10,DALLAS COUNTY,57819,JEAN MASSIEU ACADEMY,OPEN ENROLLMENT CHARTER,White,<10
2024-2025,8,MARION COUNTY,155901,JEFFERSON ISD,TRADITIONAL ISD/CSD,American Indian or Alaska Nat,<10
2024-2025,8,MARION COUNTY,155901,JEFFERSON ISD,TRADITIONAL ISD/CSD,Asian,<10
2024-2025,8,MARION COUNTY,155901,JEFFERSON ISD,TRADITIONAL ISD/CSD,Black or African American,341
2024-2025,8,MARION COUNTY,155901,JEFFERSON ISD,TRADITIONAL ISD/CSD,Hispanic/Latino,76
2024-2025,8,MARION COUNTY,155901,JEFFERSON ISD,TRADITIONAL ISD/CSD,Two or more races,66
2024-2025,8,MARION COUNTY,155901,JEFFERSON ISD,TRADITIONAL ISD/CSD,White,630
2024-2025,1,JIM HOGG COUNTY,124901,JIM HOGG COUNTY ISD,TRADITIONAL ISD/CSD,American Indian or Alaska Nat,<10
2024-2025,1,JIM HOGG COUNTY,124901,JIM HOGG COUNTY ISD,TRADITIONAL ISD/CSD,Asian,<10
2024-2025,1,JIM HOGG COUNTY,124901,JIM HOGG COUNTY ISD,TRADITIONAL ISD/CSD,Black or African American,<10
2024-2025,1,JIM HOGG COUNTY,124901,JIM HOGG COUNTY ISD,TRADITIONAL ISD/CSD,Hispanic/Latino,927
2024-2025,1,JIM HOGG COUNTY,124901,JIM HOGG COUNTY ISD,TRADITIONAL ISD/CSD,Native Hawaiian/Other Pacific,<10
2024-2025,1,JIM HOGG COUNTY,124901,JIM HOGG COUNTY ISD,TRADITIONAL ISD/CSD,Two or more races,<10
2024-2025,1,JIM HOGG COUNTY,124901,JIM HOGG COUNTY ISD,TRADITIONAL ISD/CSD,White,23
2024-2025,14,TAYLOR COUNTY,221911,JIM NED CISD,TRADITIONAL ISD/CSD,American Indian or Alaska Nat,<10
2024-2025,14,TAYLOR COUNTY,221911,JIM NED CISD,TRADITIONAL ISD/CSD,Asian,<10
2024-2025,14,TAYLOR COUNTY,221911,JIM NED CISD,TRADITIONAL ISD/CSD,Black or African American,18
2024-2025,14,TAYLOR COUNTY,221911,JIM NED CISD,TRADITIONAL ISD/CSD,Hispanic/Latino,248
2024-2025,14,TAYLOR COUNTY,221911,JIM NED CISD,TRADITIONAL ISD/CSD,Native Hawaiian/Other Pacific,<10
2024-2025,14,TAYLOR COUNTY,221911,JIM NED CISD,TRADITIONAL ISD/CSD,Two or more races,51
2024-2025,14,TAYLOR COUNTY,221911,JIM NED CISD,TRADITIONAL ISD/CSD,White,1310
2024-2025,7,SHELBY COUNTY,210902,JOAQUIN ISD,TRADITIONAL ISD/CSD,American Indian or Alaska Nat,<10
2024-2025,7,SHELBY COUNTY,210902,JOAQUIN ISD,TRADITIONAL ISD/CSD,Asian,<10
2024-2025,7,SHELBY COUNTY,210902,JOAQUIN ISD,TRADITIONAL ISD/CSD,Black or African American,28
2024-2025,7,SHELBY COUNTY,210902,JOAQUIN ISD,TRADITIONAL ISD/CSD,Hispanic/Latino,97
2024-2025,7,SHELBY COUNTY,210902,JOAQUIN ISD,TRADITIONAL ISD/CSD,Two or more races,21
2024-2025,7,SHELBY COUNTY,210902,JOAQUIN ISD,TRADITIONAL ISD/CSD,White,562
2024-2025,13,BLANCO COUNTY,16901,JOHNSON CITY ISD,TRADITIONAL ISD/CSD,Asian,<10
2024-2025,13,BLANCO COUNTY,16901,JOHNSON CITY ISD,TRADITIONAL ISD/CSD,Hispanic/Latino,199
2024-2025,13,BLANCO COUNTY,16901,JOHNSON CITY ISD,TRADITIONAL ISD/CSD,Two or more races,<20
2024-2025,13,BLANCO COUNTY,16901,JOHNSON CITY ISD,TRADITIONAL ISD/CSD,White,486
2024-2025,12,CORYELL COUNTY,50909,JONESBORO ISD,TRADITIONAL ISD/CSD,Black or African American,<10
2024-2025,12,CORYELL COUNTY,50909,JONESBORO ISD,TRADITIONAL ISD/CSD,Hispanic/Latino,23
2024-2025,12,CORYELL COUNTY,50909,JONESBORO ISD,TRADITIONAL ISD/CSD,Two or more races,<20
2024-2025,12,CORYELL COUNTY,50909,JONESBORO ISD,TRADITIONAL ISD/CSD,White,300
2024-2025,11,JOHNSON COUNTY,126905,JOSHUA ISD,TRADITIONAL ISD/CSD,American Indian or Alaska Nat,30
2024-2025,11,JOHNSON COUNTY,126905,JOSHUA ISD,TRADITIONAL ISD/CSD,Asian,58
2024-2025,11,JOHNSON COUNTY,126905,JOSHUA ISD,TRADITIONAL ISD/CSD,Black or African American,154
2024-2025,11,JOHNSON COUNTY,126905,JOSHUA ISD,TRADITIONAL ISD/CSD,Hispanic/Latino,2262
2024-2025,11,JOHNSON COUNTY,126905,JOSHUA ISD,TRADITIONAL ISD/CSD,Native Hawaiian/Other Pacific,11
2024-2025,11,JOHNSON COUNTY,126905,JOSHUA ISD,TRADITIONAL ISD/CSD,Two or more races,144
2024-2025,11,JOHNSON COUNTY,126905,JOSHUA ISD,TRADITIONAL ISD/CSD,White,3367
2024-2025,20,ATASCOSA COUNTY,7902,JOURDANTON ISD,TRADITIONAL ISD/CSD,American Indian or Alaska Nat,<10
2024-2025,20,ATASCOSA COUNTY,7902,JOURDANTON ISD,TRADITIONAL ISD/CSD,Asian,<10
2024-2025,20,ATASCOSA COUNTY,7902,JOURDANTON ISD,TRADITIONAL ISD/CSD,Black or African American,15
2024-2025,20,ATASCOSA COUNTY,7902,JOURDANTON ISD,TRADITIONAL ISD/CSD,Hispanic/Latino,967
2024-2025,20,ATASCOSA COUNTY,7902,JOURDANTON ISD,TRADITIONAL ISD/CSD,Two or more races,21
2024-2025,20,ATASCOSA COUNTY,7902,JOURDANTON ISD,TRADITIONAL ISD/CSD,White,541
2024-2025,20,BEXAR COUNTY,15822,JUBILEE ACADEMIES,OPEN ENROLLMENT CHARTER,American Indian or Alaska Nat,26
2024-2025,20,BEXAR COUNTY,15822,JUBILEE ACADEMIES,OPEN ENROLLMENT CHARTER,Asian,26
2024-2025,20,BEXAR COUNTY,15822,JUBILEE ACADEMIES,OPEN ENROLLMENT CHARTER,Black or African American,94
2024-2025,20,BEXAR COUNTY,15822,JUBILEE ACADEMIES,OPEN ENROLLMENT CHARTER,Hispanic/Latino,4784
2024-2025,20,BEXAR COUNTY,15822,JUBILEE ACADEMIES,OPEN ENROLLMENT CHARTER,Two or more races,35
2024-2025,20,BEXAR COUNTY,15822,JUBILEE ACADEMIES,OPEN ENROLLMENT CHARTER,White,175
2024-2025,20,BEXAR COUNTY,15916,JUDSON ISD,TRADITIONAL ISD/CSD,American Indian or Alaska Nat,49
2024-2025,20,BEXAR COUNTY,15916,JUDSON ISD,TRADITIONAL ISD/CSD,Asian,457
2024-2025,20,BEXAR COUNTY,15916,JUDSON ISD,TRADITIONAL ISD/CSD,Black or African American,5000
2024-2025,20,BEXAR COUNTY,15916,JUDSON ISD,TRADITIONAL ISD/CSD,Hispanic/Latino,14063
2024-2025,20,BEXAR COUNTY,15916,JUDSON ISD,TRADITIONAL ISD/CSD,Native Hawaiian/Other Pacific,92
2024-2025,20,BEXAR COUNTY,15916,JUDSON ISD,TRADITIONAL ISD/CSD,Two or more races,1047
2024-2025,20,BEXAR COUNTY,15916,JUDSON ISD,TRADITIONAL ISD/CSD,White,2831
2024-2025,15,KIMBLE COUNTY,134901,JUNCTION ISD,TRADITIONAL ISD/CSD,Asian,<10
2024-2025,15,KIMBLE COUNTY,134901,JUNCTION ISD,TRADITIONAL ISD/CSD,Black or African American,<10
2024-2025,15,KIMBLE COUNTY,134901,JUNCTION ISD,TRADITIONAL ISD/CSD,Hispanic/Latino,237
2024-2025,15,KIMBLE COUNTY,134901,JUNCTION ISD,TRADITIONAL ISD/CSD,Two or more races,14
2024-2025,15,KIMBLE COUNTY,134901,JUNCTION ISD,TRADITIONAL ISD/CSD,White,334
2024-2025,7,HARRISON COUNTY,102901,KARNACK ISD,TRADITIONAL ISD/CSD,Black or African American,45
2024-2025,7,HARRISON COUNTY,102901,KARNACK ISD,TRADITIONAL ISD/CSD,Hispanic/Latino,<20
2024-2025,7,HARRISON COUNTY,102901,KARNACK ISD,TRADITIONAL ISD/CSD,Two or more races,<10
2024-2025,7,HARRISON COUNTY,102901,KARNACK ISD,TRADITIONAL ISD/CSD,White,53
2024-2025,20,KARNES COUNTY,128901,KARNES CITY ISD,TRADITIONAL ISD/CSD,American Indian or Alaska Nat,<10
2024-2025,20,KARNES COUNTY,128901,KARNES CITY ISD,TRADITIONAL ISD/CSD,Asian,<10
2024-2025,20,KARNES COUNTY,128901,KARNES CITY ISD,TRADITIONAL ISD/CSD,Black or African American,14
2024-2025,20,KARNES COUNTY,128901,KARNES CITY ISD,TRADITIONAL ISD/CSD,Hispanic/Latino,817
2024-2025,20,KARNES COUNTY,128901,KARNES CITY ISD,TRADITIONAL ISD/CSD,Native Hawaiian/Other Pacific,<10
2024-2025,20,KARNES COUNTY,128901,KARNES CITY ISD,TRADITIONAL ISD/CSD,Two or more races,13
2024-2025,20,KARNES COUNTY,128901,KARNES CITY ISD,TRADITIONAL ISD/CSD,White,168
2024-2025,13,HAYS COUNTY,105801,KATHERINE ANNE PORTER SCHOOL,OPEN ENROLLMENT CHARTER,Hispanic/Latino,<30
2024-2025,13,HAYS COUNTY,105801,KATHERINE ANNE PORTER SCHOOL,OPEN ENROLLMENT CHARTER,Two or more races,<10
2024-2025,13,HAYS COUNTY,105801,KATHERINE ANNE PORTER SCHOOL,OPEN ENROLLMENT CHARTER,White,69
2024-2025,4,HARRIS COUNTY,101914,KATY ISD,TRADITIONAL ISD/CSD,American Indian or Alaska Nat,205
2024-2025,4,HARRIS COUNTY,101914,KATY ISD,TRADITIONAL ISD/CSD,Asian,17062
2024-2025,4,HARRIS COUNTY,101914,KATY ISD,TRADITIONAL ISD/CSD,Black or African American,14855
2024-2025,4,HARRIS COUNTY,101914,KATY ISD,TRADITIONAL ISD/CSD,Hispanic/Latino,34949
2024-2025,4,HARRIS COUNTY,101914,KATY ISD,TRADITIONAL ISD/CSD,Native Hawaiian/Other Pacific,105
2024-2025,4,HARRIS COUNTY,101914,KATY ISD,TRADITIONAL ISD/CSD,Two or more races,4494
2024-2025,4,HARRIS COUNTY,101914,KATY ISD,TRADITIONAL ISD/CSD,White,24441
2024-2025,10,KAUFMAN COUNTY,129903,KAUFMAN ISD,TRADITIONAL ISD/CSD,American Indian or Alaska Nat,<20
2024-2025,10,KAUFMAN COUNTY,129903,KAUFMAN ISD,TRADITIONAL ISD/CSD,Asian,13
2024-2025,10,KAUFMAN COUNTY,129903,KAUFMAN ISD,TRADITIONAL ISD/CSD,Black or African American,196
2024-2025,10,KAUFMAN COUNTY,129903,KAUFMAN ISD,TRADITIONAL ISD/CSD,Hispanic/Latino,2553
2024-2025,10,KAUFMAN COUNTY,129903,KAUFMAN ISD,TRADITIONAL ISD/CSD,Native Hawaiian/Other Pacific,<10
2024-2025,10,KAUFMAN COUNTY,129903,KAUFMAN ISD,TRADITIONAL ISD/CSD,Two or more races,136
2024-2025,10,KAUFMAN COUNTY,129903,KAUFMAN ISD,TRADITIONAL ISD/CSD,White,1443
2024-2025,11,JOHNSON COUNTY,126906,KEENE ISD,TRADITIONAL ISD/CSD,American Indian or Alaska Nat,<10
2024-2025,11,JOHNSON COUNTY,126906,KEENE ISD,TRADITIONAL ISD/CSD,Asian,<10
2024-2025,11,JOHNSON COUNTY,126906,KEENE ISD,TRADITIONAL ISD/CSD,Black or African American,31
2024-2025,11,JOHNSON COUNTY,126906,KEENE ISD,TRADITIONAL ISD/CSD,Hispanic/Latino,421
2024-2025,11,JOHNSON COUNTY,126906,KEENE ISD,TRADITIONAL ISD/CSD,Native Hawaiian/Other Pacific,156
2024-2025,11,JOHNSON COUNTY,126906,KEENE ISD,TRADITIONAL ISD/CSD,Two or more races,44
2024-2025,11,JOHNSON COUNTY,126906,KEENE ISD,TRADITIONAL ISD/CSD,White,458
2024-2025,11,TARRANT COUNTY,220907,KELLER ISD,TRADITIONAL ISD/CSD,American Indian or Alaska Nat,44
2024-2025,11,TARRANT COUNTY,220907,KELLER ISD,TRADITIONAL ISD/CSD,Asian,3174
2024-2025,11,TARRANT COUNTY,220907,KELLER ISD,TRADITIONAL ISD/CSD,Black or African American,3679
2024-2025,11,TARRANT COUNTY,220907,KELLER ISD,TRADITIONAL ISD/CSD,Hispanic/Latino,8464
2024-2025,11,TARRANT COUNTY,220907,KELLER ISD,TRADITIONAL ISD/CSD,Native Hawaiian/Other Pacific,59
2024-2025,11,TARRANT COUNTY,220907,KELLER ISD,TRADITIONAL ISD/CSD,Two or more races,2634
2024-2025,11,TARRANT COUNTY,220907,KELLER ISD,TRADITIONAL ISD/CSD,White,13988
2024-2025,16,WHEELER COUNTY,242905,KELTON ISD,TRADITIONAL ISD/CSD,Asian,<10
2024-2025,16,WHEELER COUNTY,242905,KELTON ISD,TRADITIONAL ISD/CSD,Black or African American,<10
2024-2025,16,WHEELER COUNTY,242905,KELTON ISD,TRADITIONAL ISD/CSD,Hispanic/Latino,20
2024-2025,16,WHEELER COUNTY,242905,KELTON ISD,TRADITIONAL ISD/CSD,Two or more races,10
2024-2025,16,WHEELER COUNTY,242905,KELTON ISD,TRADITIONAL ISD/CSD,White,87
2024-2025,10,KAUFMAN COUNTY,129904,KEMP ISD,TRADITIONAL ISD/CSD,American Indian or Alaska Nat,<10
2024-2025,10,KAUFMAN COUNTY,129904,KEMP ISD,TRADITIONAL ISD/CSD,Asian,<10
2024-2025,10,KAUFMAN COUNTY,129904,KEMP ISD,TRADITIONAL ISD/CSD,Black or African American,36
2024-2025,10,KAUFMAN COUNTY,129904,KEMP ISD,TRADITIONAL ISD/CSD,Hispanic/Latino,909
2024-2025,10,KAUFMAN COUNTY,129904,KEMP ISD,TRADITIONAL ISD/CSD,Two or more races,70
2024-2025,10,KAUFMAN COUNTY,129904,KEMP ISD,TRADITIONAL ISD/CSD,White,961
2024-2025,2,KENEDY COUNTY,131001,KENEDY COUNTY WIDE CSD,TRADITIONAL ISD/CSD,Black or African American,<10
2024-2025,2,KENEDY COUNTY,131001,KENEDY COUNTY WIDE CSD,TRADITIONAL ISD/CSD,Hispanic/Latino,94
2024-2025,2,KENEDY COUNTY,131001,KENEDY COUNTY WIDE CSD,TRADITIONAL ISD/CSD,Two or more races,<10
2024-2025,2,KENEDY COUNTY,131001,KENEDY COUNTY WIDE CSD,TRADITIONAL ISD/CSD,White,28
2024-2025,3,KARNES COUNTY,128902,KENEDY ISD,TRADITIONAL ISD/CSD,Asian,<10
2024-2025,3,KARNES COUNTY,128902,KENEDY ISD,TRADITIONAL ISD/CSD,Black or African American,14
2024-2025,3,KARNES COUNTY,128902,KENEDY ISD,TRADITIONAL ISD/CSD,Hispanic/Latino,677
2024-2025,3,KARNES COUNTY,128902,KENEDY ISD,TRADITIONAL ISD/CSD,Two or more races,<10
2024-2025,3,KARNES COUNTY,128902,KENEDY ISD,TRADITIONAL ISD/CSD,White,56
2024-2025,6,HOUSTON COUNTY,113906,KENNARD ISD,TRADITIONAL ISD/CSD,Black or African American,45
2024-2025,6,HOUSTON COUNTY,113906,KENNARD ISD,TRADITIONAL ISD/CSD,Hispanic/Latino,19
2024-2025,6,HOUSTON COUNTY,113906,KENNARD ISD,TRADITIONAL ISD/CSD,Two or more races,15
2024-2025,6,HOUSTON COUNTY,113906,KENNARD ISD,TRADITIONAL ISD/CSD,White,196
2024-2025,11,TARRANT COUNTY,220914,KENNEDALE ISD,TRADITIONAL ISD/CSD,American Indian or Alaska Nat,<10
2024-2025,11,TARRANT COUNTY,220914,KENNEDALE ISD,TRADITIONAL ISD/CSD,Asian,101
2024-2025,11,TARRANT COUNTY,220914,KENNEDALE ISD,TRADITIONAL ISD/CSD,Black or African American,725
2024-2025,11,TARRANT COUNTY,220914,KENNEDALE ISD,TRADITIONAL ISD/CSD,Hispanic/Latino,891
2024-2025,11,TARRANT COUNTY,220914,KENNEDALE ISD,TRADITIONAL ISD/CSD,Native Hawaiian/Other Pacific,<10
2024-2025,11,TARRANT COUNTY,220914,KENNEDALE ISD,TRADITIONAL ISD/CSD,Two or more races,171
2024-2025,11,TARRANT COUNTY,220914,KENNEDALE ISD,TRADITIONAL ISD/CSD,White,858
2024-2025,12,NAVARRO COUNTY,175907,KERENS ISD,TRADITIONAL ISD/CSD,Asian,<10
2024-2025,12,NAVARRO COUNTY,175907,KERENS ISD,TRADITIONAL ISD/CSD,Black or African American,101
2024-2025,12,NAVARRO COUNTY,175907,KERENS ISD,TRADITIONAL ISD/CSD,Hispanic/Latino,257
2024-2025,12,NAVARRO COUNTY,175907,KERENS ISD,TRADITIONAL ISD/CSD,Native Hawaiian/Other Pacific,<10
2024-2025,12,NAVARRO COUNTY,175907,KERENS ISD,TRADITIONAL ISD/CSD,Two or more races,64
2024-2025,12,NAVARRO COUNTY,175907,KERENS ISD,TRADITIONAL ISD/CSD,White,227
2024-2025,18,WINKLER COUNTY,248901,KERMIT ISD,TRADITIONAL ISD/CSD,American Indian or Alaska Nat,<10
2024-2025,18,WINKLER COUNTY,248901,KERMIT ISD,TRADITIONAL ISD/CSD,Asian,<10
2024-2025,18,WINKLER COUNTY,248901,KERMIT ISD,TRADITIONAL ISD/CSD,Black or African American,12
2024-2025,18,WINKLER COUNTY,248901,KERMIT ISD,TRADITIONAL ISD/CSD,Hispanic/Latino,1136
2024-2025,18,WINKLER COUNTY,248901,KERMIT ISD,TRADITIONAL ISD/CSD,Two or more races,10
2024-2025,18,WINKLER COUNTY,248901,KERMIT ISD,TRADITIONAL ISD/CSD,White,168
2024-2025,20,KERR COUNTY,133903,KERRVILLE ISD,TRADITIONAL ISD/CSD,American Indian or Alaska Nat,<20
2024-2025,20,KERR COUNTY,133903,KERRVILLE ISD,TRADITIONAL ISD/CSD,Asian,65
2024-2025,20,KERR COUNTY,133903,KERRVILLE ISD,TRADITIONAL ISD/CSD,Black or African American,70
2024-2025,20,KERR COUNTY,133903,KERRVILLE ISD,TRADITIONAL ISD/CSD,Hispanic/Latino,2181
2024-2025,20,KERR COUNTY,133903,KERRVILLE ISD,TRADITIONAL ISD/CSD,Native Hawaiian/Other Pacific,<10
2024-2025,20,KERR COUNTY,133903,KERRVILLE ISD,TRADITIONAL ISD/CSD,Two or more races,110
2024-2025,20,KERR COUNTY,133903,KERRVILLE ISD,TRADITIONAL ISD/CSD,White,2159
2024-2025,13,HAYS COUNTY,105803,KI CHARTER,OPEN ENROLLMENT CHARTER,American Indian or Alaska Nat,<10
2024-2025,13,HAYS COUNTY,105803,KI CHARTER,OPEN ENROLLMENT CHARTER,Asian,<10
2024-2025,13,HAYS COUNTY,105803,KI CHARTER,OPEN ENROLLMENT CHARTER,Black or African American,77
2024-2025,13,HAYS COUNTY,105803,KI CHARTER,OPEN ENROLLMENT CHARTER,Hispanic/Latino,121
2024-2025,13,HAYS COUNTY,105803,KI CHARTER,OPEN ENROLLMENT CHARTER,Native Hawaiian/Other Pacific,<10
2024-2025,13,HAYS COUNTY,105803,KI CHARTER,OPEN ENROLLMENT CHARTER,Two or more races,39
2024-2025,13,HAYS COUNTY,105803,KI CHARTER,OPEN ENROLLMENT CHARTER,White,204
2024-2025,7,GREGG COUNTY,92902,KILGORE ISD,TRADITIONAL ISD/CSD,American Indian or Alaska Nat,13
2024-2025,7,GREGG COUNTY,92902,KILGORE ISD,TRADITIONAL ISD/CSD,Asian,17
2024-2025,7,GREGG COUNTY,92902,KILGORE ISD,TRADITIONAL ISD/CSD,Black or African American,463
2024-2025,7,GREGG COUNTY,92902,KILGORE ISD,TRADITIONAL ISD/CSD,Hispanic/Latino,1426
2024-2025,7,GREGG COUNTY,92902,KILGORE ISD,TRADITIONAL ISD/CSD,Two or more races,233
2024-2025,7,GREGG COUNTY,92902,KILGORE ISD,TRADITIONAL ISD/CSD,White,1508
2024-2025,12,BELL COUNTY,14906,KILLEEN ISD,TRADITIONAL ISD/CSD,American Indian or Alaska Nat,168
2024-2025,12,BELL COUNTY,14906,KILLEEN ISD,TRADITIONAL ISD/CSD,Asian,906
2024-2025,12,BELL COUNTY,14906,KILLEEN ISD,TRADITIONAL ISD/CSD,Black or African American,14500
2024-2025,12,BELL COUNTY,14906,KILLEEN ISD,TRADITIONAL ISD/CSD,Hispanic/Latino,14898
2024-2025,12,BELL COUNTY,14906,KILLEEN ISD,TRADITIONAL ISD/CSD,Native Hawaiian/Other Pacific,855
2024-2025,12,BELL COUNTY,14906,KILLEEN ISD,TRADITIONAL ISD/CSD,Two or more races,4384
2024-2025,12,BELL COUNTY,14906,KILLEEN ISD,TRADITIONAL ISD/CSD,White,7172
2024-2025,2,KLEBERG COUNTY,137901,KINGSVILLE ISD,TRADITIONAL ISD/CSD,American Indian or Alaska Nat,<10
2024-2025,2,KLEBERG COUNTY,137901,KINGSVILLE ISD,TRADITIONAL ISD/CSD,Asian,<20
2024-2025,2,KLEBERG COUNTY,137901,KINGSVILLE ISD,TRADITIONAL ISD/CSD,Black or African American,67
2024-2025,2,KLEBERG COUNTY,137901,KINGSVILLE ISD,TRADITIONAL ISD/CSD,Hispanic/Latino,2214
2024-2025,2,KLEBERG COUNTY,137901,KINGSVILLE ISD,TRADITIONAL ISD/CSD,Two or more races,26
2024-2025,2,KLEBERG COUNTY,137901,KINGSVILLE ISD,TRADITIONAL ISD/CSD,White,208
2024-2025,4,TRAVIS COUNTY,227820,KIPP TEXAS PUBLIC SCHOOLS,OPEN ENROLLMENT CHARTER,American Indian or Alaska Nat,170
2024-2025,4,TRAVIS COUNTY,227820,KIPP TEXAS PUBLIC SCHOOLS,OPEN ENROLLMENT CHARTER,Asian,829
2024-2025,4,TRAVIS COUNTY,227820,KIPP TEXAS PUBLIC SCHOOLS,OPEN ENROLLMENT CHARTER,Black or African American,8368
2024-2025,4,TRAVIS COUNTY,227820,KIPP TEXAS PUBLIC SCHOOLS,OPEN ENROLLMENT CHARTER,Hispanic/Latino,22346
2024-2025,4,TRAVIS COUNTY,227820,KIPP TEXAS PUBLIC SCHOOLS,OPEN ENROLLMENT CHARTER,Native Hawaiian/Other Pacific,15
2024-2025,4,TRAVIS COUNTY,227820,KIPP TEXAS PUBLIC SCHOOLS,OPEN ENROLLMENT CHARTER,Two or more races,364
2024-2025,4,TRAVIS COUNTY,227820,KIPP TEXAS PUBLIC SCHOOLS,OPEN ENROLLMENT CHARTER,White,679
2024-2025,5,JASPER COUNTY,121905,KIRBYVILLE CISD,TRADITIONAL ISD/CSD,American Indian or Alaska Nat,<10
2024-2025,5,JASPER COUNTY,121905,KIRBYVILLE CISD,TRADITIONAL ISD/CSD,Asian,<10
2024-2025,5,JASPER COUNTY,121905,KIRBYVILLE CISD,TRADITIONAL ISD/CSD,Black or African American,141
2024-2025,5,JASPER COUNTY,121905,KIRBYVILLE CISD,TRADITIONAL ISD/CSD,Hispanic/Latino,147
2024-2025,5,JASPER COUNTY,121905,KIRBYVILLE CISD,TRADITIONAL ISD/CSD,Native Hawaiian/Other Pacific,<10
2024-2025,5,JASPER COUNTY,121905,KIRBYVILLE CISD,TRADITIONAL ISD/CSD,Two or more races,99
2024-2025,5,JASPER COUNTY,121905,KIRBYVILLE CISD,TRADITIONAL ISD/CSD,White,1044
2024-2025,4,HARRIS COUNTY,101915,KLEIN ISD,TRADITIONAL ISD/CSD,American Indian or Alaska Nat,151
2024-2025,4,HARRIS COUNTY,101915,KLEIN ISD,TRADITIONAL ISD/CSD,Asian,3868
2024-2025,4,HARRIS COUNTY,101915,KLEIN ISD,TRADITIONAL ISD/CSD,Black or African American,9267
2024-2025,4,HARRIS COUNTY,101915,KLEIN ISD,TRADITIONAL ISD/CSD,Hispanic/Latino,24505
2024-2025,4,HARRIS COUNTY,101915,KLEIN ISD,TRADITIONAL ISD/CSD,Native Hawaiian/Other Pacific,72
2024-2025,4,HARRIS COUNTY,101915,KLEIN ISD,TRADITIONAL ISD/CSD,Two or more races,2040
2024-2025,4,HARRIS COUNTY,101915,KLEIN ISD,TRADITIONAL ISD/CSD,White,12534
2024-2025,17,DAWSON COUNTY,58905,KLONDIKE ISD,TRADITIONAL ISD/CSD,American Indian or Alaska Nat,<10
2024-2025,17,DAWSON COUNTY,58905,KLONDIKE ISD,TRADITIONAL ISD/CSD,Hispanic/Latino,102
2024-2025,17,DAWSON COUNTY,58905,KLONDIKE ISD,TRADITIONAL ISD/CSD,Two or more races,<10
2024-2025,17,DAWSON COUNTY,58905,KLONDIKE ISD,TRADITIONAL ISD/CSD,White,157
2024-2025,20,UVALDE COUNTY,232901,KNIPPA ISD,TRADITIONAL ISD/CSD,Asian,<10
2024-2025,20,UVALDE COUNTY,232901,KNIPPA ISD,TRADITIONAL ISD/CSD,Black or African American,<10
2024-2025,20,UVALDE COUNTY,232901,KNIPPA ISD,TRADITIONAL ISD/CSD,Hispanic/Latino,253
2024-2025,20,UVALDE COUNTY,232901,KNIPPA ISD,TRADITIONAL ISD/CSD,Two or more races,<10
2024-2025,20,UVALDE COUNTY,232901,KNIPPA ISD,TRADITIONAL ISD/CSD,White,143
2024-2025,9,KNOX COUNTY,138902,KNOX CITY-O'BRIEN CISD,TRADITIONAL ISD/CSD,American Indian or Alaska Nat,<10
2024-2025,9,KNOX COUNTY,138902,KNOX CITY-O'BRIEN CISD,TRADITIONAL ISD/CSD,Asian,<10
2024-2025,9,KNOX COUNTY,138902,KNOX CITY-O'BRIEN CISD,TRADITIONAL ISD/CSD,Black or African American,<10
2024-2025,9,KNOX COUNTY,138902,KNOX CITY-O'BRIEN CISD,TRADITIONAL ISD/CSD,Hispanic/Latino,94
2024-2025,9,KNOX COUNTY,138902,KNOX CITY-O'BRIEN CISD,TRADITIONAL ISD/CSD,Two or more races,<10
2024-2025,9,KNOX COUNTY,138902,KNOX CITY-O'BRIEN CISD,TRADITIONAL ISD/CSD,White,90
2024-2025,12,BOSQUE COUNTY,18907,KOPPERL ISD,TRADITIONAL ISD/CSD,Black or African American,<10
2024-2025,12,BOSQUE COUNTY,18907,KOPPERL ISD,TRADITIONAL ISD/CSD,Hispanic/Latino,27
2024-2025,12,BOSQUE COUNTY,18907,KOPPERL ISD,TRADITIONAL ISD/CSD,Two or more races,<10
2024-2025,12,BOSQUE COUNTY,18907,KOPPERL ISD,TRADITIONAL ISD/CSD,White,156
2024-2025,5,HARDIN COUNTY,100903,KOUNTZE ISD,TRADITIONAL ISD/CSD,American Indian or Alaska Nat,<10
2024-2025,5,HARDIN COUNTY,100903,KOUNTZE ISD,TRADITIONAL ISD/CSD,Asian,<10
2024-2025,5,HARDIN COUNTY,100903,KOUNTZE ISD,TRADITIONAL ISD/CSD,Black or African American,141
2024-2025,5,HARDIN COUNTY,100903,KOUNTZE ISD,TRADITIONAL ISD/CSD,Hispanic/Latino,138
2024-2025,5,HARDIN COUNTY,100903,KOUNTZE ISD,TRADITIONAL ISD/CSD,Two or more races,77
2024-2025,5,HARDIN COUNTY,100903,KOUNTZE ISD,TRADITIONAL ISD/CSD,White,789
2024-2025,16,SWISHER COUNTY,219905,KRESS ISD,TRADITIONAL ISD/CSD,Black or African American,11
2024-2025,16,SWISHER COUNTY,219905,KRESS ISD,TRADITIONAL ISD/CSD,Hispanic/Latino,143
2024-2025,16,SWISHER COUNTY,219905,KRESS ISD,TRADITIONAL ISD/CSD,Native Hawaiian/Other Pacific,<10
2024-2025,16,SWISHER COUNTY,219905,KRESS ISD,TRADITIONAL ISD/CSD,Two or more races,<10
2024-2025,16,SWISHER COUNTY,219905,KRESS ISD,TRADITIONAL ISD/CSD,White,102
2024-2025,11,DENTON COUNTY,61905,KRUM ISD,TRADITIONAL ISD/CSD,American Indian or Alaska Nat,<20
2024-2025,11,DENTON COUNTY,61905,KRUM ISD,TRADITIONAL ISD/CSD,Asian,21
2024-2025,11,DENTON COUNTY,61905,KRUM ISD,TRADITIONAL ISD/CSD,Black or African American,85
2024-2025,11,DENTON COUNTY,61905,KRUM ISD,TRADITIONAL ISD/CSD,Hispanic/Latino,955
2024-2025,11,DENTON COUNTY,61905,KRUM ISD,TRADITIONAL ISD/CSD,Native Hawaiian/Other Pacific,<10
2024-2025,11,DENTON COUNTY,61905,KRUM ISD,TRADITIONAL ISD/CSD,Two or more races,101
2024-2025,11,DENTON COUNTY,61905,KRUM ISD,TRADITIONAL ISD/CSD,White,1357
2024-2025,10,DALLAS COUNTY,57839,LA ACADEMIA DE ESTRELLAS,OPEN ENROLLMENT CHARTER,Asian,<10
2024-2025,10,DALLAS COUNTY,57839,LA ACADEMIA DE ESTRELLAS,OPEN ENROLLMENT CHARTER,Black or African American,<10
2024-2025,10,DALLAS COUNTY,57839,LA ACADEMIA DE ESTRELLAS,OPEN ENROLLMENT CHARTER,Hispanic/Latino,1012
2024-2025,10,DALLAS COUNTY,57839,LA ACADEMIA DE ESTRELLAS,OPEN ENROLLMENT CHARTER,Two or more races,<10
2024-2025,10,DALLAS COUNTY,57839,LA ACADEMIA DE ESTRELLAS,OPEN ENROLLMENT CHARTER,White,<10
2024-2025,19,EL PASO COUNTY,71807,LA FE PREPARATORY SCHOOL,OPEN ENROLLMENT CHARTER,Hispanic/Latino,195
2024-2025,1,CAMERON COUNTY,31905,LA FERIA ISD,TRADITIONAL ISD/CSD,American Indian or Alaska Nat,<10
2024-2025,1,CAMERON COUNTY,31905,LA FERIA ISD,TRADITIONAL ISD/CSD,Asian,<10
2024-2025,1,CAMERON COUNTY,31905,LA FERIA ISD,TRADITIONAL ISD/CSD,Black or African American,<10
2024-2025,1,CAMERON COUNTY,31905,LA FERIA ISD,TRADITIONAL ISD/CSD,Hispanic/Latino,2745
2024-2025,1,CAMERON COUNTY,31905,LA FERIA ISD,TRADITIONAL ISD/CSD,Two or more races,<10
2024-2025,1,CAMERON COUNTY,31905,LA FERIA ISD,TRADITIONAL ISD/CSD,White,76
2024-2025,2,JIM WELLS COUNTY,125906,LA GLORIA ISD,TRADITIONAL ISD/CSD,Hispanic/Latino,<120
2024-2025,2,JIM WELLS COUNTY,125906,LA GLORIA ISD,TRADITIONAL ISD/CSD,White,<10
2024-2025,13,FAYETTE COUNTY,75902,LA GRANGE ISD,TRADITIONAL ISD/CSD,American Indian or Alaska Nat,<10
2024-2025,13,FAYETTE COUNTY,75902,LA GRANGE ISD,TRADITIONAL ISD/CSD,Asian,<10
2024-2025,13,FAYETTE COUNTY,75902,LA GRANGE ISD,TRADITIONAL ISD/CSD,Black or African American,145
2024-2025,13,FAYETTE COUNTY,75902,LA GRANGE ISD,TRADITIONAL ISD/CSD,Hispanic/Latino,790
2024-2025,13,FAYETTE COUNTY,75902,LA GRANGE ISD,TRADITIONAL ISD/CSD,Native Hawaiian/Other Pacific,<10
2024-2025,13,FAYETTE COUNTY,75902,LA GRANGE ISD,TRADITIONAL ISD/CSD,Two or more races,72
2024-2025,13,FAYETTE COUNTY,75902,LA GRANGE ISD,TRADITIONAL ISD/CSD,White,847
2024-2025,1,HIDALGO COUNTY,108912,LA JOYA ISD,TRADITIONAL ISD/CSD,Asian,<10
2024-2025,1,HIDALGO COUNTY,108912,LA JOYA ISD,TRADITIONAL ISD/CSD,Black or African American,17
2024-2025,1,HIDALGO COUNTY,108912,LA JOYA ISD,TRADITIONAL ISD/CSD,Hispanic/Latino,22893
2024-2025,1,HIDALGO COUNTY,108912,LA JOYA ISD,TRADITIONAL ISD/CSD,Two or more races,<10
2024-2025,1,HIDALGO COUNTY,108912,LA JOYA ISD,TRADITIONAL ISD/CSD,White,24
2024-2025,4,HARRIS COUNTY,101916,LA PORTE ISD,TRADITIONAL ISD/CSD,American Indian or Alaska Nat,<20
2024-2025,4,HARRIS COUNTY,101916,LA PORTE ISD,TRADITIONAL ISD/CSD,Asian,74
2024-2025,4,HARRIS COUNTY,101916,LA PORTE ISD,TRADITIONAL ISD/CSD,Black or African American,471
2024-2025,4,HARRIS COUNTY,101916,LA PORTE ISD,TRADITIONAL ISD/CSD,Hispanic/Latino,3936
2024-2025,4,HARRIS COUNTY,101916,LA PORTE ISD,TRADITIONAL ISD/CSD,Native Hawaiian/Other Pacific,<10
2024-2025,4,HARRIS COUNTY,101916,LA PORTE ISD,TRADITIONAL ISD/CSD,Two or more races,207
2024-2025,4,HARRIS COUNTY,101916,LA PORTE ISD,TRADITIONAL ISD/CSD,White,2385
2024-2025,20,ZAVALA COUNTY,254902,LA PRYOR ISD,TRADITIONAL ISD/CSD,Black or African American,<10
2024-2025,20,ZAVALA COUNTY,254902,LA PRYOR ISD,TRADITIONAL ISD/CSD,Hispanic/Latino,422
2024-2025,20,ZAVALA COUNTY,254902,LA PRYOR ISD,TRADITIONAL ISD/CSD,White,<20
2024-2025,12,MCLENNAN COUNTY,161906,LA VEGA ISD,TRADITIONAL ISD/CSD,American Indian or Alaska Nat,<10
2024-2025,12,MCLENNAN COUNTY,161906,LA VEGA ISD,TRADITIONAL ISD/CSD,Asian,<10
2024-2025,12,MCLENNAN COUNTY,161906,LA VEGA ISD,TRADITIONAL ISD/CSD,Black or African American,805
2024-2025,12,MCLENNAN COUNTY,161906,LA VEGA ISD,TRADITIONAL ISD/CSD,Hispanic/Latino,1807
2024-2025,12,MCLENNAN COUNTY,161906,LA VEGA ISD,TRADITIONAL ISD/CSD,Native Hawaiian/Other Pacific,<10
2024-2025,12,MCLENNAN COUNTY,161906,LA VEGA ISD,TRADITIONAL ISD/CSD,Two or more races,124
2024-2025,12,MCLENNAN COUNTY,161906,LA VEGA ISD,TRADITIONAL ISD/CSD,White,343
2024-2025,20,WILSON COUNTY,247903,LA VERNIA ISD,TRADITIONAL ISD/CSD,American Indian or Alaska Nat,10
2024-2025,20,WILSON COUNTY,247903,LA VERNIA ISD,TRADITIONAL ISD/CSD,Asian,13
2024-2025,20,WILSON COUNTY,247903,LA VERNIA ISD,TRADITIONAL ISD/CSD,Black or African American,28
2024-2025,20,WILSON COUNTY,247903,LA VERNIA ISD,TRADITIONAL ISD/CSD,Hispanic/Latino,1305
2024-2025,20,WILSON COUNTY,247903,LA VERNIA ISD,TRADITIONAL ISD/CSD,Two or more races,82
2024-2025,20,WILSON COUNTY,247903,LA VERNIA ISD,TRADITIONAL ISD/CSD,White,2125
2024-2025,1,HIDALGO COUNTY,108914,LA VILLA ISD,TRADITIONAL ISD/CSD,Hispanic/Latino,<510
2024-2025,1,HIDALGO COUNTY,108914,LA VILLA ISD,TRADITIONAL ISD/CSD,White,<10
2024-2025,20,BEXAR COUNTY,15913,LACKLAND ISD,TRADITIONAL ISD/CSD,American Indian or Alaska Nat,<10
2024-2025,20,BEXAR COUNTY,15913,LACKLAND ISD,TRADITIONAL ISD/CSD,Asian,22
2024-2025,20,BEXAR COUNTY,15913,LACKLAND ISD,TRADITIONAL ISD/CSD,Black or African American,140
2024-2025,20,BEXAR COUNTY,15913,LACKLAND ISD,TRADITIONAL ISD/CSD,Hispanic/Latino,317
2024-2025,20,BEXAR COUNTY,15913,LACKLAND ISD,TRADITIONAL ISD/CSD,Native Hawaiian/Other Pacific,<10
2024-2025,20,BEXAR COUNTY,15913,LACKLAND ISD,TRADITIONAL ISD/CSD,Two or more races,134
2024-2025,20,BEXAR COUNTY,15913,LACKLAND ISD,TRADITIONAL ISD/CSD,White,392
2024-2025,13,TRAVIS COUNTY,227912,LAGO VISTA ISD,TRADITIONAL ISD/CSD,American Indian or Alaska Nat,<10
2024-2025,13,TRAVIS COUNTY,227912,LAGO VISTA ISD,TRADITIONAL ISD/CSD,Asian,27
2024-2025,13,TRAVIS COUNTY,227912,LAGO VISTA ISD,TRADITIONAL ISD/CSD,Black or African American,17
2024-2025,13,TRAVIS COUNTY,227912,LAGO VISTA ISD,TRADITIONAL ISD/CSD,Hispanic/Latino,584
2024-2025,13,TRAVIS COUNTY,227912,LAGO VISTA ISD,TRADITIONAL ISD/CSD,Native Hawaiian/Other Pacific,<10
2024-2025,13,TRAVIS COUNTY,227912,LAGO VISTA ISD,TRADITIONAL ISD/CSD,Two or more races,117
2024-2025,13,TRAVIS COUNTY,227912,LAGO VISTA ISD,TRADITIONAL ISD/CSD,White,1135
2024-2025,11,DENTON COUNTY,61912,LAKE DALLAS ISD,TRADITIONAL ISD/CSD,American Indian or Alaska Nat,<20
2024-2025,11,DENTON COUNTY,61912,LAKE DALLAS ISD,TRADITIONAL ISD/CSD,Asian,124
2024-2025,11,DENTON COUNTY,61912,LAKE DALLAS ISD,TRADITIONAL ISD/CSD,Black or African American,356
2024-2025,11,DENTON COUNTY,61912,LAKE DALLAS ISD,TRADITIONAL ISD/CSD,Hispanic/Latino,1387
2024-2025,11,DENTON COUNTY,61912,LAKE DALLAS ISD,TRADITIONAL ISD/CSD,Native Hawaiian/Other Pacific,<10
2024-2025,11,DENTON COUNTY,61912,LAKE DALLAS ISD,TRADITIONAL ISD/CSD,Two or more races,206
2024-2025,11,DENTON COUNTY,61912,LAKE DALLAS ISD,TRADITIONAL ISD/CSD,White,1626
2024-2025,11,HOOD COUNTY,111801,LAKE GRANBURY ACADEMY CHARTER SCHOOL,OPEN ENROLLMENT CHARTER,Black or African American,<20
2024-2025,11,HOOD COUNTY,111801,LAKE GRANBURY ACADEMY CHARTER SCHOOL,OPEN ENROLLMENT CHARTER,Hispanic/Latino,16
2024-2025,11,HOOD COUNTY,111801,LAKE GRANBURY ACADEMY CHARTER SCHOOL,OPEN ENROLLMENT CHARTER,Two or more races,<10
2024-2025,11,HOOD COUNTY,111801,LAKE GRANBURY ACADEMY CHARTER SCHOOL,OPEN ENROLLMENT CHARTER,White,15
2024-2025,13,TRAVIS COUNTY,227913,LAKE TRAVIS ISD,TRADITIONAL ISD/CSD,American Indian or Alaska Nat,34
2024-2025,13,TRAVIS COUNTY,227913,LAKE TRAVIS ISD,TRADITIONAL ISD/CSD,Asian,1035
2024-2025,13,TRAVIS COUNTY,227913,LAKE TRAVIS ISD,TRADITIONAL ISD/CSD,Black or African American,169
2024-2025,13,TRAVIS COUNTY,227913,LAKE TRAVIS ISD,TRADITIONAL ISD/CSD,Hispanic/Latino,2237
2024-2025,13,TRAVIS COUNTY,227913,LAKE TRAVIS ISD,TRADITIONAL ISD/CSD,Native Hawaiian/Other Pacific,11
2024-2025,13,TRAVIS COUNTY,227913,LAKE TRAVIS ISD,TRADITIONAL ISD/CSD,Two or more races,536
2024-2025,13,TRAVIS COUNTY,227913,LAKE TRAVIS ISD,TRADITIONAL ISD/CSD,White,6986
2024-2025,11,TARRANT COUNTY,220910,LAKE WORTH ISD,TRADITIONAL ISD/CSD,American Indian or Alaska Nat,<30
2024-2025,11,TARRANT COUNTY,220910,LAKE WORTH ISD,TRADITIONAL ISD/CSD,Asian,88
2024-2025,11,TARRANT COUNTY,220910,LAKE WORTH ISD,TRADITIONAL ISD/CSD,Black or African American,816
2024-2025,11,TARRANT COUNTY,220910,LAKE WORTH ISD,TRADITIONAL ISD/CSD,Hispanic/Latino,1703
2024-2025,11,TARRANT COUNTY,220910,LAKE WORTH ISD,TRADITIONAL ISD/CSD,Native Hawaiian/Other Pacific,<10
2024-2025,11,TARRANT COUNTY,220910,LAKE WORTH ISD,TRADITIONAL ISD/CSD,Two or more races,126
2024-2025,11,TARRANT COUNTY,220910,LAKE WORTH ISD,TRADITIONAL ISD/CSD,White,480
2024-2025,4,FORT BEND COUNTY,79901,LAMAR CISD,TRADITIONAL ISD/CSD,American Indian or Alaska Nat,145
2024-2025,4,FORT BEND COUNTY,79901,LAMAR CISD,TRADITIONAL ISD/CSD,Asian,5218
2024-2025,4,FORT BEND COUNTY,79901,LAMAR CISD,TRADITIONAL ISD/CSD,Black or African American,11135
2024-2025,4,FORT BEND COUNTY,79901,LAMAR CISD,TRADITIONAL ISD/CSD,Hispanic/Latino,18215
2024-2025,4,FORT BEND COUNTY,79901,LAMAR CISD,TRADITIONAL ISD/CSD,Native Hawaiian/Other Pacific,68
2024-2025,4,FORT BEND COUNTY,79901,LAMAR CISD,TRADITIONAL ISD/CSD,Two or more races,1717
2024-2025,4,FORT BEND COUNTY,79901,LAMAR CISD,TRADITIONAL ISD/CSD,White,10288
2024-2025,17,DAWSON COUNTY,58906,LAMESA ISD,TRADITIONAL ISD/CSD,American Indian or Alaska Nat,<10
2024-2025,17,DAWSON COUNTY,58906,LAMESA ISD,TRADITIONAL ISD/CSD,Asian,<20
2024-2025,17,DAWSON COUNTY,58906,LAMESA ISD,TRADITIONAL ISD/CSD,Black or African American,32
2024-2025,17,DAWSON COUNTY,58906,LAMESA ISD,TRADITIONAL ISD/CSD,Hispanic/Latino,1265
2024-2025,17,DAWSON COUNTY,58906,LAMESA ISD,TRADITIONAL ISD/CSD,Two or more races,14
2024-2025,17,DAWSON COUNTY,58906,LAMESA ISD,TRADITIONAL ISD/CSD,White,161
2024-2025,12,LAMPASAS COUNTY,141901,LAMPASAS ISD,TRADITIONAL ISD/CSD,American Indian or Alaska Nat,16
2024-2025,12,LAMPASAS COUNTY,141901,LAMPASAS ISD,TRADITIONAL ISD/CSD,Asian,23
2024-2025,12,LAMPASAS COUNTY,141901,LAMPASAS ISD,TRADITIONAL ISD/CSD,Black or African American,121
2024-2025,12,LAMPASAS COUNTY,141901,LAMPASAS ISD,TRADITIONAL ISD/CSD,Hispanic/Latino,1155
2024-2025,12,LAMPASAS COUNTY,141901,LAMPASAS ISD,TRADITIONAL ISD/CSD,Native Hawaiian/Other Pacific,12
2024-2025,12,LAMPASAS COUNTY,141901,LAMPASAS ISD,TRADITIONAL ISD/CSD,Two or more races,225
2024-2025,12,LAMPASAS COUNTY,141901,LAMPASAS ISD,TRADITIONAL ISD/CSD,White,2088
2024-2025,10,DALLAS COUNTY,57913,LANCASTER ISD,TRADITIONAL ISD/CSD,American Indian or Alaska Nat,29
2024-2025,10,DALLAS COUNTY,57913,LANCASTER ISD,TRADITIONAL ISD/CSD,Asian,<20
2024-2025,10,DALLAS COUNTY,57913,LANCASTER ISD,TRADITIONAL ISD/CSD,Black or African American,4834
2024-2025,10,DALLAS COUNTY,57913,LANCASTER ISD,TRADITIONAL ISD/CSD,Hispanic/Latino,1680
2024-2025,10,DALLAS COUNTY,57913,LANCASTER ISD,TRADITIONAL ISD/CSD,Native Hawaiian/Other Pacific,<10
2024-2025,10,DALLAS COUNTY,57913,LANCASTER ISD,TRADITIONAL ISD/CSD,Two or more races,149
2024-2025,10,DALLAS COUNTY,57913,LANCASTER ISD,TRADITIONAL ISD/CSD,White,109
2024-2025,7,RUSK COUNTY,201903,LANEVILLE ISD,TRADITIONAL ISD/CSD,Black or African American,43
2024-2025,7,RUSK COUNTY,201903,LANEVILLE ISD,TRADITIONAL ISD/CSD,Hispanic/Latino,39
2024-2025,7,RUSK COUNTY,201903,LANEVILLE ISD,TRADITIONAL ISD/CSD,Two or more races,10
2024-2025,7,RUSK COUNTY,201903,LANEVILLE ISD,TRADITIONAL ISD/CSD,White,47
2024-2025,7,HENDERSON COUNTY,107910,LAPOYNOR ISD,TRADITIONAL ISD/CSD,American Indian or Alaska Nat,<10
2024-2025,7,HENDERSON COUNTY,107910,LAPOYNOR ISD,TRADITIONAL ISD/CSD,Asian,<10
2024-2025,7,HENDERSON COUNTY,107910,LAPOYNOR ISD,TRADITIONAL ISD/CSD,Black or African American,33
2024-2025,7,HENDERSON COUNTY,107910,LAPOYNOR ISD,TRADITIONAL ISD/CSD,Hispanic/Latino,35
2024-2025,7,HENDERSON COUNTY,107910,LAPOYNOR ISD,TRADITIONAL ISD/CSD,Two or more races,<10
2024-2025,7,HENDERSON COUNTY,107910,LAPOYNOR ISD,TRADITIONAL ISD/CSD,White,401
2024-2025,1,WEBB COUNTY,240901,LAREDO ISD,TRADITIONAL ISD/CSD,American Indian or Alaska Nat,<10
2024-2025,1,WEBB COUNTY,240901,LAREDO ISD,TRADITIONAL ISD/CSD,Asian,<10
2024-2025,1,WEBB COUNTY,240901,LAREDO ISD,TRADITIONAL ISD/CSD,Black or African American,<10
2024-2025,1,WEBB COUNTY,240901,LAREDO ISD,TRADITIONAL ISD/CSD,Hispanic/Latino,20181
2024-2025,1,WEBB COUNTY,240901,LAREDO ISD,TRADITIONAL ISD/CSD,Two or more races,<10
2024-2025,1,WEBB COUNTY,240901,LAREDO ISD,TRADITIONAL ISD/CSD,White,74
2024-2025,1,WILLACY COUNTY,245901,LASARA ISD,TRADITIONAL ISD/CSD,Hispanic/Latino,<340
2024-2025,1,WILLACY COUNTY,245901,LASARA ISD,TRADITIONAL ISD/CSD,White,<10
2024-2025,6,HOUSTON COUNTY,113905,LATEXO ISD,TRADITIONAL ISD/CSD,Asian,<10
2024-2025,6,HOUSTON COUNTY,113905,LATEXO ISD,TRADITIONAL ISD/CSD,Black or African American,<20
2024-2025,6,HOUSTON COUNTY,113905,LATEXO ISD,TRADITIONAL ISD/CSD,Hispanic/Latino,135
2024-2025,6,HOUSTON COUNTY,113905,LATEXO ISD,TRADITIONAL ISD/CSD,Two or more races,15
2024-2025,6,HOUSTON COUNTY,113905,LATEXO ISD,TRADITIONAL ISD/CSD,White,383
2024-2025,16,PARMER COUNTY,185904,LAZBUDDIE ISD,TRADITIONAL ISD/CSD,American Indian or Alaska Nat,<10
2024-2025,16,PARMER COUNTY,185904,LAZBUDDIE ISD,TRADITIONAL ISD/CSD,Hispanic/Latino,<50
2024-2025,16,PARMER COUNTY,185904,LAZBUDDIE ISD,TRADITIONAL ISD/CSD,White,77
2024-2025,10,DENTON COUNTY,61804,LEADERSHIP PREP SCHOOL,OPEN ENROLLMENT CHARTER,American Indian or Alaska Nat,11
2024-2025,10,DENTON COUNTY,61804,LEADERSHIP PREP SCHOOL,OPEN ENROLLMENT CHARTER,Asian,420
2024-2025,10,DENTON COUNTY,61804,LEADERSHIP PREP SCHOOL,OPEN ENROLLMENT CHARTER,Black or African American,243
2024-2025,10,DENTON COUNTY,61804,LEADERSHIP PREP SCHOOL,OPEN ENROLLMENT CHARTER,Hispanic/Latino,244
2024-2025,10,DENTON COUNTY,61804,LEADERSHIP PREP SCHOOL,OPEN ENROLLMENT CHARTER,Two or more races,89
2024-2025,10,DENTON COUNTY,61804,LEADERSHIP PREP SCHOOL,OPEN ENROLLMENT CHARTER,White,384
2024-2025,20,REAL COUNTY,193902,LEAKEY ISD,TRADITIONAL ISD/CSD,Black or African American,<10
2024-2025,20,REAL COUNTY,193902,LEAKEY ISD,TRADITIONAL ISD/CSD,Hispanic/Latino,111
2024-2025,20,REAL COUNTY,193902,LEAKEY ISD,TRADITIONAL ISD/CSD,Two or more races,<20
2024-2025,20,REAL COUNTY,193902,LEAKEY ISD,TRADITIONAL ISD/CSD,White,214
2024-2025,13,WILLIAMSON COUNTY,246913,LEANDER ISD,TRADITIONAL ISD/CSD,American Indian or Alaska Nat,131
2024-2025,13,WILLIAMSON COUNTY,246913,LEANDER ISD,TRADITIONAL ISD/CSD,Asian,7809
2024-2025,13,WILLIAMSON COUNTY,246913,LEANDER ISD,TRADITIONAL ISD/CSD,Black or African American,1974
2024-2025,13,WILLIAMSON COUNTY,246913,LEANDER ISD,TRADITIONAL ISD/CSD,Hispanic/Latino,11122
2024-2025,13,WILLIAMSON COUNTY,246913,LEANDER ISD,TRADITIONAL ISD/CSD,Native Hawaiian/Other Pacific,45
2024-2025,13,WILLIAMSON COUNTY,246913,LEANDER ISD,TRADITIONAL ISD/CSD,Two or more races,2896
2024-2025,13,WILLIAMSON COUNTY,246913,LEANDER ISD,TRADITIONAL ISD/CSD,White,18631
2024-2025,8,BOWIE COUNTY,19914,LEARY ISD,TRADITIONAL ISD/CSD,Black or African American,<20
2024-2025,8,BOWIE COUNTY,19914,LEARY ISD,TRADITIONAL ISD/CSD,Hispanic/Latino,<10
2024-2025,8,BOWIE COUNTY,19914,LEARY ISD,TRADITIONAL ISD/CSD,Two or more races,10
2024-2025,8,BOWIE COUNTY,19914,LEARY ISD,TRADITIONAL ISD/CSD,White,94
2024-2025,16,GRAY COUNTY,90902,LEFORS ISD,TRADITIONAL ISD/CSD,Asian,<10
2024-2025,16,GRAY COUNTY,90902,LEFORS ISD,TRADITIONAL ISD/CSD,Hispanic/Latino,28
2024-2025,16,GRAY COUNTY,90902,LEFORS ISD,TRADITIONAL ISD/CSD,Two or more races,<10
2024-2025,16,GRAY COUNTY,90902,LEFORS ISD,TRADITIONAL ISD/CSD,White,138
2024-2025,10,DALLAS COUNTY,57846,LEGACY PREPARATORY,OPEN ENROLLMENT CHARTER,American Indian or Alaska Nat,<10
2024-2025,10,DALLAS COUNTY,57846,LEGACY PREPARATORY,OPEN ENROLLMENT CHARTER,Asian,<10
2024-2025,10,DALLAS COUNTY,57846,LEGACY PREPARATORY,OPEN ENROLLMENT CHARTER,Black or African American,170
2024-2025,10,DALLAS COUNTY,57846,LEGACY PREPARATORY,OPEN ENROLLMENT CHARTER,Hispanic/Latino,870
2024-2025,10,DALLAS COUNTY,57846,LEGACY PREPARATORY,OPEN ENROLLMENT CHARTER,Native Hawaiian/Other Pacific,<10
2024-2025,10,DALLAS COUNTY,57846,LEGACY PREPARATORY,OPEN ENROLLMENT CHARTER,Two or more races,16
2024-2025,10,DALLAS COUNTY,57846,LEGACY PREPARATORY,OPEN ENROLLMENT CHARTER,White,66
2024-2025,4,HARRIS COUNTY,101874,LEGACY SCHOOL OF SPORT SCIENCES,OPEN ENROLLMENT CHARTER,Black or African American,308
2024-2025,4,HARRIS COUNTY,101874,LEGACY SCHOOL OF SPORT SCIENCES,OPEN ENROLLMENT CHARTER,Hispanic/Latino,124
2024-2025,4,HARRIS COUNTY,101874,LEGACY SCHOOL OF SPORT SCIENCES,OPEN ENROLLMENT CHARTER,Two or more races,11
2024-2025,4,HARRIS COUNTY,101874,LEGACY SCHOOL OF SPORT SCIENCES,OPEN ENROLLMENT CHARTER,White,25
2024-2025,20,BEXAR COUNTY,15806,LEGACY TRADITIONAL SCHOOLS - TEXAS,OPEN ENROLLMENT CHARTER,American Indian or Alaska Nat,<10
2024-2025,20,BEXAR COUNTY,15806,LEGACY TRADITIONAL SCHOOLS - TEXAS,OPEN ENROLLMENT CHARTER,Asian,89
2024-2025,20,BEXAR COUNTY,15806,LEGACY TRADITIONAL SCHOOLS - TEXAS,OPEN ENROLLMENT CHARTER,Black or African American,420
2024-2025,20,BEXAR COUNTY,15806,LEGACY TRADITIONAL SCHOOLS - TEXAS,OPEN ENROLLMENT CHARTER,Hispanic/Latino,1154
2024-2025,20,BEXAR COUNTY,15806,LEGACY TRADITIONAL SCHOOLS - TEXAS,OPEN ENROLLMENT CHARTER,Native Hawaiian/Other Pacific,<20
2024-2025,20,BEXAR COUNTY,15806,LEGACY TRADITIONAL SCHOOLS - TEXAS,OPEN ENROLLMENT CHARTER,Two or more races,145
2024-2025,20,BEXAR COUNTY,15806,LEGACY TRADITIONAL SCHOOLS - TEXAS,OPEN ENROLLMENT CHARTER,White,364
2024-2025,6,POLK COUNTY,187906,LEGGETT ISD,TRADITIONAL ISD/CSD,American Indian or Alaska Nat,<10
2024-2025,6,POLK COUNTY,187906,LEGGETT ISD,TRADITIONAL ISD/CSD,Black or African American,27
2024-2025,6,POLK COUNTY,187906,LEGGETT ISD,TRADITIONAL ISD/CSD,Hispanic/Latino,45
2024-2025,6,POLK COUNTY,187906,LEGGETT ISD,TRADITIONAL ISD/CSD,Two or more races,<10
2024-2025,6,POLK COUNTY,187906,LEGGETT ISD,TRADITIONAL ISD/CSD,White,147
2024-2025,6,LEON COUNTY,145911,LEON ISD,TRADITIONAL ISD/CSD,American Indian or Alaska Nat,<20
2024-2025,6,LEON COUNTY,145911,LEON ISD,TRADITIONAL ISD/CSD,Asian,19
2024-2025,6,LEON COUNTY,145911,LEON ISD,TRADITIONAL ISD/CSD,Black or African American,<10
2024-2025,6,LEON COUNTY,145911,LEON ISD,TRADITIONAL ISD/CSD,Hispanic/Latino,292
2024-2025,6,LEON COUNTY,145911,LEON ISD,TRADITIONAL ISD/CSD,Two or more races,22
2024-2025,6,LEON COUNTY,145911,LEON ISD,TRADITIONAL ISD/CSD,White,407
2024-2025,10,FANNIN COUNTY,74909,LEONARD ISD,TRADITIONAL ISD/CSD,American Indian or Alaska Nat,<10
2024-2025,10,FANNIN COUNTY,74909,LEONARD ISD,TRADITIONAL ISD/CSD,Asian,<10
2024-2025,10,FANNIN COUNTY,74909,LEONARD ISD,TRADITIONAL ISD/CSD,Black or African American,14
2024-2025,10,FANNIN COUNTY,74909,LEONARD ISD,TRADITIONAL ISD/CSD,Hispanic/Latino,187
2024-2025,10,FANNIN COUNTY,74909,LEONARD ISD,TRADITIONAL ISD/CSD,Two or more races,50
2024-2025,10,FANNIN COUNTY,74909,LEONARD ISD,TRADITIONAL ISD/CSD,White,560
2024-2025,17,HOCKLEY COUNTY,110902,LEVELLAND ISD,TRADITIONAL ISD/CSD,American Indian or Alaska Nat,<20
2024-2025,17,HOCKLEY COUNTY,110902,LEVELLAND ISD,TRADITIONAL ISD/CSD,Asian,<10
2024-2025,17,HOCKLEY COUNTY,110902,LEVELLAND ISD,TRADITIONAL ISD/CSD,Black or African American,78
2024-2025,17,HOCKLEY COUNTY,110902,LEVELLAND ISD,TRADITIONAL ISD/CSD,Hispanic/Latino,1893
2024-2025,17,HOCKLEY COUNTY,110902,LEVELLAND ISD,TRADITIONAL ISD/CSD,Two or more races,29
2024-2025,17,HOCKLEY COUNTY,110902,LEVELLAND ISD,TRADITIONAL ISD/CSD,White,558
2024-2025,7,RUSK COUNTY,201904,LEVERETTS CHAPEL ISD,TRADITIONAL ISD/CSD,American Indian or Alaska Nat,<10
2024-2025,7,RUSK COUNTY,201904,LEVERETTS CHAPEL ISD,TRADITIONAL ISD/CSD,Black or African American,18
2024-2025,7,RUSK COUNTY,201904,LEVERETTS CHAPEL ISD,TRADITIONAL ISD/CSD,Hispanic/Latino,95
2024-2025,7,RUSK COUNTY,201904,LEVERETTS CHAPEL ISD,TRADITIONAL ISD/CSD,Native Hawaiian/Other Pacific,<10
2024-2025,7,RUSK COUNTY,201904,LEVERETTS CHAPEL ISD,TRADITIONAL ISD/CSD,Two or more races,<10
2024-2025,7,RUSK COUNTY,201904,LEVERETTS CHAPEL ISD,TRADITIONAL ISD/CSD,White,118
2024-2025,11,DENTON COUNTY,61902,LEWISVILLE ISD,TRADITIONAL ISD/CSD,American Indian or Alaska Nat,187
2024-2025,11,DENTON COUNTY,61902,LEWISVILLE ISD,TRADITIONAL ISD/CSD,Asian,8181
2024-2025,11,DENTON COUNTY,61902,LEWISVILLE ISD,TRADITIONAL ISD/CSD,Black or African American,5388
2024-2025,11,DENTON COUNTY,61902,LEWISVILLE ISD,TRADITIONAL ISD/CSD,Hispanic/Latino,15984
2024-2025,11,DENTON COUNTY,61902,LEWISVILLE ISD,TRADITIONAL ISD/CSD,Native Hawaiian/Other Pacific,58
2024-2025,11,DENTON COUNTY,61902,LEWISVILLE ISD,TRADITIONAL ISD/CSD,Two or more races,2397
2024-2025,11,DENTON COUNTY,61902,LEWISVILLE ISD,TRADITIONAL ISD/CSD,White,15681
2024-2025,13,LEE COUNTY,144902,LEXINGTON ISD,TRADITIONAL ISD/CSD,American Indian or Alaska Nat,<10
2024-2025,13,LEE COUNTY,144902,LEXINGTON ISD,TRADITIONAL ISD/CSD,Black or African American,46
2024-2025,13,LEE COUNTY,144902,LEXINGTON ISD,TRADITIONAL ISD/CSD,Hispanic/Latino,228
2024-2025,13,LEE COUNTY,144902,LEXINGTON ISD,TRADITIONAL ISD/CSD,Native Hawaiian/Other Pacific,<10
2024-2025,13,LEE COUNTY,144902,LEXINGTON ISD,TRADITIONAL ISD/CSD,Two or more races,48
2024-2025,13,LEE COUNTY,144902,LEXINGTON ISD,TRADITIONAL ISD/CSD,White,727
2024-2025,13,WILLIAMSON COUNTY,246908,LIBERTY HILL ISD,TRADITIONAL ISD/CSD,American Indian or Alaska Nat,<70
2024-2025,13,WILLIAMSON COUNTY,246908,LIBERTY HILL ISD,TRADITIONAL ISD/CSD,Asian,1266
2024-2025,13,WILLIAMSON COUNTY,246908,LIBERTY HILL ISD,TRADITIONAL ISD/CSD,Black or African American,327
2024-2025,13,WILLIAMSON COUNTY,246908,LIBERTY HILL ISD,TRADITIONAL ISD/CSD,Hispanic/Latino,2478
2024-2025,13,WILLIAMSON COUNTY,246908,LIBERTY HILL ISD,TRADITIONAL ISD/CSD,Native Hawaiian/Other Pacific,<10
2024-2025,13,WILLIAMSON COUNTY,246908,LIBERTY HILL ISD,TRADITIONAL ISD/CSD,Two or more races,540
2024-2025,13,WILLIAMSON COUNTY,246908,LIBERTY HILL ISD,TRADITIONAL ISD/CSD,White,5152
2024-2025,5,LIBERTY COUNTY,146906,LIBERTY ISD,TRADITIONAL ISD/CSD,American Indian or Alaska Nat,<10
2024-2025,5,LIBERTY COUNTY,146906,LIBERTY ISD,TRADITIONAL ISD/CSD,Asian,<30
2024-2025,5,LIBERTY COUNTY,146906,LIBERTY ISD,TRADITIONAL ISD/CSD,Black or African American,288
2024-2025,5,LIBERTY COUNTY,146906,LIBERTY ISD,TRADITIONAL ISD/CSD,Hispanic/Latino,1042
2024-2025,5,LIBERTY COUNTY,146906,LIBERTY ISD,TRADITIONAL ISD/CSD,Two or more races,101
2024-2025,5,LIBERTY COUNTY,146906,LIBERTY ISD,TRADITIONAL ISD/CSD,White,971
2024-2025,8,BOWIE COUNTY,19908,LIBERTY-EYLAU ISD,TRADITIONAL ISD/CSD,American Indian or Alaska Nat,10
2024-2025,8,BOWIE COUNTY,19908,LIBERTY-EYLAU ISD,TRADITIONAL ISD/CSD,Asian,<10
2024-2025,8,BOWIE COUNTY,19908,LIBERTY-EYLAU ISD,TRADITIONAL ISD/CSD,Black or African American,1096
2024-2025,8,BOWIE COUNTY,19908,LIBERTY-EYLAU ISD,TRADITIONAL ISD/CSD,Hispanic/Latino,166
2024-2025,8,BOWIE COUNTY,19908,LIBERTY-EYLAU ISD,TRADITIONAL ISD/CSD,Native Hawaiian/Other Pacific,<10
2024-2025,8,BOWIE COUNTY,19908,LIBERTY-EYLAU ISD,TRADITIONAL ISD/CSD,Two or more races,182
2024-2025,8,BOWIE COUNTY,19908,LIBERTY-EYLAU ISD,TRADITIONAL ISD/CSD,White,478
2024-2025,10,DALLAS COUNTY,57807,LIFE SCHOOL,OPEN ENROLLMENT CHARTER,American Indian or Alaska Nat,<10
2024-2025,10,DALLAS COUNTY,57807,LIFE SCHOOL,OPEN ENROLLMENT CHARTER,Asian,<20
2024-2025,10,DALLAS COUNTY,57807,LIFE SCHOOL,OPEN ENROLLMENT CHARTER,Black or African American,2503
2024-2025,10,DALLAS COUNTY,57807,LIFE SCHOOL,OPEN ENROLLMENT CHARTER,Hispanic/Latino,2528
2024-2025,10,DALLAS COUNTY,57807,LIFE SCHOOL,OPEN ENROLLMENT CHARTER,Two or more races,182
2024-2025,10,DALLAS COUNTY,57807,LIFE SCHOOL,OPEN ENROLLMENT CHARTER,White,505
2024-2025,20,BEXAR COUNTY,15825,LIGHTHOUSE PUBLIC SCHOOLS,OPEN ENROLLMENT CHARTER,American Indian or Alaska Nat,<10
2024-2025,20,BEXAR COUNTY,15825,LIGHTHOUSE PUBLIC SCHOOLS,OPEN ENROLLMENT CHARTER,Asian,<10
2024-2025,20,BEXAR COUNTY,15825,LIGHTHOUSE PUBLIC SCHOOLS,OPEN ENROLLMENT CHARTER,Black or African American,21
2024-2025,20,BEXAR COUNTY,15825,LIGHTHOUSE PUBLIC SCHOOLS,OPEN ENROLLMENT CHARTER,Hispanic/Latino,401
2024-2025,20,BEXAR COUNTY,15825,LIGHTHOUSE PUBLIC SCHOOLS,OPEN ENROLLMENT CHARTER,Native Hawaiian/Other Pacific,<10
2024-2025,20,BEXAR COUNTY,15825,LIGHTHOUSE PUBLIC SCHOOLS,OPEN ENROLLMENT CHARTER,Two or more races,<10
2024-2025,20,BEXAR COUNTY,15825,LIGHTHOUSE PUBLIC SCHOOLS,OPEN ENROLLMENT CHARTER,White,28
2024-2025,7,SMITH COUNTY,212903,LINDALE ISD,TRADITIONAL ISD/CSD,American Indian or Alaska Nat,<30
2024-2025,7,SMITH COUNTY,212903,LINDALE ISD,TRADITIONAL ISD/CSD,Asian,67
2024-2025,7,SMITH COUNTY,212903,LINDALE ISD,TRADITIONAL ISD/CSD,Black or African American,281
2024-2025,7,SMITH COUNTY,212903,LINDALE ISD,TRADITIONAL ISD/CSD,Hispanic/Latino,941
2024-2025,7,SMITH COUNTY,212903,LINDALE ISD,TRADITIONAL ISD/CSD,Native Hawaiian/Other Pacific,<10
2024-2025,7,SMITH COUNTY,212903,LINDALE ISD,TRADITIONAL ISD/CSD,Two or more races,263
2024-2025,7,SMITH COUNTY,212903,LINDALE ISD,TRADITIONAL ISD/CSD,White,3028
2024-2025,8,CASS COUNTY,34905,LINDEN-KILDARE CISD,TRADITIONAL ISD/CSD,American Indian or Alaska Nat,<10
2024-2025,8,CASS COUNTY,34905,LINDEN-KILDARE CISD,TRADITIONAL ISD/CSD,Asian,<10
2024-2025,8,CASS COUNTY,34905,LINDEN-KILDARE CISD,TRADITIONAL ISD/CSD,Black or African American,96
2024-2025,8,CASS COUNTY,34905,LINDEN-KILDARE CISD,TRADITIONAL ISD/CSD,Hispanic/Latino,80
2024-2025,8,CASS COUNTY,34905,LINDEN-KILDARE CISD,TRADITIONAL ISD/CSD,Two or more races,59
2024-2025,8,CASS COUNTY,34905,LINDEN-KILDARE CISD,TRADITIONAL ISD/CSD,White,373
2024-2025,11,COOKE COUNTY,49907,LINDSAY ISD,TRADITIONAL ISD/CSD,American Indian or Alaska Nat,<10
2024-2025,11,COOKE COUNTY,49907,LINDSAY ISD,TRADITIONAL ISD/CSD,Asian,<10
2024-2025,11,COOKE COUNTY,49907,LINDSAY ISD,TRADITIONAL ISD/CSD,Black or African American,<10
2024-2025,11,COOKE COUNTY,49907,LINDSAY ISD,TRADITIONAL ISD/CSD,Hispanic/Latino,14
2024-2025,11,COOKE COUNTY,49907,LINDSAY ISD,TRADITIONAL ISD/CSD,Native Hawaiian/Other Pacific,<10
2024-2025,11,COOKE COUNTY,49907,LINDSAY ISD,TRADITIONAL ISD/CSD,Two or more races,12
2024-2025,11,COOKE COUNTY,49907,LINDSAY ISD,TRADITIONAL ISD/CSD,White,469
2024-2025,11,ERATH COUNTY,72909,LINGLEVILLE ISD,TRADITIONAL ISD/CSD,Black or African American,<10
2024-2025,11,ERATH COUNTY,72909,LINGLEVILLE ISD,TRADITIONAL ISD/CSD,Hispanic/Latino,133
2024-2025,11,ERATH COUNTY,72909,LINGLEVILLE ISD,TRADITIONAL ISD/CSD,Two or more races,<10
2024-2025,11,ERATH COUNTY,72909,LINGLEVILLE ISD,TRADITIONAL ISD/CSD,White,131
2024-2025,11,HOOD COUNTY,111902,LIPAN ISD,TRADITIONAL ISD/CSD,Black or African American,<10
2024-2025,11,HOOD COUNTY,111902,LIPAN ISD,TRADITIONAL ISD/CSD,Hispanic/Latino,62
2024-2025,11,HOOD COUNTY,111902,LIPAN ISD,TRADITIONAL ISD/CSD,Native Hawaiian/Other Pacific,<10
2024-2025,11,HOOD COUNTY,111902,LIPAN ISD,TRADITIONAL ISD/CSD,Two or more races,21
2024-2025,11,HOOD COUNTY,111902,LIPAN ISD,TRADITIONAL ISD/CSD,White,392
2024-2025,5,ORANGE COUNTY,181908,LITTLE CYPRESS-MAURICEVILLE CISD,TRADITIONAL ISD/CSD,American Indian or Alaska Nat,<20
2024-2025,5,ORANGE COUNTY,181908,LITTLE CYPRESS-MAURICEVILLE CISD,TRADITIONAL ISD/CSD,Asian,36
2024-2025,5,ORANGE COUNTY,181908,LITTLE CYPRESS-MAURICEVILLE CISD,TRADITIONAL ISD/CSD,Black or African American,276
2024-2025,5,ORANGE COUNTY,181908,LITTLE CYPRESS-MAURICEVILLE CISD,TRADITIONAL ISD/CSD,Hispanic/Latino,473
2024-2025,5,ORANGE COUNTY,181908,LITTLE CYPRESS-MAURICEVILLE CISD,TRADITIONAL ISD/CSD,Native Hawaiian/Other Pacific,<10
2024-2025,5,ORANGE COUNTY,181908,LITTLE CYPRESS-MAURICEVILLE CISD,TRADITIONAL ISD/CSD,Two or more races,133
2024-2025,5,ORANGE COUNTY,181908,LITTLE CYPRESS-MAURICEVILLE CISD,TRADITIONAL ISD/CSD,White,2384
2024-2025,11,DENTON COUNTY,61914,LITTLE ELM ISD,TRADITIONAL ISD/CSD,American Indian or Alaska Nat,18
2024-2025,11,DENTON COUNTY,61914,LITTLE ELM ISD,TRADITIONAL ISD/CSD,Asian,497
2024-2025,11,DENTON COUNTY,61914,LITTLE ELM ISD,TRADITIONAL ISD/CSD,Black or African American,1562
2024-2025,11,DENTON COUNTY,61914,LITTLE ELM ISD,TRADITIONAL ISD/CSD,Hispanic/Latino,3084
2024-2025,11,DENTON COUNTY,61914,LITTLE ELM ISD,TRADITIONAL ISD/CSD,Native Hawaiian/Other Pacific,21
2024-2025,11,DENTON COUNTY,61914,LITTLE ELM ISD,TRADITIONAL ISD/CSD,Two or more races,459
2024-2025,11,DENTON COUNTY,61914,LITTLE ELM ISD,TRADITIONAL ISD/CSD,White,2395
2024-2025,17,LAMB COUNTY,140904,LITTLEFIELD ISD,TRADITIONAL ISD/CSD,American Indian or Alaska Nat,<10
2024-2025,17,LAMB COUNTY,140904,LITTLEFIELD ISD,TRADITIONAL ISD/CSD,Asian,<10
2024-2025,17,LAMB COUNTY,140904,LITTLEFIELD ISD,TRADITIONAL ISD/CSD,Black or African American,36
2024-2025,17,LAMB COUNTY,140904,LITTLEFIELD ISD,TRADITIONAL ISD/CSD,Hispanic/Latino,918
2024-2025,17,LAMB COUNTY,140904,LITTLEFIELD ISD,TRADITIONAL ISD/CSD,Native Hawaiian/Other Pacific,<10
2024-2025,17,LAMB COUNTY,140904,LITTLEFIELD ISD,TRADITIONAL ISD/CSD,Two or more races,12
2024-2025,17,LAMB COUNTY,140904,LITTLEFIELD ISD,TRADITIONAL ISD/CSD,White,259
2024-2025,6,POLK COUNTY,187907,LIVINGSTON ISD,TRADITIONAL ISD/CSD,American Indian or Alaska Nat,<20
2024-2025,6,POLK COUNTY,187907,LIVINGSTON ISD,TRADITIONAL ISD/CSD,Asian,26
2024-2025,6,POLK COUNTY,187907,LIVINGSTON ISD,TRADITIONAL ISD/CSD,Black or African American,316
2024-2025,6,POLK COUNTY,187907,LIVINGSTON ISD,TRADITIONAL ISD/CSD,Hispanic/Latino,1238
2024-2025,6,POLK COUNTY,187907,LIVINGSTON ISD,TRADITIONAL ISD/CSD,Native Hawaiian/Other Pacific,<10
2024-2025,6,POLK COUNTY,187907,LIVINGSTON ISD,TRADITIONAL ISD/CSD,Two or more races,197
2024-2025,6,POLK COUNTY,187907,LIVINGSTON ISD,TRADITIONAL ISD/CSD,White,2224
2024-2025,13,LLANO COUNTY,150901,LLANO ISD,TRADITIONAL ISD/CSD,American Indian or Alaska Nat,<10
2024-2025,13,LLANO COUNTY,150901,LLANO ISD,TRADITIONAL ISD/CSD,Asian,14
2024-2025,13,LLANO COUNTY,150901,LLANO ISD,TRADITIONAL ISD/CSD,Black or African American,18
2024-2025,13,LLANO COUNTY,150901,LLANO ISD,TRADITIONAL ISD/CSD,Hispanic/Latino,670
2024-2025,13,LLANO COUNTY,150901,LLANO ISD,TRADITIONAL ISD/CSD,Native Hawaiian/Other Pacific,<10
2024-2025,13,LLANO COUNTY,150901,LLANO ISD,TRADITIONAL ISD/CSD,Two or more races,62
2024-2025,13,LLANO COUNTY,150901,LLANO ISD,TRADITIONAL ISD/CSD,White,1199
2024-2025,13,CALDWELL COUNTY,28902,LOCKHART ISD,TRADITIONAL ISD/CSD,American Indian or Alaska Nat,<10
2024-2025,13,CALDWELL COUNTY,28902,LOCKHART ISD,TRADITIONAL ISD/CSD,Asian,<20
2024-2025,13,CALDWELL COUNTY,28902,LOCKHART ISD,TRADITIONAL ISD/CSD,Black or African American,155
2024-2025,13,CALDWELL COUNTY,28902,LOCKHART ISD,TRADITIONAL ISD/CSD,Hispanic/Latino,5530
2024-2025,13,CALDWELL COUNTY,28902,LOCKHART ISD,TRADITIONAL ISD/CSD,Two or more races,103
2024-2025,13,CALDWELL COUNTY,28902,LOCKHART ISD,TRADITIONAL ISD/CSD,White,945
2024-2025,17,FLOYD COUNTY,77902,LOCKNEY ISD,TRADITIONAL ISD/CSD,Asian,<10
2024-2025,17,FLOYD COUNTY,77902,LOCKNEY ISD,TRADITIONAL ISD/CSD,Black or African American,<10
2024-2025,17,FLOYD COUNTY,77902,LOCKNEY ISD,TRADITIONAL ISD/CSD,Hispanic/Latino,314
2024-2025,17,FLOYD COUNTY,77902,LOCKNEY ISD,TRADITIONAL ISD/CSD,Two or more races,<10
2024-2025,17,FLOYD COUNTY,77902,LOCKNEY ISD,TRADITIONAL ISD/CSD,White,67
2024-2025,15,MCCULLOCH COUNTY,160905,LOHN ISD,TRADITIONAL ISD/CSD,Hispanic/Latino,<50
2024-2025,15,MCCULLOCH COUNTY,160905,LOHN ISD,TRADITIONAL ISD/CSD,Two or more races,<10
2024-2025,15,MCCULLOCH COUNTY,160905,LOHN ISD,TRADITIONAL ISD/CSD,White,77
2024-2025,12,LAMPASAS COUNTY,141902,LOMETA ISD,TRADITIONAL ISD/CSD,American Indian or Alaska Nat,<10
2024-2025,12,LAMPASAS COUNTY,141902,LOMETA ISD,TRADITIONAL ISD/CSD,Asian,<10
2024-2025,12,LAMPASAS COUNTY,141902,LOMETA ISD,TRADITIONAL ISD/CSD,Black or African American,<10
2024-2025,12,LAMPASAS COUNTY,141902,LOMETA ISD,TRADITIONAL ISD/CSD,Hispanic/Latino,153
2024-2025,12,LAMPASAS COUNTY,141902,LOMETA ISD,TRADITIONAL ISD/CSD,Native Hawaiian/Other Pacific,<10
2024-2025,12,LAMPASAS COUNTY,141902,LOMETA ISD,TRADITIONAL ISD/CSD,Two or more races,<10
2024-2025,12,LAMPASAS COUNTY,141902,LOMETA ISD,TRADITIONAL ISD/CSD,White,148
2024-2025,2,NUECES COUNTY,178906,LONDON ISD,TRADITIONAL ISD/CSD,American Indian or Alaska Nat,<10
2024-2025,2,NUECES COUNTY,178906,LONDON ISD,TRADITIONAL ISD/CSD,Asian,69
2024-2025,2,NUECES COUNTY,178906,LONDON ISD,TRADITIONAL ISD/CSD,Black or African American,15
2024-2025,2,NUECES COUNTY,178906,LONDON ISD,TRADITIONAL ISD/CSD,Hispanic/Latino,1070
2024-2025,2,NUECES COUNTY,178906,LONDON ISD,TRADITIONAL ISD/CSD,Native Hawaiian/Other Pacific,<10
2024-2025,2,NUECES COUNTY,178906,LONDON ISD,TRADITIONAL ISD/CSD,Two or more races,50
2024-2025,2,NUECES COUNTY,178906,LONDON ISD,TRADITIONAL ISD/CSD,White,598
2024-2025,10,HUNT COUNTY,116906,LONE OAK ISD,TRADITIONAL ISD/CSD,American Indian or Alaska Nat,<10
2024-2025,10,HUNT COUNTY,116906,LONE OAK ISD,TRADITIONAL ISD/CSD,Asian,<10
2024-2025,10,HUNT COUNTY,116906,LONE OAK ISD,TRADITIONAL ISD/CSD,Black or African American,13
2024-2025,10,HUNT COUNTY,116906,LONE OAK ISD,TRADITIONAL ISD/CSD,Hispanic/Latino,224
2024-2025,10,HUNT COUNTY,116906,LONE OAK ISD,TRADITIONAL ISD/CSD,Native Hawaiian/Other Pacific,<10
2024-2025,10,HUNT COUNTY,116906,LONE OAK ISD,TRADITIONAL ISD/CSD,Two or more races,58
2024-2025,10,HUNT COUNTY,116906,LONE OAK ISD,TRADITIONAL ISD/CSD,White,832
2024-2025,7,GREGG COUNTY,92903,LONGVIEW ISD,TRADITIONAL ISD/CSD,American Indian or Alaska Nat,37
2024-2025,7,GREGG COUNTY,92903,LONGVIEW ISD,TRADITIONAL ISD/CSD,Asian,128
2024-2025,7,GREGG COUNTY,92903,LONGVIEW ISD,TRADITIONAL ISD/CSD,Black or African American,2803
2024-2025,7,GREGG COUNTY,92903,LONGVIEW ISD,TRADITIONAL ISD/CSD,Hispanic/Latino,3493
2024-2025,7,GREGG COUNTY,92903,LONGVIEW ISD,TRADITIONAL ISD/CSD,Native Hawaiian/Other Pacific,10
2024-2025,7,GREGG COUNTY,92903,LONGVIEW ISD,TRADITIONAL ISD/CSD,Two or more races,311
2024-2025,7,GREGG COUNTY,92903,LONGVIEW ISD,TRADITIONAL ISD/CSD,White,1356
2024-2025,17,GAINES COUNTY,83902,LOOP ISD,TRADITIONAL ISD/CSD,Hispanic/Latino,<40
2024-2025,17,GAINES COUNTY,83902,LOOP ISD,TRADITIONAL ISD/CSD,Two or more races,<10
2024-2025,17,GAINES COUNTY,83902,LOOP ISD,TRADITIONAL ISD/CSD,White,108
2024-2025,14,MITCHELL COUNTY,168902,LORAINE ISD,TRADITIONAL ISD/CSD,Black or African American,<10
2024-2025,14,MITCHELL COUNTY,168902,LORAINE ISD,TRADITIONAL ISD/CSD,Hispanic/Latino,85
2024-2025,14,MITCHELL COUNTY,168902,LORAINE ISD,TRADITIONAL ISD/CSD,Two or more races,<10
2024-2025,14,MITCHELL COUNTY,168902,LORAINE ISD,TRADITIONAL ISD/CSD,White,50
2024-2025,12,MCLENNAN COUNTY,161907,LORENA ISD,TRADITIONAL ISD/CSD,American Indian or Alaska Nat,<10
2024-2025,12,MCLENNAN COUNTY,161907,LORENA ISD,TRADITIONAL ISD/CSD,Asian,16
2024-2025,12,MCLENNAN COUNTY,161907,LORENA ISD,TRADITIONAL ISD/CSD,Black or African American,54
2024-2025,12,MCLENNAN COUNTY,161907,LORENA ISD,TRADITIONAL ISD/CSD,Hispanic/Latino,309
2024-2025,12,MCLENNAN COUNTY,161907,LORENA ISD,TRADITIONAL ISD/CSD,Native Hawaiian/Other Pacific,<10
2024-2025,12,MCLENNAN COUNTY,161907,LORENA ISD,TRADITIONAL ISD/CSD,Two or more races,54
2024-2025,12,MCLENNAN COUNTY,161907,LORENA ISD,TRADITIONAL ISD/CSD,White,1374
2024-2025,17,CROSBY COUNTY,54902,LORENZO ISD,TRADITIONAL ISD/CSD,Black or African American,<10
2024-2025,17,CROSBY COUNTY,54902,LORENZO ISD,TRADITIONAL ISD/CSD,Hispanic/Latino,166
2024-2025,17,CROSBY COUNTY,54902,LORENZO ISD,TRADITIONAL ISD/CSD,White,<40
2024-2025,1,CAMERON COUNTY,31906,LOS FRESNOS CISD,TRADITIONAL ISD/CSD,American Indian or Alaska Nat,<10
2024-2025,1,CAMERON COUNTY,31906,LOS FRESNOS CISD,TRADITIONAL ISD/CSD,Asian,23
2024-2025,1,CAMERON COUNTY,31906,LOS FRESNOS CISD,TRADITIONAL ISD/CSD,Black or African American,13
2024-2025,1,CAMERON COUNTY,31906,LOS FRESNOS CISD,TRADITIONAL ISD/CSD,Hispanic/Latino,10028
2024-2025,1,CAMERON COUNTY,31906,LOS FRESNOS CISD,TRADITIONAL ISD/CSD,Native Hawaiian/Other Pacific,<10
2024-2025,1,CAMERON COUNTY,31906,LOS FRESNOS CISD,TRADITIONAL ISD/CSD,Two or more races,16
2024-2025,1,CAMERON COUNTY,31906,LOS FRESNOS CISD,TRADITIONAL ISD/CSD,White,270
2024-2025,3,WHARTON COUNTY,241906,LOUISE ISD,TRADITIONAL ISD/CSD,American Indian or Alaska Nat,<10
2024-2025,3,WHARTON COUNTY,241906,LOUISE ISD,TRADITIONAL ISD/CSD,Asian,<10
2024-2025,3,WHARTON COUNTY,241906,LOUISE ISD,TRADITIONAL ISD/CSD,Black or African American,19
2024-2025,3,WHARTON COUNTY,241906,LOUISE ISD,TRADITIONAL ISD/CSD,Hispanic/Latino,305
2024-2025,3,WHARTON COUNTY,241906,LOUISE ISD,TRADITIONAL ISD/CSD,Two or more races,<10
2024-2025,3,WHARTON COUNTY,241906,LOUISE ISD,TRADITIONAL ISD/CSD,White,196
2024-2025,10,COLLIN COUNTY,43919,LOVEJOY ISD,TRADITIONAL ISD/CSD,American Indian or Alaska Nat,<30
2024-2025,10,COLLIN COUNTY,43919,LOVEJOY ISD,TRADITIONAL ISD/CSD,Asian,547
2024-2025,10,COLLIN COUNTY,43919,LOVEJOY ISD,TRADITIONAL ISD/CSD,Black or African American,135
2024-2025,10,COLLIN COUNTY,43919,LOVEJOY ISD,TRADITIONAL ISD/CSD,Hispanic/Latino,396
2024-2025,10,COLLIN COUNTY,43919,LOVEJOY ISD,TRADITIONAL ISD/CSD,Native Hawaiian/Other Pacific,<10
2024-2025,10,COLLIN COUNTY,43919,LOVEJOY ISD,TRADITIONAL ISD/CSD,Two or more races,219
2024-2025,10,COLLIN COUNTY,43919,LOVEJOY ISD,TRADITIONAL ISD/CSD,White,2696
2024-2025,6,HOUSTON COUNTY,113903,LOVELADY ISD,TRADITIONAL ISD/CSD,American Indian or Alaska Nat,<10
2024-2025,6,HOUSTON COUNTY,113903,LOVELADY ISD,TRADITIONAL ISD/CSD,Asian,<10
2024-2025,6,HOUSTON COUNTY,113903,LOVELADY ISD,TRADITIONAL ISD/CSD,Black or African American,48
2024-2025,6,HOUSTON COUNTY,113903,LOVELADY ISD,TRADITIONAL ISD/CSD,Hispanic/Latino,59
2024-2025,6,HOUSTON COUNTY,113903,LOVELADY ISD,TRADITIONAL ISD/CSD,Native Hawaiian/Other Pacific,<10
2024-2025,6,HOUSTON COUNTY,113903,LOVELADY ISD,TRADITIONAL ISD/CSD,Two or more races,<10
2024-2025,6,HOUSTON COUNTY,113903,LOVELADY ISD,TRADITIONAL ISD/CSD,White,392
2024-2025,17,LUBBOCK COUNTY,152901,LUBBOCK ISD,TRADITIONAL ISD/CSD,American Indian or Alaska Nat,96
2024-2025,17,LUBBOCK COUNTY,152901,LUBBOCK ISD,TRADITIONAL ISD/CSD,Asian,454
2024-2025,17,LUBBOCK COUNTY,152901,LUBBOCK ISD,TRADITIONAL ISD/CSD,Black or African American,3222
2024-2025,17,LUBBOCK COUNTY,152901,LUBBOCK ISD,TRADITIONAL ISD/CSD,Hispanic/Latino,14732
2024-2025,17,LUBBOCK COUNTY,152901,LUBBOCK ISD,TRADITIONAL ISD/CSD,Native Hawaiian/Other Pacific,46
2024-2025,17,LUBBOCK COUNTY,152901,LUBBOCK ISD,TRADITIONAL ISD/CSD,Two or more races,663
2024-2025,17,LUBBOCK COUNTY,152901,LUBBOCK ISD,TRADITIONAL ISD/CSD,White,4920
2024-2025,17,LUBBOCK COUNTY,152906,LUBBOCK-COOPER ISD,TRADITIONAL ISD/CSD,American Indian or Alaska Nat,<20
2024-2025,17,LUBBOCK COUNTY,152906,LUBBOCK-COOPER ISD,TRADITIONAL ISD/CSD,Asian,171
2024-2025,17,LUBBOCK COUNTY,152906,LUBBOCK-COOPER ISD,TRADITIONAL ISD/CSD,Black or African American,236
2024-2025,17,LUBBOCK COUNTY,152906,LUBBOCK-COOPER ISD,TRADITIONAL ISD/CSD,Hispanic/Latino,3241
2024-2025,17,LUBBOCK COUNTY,152906,LUBBOCK-COOPER ISD,TRADITIONAL ISD/CSD,Native Hawaiian/Other Pacific,<10
2024-2025,17,LUBBOCK COUNTY,152906,LUBBOCK-COOPER ISD,TRADITIONAL ISD/CSD,Two or more races,225
2024-2025,17,LUBBOCK COUNTY,152906,LUBBOCK-COOPER ISD,TRADITIONAL ISD/CSD,White,4136
2024-2025,14,JONES COUNTY,127905,LUEDERS-AVOCA ISD,TRADITIONAL ISD/CSD,Hispanic/Latino,<20
2024-2025,14,JONES COUNTY,127905,LUEDERS-AVOCA ISD,TRADITIONAL ISD/CSD,Two or more races,<10
2024-2025,14,JONES COUNTY,127905,LUEDERS-AVOCA ISD,TRADITIONAL ISD/CSD,White,68
2024-2025,7,ANGELINA COUNTY,3903,LUFKIN ISD,TRADITIONAL ISD/CSD,American Indian or Alaska Nat,<10
2024-2025,7,ANGELINA COUNTY,3903,LUFKIN ISD,TRADITIONAL ISD/CSD,Asian,71
2024-2025,7,ANGELINA COUNTY,3903,LUFKIN ISD,TRADITIONAL ISD/CSD,Black or African American,1882
2024-2025,7,ANGELINA COUNTY,3903,LUFKIN ISD,TRADITIONAL ISD/CSD,Hispanic/Latino,3195
2024-2025,7,ANGELINA COUNTY,3903,LUFKIN ISD,TRADITIONAL ISD/CSD,Native Hawaiian/Other Pacific,<10
2024-2025,7,ANGELINA COUNTY,3903,LUFKIN ISD,TRADITIONAL ISD/CSD,Two or more races,275
2024-2025,7,ANGELINA COUNTY,3903,LUFKIN ISD,TRADITIONAL ISD/CSD,White,1429
2024-2025,13,CALDWELL COUNTY,28903,LULING ISD,TRADITIONAL ISD/CSD,American Indian or Alaska Nat,<10
2024-2025,13,CALDWELL COUNTY,28903,LULING ISD,TRADITIONAL ISD/CSD,Asian,<10
2024-2025,13,CALDWELL COUNTY,28903,LULING ISD,TRADITIONAL ISD/CSD,Black or African American,88
2024-2025,13,CALDWELL COUNTY,28903,LULING ISD,TRADITIONAL ISD/CSD,Hispanic/Latino,991
2024-2025,13,CALDWELL COUNTY,28903,LULING ISD,TRADITIONAL ISD/CSD,Native Hawaiian/Other Pacific,<10
2024-2025,13,CALDWELL COUNTY,28903,LULING ISD,TRADITIONAL ISD/CSD,Two or more races,36
2024-2025,13,CALDWELL COUNTY,28903,LULING ISD,TRADITIONAL ISD/CSD,White,320
2024-2025,5,HARDIN COUNTY,100907,LUMBERTON ISD,TRADITIONAL ISD/CSD,American Indian or Alaska Nat,<30
2024-2025,5,HARDIN COUNTY,100907,LUMBERTON ISD,TRADITIONAL ISD/CSD,Asian,37
2024-2025,5,HARDIN COUNTY,100907,LUMBERTON ISD,TRADITIONAL ISD/CSD,Black or African American,31
2024-2025,5,HARDIN COUNTY,100907,LUMBERTON ISD,TRADITIONAL ISD/CSD,Hispanic/Latino,504
2024-2025,5,HARDIN COUNTY,100907,LUMBERTON ISD,TRADITIONAL ISD/CSD,Native Hawaiian/Other Pacific,<10
2024-2025,5,HARDIN COUNTY,100907,LUMBERTON ISD,TRADITIONAL ISD/CSD,Two or more races,110
2024-2025,5,HARDIN COUNTY,100907,LUMBERTON ISD,TRADITIONAL ISD/CSD,White,3399
2024-2025,1,WILLACY COUNTY,245902,LYFORD CISD,TRADITIONAL ISD/CSD,American Indian or Alaska Nat,<10
2024-2025,1,WILLACY COUNTY,245902,LYFORD CISD,TRADITIONAL ISD/CSD,Hispanic/Latino,1319
2024-2025,1,WILLACY COUNTY,245902,LYFORD CISD,TRADITIONAL ISD/CSD,Two or more races,<10
2024-2025,1,WILLACY COUNTY,245902,LYFORD CISD,TRADITIONAL ISD/CSD,White,71
2024-2025,20,ATASCOSA COUNTY,7904,LYTLE ISD,TRADITIONAL ISD/CSD,American Indian or Alaska Nat,<10
2024-2025,20,ATASCOSA COUNTY,7904,LYTLE ISD,TRADITIONAL ISD/CSD,Asian,<20
2024-2025,20,ATASCOSA COUNTY,7904,LYTLE ISD,TRADITIONAL ISD/CSD,Black or African American,11
2024-2025,20,ATASCOSA COUNTY,7904,LYTLE ISD,TRADITIONAL ISD/CSD,Hispanic/Latino,1525
2024-2025,20,ATASCOSA COUNTY,7904,LYTLE ISD,TRADITIONAL ISD/CSD,Two or more races,22
2024-2025,20,ATASCOSA COUNTY,7904,LYTLE ISD,TRADITIONAL ISD/CSD,White,250
2024-2025,10,KAUFMAN COUNTY,129905,MABANK ISD,TRADITIONAL ISD/CSD,American Indian or Alaska Nat,<30
2024-2025,10,KAUFMAN COUNTY,129905,MABANK ISD,TRADITIONAL ISD/CSD,Asian,39
2024-2025,10,KAUFMAN COUNTY,129905,MABANK ISD,TRADITIONAL ISD/CSD,Black or African American,127
2024-2025,10,KAUFMAN COUNTY,129905,MABANK ISD,TRADITIONAL ISD/CSD,Hispanic/Latino,1112
2024-2025,10,KAUFMAN COUNTY,129905,MABANK ISD,TRADITIONAL ISD/CSD,Native Hawaiian/Other Pacific,<10
2024-2025,10,KAUFMAN COUNTY,129905,MABANK ISD,TRADITIONAL ISD/CSD,Two or more races,181
2024-2025,10,KAUFMAN COUNTY,129905,MABANK ISD,TRADITIONAL ISD/CSD,White,2636
2024-2025,6,MADISON COUNTY,154901,MADISONVILLE CISD,TRADITIONAL ISD/CSD,American Indian or Alaska Nat,<10
2024-2025,6,MADISON COUNTY,154901,MADISONVILLE CISD,TRADITIONAL ISD/CSD,Asian,10
2024-2025,6,MADISON COUNTY,154901,MADISONVILLE CISD,TRADITIONAL ISD/CSD,Black or African American,327
2024-2025,6,MADISON COUNTY,154901,MADISONVILLE CISD,TRADITIONAL ISD/CSD,Hispanic/Latino,982
2024-2025,6,MADISON COUNTY,154901,MADISONVILLE CISD,TRADITIONAL ISD/CSD,Native Hawaiian/Other Pacific,<10
2024-2025,6,MADISON COUNTY,154901,MADISONVILLE CISD,TRADITIONAL ISD/CSD,Two or more races,99
2024-2025,6,MADISON COUNTY,154901,MADISONVILLE CISD,TRADITIONAL ISD/CSD,White,951
2024-2025,6,MONTGOMERY COUNTY,170906,MAGNOLIA ISD,TRADITIONAL ISD/CSD,American Indian or Alaska Nat,53
2024-2025,6,MONTGOMERY COUNTY,170906,MAGNOLIA ISD,TRADITIONAL ISD/CSD,Asian,190
2024-2025,6,MONTGOMERY COUNTY,170906,MAGNOLIA ISD,TRADITIONAL ISD/CSD,Black or African American,512
2024-2025,6,MONTGOMERY COUNTY,170906,MAGNOLIA ISD,TRADITIONAL ISD/CSD,Hispanic/Latino,6233
2024-2025,6,MONTGOMERY COUNTY,170906,MAGNOLIA ISD,TRADITIONAL ISD/CSD,Native Hawaiian/Other Pacific,13
2024-2025,6,MONTGOMERY COUNTY,170906,MAGNOLIA ISD,TRADITIONAL ISD/CSD,Two or more races,406
2024-2025,6,MONTGOMERY COUNTY,170906,MAGNOLIA ISD,TRADITIONAL ISD/CSD,White,7509
2024-2025,7,HENDERSON COUNTY,107906,MALAKOFF ISD,TRADITIONAL ISD/CSD,American Indian or Alaska Nat,<10
2024-2025,7,HENDERSON COUNTY,107906,MALAKOFF ISD,TRADITIONAL ISD/CSD,Asian,11
2024-2025,7,HENDERSON COUNTY,107906,MALAKOFF ISD,TRADITIONAL ISD/CSD,Black or African American,143
2024-2025,7,HENDERSON COUNTY,107906,MALAKOFF ISD,TRADITIONAL ISD/CSD,Hispanic/Latino,357
2024-2025,7,HENDERSON COUNTY,107906,MALAKOFF ISD,TRADITIONAL ISD/CSD,Native Hawaiian/Other Pacific,<10
2024-2025,7,HENDERSON COUNTY,107906,MALAKOFF ISD,TRADITIONAL ISD/CSD,Two or more races,77
2024-2025,7,HENDERSON COUNTY,107906,MALAKOFF ISD,TRADITIONAL ISD/CSD,White,914
2024-2025,12,HILL COUNTY,109908,MALONE ISD,TRADITIONAL ISD/CSD,Black or African American,<10
2024-2025,12,HILL COUNTY,109908,MALONE ISD,TRADITIONAL ISD/CSD,Hispanic/Latino,41
2024-2025,12,HILL COUNTY,109908,MALONE ISD,TRADITIONAL ISD/CSD,Two or more races,<10
2024-2025,12,HILL COUNTY,109908,MALONE ISD,TRADITIONAL ISD/CSD,White,17
2024-2025,8,BOWIE COUNTY,19910,MALTA ISD,TRADITIONAL ISD/CSD,American Indian or Alaska Nat,<10
2024-2025,8,BOWIE COUNTY,19910,MALTA ISD,TRADITIONAL ISD/CSD,Black or African American,<10
2024-2025,8,BOWIE COUNTY,19910,MALTA ISD,TRADITIONAL ISD/CSD,Hispanic/Latino,12
2024-2025,8,BOWIE COUNTY,19910,MALTA ISD,TRADITIONAL ISD/CSD,Two or more races,16
2024-2025,8,BOWIE COUNTY,19910,MALTA ISD,TRADITIONAL ISD/CSD,White,191
2024-2025,10,DALLAS COUNTY,57844,MANARA ACADEMY,OPEN ENROLLMENT CHARTER,American Indian or Alaska Nat,<10
2024-2025,10,DALLAS COUNTY,57844,MANARA ACADEMY,OPEN ENROLLMENT CHARTER,Asian,237
2024-2025,10,DALLAS COUNTY,57844,MANARA ACADEMY,OPEN ENROLLMENT CHARTER,Black or African American,138
2024-2025,10,DALLAS COUNTY,57844,MANARA ACADEMY,OPEN ENROLLMENT CHARTER,Hispanic/Latino,25
2024-2025,10,DALLAS COUNTY,57844,MANARA ACADEMY,OPEN ENROLLMENT CHARTER,Native Hawaiian/Other Pacific,<10
2024-2025,10,DALLAS COUNTY,57844,MANARA ACADEMY,OPEN ENROLLMENT CHARTER,Two or more races,43
2024-2025,10,DALLAS COUNTY,57844,MANARA ACADEMY,OPEN ENROLLMENT CHARTER,White,223
2024-2025,13,TRAVIS COUNTY,227907,MANOR ISD,TRADITIONAL ISD/CSD,American Indian or Alaska Nat,45
2024-2025,13,TRAVIS COUNTY,227907,MANOR ISD,TRADITIONAL ISD/CSD,Asian,467
2024-2025,13,TRAVIS COUNTY,227907,MANOR ISD,TRADITIONAL ISD/CSD,Black or African American,2085
2024-2025,13,TRAVIS COUNTY,227907,MANOR ISD,TRADITIONAL ISD/CSD,Hispanic/Latino,6430
2024-2025,13,TRAVIS COUNTY,227907,MANOR ISD,TRADITIONAL ISD/CSD,Native Hawaiian/Other Pacific,16
2024-2025,13,TRAVIS COUNTY,227907,MANOR ISD,TRADITIONAL ISD/CSD,Two or more races,269
2024-2025,13,TRAVIS COUNTY,227907,MANOR ISD,TRADITIONAL ISD/CSD,White,649
2024-2025,11,TARRANT COUNTY,220908,MANSFIELD ISD,TRADITIONAL ISD/CSD,American Indian or Alaska Nat,91
2024-2025,11,TARRANT COUNTY,220908,MANSFIELD ISD,TRADITIONAL ISD/CSD,Asian,3073
2024-2025,11,TARRANT COUNTY,220908,MANSFIELD ISD,TRADITIONAL ISD/CSD,Black or African American,12185
2024-2025,11,TARRANT COUNTY,220908,MANSFIELD ISD,TRADITIONAL ISD/CSD,Hispanic/Latino,9605
2024-2025,11,TARRANT COUNTY,220908,MANSFIELD ISD,TRADITIONAL ISD/CSD,Native Hawaiian/Other Pacific,53
2024-2025,11,TARRANT COUNTY,220908,MANSFIELD ISD,TRADITIONAL ISD/CSD,Two or more races,1822
2024-2025,11,TARRANT COUNTY,220908,MANSFIELD ISD,TRADITIONAL ISD/CSD,White,8525
2024-2025,18,BREWSTER COUNTY,22902,MARATHON ISD,TRADITIONAL ISD/CSD,Black or African American,<10
2024-2025,18,BREWSTER COUNTY,22902,MARATHON ISD,TRADITIONAL ISD/CSD,Hispanic/Latino,37
2024-2025,18,BREWSTER COUNTY,22902,MARATHON ISD,TRADITIONAL ISD/CSD,White,<20
2024-2025,13,BURNET COUNTY,27904,MARBLE FALLS ISD,TRADITIONAL ISD/CSD,American Indian or Alaska Nat,<30
2024-2025,13,BURNET COUNTY,27904,MARBLE FALLS ISD,TRADITIONAL ISD/CSD,Asian,44
2024-2025,13,BURNET COUNTY,27904,MARBLE FALLS ISD,TRADITIONAL ISD/CSD,Black or African American,53
2024-2025,13,BURNET COUNTY,27904,MARBLE FALLS ISD,TRADITIONAL ISD/CSD,Hispanic/Latino,2073
2024-2025,13,BURNET COUNTY,27904,MARBLE FALLS ISD,TRADITIONAL ISD/CSD,Native Hawaiian/Other Pacific,<10
2024-2025,13,BURNET COUNTY,27904,MARBLE FALLS ISD,TRADITIONAL ISD/CSD,Two or more races,105
2024-2025,13,BURNET COUNTY,27904,MARBLE FALLS ISD,TRADITIONAL ISD/CSD,White,1701
2024-2025,18,PRESIDIO COUNTY,189901,MARFA ISD,TRADITIONAL ISD/CSD,Black or African American,<10
2024-2025,18,PRESIDIO COUNTY,189901,MARFA ISD,TRADITIONAL ISD/CSD,Hispanic/Latino,178
2024-2025,18,PRESIDIO COUNTY,189901,MARFA ISD,TRADITIONAL ISD/CSD,White,<20
2024-2025,20,GUADALUPE COUNTY,94904,MARION ISD,TRADITIONAL ISD/CSD,American Indian or Alaska Nat,<10
2024-2025,20,GUADALUPE COUNTY,94904,MARION ISD,TRADITIONAL ISD/CSD,Asian,<10
2024-2025,20,GUADALUPE COUNTY,94904,MARION ISD,TRADITIONAL ISD/CSD,Black or African American,35
2024-2025,20,GUADALUPE COUNTY,94904,MARION ISD,TRADITIONAL ISD/CSD,Hispanic/Latino,782
2024-2025,20,GUADALUPE COUNTY,94904,MARION ISD,TRADITIONAL ISD/CSD,Native Hawaiian/Other Pacific,<10
2024-2025,20,GUADALUPE COUNTY,94904,MARION ISD,TRADITIONAL ISD/CSD,Two or more races,62
2024-2025,20,GUADALUPE COUNTY,94904,MARION ISD,TRADITIONAL ISD/CSD,White,820
2024-2025,12,FALLS COUNTY,73903,MARLIN ISD,TRADITIONAL ISD/CSD,American Indian or Alaska Nat,<10
2024-2025,12,FALLS COUNTY,73903,MARLIN ISD,TRADITIONAL ISD/CSD,Asian,<10
2024-2025,12,FALLS COUNTY,73903,MARLIN ISD,TRADITIONAL ISD/CSD,Black or African American,445
2024-2025,12,FALLS COUNTY,73903,MARLIN ISD,TRADITIONAL ISD/CSD,Hispanic/Latino,330
2024-2025,12,FALLS COUNTY,73903,MARLIN ISD,TRADITIONAL ISD/CSD,Two or more races,32
2024-2025,12,FALLS COUNTY,73903,MARLIN ISD,TRADITIONAL ISD/CSD,White,28
2024-2025,7,HARRISON COUNTY,102902,MARSHALL ISD,TRADITIONAL ISD/CSD,American Indian or Alaska Nat,31
2024-2025,7,HARRISON COUNTY,102902,MARSHALL ISD,TRADITIONAL ISD/CSD,Asian,<30
2024-2025,7,HARRISON COUNTY,102902,MARSHALL ISD,TRADITIONAL ISD/CSD,Black or African American,1667
2024-2025,7,HARRISON COUNTY,102902,MARSHALL ISD,TRADITIONAL ISD/CSD,Hispanic/Latino,1969
2024-2025,7,HARRISON COUNTY,102902,MARSHALL ISD,TRADITIONAL ISD/CSD,Native Hawaiian/Other Pacific,<10
2024-2025,7,HARRISON COUNTY,102902,MARSHALL ISD,TRADITIONAL ISD/CSD,Two or more races,169
2024-2025,7,HARRISON COUNTY,102902,MARSHALL ISD,TRADITIONAL ISD/CSD,White,1088
2024-2025,12,MCLENNAN COUNTY,161908,MART ISD,TRADITIONAL ISD/CSD,American Indian or Alaska Nat,<10
2024-2025,12,MCLENNAN COUNTY,161908,MART ISD,TRADITIONAL ISD/CSD,Black or African American,107
2024-2025,12,MCLENNAN COUNTY,161908,MART ISD,TRADITIONAL ISD/CSD,Hispanic/Latino,143
2024-2025,12,MCLENNAN COUNTY,161908,MART ISD,TRADITIONAL ISD/CSD,Two or more races,<60
2024-2025,12,MCLENNAN COUNTY,161908,MART ISD,TRADITIONAL ISD/CSD,White,302
2024-2025,7,VAN ZANDT COUNTY,234905,MARTINS MILL ISD,TRADITIONAL ISD/CSD,Black or African American,10
2024-2025,7,VAN ZANDT COUNTY,234905,MARTINS MILL ISD,TRADITIONAL ISD/CSD,Hispanic/Latino,113
2024-2025,7,VAN ZANDT COUNTY,234905,MARTINS MILL ISD,TRADITIONAL ISD/CSD,Two or more races,12
2024-2025,7,VAN ZANDT COUNTY,234905,MARTINS MILL ISD,TRADITIONAL ISD/CSD,White,361
2024-2025,7,NACOGDOCHES COUNTY,174909,MARTINSVILLE ISD,TRADITIONAL ISD/CSD,American Indian or Alaska Nat,<10
2024-2025,7,NACOGDOCHES COUNTY,174909,MARTINSVILLE ISD,TRADITIONAL ISD/CSD,Black or African American,<10
2024-2025,7,NACOGDOCHES COUNTY,174909,MARTINSVILLE ISD,TRADITIONAL ISD/CSD,Hispanic/Latino,75
2024-2025,7,NACOGDOCHES COUNTY,174909,MARTINSVILLE ISD,TRADITIONAL ISD/CSD,Two or more races,18
2024-2025,7,NACOGDOCHES COUNTY,174909,MARTINSVILLE ISD,TRADITIONAL ISD/CSD,White,215
2024-2025,15,MASON COUNTY,157901,MASON ISD,TRADITIONAL ISD/CSD,Black or African American,<10
2024-2025,15,MASON COUNTY,157901,MASON ISD,TRADITIONAL ISD/CSD,Hispanic/Latino,259
2024-2025,15,MASON COUNTY,157901,MASON ISD,TRADITIONAL ISD/CSD,Two or more races,<10
2024-2025,15,MASON COUNTY,157901,MASON ISD,TRADITIONAL ISD/CSD,White,433
2024-2025,3,MATAGORDA COUNTY,158904,MATAGORDA ISD,TRADITIONAL ISD/CSD,American Indian or Alaska Nat,<10
2024-2025,3,MATAGORDA COUNTY,158904,MATAGORDA ISD,TRADITIONAL ISD/CSD,Asian,<10
2024-2025,3,MATAGORDA COUNTY,158904,MATAGORDA ISD,TRADITIONAL ISD/CSD,Hispanic/Latino,53
2024-2025,3,MATAGORDA COUNTY,158904,MATAGORDA ISD,TRADITIONAL ISD/CSD,Two or more races,<10
2024-2025,3,MATAGORDA COUNTY,158904,MATAGORDA ISD,TRADITIONAL ISD/CSD,White,52
2024-2025,2,SAN PATRICIO COUNTY,205904,MATHIS ISD,TRADITIONAL ISD/CSD,American Indian or Alaska Nat,<10
2024-2025,2,SAN PATRICIO COUNTY,205904,MATHIS ISD,TRADITIONAL ISD/CSD,Asian,<10
2024-2025,2,SAN PATRICIO COUNTY,205904,MATHIS ISD,TRADITIONAL ISD/CSD,Black or African American,<10
2024-2025,2,SAN PATRICIO COUNTY,205904,MATHIS ISD,TRADITIONAL ISD/CSD,Hispanic/Latino,1236
2024-2025,2,SAN PATRICIO COUNTY,205904,MATHIS ISD,TRADITIONAL ISD/CSD,Two or more races,12
2024-2025,2,SAN PATRICIO COUNTY,205904,MATHIS ISD,TRADITIONAL ISD/CSD,White,164
2024-2025,8,BOWIE COUNTY,19903,MAUD ISD,TRADITIONAL ISD/CSD,American Indian or Alaska Nat,<10
2024-2025,8,BOWIE COUNTY,19903,MAUD ISD,TRADITIONAL ISD/CSD,Black or African American,25
2024-2025,8,BOWIE COUNTY,19903,MAUD ISD,TRADITIONAL ISD/CSD,Hispanic/Latino,34
2024-2025,8,BOWIE COUNTY,19903,MAUD ISD,TRADITIONAL ISD/CSD,Native Hawaiian/Other Pacific,<10
2024-2025,8,BOWIE COUNTY,19903,MAUD ISD,TRADITIONAL ISD/CSD,Two or more races,35
2024-2025,8,BOWIE COUNTY,19903,MAUD ISD,TRADITIONAL ISD/CSD,White,351
2024-2025,15,BROWN COUNTY,25905,MAY ISD,TRADITIONAL ISD/CSD,Hispanic/Latino,45
2024-2025,15,BROWN COUNTY,25905,MAY ISD,TRADITIONAL ISD/CSD,Two or more races,14
2024-2025,15,BROWN COUNTY,25905,MAY ISD,TRADITIONAL ISD/CSD,White,184
2024-2025,10,ELLIS COUNTY,70915,MAYPEARL ISD,TRADITIONAL ISD/CSD,American Indian or Alaska Nat,<10
2024-2025,10,ELLIS COUNTY,70915,MAYPEARL ISD,TRADITIONAL ISD/CSD,Asian,<10
2024-2025,10,ELLIS COUNTY,70915,MAYPEARL ISD,TRADITIONAL ISD/CSD,Black or African American,20
2024-2025,10,ELLIS COUNTY,70915,MAYPEARL ISD,TRADITIONAL ISD/CSD,Hispanic/Latino,344
2024-2025,10,ELLIS COUNTY,70915,MAYPEARL ISD,TRADITIONAL ISD/CSD,Two or more races,47
2024-2025,10,ELLIS COUNTY,70915,MAYPEARL ISD,TRADITIONAL ISD/CSD,White,791
2024-2025,1,HIDALGO COUNTY,108906,MCALLEN ISD,TRADITIONAL ISD/CSD,American Indian or Alaska Nat,<20
2024-2025,1,HIDALGO COUNTY,108906,MCALLEN ISD,TRADITIONAL ISD/CSD,Asian,236
2024-2025,1,HIDALGO COUNTY,108906,MCALLEN ISD,TRADITIONAL ISD/CSD,Black or African American,88
2024-2025,1,HIDALGO COUNTY,108906,MCALLEN ISD,TRADITIONAL ISD/CSD,Hispanic/Latino,18663
2024-2025,1,HIDALGO COUNTY,108906,MCALLEN ISD,TRADITIONAL ISD/CSD,Native Hawaiian/Other Pacific,<10
2024-2025,1,HIDALGO COUNTY,108906,MCALLEN ISD,TRADITIONAL ISD/CSD,Two or more races,103
2024-2025,1,HIDALGO COUNTY,108906,MCALLEN ISD,TRADITIONAL ISD/CSD,White,784
2024-2025,18,UPTON COUNTY,231901,MCCAMEY ISD,TRADITIONAL ISD/CSD,American Indian or Alaska Nat,<10
2024-2025,18,UPTON COUNTY,231901,MCCAMEY ISD,TRADITIONAL ISD/CSD,Black or African American,<10
2024-2025,18,UPTON COUNTY,231901,MCCAMEY ISD,TRADITIONAL ISD/CSD,Hispanic/Latino,377
2024-2025,18,UPTON COUNTY,231901,MCCAMEY ISD,TRADITIONAL ISD/CSD,Two or more races,14
2024-2025,18,UPTON COUNTY,231901,MCCAMEY ISD,TRADITIONAL ISD/CSD,White,83
2024-2025,13,BASTROP COUNTY,11905,MCDADE ISD,TRADITIONAL ISD/CSD,American Indian or Alaska Nat,<10
2024-2025,13,BASTROP COUNTY,11905,MCDADE ISD,TRADITIONAL ISD/CSD,Black or African American,<10
2024-2025,13,BASTROP COUNTY,11905,MCDADE ISD,TRADITIONAL ISD/CSD,Hispanic/Latino,217
2024-2025,13,BASTROP COUNTY,11905,MCDADE ISD,TRADITIONAL ISD/CSD,Native Hawaiian/Other Pacific,<10
2024-2025,13,BASTROP COUNTY,11905,MCDADE ISD,TRADITIONAL ISD/CSD,Two or more races,11
2024-2025,13,BASTROP COUNTY,11905,MCDADE ISD,TRADITIONAL ISD/CSD,White,142
2024-2025,12,MCLENNAN COUNTY,161909,MCGREGOR ISD,TRADITIONAL ISD/CSD,American Indian or Alaska Nat,43
2024-2025,12,MCLENNAN COUNTY,161909,MCGREGOR ISD,TRADITIONAL ISD/CSD,Asian,<10
2024-2025,12,MCLENNAN COUNTY,161909,MCGREGOR ISD,TRADITIONAL ISD/CSD,Black or African American,85
2024-2025,12,MCLENNAN COUNTY,161909,MCGREGOR ISD,TRADITIONAL ISD/CSD,Hispanic/Latino,695
2024-2025,12,MCLENNAN COUNTY,161909,MCGREGOR ISD,TRADITIONAL ISD/CSD,Native Hawaiian/Other Pacific,<10
2024-2025,12,MCLENNAN COUNTY,161909,MCGREGOR ISD,TRADITIONAL ISD/CSD,Two or more races,36
2024-2025,12,MCLENNAN COUNTY,161909,MCGREGOR ISD,TRADITIONAL ISD/CSD,White,630
2024-2025,10,COLLIN COUNTY,43907,MCKINNEY ISD,TRADITIONAL ISD/CSD,American Indian or Alaska Nat,76
2024-2025,10,COLLIN COUNTY,43907,MCKINNEY ISD,TRADITIONAL ISD/CSD,Asian,1939
2024-2025,10,COLLIN COUNTY,43907,MCKINNEY ISD,TRADITIONAL ISD/CSD,Black or African American,3759
2024-2025,10,COLLIN COUNTY,43907,MCKINNEY ISD,TRADITIONAL ISD/CSD,Hispanic/Latino,6804
2024-2025,10,COLLIN COUNTY,43907,MCKINNEY ISD,TRADITIONAL ISD/CSD,Native Hawaiian/Other Pacific,32
2024-2025,10,COLLIN COUNTY,43907,MCKINNEY ISD,TRADITIONAL ISD/CSD,Two or more races,1378
2024-2025,10,COLLIN COUNTY,43907,MCKINNEY ISD,TRADITIONAL ISD/CSD,White,9308
2024-2025,16,GRAY COUNTY,90903,MCLEAN ISD,TRADITIONAL ISD/CSD,Hispanic/Latino,36
2024-2025,16,GRAY COUNTY,90903,MCLEAN ISD,TRADITIONAL ISD/CSD,Two or more races,11
2024-2025,16,GRAY COUNTY,90903,MCLEAN ISD,TRADITIONAL ISD/CSD,White,135
2024-2025,8,CASS COUNTY,34906,MCLEOD ISD,TRADITIONAL ISD/CSD,American Indian or Alaska Nat,<10
2024-2025,8,CASS COUNTY,34906,MCLEOD ISD,TRADITIONAL ISD/CSD,Black or African American,<10
2024-2025,8,CASS COUNTY,34906,MCLEOD ISD,TRADITIONAL ISD/CSD,Hispanic/Latino,12
2024-2025,8,CASS COUNTY,34906,MCLEOD ISD,TRADITIONAL ISD/CSD,Two or more races,18
2024-2025,8,CASS COUNTY,34906,MCLEOD ISD,TRADITIONAL ISD/CSD,White,391
2024-2025,2,MCMULLEN COUNTY,162904,MCMULLEN COUNTY ISD,TRADITIONAL ISD/CSD,Asian,<10
2024-2025,2,MCMULLEN COUNTY,162904,MCMULLEN COUNTY ISD,TRADITIONAL ISD/CSD,Hispanic/Latino,118
2024-2025,2,MCMULLEN COUNTY,162904,MCMULLEN COUNTY ISD,TRADITIONAL ISD/CSD,Two or more races,<10
2024-2025,2,MCMULLEN COUNTY,162904,MCMULLEN COUNTY ISD,TRADITIONAL ISD/CSD,White,159
2024-2025,17,TERRY COUNTY,223902,MEADOW ISD,TRADITIONAL ISD/CSD,Hispanic/Latino,165
2024-2025,17,TERRY COUNTY,223902,MEADOW ISD,TRADITIONAL ISD/CSD,Two or more races,<10
2024-2025,17,TERRY COUNTY,223902,MEADOW ISD,TRADITIONAL ISD/CSD,White,<70
2024-2025,20,KENDALL COUNTY,130801,MEADOWLAND CHARTER DISTRICT,OPEN ENROLLMENT CHARTER,Black or African American,<10
2024-2025,20,KENDALL COUNTY,130801,MEADOWLAND CHARTER DISTRICT,OPEN ENROLLMENT CHARTER,Hispanic/Latino,23
2024-2025,20,KENDALL COUNTY,130801,MEADOWLAND CHARTER DISTRICT,OPEN ENROLLMENT CHARTER,Two or more races,<10
2024-2025,20,KENDALL COUNTY,130801,MEADOWLAND CHARTER DISTRICT,OPEN ENROLLMENT CHARTER,White,14
2024-2025,20,BANDERA COUNTY,10901,MEDINA ISD,TRADITIONAL ISD/CSD,Black or African American,<20
2024-2025,20,BANDERA COUNTY,10901,MEDINA ISD,TRADITIONAL ISD/CSD,Hispanic/Latino,64
2024-2025,20,BANDERA COUNTY,10901,MEDINA ISD,TRADITIONAL ISD/CSD,Two or more races,<10
2024-2025,20,BANDERA COUNTY,10901,MEDINA ISD,TRADITIONAL ISD/CSD,White,164
2024-2025,20,MEDINA COUNTY,163908,MEDINA VALLEY ISD,TRADITIONAL ISD/CSD,American Indian or Alaska Nat,34
2024-2025,20,MEDINA COUNTY,163908,MEDINA VALLEY ISD,TRADITIONAL ISD/CSD,Asian,181
2024-2025,20,MEDINA COUNTY,163908,MEDINA VALLEY ISD,TRADITIONAL ISD/CSD,Black or African American,709
2024-2025,20,MEDINA COUNTY,163908,MEDINA VALLEY ISD,TRADITIONAL ISD/CSD,Hispanic/Latino,6202
2024-2025,20,MEDINA COUNTY,163908,MEDINA VALLEY ISD,TRADITIONAL ISD/CSD,Native Hawaiian/Other Pacific,28
2024-2025,20,MEDINA COUNTY,163908,MEDINA VALLEY ISD,TRADITIONAL ISD/CSD,Two or more races,436
2024-2025,20,MEDINA COUNTY,163908,MEDINA VALLEY ISD,TRADITIONAL ISD/CSD,White,2048
2024-2025,10,COLLIN COUNTY,43908,MELISSA ISD,TRADITIONAL ISD/CSD,American Indian or Alaska Nat,<50
2024-2025,10,COLLIN COUNTY,43908,MELISSA ISD,TRADITIONAL ISD/CSD,Asian,1268
2024-2025,10,COLLIN COUNTY,43908,MELISSA ISD,TRADITIONAL ISD/CSD,Black or African American,1290
2024-2025,10,COLLIN COUNTY,43908,MELISSA ISD,TRADITIONAL ISD/CSD,Hispanic/Latino,1352
2024-2025,10,COLLIN COUNTY,43908,MELISSA ISD,TRADITIONAL ISD/CSD,Native Hawaiian/Other Pacific,<10
2024-2025,10,COLLIN COUNTY,43908,MELISSA ISD,TRADITIONAL ISD/CSD,Two or more races,542
2024-2025,10,COLLIN COUNTY,43908,MELISSA ISD,TRADITIONAL ISD/CSD,White,3234
2024-2025,16,HALL COUNTY,96904,MEMPHIS ISD,TRADITIONAL ISD/CSD,American Indian or Alaska Nat,<10
2024-2025,16,HALL COUNTY,96904,MEMPHIS ISD,TRADITIONAL ISD/CSD,Black or African American,23
2024-2025,16,HALL COUNTY,96904,MEMPHIS ISD,TRADITIONAL ISD/CSD,Hispanic/Latino,230
2024-2025,16,HALL COUNTY,96904,MEMPHIS ISD,TRADITIONAL ISD/CSD,Two or more races,<20
2024-2025,16,HALL COUNTY,96904,MEMPHIS ISD,TRADITIONAL ISD/CSD,White,81
2024-2025,15,MENARD COUNTY,164901,MENARD ISD,TRADITIONAL ISD/CSD,Asian,<10
2024-2025,15,MENARD COUNTY,164901,MENARD ISD,TRADITIONAL ISD/CSD,Black or African American,<10
2024-2025,15,MENARD COUNTY,164901,MENARD ISD,TRADITIONAL ISD/CSD,Hispanic/Latino,136
2024-2025,15,MENARD COUNTY,164901,MENARD ISD,TRADITIONAL ISD/CSD,Two or more races,<10
2024-2025,15,MENARD COUNTY,164901,MENARD ISD,TRADITIONAL ISD/CSD,White,123
2024-2025,1,HIDALGO COUNTY,108907,MERCEDES ISD,TRADITIONAL ISD/CSD,American Indian or Alaska Nat,<10
2024-2025,1,HIDALGO COUNTY,108907,MERCEDES ISD,TRADITIONAL ISD/CSD,Asian,<10
2024-2025,1,HIDALGO COUNTY,108907,MERCEDES ISD,TRADITIONAL ISD/CSD,Black or African American,<10
2024-2025,1,HIDALGO COUNTY,108907,MERCEDES ISD,TRADITIONAL ISD/CSD,Hispanic/Latino,4121
2024-2025,1,HIDALGO COUNTY,108907,MERCEDES ISD,TRADITIONAL ISD/CSD,Native Hawaiian/Other Pacific,<10
2024-2025,1,HIDALGO COUNTY,108907,MERCEDES ISD,TRADITIONAL ISD/CSD,Two or more races,<10
2024-2025,1,HIDALGO COUNTY,108907,MERCEDES ISD,TRADITIONAL ISD/CSD,White,67
2024-2025,12,BOSQUE COUNTY,18902,MERIDIAN ISD,TRADITIONAL ISD/CSD,Asian,<10
2024-2025,12,BOSQUE COUNTY,18902,MERIDIAN ISD,TRADITIONAL ISD/CSD,Black or African American,<10
2024-2025,12,BOSQUE COUNTY,18902,MERIDIAN ISD,TRADITIONAL ISD/CSD,Hispanic/Latino,142
2024-2025,12,BOSQUE COUNTY,18902,MERIDIAN ISD,TRADITIONAL ISD/CSD,Native Hawaiian/Other Pacific,<10
2024-2025,12,BOSQUE COUNTY,18902,MERIDIAN ISD,TRADITIONAL ISD/CSD,Two or more races,16
2024-2025,12,BOSQUE COUNTY,18902,MERIDIAN ISD,TRADITIONAL ISD/CSD,White,209
2024-2025,13,WILLIAMSON COUNTY,246801,MERIDIAN WORLD SCHOOL LLC,OPEN ENROLLMENT CHARTER,American Indian or Alaska Nat,<10
2024-2025,13,WILLIAMSON COUNTY,246801,MERIDIAN WORLD SCHOOL LLC,OPEN ENROLLMENT CHARTER,Asian,776
2024-2025,13,WILLIAMSON COUNTY,246801,MERIDIAN WORLD SCHOOL LLC,OPEN ENROLLMENT CHARTER,Black or African American,151
2024-2025,13,WILLIAMSON COUNTY,246801,MERIDIAN WORLD SCHOOL LLC,OPEN ENROLLMENT CHARTER,Hispanic/Latino,298
2024-2025,13,WILLIAMSON COUNTY,246801,MERIDIAN WORLD SCHOOL LLC,OPEN ENROLLMENT CHARTER,Native Hawaiian/Other Pacific,<10
2024-2025,13,WILLIAMSON COUNTY,246801,MERIDIAN WORLD SCHOOL LLC,OPEN ENROLLMENT CHARTER,Two or more races,91
2024-2025,13,WILLIAMSON COUNTY,246801,MERIDIAN WORLD SCHOOL LLC,OPEN ENROLLMENT CHARTER,White,420
2024-2025,14,TAYLOR COUNTY,221904,MERKEL ISD,TRADITIONAL ISD/CSD,American Indian or Alaska Nat,<10
2024-2025,14,TAYLOR COUNTY,221904,MERKEL ISD,TRADITIONAL ISD/CSD,Asian,<10
2024-2025,14,TAYLOR COUNTY,221904,MERKEL ISD,TRADITIONAL ISD/CSD,Black or African American,11
2024-2025,14,TAYLOR COUNTY,221904,MERKEL ISD,TRADITIONAL ISD/CSD,Hispanic/Latino,279
2024-2025,14,TAYLOR COUNTY,221904,MERKEL ISD,TRADITIONAL ISD/CSD,Two or more races,34
2024-2025,14,TAYLOR COUNTY,221904,MERKEL ISD,TRADITIONAL ISD/CSD,White,759
2024-2025,10,DALLAS COUNTY,57914,MESQUITE ISD,TRADITIONAL ISD/CSD,American Indian or Alaska Nat,198
2024-2025,10,DALLAS COUNTY,57914,MESQUITE ISD,TRADITIONAL ISD/CSD,Asian,461
2024-2025,10,DALLAS COUNTY,57914,MESQUITE ISD,TRADITIONAL ISD/CSD,Black or African American,9258
2024-2025,10,DALLAS COUNTY,57914,MESQUITE ISD,TRADITIONAL ISD/CSD,Hispanic/Latino,24221
2024-2025,10,DALLAS COUNTY,57914,MESQUITE ISD,TRADITIONAL ISD/CSD,Native Hawaiian/Other Pacific,31
2024-2025,10,DALLAS COUNTY,57914,MESQUITE ISD,TRADITIONAL ISD/CSD,Two or more races,828
2024-2025,10,DALLAS COUNTY,57914,MESQUITE ISD,TRADITIONAL ISD/CSD,White,2933
2024-2025,12,LIMESTONE COUNTY,147903,MEXIA ISD,TRADITIONAL ISD/CSD,American Indian or Alaska Nat,<10
2024-2025,12,LIMESTONE COUNTY,147903,MEXIA ISD,TRADITIONAL ISD/CSD,Asian,15
2024-2025,12,LIMESTONE COUNTY,147903,MEXIA ISD,TRADITIONAL ISD/CSD,Black or African American,436
2024-2025,12,LIMESTONE COUNTY,147903,MEXIA ISD,TRADITIONAL ISD/CSD,Hispanic/Latino,955
2024-2025,12,LIMESTONE COUNTY,147903,MEXIA ISD,TRADITIONAL ISD/CSD,Native Hawaiian/Other Pacific,<20
2024-2025,12,LIMESTONE COUNTY,147903,MEXIA ISD,TRADITIONAL ISD/CSD,Two or more races,93
2024-2025,12,LIMESTONE COUNTY,147903,MEXIA ISD,TRADITIONAL ISD/CSD,White,329
2024-2025,4,HARRIS COUNTY,101855,MEYERPARK CHARTER,OPEN ENROLLMENT CHARTER,Asian,<10
2024-2025,4,HARRIS COUNTY,101855,MEYERPARK CHARTER,OPEN ENROLLMENT CHARTER,Black or African American,242
2024-2025,4,HARRIS COUNTY,101855,MEYERPARK CHARTER,OPEN ENROLLMENT CHARTER,Hispanic/Latino,42
2024-2025,4,HARRIS COUNTY,101855,MEYERPARK CHARTER,OPEN ENROLLMENT CHARTER,Two or more races,<10
2024-2025,4,HARRIS COUNTY,101855,MEYERPARK CHARTER,OPEN ENROLLMENT CHARTER,White,<10
2024-2025,3,DEWITT COUNTY,62906,MEYERSVILLE ISD,TRADITIONAL ISD/CSD,Black or African American,<10
2024-2025,3,DEWITT COUNTY,62906,MEYERSVILLE ISD,TRADITIONAL ISD/CSD,Hispanic/Latino,22
2024-2025,3,DEWITT COUNTY,62906,MEYERSVILLE ISD,TRADITIONAL ISD/CSD,Two or more races,<10
2024-2025,3,DEWITT COUNTY,62906,MEYERSVILLE ISD,TRADITIONAL ISD/CSD,White,145
2024-2025,16,ROBERTS COUNTY,197902,MIAMI ISD,TRADITIONAL ISD/CSD,American Indian or Alaska Nat,<10
2024-2025,16,ROBERTS COUNTY,197902,MIAMI ISD,TRADITIONAL ISD/CSD,Hispanic/Latino,18
2024-2025,16,ROBERTS COUNTY,197902,MIAMI ISD,TRADITIONAL ISD/CSD,Two or more races,<10
2024-2025,16,ROBERTS COUNTY,197902,MIAMI ISD,TRADITIONAL ISD/CSD,White,149
2024-2025,18,MIDLAND COUNTY,165802,MIDLAND ACADEMY CHARTER SCHOOL,OPEN ENROLLMENT CHARTER,Asian,<20
2024-2025,18,MIDLAND COUNTY,165802,MIDLAND ACADEMY CHARTER SCHOOL,OPEN ENROLLMENT CHARTER,Black or African American,35
2024-2025,18,MIDLAND COUNTY,165802,MIDLAND ACADEMY CHARTER SCHOOL,OPEN ENROLLMENT CHARTER,Hispanic/Latino,214
2024-2025,18,MIDLAND COUNTY,165802,MIDLAND ACADEMY CHARTER SCHOOL,OPEN ENROLLMENT CHARTER,Two or more races,<10
2024-2025,18,MIDLAND COUNTY,165802,MIDLAND ACADEMY CHARTER SCHOOL,OPEN ENROLLMENT CHARTER,White,155
2024-2025,18,MIDLAND COUNTY,165901,MIDLAND ISD,TRADITIONAL ISD/CSD,American Indian or Alaska Nat,59
2024-2025,18,MIDLAND COUNTY,165901,MIDLAND ISD,TRADITIONAL ISD/CSD,Asian,745
2024-2025,18,MIDLAND COUNTY,165901,MIDLAND ISD,TRADITIONAL ISD/CSD,Black or African American,1867
2024-2025,18,MIDLAND COUNTY,165901,MIDLAND ISD,TRADITIONAL ISD/CSD,Hispanic/Latino,20175
2024-2025,18,MIDLAND COUNTY,165901,MIDLAND ISD,TRADITIONAL ISD/CSD,Native Hawaiian/Other Pacific,30
2024-2025,18,MIDLAND COUNTY,165901,MIDLAND ISD,TRADITIONAL ISD/CSD,Two or more races,625
2024-2025,18,MIDLAND COUNTY,165901,MIDLAND ISD,TRADITIONAL ISD/CSD,White,6150
2024-2025,10,ELLIS COUNTY,70908,MIDLOTHIAN ISD,TRADITIONAL ISD/CSD,American Indian or Alaska Nat,32
2024-2025,10,ELLIS COUNTY,70908,MIDLOTHIAN ISD,TRADITIONAL ISD/CSD,Asian,112
2024-2025,10,ELLIS COUNTY,70908,MIDLOTHIAN ISD,TRADITIONAL ISD/CSD,Black or African American,1756
2024-2025,10,ELLIS COUNTY,70908,MIDLOTHIAN ISD,TRADITIONAL ISD/CSD,Hispanic/Latino,2870
2024-2025,10,ELLIS COUNTY,70908,MIDLOTHIAN ISD,TRADITIONAL ISD/CSD,Native Hawaiian/Other Pacific,13
2024-2025,10,ELLIS COUNTY,70908,MIDLOTHIAN ISD,TRADITIONAL ISD/CSD,Two or more races,576
2024-2025,10,ELLIS COUNTY,70908,MIDLOTHIAN ISD,TRADITIONAL ISD/CSD,White,5997
2024-2025,12,MCLENNAN COUNTY,161903,MIDWAY ISD,TRADITIONAL ISD/CSD,American Indian or Alaska Nat,21
2024-2025,12,MCLENNAN COUNTY,161903,MIDWAY ISD,TRADITIONAL ISD/CSD,Asian,417
2024-2025,12,MCLENNAN COUNTY,161903,MIDWAY ISD,TRADITIONAL ISD/CSD,Black or African American,1020
2024-2025,9,CLAY COUNTY,39905,MIDWAY ISD,TRADITIONAL ISD/CSD,Hispanic/Latino,<10
2024-2025,12,MCLENNAN COUNTY,161903,MIDWAY ISD,TRADITIONAL ISD/CSD,Hispanic/Latino,2351
2024-2025,12,MCLENNAN COUNTY,161903,MIDWAY ISD,TRADITIONAL ISD/CSD,Native Hawaiian/Other Pacific,18
2024-2025,12,MCLENNAN COUNTY,161903,MIDWAY ISD,TRADITIONAL ISD/CSD,Two or more races,518
2024-2025,9,CLAY COUNTY,39905,MIDWAY ISD,TRADITIONAL ISD/CSD,White,<130
2024-2025,12,MCLENNAN COUNTY,161903,MIDWAY ISD,TRADITIONAL ISD/CSD,White,4479
2024-2025,6,MILAM COUNTY,166903,MILANO ISD,TRADITIONAL ISD/CSD,American Indian or Alaska Nat,<10
2024-2025,6,MILAM COUNTY,166903,MILANO ISD,TRADITIONAL ISD/CSD,Asian,<10
2024-2025,6,MILAM COUNTY,166903,MILANO ISD,TRADITIONAL ISD/CSD,Black or African American,13
2024-2025,6,MILAM COUNTY,166903,MILANO ISD,TRADITIONAL ISD/CSD,Hispanic/Latino,110
2024-2025,6,MILAM COUNTY,166903,MILANO ISD,TRADITIONAL ISD/CSD,Native Hawaiian/Other Pacific,<10
2024-2025,6,MILAM COUNTY,166903,MILANO ISD,TRADITIONAL ISD/CSD,Two or more races,16
2024-2025,6,MILAM COUNTY,166903,MILANO ISD,TRADITIONAL ISD/CSD,White,279
2024-2025,12,NAVARRO COUNTY,175910,MILDRED ISD,TRADITIONAL ISD/CSD,American Indian or Alaska Nat,<10
2024-2025,12,NAVARRO COUNTY,175910,MILDRED ISD,TRADITIONAL ISD/CSD,Asian,<10
2024-2025,12,NAVARRO COUNTY,175910,MILDRED ISD,TRADITIONAL ISD/CSD,Black or African American,16
2024-2025,12,NAVARRO COUNTY,175910,MILDRED ISD,TRADITIONAL ISD/CSD,Hispanic/Latino,217
2024-2025,12,NAVARRO COUNTY,175910,MILDRED ISD,TRADITIONAL ISD/CSD,Native Hawaiian/Other Pacific,<10
2024-2025,12,NAVARRO COUNTY,175910,MILDRED ISD,TRADITIONAL ISD/CSD,Two or more races,30
2024-2025,12,NAVARRO COUNTY,175910,MILDRED ISD,TRADITIONAL ISD/CSD,White,566
2024-2025,15,RUNNELS COUNTY,200902,MILES ISD,TRADITIONAL ISD/CSD,American Indian or Alaska Nat,<10
2024-2025,15,RUNNELS COUNTY,200902,MILES ISD,TRADITIONAL ISD/CSD,Black or African American,<10
2024-2025,15,RUNNELS COUNTY,200902,MILES ISD,TRADITIONAL ISD/CSD,Hispanic/Latino,178
2024-2025,15,RUNNELS COUNTY,200902,MILES ISD,TRADITIONAL ISD/CSD,Two or more races,<10
2024-2025,15,RUNNELS COUNTY,200902,MILES ISD,TRADITIONAL ISD/CSD,White,291
2024-2025,10,ELLIS COUNTY,70909,MILFORD ISD,TRADITIONAL ISD/CSD,Black or African American,41
2024-2025,10,ELLIS COUNTY,70909,MILFORD ISD,TRADITIONAL ISD/CSD,Hispanic/Latino,112
2024-2025,10,ELLIS COUNTY,70909,MILFORD ISD,TRADITIONAL ISD/CSD,Two or more races,15
2024-2025,10,ELLIS COUNTY,70909,MILFORD ISD,TRADITIONAL ISD/CSD,White,90
2024-2025,8,HOPKINS COUNTY,112907,MILLER GROVE ISD,TRADITIONAL ISD/CSD,American Indian or Alaska Nat,<10
2024-2025,8,HOPKINS COUNTY,112907,MILLER GROVE ISD,TRADITIONAL ISD/CSD,Asian,<10
2024-2025,8,HOPKINS COUNTY,112907,MILLER GROVE ISD,TRADITIONAL ISD/CSD,Hispanic/Latino,42
2024-2025,8,HOPKINS COUNTY,112907,MILLER GROVE ISD,TRADITIONAL ISD/CSD,Native Hawaiian/Other Pacific,<10
2024-2025,8,HOPKINS COUNTY,112907,MILLER GROVE ISD,TRADITIONAL ISD/CSD,Two or more races,12
2024-2025,8,HOPKINS COUNTY,112907,MILLER GROVE ISD,TRADITIONAL ISD/CSD,White,252
2024-2025,11,PARKER COUNTY,184904,MILLSAP ISD,TRADITIONAL ISD/CSD,American Indian or Alaska Nat,<10
2024-2025,11,PARKER COUNTY,184904,MILLSAP ISD,TRADITIONAL ISD/CSD,Asian,<10
2024-2025,11,PARKER COUNTY,184904,MILLSAP ISD,TRADITIONAL ISD/CSD,Black or African American,<10
2024-2025,11,PARKER COUNTY,184904,MILLSAP ISD,TRADITIONAL ISD/CSD,Hispanic/Latino,185
2024-2025,11,PARKER COUNTY,184904,MILLSAP ISD,TRADITIONAL ISD/CSD,Native Hawaiian/Other Pacific,<10
2024-2025,11,PARKER COUNTY,184904,MILLSAP ISD,TRADITIONAL ISD/CSD,Two or more races,44
2024-2025,11,PARKER COUNTY,184904,MILLSAP ISD,TRADITIONAL ISD/CSD,White,838
2024-2025,7,WOOD COUNTY,250903,MINEOLA ISD,TRADITIONAL ISD/CSD,American Indian or Alaska Nat,13
2024-2025,7,WOOD COUNTY,250903,MINEOLA ISD,TRADITIONAL ISD/CSD,Asian,14
2024-2025,7,WOOD COUNTY,250903,MINEOLA ISD,TRADITIONAL ISD/CSD,Black or African American,64
2024-2025,7,WOOD COUNTY,250903,MINEOLA ISD,TRADITIONAL ISD/CSD,Hispanic/Latino,586
2024-2025,7,WOOD COUNTY,250903,MINEOLA ISD,TRADITIONAL ISD/CSD,Two or more races,108
2024-2025,7,WOOD COUNTY,250903,MINEOLA ISD,TRADITIONAL ISD/CSD,White,968
2024-2025,11,PALO PINTO COUNTY,182903,MINERAL WELLS ISD,TRADITIONAL ISD/CSD,American Indian or Alaska Nat,<10
2024-2025,11,PALO PINTO COUNTY,182903,MINERAL WELLS ISD,TRADITIONAL ISD/CSD,Asian,28
2024-2025,11,PALO PINTO COUNTY,182903,MINERAL WELLS ISD,TRADITIONAL ISD/CSD,Black or African American,113
2024-2025,11,PALO PINTO COUNTY,182903,MINERAL WELLS ISD,TRADITIONAL ISD/CSD,Hispanic/Latino,1385
2024-2025,11,PALO PINTO COUNTY,182903,MINERAL WELLS ISD,TRADITIONAL ISD/CSD,Native Hawaiian/Other Pacific,<10
2024-2025,11,PALO PINTO COUNTY,182903,MINERAL WELLS ISD,TRADITIONAL ISD/CSD,Two or more races,106
2024-2025,11,PALO PINTO COUNTY,182903,MINERAL WELLS ISD,TRADITIONAL ISD/CSD,White,1655
2024-2025,1,HIDALGO COUNTY,108908,MISSION CISD,TRADITIONAL ISD/CSD,American Indian or Alaska Nat,<10
2024-2025,1,HIDALGO COUNTY,108908,MISSION CISD,TRADITIONAL ISD/CSD,Asian,<10
2024-2025,1,HIDALGO COUNTY,108908,MISSION CISD,TRADITIONAL ISD/CSD,Black or African American,23
2024-2025,1,HIDALGO COUNTY,108908,MISSION CISD,TRADITIONAL ISD/CSD,Hispanic/Latino,13427
2024-2025,1,HIDALGO COUNTY,108908,MISSION CISD,TRADITIONAL ISD/CSD,Two or more races,<10
2024-2025,1,HIDALGO COUNTY,108908,MISSION CISD,TRADITIONAL ISD/CSD,White,298
2024-2025,18,WARD COUNTY,238902,MONAHANS-WICKETT-PYOTE ISD,TRADITIONAL ISD/CSD,American Indian or Alaska Nat,<10
2024-2025,18,WARD COUNTY,238902,MONAHANS-WICKETT-PYOTE ISD,TRADITIONAL ISD/CSD,Asian,14
2024-2025,18,WARD COUNTY,238902,MONAHANS-WICKETT-PYOTE ISD,TRADITIONAL ISD/CSD,Black or African American,75
2024-2025,18,WARD COUNTY,238902,MONAHANS-WICKETT-PYOTE ISD,TRADITIONAL ISD/CSD,Hispanic/Latino,1483
2024-2025,18,WARD COUNTY,238902,MONAHANS-WICKETT-PYOTE ISD,TRADITIONAL ISD/CSD,Native Hawaiian/Other Pacific,<10
2024-2025,18,WARD COUNTY,238902,MONAHANS-WICKETT-PYOTE ISD,TRADITIONAL ISD/CSD,Two or more races,19
2024-2025,18,WARD COUNTY,238902,MONAHANS-WICKETT-PYOTE ISD,TRADITIONAL ISD/CSD,White,581
2024-2025,9,MONTAGUE COUNTY,169908,MONTAGUE ISD,TRADITIONAL ISD/CSD,American Indian or Alaska Nat,<10
2024-2025,9,MONTAGUE COUNTY,169908,MONTAGUE ISD,TRADITIONAL ISD/CSD,Asian,<10
2024-2025,9,MONTAGUE COUNTY,169908,MONTAGUE ISD,TRADITIONAL ISD/CSD,Hispanic/Latino,19
2024-2025,9,MONTAGUE COUNTY,169908,MONTAGUE ISD,TRADITIONAL ISD/CSD,Two or more races,<10
2024-2025,9,MONTAGUE COUNTY,169908,MONTAGUE ISD,TRADITIONAL ISD/CSD,White,136
2024-2025,1,HIDALGO COUNTY,108915,MONTE ALTO ISD,TRADITIONAL ISD/CSD,American Indian or Alaska Nat,<10
2024-2025,1,HIDALGO COUNTY,108915,MONTE ALTO ISD,TRADITIONAL ISD/CSD,Hispanic/Latino,813
2024-2025,1,HIDALGO COUNTY,108915,MONTE ALTO ISD,TRADITIONAL ISD/CSD,White,<10
2024-2025,13,TRAVIS COUNTY,227826,MONTESSORI FOR ALL,OPEN ENROLLMENT CHARTER,Asian,23
2024-2025,13,TRAVIS COUNTY,227826,MONTESSORI FOR ALL,OPEN ENROLLMENT CHARTER,Black or African American,40
2024-2025,13,TRAVIS COUNTY,227826,MONTESSORI FOR ALL,OPEN ENROLLMENT CHARTER,Hispanic/Latino,211
2024-2025,13,TRAVIS COUNTY,227826,MONTESSORI FOR ALL,OPEN ENROLLMENT CHARTER,Two or more races,46
2024-2025,13,TRAVIS COUNTY,227826,MONTESSORI FOR ALL,OPEN ENROLLMENT CHARTER,White,150
2024-2025,6,MONTGOMERY COUNTY,170903,MONTGOMERY ISD,TRADITIONAL ISD/CSD,American Indian or Alaska Nat,<40
2024-2025,6,MONTGOMERY COUNTY,170903,MONTGOMERY ISD,TRADITIONAL ISD/CSD,Asian,107
2024-2025,6,MONTGOMERY COUNTY,170903,MONTGOMERY ISD,TRADITIONAL ISD/CSD,Black or African American,343
2024-2025,6,MONTGOMERY COUNTY,170903,MONTGOMERY ISD,TRADITIONAL ISD/CSD,Hispanic/Latino,1939
2024-2025,6,MONTGOMERY COUNTY,170903,MONTGOMERY ISD,TRADITIONAL ISD/CSD,Native Hawaiian/Other Pacific,<10
2024-2025,6,MONTGOMERY COUNTY,170903,MONTGOMERY ISD,TRADITIONAL ISD/CSD,Two or more races,380
2024-2025,6,MONTGOMERY COUNTY,170903,MONTGOMERY ISD,TRADITIONAL ISD/CSD,White,7076
2024-2025,12,MCLENNAN COUNTY,161910,MOODY ISD,TRADITIONAL ISD/CSD,American Indian or Alaska Nat,<10
2024-2025,12,MCLENNAN COUNTY,161910,MOODY ISD,TRADITIONAL ISD/CSD,Asian,<10
2024-2025,12,MCLENNAN COUNTY,161910,MOODY ISD,TRADITIONAL ISD/CSD,Black or African American,31
2024-2025,12,MCLENNAN COUNTY,161910,MOODY ISD,TRADITIONAL ISD/CSD,Hispanic/Latino,257
2024-2025,12,MCLENNAN COUNTY,161910,MOODY ISD,TRADITIONAL ISD/CSD,Two or more races,30
2024-2025,12,MCLENNAN COUNTY,161910,MOODY ISD,TRADITIONAL ISD/CSD,White,430
2024-2025,14,SHACKELFORD COUNTY,209902,MORAN ISD,TRADITIONAL ISD/CSD,Hispanic/Latino,10
2024-2025,14,SHACKELFORD COUNTY,209902,MORAN ISD,TRADITIONAL ISD/CSD,Native Hawaiian/Other Pacific,<10
2024-2025,14,SHACKELFORD COUNTY,209902,MORAN ISD,TRADITIONAL ISD/CSD,Two or more races,<10
2024-2025,14,SHACKELFORD COUNTY,209902,MORAN ISD,TRADITIONAL ISD/CSD,White,101
2024-2025,12,BOSQUE COUNTY,18903,MORGAN ISD,TRADITIONAL ISD/CSD,American Indian or Alaska Nat,<10
2024-2025,12,BOSQUE COUNTY,18903,MORGAN ISD,TRADITIONAL ISD/CSD,Hispanic/Latino,89
2024-2025,12,BOSQUE COUNTY,18903,MORGAN ISD,TRADITIONAL ISD/CSD,Two or more races,<10
2024-2025,12,BOSQUE COUNTY,18903,MORGAN ISD,TRADITIONAL ISD/CSD,White,42
2024-2025,11,ERATH COUNTY,72910,MORGAN MILL ISD,TRADITIONAL ISD/CSD,Asian,<10
2024-2025,11,ERATH COUNTY,72910,MORGAN MILL ISD,TRADITIONAL ISD/CSD,Black or African American,<10
2024-2025,11,ERATH COUNTY,72910,MORGAN MILL ISD,TRADITIONAL ISD/CSD,Hispanic/Latino,25
2024-2025,11,ERATH COUNTY,72910,MORGAN MILL ISD,TRADITIONAL ISD/CSD,Two or more races,<10
2024-2025,11,ERATH COUNTY,72910,MORGAN MILL ISD,TRADITIONAL ISD/CSD,White,93
2024-2025,17,COCHRAN COUNTY,40901,MORTON ISD,TRADITIONAL ISD/CSD,Black or African American,<10
2024-2025,17,COCHRAN COUNTY,40901,MORTON ISD,TRADITIONAL ISD/CSD,Hispanic/Latino,327
2024-2025,17,COCHRAN COUNTY,40901,MORTON ISD,TRADITIONAL ISD/CSD,Two or more races,<10
2024-2025,17,COCHRAN COUNTY,40901,MORTON ISD,TRADITIONAL ISD/CSD,White,36
2024-2025,17,MOTLEY COUNTY,173901,MOTLEY COUNTY ISD,TRADITIONAL ISD/CSD,Black or African American,<10
2024-2025,17,MOTLEY COUNTY,173901,MOTLEY COUNTY ISD,TRADITIONAL ISD/CSD,Hispanic/Latino,53
2024-2025,17,MOTLEY COUNTY,173901,MOTLEY COUNTY ISD,TRADITIONAL ISD/CSD,Two or more races,<10
2024-2025,17,MOTLEY COUNTY,173901,MOTLEY COUNTY ISD,TRADITIONAL ISD/CSD,White,122
2024-2025,3,LAVACA COUNTY,143902,MOULTON ISD,TRADITIONAL ISD/CSD,American Indian or Alaska Nat,<10
2024-2025,3,LAVACA COUNTY,143902,MOULTON ISD,TRADITIONAL ISD/CSD,Asian,<10
2024-2025,3,LAVACA COUNTY,143902,MOULTON ISD,TRADITIONAL ISD/CSD,Black or African American,<10
2024-2025,3,LAVACA COUNTY,143902,MOULTON ISD,TRADITIONAL ISD/CSD,Hispanic/Latino,131
2024-2025,3,LAVACA COUNTY,143902,MOULTON ISD,TRADITIONAL ISD/CSD,Two or more races,<10
2024-2025,3,LAVACA COUNTY,143902,MOULTON ISD,TRADITIONAL ISD/CSD,White,149
2024-2025,12,HILL COUNTY,109910,MOUNT CALM ISD,TRADITIONAL ISD/CSD,Asian,<10
2024-2025,12,HILL COUNTY,109910,MOUNT CALM ISD,TRADITIONAL ISD/CSD,Black or African American,<10
2024-2025,12,HILL COUNTY,109910,MOUNT CALM ISD,TRADITIONAL ISD/CSD,Hispanic/Latino,50
2024-2025,12,HILL COUNTY,109910,MOUNT CALM ISD,TRADITIONAL ISD/CSD,Two or more races,<10
2024-2025,12,HILL COUNTY,109910,MOUNT CALM ISD,TRADITIONAL ISD/CSD,White,104
2024-2025,7,RUSK COUNTY,201907,MOUNT ENTERPRISE ISD,TRADITIONAL ISD/CSD,American Indian or Alaska Nat,<10
2024-2025,7,RUSK COUNTY,201907,MOUNT ENTERPRISE ISD,TRADITIONAL ISD/CSD,Asian,<10
2024-2025,7,RUSK COUNTY,201907,MOUNT ENTERPRISE ISD,TRADITIONAL ISD/CSD,Black or African American,31
2024-2025,7,RUSK COUNTY,201907,MOUNT ENTERPRISE ISD,TRADITIONAL ISD/CSD,Hispanic/Latino,61
2024-2025,7,RUSK COUNTY,201907,MOUNT ENTERPRISE ISD,TRADITIONAL ISD/CSD,Native Hawaiian/Other Pacific,<10
2024-2025,7,RUSK COUNTY,201907,MOUNT ENTERPRISE ISD,TRADITIONAL ISD/CSD,Two or more races,25
2024-2025,7,RUSK COUNTY,201907,MOUNT ENTERPRISE ISD,TRADITIONAL ISD/CSD,White,375
2024-2025,8,TITUS COUNTY,225902,MOUNT PLEASANT ISD,TRADITIONAL ISD/CSD,American Indian or Alaska Nat,<20
2024-2025,8,TITUS COUNTY,225902,MOUNT PLEASANT ISD,TRADITIONAL ISD/CSD,Asian,34
2024-2025,8,TITUS COUNTY,225902,MOUNT PLEASANT ISD,TRADITIONAL ISD/CSD,Black or African American,587
2024-2025,8,TITUS COUNTY,225902,MOUNT PLEASANT ISD,TRADITIONAL ISD/CSD,Hispanic/Latino,3636
2024-2025,8,TITUS COUNTY,225902,MOUNT PLEASANT ISD,TRADITIONAL ISD/CSD,Native Hawaiian/Other Pacific,<10
2024-2025,8,TITUS COUNTY,225902,MOUNT PLEASANT ISD,TRADITIONAL ISD/CSD,Two or more races,72
2024-2025,8,TITUS COUNTY,225902,MOUNT PLEASANT ISD,TRADITIONAL ISD/CSD,White,804
2024-2025,8,FRANKLIN COUNTY,80901,MOUNT VERNON ISD,TRADITIONAL ISD/CSD,American Indian or Alaska Nat,<10
2024-2025,8,FRANKLIN COUNTY,80901,MOUNT VERNON ISD,TRADITIONAL ISD/CSD,Asian,<20
2024-2025,8,FRANKLIN COUNTY,80901,MOUNT VERNON ISD,TRADITIONAL ISD/CSD,Black or African American,68
2024-2025,8,FRANKLIN COUNTY,80901,MOUNT VERNON ISD,TRADITIONAL ISD/CSD,Hispanic/Latino,449
2024-2025,8,FRANKLIN COUNTY,80901,MOUNT VERNON ISD,TRADITIONAL ISD/CSD,Two or more races,81
2024-2025,8,FRANKLIN COUNTY,80901,MOUNT VERNON ISD,TRADITIONAL ISD/CSD,White,995
2024-2025,11,COOKE COUNTY,49902,MUENSTER ISD,TRADITIONAL ISD/CSD,American Indian or Alaska Nat,<10
2024-2025,11,COOKE COUNTY,49902,MUENSTER ISD,TRADITIONAL ISD/CSD,Asian,<10
2024-2025,11,COOKE COUNTY,49902,MUENSTER ISD,TRADITIONAL ISD/CSD,Black or African American,<10
2024-2025,11,COOKE COUNTY,49902,MUENSTER ISD,TRADITIONAL ISD/CSD,Hispanic/Latino,34
2024-2025,11,COOKE COUNTY,49902,MUENSTER ISD,TRADITIONAL ISD/CSD,Two or more races,20
2024-2025,11,COOKE COUNTY,49902,MUENSTER ISD,TRADITIONAL ISD/CSD,White,512
2024-2025,17,BAILEY COUNTY,9901,MULESHOE ISD,TRADITIONAL ISD/CSD,Asian,<10
2024-2025,17,BAILEY COUNTY,9901,MULESHOE ISD,TRADITIONAL ISD/CSD,Black or African American,<10
2024-2025,17,BAILEY COUNTY,9901,MULESHOE ISD,TRADITIONAL ISD/CSD,Hispanic/Latino,1167
2024-2025,17,BAILEY COUNTY,9901,MULESHOE ISD,TRADITIONAL ISD/CSD,Two or more races,<10
2024-2025,17,BAILEY COUNTY,9901,MULESHOE ISD,TRADITIONAL ISD/CSD,White,151
2024-2025,12,MILLS COUNTY,167902,MULLIN ISD,TRADITIONAL ISD/CSD,Asian,<10
2024-2025,12,MILLS COUNTY,167902,MULLIN ISD,TRADITIONAL ISD/CSD,Black or African American,12
2024-2025,12,MILLS COUNTY,167902,MULLIN ISD,TRADITIONAL ISD/CSD,Hispanic/Latino,31
2024-2025,12,MILLS COUNTY,167902,MULLIN ISD,TRADITIONAL ISD/CSD,Two or more races,<10
2024-2025,12,MILLS COUNTY,167902,MULLIN ISD,TRADITIONAL ISD/CSD,White,86
2024-2025,6,ROBERTSON COUNTY,198906,MUMFORD ISD,TRADITIONAL ISD/CSD,American Indian or Alaska Nat,<10
2024-2025,6,ROBERTSON COUNTY,198906,MUMFORD ISD,TRADITIONAL ISD/CSD,Black or African American,28
2024-2025,6,ROBERTSON COUNTY,198906,MUMFORD ISD,TRADITIONAL ISD/CSD,Hispanic/Latino,313
2024-2025,6,ROBERTSON COUNTY,198906,MUMFORD ISD,TRADITIONAL ISD/CSD,Two or more races,<20
2024-2025,6,ROBERTSON COUNTY,198906,MUMFORD ISD,TRADITIONAL ISD/CSD,White,246
2024-2025,9,KNOX COUNTY,138903,MUNDAY CISD,TRADITIONAL ISD/CSD,American Indian or Alaska Nat,<10
2024-2025,9,KNOX COUNTY,138903,MUNDAY CISD,TRADITIONAL ISD/CSD,Asian,<10
2024-2025,9,KNOX COUNTY,138903,MUNDAY CISD,TRADITIONAL ISD/CSD,Black or African American,13
2024-2025,9,KNOX COUNTY,138903,MUNDAY CISD,TRADITIONAL ISD/CSD,Hispanic/Latino,229
2024-2025,9,KNOX COUNTY,138903,MUNDAY CISD,TRADITIONAL ISD/CSD,Two or more races,27
2024-2025,9,KNOX COUNTY,138903,MUNDAY CISD,TRADITIONAL ISD/CSD,White,148
2024-2025,7,HENDERSON COUNTY,107908,MURCHISON ISD,TRADITIONAL ISD/CSD,Black or African American,<10
2024-2025,7,HENDERSON COUNTY,107908,MURCHISON ISD,TRADITIONAL ISD/CSD,Hispanic/Latino,37
2024-2025,7,HENDERSON COUNTY,107908,MURCHISON ISD,TRADITIONAL ISD/CSD,Two or more races,<10
2024-2025,7,HENDERSON COUNTY,107908,MURCHISON ISD,TRADITIONAL ISD/CSD,White,126
2024-2025,7,NACOGDOCHES COUNTY,174904,NACOGDOCHES ISD,TRADITIONAL ISD/CSD,American Indian or Alaska Nat,<10
2024-2025,7,NACOGDOCHES COUNTY,174904,NACOGDOCHES ISD,TRADITIONAL ISD/CSD,Asian,71
2024-2025,7,NACOGDOCHES COUNTY,174904,NACOGDOCHES ISD,TRADITIONAL ISD/CSD,Black or African American,1704
2024-2025,7,NACOGDOCHES COUNTY,174904,NACOGDOCHES ISD,TRADITIONAL ISD/CSD,Hispanic/Latino,2784
2024-2025,7,NACOGDOCHES COUNTY,174904,NACOGDOCHES ISD,TRADITIONAL ISD/CSD,Native Hawaiian/Other Pacific,<10
2024-2025,7,NACOGDOCHES COUNTY,174904,NACOGDOCHES ISD,TRADITIONAL ISD/CSD,Two or more races,207
2024-2025,7,NACOGDOCHES COUNTY,174904,NACOGDOCHES ISD,TRADITIONAL ISD/CSD,White,995
2024-2025,20,MEDINA COUNTY,163903,NATALIA ISD,TRADITIONAL ISD/CSD,American Indian or Alaska Nat,<10
2024-2025,20,MEDINA COUNTY,163903,NATALIA ISD,TRADITIONAL ISD/CSD,Black or African American,<10
2024-2025,20,MEDINA COUNTY,163903,NATALIA ISD,TRADITIONAL ISD/CSD,Hispanic/Latino,1135
2024-2025,20,MEDINA COUNTY,163903,NATALIA ISD,TRADITIONAL ISD/CSD,Two or more races,<10
2024-2025,20,MEDINA COUNTY,163903,NATALIA ISD,TRADITIONAL ISD/CSD,White,169
2024-2025,20,GUADALUPE COUNTY,94903,NAVARRO ISD,TRADITIONAL ISD/CSD,American Indian or Alaska Nat,<10
2024-2025,20,GUADALUPE COUNTY,94903,NAVARRO ISD,TRADITIONAL ISD/CSD,Asian,29
2024-2025,20,GUADALUPE COUNTY,94903,NAVARRO ISD,TRADITIONAL ISD/CSD,Black or African American,84
2024-2025,20,GUADALUPE COUNTY,94903,NAVARRO ISD,TRADITIONAL ISD/CSD,Hispanic/Latino,1236
2024-2025,20,GUADALUPE COUNTY,94903,NAVARRO ISD,TRADITIONAL ISD/CSD,Native Hawaiian/Other Pacific,<20
2024-2025,20,GUADALUPE COUNTY,94903,NAVARRO ISD,TRADITIONAL ISD/CSD,Two or more races,112
2024-2025,20,GUADALUPE COUNTY,94903,NAVARRO ISD,TRADITIONAL ISD/CSD,White,1220
2024-2025,6,GRIMES COUNTY,93904,NAVASOTA ISD,TRADITIONAL ISD/CSD,American Indian or Alaska Nat,<10
2024-2025,6,GRIMES COUNTY,93904,NAVASOTA ISD,TRADITIONAL ISD/CSD,Asian,<10
2024-2025,6,GRIMES COUNTY,93904,NAVASOTA ISD,TRADITIONAL ISD/CSD,Black or African American,501
2024-2025,6,GRIMES COUNTY,93904,NAVASOTA ISD,TRADITIONAL ISD/CSD,Hispanic/Latino,1824
2024-2025,6,GRIMES COUNTY,93904,NAVASOTA ISD,TRADITIONAL ISD/CSD,Native Hawaiian/Other Pacific,<10
2024-2025,6,GRIMES COUNTY,93904,NAVASOTA ISD,TRADITIONAL ISD/CSD,Two or more races,57
2024-2025,6,GRIMES COUNTY,93904,NAVASOTA ISD,TRADITIONAL ISD/CSD,White,724
2024-2025,16,CASTRO COUNTY,35903,NAZARETH ISD,TRADITIONAL ISD/CSD,Hispanic/Latino,<20
2024-2025,16,CASTRO COUNTY,35903,NAZARETH ISD,TRADITIONAL ISD/CSD,Two or more races,<10
2024-2025,16,CASTRO COUNTY,35903,NAZARETH ISD,TRADITIONAL ISD/CSD,White,219
2024-2025,7,ANDERSON COUNTY,1906,NECHES ISD,TRADITIONAL ISD/CSD,American Indian or Alaska Nat,<10
2024-2025,7,ANDERSON COUNTY,1906,NECHES ISD,TRADITIONAL ISD/CSD,Asian,<10
2024-2025,7,ANDERSON COUNTY,1906,NECHES ISD,TRADITIONAL ISD/CSD,Black or African American,24
2024-2025,7,ANDERSON COUNTY,1906,NECHES ISD,TRADITIONAL ISD/CSD,Hispanic/Latino,52
2024-2025,7,ANDERSON COUNTY,1906,NECHES ISD,TRADITIONAL ISD/CSD,Two or more races,10
2024-2025,7,ANDERSON COUNTY,1906,NECHES ISD,TRADITIONAL ISD/CSD,White,248
2024-2025,5,JEFFERSON COUNTY,123905,NEDERLAND ISD,TRADITIONAL ISD/CSD,American Indian or Alaska Nat,<20
2024-2025,5,JEFFERSON COUNTY,123905,NEDERLAND ISD,TRADITIONAL ISD/CSD,Asian,411
2024-2025,5,JEFFERSON COUNTY,123905,NEDERLAND ISD,TRADITIONAL ISD/CSD,Black or African American,456
2024-2025,5,JEFFERSON COUNTY,123905,NEDERLAND ISD,TRADITIONAL ISD/CSD,Hispanic/Latino,1753
2024-2025,5,JEFFERSON COUNTY,123905,NEDERLAND ISD,TRADITIONAL ISD/CSD,Native Hawaiian/Other Pacific,<10
2024-2025,5,JEFFERSON COUNTY,123905,NEDERLAND ISD,TRADITIONAL ISD/CSD,Two or more races,203
2024-2025,5,JEFFERSON COUNTY,123905,NEDERLAND ISD,TRADITIONAL ISD/CSD,White,2467
2024-2025,4,FORT BEND COUNTY,79906,NEEDVILLE ISD,TRADITIONAL ISD/CSD,American Indian or Alaska Nat,<20
2024-2025,4,FORT BEND COUNTY,79906,NEEDVILLE ISD,TRADITIONAL ISD/CSD,Asian,18
2024-2025,4,FORT BEND COUNTY,79906,NEEDVILLE ISD,TRADITIONAL ISD/CSD,Black or African American,156
2024-2025,4,FORT BEND COUNTY,79906,NEEDVILLE ISD,TRADITIONAL ISD/CSD,Hispanic/Latino,1801
2024-2025,4,FORT BEND COUNTY,79906,NEEDVILLE ISD,TRADITIONAL ISD/CSD,Native Hawaiian/Other Pacific,<10
2024-2025,4,FORT BEND COUNTY,79906,NEEDVILLE ISD,TRADITIONAL ISD/CSD,Two or more races,56
2024-2025,4,FORT BEND COUNTY,79906,NEEDVILLE ISD,TRADITIONAL ISD/CSD,White,1603
2024-2025,8,BOWIE COUNTY,19905,NEW BOSTON ISD,TRADITIONAL ISD/CSD,American Indian or Alaska Nat,<10
2024-2025,8,BOWIE COUNTY,19905,NEW BOSTON ISD,TRADITIONAL ISD/CSD,Asian,<10
2024-2025,8,BOWIE COUNTY,19905,NEW BOSTON ISD,TRADITIONAL ISD/CSD,Black or African American,266
2024-2025,8,BOWIE COUNTY,19905,NEW BOSTON ISD,TRADITIONAL ISD/CSD,Hispanic/Latino,100
2024-2025,8,BOWIE COUNTY,19905,NEW BOSTON ISD,TRADITIONAL ISD/CSD,Native Hawaiian/Other Pacific,<10
2024-2025,8,BOWIE COUNTY,19905,NEW BOSTON ISD,TRADITIONAL ISD/CSD,Two or more races,123
2024-2025,8,BOWIE COUNTY,19905,NEW BOSTON ISD,TRADITIONAL ISD/CSD,White,612
2024-2025,20,COMAL COUNTY,46901,NEW BRAUNFELS ISD,TRADITIONAL ISD/CSD,American Indian or Alaska Nat,22
2024-2025,20,COMAL COUNTY,46901,NEW BRAUNFELS ISD,TRADITIONAL ISD/CSD,Asian,103
2024-2025,20,COMAL COUNTY,46901,NEW BRAUNFELS ISD,TRADITIONAL ISD/CSD,Black or African American,180
2024-2025,20,COMAL COUNTY,46901,NEW BRAUNFELS ISD,TRADITIONAL ISD/CSD,Hispanic/Latino,4817
2024-2025,20,COMAL COUNTY,46901,NEW BRAUNFELS ISD,TRADITIONAL ISD/CSD,Native Hawaiian/Other Pacific,21
2024-2025,20,COMAL COUNTY,46901,NEW BRAUNFELS ISD,TRADITIONAL ISD/CSD,Two or more races,382
2024-2025,20,COMAL COUNTY,46901,NEW BRAUNFELS ISD,TRADITIONAL ISD/CSD,White,4368
2024-2025,6,MONTGOMERY COUNTY,170908,NEW CANEY ISD,TRADITIONAL ISD/CSD,American Indian or Alaska Nat,60
2024-2025,6,MONTGOMERY COUNTY,170908,NEW CANEY ISD,TRADITIONAL ISD/CSD,Asian,378
2024-2025,6,MONTGOMERY COUNTY,170908,NEW CANEY ISD,TRADITIONAL ISD/CSD,Black or African American,1688
2024-2025,6,MONTGOMERY COUNTY,170908,NEW CANEY ISD,TRADITIONAL ISD/CSD,Hispanic/Latino,12257
2024-2025,6,MONTGOMERY COUNTY,170908,NEW CANEY ISD,TRADITIONAL ISD/CSD,Native Hawaiian/Other Pacific,39
2024-2025,6,MONTGOMERY COUNTY,170908,NEW CANEY ISD,TRADITIONAL ISD/CSD,Two or more races,531
2024-2025,6,MONTGOMERY COUNTY,170908,NEW CANEY ISD,TRADITIONAL ISD/CSD,White,4467
2024-2025,17,LUBBOCK COUNTY,152902,NEW DEAL ISD,TRADITIONAL ISD/CSD,American Indian or Alaska Nat,<10
2024-2025,17,LUBBOCK COUNTY,152902,NEW DEAL ISD,TRADITIONAL ISD/CSD,Black or African American,<10
2024-2025,17,LUBBOCK COUNTY,152902,NEW DEAL ISD,TRADITIONAL ISD/CSD,Hispanic/Latino,401
2024-2025,17,LUBBOCK COUNTY,152902,NEW DEAL ISD,TRADITIONAL ISD/CSD,Two or more races,14
2024-2025,17,LUBBOCK COUNTY,152902,NEW DEAL ISD,TRADITIONAL ISD/CSD,White,309
2024-2025,7,UPSHUR COUNTY,230906,NEW DIANA ISD,TRADITIONAL ISD/CSD,American Indian or Alaska Nat,<10
2024-2025,7,UPSHUR COUNTY,230906,NEW DIANA ISD,TRADITIONAL ISD/CSD,Asian,<10
2024-2025,7,UPSHUR COUNTY,230906,NEW DIANA ISD,TRADITIONAL ISD/CSD,Black or African American,82
2024-2025,7,UPSHUR COUNTY,230906,NEW DIANA ISD,TRADITIONAL ISD/CSD,Hispanic/Latino,110
2024-2025,7,UPSHUR COUNTY,230906,NEW DIANA ISD,TRADITIONAL ISD/CSD,Two or more races,63
2024-2025,7,UPSHUR COUNTY,230906,NEW DIANA ISD,TRADITIONAL ISD/CSD,White,869
2024-2025,20,BEXAR COUNTY,15805,NEW FRONTIERS PUBLIC SCHOOLS INC,OPEN ENROLLMENT CHARTER,Asian,<10
2024-2025,20,BEXAR COUNTY,15805,NEW FRONTIERS PUBLIC SCHOOLS INC,OPEN ENROLLMENT CHARTER,Black or African American,<10
2024-2025,20,BEXAR COUNTY,15805,NEW FRONTIERS PUBLIC SCHOOLS INC,OPEN ENROLLMENT CHARTER,Hispanic/Latino,287
2024-2025,20,BEXAR COUNTY,15805,NEW FRONTIERS PUBLIC SCHOOLS INC,OPEN ENROLLMENT CHARTER,Two or more races,<10
2024-2025,20,BEXAR COUNTY,15805,NEW FRONTIERS PUBLIC SCHOOLS INC,OPEN ENROLLMENT CHARTER,White,10
2024-2025,11,TARRANT COUNTY,220822,NEW HEIGHTS,OPEN ENROLLMENT CHARTER,American Indian or Alaska Nat,<10
2024-2025,11,TARRANT COUNTY,220822,NEW HEIGHTS,OPEN ENROLLMENT CHARTER,Asian,<10
2024-2025,11,TARRANT COUNTY,220822,NEW HEIGHTS,OPEN ENROLLMENT CHARTER,Black or African American,134
2024-2025,11,TARRANT COUNTY,220822,NEW HEIGHTS,OPEN ENROLLMENT CHARTER,Hispanic/Latino,313
2024-2025,11,TARRANT COUNTY,220822,NEW HEIGHTS,OPEN ENROLLMENT CHARTER,Two or more races,<10
2024-2025,11,TARRANT COUNTY,220822,NEW HEIGHTS,OPEN ENROLLMENT CHARTER,White,133
2024-2025,17,LYNN COUNTY,153905,NEW HOME ISD,TRADITIONAL ISD/CSD,Asian,<10
2024-2025,17,LYNN COUNTY,153905,NEW HOME ISD,TRADITIONAL ISD/CSD,Hispanic/Latino,152
2024-2025,17,LYNN COUNTY,153905,NEW HOME ISD,TRADITIONAL ISD/CSD,Native Hawaiian/Other Pacific,<10
2024-2025,17,LYNN COUNTY,153905,NEW HOME ISD,TRADITIONAL ISD/CSD,Two or more races,12
2024-2025,17,LYNN COUNTY,153905,NEW HOME ISD,TRADITIONAL ISD/CSD,White,542
2024-2025,7,CHEROKEE COUNTY,37908,NEW SUMMERFIELD ISD,TRADITIONAL ISD/CSD,American Indian or Alaska Nat,<10
2024-2025,7,CHEROKEE COUNTY,37908,NEW SUMMERFIELD ISD,TRADITIONAL ISD/CSD,Asian,<10
2024-2025,7,CHEROKEE COUNTY,37908,NEW SUMMERFIELD ISD,TRADITIONAL ISD/CSD,Black or African American,<10
2024-2025,7,CHEROKEE COUNTY,37908,NEW SUMMERFIELD ISD,TRADITIONAL ISD/CSD,Hispanic/Latino,452
2024-2025,7,CHEROKEE COUNTY,37908,NEW SUMMERFIELD ISD,TRADITIONAL ISD/CSD,Two or more races,<10
2024-2025,7,CHEROKEE COUNTY,37908,NEW SUMMERFIELD ISD,TRADITIONAL ISD/CSD,White,64
2024-2025,6,WALKER COUNTY,236901,NEW WAVERLY ISD,TRADITIONAL ISD/CSD,Asian,<10
2024-2025,6,WALKER COUNTY,236901,NEW WAVERLY ISD,TRADITIONAL ISD/CSD,Black or African American,100
2024-2025,6,WALKER COUNTY,236901,NEW WAVERLY ISD,TRADITIONAL ISD/CSD,Hispanic/Latino,193
2024-2025,6,WALKER COUNTY,236901,NEW WAVERLY ISD,TRADITIONAL ISD/CSD,Two or more races,<80
2024-2025,6,WALKER COUNTY,236901,NEW WAVERLY ISD,TRADITIONAL ISD/CSD,White,697
2024-2025,9,YOUNG COUNTY,252902,NEWCASTLE ISD,TRADITIONAL ISD/CSD,Black or African American,<10
2024-2025,9,YOUNG COUNTY,252902,NEWCASTLE ISD,TRADITIONAL ISD/CSD,Hispanic/Latino,32
2024-2025,9,YOUNG COUNTY,252902,NEWCASTLE ISD,TRADITIONAL ISD/CSD,Two or more races,<10
2024-2025,9,YOUNG COUNTY,252902,NEWCASTLE ISD,TRADITIONAL ISD/CSD,White,186
2024-2025,11,TARRANT COUNTY,220817,NEWMAN INTERNATIONAL ACADEMY OF ARLINGTON,OPEN ENROLLMENT CHARTER,American Indian or Alaska Nat,<30
2024-2025,11,TARRANT COUNTY,220817,NEWMAN INTERNATIONAL ACADEMY OF ARLINGTON,OPEN ENROLLMENT CHARTER,Asian,175
2024-2025,11,TARRANT COUNTY,220817,NEWMAN INTERNATIONAL ACADEMY OF ARLINGTON,OPEN ENROLLMENT CHARTER,Black or African American,1235
2024-2025,11,TARRANT COUNTY,220817,NEWMAN INTERNATIONAL ACADEMY OF ARLINGTON,OPEN ENROLLMENT CHARTER,Hispanic/Latino,769
2024-2025,11,TARRANT COUNTY,220817,NEWMAN INTERNATIONAL ACADEMY OF ARLINGTON,OPEN ENROLLMENT CHARTER,Native Hawaiian/Other Pacific,<10
2024-2025,11,TARRANT COUNTY,220817,NEWMAN INTERNATIONAL ACADEMY OF ARLINGTON,OPEN ENROLLMENT CHARTER,Two or more races,90
2024-2025,11,TARRANT COUNTY,220817,NEWMAN INTERNATIONAL ACADEMY OF ARLINGTON,OPEN ENROLLMENT CHARTER,White,532
2024-2025,5,NEWTON COUNTY,176902,NEWTON ISD,TRADITIONAL ISD/CSD,Asian,<10
2024-2025,5,NEWTON COUNTY,176902,NEWTON ISD,TRADITIONAL ISD/CSD,Black or African American,301
2024-2025,5,NEWTON COUNTY,176902,NEWTON ISD,TRADITIONAL ISD/CSD,Hispanic/Latino,<50
2024-2025,5,NEWTON COUNTY,176902,NEWTON ISD,TRADITIONAL ISD/CSD,Two or more races,55
2024-2025,5,NEWTON COUNTY,176902,NEWTON ISD,TRADITIONAL ISD/CSD,White,530
2024-2025,13,GONZALES COUNTY,89903,NIXON-SMILEY CISD,TRADITIONAL ISD/CSD,American Indian or Alaska Nat,<10
2024-2025,13,GONZALES COUNTY,89903,NIXON-SMILEY CISD,TRADITIONAL ISD/CSD,Asian,<10
2024-2025,13,GONZALES COUNTY,89903,NIXON-SMILEY CISD,TRADITIONAL ISD/CSD,Black or African American,17
2024-2025,13,GONZALES COUNTY,89903,NIXON-SMILEY CISD,TRADITIONAL ISD/CSD,Hispanic/Latino,741
2024-2025,13,GONZALES COUNTY,89903,NIXON-SMILEY CISD,TRADITIONAL ISD/CSD,Two or more races,23
2024-2025,13,GONZALES COUNTY,89903,NIXON-SMILEY CISD,TRADITIONAL ISD/CSD,White,231
2024-2025,9,MONTAGUE COUNTY,169902,NOCONA ISD,TRADITIONAL ISD/CSD,American Indian or Alaska Nat,<10
2024-2025,9,MONTAGUE COUNTY,169902,NOCONA ISD,TRADITIONAL ISD/CSD,Asian,<10
2024-2025,9,MONTAGUE COUNTY,169902,NOCONA ISD,TRADITIONAL ISD/CSD,Black or African American,<10
2024-2025,9,MONTAGUE COUNTY,169902,NOCONA ISD,TRADITIONAL ISD/CSD,Hispanic/Latino,260
2024-2025,9,MONTAGUE COUNTY,169902,NOCONA ISD,TRADITIONAL ISD/CSD,Two or more races,31
2024-2025,9,MONTAGUE COUNTY,169902,NOCONA ISD,TRADITIONAL ISD/CSD,White,480
2024-2025,3,DEWITT COUNTY,62902,NORDHEIM ISD,TRADITIONAL ISD/CSD,Black or African American,<10
2024-2025,3,DEWITT COUNTY,62902,NORDHEIM ISD,TRADITIONAL ISD/CSD,Hispanic/Latino,53
2024-2025,3,DEWITT COUNTY,62902,NORDHEIM ISD,TRADITIONAL ISD/CSD,Two or more races,<10
2024-2025,3,DEWITT COUNTY,62902,NORDHEIM ISD,TRADITIONAL ISD/CSD,White,58
2024-2025,6,LEON COUNTY,145906,NORMANGEE ISD,TRADITIONAL ISD/CSD,Asian,<10
2024-2025,6,LEON COUNTY,145906,NORMANGEE ISD,TRADITIONAL ISD/CSD,Black or African American,33
2024-2025,6,LEON COUNTY,145906,NORMANGEE ISD,TRADITIONAL ISD/CSD,Hispanic/Latino,111
2024-2025,6,LEON COUNTY,145906,NORMANGEE ISD,TRADITIONAL ISD/CSD,Native Hawaiian/Other Pacific,<10
2024-2025,6,LEON COUNTY,145906,NORMANGEE ISD,TRADITIONAL ISD/CSD,Two or more races,36
2024-2025,6,LEON COUNTY,145906,NORMANGEE ISD,TRADITIONAL ISD/CSD,White,473
2024-2025,20,BEXAR COUNTY,15910,NORTH EAST ISD,TRADITIONAL ISD/CSD,American Indian or Alaska Nat,143
2024-2025,20,BEXAR COUNTY,15910,NORTH EAST ISD,TRADITIONAL ISD/CSD,Asian,2398
2024-2025,20,BEXAR COUNTY,15910,NORTH EAST ISD,TRADITIONAL ISD/CSD,Black or African American,3550
2024-2025,20,BEXAR COUNTY,15910,NORTH EAST ISD,TRADITIONAL ISD/CSD,Hispanic/Latino,35845
2024-2025,20,BEXAR COUNTY,15910,NORTH EAST ISD,TRADITIONAL ISD/CSD,Native Hawaiian/Other Pacific,56
2024-2025,20,BEXAR COUNTY,15910,NORTH EAST ISD,TRADITIONAL ISD/CSD,Two or more races,2336
2024-2025,20,BEXAR COUNTY,15910,NORTH EAST ISD,TRADITIONAL ISD/CSD,White,12092
2024-2025,8,HOPKINS COUNTY,112906,NORTH HOPKINS ISD,TRADITIONAL ISD/CSD,Black or African American,<10
2024-2025,8,HOPKINS COUNTY,112906,NORTH HOPKINS ISD,TRADITIONAL ISD/CSD,Hispanic/Latino,134
2024-2025,8,HOPKINS COUNTY,112906,NORTH HOPKINS ISD,TRADITIONAL ISD/CSD,Native Hawaiian/Other Pacific,<10
2024-2025,8,HOPKINS COUNTY,112906,NORTH HOPKINS ISD,TRADITIONAL ISD/CSD,Two or more races,15
2024-2025,8,HOPKINS COUNTY,112906,NORTH HOPKINS ISD,TRADITIONAL ISD/CSD,White,344
2024-2025,8,LAMAR COUNTY,139911,NORTH LAMAR ISD,TRADITIONAL ISD/CSD,American Indian or Alaska Nat,33
2024-2025,8,LAMAR COUNTY,139911,NORTH LAMAR ISD,TRADITIONAL ISD/CSD,Asian,<30
2024-2025,8,LAMAR COUNTY,139911,NORTH LAMAR ISD,TRADITIONAL ISD/CSD,Black or African American,104
2024-2025,8,LAMAR COUNTY,139911,NORTH LAMAR ISD,TRADITIONAL ISD/CSD,Hispanic/Latino,352
2024-2025,8,LAMAR COUNTY,139911,NORTH LAMAR ISD,TRADITIONAL ISD/CSD,Native Hawaiian/Other Pacific,<10
2024-2025,8,LAMAR COUNTY,139911,NORTH LAMAR ISD,TRADITIONAL ISD/CSD,Two or more races,231
2024-2025,8,LAMAR COUNTY,139911,NORTH LAMAR ISD,TRADITIONAL ISD/CSD,White,1646
2024-2025,11,DENTON COUNTY,61802,NORTH TEXAS COLLEGIATE ACADEMY,OPEN ENROLLMENT CHARTER,American Indian or Alaska Nat,<10
2024-2025,11,DENTON COUNTY,61802,NORTH TEXAS COLLEGIATE ACADEMY,OPEN ENROLLMENT CHARTER,Asian,<30
2024-2025,11,DENTON COUNTY,61802,NORTH TEXAS COLLEGIATE ACADEMY,OPEN ENROLLMENT CHARTER,Black or African American,212
2024-2025,11,DENTON COUNTY,61802,NORTH TEXAS COLLEGIATE ACADEMY,OPEN ENROLLMENT CHARTER,Hispanic/Latino,418
2024-2025,11,DENTON COUNTY,61802,NORTH TEXAS COLLEGIATE ACADEMY,OPEN ENROLLMENT CHARTER,Two or more races,31
2024-2025,11,DENTON COUNTY,61802,NORTH TEXAS COLLEGIATE ACADEMY,OPEN ENROLLMENT CHARTER,White,124
2024-2025,6,MADISON COUNTY,154903,NORTH ZULCH ISD,TRADITIONAL ISD/CSD,Asian,<10
2024-2025,6,MADISON COUNTY,154903,NORTH ZULCH ISD,TRADITIONAL ISD/CSD,Black or African American,<10
2024-2025,6,MADISON COUNTY,154903,NORTH ZULCH ISD,TRADITIONAL ISD/CSD,Hispanic/Latino,64
2024-2025,6,MADISON COUNTY,154903,NORTH ZULCH ISD,TRADITIONAL ISD/CSD,Two or more races,17
2024-2025,6,MADISON COUNTY,154903,NORTH ZULCH ISD,TRADITIONAL ISD/CSD,White,244
2024-2025,20,BEXAR COUNTY,15915,NORTHSIDE ISD,TRADITIONAL ISD/CSD,American Indian or Alaska Nat,145
2024-2025,9,WILBARGER COUNTY,244905,NORTHSIDE ISD,TRADITIONAL ISD/CSD,American Indian or Alaska Nat,<10
2024-2025,20,BEXAR COUNTY,15915,NORTHSIDE ISD,TRADITIONAL ISD/CSD,Asian,4243
2024-2025,9,WILBARGER COUNTY,244905,NORTHSIDE ISD,TRADITIONAL ISD/CSD,Asian,<10
2024-2025,20,BEXAR COUNTY,15915,NORTHSIDE ISD,TRADITIONAL ISD/CSD,Black or African American,7085
2024-2025,9,WILBARGER COUNTY,244905,NORTHSIDE ISD,TRADITIONAL ISD/CSD,Black or African American,<10
2024-2025,20,BEXAR COUNTY,15915,NORTHSIDE ISD,TRADITIONAL ISD/CSD,Hispanic/Latino,68445
2024-2025,9,WILBARGER COUNTY,244905,NORTHSIDE ISD,TRADITIONAL ISD/CSD,Hispanic/Latino,59
2024-2025,20,BEXAR COUNTY,15915,NORTHSIDE ISD,TRADITIONAL ISD/CSD,Native Hawaiian/Other Pacific,169
2024-2025,20,BEXAR COUNTY,15915,NORTHSIDE ISD,TRADITIONAL ISD/CSD,Two or more races,4580
2024-2025,9,WILBARGER COUNTY,244905,NORTHSIDE ISD,TRADITIONAL ISD/CSD,Two or more races,13
2024-2025,20,BEXAR COUNTY,15915,NORTHSIDE ISD,TRADITIONAL ISD/CSD,White,15541
2024-2025,9,WILBARGER COUNTY,244905,NORTHSIDE ISD,TRADITIONAL ISD/CSD,White,148
2024-2025,11,DENTON COUNTY,61911,NORTHWEST ISD,TRADITIONAL ISD/CSD,American Indian or Alaska Nat,151
2024-2025,11,DENTON COUNTY,61911,NORTHWEST ISD,TRADITIONAL ISD/CSD,Asian,2628
2024-2025,11,DENTON COUNTY,61911,NORTHWEST ISD,TRADITIONAL ISD/CSD,Black or African American,4364
2024-2025,11,DENTON COUNTY,61911,NORTHWEST ISD,TRADITIONAL ISD/CSD,Hispanic/Latino,8159
2024-2025,11,DENTON COUNTY,61911,NORTHWEST ISD,TRADITIONAL ISD/CSD,Native Hawaiian/Other Pacific,73
2024-2025,11,DENTON COUNTY,61911,NORTHWEST ISD,TRADITIONAL ISD/CSD,Two or more races,1502
2024-2025,11,DENTON COUNTY,61911,NORTHWEST ISD,TRADITIONAL ISD/CSD,White,15221
2024-2025,10,DALLAS COUNTY,57809,NOVA ACADEMY,OPEN ENROLLMENT CHARTER,Black or African American,43
2024-2025,10,DALLAS COUNTY,57809,NOVA ACADEMY,OPEN ENROLLMENT CHARTER,Hispanic/Latino,<40
2024-2025,10,DALLAS COUNTY,57809,NOVA ACADEMY,OPEN ENROLLMENT CHARTER,White,<10
2024-2025,10,DALLAS COUNTY,57827,NOVA ACADEMY SOUTHEAST,OPEN ENROLLMENT CHARTER,Black or African American,70
2024-2025,10,DALLAS COUNTY,57827,NOVA ACADEMY SOUTHEAST,OPEN ENROLLMENT CHARTER,Hispanic/Latino,159
2024-2025,10,DALLAS COUNTY,57827,NOVA ACADEMY SOUTHEAST,OPEN ENROLLMENT CHARTER,Two or more races,<10
2024-2025,10,DALLAS COUNTY,57827,NOVA ACADEMY SOUTHEAST,OPEN ENROLLMENT CHARTER,White,<10
2024-2025,15,EDWARDS COUNTY,69902,NUECES CANYON CISD,TRADITIONAL ISD/CSD,American Indian or Alaska Nat,<10
2024-2025,15,EDWARDS COUNTY,69902,NUECES CANYON CISD,TRADITIONAL ISD/CSD,Black or African American,<10
2024-2025,15,EDWARDS COUNTY,69902,NUECES CANYON CISD,TRADITIONAL ISD/CSD,Hispanic/Latino,108
2024-2025,15,EDWARDS COUNTY,69902,NUECES CANYON CISD,TRADITIONAL ISD/CSD,Two or more races,<10
2024-2025,15,EDWARDS COUNTY,69902,NUECES CANYON CISD,TRADITIONAL ISD/CSD,White,125
2024-2025,3,VICTORIA COUNTY,235904,NURSERY ISD,TRADITIONAL ISD/CSD,Black or African American,<10
2024-2025,3,VICTORIA COUNTY,235904,NURSERY ISD,TRADITIONAL ISD/CSD,Hispanic/Latino,60
2024-2025,3,VICTORIA COUNTY,235904,NURSERY ISD,TRADITIONAL ISD/CSD,Two or more races,<10
2024-2025,3,VICTORIA COUNTY,235904,NURSERY ISD,TRADITIONAL ISD/CSD,White,92
2024-2025,13,TRAVIS COUNTY,227804,NYOS CHARTER SCHOOL,OPEN ENROLLMENT CHARTER,American Indian or Alaska Nat,<10
2024-2025,13,TRAVIS COUNTY,227804,NYOS CHARTER SCHOOL,OPEN ENROLLMENT CHARTER,Asian,246
2024-2025,13,TRAVIS COUNTY,227804,NYOS CHARTER SCHOOL,OPEN ENROLLMENT CHARTER,Black or African American,243
2024-2025,13,TRAVIS COUNTY,227804,NYOS CHARTER SCHOOL,OPEN ENROLLMENT CHARTER,Hispanic/Latino,523
2024-2025,13,TRAVIS COUNTY,227804,NYOS CHARTER SCHOOL,OPEN ENROLLMENT CHARTER,Native Hawaiian/Other Pacific,<10
2024-2025,13,TRAVIS COUNTY,227804,NYOS CHARTER SCHOOL,OPEN ENROLLMENT CHARTER,Two or more races,78
2024-2025,13,TRAVIS COUNTY,227804,NYOS CHARTER SCHOOL,OPEN ENROLLMENT CHARTER,White,570
2024-2025,17,LYNN COUNTY,153903,O'DONNELL ISD,TRADITIONAL ISD/CSD,Hispanic/Latino,169
2024-2025,17,LYNN COUNTY,153903,O'DONNELL ISD,TRADITIONAL ISD/CSD,Two or more races,<10
2024-2025,17,LYNN COUNTY,153903,O'DONNELL ISD,TRADITIONAL ISD/CSD,White,<90
2024-2025,6,LEON COUNTY,145907,OAKWOOD ISD,TRADITIONAL ISD/CSD,Black or African American,41
2024-2025,6,LEON COUNTY,145907,OAKWOOD ISD,TRADITIONAL ISD/CSD,Hispanic/Latino,26
2024-2025,6,LEON COUNTY,145907,OAKWOOD ISD,TRADITIONAL ISD/CSD,Two or more races,17
2024-2025,6,LEON COUNTY,145907,OAKWOOD ISD,TRADITIONAL ISD/CSD,White,119
2024-2025,2,SAN PATRICIO COUNTY,205905,ODEM-EDROY ISD,TRADITIONAL ISD/CSD,American Indian or Alaska Nat,<10
2024-2025,2,SAN PATRICIO COUNTY,205905,ODEM-EDROY ISD,TRADITIONAL ISD/CSD,Asian,<10
2024-2025,2,SAN PATRICIO COUNTY,205905,ODEM-EDROY ISD,TRADITIONAL ISD/CSD,Black or African American,<10
2024-2025,2,SAN PATRICIO COUNTY,205905,ODEM-EDROY ISD,TRADITIONAL ISD/CSD,Hispanic/Latino,761
2024-2025,2,SAN PATRICIO COUNTY,205905,ODEM-EDROY ISD,TRADITIONAL ISD/CSD,Two or more races,<10
2024-2025,2,SAN PATRICIO COUNTY,205905,ODEM-EDROY ISD,TRADITIONAL ISD/CSD,White,155
2024-2025,4,GALVESTON COUNTY,84802,ODYSSEY ACADEMY INC,OPEN ENROLLMENT CHARTER,American Indian or Alaska Nat,<10
2024-2025,4,GALVESTON COUNTY,84802,ODYSSEY ACADEMY INC,OPEN ENROLLMENT CHARTER,Asian,24
2024-2025,4,GALVESTON COUNTY,84802,ODYSSEY ACADEMY INC,OPEN ENROLLMENT CHARTER,Black or African American,345
2024-2025,4,GALVESTON COUNTY,84802,ODYSSEY ACADEMY INC,OPEN ENROLLMENT CHARTER,Hispanic/Latino,884
2024-2025,4,GALVESTON COUNTY,84802,ODYSSEY ACADEMY INC,OPEN ENROLLMENT CHARTER,Native Hawaiian/Other Pacific,<10
2024-2025,4,GALVESTON COUNTY,84802,ODYSSEY ACADEMY INC,OPEN ENROLLMENT CHARTER,Two or more races,91
2024-2025,4,GALVESTON COUNTY,84802,ODYSSEY ACADEMY INC,OPEN ENROLLMENT CHARTER,White,324
2024-2025,12,CORYELL COUNTY,50904,OGLESBY ISD,TRADITIONAL ISD/CSD,Black or African American,<10
2024-2025,12,CORYELL COUNTY,50904,OGLESBY ISD,TRADITIONAL ISD/CSD,Hispanic/Latino,55
2024-2025,12,CORYELL COUNTY,50904,OGLESBY ISD,TRADITIONAL ISD/CSD,Two or more races,<20
2024-2025,12,CORYELL COUNTY,50904,OGLESBY ISD,TRADITIONAL ISD/CSD,White,167
2024-2025,15,RUNNELS COUNTY,200906,OLFEN ISD,TRADITIONAL ISD/CSD,Hispanic/Latino,<80
2024-2025,15,RUNNELS COUNTY,200906,OLFEN ISD,TRADITIONAL ISD/CSD,Two or more races,<10
2024-2025,15,RUNNELS COUNTY,200906,OLFEN ISD,TRADITIONAL ISD/CSD,White,74
2024-2025,9,YOUNG COUNTY,252903,OLNEY ISD,TRADITIONAL ISD/CSD,American Indian or Alaska Nat,<10
2024-2025,9,YOUNG COUNTY,252903,OLNEY ISD,TRADITIONAL ISD/CSD,Asian,<10
2024-2025,9,YOUNG COUNTY,252903,OLNEY ISD,TRADITIONAL ISD/CSD,Black or African American,14
2024-2025,9,YOUNG COUNTY,252903,OLNEY ISD,TRADITIONAL ISD/CSD,Hispanic/Latino,258
2024-2025,9,YOUNG COUNTY,252903,OLNEY ISD,TRADITIONAL ISD/CSD,Two or more races,26
2024-2025,9,YOUNG COUNTY,252903,OLNEY ISD,TRADITIONAL ISD/CSD,White,389
2024-2025,17,LAMB COUNTY,140905,OLTON ISD,TRADITIONAL ISD/CSD,Black or African American,<10
2024-2025,17,LAMB COUNTY,140905,OLTON ISD,TRADITIONAL ISD/CSD,Hispanic/Latino,456
2024-2025,17,LAMB COUNTY,140905,OLTON ISD,TRADITIONAL ISD/CSD,Two or more races,<10
2024-2025,17,LAMB COUNTY,140905,OLTON ISD,TRADITIONAL ISD/CSD,White,144
2024-2025,6,POLK COUNTY,187910,ONALASKA ISD,TRADITIONAL ISD/CSD,American Indian or Alaska Nat,<10
2024-2025,6,POLK COUNTY,187910,ONALASKA ISD,TRADITIONAL ISD/CSD,Asian,<20
2024-2025,6,POLK COUNTY,187910,ONALASKA ISD,TRADITIONAL ISD/CSD,Black or African American,39
2024-2025,6,POLK COUNTY,187910,ONALASKA ISD,TRADITIONAL ISD/CSD,Hispanic/Latino,170
2024-2025,6,POLK COUNTY,187910,ONALASKA ISD,TRADITIONAL ISD/CSD,Two or more races,63
2024-2025,6,POLK COUNTY,187910,ONALASKA ISD,TRADITIONAL ISD/CSD,White,907
2024-2025,2,JIM WELLS COUNTY,125903,ORANGE GROVE ISD,TRADITIONAL ISD/CSD,Asian,<10
2024-2025,2,JIM WELLS COUNTY,125903,ORANGE GROVE ISD,TRADITIONAL ISD/CSD,Black or African American,<10
2024-2025,2,JIM WELLS COUNTY,125903,ORANGE GROVE ISD,TRADITIONAL ISD/CSD,Hispanic/Latino,1037
2024-2025,2,JIM WELLS COUNTY,125903,ORANGE GROVE ISD,TRADITIONAL ISD/CSD,Two or more races,21
2024-2025,2,JIM WELLS COUNTY,125903,ORANGE GROVE ISD,TRADITIONAL ISD/CSD,White,585
2024-2025,5,ORANGE COUNTY,181905,ORANGEFIELD ISD,TRADITIONAL ISD/CSD,American Indian or Alaska Nat,<10
2024-2025,5,ORANGE COUNTY,181905,ORANGEFIELD ISD,TRADITIONAL ISD/CSD,Asian,19
2024-2025,5,ORANGE COUNTY,181905,ORANGEFIELD ISD,TRADITIONAL ISD/CSD,Black or African American,15
2024-2025,5,ORANGE COUNTY,181905,ORANGEFIELD ISD,TRADITIONAL ISD/CSD,Hispanic/Latino,212
2024-2025,5,ORANGE COUNTY,181905,ORANGEFIELD ISD,TRADITIONAL ISD/CSD,Native Hawaiian/Other Pacific,<10
2024-2025,5,ORANGE COUNTY,181905,ORANGEFIELD ISD,TRADITIONAL ISD/CSD,Two or more races,58
2024-2025,5,ORANGE COUNTY,181905,ORANGEFIELD ISD,TRADITIONAL ISD/CSD,White,1473
2024-2025,7,UPSHUR COUNTY,230903,ORE CITY ISD,TRADITIONAL ISD/CSD,American Indian or Alaska Nat,<10
2024-2025,7,UPSHUR COUNTY,230903,ORE CITY ISD,TRADITIONAL ISD/CSD,Asian,<10
2024-2025,7,UPSHUR COUNTY,230903,ORE CITY ISD,TRADITIONAL ISD/CSD,Black or African American,31
2024-2025,7,UPSHUR COUNTY,230903,ORE CITY ISD,TRADITIONAL ISD/CSD,Hispanic/Latino,215
2024-2025,7,UPSHUR COUNTY,230903,ORE CITY ISD,TRADITIONAL ISD/CSD,Two or more races,43
2024-2025,7,UPSHUR COUNTY,230903,ORE CITY ISD,TRADITIONAL ISD/CSD,White,494
2024-2025,12,BELL COUNTY,14804,ORENDA CHARTER SCHOOL,OPEN ENROLLMENT CHARTER,American Indian or Alaska Nat,<10
2024-2025,12,BELL COUNTY,14804,ORENDA CHARTER SCHOOL,OPEN ENROLLMENT CHARTER,Asian,319
2024-2025,12,BELL COUNTY,14804,ORENDA CHARTER SCHOOL,OPEN ENROLLMENT CHARTER,Black or African American,140
2024-2025,12,BELL COUNTY,14804,ORENDA CHARTER SCHOOL,OPEN ENROLLMENT CHARTER,Hispanic/Latino,472
2024-2025,12,BELL COUNTY,14804,ORENDA CHARTER SCHOOL,OPEN ENROLLMENT CHARTER,Native Hawaiian/Other Pacific,<10
2024-2025,12,BELL COUNTY,14804,ORENDA CHARTER SCHOOL,OPEN ENROLLMENT CHARTER,Two or more races,144
2024-2025,12,BELL COUNTY,14804,ORENDA CHARTER SCHOOL,OPEN ENROLLMENT CHARTER,White,897
2024-2025,7,RUSK COUNTY,201908,OVERTON ISD,TRADITIONAL ISD/CSD,American Indian or Alaska Nat,<10
2024-2025,7,RUSK COUNTY,201908,OVERTON ISD,TRADITIONAL ISD/CSD,Asian,<10
2024-2025,7,RUSK COUNTY,201908,OVERTON ISD,TRADITIONAL ISD/CSD,Black or African American,55
2024-2025,7,RUSK COUNTY,201908,OVERTON ISD,TRADITIONAL ISD/CSD,Hispanic/Latino,65
2024-2025,7,RUSK COUNTY,201908,OVERTON ISD,TRADITIONAL ISD/CSD,Native Hawaiian/Other Pacific,<10
2024-2025,7,RUSK COUNTY,201908,OVERTON ISD,TRADITIONAL ISD/CSD,Two or more races,34
2024-2025,7,RUSK COUNTY,201908,OVERTON ISD,TRADITIONAL ISD/CSD,White,362
2024-2025,17,COTTLE COUNTY,51901,PADUCAH ISD,TRADITIONAL ISD/CSD,American Indian or Alaska Nat,<10
2024-2025,17,COTTLE COUNTY,51901,PADUCAH ISD,TRADITIONAL ISD/CSD,Black or African American,18
2024-2025,17,COTTLE COUNTY,51901,PADUCAH ISD,TRADITIONAL ISD/CSD,Hispanic/Latino,68
2024-2025,17,COTTLE COUNTY,51901,PADUCAH ISD,TRADITIONAL ISD/CSD,Two or more races,<10
2024-2025,17,COTTLE COUNTY,51901,PADUCAH ISD,TRADITIONAL ISD/CSD,White,65
2024-2025,14,HASKELL COUNTY,104907,PAINT CREEK ISD,TRADITIONAL ISD/CSD,Black or African American,<10
2024-2025,14,HASKELL COUNTY,104907,PAINT CREEK ISD,TRADITIONAL ISD/CSD,Hispanic/Latino,48
2024-2025,14,HASKELL COUNTY,104907,PAINT CREEK ISD,TRADITIONAL ISD/CSD,Two or more races,<10
2024-2025,14,HASKELL COUNTY,104907,PAINT CREEK ISD,TRADITIONAL ISD/CSD,White,55
2024-2025,15,CONCHO COUNTY,48903,PAINT ROCK ISD,TRADITIONAL ISD/CSD,American Indian or Alaska Nat,<10
2024-2025,15,CONCHO COUNTY,48903,PAINT ROCK ISD,TRADITIONAL ISD/CSD,Asian,<10
2024-2025,15,CONCHO COUNTY,48903,PAINT ROCK ISD,TRADITIONAL ISD/CSD,Black or African American,17
2024-2025,15,CONCHO COUNTY,48903,PAINT ROCK ISD,TRADITIONAL ISD/CSD,Hispanic/Latino,137
2024-2025,15,CONCHO COUNTY,48903,PAINT ROCK ISD,TRADITIONAL ISD/CSD,Two or more races,17
2024-2025,15,CONCHO COUNTY,48903,PAINT ROCK ISD,TRADITIONAL ISD/CSD,White,124
2024-2025,3,MATAGORDA COUNTY,158905,PALACIOS ISD,TRADITIONAL ISD/CSD,American Indian or Alaska Nat,<10
2024-2025,3,MATAGORDA COUNTY,158905,PALACIOS ISD,TRADITIONAL ISD/CSD,Asian,54
2024-2025,3,MATAGORDA COUNTY,158905,PALACIOS ISD,TRADITIONAL ISD/CSD,Black or African American,<20
2024-2025,3,MATAGORDA COUNTY,158905,PALACIOS ISD,TRADITIONAL ISD/CSD,Hispanic/Latino,906
2024-2025,3,MATAGORDA COUNTY,158905,PALACIOS ISD,TRADITIONAL ISD/CSD,Two or more races,20
2024-2025,3,MATAGORDA COUNTY,158905,PALACIOS ISD,TRADITIONAL ISD/CSD,White,270
2024-2025,7,ANDERSON COUNTY,1907,PALESTINE ISD,TRADITIONAL ISD/CSD,American Indian or Alaska Nat,<10
2024-2025,7,ANDERSON COUNTY,1907,PALESTINE ISD,TRADITIONAL ISD/CSD,Asian,<40
2024-2025,7,ANDERSON COUNTY,1907,PALESTINE ISD,TRADITIONAL ISD/CSD,Black or African American,752
2024-2025,7,ANDERSON COUNTY,1907,PALESTINE ISD,TRADITIONAL ISD/CSD,Hispanic/Latino,1389
2024-2025,7,ANDERSON COUNTY,1907,PALESTINE ISD,TRADITIONAL ISD/CSD,Two or more races,162
2024-2025,7,ANDERSON COUNTY,1907,PALESTINE ISD,TRADITIONAL ISD/CSD,White,839
2024-2025,10,ELLIS COUNTY,70910,PALMER ISD,TRADITIONAL ISD/CSD,American Indian or Alaska Nat,<10
2024-2025,10,ELLIS COUNTY,70910,PALMER ISD,TRADITIONAL ISD/CSD,Asian,<10
2024-2025,10,ELLIS COUNTY,70910,PALMER ISD,TRADITIONAL ISD/CSD,Black or African American,19
2024-2025,10,ELLIS COUNTY,70910,PALMER ISD,TRADITIONAL ISD/CSD,Hispanic/Latino,635
2024-2025,10,ELLIS COUNTY,70910,PALMER ISD,TRADITIONAL ISD/CSD,Native Hawaiian/Other Pacific,<10
2024-2025,10,ELLIS COUNTY,70910,PALMER ISD,TRADITIONAL ISD/CSD,Two or more races,43
2024-2025,10,ELLIS COUNTY,70910,PALMER ISD,TRADITIONAL ISD/CSD,White,646
2024-2025,11,PALO PINTO COUNTY,182906,PALO PINTO ISD,TRADITIONAL ISD/CSD,Hispanic/Latino,<20
2024-2025,11,PALO PINTO COUNTY,182906,PALO PINTO ISD,TRADITIONAL ISD/CSD,Two or more races,<10
2024-2025,11,PALO PINTO COUNTY,182906,PALO PINTO ISD,TRADITIONAL ISD/CSD,White,76
2024-2025,16,GRAY COUNTY,90904,PAMPA ISD,TRADITIONAL ISD/CSD,American Indian or Alaska Nat,<10
2024-2025,16,GRAY COUNTY,90904,PAMPA ISD,TRADITIONAL ISD/CSD,Asian,<10
2024-2025,16,GRAY COUNTY,90904,PAMPA ISD,TRADITIONAL ISD/CSD,Black or African American,79
2024-2025,16,GRAY COUNTY,90904,PAMPA ISD,TRADITIONAL ISD/CSD,Hispanic/Latino,1574
2024-2025,16,GRAY COUNTY,90904,PAMPA ISD,TRADITIONAL ISD/CSD,Two or more races,77
2024-2025,16,GRAY COUNTY,90904,PAMPA ISD,TRADITIONAL ISD/CSD,White,1397
2024-2025,16,CARSON COUNTY,33902,PANHANDLE ISD,TRADITIONAL ISD/CSD,American Indian or Alaska Nat,<10
2024-2025,16,CARSON COUNTY,33902,PANHANDLE ISD,TRADITIONAL ISD/CSD,Asian,<10
2024-2025,16,CARSON COUNTY,33902,PANHANDLE ISD,TRADITIONAL ISD/CSD,Black or African American,<10
2024-2025,16,CARSON COUNTY,33902,PANHANDLE ISD,TRADITIONAL ISD/CSD,Hispanic/Latino,80
2024-2025,16,CARSON COUNTY,33902,PANHANDLE ISD,TRADITIONAL ISD/CSD,Two or more races,32
2024-2025,16,CARSON COUNTY,33902,PANHANDLE ISD,TRADITIONAL ISD/CSD,White,496
2024-2025,7,PANOLA COUNTY,183801,PANOLA CHARTER SCHOOL,OPEN ENROLLMENT CHARTER,Black or African American,11
2024-2025,7,PANOLA COUNTY,183801,PANOLA CHARTER SCHOOL,OPEN ENROLLMENT CHARTER,Hispanic/Latino,29
2024-2025,7,PANOLA COUNTY,183801,PANOLA CHARTER SCHOOL,OPEN ENROLLMENT CHARTER,Two or more races,11
2024-2025,7,PANOLA COUNTY,183801,PANOLA CHARTER SCHOOL,OPEN ENROLLMENT CHARTER,White,133
2024-2025,15,COLEMAN COUNTY,42905,PANTHER CREEK CISD,TRADITIONAL ISD/CSD,Black or African American,<10
2024-2025,15,COLEMAN COUNTY,42905,PANTHER CREEK CISD,TRADITIONAL ISD/CSD,Hispanic/Latino,34
2024-2025,15,COLEMAN COUNTY,42905,PANTHER CREEK CISD,TRADITIONAL ISD/CSD,Two or more races,<10
2024-2025,15,COLEMAN COUNTY,42905,PANTHER CREEK CISD,TRADITIONAL ISD/CSD,White,120
2024-2025,11,WISE COUNTY,249906,PARADISE ISD,TRADITIONAL ISD/CSD,American Indian or Alaska Nat,<10
2024-2025,11,WISE COUNTY,249906,PARADISE ISD,TRADITIONAL ISD/CSD,Black or African American,<10
2024-2025,11,WISE COUNTY,249906,PARADISE ISD,TRADITIONAL ISD/CSD,Hispanic/Latino,208
2024-2025,11,WISE COUNTY,249906,PARADISE ISD,TRADITIONAL ISD/CSD,Native Hawaiian/Other Pacific,<10
2024-2025,11,WISE COUNTY,249906,PARADISE ISD,TRADITIONAL ISD/CSD,Two or more races,56
2024-2025,11,WISE COUNTY,249906,PARADISE ISD,TRADITIONAL ISD/CSD,White,1054
2024-2025,8,LAMAR COUNTY,139909,PARIS ISD,TRADITIONAL ISD/CSD,American Indian or Alaska Nat,22
2024-2025,8,LAMAR COUNTY,139909,PARIS ISD,TRADITIONAL ISD/CSD,Asian,32
2024-2025,8,LAMAR COUNTY,139909,PARIS ISD,TRADITIONAL ISD/CSD,Black or African American,1141
2024-2025,8,LAMAR COUNTY,139909,PARIS ISD,TRADITIONAL ISD/CSD,Hispanic/Latino,1044
2024-2025,8,LAMAR COUNTY,139909,PARIS ISD,TRADITIONAL ISD/CSD,Native Hawaiian/Other Pacific,12
2024-2025,8,LAMAR COUNTY,139909,PARIS ISD,TRADITIONAL ISD/CSD,Two or more races,414
2024-2025,8,LAMAR COUNTY,139909,PARIS ISD,TRADITIONAL ISD/CSD,White,1167
2024-2025,4,HARRIS COUNTY,101917,PASADENA ISD,TRADITIONAL ISD/CSD,American Indian or Alaska Nat,55
2024-2025,4,HARRIS COUNTY,101917,PASADENA ISD,TRADITIONAL ISD/CSD,Asian,1386
2024-2025,4,HARRIS COUNTY,101917,PASADENA ISD,TRADITIONAL ISD/CSD,Black or African American,3739
2024-2025,4,HARRIS COUNTY,101917,PASADENA ISD,TRADITIONAL ISD/CSD,Hispanic/Latino,38485
2024-2025,4,HARRIS COUNTY,101917,PASADENA ISD,TRADITIONAL ISD/CSD,Native Hawaiian/Other Pacific,44
2024-2025,4,HARRIS COUNTY,101917,PASADENA ISD,TRADITIONAL ISD/CSD,Two or more races,389
2024-2025,4,HARRIS COUNTY,101917,PASADENA ISD,TRADITIONAL ISD/CSD,White,2393
2024-2025,17,DICKENS COUNTY,63906,PATTON SPRINGS ISD,TRADITIONAL ISD/CSD,Black or African American,<10
2024-2025,17,DICKENS COUNTY,63906,PATTON SPRINGS ISD,TRADITIONAL ISD/CSD,Hispanic/Latino,30
2024-2025,17,DICKENS COUNTY,63906,PATTON SPRINGS ISD,TRADITIONAL ISD/CSD,Two or more races,<10
2024-2025,17,DICKENS COUNTY,63906,PATTON SPRINGS ISD,TRADITIONAL ISD/CSD,White,54
2024-2025,2,BEE COUNTY,13902,PAWNEE ISD,TRADITIONAL ISD/CSD,Asian,<10
2024-2025,2,BEE COUNTY,13902,PAWNEE ISD,TRADITIONAL ISD/CSD,Black or African American,91
2024-2025,2,BEE COUNTY,13902,PAWNEE ISD,TRADITIONAL ISD/CSD,Hispanic/Latino,408
2024-2025,2,BEE COUNTY,13902,PAWNEE ISD,TRADITIONAL ISD/CSD,Native Hawaiian/Other Pacific,<10
2024-2025,2,BEE COUNTY,13902,PAWNEE ISD,TRADITIONAL ISD/CSD,Two or more races,22
2024-2025,2,BEE COUNTY,13902,PAWNEE ISD,TRADITIONAL ISD/CSD,White,106
2024-2025,4,BRAZORIA COUNTY,20908,PEARLAND ISD,TRADITIONAL ISD/CSD,American Indian or Alaska Nat,41
2024-2025,4,BRAZORIA COUNTY,20908,PEARLAND ISD,TRADITIONAL ISD/CSD,Asian,2614
2024-2025,4,BRAZORIA COUNTY,20908,PEARLAND ISD,TRADITIONAL ISD/CSD,Black or African American,3122
2024-2025,4,BRAZORIA COUNTY,20908,PEARLAND ISD,TRADITIONAL ISD/CSD,Hispanic/Latino,8269
2024-2025,4,BRAZORIA COUNTY,20908,PEARLAND ISD,TRADITIONAL ISD/CSD,Native Hawaiian/Other Pacific,17
2024-2025,4,BRAZORIA COUNTY,20908,PEARLAND ISD,TRADITIONAL ISD/CSD,Two or more races,866
2024-2025,4,BRAZORIA COUNTY,20908,PEARLAND ISD,TRADITIONAL ISD/CSD,White,5933
2024-2025,20,FRIO COUNTY,82903,PEARSALL ISD,TRADITIONAL ISD/CSD,American Indian or Alaska Nat,<10
2024-2025,20,FRIO COUNTY,82903,PEARSALL ISD,TRADITIONAL ISD/CSD,Asian,<10
2024-2025,20,FRIO COUNTY,82903,PEARSALL ISD,TRADITIONAL ISD/CSD,Black or African American,<10
2024-2025,20,FRIO COUNTY,82903,PEARSALL ISD,TRADITIONAL ISD/CSD,Hispanic/Latino,1833
2024-2025,20,FRIO COUNTY,82903,PEARSALL ISD,TRADITIONAL ISD/CSD,Two or more races,<10
2024-2025,20,FRIO COUNTY,82903,PEARSALL ISD,TRADITIONAL ISD/CSD,White,101
2024-2025,11,PARKER COUNTY,184908,PEASTER ISD,TRADITIONAL ISD/CSD,American Indian or Alaska Nat,<10
2024-2025,11,PARKER COUNTY,184908,PEASTER ISD,TRADITIONAL ISD/CSD,Asian,<10
2024-2025,11,PARKER COUNTY,184908,PEASTER ISD,TRADITIONAL ISD/CSD,Black or African American,<10
2024-2025,11,PARKER COUNTY,184908,PEASTER ISD,TRADITIONAL ISD/CSD,Hispanic/Latino,335
2024-2025,11,PARKER COUNTY,184908,PEASTER ISD,TRADITIONAL ISD/CSD,Native Hawaiian/Other Pacific,11
2024-2025,11,PARKER COUNTY,184908,PEASTER ISD,TRADITIONAL ISD/CSD,Two or more races,68
2024-2025,11,PARKER COUNTY,184908,PEASTER ISD,TRADITIONAL ISD/CSD,White,1343
2024-2025,18,REEVES COUNTY,195901,PECOS-BARSTOW-TOYAH ISD,TRADITIONAL ISD/CSD,American Indian or Alaska Nat,<10
2024-2025,18,REEVES COUNTY,195901,PECOS-BARSTOW-TOYAH ISD,TRADITIONAL ISD/CSD,Asian,52
2024-2025,18,REEVES COUNTY,195901,PECOS-BARSTOW-TOYAH ISD,TRADITIONAL ISD/CSD,Black or African American,27
2024-2025,18,REEVES COUNTY,195901,PECOS-BARSTOW-TOYAH ISD,TRADITIONAL ISD/CSD,Hispanic/Latino,2666
2024-2025,18,REEVES COUNTY,195901,PECOS-BARSTOW-TOYAH ISD,TRADITIONAL ISD/CSD,Native Hawaiian/Other Pacific,<10
2024-2025,18,REEVES COUNTY,195901,PECOS-BARSTOW-TOYAH ISD,TRADITIONAL ISD/CSD,Two or more races,<10
2024-2025,18,REEVES COUNTY,195901,PECOS-BARSTOW-TOYAH ISD,TRADITIONAL ISD/CSD,White,162
2024-2025,10,DALLAS COUNTY,57802,PEGASUS SCHOOL OF LIBERAL ARTS AND SCIENCES,OPEN ENROLLMENT CHARTER,American Indian or Alaska Nat,<10
2024-2025,10,DALLAS COUNTY,57802,PEGASUS SCHOOL OF LIBERAL ARTS AND SCIENCES,OPEN ENROLLMENT CHARTER,Black or African American,124
2024-2025,10,DALLAS COUNTY,57802,PEGASUS SCHOOL OF LIBERAL ARTS AND SCIENCES,OPEN ENROLLMENT CHARTER,Hispanic/Latino,200
2024-2025,10,DALLAS COUNTY,57802,PEGASUS SCHOOL OF LIBERAL ARTS AND SCIENCES,OPEN ENROLLMENT CHARTER,Two or more races,<10
2024-2025,10,DALLAS COUNTY,57802,PEGASUS SCHOOL OF LIBERAL ARTS AND SCIENCES,OPEN ENROLLMENT CHARTER,White,14
2024-2025,12,HILL COUNTY,109914,PENELOPE ISD,TRADITIONAL ISD/CSD,Black or African American,<10
2024-2025,12,HILL COUNTY,109914,PENELOPE ISD,TRADITIONAL ISD/CSD,Hispanic/Latino,78
2024-2025,12,HILL COUNTY,109914,PENELOPE ISD,TRADITIONAL ISD/CSD,Two or more races,<10
2024-2025,12,HILL COUNTY,109914,PENELOPE ISD,TRADITIONAL ISD/CSD,White,128
2024-2025,9,JACK COUNTY,119903,PERRIN-WHITT CISD,TRADITIONAL ISD/CSD,Black or African American,<10
2024-2025,9,JACK COUNTY,119903,PERRIN-WHITT CISD,TRADITIONAL ISD/CSD,Hispanic/Latino,58
2024-2025,9,JACK COUNTY,119903,PERRIN-WHITT CISD,TRADITIONAL ISD/CSD,Two or more races,<20
2024-2025,9,JACK COUNTY,119903,PERRIN-WHITT CISD,TRADITIONAL ISD/CSD,White,251
2024-2025,16,OCHILTREE COUNTY,179901,PERRYTON ISD,TRADITIONAL ISD/CSD,American Indian or Alaska Nat,<10
2024-2025,16,OCHILTREE COUNTY,179901,PERRYTON ISD,TRADITIONAL ISD/CSD,Asian,<10
2024-2025,16,OCHILTREE COUNTY,179901,PERRYTON ISD,TRADITIONAL ISD/CSD,Black or African American,<10
2024-2025,16,OCHILTREE COUNTY,179901,PERRYTON ISD,TRADITIONAL ISD/CSD,Hispanic/Latino,1359
2024-2025,16,OCHILTREE COUNTY,179901,PERRYTON ISD,TRADITIONAL ISD/CSD,Two or more races,19
2024-2025,16,OCHILTREE COUNTY,179901,PERRYTON ISD,TRADITIONAL ISD/CSD,White,415
2024-2025,17,HALE COUNTY,95904,PETERSBURG ISD,TRADITIONAL ISD/CSD,Black or African American,<10
2024-2025,17,HALE COUNTY,95904,PETERSBURG ISD,TRADITIONAL ISD/CSD,Hispanic/Latino,173
2024-2025,17,HALE COUNTY,95904,PETERSBURG ISD,TRADITIONAL ISD/CSD,Two or more races,<10
2024-2025,17,HALE COUNTY,95904,PETERSBURG ISD,TRADITIONAL ISD/CSD,White,64
2024-2025,9,CLAY COUNTY,39903,PETROLIA CISD,TRADITIONAL ISD/CSD,American Indian or Alaska Nat,<10
2024-2025,9,CLAY COUNTY,39903,PETROLIA CISD,TRADITIONAL ISD/CSD,Black or African American,<10
2024-2025,9,CLAY COUNTY,39903,PETROLIA CISD,TRADITIONAL ISD/CSD,Hispanic/Latino,69
2024-2025,9,CLAY COUNTY,39903,PETROLIA CISD,TRADITIONAL ISD/CSD,Native Hawaiian/Other Pacific,<10
2024-2025,9,CLAY COUNTY,39903,PETROLIA CISD,TRADITIONAL ISD/CSD,Two or more races,29
2024-2025,9,CLAY COUNTY,39903,PETROLIA CISD,TRADITIONAL ISD/CSD,White,394
2024-2025,2,BEE COUNTY,13903,PETTUS ISD,TRADITIONAL ISD/CSD,Black or African American,<10
2024-2025,2,BEE COUNTY,13903,PETTUS ISD,TRADITIONAL ISD/CSD,Hispanic/Latino,234
2024-2025,2,BEE COUNTY,13903,PETTUS ISD,TRADITIONAL ISD/CSD,White,<140
2024-2025,8,MORRIS COUNTY,172905,PEWITT CISD,TRADITIONAL ISD/CSD,American Indian or Alaska Nat,<10
2024-2025,8,MORRIS COUNTY,172905,PEWITT CISD,TRADITIONAL ISD/CSD,Asian,<10
2024-2025,8,MORRIS COUNTY,172905,PEWITT CISD,TRADITIONAL ISD/CSD,Black or African American,105
2024-2025,8,MORRIS COUNTY,172905,PEWITT CISD,TRADITIONAL ISD/CSD,Hispanic/Latino,149
2024-2025,8,MORRIS COUNTY,172905,PEWITT CISD,TRADITIONAL ISD/CSD,Native Hawaiian/Other Pacific,<10
2024-2025,8,MORRIS COUNTY,172905,PEWITT CISD,TRADITIONAL ISD/CSD,Two or more races,93
2024-2025,8,MORRIS COUNTY,172905,PEWITT CISD,TRADITIONAL ISD/CSD,White,500
2024-2025,13,TRAVIS COUNTY,227904,PFLUGERVILLE ISD,TRADITIONAL ISD/CSD,American Indian or Alaska Nat,51
2024-2025,13,TRAVIS COUNTY,227904,PFLUGERVILLE ISD,TRADITIONAL ISD/CSD,Asian,2382
2024-2025,13,TRAVIS COUNTY,227904,PFLUGERVILLE ISD,TRADITIONAL ISD/CSD,Black or African American,3773
2024-2025,13,TRAVIS COUNTY,227904,PFLUGERVILLE ISD,TRADITIONAL ISD/CSD,Hispanic/Latino,12754
2024-2025,13,TRAVIS COUNTY,227904,PFLUGERVILLE ISD,TRADITIONAL ISD/CSD,Native Hawaiian/Other Pacific,29
2024-2025,13,TRAVIS COUNTY,227904,PFLUGERVILLE ISD,TRADITIONAL ISD/CSD,Two or more races,1214
2024-2025,13,TRAVIS COUNTY,227904,PFLUGERVILLE ISD,TRADITIONAL ISD/CSD,White,5274
2024-2025,1,HIDALGO COUNTY,108909,PHARR-SAN JUAN-ALAMO ISD,TRADITIONAL ISD/CSD,American Indian or Alaska Nat,<10
2024-2025,1,HIDALGO COUNTY,108909,PHARR-SAN JUAN-ALAMO ISD,TRADITIONAL ISD/CSD,Asian,42
2024-2025,1,HIDALGO COUNTY,108909,PHARR-SAN JUAN-ALAMO ISD,TRADITIONAL ISD/CSD,Black or African American,44
2024-2025,1,HIDALGO COUNTY,108909,PHARR-SAN JUAN-ALAMO ISD,TRADITIONAL ISD/CSD,Hispanic/Latino,29250
2024-2025,1,HIDALGO COUNTY,108909,PHARR-SAN JUAN-ALAMO ISD,TRADITIONAL ISD/CSD,Two or more races,<10
2024-2025,1,HIDALGO COUNTY,108909,PHARR-SAN JUAN-ALAMO ISD,TRADITIONAL ISD/CSD,White,270
2024-2025,11,DENTON COUNTY,61903,PILOT POINT ISD,TRADITIONAL ISD/CSD,American Indian or Alaska Nat,<10
2024-2025,11,DENTON COUNTY,61903,PILOT POINT ISD,TRADITIONAL ISD/CSD,Asian,12
2024-2025,11,DENTON COUNTY,61903,PILOT POINT ISD,TRADITIONAL ISD/CSD,Black or African American,46
2024-2025,11,DENTON COUNTY,61903,PILOT POINT ISD,TRADITIONAL ISD/CSD,Hispanic/Latino,853
2024-2025,11,DENTON COUNTY,61903,PILOT POINT ISD,TRADITIONAL ISD/CSD,Native Hawaiian/Other Pacific,<10
2024-2025,11,DENTON COUNTY,61903,PILOT POINT ISD,TRADITIONAL ISD/CSD,Two or more races,67
2024-2025,11,DENTON COUNTY,61903,PILOT POINT ISD,TRADITIONAL ISD/CSD,White,630
2024-2025,7,GREGG COUNTY,92904,PINE TREE ISD,TRADITIONAL ISD/CSD,American Indian or Alaska Nat,<10
2024-2025,7,GREGG COUNTY,92904,PINE TREE ISD,TRADITIONAL ISD/CSD,Asian,47
2024-2025,7,GREGG COUNTY,92904,PINE TREE ISD,TRADITIONAL ISD/CSD,Black or African American,975
2024-2025,7,GREGG COUNTY,92904,PINE TREE ISD,TRADITIONAL ISD/CSD,Hispanic/Latino,1668
2024-2025,7,GREGG COUNTY,92904,PINE TREE ISD,TRADITIONAL ISD/CSD,Native Hawaiian/Other Pacific,<10
2024-2025,7,GREGG COUNTY,92904,PINE TREE ISD,TRADITIONAL ISD/CSD,Two or more races,307
2024-2025,7,GREGG COUNTY,92904,PINE TREE ISD,TRADITIONAL ISD/CSD,White,1428
2024-2025,7,ANGELINA COUNTY,3801,PINEYWOODS COMMUNITY ACADEMY,OPEN ENROLLMENT CHARTER,American Indian or Alaska Nat,<10
2024-2025,7,ANGELINA COUNTY,3801,PINEYWOODS COMMUNITY ACADEMY,OPEN ENROLLMENT CHARTER,Asian,19
2024-2025,7,ANGELINA COUNTY,3801,PINEYWOODS COMMUNITY ACADEMY,OPEN ENROLLMENT CHARTER,Black or African American,156
2024-2025,7,ANGELINA COUNTY,3801,PINEYWOODS COMMUNITY ACADEMY,OPEN ENROLLMENT CHARTER,Hispanic/Latino,352
2024-2025,7,ANGELINA COUNTY,3801,PINEYWOODS COMMUNITY ACADEMY,OPEN ENROLLMENT CHARTER,Native Hawaiian/Other Pacific,<10
2024-2025,7,ANGELINA COUNTY,3801,PINEYWOODS COMMUNITY ACADEMY,OPEN ENROLLMENT CHARTER,Two or more races,43
2024-2025,7,ANGELINA COUNTY,3801,PINEYWOODS COMMUNITY ACADEMY,OPEN ENROLLMENT CHARTER,White,483
2024-2025,10,DALLAS COUNTY,57850,PIONEER TECHNOLOGY & ARTS ACADEMY,OPEN ENROLLMENT CHARTER,American Indian or Alaska Nat,<10
2024-2025,10,DALLAS COUNTY,57850,PIONEER TECHNOLOGY & ARTS ACADEMY,OPEN ENROLLMENT CHARTER,Asian,62
2024-2025,10,DALLAS COUNTY,57850,PIONEER TECHNOLOGY & ARTS ACADEMY,OPEN ENROLLMENT CHARTER,Black or African American,380
2024-2025,10,DALLAS COUNTY,57850,PIONEER TECHNOLOGY & ARTS ACADEMY,OPEN ENROLLMENT CHARTER,Hispanic/Latino,970
2024-2025,10,DALLAS COUNTY,57850,PIONEER TECHNOLOGY & ARTS ACADEMY,OPEN ENROLLMENT CHARTER,Native Hawaiian/Other Pacific,<10
2024-2025,10,DALLAS COUNTY,57850,PIONEER TECHNOLOGY & ARTS ACADEMY,OPEN ENROLLMENT CHARTER,Two or more races,126
2024-2025,10,DALLAS COUNTY,57850,PIONEER TECHNOLOGY & ARTS ACADEMY,OPEN ENROLLMENT CHARTER,White,781
2024-2025,8,CAMP COUNTY,32902,PITTSBURG ISD,TRADITIONAL ISD/CSD,Asian,<30
2024-2025,8,CAMP COUNTY,32902,PITTSBURG ISD,TRADITIONAL ISD/CSD,Black or African American,326
2024-2025,8,CAMP COUNTY,32902,PITTSBURG ISD,TRADITIONAL ISD/CSD,Hispanic/Latino,1050
2024-2025,8,CAMP COUNTY,32902,PITTSBURG ISD,TRADITIONAL ISD/CSD,Native Hawaiian/Other Pacific,<10
2024-2025,8,CAMP COUNTY,32902,PITTSBURG ISD,TRADITIONAL ISD/CSD,Two or more races,95
2024-2025,8,CAMP COUNTY,32902,PITTSBURG ISD,TRADITIONAL ISD/CSD,White,747
2024-2025,17,YOAKUM COUNTY,251902,PLAINS ISD,TRADITIONAL ISD/CSD,American Indian or Alaska Nat,<10
2024-2025,17,YOAKUM COUNTY,251902,PLAINS ISD,TRADITIONAL ISD/CSD,Hispanic/Latino,291
2024-2025,17,YOAKUM COUNTY,251902,PLAINS ISD,TRADITIONAL ISD/CSD,Two or more races,<10
2024-2025,17,YOAKUM COUNTY,251902,PLAINS ISD,TRADITIONAL ISD/CSD,White,129
2024-2025,17,HALE COUNTY,95905,PLAINVIEW ISD,TRADITIONAL ISD/CSD,American Indian or Alaska Nat,<20
2024-2025,17,HALE COUNTY,95905,PLAINVIEW ISD,TRADITIONAL ISD/CSD,Asian,24
2024-2025,17,HALE COUNTY,95905,PLAINVIEW ISD,TRADITIONAL ISD/CSD,Black or African American,135
2024-2025,17,HALE COUNTY,95905,PLAINVIEW ISD,TRADITIONAL ISD/CSD,Hispanic/Latino,3383
2024-2025,17,HALE COUNTY,95905,PLAINVIEW ISD,TRADITIONAL ISD/CSD,Native Hawaiian/Other Pacific,<10
2024-2025,17,HALE COUNTY,95905,PLAINVIEW ISD,TRADITIONAL ISD/CSD,Two or more races,39
2024-2025,17,HALE COUNTY,95905,PLAINVIEW ISD,TRADITIONAL ISD/CSD,White,480
2024-2025,10,COLLIN COUNTY,43910,PLANO ISD,TRADITIONAL ISD/CSD,American Indian or Alaska Nat,174
2024-2025,10,COLLIN COUNTY,43910,PLANO ISD,TRADITIONAL ISD/CSD,Asian,10732
2024-2025,10,COLLIN COUNTY,43910,PLANO ISD,TRADITIONAL ISD/CSD,Black or African American,5929
2024-2025,10,COLLIN COUNTY,43910,PLANO ISD,TRADITIONAL ISD/CSD,Hispanic/Latino,14129
2024-2025,10,COLLIN COUNTY,43910,PLANO ISD,TRADITIONAL ISD/CSD,Native Hawaiian/Other Pacific,42
2024-2025,10,COLLIN COUNTY,43910,PLANO ISD,TRADITIONAL ISD/CSD,Two or more races,2316
2024-2025,10,COLLIN COUNTY,43910,PLANO ISD,TRADITIONAL ISD/CSD,White,13290
2024-2025,8,BOWIE COUNTY,19912,PLEASANT GROVE ISD,TRADITIONAL ISD/CSD,American Indian or Alaska Nat,<20
2024-2025,8,BOWIE COUNTY,19912,PLEASANT GROVE ISD,TRADITIONAL ISD/CSD,Asian,73
2024-2025,8,BOWIE COUNTY,19912,PLEASANT GROVE ISD,TRADITIONAL ISD/CSD,Black or African American,366
2024-2025,8,BOWIE COUNTY,19912,PLEASANT GROVE ISD,TRADITIONAL ISD/CSD,Hispanic/Latino,218
2024-2025,8,BOWIE COUNTY,19912,PLEASANT GROVE ISD,TRADITIONAL ISD/CSD,Native Hawaiian/Other Pacific,<10
2024-2025,8,BOWIE COUNTY,19912,PLEASANT GROVE ISD,TRADITIONAL ISD/CSD,Two or more races,164
2024-2025,8,BOWIE COUNTY,19912,PLEASANT GROVE ISD,TRADITIONAL ISD/CSD,White,1531
2024-2025,20,ATASCOSA COUNTY,7905,PLEASANTON ISD,TRADITIONAL ISD/CSD,American Indian or Alaska Nat,<10
2024-2025,20,ATASCOSA COUNTY,7905,PLEASANTON ISD,TRADITIONAL ISD/CSD,Asian,14
2024-2025,20,ATASCOSA COUNTY,7905,PLEASANTON ISD,TRADITIONAL ISD/CSD,Black or African American,21
2024-2025,20,ATASCOSA COUNTY,7905,PLEASANTON ISD,TRADITIONAL ISD/CSD,Hispanic/Latino,2506
2024-2025,20,ATASCOSA COUNTY,7905,PLEASANTON ISD,TRADITIONAL ISD/CSD,Native Hawaiian/Other Pacific,<10
2024-2025,20,ATASCOSA COUNTY,7905,PLEASANTON ISD,TRADITIONAL ISD/CSD,Two or more races,56
2024-2025,20,ATASCOSA COUNTY,7905,PLEASANTON ISD,TRADITIONAL ISD/CSD,White,798
2024-2025,16,HUTCHINSON COUNTY,117904,PLEMONS-STINNETT-PHILLIPS CISD,TRADITIONAL ISD/CSD,American Indian or Alaska Nat,<10
2024-2025,16,HUTCHINSON COUNTY,117904,PLEMONS-STINNETT-PHILLIPS CISD,TRADITIONAL ISD/CSD,Black or African American,<10
2024-2025,16,HUTCHINSON COUNTY,117904,PLEMONS-STINNETT-PHILLIPS CISD,TRADITIONAL ISD/CSD,Hispanic/Latino,140
2024-2025,16,HUTCHINSON COUNTY,117904,PLEMONS-STINNETT-PHILLIPS CISD,TRADITIONAL ISD/CSD,Native Hawaiian/Other Pacific,<10
2024-2025,16,HUTCHINSON COUNTY,117904,PLEMONS-STINNETT-PHILLIPS CISD,TRADITIONAL ISD/CSD,Two or more races,23
2024-2025,16,HUTCHINSON COUNTY,117904,PLEMONS-STINNETT-PHILLIPS CISD,TRADITIONAL ISD/CSD,White,390
2024-2025,1,CAMERON COUNTY,31909,POINT ISABEL ISD,TRADITIONAL ISD/CSD,American Indian or Alaska Nat,<10
2024-2025,1,CAMERON COUNTY,31909,POINT ISABEL ISD,TRADITIONAL ISD/CSD,Asian,<10
2024-2025,1,CAMERON COUNTY,31909,POINT ISABEL ISD,TRADITIONAL ISD/CSD,Black or African American,<10
2024-2025,1,CAMERON COUNTY,31909,POINT ISABEL ISD,TRADITIONAL ISD/CSD,Hispanic/Latino,1637
2024-2025,1,CAMERON COUNTY,31909,POINT ISABEL ISD,TRADITIONAL ISD/CSD,Two or more races,12
2024-2025,1,CAMERON COUNTY,31909,POINT ISABEL ISD,TRADITIONAL ISD/CSD,White,123
2024-2025,11,DENTON COUNTY,61906,PONDER ISD,TRADITIONAL ISD/CSD,American Indian or Alaska Nat,<10
2024-2025,11,DENTON COUNTY,61906,PONDER ISD,TRADITIONAL ISD/CSD,Asian,<10
2024-2025,11,DENTON COUNTY,61906,PONDER ISD,TRADITIONAL ISD/CSD,Black or African American,22
2024-2025,11,DENTON COUNTY,61906,PONDER ISD,TRADITIONAL ISD/CSD,Hispanic/Latino,655
2024-2025,11,DENTON COUNTY,61906,PONDER ISD,TRADITIONAL ISD/CSD,Two or more races,56
2024-2025,11,DENTON COUNTY,61906,PONDER ISD,TRADITIONAL ISD/CSD,White,972
2024-2025,11,PARKER COUNTY,184901,POOLVILLE ISD,TRADITIONAL ISD/CSD,American Indian or Alaska Nat,<10
2024-2025,11,PARKER COUNTY,184901,POOLVILLE ISD,TRADITIONAL ISD/CSD,Asian,<10
2024-2025,11,PARKER COUNTY,184901,POOLVILLE ISD,TRADITIONAL ISD/CSD,Hispanic/Latino,207
2024-2025,11,PARKER COUNTY,184901,POOLVILLE ISD,TRADITIONAL ISD/CSD,Native Hawaiian/Other Pacific,<10
2024-2025,11,PARKER COUNTY,184901,POOLVILLE ISD,TRADITIONAL ISD/CSD,Two or more races,33
2024-2025,11,PARKER COUNTY,184901,POOLVILLE ISD,TRADITIONAL ISD/CSD,White,548
2024-2025,20,BEXAR COUNTY,15801,POR VIDA ACADEMY,OPEN ENROLLMENT CHARTER,Black or African American,<10
2024-2025,20,BEXAR COUNTY,15801,POR VIDA ACADEMY,OPEN ENROLLMENT CHARTER,Hispanic/Latino,151
2024-2025,20,BEXAR COUNTY,15801,POR VIDA ACADEMY,OPEN ENROLLMENT CHARTER,Native Hawaiian/Other Pacific,<10
2024-2025,20,BEXAR COUNTY,15801,POR VIDA ACADEMY,OPEN ENROLLMENT CHARTER,Two or more races,<10
2024-2025,20,BEXAR COUNTY,15801,POR VIDA ACADEMY,OPEN ENROLLMENT CHARTER,White,14
2024-2025,2,NUECES COUNTY,178908,PORT ARANSAS ISD,TRADITIONAL ISD/CSD,American Indian or Alaska Nat,<10
2024-2025,2,NUECES COUNTY,178908,PORT ARANSAS ISD,TRADITIONAL ISD/CSD,Asian,<10
2024-2025,2,NUECES COUNTY,178908,PORT ARANSAS ISD,TRADITIONAL ISD/CSD,Black or African American,<10
2024-2025,2,NUECES COUNTY,178908,PORT ARANSAS ISD,TRADITIONAL ISD/CSD,Hispanic/Latino,127
2024-2025,2,NUECES COUNTY,178908,PORT ARANSAS ISD,TRADITIONAL ISD/CSD,Two or more races,20
2024-2025,2,NUECES COUNTY,178908,PORT ARANSAS ISD,TRADITIONAL ISD/CSD,White,428
2024-2025,5,JEFFERSON COUNTY,123907,PORT ARTHUR ISD,TRADITIONAL ISD/CSD,American Indian or Alaska Nat,127
2024-2025,5,JEFFERSON COUNTY,123907,PORT ARTHUR ISD,TRADITIONAL ISD/CSD,Asian,158
2024-2025,5,JEFFERSON COUNTY,123907,PORT ARTHUR ISD,TRADITIONAL ISD/CSD,Black or African American,3095
2024-2025,5,JEFFERSON COUNTY,123907,PORT ARTHUR ISD,TRADITIONAL ISD/CSD,Hispanic/Latino,4350
2024-2025,5,JEFFERSON COUNTY,123907,PORT ARTHUR ISD,TRADITIONAL ISD/CSD,Native Hawaiian/Other Pacific,<10
2024-2025,5,JEFFERSON COUNTY,123907,PORT ARTHUR ISD,TRADITIONAL ISD/CSD,Two or more races,<130
2024-2025,5,JEFFERSON COUNTY,123907,PORT ARTHUR ISD,TRADITIONAL ISD/CSD,White,183
2024-2025,5,JEFFERSON COUNTY,123908,PORT NECHES-GROVES ISD,TRADITIONAL ISD/CSD,American Indian or Alaska Nat,<20
2024-2025,5,JEFFERSON COUNTY,123908,PORT NECHES-GROVES ISD,TRADITIONAL ISD/CSD,Asian,317
2024-2025,5,JEFFERSON COUNTY,123908,PORT NECHES-GROVES ISD,TRADITIONAL ISD/CSD,Black or African American,238
2024-2025,5,JEFFERSON COUNTY,123908,PORT NECHES-GROVES ISD,TRADITIONAL ISD/CSD,Hispanic/Latino,1776
2024-2025,5,JEFFERSON COUNTY,123908,PORT NECHES-GROVES ISD,TRADITIONAL ISD/CSD,Native Hawaiian/Other Pacific,<10
2024-2025,5,JEFFERSON COUNTY,123908,PORT NECHES-GROVES ISD,TRADITIONAL ISD/CSD,Two or more races,192
2024-2025,5,JEFFERSON COUNTY,123908,PORT NECHES-GROVES ISD,TRADITIONAL ISD/CSD,White,2811
2024-2025,20,BEXAR COUNTY,15814,POSITIVE SOLUTIONS CHARTER SCHOOL,OPEN ENROLLMENT CHARTER,Black or African American,<10
2024-2025,20,BEXAR COUNTY,15814,POSITIVE SOLUTIONS CHARTER SCHOOL,OPEN ENROLLMENT CHARTER,Hispanic/Latino,<100
2024-2025,17,GARZA COUNTY,85902,POST ISD,TRADITIONAL ISD/CSD,American Indian or Alaska Nat,<10
2024-2025,17,GARZA COUNTY,85902,POST ISD,TRADITIONAL ISD/CSD,Asian,<10
2024-2025,17,GARZA COUNTY,85902,POST ISD,TRADITIONAL ISD/CSD,Black or African American,27
2024-2025,17,GARZA COUNTY,85902,POST ISD,TRADITIONAL ISD/CSD,Hispanic/Latino,430
2024-2025,17,GARZA COUNTY,85902,POST ISD,TRADITIONAL ISD/CSD,Two or more races,40
2024-2025,17,GARZA COUNTY,85902,POST ISD,TRADITIONAL ISD/CSD,White,184
2024-2025,20,ATASCOSA COUNTY,7906,POTEET ISD,TRADITIONAL ISD/CSD,Asian,<10
2024-2025,20,ATASCOSA COUNTY,7906,POTEET ISD,TRADITIONAL ISD/CSD,Black or African American,10
2024-2025,20,ATASCOSA COUNTY,7906,POTEET ISD,TRADITIONAL ISD/CSD,Hispanic/Latino,1624
2024-2025,20,ATASCOSA COUNTY,7906,POTEET ISD,TRADITIONAL ISD/CSD,Native Hawaiian/Other Pacific,<10
2024-2025,20,ATASCOSA COUNTY,7906,POTEET ISD,TRADITIONAL ISD/CSD,Two or more races,13
2024-2025,20,ATASCOSA COUNTY,7906,POTEET ISD,TRADITIONAL ISD/CSD,White,183
2024-2025,20,WILSON COUNTY,247904,POTH ISD,TRADITIONAL ISD/CSD,American Indian or Alaska Nat,<10
2024-2025,20,WILSON COUNTY,247904,POTH ISD,TRADITIONAL ISD/CSD,Black or African American,<10
2024-2025,20,WILSON COUNTY,247904,POTH ISD,TRADITIONAL ISD/CSD,Hispanic/Latino,389
2024-2025,20,WILSON COUNTY,247904,POTH ISD,TRADITIONAL ISD/CSD,Two or more races,<10
2024-2025,20,WILSON COUNTY,247904,POTH ISD,TRADITIONAL ISD/CSD,White,563
2024-2025,10,GRAYSON COUNTY,91913,POTTSBORO ISD,TRADITIONAL ISD/CSD,American Indian or Alaska Nat,20
2024-2025,10,GRAYSON COUNTY,91913,POTTSBORO ISD,TRADITIONAL ISD/CSD,Asian,<10
2024-2025,10,GRAYSON COUNTY,91913,POTTSBORO ISD,TRADITIONAL ISD/CSD,Black or African American,<10
2024-2025,10,GRAYSON COUNTY,91913,POTTSBORO ISD,TRADITIONAL ISD/CSD,Hispanic/Latino,140
2024-2025,10,GRAYSON COUNTY,91913,POTTSBORO ISD,TRADITIONAL ISD/CSD,Two or more races,104
2024-2025,10,GRAYSON COUNTY,91913,POTTSBORO ISD,TRADITIONAL ISD/CSD,White,1173
2024-2025,13,CALDWELL COUNTY,28906,PRAIRIE LEA ISD,TRADITIONAL ISD/CSD,Black or African American,13
2024-2025,13,CALDWELL COUNTY,28906,PRAIRIE LEA ISD,TRADITIONAL ISD/CSD,Hispanic/Latino,187
2024-2025,13,CALDWELL COUNTY,28906,PRAIRIE LEA ISD,TRADITIONAL ISD/CSD,Two or more races,12
2024-2025,13,CALDWELL COUNTY,28906,PRAIRIE LEA ISD,TRADITIONAL ISD/CSD,White,55
2024-2025,9,MONTAGUE COUNTY,169909,PRAIRIE VALLEY ISD,TRADITIONAL ISD/CSD,Black or African American,<10
2024-2025,9,MONTAGUE COUNTY,169909,PRAIRIE VALLEY ISD,TRADITIONAL ISD/CSD,Hispanic/Latino,20
2024-2025,9,MONTAGUE COUNTY,169909,PRAIRIE VALLEY ISD,TRADITIONAL ISD/CSD,Two or more races,<20
2024-2025,9,MONTAGUE COUNTY,169909,PRAIRIE VALLEY ISD,TRADITIONAL ISD/CSD,White,100
2024-2025,8,LAMAR COUNTY,139912,PRAIRILAND ISD,TRADITIONAL ISD/CSD,American Indian or Alaska Nat,<10
2024-2025,8,LAMAR COUNTY,139912,PRAIRILAND ISD,TRADITIONAL ISD/CSD,Asian,<10
2024-2025,8,LAMAR COUNTY,139912,PRAIRILAND ISD,TRADITIONAL ISD/CSD,Black or African American,<10
2024-2025,8,LAMAR COUNTY,139912,PRAIRILAND ISD,TRADITIONAL ISD/CSD,Hispanic/Latino,128
2024-2025,8,LAMAR COUNTY,139912,PRAIRILAND ISD,TRADITIONAL ISD/CSD,Two or more races,38
2024-2025,8,LAMAR COUNTY,139912,PRAIRILAND ISD,TRADITIONAL ISD/CSD,White,921
2024-2025,20,BEXAR COUNTY,15843,PRELUDE PREPARATORY CHARTER SCHOOL,OPEN ENROLLMENT CHARTER,Asian,<10
2024-2025,20,BEXAR COUNTY,15843,PRELUDE PREPARATORY CHARTER SCHOOL,OPEN ENROLLMENT CHARTER,Black or African American,<10
2024-2025,20,BEXAR COUNTY,15843,PRELUDE PREPARATORY CHARTER SCHOOL,OPEN ENROLLMENT CHARTER,Hispanic/Latino,149
2024-2025,20,BEXAR COUNTY,15843,PRELUDE PREPARATORY CHARTER SCHOOL,OPEN ENROLLMENT CHARTER,Two or more races,<10
2024-2025,20,BEXAR COUNTY,15843,PRELUDE PREPARATORY CHARTER SCHOOL,OPEN ENROLLMENT CHARTER,White,<10
2024-2025,11,ERATH COUNTY,72801,PREMIER HIGH SCHOOLS,OPEN ENROLLMENT CHARTER,American Indian or Alaska Nat,17
2024-2025,11,ERATH COUNTY,72801,PREMIER HIGH SCHOOLS,OPEN ENROLLMENT CHARTER,Asian,70
2024-2025,11,ERATH COUNTY,72801,PREMIER HIGH SCHOOLS,OPEN ENROLLMENT CHARTER,Black or African American,919
2024-2025,11,ERATH COUNTY,72801,PREMIER HIGH SCHOOLS,OPEN ENROLLMENT CHARTER,Hispanic/Latino,4566
2024-2025,11,ERATH COUNTY,72801,PREMIER HIGH SCHOOLS,OPEN ENROLLMENT CHARTER,Native Hawaiian/Other Pacific,12
2024-2025,11,ERATH COUNTY,72801,PREMIER HIGH SCHOOLS,OPEN ENROLLMENT CHARTER,Two or more races,233
2024-2025,11,ERATH COUNTY,72801,PREMIER HIGH SCHOOLS,OPEN ENROLLMENT CHARTER,White,2131
2024-2025,2,JIM WELLS COUNTY,125905,PREMONT ISD,TRADITIONAL ISD/CSD,American Indian or Alaska Nat,<10
2024-2025,2,JIM WELLS COUNTY,125905,PREMONT ISD,TRADITIONAL ISD/CSD,Black or African American,<10
2024-2025,2,JIM WELLS COUNTY,125905,PREMONT ISD,TRADITIONAL ISD/CSD,Hispanic/Latino,764
2024-2025,2,JIM WELLS COUNTY,125905,PREMONT ISD,TRADITIONAL ISD/CSD,Native Hawaiian/Other Pacific,<10
2024-2025,2,JIM WELLS COUNTY,125905,PREMONT ISD,TRADITIONAL ISD/CSD,Two or more races,<10
2024-2025,2,JIM WELLS COUNTY,125905,PREMONT ISD,TRADITIONAL ISD/CSD,White,21
2024-2025,18,PRESIDIO COUNTY,189902,PRESIDIO ISD,TRADITIONAL ISD/CSD,American Indian or Alaska Nat,<10
2024-2025,18,PRESIDIO COUNTY,189902,PRESIDIO ISD,TRADITIONAL ISD/CSD,Asian,<10
2024-2025,18,PRESIDIO COUNTY,189902,PRESIDIO ISD,TRADITIONAL ISD/CSD,Hispanic/Latino,1062
2024-2025,18,PRESIDIO COUNTY,189902,PRESIDIO ISD,TRADITIONAL ISD/CSD,Native Hawaiian/Other Pacific,<10
2024-2025,18,PRESIDIO COUNTY,189902,PRESIDIO ISD,TRADITIONAL ISD/CSD,White,14
2024-2025,12,MILLS COUNTY,167904,PRIDDY ISD,TRADITIONAL ISD/CSD,Hispanic/Latino,<30
2024-2025,12,MILLS COUNTY,167904,PRIDDY ISD,TRADITIONAL ISD/CSD,Two or more races,<10
2024-2025,12,MILLS COUNTY,167904,PRIDDY ISD,TRADITIONAL ISD/CSD,White,97
2024-2025,10,COLLIN COUNTY,43911,PRINCETON ISD,TRADITIONAL ISD/CSD,American Indian or Alaska Nat,47
2024-2025,10,COLLIN COUNTY,43911,PRINCETON ISD,TRADITIONAL ISD/CSD,Asian,669
2024-2025,10,COLLIN COUNTY,43911,PRINCETON ISD,TRADITIONAL ISD/CSD,Black or African American,2365
2024-2025,10,COLLIN COUNTY,43911,PRINCETON ISD,TRADITIONAL ISD/CSD,Hispanic/Latino,4083
2024-2025,10,COLLIN COUNTY,43911,PRINCETON ISD,TRADITIONAL ISD/CSD,Native Hawaiian/Other Pacific,18
2024-2025,10,COLLIN COUNTY,43911,PRINCETON ISD,TRADITIONAL ISD/CSD,Two or more races,477
2024-2025,10,COLLIN COUNTY,43911,PRINCETON ISD,TRADITIONAL ISD/CSD,White,2297
2024-2025,16,HANSFORD COUNTY,98903,PRINGLE-MORSE CISD,TRADITIONAL ISD/CSD,Hispanic/Latino,71
2024-2025,16,HANSFORD COUNTY,98903,PRINGLE-MORSE CISD,TRADITIONAL ISD/CSD,Two or more races,<10
2024-2025,16,HANSFORD COUNTY,98903,PRINGLE-MORSE CISD,TRADITIONAL ISD/CSD,White,<60
2024-2025,12,BELL COUNTY,14803,PRIORITY CHARTER SCHOOLS,OPEN ENROLLMENT CHARTER,American Indian or Alaska Nat,<10
2024-2025,12,BELL COUNTY,14803,PRIORITY CHARTER SCHOOLS,OPEN ENROLLMENT CHARTER,Asian,<10
2024-2025,12,BELL COUNTY,14803,PRIORITY CHARTER SCHOOLS,OPEN ENROLLMENT CHARTER,Black or African American,120
2024-2025,12,BELL COUNTY,14803,PRIORITY CHARTER SCHOOLS,OPEN ENROLLMENT CHARTER,Hispanic/Latino,168
2024-2025,12,BELL COUNTY,14803,PRIORITY CHARTER SCHOOLS,OPEN ENROLLMENT CHARTER,Native Hawaiian/Other Pacific,<10
2024-2025,12,BELL COUNTY,14803,PRIORITY CHARTER SCHOOLS,OPEN ENROLLMENT CHARTER,Two or more races,46
2024-2025,12,BELL COUNTY,14803,PRIORITY CHARTER SCHOOLS,OPEN ENROLLMENT CHARTER,White,150
2024-2025,1,HIDALGO COUNTY,108910,PROGRESO ISD,TRADITIONAL ISD/CSD,Black or African American,<10
2024-2025,1,HIDALGO COUNTY,108910,PROGRESO ISD,TRADITIONAL ISD/CSD,Hispanic/Latino,1326
2024-2025,1,HIDALGO COUNTY,108910,PROGRESO ISD,TRADITIONAL ISD/CSD,White,<20
2024-2025,20,BEXAR COUNTY,15839,PROMESA ACADEMY CHARTER SCHOOL,OPEN ENROLLMENT CHARTER,Asian,<10
2024-2025,20,BEXAR COUNTY,15839,PROMESA ACADEMY CHARTER SCHOOL,OPEN ENROLLMENT CHARTER,Black or African American,10
2024-2025,20,BEXAR COUNTY,15839,PROMESA ACADEMY CHARTER SCHOOL,OPEN ENROLLMENT CHARTER,Hispanic/Latino,221
2024-2025,20,BEXAR COUNTY,15839,PROMESA ACADEMY CHARTER SCHOOL,OPEN ENROLLMENT CHARTER,Two or more races,<10
2024-2025,20,BEXAR COUNTY,15839,PROMESA ACADEMY CHARTER SCHOOL,OPEN ENROLLMENT CHARTER,White,14
2024-2025,10,COLLIN COUNTY,43912,PROSPER ISD,TRADITIONAL ISD/CSD,American Indian or Alaska Nat,278
2024-2025,10,COLLIN COUNTY,43912,PROSPER ISD,TRADITIONAL ISD/CSD,Asian,10950
2024-2025,10,COLLIN COUNTY,43912,PROSPER ISD,TRADITIONAL ISD/CSD,Black or African American,2946
2024-2025,10,COLLIN COUNTY,43912,PROSPER ISD,TRADITIONAL ISD/CSD,Hispanic/Latino,3604
2024-2025,10,COLLIN COUNTY,43912,PROSPER ISD,TRADITIONAL ISD/CSD,Native Hawaiian/Other Pacific,19
2024-2025,10,COLLIN COUNTY,43912,PROSPER ISD,TRADITIONAL ISD/CSD,Two or more races,1975
2024-2025,10,COLLIN COUNTY,43912,PROSPER ISD,TRADITIONAL ISD/CSD,White,11879
2024-2025,9,HARDEMAN COUNTY,99903,QUANAH ISD,TRADITIONAL ISD/CSD,American Indian or Alaska Nat,<10
2024-2025,9,HARDEMAN COUNTY,99903,QUANAH ISD,TRADITIONAL ISD/CSD,Asian,<10
2024-2025,9,HARDEMAN COUNTY,99903,QUANAH ISD,TRADITIONAL ISD/CSD,Black or African American,17
2024-2025,9,HARDEMAN COUNTY,99903,QUANAH ISD,TRADITIONAL ISD/CSD,Hispanic/Latino,165
2024-2025,9,HARDEMAN COUNTY,99903,QUANAH ISD,TRADITIONAL ISD/CSD,Two or more races,22
2024-2025,9,HARDEMAN COUNTY,99903,QUANAH ISD,TRADITIONAL ISD/CSD,White,228
2024-2025,8,CASS COUNTY,34907,QUEEN CITY ISD,TRADITIONAL ISD/CSD,American Indian or Alaska Nat,<10
2024-2025,8,CASS COUNTY,34907,QUEEN CITY ISD,TRADITIONAL ISD/CSD,Asian,<10
2024-2025,8,CASS COUNTY,34907,QUEEN CITY ISD,TRADITIONAL ISD/CSD,Black or African American,116
2024-2025,8,CASS COUNTY,34907,QUEEN CITY ISD,TRADITIONAL ISD/CSD,Hispanic/Latino,44
2024-2025,8,CASS COUNTY,34907,QUEEN CITY ISD,TRADITIONAL ISD/CSD,Native Hawaiian/Other Pacific,<10
2024-2025,8,CASS COUNTY,34907,QUEEN CITY ISD,TRADITIONAL ISD/CSD,Two or more races,60
2024-2025,8,CASS COUNTY,34907,QUEEN CITY ISD,TRADITIONAL ISD/CSD,White,637
2024-2025,10,HUNT COUNTY,116908,QUINLAN ISD,TRADITIONAL ISD/CSD,American Indian or Alaska Nat,13
2024-2025,10,HUNT COUNTY,116908,QUINLAN ISD,TRADITIONAL ISD/CSD,Asian,<10
2024-2025,10,HUNT COUNTY,116908,QUINLAN ISD,TRADITIONAL ISD/CSD,Black or African American,24
2024-2025,10,HUNT COUNTY,116908,QUINLAN ISD,TRADITIONAL ISD/CSD,Hispanic/Latino,1325
2024-2025,10,HUNT COUNTY,116908,QUINLAN ISD,TRADITIONAL ISD/CSD,Native Hawaiian/Other Pacific,<10
2024-2025,10,HUNT COUNTY,116908,QUINLAN ISD,TRADITIONAL ISD/CSD,Two or more races,98
2024-2025,10,HUNT COUNTY,116908,QUINLAN ISD,TRADITIONAL ISD/CSD,White,1458
2024-2025,7,WOOD COUNTY,250904,QUITMAN ISD,TRADITIONAL ISD/CSD,Asian,<10
2024-2025,7,WOOD COUNTY,250904,QUITMAN ISD,TRADITIONAL ISD/CSD,Black or African American,<40
2024-2025,7,WOOD COUNTY,250904,QUITMAN ISD,TRADITIONAL ISD/CSD,Hispanic/Latino,202
2024-2025,7,WOOD COUNTY,250904,QUITMAN ISD,TRADITIONAL ISD/CSD,Two or more races,56
2024-2025,7,WOOD COUNTY,250904,QUITMAN ISD,TRADITIONAL ISD/CSD,White,912
2024-2025,7,RAINS COUNTY,190903,RAINS ISD,TRADITIONAL ISD/CSD,American Indian or Alaska Nat,15
2024-2025,7,RAINS COUNTY,190903,RAINS ISD,TRADITIONAL ISD/CSD,Asian,<10
2024-2025,7,RAINS COUNTY,190903,RAINS ISD,TRADITIONAL ISD/CSD,Black or African American,37
2024-2025,7,RAINS COUNTY,190903,RAINS ISD,TRADITIONAL ISD/CSD,Hispanic/Latino,352
2024-2025,7,RAINS COUNTY,190903,RAINS ISD,TRADITIONAL ISD/CSD,Native Hawaiian/Other Pacific,<10
2024-2025,7,RAINS COUNTY,190903,RAINS ISD,TRADITIONAL ISD/CSD,Two or more races,81
2024-2025,7,RAINS COUNTY,190903,RAINS ISD,TRADITIONAL ISD/CSD,White,1214
2024-2025,17,CROSBY COUNTY,54903,RALLS ISD,TRADITIONAL ISD/CSD,Black or African American,<10
2024-2025,17,CROSBY COUNTY,54903,RALLS ISD,TRADITIONAL ISD/CSD,Hispanic/Latino,296
2024-2025,17,CROSBY COUNTY,54903,RALLS ISD,TRADITIONAL ISD/CSD,Two or more races,<10
2024-2025,17,CROSBY COUNTY,54903,RALLS ISD,TRADITIONAL ISD/CSD,White,69
2024-2025,2,DUVAL COUNTY,66005,RAMIREZ CSD,TRADITIONAL ISD/CSD,Hispanic/Latino,<40
2024-2025,2,DUVAL COUNTY,66005,RAMIREZ CSD,TRADITIONAL ISD/CSD,White,<10
2024-2025,7,VAN ZANDT COUNTY,234801,RANCH ACADEMY,OPEN ENROLLMENT CHARTER,Black or African American,<10
2024-2025,7,VAN ZANDT COUNTY,234801,RANCH ACADEMY,OPEN ENROLLMENT CHARTER,Hispanic/Latino,21
2024-2025,7,VAN ZANDT COUNTY,234801,RANCH ACADEMY,OPEN ENROLLMENT CHARTER,Two or more races,<10
2024-2025,7,VAN ZANDT COUNTY,234801,RANCH ACADEMY,OPEN ENROLLMENT CHARTER,White,38
2024-2025,20,BEXAR COUNTY,15906,RANDOLPH FIELD ISD,TRADITIONAL ISD/CSD,Asian,<30
2024-2025,20,BEXAR COUNTY,15906,RANDOLPH FIELD ISD,TRADITIONAL ISD/CSD,Black or African American,223
2024-2025,20,BEXAR COUNTY,15906,RANDOLPH FIELD ISD,TRADITIONAL ISD/CSD,Hispanic/Latino,454
2024-2025,20,BEXAR COUNTY,15906,RANDOLPH FIELD ISD,TRADITIONAL ISD/CSD,Native Hawaiian/Other Pacific,<10
2024-2025,20,BEXAR COUNTY,15906,RANDOLPH FIELD ISD,TRADITIONAL ISD/CSD,Two or more races,187
2024-2025,20,BEXAR COUNTY,15906,RANDOLPH FIELD ISD,TRADITIONAL ISD/CSD,White,527
2024-2025,14,EASTLAND COUNTY,67907,RANGER ISD,TRADITIONAL ISD/CSD,American Indian or Alaska Nat,<10
2024-2025,14,EASTLAND COUNTY,67907,RANGER ISD,TRADITIONAL ISD/CSD,Black or African American,<10
2024-2025,14,EASTLAND COUNTY,67907,RANGER ISD,TRADITIONAL ISD/CSD,Hispanic/Latino,73
2024-2025,14,EASTLAND COUNTY,67907,RANGER ISD,TRADITIONAL ISD/CSD,Two or more races,<10
2024-2025,14,EASTLAND COUNTY,67907,RANGER ISD,TRADITIONAL ISD/CSD,White,206
2024-2025,18,UPTON COUNTY,231902,RANKIN ISD,TRADITIONAL ISD/CSD,Asian,<10
2024-2025,18,UPTON COUNTY,231902,RANKIN ISD,TRADITIONAL ISD/CSD,Black or African American,<10
2024-2025,18,UPTON COUNTY,231902,RANKIN ISD,TRADITIONAL ISD/CSD,Hispanic/Latino,129
2024-2025,18,UPTON COUNTY,231902,RANKIN ISD,TRADITIONAL ISD/CSD,Two or more races,10
2024-2025,18,UPTON COUNTY,231902,RANKIN ISD,TRADITIONAL ISD/CSD,White,158
2024-2025,12,MCLENNAN COUNTY,161802,RAPOPORT ACADEMY PUBLIC SCHOOL,OPEN ENROLLMENT CHARTER,Asian,<10
2024-2025,12,MCLENNAN COUNTY,161802,RAPOPORT ACADEMY PUBLIC SCHOOL,OPEN ENROLLMENT CHARTER,Black or African American,293
2024-2025,12,MCLENNAN COUNTY,161802,RAPOPORT ACADEMY PUBLIC SCHOOL,OPEN ENROLLMENT CHARTER,Hispanic/Latino,409
2024-2025,12,MCLENNAN COUNTY,161802,RAPOPORT ACADEMY PUBLIC SCHOOL,OPEN ENROLLMENT CHARTER,Two or more races,<50
2024-2025,12,MCLENNAN COUNTY,161802,RAPOPORT ACADEMY PUBLIC SCHOOL,OPEN ENROLLMENT CHARTER,White,148
2024-2025,4,HARRIS COUNTY,101806,RAUL YZAGUIRRE SCHOOLS FOR SUCCESS,OPEN ENROLLMENT CHARTER,American Indian or Alaska Nat,<10
2024-2025,4,HARRIS COUNTY,101806,RAUL YZAGUIRRE SCHOOLS FOR SUCCESS,OPEN ENROLLMENT CHARTER,Asian,<10
2024-2025,4,HARRIS COUNTY,101806,RAUL YZAGUIRRE SCHOOLS FOR SUCCESS,OPEN ENROLLMENT CHARTER,Black or African American,18
2024-2025,4,HARRIS COUNTY,101806,RAUL YZAGUIRRE SCHOOLS FOR SUCCESS,OPEN ENROLLMENT CHARTER,Hispanic/Latino,1946
2024-2025,4,HARRIS COUNTY,101806,RAUL YZAGUIRRE SCHOOLS FOR SUCCESS,OPEN ENROLLMENT CHARTER,White,22
2024-2025,6,WALKER COUNTY,236801,RAVEN SCHOOL,OPEN ENROLLMENT CHARTER,American Indian or Alaska Nat,<10
2024-2025,6,WALKER COUNTY,236801,RAVEN SCHOOL,OPEN ENROLLMENT CHARTER,Black or African American,16
2024-2025,6,WALKER COUNTY,236801,RAVEN SCHOOL,OPEN ENROLLMENT CHARTER,Hispanic/Latino,14
2024-2025,6,WALKER COUNTY,236801,RAVEN SCHOOL,OPEN ENROLLMENT CHARTER,Two or more races,<10
2024-2025,6,WALKER COUNTY,236801,RAVEN SCHOOL,OPEN ENROLLMENT CHARTER,White,10
2024-2025,1,WILLACY COUNTY,245903,RAYMONDVILLE ISD,TRADITIONAL ISD/CSD,American Indian or Alaska Nat,<10
2024-2025,1,WILLACY COUNTY,245903,RAYMONDVILLE ISD,TRADITIONAL ISD/CSD,Asian,<10
2024-2025,1,WILLACY COUNTY,245903,RAYMONDVILLE ISD,TRADITIONAL ISD/CSD,Black or African American,<10
2024-2025,1,WILLACY COUNTY,245903,RAYMONDVILLE ISD,TRADITIONAL ISD/CSD,Hispanic/Latino,1928
2024-2025,1,WILLACY COUNTY,245903,RAYMONDVILLE ISD,TRADITIONAL ISD/CSD,Two or more races,<10
2024-2025,1,WILLACY COUNTY,245903,RAYMONDVILLE ISD,TRADITIONAL ISD/CSD,White,29
2024-2025,18,REAGAN COUNTY,192901,REAGAN COUNTY ISD,TRADITIONAL ISD/CSD,Asian,<10
2024-2025,18,REAGAN COUNTY,192901,REAGAN COUNTY ISD,TRADITIONAL ISD/CSD,Black or African American,<10
2024-2025,18,REAGAN COUNTY,192901,REAGAN COUNTY ISD,TRADITIONAL ISD/CSD,Hispanic/Latino,729
2024-2025,18,REAGAN COUNTY,192901,REAGAN COUNTY ISD,TRADITIONAL ISD/CSD,White,121
2024-2025,8,BOWIE COUNTY,19911,RED LICK ISD,TRADITIONAL ISD/CSD,American Indian or Alaska Nat,<10
2024-2025,8,BOWIE COUNTY,19911,RED LICK ISD,TRADITIONAL ISD/CSD,Black or African American,<20
2024-2025,8,BOWIE COUNTY,19911,RED LICK ISD,TRADITIONAL ISD/CSD,Hispanic/Latino,31
2024-2025,8,BOWIE COUNTY,19911,RED LICK ISD,TRADITIONAL ISD/CSD,Two or more races,26
2024-2025,8,BOWIE COUNTY,19911,RED LICK ISD,TRADITIONAL ISD/CSD,White,433
2024-2025,10,ELLIS COUNTY,70911,RED OAK ISD,TRADITIONAL ISD/CSD,American Indian or Alaska Nat,<20
2024-2025,10,ELLIS COUNTY,70911,RED OAK ISD,TRADITIONAL ISD/CSD,Asian,62
2024-2025,10,ELLIS COUNTY,70911,RED OAK ISD,TRADITIONAL ISD/CSD,Black or African American,2530
2024-2025,10,ELLIS COUNTY,70911,RED OAK ISD,TRADITIONAL ISD/CSD,Hispanic/Latino,2725
2024-2025,10,ELLIS COUNTY,70911,RED OAK ISD,TRADITIONAL ISD/CSD,Native Hawaiian/Other Pacific,<10
2024-2025,10,ELLIS COUNTY,70911,RED OAK ISD,TRADITIONAL ISD/CSD,Two or more races,253
2024-2025,10,ELLIS COUNTY,70911,RED OAK ISD,TRADITIONAL ISD/CSD,White,1101
2024-2025,8,BOWIE COUNTY,19906,REDWATER ISD,TRADITIONAL ISD/CSD,American Indian or Alaska Nat,<10
2024-2025,8,BOWIE COUNTY,19906,REDWATER ISD,TRADITIONAL ISD/CSD,Asian,<10
2024-2025,8,BOWIE COUNTY,19906,REDWATER ISD,TRADITIONAL ISD/CSD,Black or African American,37
2024-2025,8,BOWIE COUNTY,19906,REDWATER ISD,TRADITIONAL ISD/CSD,Hispanic/Latino,47
2024-2025,8,BOWIE COUNTY,19906,REDWATER ISD,TRADITIONAL ISD/CSD,Native Hawaiian/Other Pacific,<10
2024-2025,8,BOWIE COUNTY,19906,REDWATER ISD,TRADITIONAL ISD/CSD,Two or more races,37
2024-2025,8,BOWIE COUNTY,19906,REDWATER ISD,TRADITIONAL ISD/CSD,White,967
2024-2025,3,REFUGIO COUNTY,196903,REFUGIO ISD,TRADITIONAL ISD/CSD,Asian,<10
2024-2025,3,REFUGIO COUNTY,196903,REFUGIO ISD,TRADITIONAL ISD/CSD,Black or African American,51
2024-2025,3,REFUGIO COUNTY,196903,REFUGIO ISD,TRADITIONAL ISD/CSD,Hispanic/Latino,457
2024-2025,3,REFUGIO COUNTY,196903,REFUGIO ISD,TRADITIONAL ISD/CSD,Two or more races,<20
2024-2025,3,REFUGIO COUNTY,196903,REFUGIO ISD,TRADITIONAL ISD/CSD,White,135
2024-2025,4,HARRIS COUNTY,101876,REVE PREPARATORY CHARTER SCHOOL,OPEN ENROLLMENT CHARTER,Asian,<10
2024-2025,4,HARRIS COUNTY,101876,REVE PREPARATORY CHARTER SCHOOL,OPEN ENROLLMENT CHARTER,Black or African American,165
2024-2025,4,HARRIS COUNTY,101876,REVE PREPARATORY CHARTER SCHOOL,OPEN ENROLLMENT CHARTER,Hispanic/Latino,61
2024-2025,4,HARRIS COUNTY,101876,REVE PREPARATORY CHARTER SCHOOL,OPEN ENROLLMENT CHARTER,White,<20
2024-2025,2,KLEBERG COUNTY,137902,RICARDO ISD,TRADITIONAL ISD/CSD,Asian,<10
2024-2025,2,KLEBERG COUNTY,137902,RICARDO ISD,TRADITIONAL ISD/CSD,Black or African American,<10
2024-2025,2,KLEBERG COUNTY,137902,RICARDO ISD,TRADITIONAL ISD/CSD,Hispanic/Latino,564
2024-2025,2,KLEBERG COUNTY,137902,RICARDO ISD,TRADITIONAL ISD/CSD,Two or more races,<10
2024-2025,2,KLEBERG COUNTY,137902,RICARDO ISD,TRADITIONAL ISD/CSD,White,81
2024-2025,3,COLORADO COUNTY,45903,RICE CISD,TRADITIONAL ISD/CSD,American Indian or Alaska Nat,<10
2024-2025,3,COLORADO COUNTY,45903,RICE CISD,TRADITIONAL ISD/CSD,Asian,<10
2024-2025,3,COLORADO COUNTY,45903,RICE CISD,TRADITIONAL ISD/CSD,Black or African American,189
2024-2025,3,COLORADO COUNTY,45903,RICE CISD,TRADITIONAL ISD/CSD,Hispanic/Latino,806
2024-2025,3,COLORADO COUNTY,45903,RICE CISD,TRADITIONAL ISD/CSD,Native Hawaiian/Other Pacific,<10
2024-2025,3,COLORADO COUNTY,45903,RICE CISD,TRADITIONAL ISD/CSD,Two or more races,35
2024-2025,3,COLORADO COUNTY,45903,RICE CISD,TRADITIONAL ISD/CSD,White,265
2024-2025,12,NAVARRO COUNTY,175911,RICE ISD,TRADITIONAL ISD/CSD,American Indian or Alaska Nat,<10
2024-2025,12,NAVARRO COUNTY,175911,RICE ISD,TRADITIONAL ISD/CSD,Black or African American,21
2024-2025,12,NAVARRO COUNTY,175911,RICE ISD,TRADITIONAL ISD/CSD,Hispanic/Latino,837
2024-2025,12,NAVARRO COUNTY,175911,RICE ISD,TRADITIONAL ISD/CSD,Native Hawaiian/Other Pacific,<10
2024-2025,12,NAVARRO COUNTY,175911,RICE ISD,TRADITIONAL ISD/CSD,Two or more races,21
2024-2025,12,NAVARRO COUNTY,175911,RICE ISD,TRADITIONAL ISD/CSD,White,224
2024-2025,20,BELL COUNTY,14801,RICHARD MILBURN ALTER HIGH SCHOOL (KILLEEN),OPEN ENROLLMENT CHARTER,American Indian or Alaska Nat,<10
2024-2025,20,BELL COUNTY,14801,RICHARD MILBURN ALTER HIGH SCHOOL (KILLEEN),OPEN ENROLLMENT CHARTER,Asian,<10
2024-2025,20,BELL COUNTY,14801,RICHARD MILBURN ALTER HIGH SCHOOL (KILLEEN),OPEN ENROLLMENT CHARTER,Black or African American,245
2024-2025,20,BELL COUNTY,14801,RICHARD MILBURN ALTER HIGH SCHOOL (KILLEEN),OPEN ENROLLMENT CHARTER,Hispanic/Latino,1087
2024-2025,20,BELL COUNTY,14801,RICHARD MILBURN ALTER HIGH SCHOOL (KILLEEN),OPEN ENROLLMENT CHARTER,Native Hawaiian/Other Pacific,<10
2024-2025,20,BELL COUNTY,14801,RICHARD MILBURN ALTER HIGH SCHOOL (KILLEEN),OPEN ENROLLMENT CHARTER,Two or more races,34
2024-2025,20,BELL COUNTY,14801,RICHARD MILBURN ALTER HIGH SCHOOL (KILLEEN),OPEN ENROLLMENT CHARTER,White,226
2024-2025,6,GRIMES COUNTY,93905,RICHARDS ISD,TRADITIONAL ISD/CSD,Asian,<10
2024-2025,6,GRIMES COUNTY,93905,RICHARDS ISD,TRADITIONAL ISD/CSD,Black or African American,<10
2024-2025,6,GRIMES COUNTY,93905,RICHARDS ISD,TRADITIONAL ISD/CSD,Hispanic/Latino,24
2024-2025,6,GRIMES COUNTY,93905,RICHARDS ISD,TRADITIONAL ISD/CSD,Two or more races,12
2024-2025,6,GRIMES COUNTY,93905,RICHARDS ISD,TRADITIONAL ISD/CSD,White,204
2024-2025,10,DALLAS COUNTY,57916,RICHARDSON ISD,TRADITIONAL ISD/CSD,American Indian or Alaska Nat,133
2024-2025,10,DALLAS COUNTY,57916,RICHARDSON ISD,TRADITIONAL ISD/CSD,Asian,2872
2024-2025,10,DALLAS COUNTY,57916,RICHARDSON ISD,TRADITIONAL ISD/CSD,Black or African American,7300
2024-2025,10,DALLAS COUNTY,57916,RICHARDSON ISD,TRADITIONAL ISD/CSD,Hispanic/Latino,14183
2024-2025,10,DALLAS COUNTY,57916,RICHARDSON ISD,TRADITIONAL ISD/CSD,Native Hawaiian/Other Pacific,29
2024-2025,10,DALLAS COUNTY,57916,RICHARDSON ISD,TRADITIONAL ISD/CSD,Two or more races,1192
2024-2025,10,DALLAS COUNTY,57916,RICHARDSON ISD,TRADITIONAL ISD/CSD,White,11262
2024-2025,10,DALLAS COUNTY,57840,RICHLAND COLLEGIATE HIGH SCHOOL,OPEN ENROLLMENT CHARTER,Asian,40
2024-2025,10,DALLAS COUNTY,57840,RICHLAND COLLEGIATE HIGH SCHOOL,OPEN ENROLLMENT CHARTER,Black or African American,54
2024-2025,10,DALLAS COUNTY,57840,RICHLAND COLLEGIATE HIGH SCHOOL,OPEN ENROLLMENT CHARTER,Hispanic/Latino,20
2024-2025,10,DALLAS COUNTY,57840,RICHLAND COLLEGIATE HIGH SCHOOL,OPEN ENROLLMENT CHARTER,Two or more races,<10
2024-2025,10,DALLAS COUNTY,57840,RICHLAND COLLEGIATE HIGH SCHOOL,OPEN ENROLLMENT CHARTER,White,<20
2024-2025,15,SAN SABA COUNTY,206902,RICHLAND SPRINGS ISD,TRADITIONAL ISD/CSD,American Indian or Alaska Nat,<10
2024-2025,15,SAN SABA COUNTY,206902,RICHLAND SPRINGS ISD,TRADITIONAL ISD/CSD,Black or African American,<10
2024-2025,15,SAN SABA COUNTY,206902,RICHLAND SPRINGS ISD,TRADITIONAL ISD/CSD,Hispanic/Latino,25
2024-2025,15,SAN SABA COUNTY,206902,RICHLAND SPRINGS ISD,TRADITIONAL ISD/CSD,Two or more races,<10
2024-2025,15,SAN SABA COUNTY,206902,RICHLAND SPRINGS ISD,TRADITIONAL ISD/CSD,White,89
2024-2025,12,MCLENNAN COUNTY,161912,RIESEL ISD,TRADITIONAL ISD/CSD,American Indian or Alaska Nat,<10
2024-2025,12,MCLENNAN COUNTY,161912,RIESEL ISD,TRADITIONAL ISD/CSD,Asian,<10
2024-2025,12,MCLENNAN COUNTY,161912,RIESEL ISD,TRADITIONAL ISD/CSD,Black or African American,17
2024-2025,12,MCLENNAN COUNTY,161912,RIESEL ISD,TRADITIONAL ISD/CSD,Hispanic/Latino,180
2024-2025,12,MCLENNAN COUNTY,161912,RIESEL ISD,TRADITIONAL ISD/CSD,Two or more races,37
2024-2025,12,MCLENNAN COUNTY,161912,RIESEL ISD,TRADITIONAL ISD/CSD,White,452
2024-2025,1,STARR COUNTY,214901,RIO GRANDE CITY GRULLA ISD,TRADITIONAL ISD/CSD,American Indian or Alaska Nat,<10
2024-2025,1,STARR COUNTY,214901,RIO GRANDE CITY GRULLA ISD,TRADITIONAL ISD/CSD,Asian,16
2024-2025,1,STARR COUNTY,214901,RIO GRANDE CITY GRULLA ISD,TRADITIONAL ISD/CSD,Black or African American,<10
2024-2025,1,STARR COUNTY,214901,RIO GRANDE CITY GRULLA ISD,TRADITIONAL ISD/CSD,Hispanic/Latino,9271
2024-2025,1,STARR COUNTY,214901,RIO GRANDE CITY GRULLA ISD,TRADITIONAL ISD/CSD,Two or more races,<10
2024-2025,1,STARR COUNTY,214901,RIO GRANDE CITY GRULLA ISD,TRADITIONAL ISD/CSD,White,24
2024-2025,1,CAMERON COUNTY,31911,RIO HONDO ISD,TRADITIONAL ISD/CSD,Black or African American,<10
2024-2025,1,CAMERON COUNTY,31911,RIO HONDO ISD,TRADITIONAL ISD/CSD,Hispanic/Latino,1405
2024-2025,1,CAMERON COUNTY,31911,RIO HONDO ISD,TRADITIONAL ISD/CSD,Two or more races,<10
2024-2025,1,CAMERON COUNTY,31911,RIO HONDO ISD,TRADITIONAL ISD/CSD,White,27
2024-2025,11,JOHNSON COUNTY,126907,RIO VISTA ISD,TRADITIONAL ISD/CSD,American Indian or Alaska Nat,<10
2024-2025,11,JOHNSON COUNTY,126907,RIO VISTA ISD,TRADITIONAL ISD/CSD,Black or African American,<10
2024-2025,11,JOHNSON COUNTY,126907,RIO VISTA ISD,TRADITIONAL ISD/CSD,Hispanic/Latino,210
2024-2025,11,JOHNSON COUNTY,126907,RIO VISTA ISD,TRADITIONAL ISD/CSD,Native Hawaiian/Other Pacific,<10
2024-2025,11,JOHNSON COUNTY,126907,RIO VISTA ISD,TRADITIONAL ISD/CSD,Two or more races,45
2024-2025,11,JOHNSON COUNTY,126907,RIO VISTA ISD,TRADITIONAL ISD/CSD,White,765
2024-2025,17,LUBBOCK COUNTY,152802,RISE ACADEMY,OPEN ENROLLMENT CHARTER,Black or African American,198
2024-2025,17,LUBBOCK COUNTY,152802,RISE ACADEMY,OPEN ENROLLMENT CHARTER,Hispanic/Latino,93
2024-2025,17,LUBBOCK COUNTY,152802,RISE ACADEMY,OPEN ENROLLMENT CHARTER,Two or more races,<20
2024-2025,17,LUBBOCK COUNTY,152802,RISE ACADEMY,OPEN ENROLLMENT CHARTER,White,<10
2024-2025,14,EASTLAND COUNTY,67908,RISING STAR ISD,TRADITIONAL ISD/CSD,Hispanic/Latino,<40
2024-2025,14,EASTLAND COUNTY,67908,RISING STAR ISD,TRADITIONAL ISD/CSD,Two or more races,<10
2024-2025,14,EASTLAND COUNTY,67908,RISING STAR ISD,TRADITIONAL ISD/CSD,White,138
2024-2025,16,POTTER COUNTY,188902,RIVER ROAD ISD,TRADITIONAL ISD/CSD,American Indian or Alaska Nat,<10
2024-2025,16,POTTER COUNTY,188902,RIVER ROAD ISD,TRADITIONAL ISD/CSD,Asian,<20
2024-2025,16,POTTER COUNTY,188902,RIVER ROAD ISD,TRADITIONAL ISD/CSD,Black or African American,24
2024-2025,16,POTTER COUNTY,188902,RIVER ROAD ISD,TRADITIONAL ISD/CSD,Hispanic/Latino,443
2024-2025,16,POTTER COUNTY,188902,RIVER ROAD ISD,TRADITIONAL ISD/CSD,Two or more races,40
2024-2025,16,POTTER COUNTY,188902,RIVER ROAD ISD,TRADITIONAL ISD/CSD,White,696
2024-2025,8,RED RIVER COUNTY,194903,RIVERCREST ISD,TRADITIONAL ISD/CSD,American Indian or Alaska Nat,<10
2024-2025,8,RED RIVER COUNTY,194903,RIVERCREST ISD,TRADITIONAL ISD/CSD,Asian,<10
2024-2025,8,RED RIVER COUNTY,194903,RIVERCREST ISD,TRADITIONAL ISD/CSD,Black or African American,28
2024-2025,8,RED RIVER COUNTY,194903,RIVERCREST ISD,TRADITIONAL ISD/CSD,Hispanic/Latino,129
2024-2025,8,RED RIVER COUNTY,194903,RIVERCREST ISD,TRADITIONAL ISD/CSD,Two or more races,38
2024-2025,8,RED RIVER COUNTY,194903,RIVERCREST ISD,TRADITIONAL ISD/CSD,White,482
2024-2025,2,KLEBERG COUNTY,137903,RIVIERA ISD,TRADITIONAL ISD/CSD,Black or African American,<10
2024-2025,2,KLEBERG COUNTY,137903,RIVIERA ISD,TRADITIONAL ISD/CSD,Hispanic/Latino,303
2024-2025,2,KLEBERG COUNTY,137903,RIVIERA ISD,TRADITIONAL ISD/CSD,Native Hawaiian/Other Pacific,<10
2024-2025,2,KLEBERG COUNTY,137903,RIVIERA ISD,TRADITIONAL ISD/CSD,Two or more races,<10
2024-2025,2,KLEBERG COUNTY,137903,RIVIERA ISD,TRADITIONAL ISD/CSD,White,112
2024-2025,15,COKE COUNTY,41902,ROBERT LEE ISD,TRADITIONAL ISD/CSD,American Indian or Alaska Nat,<10
2024-2025,15,COKE COUNTY,41902,ROBERT LEE ISD,TRADITIONAL ISD/CSD,Black or African American,<10
2024-2025,15,COKE COUNTY,41902,ROBERT LEE ISD,TRADITIONAL ISD/CSD,Hispanic/Latino,130
2024-2025,15,COKE COUNTY,41902,ROBERT LEE ISD,TRADITIONAL ISD/CSD,Two or more races,<10
2024-2025,15,COKE COUNTY,41902,ROBERT LEE ISD,TRADITIONAL ISD/CSD,White,131
2024-2025,12,MCLENNAN COUNTY,161922,ROBINSON ISD,TRADITIONAL ISD/CSD,American Indian or Alaska Nat,<10
2024-2025,12,MCLENNAN COUNTY,161922,ROBINSON ISD,TRADITIONAL ISD/CSD,Asian,<10
2024-2025,12,MCLENNAN COUNTY,161922,ROBINSON ISD,TRADITIONAL ISD/CSD,Black or African American,68
2024-2025,12,MCLENNAN COUNTY,161922,ROBINSON ISD,TRADITIONAL ISD/CSD,Hispanic/Latino,797
2024-2025,12,MCLENNAN COUNTY,161922,ROBINSON ISD,TRADITIONAL ISD/CSD,Native Hawaiian/Other Pacific,<10
2024-2025,12,MCLENNAN COUNTY,161922,ROBINSON ISD,TRADITIONAL ISD/CSD,Two or more races,107
2024-2025,12,MCLENNAN COUNTY,161922,ROBINSON ISD,TRADITIONAL ISD/CSD,White,1389
2024-2025,2,NUECES COUNTY,178909,ROBSTOWN ISD,TRADITIONAL ISD/CSD,American Indian or Alaska Nat,<10
2024-2025,2,NUECES COUNTY,178909,ROBSTOWN ISD,TRADITIONAL ISD/CSD,Asian,<10
2024-2025,2,NUECES COUNTY,178909,ROBSTOWN ISD,TRADITIONAL ISD/CSD,Black or African American,23
2024-2025,2,NUECES COUNTY,178909,ROBSTOWN ISD,TRADITIONAL ISD/CSD,Hispanic/Latino,2478
2024-2025,2,NUECES COUNTY,178909,ROBSTOWN ISD,TRADITIONAL ISD/CSD,Two or more races,<10
2024-2025,2,NUECES COUNTY,178909,ROBSTOWN ISD,TRADITIONAL ISD/CSD,White,58
2024-2025,14,FISHER COUNTY,76903,ROBY CISD,TRADITIONAL ISD/CSD,Black or African American,<10
2024-2025,14,FISHER COUNTY,76903,ROBY CISD,TRADITIONAL ISD/CSD,Hispanic/Latino,95
2024-2025,14,FISHER COUNTY,76903,ROBY CISD,TRADITIONAL ISD/CSD,Two or more races,<10
2024-2025,14,FISHER COUNTY,76903,ROBY CISD,TRADITIONAL ISD/CSD,White,197
2024-2025,15,MCCULLOCH COUNTY,160904,ROCHELLE ISD,TRADITIONAL ISD/CSD,Hispanic/Latino,<50
2024-2025,15,MCCULLOCH COUNTY,160904,ROCHELLE ISD,TRADITIONAL ISD/CSD,Two or more races,<10
2024-2025,15,MCCULLOCH COUNTY,160904,ROCHELLE ISD,TRADITIONAL ISD/CSD,White,110
2024-2025,6,MILAM COUNTY,166904,ROCKDALE ISD,TRADITIONAL ISD/CSD,American Indian or Alaska Nat,<10
2024-2025,6,MILAM COUNTY,166904,ROCKDALE ISD,TRADITIONAL ISD/CSD,Asian,<20
2024-2025,6,MILAM COUNTY,166904,ROCKDALE ISD,TRADITIONAL ISD/CSD,Black or African American,110
2024-2025,6,MILAM COUNTY,166904,ROCKDALE ISD,TRADITIONAL ISD/CSD,Hispanic/Latino,798
2024-2025,6,MILAM COUNTY,166904,ROCKDALE ISD,TRADITIONAL ISD/CSD,Two or more races,65
2024-2025,6,MILAM COUNTY,166904,ROCKDALE ISD,TRADITIONAL ISD/CSD,White,494
2024-2025,11,TARRANT COUNTY,220820,ROCKETSHIP PUBLIC SCHOOLS,OPEN ENROLLMENT CHARTER,Asian,10
2024-2025,11,TARRANT COUNTY,220820,ROCKETSHIP PUBLIC SCHOOLS,OPEN ENROLLMENT CHARTER,Black or African American,524
2024-2025,11,TARRANT COUNTY,220820,ROCKETSHIP PUBLIC SCHOOLS,OPEN ENROLLMENT CHARTER,Hispanic/Latino,153
2024-2025,11,TARRANT COUNTY,220820,ROCKETSHIP PUBLIC SCHOOLS,OPEN ENROLLMENT CHARTER,Two or more races,17
2024-2025,11,TARRANT COUNTY,220820,ROCKETSHIP PUBLIC SCHOOLS,OPEN ENROLLMENT CHARTER,White,27
2024-2025,2,ARANSAS COUNTY,4901,ROCKPORT-FULTON ISD,TRADITIONAL ISD/CSD,American Indian or Alaska Nat,<10
2024-2025,2,ARANSAS COUNTY,4901,ROCKPORT-FULTON ISD,TRADITIONAL ISD/CSD,Asian,51
2024-2025,2,ARANSAS COUNTY,4901,ROCKPORT-FULTON ISD,TRADITIONAL ISD/CSD,Black or African American,53
2024-2025,2,ARANSAS COUNTY,4901,ROCKPORT-FULTON ISD,TRADITIONAL ISD/CSD,Hispanic/Latino,1332
2024-2025,2,ARANSAS COUNTY,4901,ROCKPORT-FULTON ISD,TRADITIONAL ISD/CSD,Native Hawaiian/Other Pacific,<10
2024-2025,2,ARANSAS COUNTY,4901,ROCKPORT-FULTON ISD,TRADITIONAL ISD/CSD,Two or more races,97
2024-2025,2,ARANSAS COUNTY,4901,ROCKPORT-FULTON ISD,TRADITIONAL ISD/CSD,White,1365
2024-2025,15,EDWARDS COUNTY,69901,ROCKSPRINGS ISD,TRADITIONAL ISD/CSD,Black or African American,<10
2024-2025,15,EDWARDS COUNTY,69901,ROCKSPRINGS ISD,TRADITIONAL ISD/CSD,Hispanic/Latino,174
2024-2025,15,EDWARDS COUNTY,69901,ROCKSPRINGS ISD,TRADITIONAL ISD/CSD,White,<30
2024-2025,10,ROCKWALL COUNTY,199901,ROCKWALL ISD,TRADITIONAL ISD/CSD,American Indian or Alaska Nat,101
2024-2025,10,ROCKWALL COUNTY,199901,ROCKWALL ISD,TRADITIONAL ISD/CSD,Asian,811
2024-2025,10,ROCKWALL COUNTY,199901,ROCKWALL ISD,TRADITIONAL ISD/CSD,Black or African American,2508
2024-2025,10,ROCKWALL COUNTY,199901,ROCKWALL ISD,TRADITIONAL ISD/CSD,Hispanic/Latino,4924
2024-2025,10,ROCKWALL COUNTY,199901,ROCKWALL ISD,TRADITIONAL ISD/CSD,Native Hawaiian/Other Pacific,24
2024-2025,10,ROCKWALL COUNTY,199901,ROCKWALL ISD,TRADITIONAL ISD/CSD,Two or more races,1009
2024-2025,10,ROCKWALL COUNTY,199901,ROCKWALL ISD,TRADITIONAL ISD/CSD,White,9858
2024-2025,12,BELL COUNTY,14907,ROGERS ISD,TRADITIONAL ISD/CSD,American Indian or Alaska Nat,<10
2024-2025,12,BELL COUNTY,14907,ROGERS ISD,TRADITIONAL ISD/CSD,Asian,<10
2024-2025,12,BELL COUNTY,14907,ROGERS ISD,TRADITIONAL ISD/CSD,Black or African American,<10
2024-2025,12,BELL COUNTY,14907,ROGERS ISD,TRADITIONAL ISD/CSD,Hispanic/Latino,330
2024-2025,12,BELL COUNTY,14907,ROGERS ISD,TRADITIONAL ISD/CSD,Two or more races,24
2024-2025,12,BELL COUNTY,14907,ROGERS ISD,TRADITIONAL ISD/CSD,White,524
2024-2025,1,STARR COUNTY,214903,ROMA ISD,TRADITIONAL ISD/CSD,Asian,<10
2024-2025,1,STARR COUNTY,214903,ROMA ISD,TRADITIONAL ISD/CSD,Hispanic/Latino,6002
2024-2025,1,STARR COUNTY,214903,ROMA ISD,TRADITIONAL ISD/CSD,Two or more races,<10
2024-2025,1,STARR COUNTY,214903,ROMA ISD,TRADITIONAL ISD/CSD,White,12
2024-2025,17,LUBBOCK COUNTY,152908,ROOSEVELT ISD,TRADITIONAL ISD/CSD,American Indian or Alaska Nat,<10
2024-2025,17,LUBBOCK COUNTY,152908,ROOSEVELT ISD,TRADITIONAL ISD/CSD,Black or African American,25
2024-2025,17,LUBBOCK COUNTY,152908,ROOSEVELT ISD,TRADITIONAL ISD/CSD,Hispanic/Latino,696
2024-2025,17,LUBBOCK COUNTY,152908,ROOSEVELT ISD,TRADITIONAL ISD/CSD,Native Hawaiian/Other Pacific,<10
2024-2025,17,LUBBOCK COUNTY,152908,ROOSEVELT ISD,TRADITIONAL ISD/CSD,Two or more races,24
2024-2025,17,LUBBOCK COUNTY,152908,ROOSEVELT ISD,TRADITIONAL ISD/CSD,White,384
2024-2025,17,HOCKLEY COUNTY,110905,ROPES ISD,TRADITIONAL ISD/CSD,Black or African American,<10
2024-2025,17,HOCKLEY COUNTY,110905,ROPES ISD,TRADITIONAL ISD/CSD,Hispanic/Latino,170
2024-2025,17,HOCKLEY COUNTY,110905,ROPES ISD,TRADITIONAL ISD/CSD,Two or more races,<10
2024-2025,17,HOCKLEY COUNTY,110905,ROPES ISD,TRADITIONAL ISD/CSD,White,444
2024-2025,14,NOLAN COUNTY,177901,ROSCOE COLLEGIATE ISD,TRADITIONAL ISD/CSD,American Indian or Alaska Nat,77
2024-2025,14,NOLAN COUNTY,177901,ROSCOE COLLEGIATE ISD,TRADITIONAL ISD/CSD,Asian,297
2024-2025,14,NOLAN COUNTY,177901,ROSCOE COLLEGIATE ISD,TRADITIONAL ISD/CSD,Black or African American,2572
2024-2025,14,NOLAN COUNTY,177901,ROSCOE COLLEGIATE ISD,TRADITIONAL ISD/CSD,Hispanic/Latino,6020
2024-2025,14,NOLAN COUNTY,177901,ROSCOE COLLEGIATE ISD,TRADITIONAL ISD/CSD,Native Hawaiian/Other Pacific,37
2024-2025,14,NOLAN COUNTY,177901,ROSCOE COLLEGIATE ISD,TRADITIONAL ISD/CSD,Two or more races,595
2024-2025,14,NOLAN COUNTY,177901,ROSCOE COLLEGIATE ISD,TRADITIONAL ISD/CSD,White,2658
2024-2025,12,FALLS COUNTY,73905,ROSEBUD-LOTT ISD,TRADITIONAL ISD/CSD,American Indian or Alaska Nat,<10
2024-2025,12,FALLS COUNTY,73905,ROSEBUD-LOTT ISD,TRADITIONAL ISD/CSD,Black or African American,68
2024-2025,12,FALLS COUNTY,73905,ROSEBUD-LOTT ISD,TRADITIONAL ISD/CSD,Hispanic/Latino,291
2024-2025,12,FALLS COUNTY,73905,ROSEBUD-LOTT ISD,TRADITIONAL ISD/CSD,Two or more races,<50
2024-2025,12,FALLS COUNTY,73905,ROSEBUD-LOTT ISD,TRADITIONAL ISD/CSD,White,390
2024-2025,14,FISHER COUNTY,76904,ROTAN ISD,TRADITIONAL ISD/CSD,American Indian or Alaska Nat,<10
2024-2025,14,FISHER COUNTY,76904,ROTAN ISD,TRADITIONAL ISD/CSD,Asian,<10
2024-2025,14,FISHER COUNTY,76904,ROTAN ISD,TRADITIONAL ISD/CSD,Black or African American,14
2024-2025,14,FISHER COUNTY,76904,ROTAN ISD,TRADITIONAL ISD/CSD,Hispanic/Latino,144
2024-2025,14,FISHER COUNTY,76904,ROTAN ISD,TRADITIONAL ISD/CSD,Two or more races,10
2024-2025,14,FISHER COUNTY,76904,ROTAN ISD,TRADITIONAL ISD/CSD,White,102
2024-2025,13,WILLIAMSON COUNTY,246909,ROUND ROCK ISD,TRADITIONAL ISD/CSD,American Indian or Alaska Nat,116
2024-2025,13,WILLIAMSON COUNTY,246909,ROUND ROCK ISD,TRADITIONAL ISD/CSD,Asian,10436
2024-2025,13,WILLIAMSON COUNTY,246909,ROUND ROCK ISD,TRADITIONAL ISD/CSD,Black or African American,3723
2024-2025,13,WILLIAMSON COUNTY,246909,ROUND ROCK ISD,TRADITIONAL ISD/CSD,Hispanic/Latino,15235
2024-2025,13,WILLIAMSON COUNTY,246909,ROUND ROCK ISD,TRADITIONAL ISD/CSD,Native Hawaiian/Other Pacific,61
2024-2025,13,WILLIAMSON COUNTY,246909,ROUND ROCK ISD,TRADITIONAL ISD/CSD,Two or more races,2663
2024-2025,13,WILLIAMSON COUNTY,246909,ROUND ROCK ISD,TRADITIONAL ISD/CSD,White,14720
2024-2025,13,FAYETTE COUNTY,75908,ROUND TOP-CARMINE ISD,TRADITIONAL ISD/CSD,Black or African American,<10
2024-2025,13,FAYETTE COUNTY,75908,ROUND TOP-CARMINE ISD,TRADITIONAL ISD/CSD,Hispanic/Latino,61
2024-2025,13,FAYETTE COUNTY,75908,ROUND TOP-CARMINE ISD,TRADITIONAL ISD/CSD,Two or more races,<10
2024-2025,13,FAYETTE COUNTY,75908,ROUND TOP-CARMINE ISD,TRADITIONAL ISD/CSD,White,161
2024-2025,4,WALLER COUNTY,237905,ROYAL ISD,TRADITIONAL ISD/CSD,American Indian or Alaska Nat,<10
2024-2025,4,WALLER COUNTY,237905,ROYAL ISD,TRADITIONAL ISD/CSD,Asian,34
2024-2025,4,WALLER COUNTY,237905,ROYAL ISD,TRADITIONAL ISD/CSD,Black or African American,477
2024-2025,4,WALLER COUNTY,237905,ROYAL ISD,TRADITIONAL ISD/CSD,Hispanic/Latino,2077
2024-2025,4,WALLER COUNTY,237905,ROYAL ISD,TRADITIONAL ISD/CSD,Native Hawaiian/Other Pacific,<10
2024-2025,4,WALLER COUNTY,237905,ROYAL ISD,TRADITIONAL ISD/CSD,Two or more races,65
2024-2025,4,WALLER COUNTY,237905,ROYAL ISD,TRADITIONAL ISD/CSD,White,227
2024-2025,20,BEXAR COUNTY,15842,ROYAL PUBLIC SCHOOLS,OPEN ENROLLMENT CHARTER,American Indian or Alaska Nat,<10
2024-2025,20,BEXAR COUNTY,15842,ROYAL PUBLIC SCHOOLS,OPEN ENROLLMENT CHARTER,Black or African American,15
2024-2025,20,BEXAR COUNTY,15842,ROYAL PUBLIC SCHOOLS,OPEN ENROLLMENT CHARTER,Hispanic/Latino,406
2024-2025,20,BEXAR COUNTY,15842,ROYAL PUBLIC SCHOOLS,OPEN ENROLLMENT CHARTER,Two or more races,<20
2024-2025,20,BEXAR COUNTY,15842,ROYAL PUBLIC SCHOOLS,OPEN ENROLLMENT CHARTER,White,34
2024-2025,10,ROCKWALL COUNTY,199902,ROYSE CITY ISD,TRADITIONAL ISD/CSD,American Indian or Alaska Nat,55
2024-2025,10,ROCKWALL COUNTY,199902,ROYSE CITY ISD,TRADITIONAL ISD/CSD,Asian,202
2024-2025,10,ROCKWALL COUNTY,199902,ROYSE CITY ISD,TRADITIONAL ISD/CSD,Black or African American,1746
2024-2025,10,ROCKWALL COUNTY,199902,ROYSE CITY ISD,TRADITIONAL ISD/CSD,Hispanic/Latino,3568
2024-2025,10,ROCKWALL COUNTY,199902,ROYSE CITY ISD,TRADITIONAL ISD/CSD,Native Hawaiian/Other Pacific,27
2024-2025,10,ROCKWALL COUNTY,199902,ROYSE CITY ISD,TRADITIONAL ISD/CSD,Two or more races,446
2024-2025,10,ROCKWALL COUNTY,199902,ROYSE CITY ISD,TRADITIONAL ISD/CSD,White,3990
2024-2025,14,HASKELL COUNTY,104903,RULE ISD,TRADITIONAL ISD/CSD,American Indian or Alaska Nat,<10
2024-2025,14,HASKELL COUNTY,104903,RULE ISD,TRADITIONAL ISD/CSD,Black or African American,<10
2024-2025,14,HASKELL COUNTY,104903,RULE ISD,TRADITIONAL ISD/CSD,Hispanic/Latino,60
2024-2025,14,HASKELL COUNTY,104903,RULE ISD,TRADITIONAL ISD/CSD,Two or more races,<10
2024-2025,14,HASKELL COUNTY,104903,RULE ISD,TRADITIONAL ISD/CSD,White,67
2024-2025,3,KARNES COUNTY,128903,RUNGE ISD,TRADITIONAL ISD/CSD,Hispanic/Latino,150
2024-2025,3,KARNES COUNTY,128903,RUNGE ISD,TRADITIONAL ISD/CSD,White,12
2024-2025,7,CHEROKEE COUNTY,37907,RUSK ISD,TRADITIONAL ISD/CSD,American Indian or Alaska Nat,<10
2024-2025,7,CHEROKEE COUNTY,37907,RUSK ISD,TRADITIONAL ISD/CSD,Asian,<10
2024-2025,7,CHEROKEE COUNTY,37907,RUSK ISD,TRADITIONAL ISD/CSD,Black or African American,251
2024-2025,7,CHEROKEE COUNTY,37907,RUSK ISD,TRADITIONAL ISD/CSD,Hispanic/Latino,375
2024-2025,7,CHEROKEE COUNTY,37907,RUSK ISD,TRADITIONAL ISD/CSD,Native Hawaiian/Other Pacific,<10
2024-2025,7,CHEROKEE COUNTY,37907,RUSK ISD,TRADITIONAL ISD/CSD,Two or more races,130
2024-2025,7,CHEROKEE COUNTY,37907,RUSK ISD,TRADITIONAL ISD/CSD,White,1288
2024-2025,10,GRAYSON COUNTY,91914,S AND S CISD,TRADITIONAL ISD/CSD,American Indian or Alaska Nat,<10
2024-2025,10,GRAYSON COUNTY,91914,S AND S CISD,TRADITIONAL ISD/CSD,Asian,<10
2024-2025,10,GRAYSON COUNTY,91914,S AND S CISD,TRADITIONAL ISD/CSD,Black or African American,14
2024-2025,10,GRAYSON COUNTY,91914,S AND S CISD,TRADITIONAL ISD/CSD,Hispanic/Latino,229
2024-2025,10,GRAYSON COUNTY,91914,S AND S CISD,TRADITIONAL ISD/CSD,Two or more races,52
2024-2025,10,GRAYSON COUNTY,91914,S AND S CISD,TRADITIONAL ISD/CSD,White,640
2024-2025,20,UVALDE COUNTY,232902,SABINAL ISD,TRADITIONAL ISD/CSD,Asian,<10
2024-2025,20,UVALDE COUNTY,232902,SABINAL ISD,TRADITIONAL ISD/CSD,Hispanic/Latino,396
2024-2025,20,UVALDE COUNTY,232902,SABINAL ISD,TRADITIONAL ISD/CSD,Two or more races,<10
2024-2025,20,UVALDE COUNTY,232902,SABINAL ISD,TRADITIONAL ISD/CSD,White,59
2024-2025,7,GREGG COUNTY,92906,SABINE ISD,TRADITIONAL ISD/CSD,American Indian or Alaska Nat,<10
2024-2025,7,GREGG COUNTY,92906,SABINE ISD,TRADITIONAL ISD/CSD,Asian,<10
2024-2025,7,GREGG COUNTY,92906,SABINE ISD,TRADITIONAL ISD/CSD,Black or African American,48
2024-2025,7,GREGG COUNTY,92906,SABINE ISD,TRADITIONAL ISD/CSD,Hispanic/Latino,404
2024-2025,7,GREGG COUNTY,92906,SABINE ISD,TRADITIONAL ISD/CSD,Two or more races,78
2024-2025,7,GREGG COUNTY,92906,SABINE ISD,TRADITIONAL ISD/CSD,White,1046
2024-2025,5,JEFFERSON COUNTY,123913,SABINE PASS ISD,TRADITIONAL ISD/CSD,American Indian or Alaska Nat,<10
2024-2025,5,JEFFERSON COUNTY,123913,SABINE PASS ISD,TRADITIONAL ISD/CSD,Asian,<10
2024-2025,5,JEFFERSON COUNTY,123913,SABINE PASS ISD,TRADITIONAL ISD/CSD,Black or African American,89
2024-2025,5,JEFFERSON COUNTY,123913,SABINE PASS ISD,TRADITIONAL ISD/CSD,Hispanic/Latino,169
2024-2025,5,JEFFERSON COUNTY,123913,SABINE PASS ISD,TRADITIONAL ISD/CSD,Two or more races,<10
2024-2025,5,JEFFERSON COUNTY,123913,SABINE PASS ISD,TRADITIONAL ISD/CSD,White,102
2024-2025,9,MONTAGUE COUNTY,169911,SAINT JO ISD,TRADITIONAL ISD/CSD,American Indian or Alaska Nat,<10
2024-2025,9,MONTAGUE COUNTY,169911,SAINT JO ISD,TRADITIONAL ISD/CSD,Hispanic/Latino,31
2024-2025,9,MONTAGUE COUNTY,169911,SAINT JO ISD,TRADITIONAL ISD/CSD,Two or more races,<10
2024-2025,9,MONTAGUE COUNTY,169911,SAINT JO ISD,TRADITIONAL ISD/CSD,White,281
2024-2025,12,BELL COUNTY,14908,SALADO ISD,TRADITIONAL ISD/CSD,American Indian or Alaska Nat,<10
2024-2025,12,BELL COUNTY,14908,SALADO ISD,TRADITIONAL ISD/CSD,Asian,11
2024-2025,12,BELL COUNTY,14908,SALADO ISD,TRADITIONAL ISD/CSD,Black or African American,30
2024-2025,12,BELL COUNTY,14908,SALADO ISD,TRADITIONAL ISD/CSD,Hispanic/Latino,656
2024-2025,12,BELL COUNTY,14908,SALADO ISD,TRADITIONAL ISD/CSD,Native Hawaiian/Other Pacific,<10
2024-2025,12,BELL COUNTY,14908,SALADO ISD,TRADITIONAL ISD/CSD,Two or more races,111
2024-2025,12,BELL COUNTY,14908,SALADO ISD,TRADITIONAL ISD/CSD,White,1611
2024-2025,8,HOPKINS COUNTY,112909,SALTILLO ISD,TRADITIONAL ISD/CSD,Black or African American,<10
2024-2025,8,HOPKINS COUNTY,112909,SALTILLO ISD,TRADITIONAL ISD/CSD,Hispanic/Latino,86
2024-2025,8,HOPKINS COUNTY,112909,SALTILLO ISD,TRADITIONAL ISD/CSD,Two or more races,<10
2024-2025,8,HOPKINS COUNTY,112909,SALTILLO ISD,TRADITIONAL ISD/CSD,White,151
2024-2025,6,WALKER COUNTY,236802,SAM HOUSTON STATE UNIVERSITY CHARTER SCHOOL,OPEN ENROLLMENT CHARTER,American Indian or Alaska Nat,<10
2024-2025,6,WALKER COUNTY,236802,SAM HOUSTON STATE UNIVERSITY CHARTER SCHOOL,OPEN ENROLLMENT CHARTER,Asian,<20
2024-2025,6,WALKER COUNTY,236802,SAM HOUSTON STATE UNIVERSITY CHARTER SCHOOL,OPEN ENROLLMENT CHARTER,Black or African American,90
2024-2025,6,WALKER COUNTY,236802,SAM HOUSTON STATE UNIVERSITY CHARTER SCHOOL,OPEN ENROLLMENT CHARTER,Hispanic/Latino,131
2024-2025,6,WALKER COUNTY,236802,SAM HOUSTON STATE UNIVERSITY CHARTER SCHOOL,OPEN ENROLLMENT CHARTER,Two or more races,26
2024-2025,6,WALKER COUNTY,236802,SAM HOUSTON STATE UNIVERSITY CHARTER SCHOOL,OPEN ENROLLMENT CHARTER,White,169
2024-2025,10,FANNIN COUNTY,74917,SAM RAYBURN ISD,TRADITIONAL ISD/CSD,American Indian or Alaska Nat,<10
2024-2025,10,FANNIN COUNTY,74917,SAM RAYBURN ISD,TRADITIONAL ISD/CSD,Hispanic/Latino,58
2024-2025,10,FANNIN COUNTY,74917,SAM RAYBURN ISD,TRADITIONAL ISD/CSD,Two or more races,<30
2024-2025,10,FANNIN COUNTY,74917,SAM RAYBURN ISD,TRADITIONAL ISD/CSD,White,385
2024-2025,15,TOM GREEN COUNTY,226903,SAN ANGELO ISD,TRADITIONAL ISD/CSD,American Indian or Alaska Nat,19
2024-2025,15,TOM GREEN COUNTY,226903,SAN ANGELO ISD,TRADITIONAL ISD/CSD,Asian,147
2024-2025,15,TOM GREEN COUNTY,226903,SAN ANGELO ISD,TRADITIONAL ISD/CSD,Black or African American,404
2024-2025,15,TOM GREEN COUNTY,226903,SAN ANGELO ISD,TRADITIONAL ISD/CSD,Hispanic/Latino,8139
2024-2025,15,TOM GREEN COUNTY,226903,SAN ANGELO ISD,TRADITIONAL ISD/CSD,Native Hawaiian/Other Pacific,17
2024-2025,15,TOM GREEN COUNTY,226903,SAN ANGELO ISD,TRADITIONAL ISD/CSD,Two or more races,428
2024-2025,15,TOM GREEN COUNTY,226903,SAN ANGELO ISD,TRADITIONAL ISD/CSD,White,3850
2024-2025,20,BEXAR COUNTY,15907,SAN ANTONIO ISD,TRADITIONAL ISD/CSD,American Indian or Alaska Nat,62
2024-2025,20,BEXAR COUNTY,15907,SAN ANTONIO ISD,TRADITIONAL ISD/CSD,Asian,280
2024-2025,20,BEXAR COUNTY,15907,SAN ANTONIO ISD,TRADITIONAL ISD/CSD,Black or African American,2362
2024-2025,20,BEXAR COUNTY,15907,SAN ANTONIO ISD,TRADITIONAL ISD/CSD,Hispanic/Latino,39573
2024-2025,20,BEXAR COUNTY,15907,SAN ANTONIO ISD,TRADITIONAL ISD/CSD,Native Hawaiian/Other Pacific,26
2024-2025,20,BEXAR COUNTY,15907,SAN ANTONIO ISD,TRADITIONAL ISD/CSD,Two or more races,351
2024-2025,20,BEXAR COUNTY,15907,SAN ANTONIO ISD,TRADITIONAL ISD/CSD,White,1393
2024-2025,20,BEXAR COUNTY,15840,SAN ANTONIO STEAM ACADEMY,OPEN ENROLLMENT CHARTER,Black or African American,80
2024-2025,20,BEXAR COUNTY,15840,SAN ANTONIO STEAM ACADEMY,OPEN ENROLLMENT CHARTER,Hispanic/Latino,47
2024-2025,20,BEXAR COUNTY,15840,SAN ANTONIO STEAM ACADEMY,OPEN ENROLLMENT CHARTER,Two or more races,<10
2024-2025,20,BEXAR COUNTY,15840,SAN ANTONIO STEAM ACADEMY,OPEN ENROLLMENT CHARTER,White,<10
2024-2025,7,SAN AUGUSTINE COUNTY,203901,SAN AUGUSTINE ISD,TRADITIONAL ISD/CSD,American Indian or Alaska Nat,<10
2024-2025,7,SAN AUGUSTINE COUNTY,203901,SAN AUGUSTINE ISD,TRADITIONAL ISD/CSD,Asian,<10
2024-2025,7,SAN AUGUSTINE COUNTY,203901,SAN AUGUSTINE ISD,TRADITIONAL ISD/CSD,Black or African American,312
2024-2025,7,SAN AUGUSTINE COUNTY,203901,SAN AUGUSTINE ISD,TRADITIONAL ISD/CSD,Hispanic/Latino,164
2024-2025,7,SAN AUGUSTINE COUNTY,203901,SAN AUGUSTINE ISD,TRADITIONAL ISD/CSD,Two or more races,17
2024-2025,7,SAN AUGUSTINE COUNTY,203901,SAN AUGUSTINE ISD,TRADITIONAL ISD/CSD,White,102
2024-2025,1,CAMERON COUNTY,31912,SAN BENITO CISD,TRADITIONAL ISD/CSD,American Indian or Alaska Nat,<10
2024-2025,1,CAMERON COUNTY,31912,SAN BENITO CISD,TRADITIONAL ISD/CSD,Asian,<10
2024-2025,1,CAMERON COUNTY,31912,SAN BENITO CISD,TRADITIONAL ISD/CSD,Black or African American,10
2024-2025,1,CAMERON COUNTY,31912,SAN BENITO CISD,TRADITIONAL ISD/CSD,Hispanic/Latino,8879
2024-2025,1,CAMERON COUNTY,31912,SAN BENITO CISD,TRADITIONAL ISD/CSD,Two or more races,<10
2024-2025,1,CAMERON COUNTY,31912,SAN BENITO CISD,TRADITIONAL ISD/CSD,White,168
2024-2025,2,DUVAL COUNTY,66902,SAN DIEGO ISD,TRADITIONAL ISD/CSD,Asian,<10
2024-2025,2,DUVAL COUNTY,66902,SAN DIEGO ISD,TRADITIONAL ISD/CSD,Hispanic/Latino,1428
2024-2025,2,DUVAL COUNTY,66902,SAN DIEGO ISD,TRADITIONAL ISD/CSD,Two or more races,<10
2024-2025,2,DUVAL COUNTY,66902,SAN DIEGO ISD,TRADITIONAL ISD/CSD,White,21
2024-2025,19,EL PASO COUNTY,71904,SAN ELIZARIO ISD,TRADITIONAL ISD/CSD,American Indian or Alaska Nat,<10
2024-2025,19,EL PASO COUNTY,71904,SAN ELIZARIO ISD,TRADITIONAL ISD/CSD,Black or African American,<10
2024-2025,19,EL PASO COUNTY,71904,SAN ELIZARIO ISD,TRADITIONAL ISD/CSD,Hispanic/Latino,2899
2024-2025,19,EL PASO COUNTY,71904,SAN ELIZARIO ISD,TRADITIONAL ISD/CSD,Two or more races,<10
2024-2025,19,EL PASO COUNTY,71904,SAN ELIZARIO ISD,TRADITIONAL ISD/CSD,White,20
2024-2025,15,VAL VERDE COUNTY,233901,SAN FELIPE-DEL RIO CISD,TRADITIONAL ISD/CSD,American Indian or Alaska Nat,<10
2024-2025,15,VAL VERDE COUNTY,233901,SAN FELIPE-DEL RIO CISD,TRADITIONAL ISD/CSD,Asian,37
2024-2025,15,VAL VERDE COUNTY,233901,SAN FELIPE-DEL RIO CISD,TRADITIONAL ISD/CSD,Black or African American,50
2024-2025,15,VAL VERDE COUNTY,233901,SAN FELIPE-DEL RIO CISD,TRADITIONAL ISD/CSD,Hispanic/Latino,9086
2024-2025,15,VAL VERDE COUNTY,233901,SAN FELIPE-DEL RIO CISD,TRADITIONAL ISD/CSD,Native Hawaiian/Other Pacific,<10
2024-2025,15,VAL VERDE COUNTY,233901,SAN FELIPE-DEL RIO CISD,TRADITIONAL ISD/CSD,Two or more races,63
2024-2025,15,VAL VERDE COUNTY,233901,SAN FELIPE-DEL RIO CISD,TRADITIONAL ISD/CSD,White,524
2024-2025,1,STARR COUNTY,214902,SAN ISIDRO ISD,TRADITIONAL ISD/CSD,Hispanic/Latino,<150
2024-2025,1,STARR COUNTY,214902,SAN ISIDRO ISD,TRADITIONAL ISD/CSD,White,<10
2024-2025,13,HAYS COUNTY,105902,SAN MARCOS CISD,TRADITIONAL ISD/CSD,American Indian or Alaska Nat,11
2024-2025,13,HAYS COUNTY,105902,SAN MARCOS CISD,TRADITIONAL ISD/CSD,Asian,82
2024-2025,13,HAYS COUNTY,105902,SAN MARCOS CISD,TRADITIONAL ISD/CSD,Black or African American,362
2024-2025,13,HAYS COUNTY,105902,SAN MARCOS CISD,TRADITIONAL ISD/CSD,Hispanic/Latino,6053
2024-2025,13,HAYS COUNTY,105902,SAN MARCOS CISD,TRADITIONAL ISD/CSD,Native Hawaiian/Other Pacific,10
2024-2025,13,HAYS COUNTY,105902,SAN MARCOS CISD,TRADITIONAL ISD/CSD,Two or more races,188
2024-2025,13,HAYS COUNTY,105902,SAN MARCOS CISD,TRADITIONAL ISD/CSD,White,1516
2024-2025,1,WILLACY COUNTY,245904,SAN PERLITA ISD,TRADITIONAL ISD/CSD,Black or African American,<10
2024-2025,1,WILLACY COUNTY,245904,SAN PERLITA ISD,TRADITIONAL ISD/CSD,Hispanic/Latino,172
2024-2025,1,WILLACY COUNTY,245904,SAN PERLITA ISD,TRADITIONAL ISD/CSD,White,<20
2024-2025,15,SAN SABA COUNTY,206901,SAN SABA ISD,TRADITIONAL ISD/CSD,Asian,<10
2024-2025,15,SAN SABA COUNTY,206901,SAN SABA ISD,TRADITIONAL ISD/CSD,Black or African American,<10
2024-2025,15,SAN SABA COUNTY,206901,SAN SABA ISD,TRADITIONAL ISD/CSD,Hispanic/Latino,444
2024-2025,15,SAN SABA COUNTY,206901,SAN SABA ISD,TRADITIONAL ISD/CSD,Native Hawaiian/Other Pacific,<10
2024-2025,15,SAN SABA COUNTY,206901,SAN SABA ISD,TRADITIONAL ISD/CSD,Two or more races,<10
2024-2025,15,SAN SABA COUNTY,206901,SAN SABA ISD,TRADITIONAL ISD/CSD,White,286
2024-2025,18,BREWSTER COUNTY,22903,SAN VICENTE ISD,TRADITIONAL ISD/CSD,Hispanic/Latino,<10
2024-2025,18,BREWSTER COUNTY,22903,SAN VICENTE ISD,TRADITIONAL ISD/CSD,White,<10
2024-2025,17,DAWSON COUNTY,58909,SANDS CISD,TRADITIONAL ISD/CSD,American Indian or Alaska Nat,<10
2024-2025,17,DAWSON COUNTY,58909,SANDS CISD,TRADITIONAL ISD/CSD,Black or African American,<10
2024-2025,17,DAWSON COUNTY,58909,SANDS CISD,TRADITIONAL ISD/CSD,Hispanic/Latino,111
2024-2025,17,DAWSON COUNTY,58909,SANDS CISD,TRADITIONAL ISD/CSD,Two or more races,<10
2024-2025,17,DAWSON COUNTY,58909,SANDS CISD,TRADITIONAL ISD/CSD,White,112
2024-2025,16,HUTCHINSON COUNTY,117903,SANFORD-FRITCH ISD,TRADITIONAL ISD/CSD,American Indian or Alaska Nat,<10
2024-2025,16,HUTCHINSON COUNTY,117903,SANFORD-FRITCH ISD,TRADITIONAL ISD/CSD,Asian,<10
2024-2025,16,HUTCHINSON COUNTY,117903,SANFORD-FRITCH ISD,TRADITIONAL ISD/CSD,Black or African American,<10
2024-2025,16,HUTCHINSON COUNTY,117903,SANFORD-FRITCH ISD,TRADITIONAL ISD/CSD,Hispanic/Latino,82
2024-2025,16,HUTCHINSON COUNTY,117903,SANFORD-FRITCH ISD,TRADITIONAL ISD/CSD,Two or more races,39
2024-2025,16,HUTCHINSON COUNTY,117903,SANFORD-FRITCH ISD,TRADITIONAL ISD/CSD,White,609
2024-2025,11,DENTON COUNTY,61908,SANGER ISD,TRADITIONAL ISD/CSD,American Indian or Alaska Nat,<10
2024-2025,11,DENTON COUNTY,61908,SANGER ISD,TRADITIONAL ISD/CSD,Asian,11
2024-2025,11,DENTON COUNTY,61908,SANGER ISD,TRADITIONAL ISD/CSD,Black or African American,85
2024-2025,11,DENTON COUNTY,61908,SANGER ISD,TRADITIONAL ISD/CSD,Hispanic/Latino,1029
2024-2025,11,DENTON COUNTY,61908,SANGER ISD,TRADITIONAL ISD/CSD,Native Hawaiian/Other Pacific,<10
2024-2025,11,DENTON COUNTY,61908,SANGER ISD,TRADITIONAL ISD/CSD,Two or more races,132
2024-2025,11,DENTON COUNTY,61908,SANGER ISD,TRADITIONAL ISD/CSD,White,1609
2024-2025,15,COLEMAN COUNTY,42903,SANTA ANNA ISD,TRADITIONAL ISD/CSD,American Indian or Alaska Nat,<10
2024-2025,15,COLEMAN COUNTY,42903,SANTA ANNA ISD,TRADITIONAL ISD/CSD,Black or African American,13
2024-2025,15,COLEMAN COUNTY,42903,SANTA ANNA ISD,TRADITIONAL ISD/CSD,Hispanic/Latino,63
2024-2025,15,COLEMAN COUNTY,42903,SANTA ANNA ISD,TRADITIONAL ISD/CSD,Two or more races,<20
2024-2025,15,COLEMAN COUNTY,42903,SANTA ANNA ISD,TRADITIONAL ISD/CSD,White,170
2024-2025,4,GALVESTON COUNTY,84909,SANTA FE ISD,TRADITIONAL ISD/CSD,American Indian or Alaska Nat,<20
2024-2025,4,GALVESTON COUNTY,84909,SANTA FE ISD,TRADITIONAL ISD/CSD,Asian,26
2024-2025,4,GALVESTON COUNTY,84909,SANTA FE ISD,TRADITIONAL ISD/CSD,Black or African American,49
2024-2025,4,GALVESTON COUNTY,84909,SANTA FE ISD,TRADITIONAL ISD/CSD,Hispanic/Latino,1262
2024-2025,4,GALVESTON COUNTY,84909,SANTA FE ISD,TRADITIONAL ISD/CSD,Native Hawaiian/Other Pacific,<10
2024-2025,4,GALVESTON COUNTY,84909,SANTA FE ISD,TRADITIONAL ISD/CSD,Two or more races,93
2024-2025,4,GALVESTON COUNTY,84909,SANTA FE ISD,TRADITIONAL ISD/CSD,White,2858
2024-2025,2,KLEBERG COUNTY,137904,SANTA GERTRUDIS ISD,TRADITIONAL ISD/CSD,Asian,22
2024-2025,2,KLEBERG COUNTY,137904,SANTA GERTRUDIS ISD,TRADITIONAL ISD/CSD,Black or African American,<10
2024-2025,2,KLEBERG COUNTY,137904,SANTA GERTRUDIS ISD,TRADITIONAL ISD/CSD,Hispanic/Latino,662
2024-2025,2,KLEBERG COUNTY,137904,SANTA GERTRUDIS ISD,TRADITIONAL ISD/CSD,Two or more races,<10
2024-2025,2,KLEBERG COUNTY,137904,SANTA GERTRUDIS ISD,TRADITIONAL ISD/CSD,White,131
2024-2025,1,CAMERON COUNTY,31913,SANTA MARIA ISD,TRADITIONAL ISD/CSD,Black or African American,<10
2024-2025,1,CAMERON COUNTY,31913,SANTA MARIA ISD,TRADITIONAL ISD/CSD,Hispanic/Latino,507
2024-2025,1,CAMERON COUNTY,31913,SANTA MARIA ISD,TRADITIONAL ISD/CSD,White,<10
2024-2025,1,CAMERON COUNTY,31914,SANTA ROSA ISD,TRADITIONAL ISD/CSD,Black or African American,<10
2024-2025,1,CAMERON COUNTY,31914,SANTA ROSA ISD,TRADITIONAL ISD/CSD,Hispanic/Latino,863
2024-2025,1,CAMERON COUNTY,31914,SANTA ROSA ISD,TRADITIONAL ISD/CSD,White,<20
2024-2025,11,PALO PINTO COUNTY,182904,SANTO ISD,TRADITIONAL ISD/CSD,American Indian or Alaska Nat,<10
2024-2025,11,PALO PINTO COUNTY,182904,SANTO ISD,TRADITIONAL ISD/CSD,Asian,<10
2024-2025,11,PALO PINTO COUNTY,182904,SANTO ISD,TRADITIONAL ISD/CSD,Black or African American,<10
2024-2025,11,PALO PINTO COUNTY,182904,SANTO ISD,TRADITIONAL ISD/CSD,Hispanic/Latino,114
2024-2025,11,PALO PINTO COUNTY,182904,SANTO ISD,TRADITIONAL ISD/CSD,Two or more races,12
2024-2025,11,PALO PINTO COUNTY,182904,SANTO ISD,TRADITIONAL ISD/CSD,White,450
2024-2025,10,FANNIN COUNTY,74911,SAVOY ISD,TRADITIONAL ISD/CSD,American Indian or Alaska Nat,<10
2024-2025,10,FANNIN COUNTY,74911,SAVOY ISD,TRADITIONAL ISD/CSD,Black or African American,<10
2024-2025,10,FANNIN COUNTY,74911,SAVOY ISD,TRADITIONAL ISD/CSD,Hispanic/Latino,53
2024-2025,10,FANNIN COUNTY,74911,SAVOY ISD,TRADITIONAL ISD/CSD,Two or more races,16
2024-2025,10,FANNIN COUNTY,74911,SAVOY ISD,TRADITIONAL ISD/CSD,White,230
2024-2025,20,GUADALUPE COUNTY,94902,SCHERTZ-CIBOLO-U CITY ISD,TRADITIONAL ISD/CSD,American Indian or Alaska Nat,31
2024-2025,20,GUADALUPE COUNTY,94902,SCHERTZ-CIBOLO-U CITY ISD,TRADITIONAL ISD/CSD,Asian,262
2024-2025,20,GUADALUPE COUNTY,94902,SCHERTZ-CIBOLO-U CITY ISD,TRADITIONAL ISD/CSD,Black or African American,1859
2024-2025,20,GUADALUPE COUNTY,94902,SCHERTZ-CIBOLO-U CITY ISD,TRADITIONAL ISD/CSD,Hispanic/Latino,7175
2024-2025,20,GUADALUPE COUNTY,94902,SCHERTZ-CIBOLO-U CITY ISD,TRADITIONAL ISD/CSD,Native Hawaiian/Other Pacific,61
2024-2025,20,GUADALUPE COUNTY,94902,SCHERTZ-CIBOLO-U CITY ISD,TRADITIONAL ISD/CSD,Two or more races,1083
2024-2025,20,GUADALUPE COUNTY,94902,SCHERTZ-CIBOLO-U CITY ISD,TRADITIONAL ISD/CSD,White,4476
2024-2025,15,SCHLEICHER COUNTY,207901,SCHLEICHER ISD,TRADITIONAL ISD/CSD,Black or African American,<10
2024-2025,15,SCHLEICHER COUNTY,207901,SCHLEICHER ISD,TRADITIONAL ISD/CSD,Hispanic/Latino,292
2024-2025,15,SCHLEICHER COUNTY,207901,SCHLEICHER ISD,TRADITIONAL ISD/CSD,Two or more races,<10
2024-2025,15,SCHLEICHER COUNTY,207901,SCHLEICHER ISD,TRADITIONAL ISD/CSD,White,119
2024-2025,20,BEXAR COUNTY,15827,SCHOOL OF SCIENCE AND TECHNOLOGY,OPEN ENROLLMENT CHARTER,American Indian or Alaska Nat,<20
2024-2025,20,BEXAR COUNTY,15827,SCHOOL OF SCIENCE AND TECHNOLOGY,OPEN ENROLLMENT CHARTER,Asian,185
2024-2025,20,BEXAR COUNTY,15827,SCHOOL OF SCIENCE AND TECHNOLOGY,OPEN ENROLLMENT CHARTER,Black or African American,969
2024-2025,20,BEXAR COUNTY,15827,SCHOOL OF SCIENCE AND TECHNOLOGY,OPEN ENROLLMENT CHARTER,Hispanic/Latino,3472
2024-2025,20,BEXAR COUNTY,15827,SCHOOL OF SCIENCE AND TECHNOLOGY,OPEN ENROLLMENT CHARTER,Native Hawaiian/Other Pacific,<10
2024-2025,20,BEXAR COUNTY,15827,SCHOOL OF SCIENCE AND TECHNOLOGY,OPEN ENROLLMENT CHARTER,Two or more races,203
2024-2025,20,BEXAR COUNTY,15827,SCHOOL OF SCIENCE AND TECHNOLOGY,OPEN ENROLLMENT CHARTER,White,754
2024-2025,20,BEXAR COUNTY,15831,SCHOOL OF SCIENCE AND TECHNOLOGY DISCOVERY,OPEN ENROLLMENT CHARTER,American Indian or Alaska Nat,<20
2024-2025,20,BEXAR COUNTY,15831,SCHOOL OF SCIENCE AND TECHNOLOGY DISCOVERY,OPEN ENROLLMENT CHARTER,Asian,360
2024-2025,20,BEXAR COUNTY,15831,SCHOOL OF SCIENCE AND TECHNOLOGY DISCOVERY,OPEN ENROLLMENT CHARTER,Black or African American,1020
2024-2025,20,BEXAR COUNTY,15831,SCHOOL OF SCIENCE AND TECHNOLOGY DISCOVERY,OPEN ENROLLMENT CHARTER,Hispanic/Latino,3923
2024-2025,20,BEXAR COUNTY,15831,SCHOOL OF SCIENCE AND TECHNOLOGY DISCOVERY,OPEN ENROLLMENT CHARTER,Native Hawaiian/Other Pacific,<10
2024-2025,20,BEXAR COUNTY,15831,SCHOOL OF SCIENCE AND TECHNOLOGY DISCOVERY,OPEN ENROLLMENT CHARTER,Two or more races,124
2024-2025,20,BEXAR COUNTY,15831,SCHOOL OF SCIENCE AND TECHNOLOGY DISCOVERY,OPEN ENROLLMENT CHARTER,White,641
2024-2025,13,FAYETTE COUNTY,75903,SCHULENBURG ISD,TRADITIONAL ISD/CSD,Asian,<10
2024-2025,13,FAYETTE COUNTY,75903,SCHULENBURG ISD,TRADITIONAL ISD/CSD,Black or African American,93
2024-2025,13,FAYETTE COUNTY,75903,SCHULENBURG ISD,TRADITIONAL ISD/CSD,Hispanic/Latino,279
2024-2025,13,FAYETTE COUNTY,75903,SCHULENBURG ISD,TRADITIONAL ISD/CSD,Two or more races,<30
2024-2025,13,FAYETTE COUNTY,75903,SCHULENBURG ISD,TRADITIONAL ISD/CSD,White,281
2024-2025,10,KAUFMAN COUNTY,129910,SCURRY-ROSSER ISD,TRADITIONAL ISD/CSD,American Indian or Alaska Nat,<10
2024-2025,10,KAUFMAN COUNTY,129910,SCURRY-ROSSER ISD,TRADITIONAL ISD/CSD,Black or African American,19
2024-2025,10,KAUFMAN COUNTY,129910,SCURRY-ROSSER ISD,TRADITIONAL ISD/CSD,Hispanic/Latino,303
2024-2025,10,KAUFMAN COUNTY,129910,SCURRY-ROSSER ISD,TRADITIONAL ISD/CSD,Native Hawaiian/Other Pacific,<10
2024-2025,10,KAUFMAN COUNTY,129910,SCURRY-ROSSER ISD,TRADITIONAL ISD/CSD,Two or more races,28
2024-2025,10,KAUFMAN COUNTY,129910,SCURRY-ROSSER ISD,TRADITIONAL ISD/CSD,White,675
2024-2025,17,GAINES COUNTY,83901,SEAGRAVES ISD,TRADITIONAL ISD/CSD,Black or African American,<20
2024-2025,17,GAINES COUNTY,83901,SEAGRAVES ISD,TRADITIONAL ISD/CSD,Hispanic/Latino,450
2024-2025,17,GAINES COUNTY,83901,SEAGRAVES ISD,TRADITIONAL ISD/CSD,Two or more races,<10
2024-2025,17,GAINES COUNTY,83901,SEAGRAVES ISD,TRADITIONAL ISD/CSD,White,52
2024-2025,6,AUSTIN COUNTY,8902,SEALY ISD,TRADITIONAL ISD/CSD,American Indian or Alaska Nat,<10
2024-2025,6,AUSTIN COUNTY,8902,SEALY ISD,TRADITIONAL ISD/CSD,Asian,35
2024-2025,6,AUSTIN COUNTY,8902,SEALY ISD,TRADITIONAL ISD/CSD,Black or African American,238
2024-2025,6,AUSTIN COUNTY,8902,SEALY ISD,TRADITIONAL ISD/CSD,Hispanic/Latino,1762
2024-2025,6,AUSTIN COUNTY,8902,SEALY ISD,TRADITIONAL ISD/CSD,Native Hawaiian/Other Pacific,<10
2024-2025,6,AUSTIN COUNTY,8902,SEALY ISD,TRADITIONAL ISD/CSD,Two or more races,133
2024-2025,6,AUSTIN COUNTY,8902,SEALY ISD,TRADITIONAL ISD/CSD,White,929
2024-2025,2,NUECES COUNTY,178808,SEASHORE CHARTER SCHOOLS,OPEN ENROLLMENT CHARTER,Asian,<10
2024-2025,2,NUECES COUNTY,178808,SEASHORE CHARTER SCHOOLS,OPEN ENROLLMENT CHARTER,Black or African American,<10
2024-2025,2,NUECES COUNTY,178808,SEASHORE CHARTER SCHOOLS,OPEN ENROLLMENT CHARTER,Hispanic/Latino,85
2024-2025,2,NUECES COUNTY,178808,SEASHORE CHARTER SCHOOLS,OPEN ENROLLMENT CHARTER,Two or more races,14
2024-2025,2,NUECES COUNTY,178808,SEASHORE CHARTER SCHOOLS,OPEN ENROLLMENT CHARTER,White,297
2024-2025,20,GUADALUPE COUNTY,94901,SEGUIN ISD,TRADITIONAL ISD/CSD,American Indian or Alaska Nat,<20
2024-2025,20,GUADALUPE COUNTY,94901,SEGUIN ISD,TRADITIONAL ISD/CSD,Asian,25
2024-2025,20,GUADALUPE COUNTY,94901,SEGUIN ISD,TRADITIONAL ISD/CSD,Black or African American,281
2024-2025,20,GUADALUPE COUNTY,94901,SEGUIN ISD,TRADITIONAL ISD/CSD,Hispanic/Latino,5216
2024-2025,20,GUADALUPE COUNTY,94901,SEGUIN ISD,TRADITIONAL ISD/CSD,Native Hawaiian/Other Pacific,<10
2024-2025,20,GUADALUPE COUNTY,94901,SEGUIN ISD,TRADITIONAL ISD/CSD,Two or more races,146
2024-2025,20,GUADALUPE COUNTY,94901,SEGUIN ISD,TRADITIONAL ISD/CSD,White,1602
2024-2025,17,GAINES COUNTY,83903,SEMINOLE ISD,TRADITIONAL ISD/CSD,American Indian or Alaska Nat,<10
2024-2025,17,GAINES COUNTY,83903,SEMINOLE ISD,TRADITIONAL ISD/CSD,Asian,12
2024-2025,17,GAINES COUNTY,83903,SEMINOLE ISD,TRADITIONAL ISD/CSD,Black or African American,24
2024-2025,17,GAINES COUNTY,83903,SEMINOLE ISD,TRADITIONAL ISD/CSD,Hispanic/Latino,1816
2024-2025,17,GAINES COUNTY,83903,SEMINOLE ISD,TRADITIONAL ISD/CSD,Native Hawaiian/Other Pacific,<10
2024-2025,17,GAINES COUNTY,83903,SEMINOLE ISD,TRADITIONAL ISD/CSD,Two or more races,18
2024-2025,17,GAINES COUNTY,83903,SEMINOLE ISD,TRADITIONAL ISD/CSD,White,1214
2024-2025,4,HARRIS COUNTY,101802,SER-NINOS CHARTER SCHOOL,OPEN ENROLLMENT CHARTER,American Indian or Alaska Nat,<10
2024-2025,4,HARRIS COUNTY,101802,SER-NINOS CHARTER SCHOOL,OPEN ENROLLMENT CHARTER,Asian,16
2024-2025,4,HARRIS COUNTY,101802,SER-NINOS CHARTER SCHOOL,OPEN ENROLLMENT CHARTER,Black or African American,<10
2024-2025,4,HARRIS COUNTY,101802,SER-NINOS CHARTER SCHOOL,OPEN ENROLLMENT CHARTER,Hispanic/Latino,1166
2024-2025,4,HARRIS COUNTY,101802,SER-NINOS CHARTER SCHOOL,OPEN ENROLLMENT CHARTER,Native Hawaiian/Other Pacific,<10
2024-2025,4,HARRIS COUNTY,101802,SER-NINOS CHARTER SCHOOL,OPEN ENROLLMENT CHARTER,White,<10
2024-2025,9,BAYLOR COUNTY,12901,SEYMOUR ISD,TRADITIONAL ISD/CSD,American Indian or Alaska Nat,<10
2024-2025,9,BAYLOR COUNTY,12901,SEYMOUR ISD,TRADITIONAL ISD/CSD,Asian,<10
2024-2025,9,BAYLOR COUNTY,12901,SEYMOUR ISD,TRADITIONAL ISD/CSD,Black or African American,13
2024-2025,9,BAYLOR COUNTY,12901,SEYMOUR ISD,TRADITIONAL ISD/CSD,Hispanic/Latino,151
2024-2025,9,BAYLOR COUNTY,12901,SEYMOUR ISD,TRADITIONAL ISD/CSD,Two or more races,47
2024-2025,9,BAYLOR COUNTY,12901,SEYMOUR ISD,TRADITIONAL ISD/CSD,White,378
2024-2025,17,LUBBOCK COUNTY,152909,SHALLOWATER ISD,TRADITIONAL ISD/CSD,American Indian or Alaska Nat,<10
2024-2025,17,LUBBOCK COUNTY,152909,SHALLOWATER ISD,TRADITIONAL ISD/CSD,Asian,<10
2024-2025,17,LUBBOCK COUNTY,152909,SHALLOWATER ISD,TRADITIONAL ISD/CSD,Black or African American,11
2024-2025,17,LUBBOCK COUNTY,152909,SHALLOWATER ISD,TRADITIONAL ISD/CSD,Hispanic/Latino,546
2024-2025,17,LUBBOCK COUNTY,152909,SHALLOWATER ISD,TRADITIONAL ISD/CSD,Native Hawaiian/Other Pacific,<10
2024-2025,17,LUBBOCK COUNTY,152909,SHALLOWATER ISD,TRADITIONAL ISD/CSD,Two or more races,36
2024-2025,17,LUBBOCK COUNTY,152909,SHALLOWATER ISD,TRADITIONAL ISD/CSD,White,1128
2024-2025,16,WHEELER COUNTY,242902,SHAMROCK ISD,TRADITIONAL ISD/CSD,American Indian or Alaska Nat,<10
2024-2025,16,WHEELER COUNTY,242902,SHAMROCK ISD,TRADITIONAL ISD/CSD,Black or African American,<10
2024-2025,16,WHEELER COUNTY,242902,SHAMROCK ISD,TRADITIONAL ISD/CSD,Hispanic/Latino,123
2024-2025,16,WHEELER COUNTY,242902,SHAMROCK ISD,TRADITIONAL ISD/CSD,Two or more races,16
2024-2025,16,WHEELER COUNTY,242902,SHAMROCK ISD,TRADITIONAL ISD/CSD,White,193
2024-2025,1,HIDALGO COUNTY,108911,SHARYLAND ISD,TRADITIONAL ISD/CSD,American Indian or Alaska Nat,<20
2024-2025,1,HIDALGO COUNTY,108911,SHARYLAND ISD,TRADITIONAL ISD/CSD,Asian,124
2024-2025,1,HIDALGO COUNTY,108911,SHARYLAND ISD,TRADITIONAL ISD/CSD,Black or African American,48
2024-2025,1,HIDALGO COUNTY,108911,SHARYLAND ISD,TRADITIONAL ISD/CSD,Hispanic/Latino,9165
2024-2025,1,HIDALGO COUNTY,108911,SHARYLAND ISD,TRADITIONAL ISD/CSD,Native Hawaiian/Other Pacific,<10
2024-2025,1,HIDALGO COUNTY,108911,SHARYLAND ISD,TRADITIONAL ISD/CSD,Two or more races,35
2024-2025,1,HIDALGO COUNTY,108911,SHARYLAND ISD,TRADITIONAL ISD/CSD,White,450
2024-2025,7,SHELBY COUNTY,210903,SHELBYVILLE ISD,TRADITIONAL ISD/CSD,Asian,<10
2024-2025,7,SHELBY COUNTY,210903,SHELBYVILLE ISD,TRADITIONAL ISD/CSD,Black or African American,120
2024-2025,7,SHELBY COUNTY,210903,SHELBYVILLE ISD,TRADITIONAL ISD/CSD,Hispanic/Latino,95
2024-2025,7,SHELBY COUNTY,210903,SHELBYVILLE ISD,TRADITIONAL ISD/CSD,Two or more races,<30
2024-2025,7,SHELBY COUNTY,210903,SHELBYVILLE ISD,TRADITIONAL ISD/CSD,White,654
2024-2025,4,HARRIS COUNTY,101924,SHELDON ISD,TRADITIONAL ISD/CSD,American Indian or Alaska Nat,<40
2024-2025,4,HARRIS COUNTY,101924,SHELDON ISD,TRADITIONAL ISD/CSD,Asian,54
2024-2025,4,HARRIS COUNTY,101924,SHELDON ISD,TRADITIONAL ISD/CSD,Black or African American,3067
2024-2025,4,HARRIS COUNTY,101924,SHELDON ISD,TRADITIONAL ISD/CSD,Hispanic/Latino,7216
2024-2025,4,HARRIS COUNTY,101924,SHELDON ISD,TRADITIONAL ISD/CSD,Native Hawaiian/Other Pacific,<10
2024-2025,4,HARRIS COUNTY,101924,SHELDON ISD,TRADITIONAL ISD/CSD,Two or more races,176
2024-2025,4,HARRIS COUNTY,101924,SHELDON ISD,TRADITIONAL ISD/CSD,White,395
2024-2025,6,SAN JACINTO COUNTY,204904,SHEPHERD ISD,TRADITIONAL ISD/CSD,American Indian or Alaska Nat,<10
2024-2025,6,SAN JACINTO COUNTY,204904,SHEPHERD ISD,TRADITIONAL ISD/CSD,Asian,<10
2024-2025,6,SAN JACINTO COUNTY,204904,SHEPHERD ISD,TRADITIONAL ISD/CSD,Black or African American,67
2024-2025,6,SAN JACINTO COUNTY,204904,SHEPHERD ISD,TRADITIONAL ISD/CSD,Hispanic/Latino,852
2024-2025,6,SAN JACINTO COUNTY,204904,SHEPHERD ISD,TRADITIONAL ISD/CSD,Two or more races,108
2024-2025,6,SAN JACINTO COUNTY,204904,SHEPHERD ISD,TRADITIONAL ISD/CSD,White,934
2024-2025,10,GRAYSON COUNTY,91906,SHERMAN ISD,TRADITIONAL ISD/CSD,American Indian or Alaska Nat,<70
2024-2025,10,GRAYSON COUNTY,91906,SHERMAN ISD,TRADITIONAL ISD/CSD,Asian,226
2024-2025,10,GRAYSON COUNTY,91906,SHERMAN ISD,TRADITIONAL ISD/CSD,Black or African American,916
2024-2025,10,GRAYSON COUNTY,91906,SHERMAN ISD,TRADITIONAL ISD/CSD,Hispanic/Latino,3767
2024-2025,10,GRAYSON COUNTY,91906,SHERMAN ISD,TRADITIONAL ISD/CSD,Native Hawaiian/Other Pacific,<10
2024-2025,10,GRAYSON COUNTY,91906,SHERMAN ISD,TRADITIONAL ISD/CSD,Two or more races,499
2024-2025,10,GRAYSON COUNTY,91906,SHERMAN ISD,TRADITIONAL ISD/CSD,White,2309
2024-2025,3,LAVACA COUNTY,143903,SHINER ISD,TRADITIONAL ISD/CSD,American Indian or Alaska Nat,<10
2024-2025,3,LAVACA COUNTY,143903,SHINER ISD,TRADITIONAL ISD/CSD,Asian,<10
2024-2025,3,LAVACA COUNTY,143903,SHINER ISD,TRADITIONAL ISD/CSD,Black or African American,32
2024-2025,3,LAVACA COUNTY,143903,SHINER ISD,TRADITIONAL ISD/CSD,Hispanic/Latino,153
2024-2025,3,LAVACA COUNTY,143903,SHINER ISD,TRADITIONAL ISD/CSD,Two or more races,27
2024-2025,3,LAVACA COUNTY,143903,SHINER ISD,TRADITIONAL ISD/CSD,White,503
2024-2025,14,COMANCHE COUNTY,47905,SIDNEY ISD,TRADITIONAL ISD/CSD,Hispanic/Latino,<30
2024-2025,14,COMANCHE COUNTY,47905,SIDNEY ISD,TRADITIONAL ISD/CSD,Two or more races,<10
2024-2025,14,COMANCHE COUNTY,47905,SIDNEY ISD,TRADITIONAL ISD/CSD,White,76
2024-2025,19,HUDSPETH COUNTY,115902,SIERRA BLANCA ISD,TRADITIONAL ISD/CSD,Black or African American,<10
2024-2025,19,HUDSPETH COUNTY,115902,SIERRA BLANCA ISD,TRADITIONAL ISD/CSD,Hispanic/Latino,83
2024-2025,19,HUDSPETH COUNTY,115902,SIERRA BLANCA ISD,TRADITIONAL ISD/CSD,Two or more races,<10
2024-2025,19,HUDSPETH COUNTY,115902,SIERRA BLANCA ISD,TRADITIONAL ISD/CSD,White,12
2024-2025,5,HARDIN COUNTY,100904,SILSBEE ISD,TRADITIONAL ISD/CSD,American Indian or Alaska Nat,<10
2024-2025,5,HARDIN COUNTY,100904,SILSBEE ISD,TRADITIONAL ISD/CSD,Asian,11
2024-2025,5,HARDIN COUNTY,100904,SILSBEE ISD,TRADITIONAL ISD/CSD,Black or African American,474
2024-2025,5,HARDIN COUNTY,100904,SILSBEE ISD,TRADITIONAL ISD/CSD,Hispanic/Latino,232
2024-2025,5,HARDIN COUNTY,100904,SILSBEE ISD,TRADITIONAL ISD/CSD,Native Hawaiian/Other Pacific,<10
2024-2025,5,HARDIN COUNTY,100904,SILSBEE ISD,TRADITIONAL ISD/CSD,Two or more races,171
2024-2025,5,HARDIN COUNTY,100904,SILSBEE ISD,TRADITIONAL ISD/CSD,White,1692
2024-2025,16,BRISCOE COUNTY,23902,SILVERTON ISD,TRADITIONAL ISD/CSD,Hispanic/Latino,<80
2024-2025,16,BRISCOE COUNTY,23902,SILVERTON ISD,TRADITIONAL ISD/CSD,Two or more races,<10
2024-2025,16,BRISCOE COUNTY,23902,SILVERTON ISD,TRADITIONAL ISD/CSD,White,122
2024-2025,8,BOWIE COUNTY,19909,SIMMS ISD,TRADITIONAL ISD/CSD,American Indian or Alaska Nat,<10
2024-2025,8,BOWIE COUNTY,19909,SIMMS ISD,TRADITIONAL ISD/CSD,Asian,<10
2024-2025,8,BOWIE COUNTY,19909,SIMMS ISD,TRADITIONAL ISD/CSD,Black or African American,<10
2024-2025,8,BOWIE COUNTY,19909,SIMMS ISD,TRADITIONAL ISD/CSD,Hispanic/Latino,19
2024-2025,8,BOWIE COUNTY,19909,SIMMS ISD,TRADITIONAL ISD/CSD,Two or more races,28
2024-2025,8,BOWIE COUNTY,19909,SIMMS ISD,TRADITIONAL ISD/CSD,White,429
2024-2025,2,SAN PATRICIO COUNTY,205906,SINTON ISD,TRADITIONAL ISD/CSD,American Indian or Alaska Nat,<10
2024-2025,2,SAN PATRICIO COUNTY,205906,SINTON ISD,TRADITIONAL ISD/CSD,Asian,<10
2024-2025,2,SAN PATRICIO COUNTY,205906,SINTON ISD,TRADITIONAL ISD/CSD,Black or African American,14
2024-2025,2,SAN PATRICIO COUNTY,205906,SINTON ISD,TRADITIONAL ISD/CSD,Hispanic/Latino,1626
2024-2025,2,SAN PATRICIO COUNTY,205906,SINTON ISD,TRADITIONAL ISD/CSD,Two or more races,11
2024-2025,2,SAN PATRICIO COUNTY,205906,SINTON ISD,TRADITIONAL ISD/CSD,White,301
2024-2025,11,COOKE COUNTY,49909,SIVELLS BEND ISD,TRADITIONAL ISD/CSD,Hispanic/Latino,<20
2024-2025,11,COOKE COUNTY,49909,SIVELLS BEND ISD,TRADITIONAL ISD/CSD,Two or more races,<10
2024-2025,11,COOKE COUNTY,49909,SIVELLS BEND ISD,TRADITIONAL ISD/CSD,White,45
2024-2025,2,BEE COUNTY,13905,SKIDMORE-TYNAN ISD,TRADITIONAL ISD/CSD,American Indian or Alaska Nat,<10
2024-2025,2,BEE COUNTY,13905,SKIDMORE-TYNAN ISD,TRADITIONAL ISD/CSD,Asian,<10
2024-2025,2,BEE COUNTY,13905,SKIDMORE-TYNAN ISD,TRADITIONAL ISD/CSD,Black or African American,<10
2024-2025,2,BEE COUNTY,13905,SKIDMORE-TYNAN ISD,TRADITIONAL ISD/CSD,Hispanic/Latino,529
2024-2025,2,BEE COUNTY,13905,SKIDMORE-TYNAN ISD,TRADITIONAL ISD/CSD,Native Hawaiian/Other Pacific,<10
2024-2025,2,BEE COUNTY,13905,SKIDMORE-TYNAN ISD,TRADITIONAL ISD/CSD,Two or more races,<10
2024-2025,2,BEE COUNTY,13905,SKIDMORE-TYNAN ISD,TRADITIONAL ISD/CSD,White,229
2024-2025,17,LUBBOCK COUNTY,152903,SLATON ISD,TRADITIONAL ISD/CSD,American Indian or Alaska Nat,<10
2024-2025,17,LUBBOCK COUNTY,152903,SLATON ISD,TRADITIONAL ISD/CSD,Asian,<10
2024-2025,17,LUBBOCK COUNTY,152903,SLATON ISD,TRADITIONAL ISD/CSD,Black or African American,55
2024-2025,17,LUBBOCK COUNTY,152903,SLATON ISD,TRADITIONAL ISD/CSD,Hispanic/Latino,813
2024-2025,17,LUBBOCK COUNTY,152903,SLATON ISD,TRADITIONAL ISD/CSD,Native Hawaiian/Other Pacific,<10
2024-2025,17,LUBBOCK COUNTY,152903,SLATON ISD,TRADITIONAL ISD/CSD,Two or more races,31
2024-2025,17,LUBBOCK COUNTY,152903,SLATON ISD,TRADITIONAL ISD/CSD,White,367
2024-2025,11,WISE COUNTY,249908,SLIDELL ISD,TRADITIONAL ISD/CSD,American Indian or Alaska Nat,<10
2024-2025,11,WISE COUNTY,249908,SLIDELL ISD,TRADITIONAL ISD/CSD,Asian,<10
2024-2025,11,WISE COUNTY,249908,SLIDELL ISD,TRADITIONAL ISD/CSD,Black or African American,<10
2024-2025,11,WISE COUNTY,249908,SLIDELL ISD,TRADITIONAL ISD/CSD,Hispanic/Latino,162
2024-2025,11,WISE COUNTY,249908,SLIDELL ISD,TRADITIONAL ISD/CSD,Two or more races,16
2024-2025,11,WISE COUNTY,249908,SLIDELL ISD,TRADITIONAL ISD/CSD,White,307
2024-2025,7,ANDERSON COUNTY,1909,SLOCUM ISD,TRADITIONAL ISD/CSD,Asian,<10
2024-2025,7,ANDERSON COUNTY,1909,SLOCUM ISD,TRADITIONAL ISD/CSD,Black or African American,<10
2024-2025,7,ANDERSON COUNTY,1909,SLOCUM ISD,TRADITIONAL ISD/CSD,Hispanic/Latino,34
2024-2025,7,ANDERSON COUNTY,1909,SLOCUM ISD,TRADITIONAL ISD/CSD,Two or more races,<10
2024-2025,7,ANDERSON COUNTY,1909,SLOCUM ISD,TRADITIONAL ISD/CSD,White,279
2024-2025,13,BASTROP COUNTY,11904,SMITHVILLE ISD,TRADITIONAL ISD/CSD,American Indian or Alaska Nat,<10
2024-2025,13,BASTROP COUNTY,11904,SMITHVILLE ISD,TRADITIONAL ISD/CSD,Asian,10
2024-2025,13,BASTROP COUNTY,11904,SMITHVILLE ISD,TRADITIONAL ISD/CSD,Black or African American,91
2024-2025,13,BASTROP COUNTY,11904,SMITHVILLE ISD,TRADITIONAL ISD/CSD,Hispanic/Latino,672
2024-2025,13,BASTROP COUNTY,11904,SMITHVILLE ISD,TRADITIONAL ISD/CSD,Native Hawaiian/Other Pacific,<10
2024-2025,13,BASTROP COUNTY,11904,SMITHVILLE ISD,TRADITIONAL ISD/CSD,Two or more races,81
2024-2025,13,BASTROP COUNTY,11904,SMITHVILLE ISD,TRADITIONAL ISD/CSD,White,992
2024-2025,17,HOCKLEY COUNTY,110906,SMYER ISD,TRADITIONAL ISD/CSD,Asian,<10
2024-2025,17,HOCKLEY COUNTY,110906,SMYER ISD,TRADITIONAL ISD/CSD,Black or African American,<10
2024-2025,17,HOCKLEY COUNTY,110906,SMYER ISD,TRADITIONAL ISD/CSD,Hispanic/Latino,196
2024-2025,17,HOCKLEY COUNTY,110906,SMYER ISD,TRADITIONAL ISD/CSD,Two or more races,10
2024-2025,17,HOCKLEY COUNTY,110906,SMYER ISD,TRADITIONAL ISD/CSD,White,223
2024-2025,6,BURLESON COUNTY,26903,SNOOK ISD,TRADITIONAL ISD/CSD,American Indian or Alaska Nat,<10
2024-2025,6,BURLESON COUNTY,26903,SNOOK ISD,TRADITIONAL ISD/CSD,Black or African American,75
2024-2025,6,BURLESON COUNTY,26903,SNOOK ISD,TRADITIONAL ISD/CSD,Hispanic/Latino,253
2024-2025,6,BURLESON COUNTY,26903,SNOOK ISD,TRADITIONAL ISD/CSD,Native Hawaiian/Other Pacific,<10
2024-2025,6,BURLESON COUNTY,26903,SNOOK ISD,TRADITIONAL ISD/CSD,Two or more races,20
2024-2025,6,BURLESON COUNTY,26903,SNOOK ISD,TRADITIONAL ISD/CSD,White,255
2024-2025,14,SCURRY COUNTY,208902,SNYDER ISD,TRADITIONAL ISD/CSD,American Indian or Alaska Nat,<10
2024-2025,14,SCURRY COUNTY,208902,SNYDER ISD,TRADITIONAL ISD/CSD,Asian,23
2024-2025,14,SCURRY COUNTY,208902,SNYDER ISD,TRADITIONAL ISD/CSD,Black or African American,44
2024-2025,14,SCURRY COUNTY,208902,SNYDER ISD,TRADITIONAL ISD/CSD,Hispanic/Latino,1451
2024-2025,14,SCURRY COUNTY,208902,SNYDER ISD,TRADITIONAL ISD/CSD,Native Hawaiian/Other Pacific,<10
2024-2025,14,SCURRY COUNTY,208902,SNYDER ISD,TRADITIONAL ISD/CSD,Two or more races,56
2024-2025,14,SCURRY COUNTY,208902,SNYDER ISD,TRADITIONAL ISD/CSD,White,733
2024-2025,19,EL PASO COUNTY,71909,SOCORRO ISD,TRADITIONAL ISD/CSD,American Indian or Alaska Nat,95
2024-2025,19,EL PASO COUNTY,71909,SOCORRO ISD,TRADITIONAL ISD/CSD,Asian,232
2024-2025,19,EL PASO COUNTY,71909,SOCORRO ISD,TRADITIONAL ISD/CSD,Black or African American,1009
2024-2025,19,EL PASO COUNTY,71909,SOCORRO ISD,TRADITIONAL ISD/CSD,Hispanic/Latino,42480
2024-2025,19,EL PASO COUNTY,71909,SOCORRO ISD,TRADITIONAL ISD/CSD,Native Hawaiian/Other Pacific,88
2024-2025,19,EL PASO COUNTY,71909,SOCORRO ISD,TRADITIONAL ISD/CSD,Two or more races,498
2024-2025,19,EL PASO COUNTY,71909,SOCORRO ISD,TRADITIONAL ISD/CSD,White,2266
2024-2025,20,BEXAR COUNTY,15830,SOMERSET ACADEMIES OF TEXAS,OPEN ENROLLMENT CHARTER,American Indian or Alaska Nat,<10
2024-2025,20,BEXAR COUNTY,15830,SOMERSET ACADEMIES OF TEXAS,OPEN ENROLLMENT CHARTER,Asian,67
2024-2025,20,BEXAR COUNTY,15830,SOMERSET ACADEMIES OF TEXAS,OPEN ENROLLMENT CHARTER,Black or African American,137
2024-2025,20,BEXAR COUNTY,15830,SOMERSET ACADEMIES OF TEXAS,OPEN ENROLLMENT CHARTER,Hispanic/Latino,2195
2024-2025,20,BEXAR COUNTY,15830,SOMERSET ACADEMIES OF TEXAS,OPEN ENROLLMENT CHARTER,Native Hawaiian/Other Pacific,<10
2024-2025,20,BEXAR COUNTY,15830,SOMERSET ACADEMIES OF TEXAS,OPEN ENROLLMENT CHARTER,Two or more races,33
2024-2025,20,BEXAR COUNTY,15830,SOMERSET ACADEMIES OF TEXAS,OPEN ENROLLMENT CHARTER,White,163
2024-2025,20,BEXAR COUNTY,15909,SOMERSET ISD,TRADITIONAL ISD/CSD,American Indian or Alaska Nat,<10
2024-2025,20,BEXAR COUNTY,15909,SOMERSET ISD,TRADITIONAL ISD/CSD,Asian,13
2024-2025,20,BEXAR COUNTY,15909,SOMERSET ISD,TRADITIONAL ISD/CSD,Black or African American,13
2024-2025,20,BEXAR COUNTY,15909,SOMERSET ISD,TRADITIONAL ISD/CSD,Hispanic/Latino,3955
2024-2025,20,BEXAR COUNTY,15909,SOMERSET ISD,TRADITIONAL ISD/CSD,Native Hawaiian/Other Pacific,<10
2024-2025,20,BEXAR COUNTY,15909,SOMERSET ISD,TRADITIONAL ISD/CSD,Two or more races,24
2024-2025,20,BEXAR COUNTY,15909,SOMERSET ISD,TRADITIONAL ISD/CSD,White,250
2024-2025,6,BURLESON COUNTY,26902,SOMERVILLE ISD,TRADITIONAL ISD/CSD,American Indian or Alaska Nat,<10
2024-2025,6,BURLESON COUNTY,26902,SOMERVILLE ISD,TRADITIONAL ISD/CSD,Asian,<10
2024-2025,6,BURLESON COUNTY,26902,SOMERVILLE ISD,TRADITIONAL ISD/CSD,Black or African American,79
2024-2025,6,BURLESON COUNTY,26902,SOMERVILLE ISD,TRADITIONAL ISD/CSD,Hispanic/Latino,230
2024-2025,6,BURLESON COUNTY,26902,SOMERVILLE ISD,TRADITIONAL ISD/CSD,Two or more races,38
2024-2025,6,BURLESON COUNTY,26902,SOMERVILLE ISD,TRADITIONAL ISD/CSD,White,213
2024-2025,15,SUTTON COUNTY,218901,SONORA ISD,TRADITIONAL ISD/CSD,Asian,<10
2024-2025,15,SUTTON COUNTY,218901,SONORA ISD,TRADITIONAL ISD/CSD,Hispanic/Latino,506
2024-2025,15,SUTTON COUNTY,218901,SONORA ISD,TRADITIONAL ISD/CSD,Two or more races,<10
2024-2025,15,SUTTON COUNTY,218901,SONORA ISD,TRADITIONAL ISD/CSD,White,134
2024-2025,20,BEXAR COUNTY,15908,SOUTH SAN ANTONIO ISD,TRADITIONAL ISD/CSD,American Indian or Alaska Nat,10
2024-2025,20,BEXAR COUNTY,15908,SOUTH SAN ANTONIO ISD,TRADITIONAL ISD/CSD,Asian,12
2024-2025,20,BEXAR COUNTY,15908,SOUTH SAN ANTONIO ISD,TRADITIONAL ISD/CSD,Black or African American,95
2024-2025,20,BEXAR COUNTY,15908,SOUTH SAN ANTONIO ISD,TRADITIONAL ISD/CSD,Hispanic/Latino,7020
2024-2025,20,BEXAR COUNTY,15908,SOUTH SAN ANTONIO ISD,TRADITIONAL ISD/CSD,Native Hawaiian/Other Pacific,10
2024-2025,20,BEXAR COUNTY,15908,SOUTH SAN ANTONIO ISD,TRADITIONAL ISD/CSD,Two or more races,40
2024-2025,20,BEXAR COUNTY,15908,SOUTH SAN ANTONIO ISD,TRADITIONAL ISD/CSD,White,281
2024-2025,1,CAMERON COUNTY,31916,SOUTH TEXAS ISD,TRADITIONAL ISD/CSD,American Indian or Alaska Nat,<10
2024-2025,1,CAMERON COUNTY,31916,SOUTH TEXAS ISD,TRADITIONAL ISD/CSD,Asian,237
2024-2025,1,CAMERON COUNTY,31916,SOUTH TEXAS ISD,TRADITIONAL ISD/CSD,Black or African American,51
2024-2025,1,CAMERON COUNTY,31916,SOUTH TEXAS ISD,TRADITIONAL ISD/CSD,Hispanic/Latino,4030
2024-2025,1,CAMERON COUNTY,31916,SOUTH TEXAS ISD,TRADITIONAL ISD/CSD,Two or more races,<40
2024-2025,1,CAMERON COUNTY,31916,SOUTH TEXAS ISD,TRADITIONAL ISD/CSD,White,280
2024-2025,17,GARZA COUNTY,85903,SOUTHLAND ISD,TRADITIONAL ISD/CSD,Black or African American,<10
2024-2025,17,GARZA COUNTY,85903,SOUTHLAND ISD,TRADITIONAL ISD/CSD,Hispanic/Latino,63
2024-2025,17,GARZA COUNTY,85903,SOUTHLAND ISD,TRADITIONAL ISD/CSD,Two or more races,<10
2024-2025,17,GARZA COUNTY,85903,SOUTHLAND ISD,TRADITIONAL ISD/CSD,White,63
2024-2025,20,BEXAR COUNTY,15917,SOUTHSIDE ISD,TRADITIONAL ISD/CSD,American Indian or Alaska Nat,<10
2024-2025,20,BEXAR COUNTY,15917,SOUTHSIDE ISD,TRADITIONAL ISD/CSD,Asian,<20
2024-2025,20,BEXAR COUNTY,15917,SOUTHSIDE ISD,TRADITIONAL ISD/CSD,Black or African American,88
2024-2025,20,BEXAR COUNTY,15917,SOUTHSIDE ISD,TRADITIONAL ISD/CSD,Hispanic/Latino,5593
2024-2025,20,BEXAR COUNTY,15917,SOUTHSIDE ISD,TRADITIONAL ISD/CSD,Two or more races,42
2024-2025,20,BEXAR COUNTY,15917,SOUTHSIDE ISD,TRADITIONAL ISD/CSD,White,348
2024-2025,20,BEXAR COUNTY,15912,SOUTHWEST ISD,TRADITIONAL ISD/CSD,American Indian or Alaska Nat,20
2024-2025,20,BEXAR COUNTY,15912,SOUTHWEST ISD,TRADITIONAL ISD/CSD,Asian,86
2024-2025,20,BEXAR COUNTY,15912,SOUTHWEST ISD,TRADITIONAL ISD/CSD,Black or African American,621
2024-2025,20,BEXAR COUNTY,15912,SOUTHWEST ISD,TRADITIONAL ISD/CSD,Hispanic/Latino,13246
2024-2025,20,BEXAR COUNTY,15912,SOUTHWEST ISD,TRADITIONAL ISD/CSD,Native Hawaiian/Other Pacific,16
2024-2025,20,BEXAR COUNTY,15912,SOUTHWEST ISD,TRADITIONAL ISD/CSD,Two or more races,177
2024-2025,20,BEXAR COUNTY,15912,SOUTHWEST ISD,TRADITIONAL ISD/CSD,White,667
2024-2025,20,BEXAR COUNTY,15807,SOUTHWEST PREPARATORY SCHOOL,OPEN ENROLLMENT CHARTER,American Indian or Alaska Nat,<10
2024-2025,20,BEXAR COUNTY,15807,SOUTHWEST PREPARATORY SCHOOL,OPEN ENROLLMENT CHARTER,Asian,<10
2024-2025,20,BEXAR COUNTY,15807,SOUTHWEST PREPARATORY SCHOOL,OPEN ENROLLMENT CHARTER,Black or African American,88
2024-2025,20,BEXAR COUNTY,15807,SOUTHWEST PREPARATORY SCHOOL,OPEN ENROLLMENT CHARTER,Hispanic/Latino,576
2024-2025,20,BEXAR COUNTY,15807,SOUTHWEST PREPARATORY SCHOOL,OPEN ENROLLMENT CHARTER,Two or more races,20
2024-2025,20,BEXAR COUNTY,15807,SOUTHWEST PREPARATORY SCHOOL,OPEN ENROLLMENT CHARTER,White,150
2024-2025,4,HARRIS COUNTY,101838,SOUTHWEST PUBLIC SCHOOLS,OPEN ENROLLMENT CHARTER,American Indian or Alaska Nat,<10
2024-2025,4,HARRIS COUNTY,101838,SOUTHWEST PUBLIC SCHOOLS,OPEN ENROLLMENT CHARTER,Asian,<10
2024-2025,4,HARRIS COUNTY,101838,SOUTHWEST PUBLIC SCHOOLS,OPEN ENROLLMENT CHARTER,Black or African American,116
2024-2025,4,HARRIS COUNTY,101838,SOUTHWEST PUBLIC SCHOOLS,OPEN ENROLLMENT CHARTER,Hispanic/Latino,1674
2024-2025,4,HARRIS COUNTY,101838,SOUTHWEST PUBLIC SCHOOLS,OPEN ENROLLMENT CHARTER,Native Hawaiian/Other Pacific,<10
2024-2025,4,HARRIS COUNTY,101838,SOUTHWEST PUBLIC SCHOOLS,OPEN ENROLLMENT CHARTER,Two or more races,<10
2024-2025,4,HARRIS COUNTY,101838,SOUTHWEST PUBLIC SCHOOLS,OPEN ENROLLMENT CHARTER,White,56
2024-2025,16,HANSFORD COUNTY,98904,SPEARMAN ISD,TRADITIONAL ISD/CSD,Black or African American,<10
2024-2025,16,HANSFORD COUNTY,98904,SPEARMAN ISD,TRADITIONAL ISD/CSD,Hispanic/Latino,473
2024-2025,16,HANSFORD COUNTY,98904,SPEARMAN ISD,TRADITIONAL ISD/CSD,Two or more races,<10
2024-2025,16,HANSFORD COUNTY,98904,SPEARMAN ISD,TRADITIONAL ISD/CSD,White,212
2024-2025,6,MONTGOMERY COUNTY,170907,SPLENDORA ISD,TRADITIONAL ISD/CSD,American Indian or Alaska Nat,<10
2024-2025,6,MONTGOMERY COUNTY,170907,SPLENDORA ISD,TRADITIONAL ISD/CSD,Asian,33
2024-2025,6,MONTGOMERY COUNTY,170907,SPLENDORA ISD,TRADITIONAL ISD/CSD,Black or African American,389
2024-2025,6,MONTGOMERY COUNTY,170907,SPLENDORA ISD,TRADITIONAL ISD/CSD,Hispanic/Latino,2754
2024-2025,6,MONTGOMERY COUNTY,170907,SPLENDORA ISD,TRADITIONAL ISD/CSD,Native Hawaiian/Other Pacific,<20
2024-2025,6,MONTGOMERY COUNTY,170907,SPLENDORA ISD,TRADITIONAL ISD/CSD,Two or more races,133
2024-2025,6,MONTGOMERY COUNTY,170907,SPLENDORA ISD,TRADITIONAL ISD/CSD,White,2364
2024-2025,4,HARRIS COUNTY,101920,SPRING BRANCH ISD,TRADITIONAL ISD/CSD,American Indian or Alaska Nat,164
2024-2025,4,HARRIS COUNTY,101920,SPRING BRANCH ISD,TRADITIONAL ISD/CSD,Asian,2302
2024-2025,4,HARRIS COUNTY,101920,SPRING BRANCH ISD,TRADITIONAL ISD/CSD,Black or African American,1740
2024-2025,4,HARRIS COUNTY,101920,SPRING BRANCH ISD,TRADITIONAL ISD/CSD,Hispanic/Latino,18118
2024-2025,4,HARRIS COUNTY,101920,SPRING BRANCH ISD,TRADITIONAL ISD/CSD,Native Hawaiian/Other Pacific,14
2024-2025,4,HARRIS COUNTY,101920,SPRING BRANCH ISD,TRADITIONAL ISD/CSD,Two or more races,1015
2024-2025,4,HARRIS COUNTY,101920,SPRING BRANCH ISD,TRADITIONAL ISD/CSD,White,9315
2024-2025,7,GREGG COUNTY,92907,SPRING HILL ISD,TRADITIONAL ISD/CSD,American Indian or Alaska Nat,<10
2024-2025,7,GREGG COUNTY,92907,SPRING HILL ISD,TRADITIONAL ISD/CSD,Asian,<50
2024-2025,7,GREGG COUNTY,92907,SPRING HILL ISD,TRADITIONAL ISD/CSD,Black or African American,196
2024-2025,7,GREGG COUNTY,92907,SPRING HILL ISD,TRADITIONAL ISD/CSD,Hispanic/Latino,423
2024-2025,7,GREGG COUNTY,92907,SPRING HILL ISD,TRADITIONAL ISD/CSD,Two or more races,79
2024-2025,7,GREGG COUNTY,92907,SPRING HILL ISD,TRADITIONAL ISD/CSD,White,1148
2024-2025,4,HARRIS COUNTY,101919,SPRING ISD,TRADITIONAL ISD/CSD,American Indian or Alaska Nat,255
2024-2025,4,HARRIS COUNTY,101919,SPRING ISD,TRADITIONAL ISD/CSD,Asian,622
2024-2025,4,HARRIS COUNTY,101919,SPRING ISD,TRADITIONAL ISD/CSD,Black or African American,12243
2024-2025,4,HARRIS COUNTY,101919,SPRING ISD,TRADITIONAL ISD/CSD,Hispanic/Latino,18131
2024-2025,4,HARRIS COUNTY,101919,SPRING ISD,TRADITIONAL ISD/CSD,Native Hawaiian/Other Pacific,101
2024-2025,4,HARRIS COUNTY,101919,SPRING ISD,TRADITIONAL ISD/CSD,Two or more races,876
2024-2025,4,HARRIS COUNTY,101919,SPRING ISD,TRADITIONAL ISD/CSD,White,1362
2024-2025,17,LAMB COUNTY,140907,SPRINGLAKE-EARTH ISD,TRADITIONAL ISD/CSD,Asian,<10
2024-2025,17,LAMB COUNTY,140907,SPRINGLAKE-EARTH ISD,TRADITIONAL ISD/CSD,Black or African American,<10
2024-2025,17,LAMB COUNTY,140907,SPRINGLAKE-EARTH ISD,TRADITIONAL ISD/CSD,Hispanic/Latino,174
2024-2025,17,LAMB COUNTY,140907,SPRINGLAKE-EARTH ISD,TRADITIONAL ISD/CSD,Two or more races,<10
2024-2025,17,LAMB COUNTY,140907,SPRINGLAKE-EARTH ISD,TRADITIONAL ISD/CSD,White,52
2024-2025,11,PARKER COUNTY,184902,SPRINGTOWN ISD,TRADITIONAL ISD/CSD,American Indian or Alaska Nat,30
2024-2025,11,PARKER COUNTY,184902,SPRINGTOWN ISD,TRADITIONAL ISD/CSD,Asian,<20
2024-2025,11,PARKER COUNTY,184902,SPRINGTOWN ISD,TRADITIONAL ISD/CSD,Black or African American,51
2024-2025,11,PARKER COUNTY,184902,SPRINGTOWN ISD,TRADITIONAL ISD/CSD,Hispanic/Latino,1100
2024-2025,11,PARKER COUNTY,184902,SPRINGTOWN ISD,TRADITIONAL ISD/CSD,Native Hawaiian/Other Pacific,<10
2024-2025,11,PARKER COUNTY,184902,SPRINGTOWN ISD,TRADITIONAL ISD/CSD,Two or more races,114
2024-2025,11,PARKER COUNTY,184902,SPRINGTOWN ISD,TRADITIONAL ISD/CSD,White,2876
2024-2025,17,DICKENS COUNTY,63903,SPUR ISD,TRADITIONAL ISD/CSD,Asian,<10
2024-2025,17,DICKENS COUNTY,63903,SPUR ISD,TRADITIONAL ISD/CSD,Black or African American,<10
2024-2025,17,DICKENS COUNTY,63903,SPUR ISD,TRADITIONAL ISD/CSD,Hispanic/Latino,76
2024-2025,17,DICKENS COUNTY,63903,SPUR ISD,TRADITIONAL ISD/CSD,Two or more races,<10
2024-2025,17,DICKENS COUNTY,63903,SPUR ISD,TRADITIONAL ISD/CSD,White,106
2024-2025,5,TYLER COUNTY,229905,SPURGER ISD,TRADITIONAL ISD/CSD,Asian,<10
2024-2025,5,TYLER COUNTY,229905,SPURGER ISD,TRADITIONAL ISD/CSD,Black or African American,<10
2024-2025,5,TYLER COUNTY,229905,SPURGER ISD,TRADITIONAL ISD/CSD,Hispanic/Latino,30
2024-2025,5,TYLER COUNTY,229905,SPURGER ISD,TRADITIONAL ISD/CSD,Native Hawaiian/Other Pacific,<10
2024-2025,5,TYLER COUNTY,229905,SPURGER ISD,TRADITIONAL ISD/CSD,Two or more races,11
2024-2025,5,TYLER COUNTY,229905,SPURGER ISD,TRADITIONAL ISD/CSD,White,345
2024-2025,10,DALLAS COUNTY,57836,ST ANTHONY SCHOOL,OPEN ENROLLMENT CHARTER,American Indian or Alaska Nat,<10
2024-2025,10,DALLAS COUNTY,57836,ST ANTHONY SCHOOL,OPEN ENROLLMENT CHARTER,Black or African American,310
2024-2025,10,DALLAS COUNTY,57836,ST ANTHONY SCHOOL,OPEN ENROLLMENT CHARTER,Hispanic/Latino,<10
2024-2025,10,DALLAS COUNTY,57836,ST ANTHONY SCHOOL,OPEN ENROLLMENT CHARTER,Two or more races,<10
2024-2025,2,BEE COUNTY,13801,ST MARY'S ACADEMY CHARTER SCHOOL,OPEN ENROLLMENT CHARTER,Asian,10
2024-2025,2,BEE COUNTY,13801,ST MARY'S ACADEMY CHARTER SCHOOL,OPEN ENROLLMENT CHARTER,Black or African American,<10
2024-2025,2,BEE COUNTY,13801,ST MARY'S ACADEMY CHARTER SCHOOL,OPEN ENROLLMENT CHARTER,Hispanic/Latino,240
2024-2025,2,BEE COUNTY,13801,ST MARY'S ACADEMY CHARTER SCHOOL,OPEN ENROLLMENT CHARTER,Two or more races,<10
2024-2025,2,BEE COUNTY,13801,ST MARY'S ACADEMY CHARTER SCHOOL,OPEN ENROLLMENT CHARTER,White,27
2024-2025,4,FORT BEND COUNTY,79910,STAFFORD MSD,TRADITIONAL ISD/CSD,American Indian or Alaska Nat,<30
2024-2025,4,FORT BEND COUNTY,79910,STAFFORD MSD,TRADITIONAL ISD/CSD,Asian,272
2024-2025,4,FORT BEND COUNTY,79910,STAFFORD MSD,TRADITIONAL ISD/CSD,Black or African American,1423
2024-2025,4,FORT BEND COUNTY,79910,STAFFORD MSD,TRADITIONAL ISD/CSD,Hispanic/Latino,1598
2024-2025,4,FORT BEND COUNTY,79910,STAFFORD MSD,TRADITIONAL ISD/CSD,Native Hawaiian/Other Pacific,<10
2024-2025,4,FORT BEND COUNTY,79910,STAFFORD MSD,TRADITIONAL ISD/CSD,Two or more races,61
2024-2025,4,FORT BEND COUNTY,79910,STAFFORD MSD,TRADITIONAL ISD/CSD,White,113
2024-2025,14,JONES COUNTY,127906,STAMFORD ISD,TRADITIONAL ISD/CSD,American Indian or Alaska Nat,<10
2024-2025,14,JONES COUNTY,127906,STAMFORD ISD,TRADITIONAL ISD/CSD,Asian,<10
2024-2025,14,JONES COUNTY,127906,STAMFORD ISD,TRADITIONAL ISD/CSD,Black or African American,25
2024-2025,14,JONES COUNTY,127906,STAMFORD ISD,TRADITIONAL ISD/CSD,Hispanic/Latino,326
2024-2025,14,JONES COUNTY,127906,STAMFORD ISD,TRADITIONAL ISD/CSD,Two or more races,18
2024-2025,14,JONES COUNTY,127906,STAMFORD ISD,TRADITIONAL ISD/CSD,White,211
2024-2025,18,MARTIN COUNTY,156902,STANTON ISD,TRADITIONAL ISD/CSD,American Indian or Alaska Nat,<10
2024-2025,18,MARTIN COUNTY,156902,STANTON ISD,TRADITIONAL ISD/CSD,Asian,<10
2024-2025,18,MARTIN COUNTY,156902,STANTON ISD,TRADITIONAL ISD/CSD,Black or African American,<10
2024-2025,18,MARTIN COUNTY,156902,STANTON ISD,TRADITIONAL ISD/CSD,Hispanic/Latino,765
2024-2025,18,MARTIN COUNTY,156902,STANTON ISD,TRADITIONAL ISD/CSD,Two or more races,10
2024-2025,18,MARTIN COUNTY,156902,STANTON ISD,TRADITIONAL ISD/CSD,White,269
2024-2025,4,HARRIS COUNTY,101859,STEP CHARTER SCHOOL,OPEN ENROLLMENT CHARTER,American Indian or Alaska Nat,<10
2024-2025,4,HARRIS COUNTY,101859,STEP CHARTER SCHOOL,OPEN ENROLLMENT CHARTER,Asian,68
2024-2025,4,HARRIS COUNTY,101859,STEP CHARTER SCHOOL,OPEN ENROLLMENT CHARTER,Black or African American,145
2024-2025,4,HARRIS COUNTY,101859,STEP CHARTER SCHOOL,OPEN ENROLLMENT CHARTER,Hispanic/Latino,446
2024-2025,4,HARRIS COUNTY,101859,STEP CHARTER SCHOOL,OPEN ENROLLMENT CHARTER,Two or more races,<10
2024-2025,4,HARRIS COUNTY,101859,STEP CHARTER SCHOOL,OPEN ENROLLMENT CHARTER,White,22
2024-2025,7,NACOGDOCHES COUNTY,174801,STEPHEN F AUSTIN STATE UNIVERSITY CHARTER SCHOOL,OPEN ENROLLMENT CHARTER,Asian,<10
2024-2025,7,NACOGDOCHES COUNTY,174801,STEPHEN F AUSTIN STATE UNIVERSITY CHARTER SCHOOL,OPEN ENROLLMENT CHARTER,Black or African American,14
2024-2025,7,NACOGDOCHES COUNTY,174801,STEPHEN F AUSTIN STATE UNIVERSITY CHARTER SCHOOL,OPEN ENROLLMENT CHARTER,Hispanic/Latino,57
2024-2025,7,NACOGDOCHES COUNTY,174801,STEPHEN F AUSTIN STATE UNIVERSITY CHARTER SCHOOL,OPEN ENROLLMENT CHARTER,Two or more races,<20
2024-2025,7,NACOGDOCHES COUNTY,174801,STEPHEN F AUSTIN STATE UNIVERSITY CHARTER SCHOOL,OPEN ENROLLMENT CHARTER,White,169
2024-2025,11,ERATH COUNTY,72903,STEPHENVILLE ISD,TRADITIONAL ISD/CSD,American Indian or Alaska Nat,<20
2024-2025,11,ERATH COUNTY,72903,STEPHENVILLE ISD,TRADITIONAL ISD/CSD,Asian,42
2024-2025,11,ERATH COUNTY,72903,STEPHENVILLE ISD,TRADITIONAL ISD/CSD,Black or African American,42
2024-2025,11,ERATH COUNTY,72903,STEPHENVILLE ISD,TRADITIONAL ISD/CSD,Hispanic/Latino,1391
2024-2025,11,ERATH COUNTY,72903,STEPHENVILLE ISD,TRADITIONAL ISD/CSD,Native Hawaiian/Other Pacific,<10
2024-2025,11,ERATH COUNTY,72903,STEPHENVILLE ISD,TRADITIONAL ISD/CSD,Two or more races,145
2024-2025,11,ERATH COUNTY,72903,STEPHENVILLE ISD,TRADITIONAL ISD/CSD,White,1937
2024-2025,15,STERLING COUNTY,216901,STERLING CITY ISD,TRADITIONAL ISD/CSD,American Indian or Alaska Nat,<10
2024-2025,15,STERLING COUNTY,216901,STERLING CITY ISD,TRADITIONAL ISD/CSD,Asian,<10
2024-2025,15,STERLING COUNTY,216901,STERLING CITY ISD,TRADITIONAL ISD/CSD,Black or African American,<10
2024-2025,15,STERLING COUNTY,216901,STERLING CITY ISD,TRADITIONAL ISD/CSD,Hispanic/Latino,169
2024-2025,15,STERLING COUNTY,216901,STERLING CITY ISD,TRADITIONAL ISD/CSD,Two or more races,<10
2024-2025,15,STERLING COUNTY,216901,STERLING CITY ISD,TRADITIONAL ISD/CSD,White,176
2024-2025,20,WILSON COUNTY,247906,STOCKDALE ISD,TRADITIONAL ISD/CSD,American Indian or Alaska Nat,<10
2024-2025,20,WILSON COUNTY,247906,STOCKDALE ISD,TRADITIONAL ISD/CSD,Black or African American,<10
2024-2025,20,WILSON COUNTY,247906,STOCKDALE ISD,TRADITIONAL ISD/CSD,Hispanic/Latino,378
2024-2025,20,WILSON COUNTY,247906,STOCKDALE ISD,TRADITIONAL ISD/CSD,Two or more races,26
2024-2025,20,WILSON COUNTY,247906,STOCKDALE ISD,TRADITIONAL ISD/CSD,White,449
2024-2025,16,SHERMAN COUNTY,211902,STRATFORD ISD,TRADITIONAL ISD/CSD,American Indian or Alaska Nat,<10
2024-2025,16,SHERMAN COUNTY,211902,STRATFORD ISD,TRADITIONAL ISD/CSD,Asian,<10
2024-2025,16,SHERMAN COUNTY,211902,STRATFORD ISD,TRADITIONAL ISD/CSD,Black or African American,<10
2024-2025,16,SHERMAN COUNTY,211902,STRATFORD ISD,TRADITIONAL ISD/CSD,Hispanic/Latino,330
2024-2025,16,SHERMAN COUNTY,211902,STRATFORD ISD,TRADITIONAL ISD/CSD,Two or more races,<10
2024-2025,16,SHERMAN COUNTY,211902,STRATFORD ISD,TRADITIONAL ISD/CSD,White,181
2024-2025,11,PALO PINTO COUNTY,182905,STRAWN ISD,TRADITIONAL ISD/CSD,American Indian or Alaska Nat,<10
2024-2025,11,PALO PINTO COUNTY,182905,STRAWN ISD,TRADITIONAL ISD/CSD,Asian,<10
2024-2025,11,PALO PINTO COUNTY,182905,STRAWN ISD,TRADITIONAL ISD/CSD,Hispanic/Latino,73
2024-2025,11,PALO PINTO COUNTY,182905,STRAWN ISD,TRADITIONAL ISD/CSD,Two or more races,12
2024-2025,11,PALO PINTO COUNTY,182905,STRAWN ISD,TRADITIONAL ISD/CSD,White,83
2024-2025,17,LAMB COUNTY,140908,SUDAN ISD,TRADITIONAL ISD/CSD,Asian,<10
2024-2025,17,LAMB COUNTY,140908,SUDAN ISD,TRADITIONAL ISD/CSD,Black or African American,<10
2024-2025,17,LAMB COUNTY,140908,SUDAN ISD,TRADITIONAL ISD/CSD,Hispanic/Latino,226
2024-2025,17,LAMB COUNTY,140908,SUDAN ISD,TRADITIONAL ISD/CSD,Two or more races,<10
2024-2025,17,LAMB COUNTY,140908,SUDAN ISD,TRADITIONAL ISD/CSD,White,210
2024-2025,8,HOPKINS COUNTY,112910,SULPHUR BLUFF ISD,TRADITIONAL ISD/CSD,Asian,<10
2024-2025,8,HOPKINS COUNTY,112910,SULPHUR BLUFF ISD,TRADITIONAL ISD/CSD,Black or African American,<10
2024-2025,8,HOPKINS COUNTY,112910,SULPHUR BLUFF ISD,TRADITIONAL ISD/CSD,Hispanic/Latino,35
2024-2025,8,HOPKINS COUNTY,112910,SULPHUR BLUFF ISD,TRADITIONAL ISD/CSD,Two or more races,<10
2024-2025,8,HOPKINS COUNTY,112910,SULPHUR BLUFF ISD,TRADITIONAL ISD/CSD,White,164
2024-2025,8,HOPKINS COUNTY,112901,SULPHUR SPRINGS ISD,TRADITIONAL ISD/CSD,American Indian or Alaska Nat,13
2024-2025,8,HOPKINS COUNTY,112901,SULPHUR SPRINGS ISD,TRADITIONAL ISD/CSD,Asian,35
2024-2025,8,HOPKINS COUNTY,112901,SULPHUR SPRINGS ISD,TRADITIONAL ISD/CSD,Black or African American,425
2024-2025,8,HOPKINS COUNTY,112901,SULPHUR SPRINGS ISD,TRADITIONAL ISD/CSD,Hispanic/Latino,1374
2024-2025,8,HOPKINS COUNTY,112901,SULPHUR SPRINGS ISD,TRADITIONAL ISD/CSD,Native Hawaiian/Other Pacific,11
2024-2025,8,HOPKINS COUNTY,112901,SULPHUR SPRINGS ISD,TRADITIONAL ISD/CSD,Two or more races,230
2024-2025,8,HOPKINS COUNTY,112901,SULPHUR SPRINGS ISD,TRADITIONAL ISD/CSD,White,2128
2024-2025,17,HOCKLEY COUNTY,110907,SUNDOWN ISD,TRADITIONAL ISD/CSD,Asian,<10
2024-2025,17,HOCKLEY COUNTY,110907,SUNDOWN ISD,TRADITIONAL ISD/CSD,Black or African American,<10
2024-2025,17,HOCKLEY COUNTY,110907,SUNDOWN ISD,TRADITIONAL ISD/CSD,Hispanic/Latino,334
2024-2025,17,HOCKLEY COUNTY,110907,SUNDOWN ISD,TRADITIONAL ISD/CSD,Two or more races,<10
2024-2025,17,HOCKLEY COUNTY,110907,SUNDOWN ISD,TRADITIONAL ISD/CSD,White,202
2024-2025,10,DALLAS COUNTY,57919,SUNNYVALE ISD,TRADITIONAL ISD/CSD,American Indian or Alaska Nat,<10
2024-2025,10,DALLAS COUNTY,57919,SUNNYVALE ISD,TRADITIONAL ISD/CSD,Asian,584
2024-2025,10,DALLAS COUNTY,57919,SUNNYVALE ISD,TRADITIONAL ISD/CSD,Black or African American,232
2024-2025,10,DALLAS COUNTY,57919,SUNNYVALE ISD,TRADITIONAL ISD/CSD,Hispanic/Latino,410
2024-2025,10,DALLAS COUNTY,57919,SUNNYVALE ISD,TRADITIONAL ISD/CSD,Native Hawaiian/Other Pacific,<10
2024-2025,10,DALLAS COUNTY,57919,SUNNYVALE ISD,TRADITIONAL ISD/CSD,Two or more races,91
2024-2025,10,DALLAS COUNTY,57919,SUNNYVALE ISD,TRADITIONAL ISD/CSD,White,979
2024-2025,16,MOORE COUNTY,171902,SUNRAY COLLEGIATE ISD,TRADITIONAL ISD/CSD,American Indian or Alaska Nat,<10
2024-2025,16,MOORE COUNTY,171902,SUNRAY COLLEGIATE ISD,TRADITIONAL ISD/CSD,Black or African American,<10
2024-2025,16,MOORE COUNTY,171902,SUNRAY COLLEGIATE ISD,TRADITIONAL ISD/CSD,Hispanic/Latino,362
2024-2025,16,MOORE COUNTY,171902,SUNRAY COLLEGIATE ISD,TRADITIONAL ISD/CSD,Native Hawaiian/Other Pacific,<10
2024-2025,16,MOORE COUNTY,171902,SUNRAY COLLEGIATE ISD,TRADITIONAL ISD/CSD,Two or more races,<10
2024-2025,16,MOORE COUNTY,171902,SUNRAY COLLEGIATE ISD,TRADITIONAL ISD/CSD,White,217
2024-2025,4,BRAZORIA COUNTY,20906,SWEENY ISD,TRADITIONAL ISD/CSD,American Indian or Alaska Nat,<10
2024-2025,4,BRAZORIA COUNTY,20906,SWEENY ISD,TRADITIONAL ISD/CSD,Asian,<10
2024-2025,4,BRAZORIA COUNTY,20906,SWEENY ISD,TRADITIONAL ISD/CSD,Black or African American,184
2024-2025,4,BRAZORIA COUNTY,20906,SWEENY ISD,TRADITIONAL ISD/CSD,Hispanic/Latino,497
2024-2025,4,BRAZORIA COUNTY,20906,SWEENY ISD,TRADITIONAL ISD/CSD,Native Hawaiian/Other Pacific,<10
2024-2025,4,BRAZORIA COUNTY,20906,SWEENY ISD,TRADITIONAL ISD/CSD,Two or more races,97
2024-2025,4,BRAZORIA COUNTY,20906,SWEENY ISD,TRADITIONAL ISD/CSD,White,1132
2024-2025,3,LAVACA COUNTY,143905,SWEET HOME ISD,TRADITIONAL ISD/CSD,Black or African American,<10
2024-2025,3,LAVACA COUNTY,143905,SWEET HOME ISD,TRADITIONAL ISD/CSD,Hispanic/Latino,21
2024-2025,3,LAVACA COUNTY,143905,SWEET HOME ISD,TRADITIONAL ISD/CSD,Two or more races,<10
2024-2025,3,LAVACA COUNTY,143905,SWEET HOME ISD,TRADITIONAL ISD/CSD,White,129
2024-2025,14,NOLAN COUNTY,177902,SWEETWATER ISD,TRADITIONAL ISD/CSD,American Indian or Alaska Nat,<10
2024-2025,14,NOLAN COUNTY,177902,SWEETWATER ISD,TRADITIONAL ISD/CSD,Asian,15
2024-2025,14,NOLAN COUNTY,177902,SWEETWATER ISD,TRADITIONAL ISD/CSD,Black or African American,91
2024-2025,14,NOLAN COUNTY,177902,SWEETWATER ISD,TRADITIONAL ISD/CSD,Hispanic/Latino,985
2024-2025,14,NOLAN COUNTY,177902,SWEETWATER ISD,TRADITIONAL ISD/CSD,Native Hawaiian/Other Pacific,<10
2024-2025,14,NOLAN COUNTY,177902,SWEETWATER ISD,TRADITIONAL ISD/CSD,Two or more races,51
2024-2025,14,NOLAN COUNTY,177902,SWEETWATER ISD,TRADITIONAL ISD/CSD,White,658
2024-2025,2,SAN PATRICIO COUNTY,205907,TAFT ISD,TRADITIONAL ISD/CSD,American Indian or Alaska Nat,<10
2024-2025,2,SAN PATRICIO COUNTY,205907,TAFT ISD,TRADITIONAL ISD/CSD,Asian,<10
2024-2025,2,SAN PATRICIO COUNTY,205907,TAFT ISD,TRADITIONAL ISD/CSD,Black or African American,<10
2024-2025,2,SAN PATRICIO COUNTY,205907,TAFT ISD,TRADITIONAL ISD/CSD,Hispanic/Latino,679
2024-2025,2,SAN PATRICIO COUNTY,205907,TAFT ISD,TRADITIONAL ISD/CSD,Native Hawaiian/Other Pacific,<10
2024-2025,2,SAN PATRICIO COUNTY,205907,TAFT ISD,TRADITIONAL ISD/CSD,Two or more races,<10
2024-2025,2,SAN PATRICIO COUNTY,205907,TAFT ISD,TRADITIONAL ISD/CSD,White,122
2024-2025,17,LYNN COUNTY,153904,TAHOKA ISD,TRADITIONAL ISD/CSD,American Indian or Alaska Nat,<10
2024-2025,17,LYNN COUNTY,153904,TAHOKA ISD,TRADITIONAL ISD/CSD,Black or African American,<20
2024-2025,17,LYNN COUNTY,153904,TAHOKA ISD,TRADITIONAL ISD/CSD,Hispanic/Latino,370
2024-2025,17,LYNN COUNTY,153904,TAHOKA ISD,TRADITIONAL ISD/CSD,Two or more races,15
2024-2025,17,LYNN COUNTY,153904,TAHOKA ISD,TRADITIONAL ISD/CSD,White,213
2024-2025,4,LIBERTY COUNTY,146907,TARKINGTON ISD,TRADITIONAL ISD/CSD,American Indian or Alaska Nat,<10
2024-2025,4,LIBERTY COUNTY,146907,TARKINGTON ISD,TRADITIONAL ISD/CSD,Asian,<10
2024-2025,4,LIBERTY COUNTY,146907,TARKINGTON ISD,TRADITIONAL ISD/CSD,Black or African American,13
2024-2025,4,LIBERTY COUNTY,146907,TARKINGTON ISD,TRADITIONAL ISD/CSD,Hispanic/Latino,406
2024-2025,4,LIBERTY COUNTY,146907,TARKINGTON ISD,TRADITIONAL ISD/CSD,Native Hawaiian/Other Pacific,<10
2024-2025,4,LIBERTY COUNTY,146907,TARKINGTON ISD,TRADITIONAL ISD/CSD,Two or more races,59
2024-2025,4,LIBERTY COUNTY,146907,TARKINGTON ISD,TRADITIONAL ISD/CSD,White,1417
2024-2025,7,RUSK COUNTY,201910,TATUM ISD,TRADITIONAL ISD/CSD,American Indian or Alaska Nat,<10
2024-2025,7,RUSK COUNTY,201910,TATUM ISD,TRADITIONAL ISD/CSD,Asian,<10
2024-2025,7,RUSK COUNTY,201910,TATUM ISD,TRADITIONAL ISD/CSD,Black or African American,213
2024-2025,7,RUSK COUNTY,201910,TATUM ISD,TRADITIONAL ISD/CSD,Hispanic/Latino,501
2024-2025,7,RUSK COUNTY,201910,TATUM ISD,TRADITIONAL ISD/CSD,Two or more races,70
2024-2025,7,RUSK COUNTY,201910,TATUM ISD,TRADITIONAL ISD/CSD,White,598
2024-2025,13,WILLIAMSON COUNTY,246911,TAYLOR ISD,TRADITIONAL ISD/CSD,American Indian or Alaska Nat,<10
2024-2025,13,WILLIAMSON COUNTY,246911,TAYLOR ISD,TRADITIONAL ISD/CSD,Asian,21
2024-2025,13,WILLIAMSON COUNTY,246911,TAYLOR ISD,TRADITIONAL ISD/CSD,Black or African American,238
2024-2025,13,WILLIAMSON COUNTY,246911,TAYLOR ISD,TRADITIONAL ISD/CSD,Hispanic/Latino,1898
2024-2025,13,WILLIAMSON COUNTY,246911,TAYLOR ISD,TRADITIONAL ISD/CSD,Native Hawaiian/Other Pacific,<10
2024-2025,13,WILLIAMSON COUNTY,246911,TAYLOR ISD,TRADITIONAL ISD/CSD,Two or more races,77
2024-2025,13,WILLIAMSON COUNTY,246911,TAYLOR ISD,TRADITIONAL ISD/CSD,White,685
2024-2025,12,FREESTONE COUNTY,81904,TEAGUE ISD,TRADITIONAL ISD/CSD,American Indian or Alaska Nat,<10
2024-2025,12,FREESTONE COUNTY,81904,TEAGUE ISD,TRADITIONAL ISD/CSD,Asian,<10
2024-2025,12,FREESTONE COUNTY,81904,TEAGUE ISD,TRADITIONAL ISD/CSD,Black or African American,135
2024-2025,12,FREESTONE COUNTY,81904,TEAGUE ISD,TRADITIONAL ISD/CSD,Hispanic/Latino,405
2024-2025,12,FREESTONE COUNTY,81904,TEAGUE ISD,TRADITIONAL ISD/CSD,Native Hawaiian/Other Pacific,<10
2024-2025,12,FREESTONE COUNTY,81904,TEAGUE ISD,TRADITIONAL ISD/CSD,Two or more races,48
2024-2025,12,FREESTONE COUNTY,81904,TEAGUE ISD,TRADITIONAL ISD/CSD,White,614
2024-2025,5,JEFFERSON COUNTY,123803,TEKOA ACADEMY OF ACCELERATED STUDIES STEM SCHOOL,OPEN ENROLLMENT CHARTER,Black or African American,374
2024-2025,5,JEFFERSON COUNTY,123803,TEKOA ACADEMY OF ACCELERATED STUDIES STEM SCHOOL,OPEN ENROLLMENT CHARTER,Hispanic/Latino,24
2024-2025,5,JEFFERSON COUNTY,123803,TEKOA ACADEMY OF ACCELERATED STUDIES STEM SCHOOL,OPEN ENROLLMENT CHARTER,Two or more races,<10
2024-2025,5,JEFFERSON COUNTY,123803,TEKOA ACADEMY OF ACCELERATED STUDIES STEM SCHOOL,OPEN ENROLLMENT CHARTER,White,<20
2024-2025,12,BELL COUNTY,14909,TEMPLE ISD,TRADITIONAL ISD/CSD,American Indian or Alaska Nat,25
2024-2025,12,BELL COUNTY,14909,TEMPLE ISD,TRADITIONAL ISD/CSD,Asian,173
2024-2025,12,BELL COUNTY,14909,TEMPLE ISD,TRADITIONAL ISD/CSD,Black or African American,1926
2024-2025,12,BELL COUNTY,14909,TEMPLE ISD,TRADITIONAL ISD/CSD,Hispanic/Latino,4285
2024-2025,12,BELL COUNTY,14909,TEMPLE ISD,TRADITIONAL ISD/CSD,Native Hawaiian/Other Pacific,27
2024-2025,12,BELL COUNTY,14909,TEMPLE ISD,TRADITIONAL ISD/CSD,Two or more races,524
2024-2025,12,BELL COUNTY,14909,TEMPLE ISD,TRADITIONAL ISD/CSD,White,1804
2024-2025,7,SHELBY COUNTY,210904,TENAHA ISD,TRADITIONAL ISD/CSD,Asian,<10
2024-2025,7,SHELBY COUNTY,210904,TENAHA ISD,TRADITIONAL ISD/CSD,Black or African American,101
2024-2025,7,SHELBY COUNTY,210904,TENAHA ISD,TRADITIONAL ISD/CSD,Hispanic/Latino,216
2024-2025,7,SHELBY COUNTY,210904,TENAHA ISD,TRADITIONAL ISD/CSD,Two or more races,<10
2024-2025,7,SHELBY COUNTY,210904,TENAHA ISD,TRADITIONAL ISD/CSD,White,90
2024-2025,18,BREWSTER COUNTY,22004,TERLINGUA CSD,TRADITIONAL ISD/CSD,Black or African American,<10
2024-2025,18,BREWSTER COUNTY,22004,TERLINGUA CSD,TRADITIONAL ISD/CSD,Hispanic/Latino,99
2024-2025,18,BREWSTER COUNTY,22004,TERLINGUA CSD,TRADITIONAL ISD/CSD,White,<30
2024-2025,18,TERRELL COUNTY,222901,TERRELL COUNTY ISD,TRADITIONAL ISD/CSD,Black or African American,<10
2024-2025,18,TERRELL COUNTY,222901,TERRELL COUNTY ISD,TRADITIONAL ISD/CSD,Hispanic/Latino,62
2024-2025,18,TERRELL COUNTY,222901,TERRELL COUNTY ISD,TRADITIONAL ISD/CSD,Two or more races,<10
2024-2025,18,TERRELL COUNTY,222901,TERRELL COUNTY ISD,TRADITIONAL ISD/CSD,White,47
2024-2025,10,KAUFMAN COUNTY,129906,TERRELL ISD,TRADITIONAL ISD/CSD,American Indian or Alaska Nat,<10
2024-2025,10,KAUFMAN COUNTY,129906,TERRELL ISD,TRADITIONAL ISD/CSD,Asian,20
2024-2025,10,KAUFMAN COUNTY,129906,TERRELL ISD,TRADITIONAL ISD/CSD,Black or African American,1003
2024-2025,10,KAUFMAN COUNTY,129906,TERRELL ISD,TRADITIONAL ISD/CSD,Hispanic/Latino,3008
2024-2025,10,KAUFMAN COUNTY,129906,TERRELL ISD,TRADITIONAL ISD/CSD,Native Hawaiian/Other Pacific,<10
2024-2025,10,KAUFMAN COUNTY,129906,TERRELL ISD,TRADITIONAL ISD/CSD,Two or more races,244
2024-2025,10,KAUFMAN COUNTY,129906,TERRELL ISD,TRADITIONAL ISD/CSD,White,997
2024-2025,10,DALLAS COUNTY,57804,TEXANS CAN ACADEMIES,OPEN ENROLLMENT CHARTER,American Indian or Alaska Nat,<10
2024-2025,10,DALLAS COUNTY,57804,TEXANS CAN ACADEMIES,OPEN ENROLLMENT CHARTER,Asian,17
2024-2025,10,DALLAS COUNTY,57804,TEXANS CAN ACADEMIES,OPEN ENROLLMENT CHARTER,Black or African American,1114
2024-2025,10,DALLAS COUNTY,57804,TEXANS CAN ACADEMIES,OPEN ENROLLMENT CHARTER,Hispanic/Latino,2255
2024-2025,10,DALLAS COUNTY,57804,TEXANS CAN ACADEMIES,OPEN ENROLLMENT CHARTER,Native Hawaiian/Other Pacific,<10
2024-2025,10,DALLAS COUNTY,57804,TEXANS CAN ACADEMIES,OPEN ENROLLMENT CHARTER,Two or more races,14
2024-2025,10,DALLAS COUNTY,57804,TEXANS CAN ACADEMIES,OPEN ENROLLMENT CHARTER,White,69
2024-2025,8,BOWIE COUNTY,19907,TEXARKANA ISD,TRADITIONAL ISD/CSD,American Indian or Alaska Nat,<30
2024-2025,8,BOWIE COUNTY,19907,TEXARKANA ISD,TRADITIONAL ISD/CSD,Asian,94
2024-2025,8,BOWIE COUNTY,19907,TEXARKANA ISD,TRADITIONAL ISD/CSD,Black or African American,3145
2024-2025,8,BOWIE COUNTY,19907,TEXARKANA ISD,TRADITIONAL ISD/CSD,Hispanic/Latino,1523
2024-2025,8,BOWIE COUNTY,19907,TEXARKANA ISD,TRADITIONAL ISD/CSD,Native Hawaiian/Other Pacific,<10
2024-2025,8,BOWIE COUNTY,19907,TEXARKANA ISD,TRADITIONAL ISD/CSD,Two or more races,473
2024-2025,8,BOWIE COUNTY,19907,TEXARKANA ISD,TRADITIONAL ISD/CSD,White,2000
2024-2025,4,GALVESTON COUNTY,84906,TEXAS CITY ISD,TRADITIONAL ISD/CSD,American Indian or Alaska Nat,<20
2024-2025,4,GALVESTON COUNTY,84906,TEXAS CITY ISD,TRADITIONAL ISD/CSD,Asian,31
2024-2025,4,GALVESTON COUNTY,84906,TEXAS CITY ISD,TRADITIONAL ISD/CSD,Black or African American,2191
2024-2025,4,GALVESTON COUNTY,84906,TEXAS CITY ISD,TRADITIONAL ISD/CSD,Hispanic/Latino,3689
2024-2025,4,GALVESTON COUNTY,84906,TEXAS CITY ISD,TRADITIONAL ISD/CSD,Native Hawaiian/Other Pacific,<10
2024-2025,4,GALVESTON COUNTY,84906,TEXAS CITY ISD,TRADITIONAL ISD/CSD,Two or more races,395
2024-2025,4,GALVESTON COUNTY,84906,TEXAS CITY ISD,TRADITIONAL ISD/CSD,White,1386
2024-2025,14,TAYLOR COUNTY,221801,TEXAS COLLEGE PREPARATORY ACADEMIES,OPEN ENROLLMENT CHARTER,American Indian or Alaska Nat,57
2024-2025,14,TAYLOR COUNTY,221801,TEXAS COLLEGE PREPARATORY ACADEMIES,OPEN ENROLLMENT CHARTER,Asian,1804
2024-2025,14,TAYLOR COUNTY,221801,TEXAS COLLEGE PREPARATORY ACADEMIES,OPEN ENROLLMENT CHARTER,Black or African American,2535
2024-2025,14,TAYLOR COUNTY,221801,TEXAS COLLEGE PREPARATORY ACADEMIES,OPEN ENROLLMENT CHARTER,Hispanic/Latino,5218
2024-2025,14,TAYLOR COUNTY,221801,TEXAS COLLEGE PREPARATORY ACADEMIES,OPEN ENROLLMENT CHARTER,Native Hawaiian/Other Pacific,28
2024-2025,14,TAYLOR COUNTY,221801,TEXAS COLLEGE PREPARATORY ACADEMIES,OPEN ENROLLMENT CHARTER,Two or more races,831
2024-2025,14,TAYLOR COUNTY,221801,TEXAS COLLEGE PREPARATORY ACADEMIES,OPEN ENROLLMENT CHARTER,White,6129
2024-2025,13,TRAVIS COUNTY,227805,TEXAS EMPOWERMENT ACADEMY,OPEN ENROLLMENT CHARTER,American Indian or Alaska Nat,<10
2024-2025,13,TRAVIS COUNTY,227805,TEXAS EMPOWERMENT ACADEMY,OPEN ENROLLMENT CHARTER,Asian,<10
2024-2025,13,TRAVIS COUNTY,227805,TEXAS EMPOWERMENT ACADEMY,OPEN ENROLLMENT CHARTER,Black or African American,619
2024-2025,13,TRAVIS COUNTY,227805,TEXAS EMPOWERMENT ACADEMY,OPEN ENROLLMENT CHARTER,Hispanic/Latino,68
2024-2025,13,TRAVIS COUNTY,227805,TEXAS EMPOWERMENT ACADEMY,OPEN ENROLLMENT CHARTER,Two or more races,23
2024-2025,13,TRAVIS COUNTY,227805,TEXAS EMPOWERMENT ACADEMY,OPEN ENROLLMENT CHARTER,White,<10
2024-2025,15,TOM GREEN COUNTY,226801,TEXAS LEADERSHIP PUBLIC SCHOOLS,OPEN ENROLLMENT CHARTER,American Indian or Alaska Nat,<10
2024-2025,15,TOM GREEN COUNTY,226801,TEXAS LEADERSHIP PUBLIC SCHOOLS,OPEN ENROLLMENT CHARTER,Asian,52
2024-2025,15,TOM GREEN COUNTY,226801,TEXAS LEADERSHIP PUBLIC SCHOOLS,OPEN ENROLLMENT CHARTER,Black or African American,894
2024-2025,15,TOM GREEN COUNTY,226801,TEXAS LEADERSHIP PUBLIC SCHOOLS,OPEN ENROLLMENT CHARTER,Hispanic/Latino,2168
2024-2025,15,TOM GREEN COUNTY,226801,TEXAS LEADERSHIP PUBLIC SCHOOLS,OPEN ENROLLMENT CHARTER,Native Hawaiian/Other Pacific,<10
2024-2025,15,TOM GREEN COUNTY,226801,TEXAS LEADERSHIP PUBLIC SCHOOLS,OPEN ENROLLMENT CHARTER,Two or more races,169
2024-2025,15,TOM GREEN COUNTY,226801,TEXAS LEADERSHIP PUBLIC SCHOOLS,OPEN ENROLLMENT CHARTER,White,912
2024-2025,13,HAYS COUNTY,105802,TEXAS PREPARATORY SCHOOL,OPEN ENROLLMENT CHARTER,American Indian or Alaska Nat,<10
2024-2025,13,HAYS COUNTY,105802,TEXAS PREPARATORY SCHOOL,OPEN ENROLLMENT CHARTER,Asian,<10
2024-2025,13,HAYS COUNTY,105802,TEXAS PREPARATORY SCHOOL,OPEN ENROLLMENT CHARTER,Black or African American,24
2024-2025,13,HAYS COUNTY,105802,TEXAS PREPARATORY SCHOOL,OPEN ENROLLMENT CHARTER,Hispanic/Latino,29
2024-2025,13,HAYS COUNTY,105802,TEXAS PREPARATORY SCHOOL,OPEN ENROLLMENT CHARTER,Two or more races,<10
2024-2025,11,TARRANT COUNTY,220814,TEXAS SCHOOL OF THE ARTS,OPEN ENROLLMENT CHARTER,Asian,18
2024-2025,11,TARRANT COUNTY,220814,TEXAS SCHOOL OF THE ARTS,OPEN ENROLLMENT CHARTER,Black or African American,81
2024-2025,11,TARRANT COUNTY,220814,TEXAS SCHOOL OF THE ARTS,OPEN ENROLLMENT CHARTER,Hispanic/Latino,122
2024-2025,11,TARRANT COUNTY,220814,TEXAS SCHOOL OF THE ARTS,OPEN ENROLLMENT CHARTER,Two or more races,21
2024-2025,11,TARRANT COUNTY,220814,TEXAS SCHOOL OF THE ARTS,OPEN ENROLLMENT CHARTER,White,95
2024-2025,17,LUBBOCK COUNTY,152504,TEXAS TECH UNIVERSITY K-12,TRADITIONAL ISD/CSD,American Indian or Alaska Nat,<10
2024-2025,17,LUBBOCK COUNTY,152504,TEXAS TECH UNIVERSITY K-12,TRADITIONAL ISD/CSD,Asian,37
2024-2025,17,LUBBOCK COUNTY,152504,TEXAS TECH UNIVERSITY K-12,TRADITIONAL ISD/CSD,Black or African American,56
2024-2025,17,LUBBOCK COUNTY,152504,TEXAS TECH UNIVERSITY K-12,TRADITIONAL ISD/CSD,Hispanic/Latino,171
2024-2025,17,LUBBOCK COUNTY,152504,TEXAS TECH UNIVERSITY K-12,TRADITIONAL ISD/CSD,Native Hawaiian/Other Pacific,<10
2024-2025,17,LUBBOCK COUNTY,152504,TEXAS TECH UNIVERSITY K-12,TRADITIONAL ISD/CSD,Two or more races,31
2024-2025,17,LUBBOCK COUNTY,152504,TEXAS TECH UNIVERSITY K-12,TRADITIONAL ISD/CSD,White,425
2024-2025,11,DENTON COUNTY,61806,TEXAS WORKS,OPEN ENROLLMENT CHARTER,American Indian or Alaska Nat,<10
2024-2025,11,DENTON COUNTY,61806,TEXAS WORKS,OPEN ENROLLMENT CHARTER,Asian,<10
2024-2025,11,DENTON COUNTY,61806,TEXAS WORKS,OPEN ENROLLMENT CHARTER,Black or African American,62
2024-2025,11,DENTON COUNTY,61806,TEXAS WORKS,OPEN ENROLLMENT CHARTER,Hispanic/Latino,318
2024-2025,11,DENTON COUNTY,61806,TEXAS WORKS,OPEN ENROLLMENT CHARTER,Native Hawaiian/Other Pacific,<10
2024-2025,11,DENTON COUNTY,61806,TEXAS WORKS,OPEN ENROLLMENT CHARTER,Two or more races,10
2024-2025,11,DENTON COUNTY,61806,TEXAS WORKS,OPEN ENROLLMENT CHARTER,White,53
2024-2025,16,SHERMAN COUNTY,211901,TEXHOMA ISD,TRADITIONAL ISD/CSD,Black or African American,<10
2024-2025,16,SHERMAN COUNTY,211901,TEXHOMA ISD,TRADITIONAL ISD/CSD,Hispanic/Latino,78
2024-2025,16,SHERMAN COUNTY,211901,TEXHOMA ISD,TRADITIONAL ISD/CSD,Two or more races,<10
2024-2025,16,SHERMAN COUNTY,211901,TEXHOMA ISD,TRADITIONAL ISD/CSD,White,60
2024-2025,16,DALLAM COUNTY,56902,TEXLINE ISD,TRADITIONAL ISD/CSD,American Indian or Alaska Nat,<10
2024-2025,16,DALLAM COUNTY,56902,TEXLINE ISD,TRADITIONAL ISD/CSD,Hispanic/Latino,99
2024-2025,16,DALLAM COUNTY,56902,TEXLINE ISD,TRADITIONAL ISD/CSD,Two or more races,<10
2024-2025,16,DALLAM COUNTY,56902,TEXLINE ISD,TRADITIONAL ISD/CSD,White,120
2024-2025,13,TRAVIS COUNTY,227827,THE EXCEL CENTER (FOR ADULTS),OPEN ENROLLMENT CHARTER,American Indian or Alaska Nat,<20
2024-2025,13,TRAVIS COUNTY,227827,THE EXCEL CENTER (FOR ADULTS),OPEN ENROLLMENT CHARTER,Asian,46
2024-2025,13,TRAVIS COUNTY,227827,THE EXCEL CENTER (FOR ADULTS),OPEN ENROLLMENT CHARTER,Black or African American,261
2024-2025,13,TRAVIS COUNTY,227827,THE EXCEL CENTER (FOR ADULTS),OPEN ENROLLMENT CHARTER,Hispanic/Latino,701
2024-2025,13,TRAVIS COUNTY,227827,THE EXCEL CENTER (FOR ADULTS),OPEN ENROLLMENT CHARTER,Native Hawaiian/Other Pacific,<10
2024-2025,13,TRAVIS COUNTY,227827,THE EXCEL CENTER (FOR ADULTS),OPEN ENROLLMENT CHARTER,Two or more races,12
2024-2025,13,TRAVIS COUNTY,227827,THE EXCEL CENTER (FOR ADULTS),OPEN ENROLLMENT CHARTER,White,161
2024-2025,20,BEXAR COUNTY,15841,THE GATHERING PLACE,OPEN ENROLLMENT CHARTER,American Indian or Alaska Nat,<10
2024-2025,20,BEXAR COUNTY,15841,THE GATHERING PLACE,OPEN ENROLLMENT CHARTER,Asian,<10
2024-2025,20,BEXAR COUNTY,15841,THE GATHERING PLACE,OPEN ENROLLMENT CHARTER,Black or African American,40
2024-2025,20,BEXAR COUNTY,15841,THE GATHERING PLACE,OPEN ENROLLMENT CHARTER,Hispanic/Latino,354
2024-2025,20,BEXAR COUNTY,15841,THE GATHERING PLACE,OPEN ENROLLMENT CHARTER,Two or more races,25
2024-2025,20,BEXAR COUNTY,15841,THE GATHERING PLACE,OPEN ENROLLMENT CHARTER,White,132
2024-2025,4,HARRIS COUNTY,101864,THE LAWSON ACADEMY,OPEN ENROLLMENT CHARTER,Asian,<10
2024-2025,4,HARRIS COUNTY,101864,THE LAWSON ACADEMY,OPEN ENROLLMENT CHARTER,Black or African American,169
2024-2025,4,HARRIS COUNTY,101864,THE LAWSON ACADEMY,OPEN ENROLLMENT CHARTER,Hispanic/Latino,54
2024-2025,4,HARRIS COUNTY,101864,THE LAWSON ACADEMY,OPEN ENROLLMENT CHARTER,Native Hawaiian/Other Pacific,<10
2024-2025,4,HARRIS COUNTY,101864,THE LAWSON ACADEMY,OPEN ENROLLMENT CHARTER,White,<10
2024-2025,4,HARRIS COUNTY,101868,THE PRO-VISION ACADEMY,OPEN ENROLLMENT CHARTER,Black or African American,330
2024-2025,4,HARRIS COUNTY,101868,THE PRO-VISION ACADEMY,OPEN ENROLLMENT CHARTER,Hispanic/Latino,<20
2024-2025,4,HARRIS COUNTY,101868,THE PRO-VISION ACADEMY,OPEN ENROLLMENT CHARTER,Two or more races,<10
2024-2025,4,HARRIS COUNTY,101861,THE RHODES SCHOOL FOR PERFORMING ARTS,OPEN ENROLLMENT CHARTER,American Indian or Alaska Nat,<10
2024-2025,4,HARRIS COUNTY,101861,THE RHODES SCHOOL FOR PERFORMING ARTS,OPEN ENROLLMENT CHARTER,Black or African American,371
2024-2025,4,HARRIS COUNTY,101861,THE RHODES SCHOOL FOR PERFORMING ARTS,OPEN ENROLLMENT CHARTER,Hispanic/Latino,31
2024-2025,4,HARRIS COUNTY,101861,THE RHODES SCHOOL FOR PERFORMING ARTS,OPEN ENROLLMENT CHARTER,Native Hawaiian/Other Pacific,<10
2024-2025,4,HARRIS COUNTY,101861,THE RHODES SCHOOL FOR PERFORMING ARTS,OPEN ENROLLMENT CHARTER,Two or more races,11
2024-2025,4,HARRIS COUNTY,101861,THE RHODES SCHOOL FOR PERFORMING ARTS,OPEN ENROLLMENT CHARTER,White,19
2024-2025,4,HARRIS COUNTY,101814,THE VARNETT PUBLIC SCHOOL,OPEN ENROLLMENT CHARTER,Asian,<10
2024-2025,4,HARRIS COUNTY,101814,THE VARNETT PUBLIC SCHOOL,OPEN ENROLLMENT CHARTER,Black or African American,265
2024-2025,4,HARRIS COUNTY,101814,THE VARNETT PUBLIC SCHOOL,OPEN ENROLLMENT CHARTER,Hispanic/Latino,879
2024-2025,4,HARRIS COUNTY,101814,THE VARNETT PUBLIC SCHOOL,OPEN ENROLLMENT CHARTER,Two or more races,<10
2024-2025,4,HARRIS COUNTY,101814,THE VARNETT PUBLIC SCHOOL,OPEN ENROLLMENT CHARTER,White,<10
2024-2025,13,MILAM COUNTY,166905,THORNDALE ISD,TRADITIONAL ISD/CSD,American Indian or Alaska Nat,<10
2024-2025,13,MILAM COUNTY,166905,THORNDALE ISD,TRADITIONAL ISD/CSD,Black or African American,<10
2024-2025,13,MILAM COUNTY,166905,THORNDALE ISD,TRADITIONAL ISD/CSD,Hispanic/Latino,199
2024-2025,13,MILAM COUNTY,166905,THORNDALE ISD,TRADITIONAL ISD/CSD,Two or more races,18
2024-2025,13,MILAM COUNTY,166905,THORNDALE ISD,TRADITIONAL ISD/CSD,White,417
2024-2025,13,WILLIAMSON COUNTY,246912,THRALL ISD,TRADITIONAL ISD/CSD,Asian,<10
2024-2025,13,WILLIAMSON COUNTY,246912,THRALL ISD,TRADITIONAL ISD/CSD,Black or African American,<20
2024-2025,13,WILLIAMSON COUNTY,246912,THRALL ISD,TRADITIONAL ISD/CSD,Hispanic/Latino,298
2024-2025,13,WILLIAMSON COUNTY,246912,THRALL ISD,TRADITIONAL ISD/CSD,Two or more races,23
2024-2025,13,WILLIAMSON COUNTY,246912,THRALL ISD,TRADITIONAL ISD/CSD,White,538
2024-2025,2,LIVE OAK COUNTY,149902,THREE RIVERS ISD,TRADITIONAL ISD/CSD,Asian,<10
2024-2025,2,LIVE OAK COUNTY,149902,THREE RIVERS ISD,TRADITIONAL ISD/CSD,Black or African American,<10
2024-2025,2,LIVE OAK COUNTY,149902,THREE RIVERS ISD,TRADITIONAL ISD/CSD,Hispanic/Latino,382
2024-2025,2,LIVE OAK COUNTY,149902,THREE RIVERS ISD,TRADITIONAL ISD/CSD,Native Hawaiian/Other Pacific,<10
2024-2025,2,LIVE OAK COUNTY,149902,THREE RIVERS ISD,TRADITIONAL ISD/CSD,Two or more races,11
2024-2025,2,LIVE OAK COUNTY,149902,THREE RIVERS ISD,TRADITIONAL ISD/CSD,White,166
2024-2025,11,ERATH COUNTY,72901,THREE WAY ISD,TRADITIONAL ISD/CSD,Black or African American,<10
2024-2025,11,ERATH COUNTY,72901,THREE WAY ISD,TRADITIONAL ISD/CSD,Hispanic/Latino,104
2024-2025,11,ERATH COUNTY,72901,THREE WAY ISD,TRADITIONAL ISD/CSD,Two or more races,<10
2024-2025,11,ERATH COUNTY,72901,THREE WAY ISD,TRADITIONAL ISD/CSD,White,102
2024-2025,6,MONTGOMERY COUNTY,170802,THRIVE CENTER FOR SUCCESS,OPEN ENROLLMENT CHARTER,Asian,<10
2024-2025,6,MONTGOMERY COUNTY,170802,THRIVE CENTER FOR SUCCESS,OPEN ENROLLMENT CHARTER,Black or African American,25
2024-2025,6,MONTGOMERY COUNTY,170802,THRIVE CENTER FOR SUCCESS,OPEN ENROLLMENT CHARTER,Hispanic/Latino,34
2024-2025,6,MONTGOMERY COUNTY,170802,THRIVE CENTER FOR SUCCESS,OPEN ENROLLMENT CHARTER,Two or more races,<10
2024-2025,6,MONTGOMERY COUNTY,170802,THRIVE CENTER FOR SUCCESS,OPEN ENROLLMENT CHARTER,White,84
2024-2025,9,THROCKMORTON COUNTY,224901,THROCKMORTON COLLEGIATE ISD,TRADITIONAL ISD/CSD,Black or African American,<10
2024-2025,9,THROCKMORTON COUNTY,224901,THROCKMORTON COLLEGIATE ISD,TRADITIONAL ISD/CSD,Hispanic/Latino,16
2024-2025,9,THROCKMORTON COUNTY,224901,THROCKMORTON COLLEGIATE ISD,TRADITIONAL ISD/CSD,Two or more races,<10
2024-2025,9,THROCKMORTON COUNTY,224901,THROCKMORTON COLLEGIATE ISD,TRADITIONAL ISD/CSD,White,118
2024-2025,3,MATAGORDA COUNTY,158902,TIDEHAVEN ISD,TRADITIONAL ISD/CSD,American Indian or Alaska Nat,<10
2024-2025,3,MATAGORDA COUNTY,158902,TIDEHAVEN ISD,TRADITIONAL ISD/CSD,Asian,<10
2024-2025,3,MATAGORDA COUNTY,158902,TIDEHAVEN ISD,TRADITIONAL ISD/CSD,Black or African American,48
2024-2025,3,MATAGORDA COUNTY,158902,TIDEHAVEN ISD,TRADITIONAL ISD/CSD,Hispanic/Latino,616
2024-2025,3,MATAGORDA COUNTY,158902,TIDEHAVEN ISD,TRADITIONAL ISD/CSD,Two or more races,15
2024-2025,3,MATAGORDA COUNTY,158902,TIDEHAVEN ISD,TRADITIONAL ISD/CSD,White,376
2024-2025,7,SHELBY COUNTY,210905,TIMPSON ISD,TRADITIONAL ISD/CSD,Asian,<10
2024-2025,7,SHELBY COUNTY,210905,TIMPSON ISD,TRADITIONAL ISD/CSD,Black or African American,159
2024-2025,7,SHELBY COUNTY,210905,TIMPSON ISD,TRADITIONAL ISD/CSD,Hispanic/Latino,101
2024-2025,7,SHELBY COUNTY,210905,TIMPSON ISD,TRADITIONAL ISD/CSD,Two or more races,<40
2024-2025,7,SHELBY COUNTY,210905,TIMPSON ISD,TRADITIONAL ISD/CSD,White,457
2024-2025,10,GRAYSON COUNTY,91907,TIOGA ISD,TRADITIONAL ISD/CSD,American Indian or Alaska Nat,<10
2024-2025,10,GRAYSON COUNTY,91907,TIOGA ISD,TRADITIONAL ISD/CSD,Asian,<10
2024-2025,10,GRAYSON COUNTY,91907,TIOGA ISD,TRADITIONAL ISD/CSD,Black or African American,<10
2024-2025,10,GRAYSON COUNTY,91907,TIOGA ISD,TRADITIONAL ISD/CSD,Hispanic/Latino,150
2024-2025,10,GRAYSON COUNTY,91907,TIOGA ISD,TRADITIONAL ISD/CSD,Two or more races,28
2024-2025,10,GRAYSON COUNTY,91907,TIOGA ISD,TRADITIONAL ISD/CSD,White,477
2024-2025,11,HOOD COUNTY,111903,TOLAR ISD,TRADITIONAL ISD/CSD,American Indian or Alaska Nat,<10
2024-2025,11,HOOD COUNTY,111903,TOLAR ISD,TRADITIONAL ISD/CSD,Asian,<10
2024-2025,11,HOOD COUNTY,111903,TOLAR ISD,TRADITIONAL ISD/CSD,Black or African American,<10
2024-2025,11,HOOD COUNTY,111903,TOLAR ISD,TRADITIONAL ISD/CSD,Hispanic/Latino,66
2024-2025,11,HOOD COUNTY,111903,TOLAR ISD,TRADITIONAL ISD/CSD,Native Hawaiian/Other Pacific,<10
2024-2025,11,HOOD COUNTY,111903,TOLAR ISD,TRADITIONAL ISD/CSD,Two or more races,18
2024-2025,11,HOOD COUNTY,111903,TOLAR ISD,TRADITIONAL ISD/CSD,White,777
2024-2025,10,GRAYSON COUNTY,91918,TOM BEAN ISD,TRADITIONAL ISD/CSD,American Indian or Alaska Nat,10
2024-2025,10,GRAYSON COUNTY,91918,TOM BEAN ISD,TRADITIONAL ISD/CSD,Black or African American,12
2024-2025,10,GRAYSON COUNTY,91918,TOM BEAN ISD,TRADITIONAL ISD/CSD,Hispanic/Latino,156
2024-2025,10,GRAYSON COUNTY,91918,TOM BEAN ISD,TRADITIONAL ISD/CSD,Two or more races,14
2024-2025,10,GRAYSON COUNTY,91918,TOM BEAN ISD,TRADITIONAL ISD/CSD,White,549
2024-2025,4,HARRIS COUNTY,101921,TOMBALL ISD,TRADITIONAL ISD/CSD,American Indian or Alaska Nat,58
2024-2025,4,HARRIS COUNTY,101921,TOMBALL ISD,TRADITIONAL ISD/CSD,Asian,2149
2024-2025,4,HARRIS COUNTY,101921,TOMBALL ISD,TRADITIONAL ISD/CSD,Black or African American,1438
2024-2025,4,HARRIS COUNTY,101921,TOMBALL ISD,TRADITIONAL ISD/CSD,Hispanic/Latino,8186
2024-2025,4,HARRIS COUNTY,101921,TOMBALL ISD,TRADITIONAL ISD/CSD,Native Hawaiian/Other Pacific,15
2024-2025,4,HARRIS COUNTY,101921,TOMBALL ISD,TRADITIONAL ISD/CSD,Two or more races,1082
2024-2025,4,HARRIS COUNTY,101921,TOMBALL ISD,TRADITIONAL ISD/CSD,White,9985
2024-2025,19,EL PASO COUNTY,71908,TORNILLO ISD,TRADITIONAL ISD/CSD,Hispanic/Latino,<730
2024-2025,19,EL PASO COUNTY,71908,TORNILLO ISD,TRADITIONAL ISD/CSD,White,<10
2024-2025,11,TARRANT COUNTY,220801,TREETOPS SCHOOL INTERNATIONAL,OPEN ENROLLMENT CHARTER,Asian,17
2024-2025,11,TARRANT COUNTY,220801,TREETOPS SCHOOL INTERNATIONAL,OPEN ENROLLMENT CHARTER,Black or African American,18
2024-2025,11,TARRANT COUNTY,220801,TREETOPS SCHOOL INTERNATIONAL,OPEN ENROLLMENT CHARTER,Hispanic/Latino,77
2024-2025,11,TARRANT COUNTY,220801,TREETOPS SCHOOL INTERNATIONAL,OPEN ENROLLMENT CHARTER,Two or more races,35
2024-2025,11,TARRANT COUNTY,220801,TREETOPS SCHOOL INTERNATIONAL,OPEN ENROLLMENT CHARTER,White,196
2024-2025,14,TAYLOR COUNTY,221905,TRENT ISD,TRADITIONAL ISD/CSD,American Indian or Alaska Nat,<10
2024-2025,14,TAYLOR COUNTY,221905,TRENT ISD,TRADITIONAL ISD/CSD,Black or African American,<10
2024-2025,14,TAYLOR COUNTY,221905,TRENT ISD,TRADITIONAL ISD/CSD,Hispanic/Latino,31
2024-2025,14,TAYLOR COUNTY,221905,TRENT ISD,TRADITIONAL ISD/CSD,Two or more races,<10
2024-2025,14,TAYLOR COUNTY,221905,TRENT ISD,TRADITIONAL ISD/CSD,White,96
2024-2025,10,FANNIN COUNTY,74912,TRENTON ISD,TRADITIONAL ISD/CSD,American Indian or Alaska Nat,<10
2024-2025,10,FANNIN COUNTY,74912,TRENTON ISD,TRADITIONAL ISD/CSD,Asian,<10
2024-2025,10,FANNIN COUNTY,74912,TRENTON ISD,TRADITIONAL ISD/CSD,Black or African American,19
2024-2025,10,FANNIN COUNTY,74912,TRENTON ISD,TRADITIONAL ISD/CSD,Hispanic/Latino,232
2024-2025,10,FANNIN COUNTY,74912,TRENTON ISD,TRADITIONAL ISD/CSD,Two or more races,25
2024-2025,10,FANNIN COUNTY,74912,TRENTON ISD,TRADITIONAL ISD/CSD,White,428
2024-2025,7,HENDERSON COUNTY,107907,TRINIDAD ISD,TRADITIONAL ISD/CSD,Black or African American,15
2024-2025,7,HENDERSON COUNTY,107907,TRINIDAD ISD,TRADITIONAL ISD/CSD,Hispanic/Latino,43
2024-2025,7,HENDERSON COUNTY,107907,TRINIDAD ISD,TRADITIONAL ISD/CSD,Two or more races,23
2024-2025,7,HENDERSON COUNTY,107907,TRINIDAD ISD,TRADITIONAL ISD/CSD,White,92
2024-2025,10,DALLAS COUNTY,57813,TRINITY BASIN PREPARATORY,OPEN ENROLLMENT CHARTER,American Indian or Alaska Nat,170
2024-2025,10,DALLAS COUNTY,57813,TRINITY BASIN PREPARATORY,OPEN ENROLLMENT CHARTER,Asian,194
2024-2025,10,DALLAS COUNTY,57813,TRINITY BASIN PREPARATORY,OPEN ENROLLMENT CHARTER,Black or African American,1114
2024-2025,10,DALLAS COUNTY,57813,TRINITY BASIN PREPARATORY,OPEN ENROLLMENT CHARTER,Hispanic/Latino,4052
2024-2025,10,DALLAS COUNTY,57813,TRINITY BASIN PREPARATORY,OPEN ENROLLMENT CHARTER,Native Hawaiian/Other Pacific,<10
2024-2025,10,DALLAS COUNTY,57813,TRINITY BASIN PREPARATORY,OPEN ENROLLMENT CHARTER,Two or more races,<170
2024-2025,10,DALLAS COUNTY,57813,TRINITY BASIN PREPARATORY,OPEN ENROLLMENT CHARTER,White,1307
2024-2025,20,COMAL COUNTY,46802,TRINITY CHARTER SCHOOL,OPEN ENROLLMENT CHARTER,Asian,<10
2024-2025,20,COMAL COUNTY,46802,TRINITY CHARTER SCHOOL,OPEN ENROLLMENT CHARTER,Black or African American,63
2024-2025,20,COMAL COUNTY,46802,TRINITY CHARTER SCHOOL,OPEN ENROLLMENT CHARTER,Hispanic/Latino,132
2024-2025,20,COMAL COUNTY,46802,TRINITY CHARTER SCHOOL,OPEN ENROLLMENT CHARTER,Native Hawaiian/Other Pacific,<10
2024-2025,20,COMAL COUNTY,46802,TRINITY CHARTER SCHOOL,OPEN ENROLLMENT CHARTER,Two or more races,<10
2024-2025,20,COMAL COUNTY,46802,TRINITY CHARTER SCHOOL,OPEN ENROLLMENT CHARTER,White,107
2024-2025,6,TRINITY COUNTY,228903,TRINITY ISD,TRADITIONAL ISD/CSD,American Indian or Alaska Nat,<10
2024-2025,6,TRINITY COUNTY,228903,TRINITY ISD,TRADITIONAL ISD/CSD,Asian,<10
2024-2025,6,TRINITY COUNTY,228903,TRINITY ISD,TRADITIONAL ISD/CSD,Black or African American,157
2024-2025,6,TRINITY COUNTY,228903,TRINITY ISD,TRADITIONAL ISD/CSD,Hispanic/Latino,354
2024-2025,6,TRINITY COUNTY,228903,TRINITY ISD,TRADITIONAL ISD/CSD,Native Hawaiian/Other Pacific,<10
2024-2025,6,TRINITY COUNTY,228903,TRINITY ISD,TRADITIONAL ISD/CSD,Two or more races,84
2024-2025,6,TRINITY COUNTY,228903,TRINITY ISD,TRADITIONAL ISD/CSD,White,571
2024-2025,1,WEBB COUNTY,240801,TRIUMPH PUBLIC HIGH SCHOOLS CENTRAL TEXAS,OPEN ENROLLMENT CHARTER,Black or African American,<10
2024-2025,1,WEBB COUNTY,240801,TRIUMPH PUBLIC HIGH SCHOOLS CENTRAL TEXAS,OPEN ENROLLMENT CHARTER,Hispanic/Latino,313
2024-2025,1,WEBB COUNTY,240801,TRIUMPH PUBLIC HIGH SCHOOLS CENTRAL TEXAS,OPEN ENROLLMENT CHARTER,Two or more races,<10
2024-2025,1,WEBB COUNTY,240801,TRIUMPH PUBLIC HIGH SCHOOLS CENTRAL TEXAS,OPEN ENROLLMENT CHARTER,White,<10
2024-2025,17,LUBBOCK COUNTY,152803,TRIUMPH PUBLIC HIGH SCHOOLS-LUBBOCK,OPEN ENROLLMENT CHARTER,Asian,<10
2024-2025,17,LUBBOCK COUNTY,152803,TRIUMPH PUBLIC HIGH SCHOOLS-LUBBOCK,OPEN ENROLLMENT CHARTER,Black or African American,<10
2024-2025,17,LUBBOCK COUNTY,152803,TRIUMPH PUBLIC HIGH SCHOOLS-LUBBOCK,OPEN ENROLLMENT CHARTER,Hispanic/Latino,110
2024-2025,17,LUBBOCK COUNTY,152803,TRIUMPH PUBLIC HIGH SCHOOLS-LUBBOCK,OPEN ENROLLMENT CHARTER,White,14
2024-2025,1,HIDALGO COUNTY,108804,TRIUMPH PUBLIC HIGH SCHOOLS-RIO GRANDE VALLEY,OPEN ENROLLMENT CHARTER,Hispanic/Latino,<460
2024-2025,1,HIDALGO COUNTY,108804,TRIUMPH PUBLIC HIGH SCHOOLS-RIO GRANDE VALLEY,OPEN ENROLLMENT CHARTER,White,<10
2024-2025,19,EL PASO COUNTY,71803,TRIUMPH PUBLIC HIGH SCHOOLS-WEST TEXAS,OPEN ENROLLMENT CHARTER,Black or African American,<10
2024-2025,19,EL PASO COUNTY,71803,TRIUMPH PUBLIC HIGH SCHOOLS-WEST TEXAS,OPEN ENROLLMENT CHARTER,Hispanic/Latino,277
2024-2025,19,EL PASO COUNTY,71803,TRIUMPH PUBLIC HIGH SCHOOLS-WEST TEXAS,OPEN ENROLLMENT CHARTER,Two or more races,<10
2024-2025,19,EL PASO COUNTY,71803,TRIUMPH PUBLIC HIGH SCHOOLS-WEST TEXAS,OPEN ENROLLMENT CHARTER,White,21
2024-2025,11,DENTON COUNTY,61805,TRIVIUM ACADEMY,OPEN ENROLLMENT CHARTER,American Indian or Alaska Nat,<10
2024-2025,11,DENTON COUNTY,61805,TRIVIUM ACADEMY,OPEN ENROLLMENT CHARTER,Asian,125
2024-2025,11,DENTON COUNTY,61805,TRIVIUM ACADEMY,OPEN ENROLLMENT CHARTER,Black or African American,31
2024-2025,11,DENTON COUNTY,61805,TRIVIUM ACADEMY,OPEN ENROLLMENT CHARTER,Hispanic/Latino,153
2024-2025,11,DENTON COUNTY,61805,TRIVIUM ACADEMY,OPEN ENROLLMENT CHARTER,Native Hawaiian/Other Pacific,<10
2024-2025,11,DENTON COUNTY,61805,TRIVIUM ACADEMY,OPEN ENROLLMENT CHARTER,Two or more races,50
2024-2025,11,DENTON COUNTY,61805,TRIVIUM ACADEMY,OPEN ENROLLMENT CHARTER,White,268
2024-2025,7,SMITH COUNTY,212904,TROUP ISD,TRADITIONAL ISD/CSD,American Indian or Alaska Nat,<10
2024-2025,7,SMITH COUNTY,212904,TROUP ISD,TRADITIONAL ISD/CSD,Asian,<10
2024-2025,7,SMITH COUNTY,212904,TROUP ISD,TRADITIONAL ISD/CSD,Black or African American,86
2024-2025,7,SMITH COUNTY,212904,TROUP ISD,TRADITIONAL ISD/CSD,Hispanic/Latino,157
2024-2025,7,SMITH COUNTY,212904,TROUP ISD,TRADITIONAL ISD/CSD,Native Hawaiian/Other Pacific,<10
2024-2025,7,SMITH COUNTY,212904,TROUP ISD,TRADITIONAL ISD/CSD,Two or more races,42
2024-2025,7,SMITH COUNTY,212904,TROUP ISD,TRADITIONAL ISD/CSD,White,768
2024-2025,12,BELL COUNTY,14910,TROY ISD,TRADITIONAL ISD/CSD,American Indian or Alaska Nat,<10
2024-2025,12,BELL COUNTY,14910,TROY ISD,TRADITIONAL ISD/CSD,Asian,<10
2024-2025,12,BELL COUNTY,14910,TROY ISD,TRADITIONAL ISD/CSD,Black or African American,28
2024-2025,12,BELL COUNTY,14910,TROY ISD,TRADITIONAL ISD/CSD,Hispanic/Latino,604
2024-2025,12,BELL COUNTY,14910,TROY ISD,TRADITIONAL ISD/CSD,Native Hawaiian/Other Pacific,<10
2024-2025,12,BELL COUNTY,14910,TROY ISD,TRADITIONAL ISD/CSD,Two or more races,77
2024-2025,12,BELL COUNTY,14910,TROY ISD,TRADITIONAL ISD/CSD,White,1011
2024-2025,16,SWISHER COUNTY,219903,TULIA ISD,TRADITIONAL ISD/CSD,American Indian or Alaska Nat,<10
2024-2025,16,SWISHER COUNTY,219903,TULIA ISD,TRADITIONAL ISD/CSD,Asian,<10
2024-2025,16,SWISHER COUNTY,219903,TULIA ISD,TRADITIONAL ISD/CSD,Black or African American,57
2024-2025,16,SWISHER COUNTY,219903,TULIA ISD,TRADITIONAL ISD/CSD,Hispanic/Latino,577
2024-2025,16,SWISHER COUNTY,219903,TULIA ISD,TRADITIONAL ISD/CSD,Two or more races,16
2024-2025,16,SWISHER COUNTY,219903,TULIA ISD,TRADITIONAL ISD/CSD,White,149
2024-2025,2,NUECES COUNTY,178912,TULOSO-MIDWAY ISD,TRADITIONAL ISD/CSD,American Indian or Alaska Nat,<10
2024-2025,2,NUECES COUNTY,178912,TULOSO-MIDWAY ISD,TRADITIONAL ISD/CSD,Asian,19
2024-2025,2,NUECES COUNTY,178912,TULOSO-MIDWAY ISD,TRADITIONAL ISD/CSD,Black or African American,31
2024-2025,2,NUECES COUNTY,178912,TULOSO-MIDWAY ISD,TRADITIONAL ISD/CSD,Hispanic/Latino,3033
2024-2025,2,NUECES COUNTY,178912,TULOSO-MIDWAY ISD,TRADITIONAL ISD/CSD,Native Hawaiian/Other Pacific,<10
2024-2025,2,NUECES COUNTY,178912,TULOSO-MIDWAY ISD,TRADITIONAL ISD/CSD,Two or more races,33
2024-2025,2,NUECES COUNTY,178912,TULOSO-MIDWAY ISD,TRADITIONAL ISD/CSD,White,549
2024-2025,16,HALL COUNTY,96905,TURKEY-QUITAQUE ISD,TRADITIONAL ISD/CSD,Black or African American,<10
2024-2025,16,HALL COUNTY,96905,TURKEY-QUITAQUE ISD,TRADITIONAL ISD/CSD,Hispanic/Latino,56
2024-2025,16,HALL COUNTY,96905,TURKEY-QUITAQUE ISD,TRADITIONAL ISD/CSD,Two or more races,<10
2024-2025,16,HALL COUNTY,96905,TURKEY-QUITAQUE ISD,TRADITIONAL ISD/CSD,White,117
2024-2025,4,HARRIS COUNTY,101840,TWO DIMENSIONS PREPARATORY ACADEMY,OPEN ENROLLMENT CHARTER,Asian,<10
2024-2025,4,HARRIS COUNTY,101840,TWO DIMENSIONS PREPARATORY ACADEMY,OPEN ENROLLMENT CHARTER,Black or African American,363
2024-2025,4,HARRIS COUNTY,101840,TWO DIMENSIONS PREPARATORY ACADEMY,OPEN ENROLLMENT CHARTER,Hispanic/Latino,38
2024-2025,4,HARRIS COUNTY,101840,TWO DIMENSIONS PREPARATORY ACADEMY,OPEN ENROLLMENT CHARTER,White,<10
2024-2025,7,SMITH COUNTY,212905,TYLER ISD,TRADITIONAL ISD/CSD,American Indian or Alaska Nat,<70
2024-2025,7,SMITH COUNTY,212905,TYLER ISD,TRADITIONAL ISD/CSD,Asian,276
2024-2025,7,SMITH COUNTY,212905,TYLER ISD,TRADITIONAL ISD/CSD,Black or African American,4583
2024-2025,7,SMITH COUNTY,212905,TYLER ISD,TRADITIONAL ISD/CSD,Hispanic/Latino,9056
2024-2025,7,SMITH COUNTY,212905,TYLER ISD,TRADITIONAL ISD/CSD,Native Hawaiian/Other Pacific,<10
2024-2025,7,SMITH COUNTY,212905,TYLER ISD,TRADITIONAL ISD/CSD,Two or more races,665
2024-2025,7,SMITH COUNTY,212905,TYLER ISD,TRADITIONAL ISD/CSD,White,4058
2024-2025,10,DALLAS COUNTY,57845,UME PREPARATORY ACADEMY,OPEN ENROLLMENT CHARTER,American Indian or Alaska Nat,<10
2024-2025,10,DALLAS COUNTY,57845,UME PREPARATORY ACADEMY,OPEN ENROLLMENT CHARTER,Asian,<40
2024-2025,10,DALLAS COUNTY,57845,UME PREPARATORY ACADEMY,OPEN ENROLLMENT CHARTER,Black or African American,217
2024-2025,10,DALLAS COUNTY,57845,UME PREPARATORY ACADEMY,OPEN ENROLLMENT CHARTER,Hispanic/Latino,894
2024-2025,10,DALLAS COUNTY,57845,UME PREPARATORY ACADEMY,OPEN ENROLLMENT CHARTER,Two or more races,71
2024-2025,10,DALLAS COUNTY,57845,UME PREPARATORY ACADEMY,OPEN ENROLLMENT CHARTER,White,480
2024-2025,7,UPSHUR COUNTY,230908,UNION GROVE ISD,TRADITIONAL ISD/CSD,American Indian or Alaska Nat,<10
2024-2025,7,UPSHUR COUNTY,230908,UNION GROVE ISD,TRADITIONAL ISD/CSD,Black or African American,<10
2024-2025,7,UPSHUR COUNTY,230908,UNION GROVE ISD,TRADITIONAL ISD/CSD,Hispanic/Latino,81
2024-2025,7,UPSHUR COUNTY,230908,UNION GROVE ISD,TRADITIONAL ISD/CSD,Two or more races,22
2024-2025,7,UPSHUR COUNTY,230908,UNION GROVE ISD,TRADITIONAL ISD/CSD,White,607
2024-2025,7,UPSHUR COUNTY,230904,UNION HILL ISD,TRADITIONAL ISD/CSD,American Indian or Alaska Nat,<10
2024-2025,7,UPSHUR COUNTY,230904,UNION HILL ISD,TRADITIONAL ISD/CSD,Black or African American,18
2024-2025,7,UPSHUR COUNTY,230904,UNION HILL ISD,TRADITIONAL ISD/CSD,Hispanic/Latino,58
2024-2025,7,UPSHUR COUNTY,230904,UNION HILL ISD,TRADITIONAL ISD/CSD,Two or more races,<20
2024-2025,7,UPSHUR COUNTY,230904,UNION HILL ISD,TRADITIONAL ISD/CSD,White,191
2024-2025,1,WEBB COUNTY,240903,UNITED ISD,TRADITIONAL ISD/CSD,American Indian or Alaska Nat,<10
2024-2025,1,WEBB COUNTY,240903,UNITED ISD,TRADITIONAL ISD/CSD,Asian,148
2024-2025,1,WEBB COUNTY,240903,UNITED ISD,TRADITIONAL ISD/CSD,Black or African American,47
2024-2025,1,WEBB COUNTY,240903,UNITED ISD,TRADITIONAL ISD/CSD,Hispanic/Latino,40204
2024-2025,1,WEBB COUNTY,240903,UNITED ISD,TRADITIONAL ISD/CSD,Native Hawaiian/Other Pacific,<10
2024-2025,1,WEBB COUNTY,240903,UNITED ISD,TRADITIONAL ISD/CSD,Two or more races,30
2024-2025,1,WEBB COUNTY,240903,UNITED ISD,TRADITIONAL ISD/CSD,White,302
2024-2025,10,DALLAS COUNTY,57808,UNIVERSAL ACADEMY,OPEN ENROLLMENT CHARTER,American Indian or Alaska Nat,20
2024-2025,10,DALLAS COUNTY,57808,UNIVERSAL ACADEMY,OPEN ENROLLMENT CHARTER,Asian,1194
2024-2025,10,DALLAS COUNTY,57808,UNIVERSAL ACADEMY,OPEN ENROLLMENT CHARTER,Black or African American,305
2024-2025,10,DALLAS COUNTY,57808,UNIVERSAL ACADEMY,OPEN ENROLLMENT CHARTER,Hispanic/Latino,445
2024-2025,10,DALLAS COUNTY,57808,UNIVERSAL ACADEMY,OPEN ENROLLMENT CHARTER,Two or more races,39
2024-2025,10,DALLAS COUNTY,57808,UNIVERSAL ACADEMY,OPEN ENROLLMENT CHARTER,White,33
2024-2025,13,TRAVIS COUNTY,227506,UNIVERSITY OF TEXAS AT AUSTIN H S,TRADITIONAL ISD/CSD,American Indian or Alaska Nat,<10
2024-2025,13,TRAVIS COUNTY,227506,UNIVERSITY OF TEXAS AT AUSTIN H S,TRADITIONAL ISD/CSD,Asian,61
2024-2025,13,TRAVIS COUNTY,227506,UNIVERSITY OF TEXAS AT AUSTIN H S,TRADITIONAL ISD/CSD,Black or African American,67
2024-2025,13,TRAVIS COUNTY,227506,UNIVERSITY OF TEXAS AT AUSTIN H S,TRADITIONAL ISD/CSD,Hispanic/Latino,337
2024-2025,13,TRAVIS COUNTY,227506,UNIVERSITY OF TEXAS AT AUSTIN H S,TRADITIONAL ISD/CSD,Native Hawaiian/Other Pacific,<10
2024-2025,13,TRAVIS COUNTY,227506,UNIVERSITY OF TEXAS AT AUSTIN H S,TRADITIONAL ISD/CSD,Two or more races,67
2024-2025,13,TRAVIS COUNTY,227506,UNIVERSITY OF TEXAS AT AUSTIN H S,TRADITIONAL ISD/CSD,White,518
2024-2025,13,TRAVIS COUNTY,227819,UNIVERSITY OF TEXAS ELEMENTARY CHARTER SCHOOL,OPEN ENROLLMENT CHARTER,Asian,<10
2024-2025,13,TRAVIS COUNTY,227819,UNIVERSITY OF TEXAS ELEMENTARY CHARTER SCHOOL,OPEN ENROLLMENT CHARTER,Black or African American,37
2024-2025,13,TRAVIS COUNTY,227819,UNIVERSITY OF TEXAS ELEMENTARY CHARTER SCHOOL,OPEN ENROLLMENT CHARTER,Hispanic/Latino,199
2024-2025,13,TRAVIS COUNTY,227819,UNIVERSITY OF TEXAS ELEMENTARY CHARTER SCHOOL,OPEN ENROLLMENT CHARTER,Two or more races,<20
2024-2025,13,TRAVIS COUNTY,227819,UNIVERSITY OF TEXAS ELEMENTARY CHARTER SCHOOL,OPEN ENROLLMENT CHARTER,White,51
2024-2025,13,TRAVIS COUNTY,227806,UNIVERSITY OF TEXAS UNIVERSITY CHARTER SCHOOL,OPEN ENROLLMENT CHARTER,American Indian or Alaska Nat,<10
2024-2025,13,TRAVIS COUNTY,227806,UNIVERSITY OF TEXAS UNIVERSITY CHARTER SCHOOL,OPEN ENROLLMENT CHARTER,Black or African American,101
2024-2025,13,TRAVIS COUNTY,227806,UNIVERSITY OF TEXAS UNIVERSITY CHARTER SCHOOL,OPEN ENROLLMENT CHARTER,Hispanic/Latino,213
2024-2025,13,TRAVIS COUNTY,227806,UNIVERSITY OF TEXAS UNIVERSITY CHARTER SCHOOL,OPEN ENROLLMENT CHARTER,Native Hawaiian/Other Pacific,<10
2024-2025,13,TRAVIS COUNTY,227806,UNIVERSITY OF TEXAS UNIVERSITY CHARTER SCHOOL,OPEN ENROLLMENT CHARTER,Two or more races,22
2024-2025,13,TRAVIS COUNTY,227806,UNIVERSITY OF TEXAS UNIVERSITY CHARTER SCHOOL,OPEN ENROLLMENT CHARTER,White,244
2024-2025,4,HARRIS COUNTY,101881,UP EXCELLENCE ACADEMY,OPEN ENROLLMENT CHARTER,Black or African American,13
2024-2025,4,HARRIS COUNTY,101881,UP EXCELLENCE ACADEMY,OPEN ENROLLMENT CHARTER,Hispanic/Latino,23
2024-2025,10,DALLAS COUNTY,57803,UPLIFT EDUCATION,OPEN ENROLLMENT CHARTER,American Indian or Alaska Nat,53
2024-2025,10,DALLAS COUNTY,57803,UPLIFT EDUCATION,OPEN ENROLLMENT CHARTER,Asian,1494
2024-2025,10,DALLAS COUNTY,57803,UPLIFT EDUCATION,OPEN ENROLLMENT CHARTER,Black or African American,5436
2024-2025,10,DALLAS COUNTY,57803,UPLIFT EDUCATION,OPEN ENROLLMENT CHARTER,Hispanic/Latino,15145
2024-2025,10,DALLAS COUNTY,57803,UPLIFT EDUCATION,OPEN ENROLLMENT CHARTER,Native Hawaiian/Other Pacific,14
2024-2025,10,DALLAS COUNTY,57803,UPLIFT EDUCATION,OPEN ENROLLMENT CHARTER,Two or more races,595
2024-2025,10,DALLAS COUNTY,57803,UPLIFT EDUCATION,OPEN ENROLLMENT CHARTER,White,647
2024-2025,7,SMITH COUNTY,212804,UT TYLER UNIVERSITY ACADEMY,OPEN ENROLLMENT CHARTER,American Indian or Alaska Nat,<10
2024-2025,7,SMITH COUNTY,212804,UT TYLER UNIVERSITY ACADEMY,OPEN ENROLLMENT CHARTER,Asian,47
2024-2025,7,SMITH COUNTY,212804,UT TYLER UNIVERSITY ACADEMY,OPEN ENROLLMENT CHARTER,Black or African American,82
2024-2025,7,SMITH COUNTY,212804,UT TYLER UNIVERSITY ACADEMY,OPEN ENROLLMENT CHARTER,Hispanic/Latino,269
2024-2025,7,SMITH COUNTY,212804,UT TYLER UNIVERSITY ACADEMY,OPEN ENROLLMENT CHARTER,Native Hawaiian/Other Pacific,<10
2024-2025,7,SMITH COUNTY,212804,UT TYLER UNIVERSITY ACADEMY,OPEN ENROLLMENT CHARTER,Two or more races,67
2024-2025,7,SMITH COUNTY,212804,UT TYLER UNIVERSITY ACADEMY,OPEN ENROLLMENT CHARTER,White,705
2024-2025,20,UVALDE COUNTY,232904,UTOPIA ISD,TRADITIONAL ISD/CSD,Hispanic/Latino,<50
2024-2025,20,UVALDE COUNTY,232904,UTOPIA ISD,TRADITIONAL ISD/CSD,Two or more races,<10
2024-2025,20,UVALDE COUNTY,232904,UTOPIA ISD,TRADITIONAL ISD/CSD,White,151
2024-2025,20,UVALDE COUNTY,232903,UVALDE CISD,TRADITIONAL ISD/CSD,American Indian or Alaska Nat,<10
2024-2025,20,UVALDE COUNTY,232903,UVALDE CISD,TRADITIONAL ISD/CSD,Asian,15
2024-2025,20,UVALDE COUNTY,232903,UVALDE CISD,TRADITIONAL ISD/CSD,Black or African American,<10
2024-2025,20,UVALDE COUNTY,232903,UVALDE CISD,TRADITIONAL ISD/CSD,Hispanic/Latino,3637
2024-2025,20,UVALDE COUNTY,232903,UVALDE CISD,TRADITIONAL ISD/CSD,Native Hawaiian/Other Pacific,<10
2024-2025,20,UVALDE COUNTY,232903,UVALDE CISD,TRADITIONAL ISD/CSD,Two or more races,18
2024-2025,20,UVALDE COUNTY,232903,UVALDE CISD,TRADITIONAL ISD/CSD,White,338
2024-2025,18,JEFF DAVIS COUNTY,122902,VALENTINE ISD,TRADITIONAL ISD/CSD,Asian,<10
2024-2025,18,JEFF DAVIS COUNTY,122902,VALENTINE ISD,TRADITIONAL ISD/CSD,Hispanic/Latino,21
2024-2025,18,JEFF DAVIS COUNTY,122902,VALENTINE ISD,TRADITIONAL ISD/CSD,White,<10
2024-2025,13,TRAVIS COUNTY,227824,VALERE PUBLIC SCHOOLS,OPEN ENROLLMENT CHARTER,American Indian or Alaska Nat,<10
2024-2025,13,TRAVIS COUNTY,227824,VALERE PUBLIC SCHOOLS,OPEN ENROLLMENT CHARTER,Asian,<10
2024-2025,13,TRAVIS COUNTY,227824,VALERE PUBLIC SCHOOLS,OPEN ENROLLMENT CHARTER,Black or African American,19
2024-2025,13,TRAVIS COUNTY,227824,VALERE PUBLIC SCHOOLS,OPEN ENROLLMENT CHARTER,Hispanic/Latino,827
2024-2025,13,TRAVIS COUNTY,227824,VALERE PUBLIC SCHOOLS,OPEN ENROLLMENT CHARTER,Two or more races,<10
2024-2025,13,TRAVIS COUNTY,227824,VALERE PUBLIC SCHOOLS,OPEN ENROLLMENT CHARTER,White,17
2024-2025,12,BOSQUE COUNTY,18904,VALLEY MILLS ISD,TRADITIONAL ISD/CSD,Asian,<10
2024-2025,12,BOSQUE COUNTY,18904,VALLEY MILLS ISD,TRADITIONAL ISD/CSD,Black or African American,<20
2024-2025,12,BOSQUE COUNTY,18904,VALLEY MILLS ISD,TRADITIONAL ISD/CSD,Hispanic/Latino,194
2024-2025,12,BOSQUE COUNTY,18904,VALLEY MILLS ISD,TRADITIONAL ISD/CSD,Two or more races,28
2024-2025,12,BOSQUE COUNTY,18904,VALLEY MILLS ISD,TRADITIONAL ISD/CSD,White,429
2024-2025,11,COOKE COUNTY,49903,VALLEY VIEW ISD,TRADITIONAL ISD/CSD,American Indian or Alaska Nat,<10
2024-2025,11,COOKE COUNTY,49903,VALLEY VIEW ISD,TRADITIONAL ISD/CSD,Asian,<10
2024-2025,1,HIDALGO COUNTY,108916,VALLEY VIEW ISD,TRADITIONAL ISD/CSD,Asian,<10
2024-2025,11,COOKE COUNTY,49903,VALLEY VIEW ISD,TRADITIONAL ISD/CSD,Black or African American,<10
2024-2025,11,COOKE COUNTY,49903,VALLEY VIEW ISD,TRADITIONAL ISD/CSD,Hispanic/Latino,307
2024-2025,1,HIDALGO COUNTY,108916,VALLEY VIEW ISD,TRADITIONAL ISD/CSD,Hispanic/Latino,3432
2024-2025,11,COOKE COUNTY,49903,VALLEY VIEW ISD,TRADITIONAL ISD/CSD,Native Hawaiian/Other Pacific,<10
2024-2025,11,COOKE COUNTY,49903,VALLEY VIEW ISD,TRADITIONAL ISD/CSD,Two or more races,31
2024-2025,11,COOKE COUNTY,49903,VALLEY VIEW ISD,TRADITIONAL ISD/CSD,White,505
2024-2025,1,HIDALGO COUNTY,108916,VALLEY VIEW ISD,TRADITIONAL ISD/CSD,White,<20
2024-2025,13,TRAVIS COUNTY,227829,VALOR EDUCATION,OPEN ENROLLMENT CHARTER,American Indian or Alaska Nat,<10
2024-2025,13,TRAVIS COUNTY,227829,VALOR EDUCATION,OPEN ENROLLMENT CHARTER,Asian,197
2024-2025,13,TRAVIS COUNTY,227829,VALOR EDUCATION,OPEN ENROLLMENT CHARTER,Black or African American,141
2024-2025,13,TRAVIS COUNTY,227829,VALOR EDUCATION,OPEN ENROLLMENT CHARTER,Hispanic/Latino,1458
2024-2025,13,TRAVIS COUNTY,227829,VALOR EDUCATION,OPEN ENROLLMENT CHARTER,Native Hawaiian/Other Pacific,<10
2024-2025,13,TRAVIS COUNTY,227829,VALOR EDUCATION,OPEN ENROLLMENT CHARTER,Two or more races,254
2024-2025,13,TRAVIS COUNTY,227829,VALOR EDUCATION,OPEN ENROLLMENT CHARTER,White,2064
2024-2025,10,GRAYSON COUNTY,91908,VAN ALSTYNE ISD,TRADITIONAL ISD/CSD,American Indian or Alaska Nat,<20
2024-2025,10,GRAYSON COUNTY,91908,VAN ALSTYNE ISD,TRADITIONAL ISD/CSD,Asian,81
2024-2025,10,GRAYSON COUNTY,91908,VAN ALSTYNE ISD,TRADITIONAL ISD/CSD,Black or African American,84
2024-2025,10,GRAYSON COUNTY,91908,VAN ALSTYNE ISD,TRADITIONAL ISD/CSD,Hispanic/Latino,590
2024-2025,10,GRAYSON COUNTY,91908,VAN ALSTYNE ISD,TRADITIONAL ISD/CSD,Native Hawaiian/Other Pacific,<10
2024-2025,10,GRAYSON COUNTY,91908,VAN ALSTYNE ISD,TRADITIONAL ISD/CSD,Two or more races,137
2024-2025,10,GRAYSON COUNTY,91908,VAN ALSTYNE ISD,TRADITIONAL ISD/CSD,White,1700
2024-2025,7,VAN ZANDT COUNTY,234906,VAN ISD,TRADITIONAL ISD/CSD,American Indian or Alaska Nat,<10
2024-2025,7,VAN ZANDT COUNTY,234906,VAN ISD,TRADITIONAL ISD/CSD,Asian,10
2024-2025,7,VAN ZANDT COUNTY,234906,VAN ISD,TRADITIONAL ISD/CSD,Black or African American,70
2024-2025,7,VAN ZANDT COUNTY,234906,VAN ISD,TRADITIONAL ISD/CSD,Hispanic/Latino,615
2024-2025,7,VAN ZANDT COUNTY,234906,VAN ISD,TRADITIONAL ISD/CSD,Native Hawaiian/Other Pacific,<10
2024-2025,7,VAN ZANDT COUNTY,234906,VAN ISD,TRADITIONAL ISD/CSD,Two or more races,101
2024-2025,7,VAN ZANDT COUNTY,234906,VAN ISD,TRADITIONAL ISD/CSD,White,1552
2024-2025,3,MATAGORDA COUNTY,158906,VAN VLECK ISD,TRADITIONAL ISD/CSD,American Indian or Alaska Nat,<10
2024-2025,3,MATAGORDA COUNTY,158906,VAN VLECK ISD,TRADITIONAL ISD/CSD,Asian,<10
2024-2025,3,MATAGORDA COUNTY,158906,VAN VLECK ISD,TRADITIONAL ISD/CSD,Black or African American,79
2024-2025,3,MATAGORDA COUNTY,158906,VAN VLECK ISD,TRADITIONAL ISD/CSD,Hispanic/Latino,394
2024-2025,3,MATAGORDA COUNTY,158906,VAN VLECK ISD,TRADITIONAL ISD/CSD,Two or more races,38
2024-2025,3,MATAGORDA COUNTY,158906,VAN VLECK ISD,TRADITIONAL ISD/CSD,White,520
2024-2025,1,HIDALGO COUNTY,108808,VANGUARD ACADEMY,OPEN ENROLLMENT CHARTER,American Indian or Alaska Nat,<10
2024-2025,1,HIDALGO COUNTY,108808,VANGUARD ACADEMY,OPEN ENROLLMENT CHARTER,Asian,<10
2024-2025,1,HIDALGO COUNTY,108808,VANGUARD ACADEMY,OPEN ENROLLMENT CHARTER,Black or African American,<10
2024-2025,1,HIDALGO COUNTY,108808,VANGUARD ACADEMY,OPEN ENROLLMENT CHARTER,Hispanic/Latino,6712
2024-2025,1,HIDALGO COUNTY,108808,VANGUARD ACADEMY,OPEN ENROLLMENT CHARTER,Native Hawaiian/Other Pacific,<10
2024-2025,1,HIDALGO COUNTY,108808,VANGUARD ACADEMY,OPEN ENROLLMENT CHARTER,Two or more races,<10
2024-2025,1,HIDALGO COUNTY,108808,VANGUARD ACADEMY,OPEN ENROLLMENT CHARTER,White,77
2024-2025,16,OLDHAM COUNTY,180902,VEGA ISD,TRADITIONAL ISD/CSD,Asian,<10
2024-2025,16,OLDHAM COUNTY,180902,VEGA ISD,TRADITIONAL ISD/CSD,Hispanic/Latino,72
2024-2025,16,OLDHAM COUNTY,180902,VEGA ISD,TRADITIONAL ISD/CSD,Two or more races,<20
2024-2025,16,OLDHAM COUNTY,180902,VEGA ISD,TRADITIONAL ISD/CSD,White,255
2024-2025,11,JOHNSON COUNTY,126908,VENUS ISD,TRADITIONAL ISD/CSD,American Indian or Alaska Nat,<20
2024-2025,11,JOHNSON COUNTY,126908,VENUS ISD,TRADITIONAL ISD/CSD,Asian,18
2024-2025,11,JOHNSON COUNTY,126908,VENUS ISD,TRADITIONAL ISD/CSD,Black or African American,133
2024-2025,11,JOHNSON COUNTY,126908,VENUS ISD,TRADITIONAL ISD/CSD,Hispanic/Latino,1484
2024-2025,11,JOHNSON COUNTY,126908,VENUS ISD,TRADITIONAL ISD/CSD,Native Hawaiian/Other Pacific,<10
2024-2025,11,JOHNSON COUNTY,126908,VENUS ISD,TRADITIONAL ISD/CSD,Two or more races,73
2024-2025,11,JOHNSON COUNTY,126908,VENUS ISD,TRADITIONAL ISD/CSD,White,556
2024-2025,15,TOM GREEN COUNTY,226908,VERIBEST ISD,TRADITIONAL ISD/CSD,American Indian or Alaska Nat,<10
2024-2025,15,TOM GREEN COUNTY,226908,VERIBEST ISD,TRADITIONAL ISD/CSD,Black or African American,<10
2024-2025,15,TOM GREEN COUNTY,226908,VERIBEST ISD,TRADITIONAL ISD/CSD,Hispanic/Latino,109
2024-2025,15,TOM GREEN COUNTY,226908,VERIBEST ISD,TRADITIONAL ISD/CSD,Two or more races,<10
2024-2025,15,TOM GREEN COUNTY,226908,VERIBEST ISD,TRADITIONAL ISD/CSD,White,145
2024-2025,9,WILBARGER COUNTY,244903,VERNON ISD,TRADITIONAL ISD/CSD,American Indian or Alaska Nat,<10
2024-2025,9,WILBARGER COUNTY,244903,VERNON ISD,TRADITIONAL ISD/CSD,Asian,135
2024-2025,9,WILBARGER COUNTY,244903,VERNON ISD,TRADITIONAL ISD/CSD,Black or African American,134
2024-2025,9,WILBARGER COUNTY,244903,VERNON ISD,TRADITIONAL ISD/CSD,Hispanic/Latino,864
2024-2025,9,WILBARGER COUNTY,244903,VERNON ISD,TRADITIONAL ISD/CSD,Two or more races,<120
2024-2025,9,WILBARGER COUNTY,244903,VERNON ISD,TRADITIONAL ISD/CSD,White,473
2024-2025,3,VICTORIA COUNTY,235902,VICTORIA ISD,TRADITIONAL ISD/CSD,American Indian or Alaska Nat,<40
2024-2025,3,VICTORIA COUNTY,235902,VICTORIA ISD,TRADITIONAL ISD/CSD,Asian,126
2024-2025,3,VICTORIA COUNTY,235902,VICTORIA ISD,TRADITIONAL ISD/CSD,Black or African American,698
2024-2025,3,VICTORIA COUNTY,235902,VICTORIA ISD,TRADITIONAL ISD/CSD,Hispanic/Latino,8883
2024-2025,3,VICTORIA COUNTY,235902,VICTORIA ISD,TRADITIONAL ISD/CSD,Native Hawaiian/Other Pacific,<10
2024-2025,3,VICTORIA COUNTY,235902,VICTORIA ISD,TRADITIONAL ISD/CSD,Two or more races,252
2024-2025,3,VICTORIA COUNTY,235902,VICTORIA ISD,TRADITIONAL ISD/CSD,White,2922
2024-2025,5,ORANGE COUNTY,181907,VIDOR ISD,TRADITIONAL ISD/CSD,American Indian or Alaska Nat,13
2024-2025,5,ORANGE COUNTY,181907,VIDOR ISD,TRADITIONAL ISD/CSD,Asian,34
2024-2025,5,ORANGE COUNTY,181907,VIDOR ISD,TRADITIONAL ISD/CSD,Black or African American,<10
2024-2025,5,ORANGE COUNTY,181907,VIDOR ISD,TRADITIONAL ISD/CSD,Hispanic/Latino,483
2024-2025,5,ORANGE COUNTY,181907,VIDOR ISD,TRADITIONAL ISD/CSD,Native Hawaiian/Other Pacific,<10
2024-2025,5,ORANGE COUNTY,181907,VIDOR ISD,TRADITIONAL ISD/CSD,Two or more races,110
2024-2025,5,ORANGE COUNTY,181907,VIDOR ISD,TRADITIONAL ISD/CSD,White,3510
2024-2025,10,DALLAS COUNTY,57847,VILLAGE TECH SCHOOLS,OPEN ENROLLMENT CHARTER,American Indian or Alaska Nat,<10
2024-2025,10,DALLAS COUNTY,57847,VILLAGE TECH SCHOOLS,OPEN ENROLLMENT CHARTER,Asian,<10
2024-2025,10,DALLAS COUNTY,57847,VILLAGE TECH SCHOOLS,OPEN ENROLLMENT CHARTER,Black or African American,487
2024-2025,10,DALLAS COUNTY,57847,VILLAGE TECH SCHOOLS,OPEN ENROLLMENT CHARTER,Hispanic/Latino,615
2024-2025,10,DALLAS COUNTY,57847,VILLAGE TECH SCHOOLS,OPEN ENROLLMENT CHARTER,Two or more races,78
2024-2025,10,DALLAS COUNTY,57847,VILLAGE TECH SCHOOLS,OPEN ENROLLMENT CHARTER,White,143
2024-2025,19,EL PASO COUNTY,71809,VISTA DEL FUTURO CHARTER SCHOOL,OPEN ENROLLMENT CHARTER,Asian,<10
2024-2025,19,EL PASO COUNTY,71809,VISTA DEL FUTURO CHARTER SCHOOL,OPEN ENROLLMENT CHARTER,Black or African American,13
2024-2025,19,EL PASO COUNTY,71809,VISTA DEL FUTURO CHARTER SCHOOL,OPEN ENROLLMENT CHARTER,Hispanic/Latino,328
2024-2025,19,EL PASO COUNTY,71809,VISTA DEL FUTURO CHARTER SCHOOL,OPEN ENROLLMENT CHARTER,Two or more races,<10
2024-2025,19,EL PASO COUNTY,71809,VISTA DEL FUTURO CHARTER SCHOOL,OPEN ENROLLMENT CHARTER,White,17
2024-2025,3,LAVACA COUNTY,143904,VYSEHRAD ISD,TRADITIONAL ISD/CSD,Black or African American,10
2024-2025,3,LAVACA COUNTY,143904,VYSEHRAD ISD,TRADITIONAL ISD/CSD,Hispanic/Latino,<10
2024-2025,3,LAVACA COUNTY,143904,VYSEHRAD ISD,TRADITIONAL ISD/CSD,Two or more races,<10
2024-2025,3,LAVACA COUNTY,143904,VYSEHRAD ISD,TRADITIONAL ISD/CSD,White,54
2024-2025,12,MCLENNAN COUNTY,161914,WACO ISD,TRADITIONAL ISD/CSD,American Indian or Alaska Nat,<30
2024-2025,12,MCLENNAN COUNTY,161914,WACO ISD,TRADITIONAL ISD/CSD,Asian,34
2024-2025,12,MCLENNAN COUNTY,161914,WACO ISD,TRADITIONAL ISD/CSD,Black or African American,3583
2024-2025,12,MCLENNAN COUNTY,161914,WACO ISD,TRADITIONAL ISD/CSD,Hispanic/Latino,8359
2024-2025,12,MCLENNAN COUNTY,161914,WACO ISD,TRADITIONAL ISD/CSD,Native Hawaiian/Other Pacific,<10
2024-2025,12,MCLENNAN COUNTY,161914,WACO ISD,TRADITIONAL ISD/CSD,Two or more races,360
2024-2025,12,MCLENNAN COUNTY,161914,WACO ISD,TRADITIONAL ISD/CSD,White,1012
2024-2025,13,GONZALES COUNTY,89905,WAELDER ISD,TRADITIONAL ISD/CSD,Black or African American,<20
2024-2025,13,GONZALES COUNTY,89905,WAELDER ISD,TRADITIONAL ISD/CSD,Hispanic/Latino,259
2024-2025,13,GONZALES COUNTY,89905,WAELDER ISD,TRADITIONAL ISD/CSD,Two or more races,<10
2024-2025,13,GONZALES COUNTY,89905,WAELDER ISD,TRADITIONAL ISD/CSD,White,23
2024-2025,16,DEAF SMITH COUNTY,59902,WALCOTT ISD,TRADITIONAL ISD/CSD,Hispanic/Latino,114
2024-2025,16,DEAF SMITH COUNTY,59902,WALCOTT ISD,TRADITIONAL ISD/CSD,Two or more races,<10
2024-2025,16,DEAF SMITH COUNTY,59902,WALCOTT ISD,TRADITIONAL ISD/CSD,White,<40
2024-2025,15,TOM GREEN COUNTY,226906,WALL ISD,TRADITIONAL ISD/CSD,American Indian or Alaska Nat,<10
2024-2025,15,TOM GREEN COUNTY,226906,WALL ISD,TRADITIONAL ISD/CSD,Black or African American,<10
2024-2025,15,TOM GREEN COUNTY,226906,WALL ISD,TRADITIONAL ISD/CSD,Hispanic/Latino,281
2024-2025,15,TOM GREEN COUNTY,226906,WALL ISD,TRADITIONAL ISD/CSD,Native Hawaiian/Other Pacific,<10
2024-2025,15,TOM GREEN COUNTY,226906,WALL ISD,TRADITIONAL ISD/CSD,Two or more races,29
2024-2025,15,TOM GREEN COUNTY,226906,WALL ISD,TRADITIONAL ISD/CSD,White,995
2024-2025,4,WALLER COUNTY,237904,WALLER ISD,TRADITIONAL ISD/CSD,American Indian or Alaska Nat,<30
2024-2025,4,WALLER COUNTY,237904,WALLER ISD,TRADITIONAL ISD/CSD,Asian,191
2024-2025,4,WALLER COUNTY,237904,WALLER ISD,TRADITIONAL ISD/CSD,Black or African American,1302
2024-2025,4,WALLER COUNTY,237904,WALLER ISD,TRADITIONAL ISD/CSD,Hispanic/Latino,5643
2024-2025,4,WALLER COUNTY,237904,WALLER ISD,TRADITIONAL ISD/CSD,Native Hawaiian/Other Pacific,<10
2024-2025,4,WALLER COUNTY,237904,WALLER ISD,TRADITIONAL ISD/CSD,Two or more races,260
2024-2025,4,WALLER COUNTY,237904,WALLER ISD,TRADITIONAL ISD/CSD,White,2477
2024-2025,11,COOKE COUNTY,49908,WALNUT BEND ISD,TRADITIONAL ISD/CSD,Hispanic/Latino,22
2024-2025,11,COOKE COUNTY,49908,WALNUT BEND ISD,TRADITIONAL ISD/CSD,Native Hawaiian/Other Pacific,<10
2024-2025,11,COOKE COUNTY,49908,WALNUT BEND ISD,TRADITIONAL ISD/CSD,Two or more races,<10
2024-2025,11,COOKE COUNTY,49908,WALNUT BEND ISD,TRADITIONAL ISD/CSD,White,47
2024-2025,12,BOSQUE COUNTY,18905,WALNUT SPRINGS ISD,TRADITIONAL ISD/CSD,Asian,<10
2024-2025,12,BOSQUE COUNTY,18905,WALNUT SPRINGS ISD,TRADITIONAL ISD/CSD,Hispanic/Latino,99
2024-2025,12,BOSQUE COUNTY,18905,WALNUT SPRINGS ISD,TRADITIONAL ISD/CSD,Two or more races,<10
2024-2025,12,BOSQUE COUNTY,18905,WALNUT SPRINGS ISD,TRADITIONAL ISD/CSD,White,63
2024-2025,5,TYLER COUNTY,229904,WARREN ISD,TRADITIONAL ISD/CSD,American Indian or Alaska Nat,<10
2024-2025,5,TYLER COUNTY,229904,WARREN ISD,TRADITIONAL ISD/CSD,Asian,<10
2024-2025,5,TYLER COUNTY,229904,WARREN ISD,TRADITIONAL ISD/CSD,Black or African American,<10
2024-2025,5,TYLER COUNTY,229904,WARREN ISD,TRADITIONAL ISD/CSD,Hispanic/Latino,99
2024-2025,5,TYLER COUNTY,229904,WARREN ISD,TRADITIONAL ISD/CSD,Native Hawaiian/Other Pacific,<10
2024-2025,5,TYLER COUNTY,229904,WARREN ISD,TRADITIONAL ISD/CSD,Two or more races,47
2024-2025,5,TYLER COUNTY,229904,WARREN ISD,TRADITIONAL ISD/CSD,White,1013
2024-2025,7,HARRISON COUNTY,102903,WASKOM ISD,TRADITIONAL ISD/CSD,American Indian or Alaska Nat,<10
2024-2025,7,HARRISON COUNTY,102903,WASKOM ISD,TRADITIONAL ISD/CSD,Asian,<10
2024-2025,7,HARRISON COUNTY,102903,WASKOM ISD,TRADITIONAL ISD/CSD,Black or African American,124
2024-2025,7,HARRISON COUNTY,102903,WASKOM ISD,TRADITIONAL ISD/CSD,Hispanic/Latino,227
2024-2025,7,HARRISON COUNTY,102903,WASKOM ISD,TRADITIONAL ISD/CSD,Native Hawaiian/Other Pacific,<10
2024-2025,7,HARRISON COUNTY,102903,WASKOM ISD,TRADITIONAL ISD/CSD,Two or more races,71
2024-2025,7,HARRISON COUNTY,102903,WASKOM ISD,TRADITIONAL ISD/CSD,White,376
2024-2025,15,TOM GREEN COUNTY,226905,WATER VALLEY ISD,TRADITIONAL ISD/CSD,Black or African American,<10
2024-2025,15,TOM GREEN COUNTY,226905,WATER VALLEY ISD,TRADITIONAL ISD/CSD,Hispanic/Latino,85
2024-2025,15,TOM GREEN COUNTY,226905,WATER VALLEY ISD,TRADITIONAL ISD/CSD,Two or more races,<20
2024-2025,15,TOM GREEN COUNTY,226905,WATER VALLEY ISD,TRADITIONAL ISD/CSD,White,202
2024-2025,10,ELLIS COUNTY,70912,WAXAHACHIE ISD,TRADITIONAL ISD/CSD,American Indian or Alaska Nat,20
2024-2025,10,ELLIS COUNTY,70912,WAXAHACHIE ISD,TRADITIONAL ISD/CSD,Asian,90
2024-2025,10,ELLIS COUNTY,70912,WAXAHACHIE ISD,TRADITIONAL ISD/CSD,Black or African American,2150
2024-2025,10,ELLIS COUNTY,70912,WAXAHACHIE ISD,TRADITIONAL ISD/CSD,Hispanic/Latino,4531
2024-2025,10,ELLIS COUNTY,70912,WAXAHACHIE ISD,TRADITIONAL ISD/CSD,Native Hawaiian/Other Pacific,10
2024-2025,10,ELLIS COUNTY,70912,WAXAHACHIE ISD,TRADITIONAL ISD/CSD,Two or more races,499
2024-2025,10,ELLIS COUNTY,70912,WAXAHACHIE ISD,TRADITIONAL ISD/CSD,White,3896
2024-2025,13,TRAVIS COUNTY,227803,WAYSIDE SCHOOLS,OPEN ENROLLMENT CHARTER,American Indian or Alaska Nat,<10
2024-2025,13,TRAVIS COUNTY,227803,WAYSIDE SCHOOLS,OPEN ENROLLMENT CHARTER,Asian,12
2024-2025,13,TRAVIS COUNTY,227803,WAYSIDE SCHOOLS,OPEN ENROLLMENT CHARTER,Black or African American,80
2024-2025,13,TRAVIS COUNTY,227803,WAYSIDE SCHOOLS,OPEN ENROLLMENT CHARTER,Hispanic/Latino,1524
2024-2025,13,TRAVIS COUNTY,227803,WAYSIDE SCHOOLS,OPEN ENROLLMENT CHARTER,Native Hawaiian/Other Pacific,<10
2024-2025,13,TRAVIS COUNTY,227803,WAYSIDE SCHOOLS,OPEN ENROLLMENT CHARTER,Two or more races,37
2024-2025,13,TRAVIS COUNTY,227803,WAYSIDE SCHOOLS,OPEN ENROLLMENT CHARTER,White,127
2024-2025,11,PARKER COUNTY,184903,WEATHERFORD ISD,TRADITIONAL ISD/CSD,American Indian or Alaska Nat,71
2024-2025,11,PARKER COUNTY,184903,WEATHERFORD ISD,TRADITIONAL ISD/CSD,Asian,<60
2024-2025,11,PARKER COUNTY,184903,WEATHERFORD ISD,TRADITIONAL ISD/CSD,Black or African American,159
2024-2025,11,PARKER COUNTY,184903,WEATHERFORD ISD,TRADITIONAL ISD/CSD,Hispanic/Latino,2572
2024-2025,11,PARKER COUNTY,184903,WEATHERFORD ISD,TRADITIONAL ISD/CSD,Native Hawaiian/Other Pacific,<10
2024-2025,11,PARKER COUNTY,184903,WEATHERFORD ISD,TRADITIONAL ISD/CSD,Two or more races,357
2024-2025,11,PARKER COUNTY,184903,WEATHERFORD ISD,TRADITIONAL ISD/CSD,White,4804
2024-2025,1,WEBB COUNTY,240904,WEBB CISD,TRADITIONAL ISD/CSD,Black or African American,<10
2024-2025,1,WEBB COUNTY,240904,WEBB CISD,TRADITIONAL ISD/CSD,Hispanic/Latino,232
2024-2025,1,WEBB COUNTY,240904,WEBB CISD,TRADITIONAL ISD/CSD,White,<10
2024-2025,3,COLORADO COUNTY,45905,WEIMAR ISD,TRADITIONAL ISD/CSD,American Indian or Alaska Nat,<10
2024-2025,3,COLORADO COUNTY,45905,WEIMAR ISD,TRADITIONAL ISD/CSD,Asian,<10
2024-2025,3,COLORADO COUNTY,45905,WEIMAR ISD,TRADITIONAL ISD/CSD,Black or African American,75
2024-2025,3,COLORADO COUNTY,45905,WEIMAR ISD,TRADITIONAL ISD/CSD,Hispanic/Latino,315
2024-2025,3,COLORADO COUNTY,45905,WEIMAR ISD,TRADITIONAL ISD/CSD,Two or more races,13
2024-2025,3,COLORADO COUNTY,45905,WEIMAR ISD,TRADITIONAL ISD/CSD,White,327
2024-2025,16,COLLINGSWORTH COUNTY,44902,WELLINGTON ISD,TRADITIONAL ISD/CSD,American Indian or Alaska Nat,<10
2024-2025,16,COLLINGSWORTH COUNTY,44902,WELLINGTON ISD,TRADITIONAL ISD/CSD,Asian,<10
2024-2025,16,COLLINGSWORTH COUNTY,44902,WELLINGTON ISD,TRADITIONAL ISD/CSD,Black or African American,12
2024-2025,16,COLLINGSWORTH COUNTY,44902,WELLINGTON ISD,TRADITIONAL ISD/CSD,Hispanic/Latino,238
2024-2025,16,COLLINGSWORTH COUNTY,44902,WELLINGTON ISD,TRADITIONAL ISD/CSD,Two or more races,12
2024-2025,16,COLLINGSWORTH COUNTY,44902,WELLINGTON ISD,TRADITIONAL ISD/CSD,White,270
2024-2025,17,TERRY COUNTY,223904,WELLMAN-UNION CISD,TRADITIONAL ISD/CSD,Asian,<10
2024-2025,17,TERRY COUNTY,223904,WELLMAN-UNION CISD,TRADITIONAL ISD/CSD,Black or African American,<10
2024-2025,17,TERRY COUNTY,223904,WELLMAN-UNION CISD,TRADITIONAL ISD/CSD,Hispanic/Latino,93
2024-2025,17,TERRY COUNTY,223904,WELLMAN-UNION CISD,TRADITIONAL ISD/CSD,Two or more races,<10
2024-2025,17,TERRY COUNTY,223904,WELLMAN-UNION CISD,TRADITIONAL ISD/CSD,White,150
2024-2025,7,CHEROKEE COUNTY,37909,WELLS ISD,TRADITIONAL ISD/CSD,Black or African American,18
2024-2025,7,CHEROKEE COUNTY,37909,WELLS ISD,TRADITIONAL ISD/CSD,Hispanic/Latino,26
2024-2025,7,CHEROKEE COUNTY,37909,WELLS ISD,TRADITIONAL ISD/CSD,Two or more races,13
2024-2025,7,CHEROKEE COUNTY,37909,WELLS ISD,TRADITIONAL ISD/CSD,White,182
2024-2025,1,HIDALGO COUNTY,108913,WESLACO ISD,TRADITIONAL ISD/CSD,American Indian or Alaska Nat,<10
2024-2025,1,HIDALGO COUNTY,108913,WESLACO ISD,TRADITIONAL ISD/CSD,Asian,17
2024-2025,1,HIDALGO COUNTY,108913,WESLACO ISD,TRADITIONAL ISD/CSD,Black or African American,31
2024-2025,1,HIDALGO COUNTY,108913,WESLACO ISD,TRADITIONAL ISD/CSD,Hispanic/Latino,15977
2024-2025,1,HIDALGO COUNTY,108913,WESLACO ISD,TRADITIONAL ISD/CSD,Native Hawaiian/Other Pacific,<10
2024-2025,1,HIDALGO COUNTY,108913,WESLACO ISD,TRADITIONAL ISD/CSD,Two or more races,16
2024-2025,1,HIDALGO COUNTY,108913,WESLACO ISD,TRADITIONAL ISD/CSD,White,249
2024-2025,5,HARDIN COUNTY,100908,WEST HARDIN COUNTY CISD,TRADITIONAL ISD/CSD,Black or African American,<10
2024-2025,5,HARDIN COUNTY,100908,WEST HARDIN COUNTY CISD,TRADITIONAL ISD/CSD,Hispanic/Latino,44
2024-2025,5,HARDIN COUNTY,100908,WEST HARDIN COUNTY CISD,TRADITIONAL ISD/CSD,Two or more races,<30
2024-2025,5,HARDIN COUNTY,100908,WEST HARDIN COUNTY CISD,TRADITIONAL ISD/CSD,White,469
2024-2025,12,MCLENNAN COUNTY,161916,WEST ISD,TRADITIONAL ISD/CSD,American Indian or Alaska Nat,<10
2024-2025,12,MCLENNAN COUNTY,161916,WEST ISD,TRADITIONAL ISD/CSD,Asian,<10
2024-2025,12,MCLENNAN COUNTY,161916,WEST ISD,TRADITIONAL ISD/CSD,Black or African American,20
2024-2025,12,MCLENNAN COUNTY,161916,WEST ISD,TRADITIONAL ISD/CSD,Hispanic/Latino,262
2024-2025,12,MCLENNAN COUNTY,161916,WEST ISD,TRADITIONAL ISD/CSD,Native Hawaiian/Other Pacific,<10
2024-2025,12,MCLENNAN COUNTY,161916,WEST ISD,TRADITIONAL ISD/CSD,Two or more races,26
2024-2025,12,MCLENNAN COUNTY,161916,WEST ISD,TRADITIONAL ISD/CSD,White,987
2024-2025,5,ORANGE COUNTY,181906,WEST ORANGE-COVE CISD,TRADITIONAL ISD/CSD,American Indian or Alaska Nat,<10
2024-2025,5,ORANGE COUNTY,181906,WEST ORANGE-COVE CISD,TRADITIONAL ISD/CSD,Asian,10
2024-2025,5,ORANGE COUNTY,181906,WEST ORANGE-COVE CISD,TRADITIONAL ISD/CSD,Black or African American,1388
2024-2025,5,ORANGE COUNTY,181906,WEST ORANGE-COVE CISD,TRADITIONAL ISD/CSD,Hispanic/Latino,606
2024-2025,5,ORANGE COUNTY,181906,WEST ORANGE-COVE CISD,TRADITIONAL ISD/CSD,Native Hawaiian/Other Pacific,<10
2024-2025,5,ORANGE COUNTY,181906,WEST ORANGE-COVE CISD,TRADITIONAL ISD/CSD,Two or more races,164
2024-2025,5,ORANGE COUNTY,181906,WEST ORANGE-COVE CISD,TRADITIONAL ISD/CSD,White,414
2024-2025,2,NUECES COUNTY,178915,WEST OSO ISD,TRADITIONAL ISD/CSD,American Indian or Alaska Nat,<10
2024-2025,2,NUECES COUNTY,178915,WEST OSO ISD,TRADITIONAL ISD/CSD,Asian,<10
2024-2025,2,NUECES COUNTY,178915,WEST OSO ISD,TRADITIONAL ISD/CSD,Black or African American,172
2024-2025,2,NUECES COUNTY,178915,WEST OSO ISD,TRADITIONAL ISD/CSD,Hispanic/Latino,1547
2024-2025,2,NUECES COUNTY,178915,WEST OSO ISD,TRADITIONAL ISD/CSD,Two or more races,11
2024-2025,2,NUECES COUNTY,178915,WEST OSO ISD,TRADITIONAL ISD/CSD,White,45
2024-2025,7,RUSK COUNTY,201914,WEST RUSK COUNTY CONSOLIDATED ISD,TRADITIONAL ISD/CSD,American Indian or Alaska Nat,<10
2024-2025,7,RUSK COUNTY,201914,WEST RUSK COUNTY CONSOLIDATED ISD,TRADITIONAL ISD/CSD,Asian,<10
2024-2025,7,RUSK COUNTY,201914,WEST RUSK COUNTY CONSOLIDATED ISD,TRADITIONAL ISD/CSD,Black or African American,91
2024-2025,7,RUSK COUNTY,201914,WEST RUSK COUNTY CONSOLIDATED ISD,TRADITIONAL ISD/CSD,Hispanic/Latino,323
2024-2025,7,RUSK COUNTY,201914,WEST RUSK COUNTY CONSOLIDATED ISD,TRADITIONAL ISD/CSD,Native Hawaiian/Other Pacific,<10
2024-2025,7,RUSK COUNTY,201914,WEST RUSK COUNTY CONSOLIDATED ISD,TRADITIONAL ISD/CSD,Two or more races,60
2024-2025,7,RUSK COUNTY,201914,WEST RUSK COUNTY CONSOLIDATED ISD,TRADITIONAL ISD/CSD,White,544
2024-2025,7,SABINE COUNTY,202905,WEST SABINE ISD,TRADITIONAL ISD/CSD,American Indian or Alaska Nat,<10
2024-2025,7,SABINE COUNTY,202905,WEST SABINE ISD,TRADITIONAL ISD/CSD,Asian,<10
2024-2025,7,SABINE COUNTY,202905,WEST SABINE ISD,TRADITIONAL ISD/CSD,Black or African American,66
2024-2025,7,SABINE COUNTY,202905,WEST SABINE ISD,TRADITIONAL ISD/CSD,Hispanic/Latino,30
2024-2025,7,SABINE COUNTY,202905,WEST SABINE ISD,TRADITIONAL ISD/CSD,Two or more races,39
2024-2025,7,SABINE COUNTY,202905,WEST SABINE ISD,TRADITIONAL ISD/CSD,White,501
2024-2025,14,MITCHELL COUNTY,168903,WESTBROOK ISD,TRADITIONAL ISD/CSD,Black or African American,<10
2024-2025,14,MITCHELL COUNTY,168903,WESTBROOK ISD,TRADITIONAL ISD/CSD,Hispanic/Latino,64
2024-2025,14,MITCHELL COUNTY,168903,WESTBROOK ISD,TRADITIONAL ISD/CSD,Two or more races,<10
2024-2025,14,MITCHELL COUNTY,168903,WESTBROOK ISD,TRADITIONAL ISD/CSD,White,152
2024-2025,3,DEWITT COUNTY,62905,WESTHOFF ISD,TRADITIONAL ISD/CSD,Black or African American,<10
2024-2025,3,DEWITT COUNTY,62905,WESTHOFF ISD,TRADITIONAL ISD/CSD,Hispanic/Latino,<40
2024-2025,3,DEWITT COUNTY,62905,WESTHOFF ISD,TRADITIONAL ISD/CSD,White,45
2024-2025,11,TARRANT COUNTY,220810,WESTLAKE ACADEMY CHARTER SCHOOL,OPEN ENROLLMENT CHARTER,American Indian or Alaska Nat,<10
2024-2025,11,TARRANT COUNTY,220810,WESTLAKE ACADEMY CHARTER SCHOOL,OPEN ENROLLMENT CHARTER,Asian,212
2024-2025,11,TARRANT COUNTY,220810,WESTLAKE ACADEMY CHARTER SCHOOL,OPEN ENROLLMENT CHARTER,Black or African American,52
2024-2025,11,TARRANT COUNTY,220810,WESTLAKE ACADEMY CHARTER SCHOOL,OPEN ENROLLMENT CHARTER,Hispanic/Latino,112
2024-2025,11,TARRANT COUNTY,220810,WESTLAKE ACADEMY CHARTER SCHOOL,OPEN ENROLLMENT CHARTER,Native Hawaiian/Other Pacific,<10
2024-2025,11,TARRANT COUNTY,220810,WESTLAKE ACADEMY CHARTER SCHOOL,OPEN ENROLLMENT CHARTER,Two or more races,66
2024-2025,11,TARRANT COUNTY,220810,WESTLAKE ACADEMY CHARTER SCHOOL,OPEN ENROLLMENT CHARTER,White,428
2024-2025,12,FALLS COUNTY,73904,WESTPHALIA ISD,TRADITIONAL ISD/CSD,Black or African American,<10
2024-2025,12,FALLS COUNTY,73904,WESTPHALIA ISD,TRADITIONAL ISD/CSD,Hispanic/Latino,<10
2024-2025,12,FALLS COUNTY,73904,WESTPHALIA ISD,TRADITIONAL ISD/CSD,Two or more races,<10
2024-2025,12,FALLS COUNTY,73904,WESTPHALIA ISD,TRADITIONAL ISD/CSD,White,146
2024-2025,7,ANDERSON COUNTY,1908,WESTWOOD ISD,TRADITIONAL ISD/CSD,American Indian or Alaska Nat,<20
2024-2025,7,ANDERSON COUNTY,1908,WESTWOOD ISD,TRADITIONAL ISD/CSD,Asian,<10
2024-2025,7,ANDERSON COUNTY,1908,WESTWOOD ISD,TRADITIONAL ISD/CSD,Black or African American,294
2024-2025,7,ANDERSON COUNTY,1908,WESTWOOD ISD,TRADITIONAL ISD/CSD,Hispanic/Latino,346
2024-2025,7,ANDERSON COUNTY,1908,WESTWOOD ISD,TRADITIONAL ISD/CSD,Two or more races,76
2024-2025,7,ANDERSON COUNTY,1908,WESTWOOD ISD,TRADITIONAL ISD/CSD,White,656
2024-2025,3,WHARTON COUNTY,241904,WHARTON ISD,TRADITIONAL ISD/CSD,American Indian or Alaska Nat,<10
2024-2025,3,WHARTON COUNTY,241904,WHARTON ISD,TRADITIONAL ISD/CSD,Asian,10
2024-2025,3,WHARTON COUNTY,241904,WHARTON ISD,TRADITIONAL ISD/CSD,Black or African American,442
2024-2025,3,WHARTON COUNTY,241904,WHARTON ISD,TRADITIONAL ISD/CSD,Hispanic/Latino,1106
2024-2025,3,WHARTON COUNTY,241904,WHARTON ISD,TRADITIONAL ISD/CSD,Native Hawaiian/Other Pacific,<10
2024-2025,3,WHARTON COUNTY,241904,WHARTON ISD,TRADITIONAL ISD/CSD,Two or more races,40
2024-2025,3,WHARTON COUNTY,241904,WHARTON ISD,TRADITIONAL ISD/CSD,White,163
2024-2025,16,WHEELER COUNTY,242903,WHEELER ISD,TRADITIONAL ISD/CSD,American Indian or Alaska Nat,<10
2024-2025,16,WHEELER COUNTY,242903,WHEELER ISD,TRADITIONAL ISD/CSD,Hispanic/Latino,194
2024-2025,16,WHEELER COUNTY,242903,WHEELER ISD,TRADITIONAL ISD/CSD,Two or more races,<10
2024-2025,16,WHEELER COUNTY,242903,WHEELER ISD,TRADITIONAL ISD/CSD,White,169
2024-2025,16,CARSON COUNTY,33904,WHITE DEER ISD,TRADITIONAL ISD/CSD,American Indian or Alaska Nat,<10
2024-2025,16,CARSON COUNTY,33904,WHITE DEER ISD,TRADITIONAL ISD/CSD,Black or African American,<10
2024-2025,16,CARSON COUNTY,33904,WHITE DEER ISD,TRADITIONAL ISD/CSD,Hispanic/Latino,58
2024-2025,16,CARSON COUNTY,33904,WHITE DEER ISD,TRADITIONAL ISD/CSD,Two or more races,<10
2024-2025,16,CARSON COUNTY,33904,WHITE DEER ISD,TRADITIONAL ISD/CSD,White,255
2024-2025,7,GREGG COUNTY,92908,WHITE OAK ISD,TRADITIONAL ISD/CSD,American Indian or Alaska Nat,<10
2024-2025,7,GREGG COUNTY,92908,WHITE OAK ISD,TRADITIONAL ISD/CSD,Asian,<10
2024-2025,7,GREGG COUNTY,92908,WHITE OAK ISD,TRADITIONAL ISD/CSD,Black or African American,28
2024-2025,7,GREGG COUNTY,92908,WHITE OAK ISD,TRADITIONAL ISD/CSD,Hispanic/Latino,124
2024-2025,7,GREGG COUNTY,92908,WHITE OAK ISD,TRADITIONAL ISD/CSD,Two or more races,90
2024-2025,7,GREGG COUNTY,92908,WHITE OAK ISD,TRADITIONAL ISD/CSD,White,1175
2024-2025,11,TARRANT COUNTY,220920,WHITE SETTLEMENT ISD,TRADITIONAL ISD/CSD,American Indian or Alaska Nat,33
2024-2025,11,TARRANT COUNTY,220920,WHITE SETTLEMENT ISD,TRADITIONAL ISD/CSD,Asian,83
2024-2025,11,TARRANT COUNTY,220920,WHITE SETTLEMENT ISD,TRADITIONAL ISD/CSD,Black or African American,819
2024-2025,11,TARRANT COUNTY,220920,WHITE SETTLEMENT ISD,TRADITIONAL ISD/CSD,Hispanic/Latino,3241
2024-2025,11,TARRANT COUNTY,220920,WHITE SETTLEMENT ISD,TRADITIONAL ISD/CSD,Native Hawaiian/Other Pacific,19
2024-2025,11,TARRANT COUNTY,220920,WHITE SETTLEMENT ISD,TRADITIONAL ISD/CSD,Two or more races,406
2024-2025,11,TARRANT COUNTY,220920,WHITE SETTLEMENT ISD,TRADITIONAL ISD/CSD,White,2230
2024-2025,17,COCHRAN COUNTY,40902,WHITEFACE CISD,TRADITIONAL ISD/CSD,American Indian or Alaska Nat,<10
2024-2025,17,COCHRAN COUNTY,40902,WHITEFACE CISD,TRADITIONAL ISD/CSD,Hispanic/Latino,168
2024-2025,17,COCHRAN COUNTY,40902,WHITEFACE CISD,TRADITIONAL ISD/CSD,Two or more races,<10
2024-2025,17,COCHRAN COUNTY,40902,WHITEFACE CISD,TRADITIONAL ISD/CSD,White,117
2024-2025,7,SMITH COUNTY,212906,WHITEHOUSE ISD,TRADITIONAL ISD/CSD,American Indian or Alaska Nat,<20
2024-2025,7,SMITH COUNTY,212906,WHITEHOUSE ISD,TRADITIONAL ISD/CSD,Asian,159
2024-2025,7,SMITH COUNTY,212906,WHITEHOUSE ISD,TRADITIONAL ISD/CSD,Black or African American,592
2024-2025,7,SMITH COUNTY,212906,WHITEHOUSE ISD,TRADITIONAL ISD/CSD,Hispanic/Latino,754
2024-2025,7,SMITH COUNTY,212906,WHITEHOUSE ISD,TRADITIONAL ISD/CSD,Native Hawaiian/Other Pacific,<10
2024-2025,7,SMITH COUNTY,212906,WHITEHOUSE ISD,TRADITIONAL ISD/CSD,Two or more races,254
2024-2025,7,SMITH COUNTY,212906,WHITEHOUSE ISD,TRADITIONAL ISD/CSD,White,2901
2024-2025,10,GRAYSON COUNTY,91909,WHITESBORO ISD,TRADITIONAL ISD/CSD,American Indian or Alaska Nat,18
2024-2025,10,GRAYSON COUNTY,91909,WHITESBORO ISD,TRADITIONAL ISD/CSD,Asian,<10
2024-2025,10,GRAYSON COUNTY,91909,WHITESBORO ISD,TRADITIONAL ISD/CSD,Black or African American,<20
2024-2025,10,GRAYSON COUNTY,91909,WHITESBORO ISD,TRADITIONAL ISD/CSD,Hispanic/Latino,412
2024-2025,10,GRAYSON COUNTY,91909,WHITESBORO ISD,TRADITIONAL ISD/CSD,Native Hawaiian/Other Pacific,10
2024-2025,10,GRAYSON COUNTY,91909,WHITESBORO ISD,TRADITIONAL ISD/CSD,Two or more races,85
2024-2025,10,GRAYSON COUNTY,91909,WHITESBORO ISD,TRADITIONAL ISD/CSD,White,1259
2024-2025,10,GRAYSON COUNTY,91910,WHITEWRIGHT ISD,TRADITIONAL ISD/CSD,American Indian or Alaska Nat,<10
2024-2025,10,GRAYSON COUNTY,91910,WHITEWRIGHT ISD,TRADITIONAL ISD/CSD,Black or African American,23
2024-2025,10,GRAYSON COUNTY,91910,WHITEWRIGHT ISD,TRADITIONAL ISD/CSD,Hispanic/Latino,131
2024-2025,10,GRAYSON COUNTY,91910,WHITEWRIGHT ISD,TRADITIONAL ISD/CSD,Native Hawaiian/Other Pacific,<10
2024-2025,10,GRAYSON COUNTY,91910,WHITEWRIGHT ISD,TRADITIONAL ISD/CSD,Two or more races,65
2024-2025,10,GRAYSON COUNTY,91910,WHITEWRIGHT ISD,TRADITIONAL ISD/CSD,White,579
2024-2025,17,HOCKLEY COUNTY,110908,WHITHARRAL ISD,TRADITIONAL ISD/CSD,American Indian or Alaska Nat,<10
2024-2025,17,HOCKLEY COUNTY,110908,WHITHARRAL ISD,TRADITIONAL ISD/CSD,Black or African American,<10
2024-2025,17,HOCKLEY COUNTY,110908,WHITHARRAL ISD,TRADITIONAL ISD/CSD,Hispanic/Latino,94
2024-2025,17,HOCKLEY COUNTY,110908,WHITHARRAL ISD,TRADITIONAL ISD/CSD,Two or more races,<10
2024-2025,17,HOCKLEY COUNTY,110908,WHITHARRAL ISD,TRADITIONAL ISD/CSD,White,127
2024-2025,12,HILL COUNTY,109911,WHITNEY ISD,TRADITIONAL ISD/CSD,American Indian or Alaska Nat,<10
2024-2025,12,HILL COUNTY,109911,WHITNEY ISD,TRADITIONAL ISD/CSD,Asian,<10
2024-2025,12,HILL COUNTY,109911,WHITNEY ISD,TRADITIONAL ISD/CSD,Black or African American,49
2024-2025,12,HILL COUNTY,109911,WHITNEY ISD,TRADITIONAL ISD/CSD,Hispanic/Latino,378
2024-2025,12,HILL COUNTY,109911,WHITNEY ISD,TRADITIONAL ISD/CSD,Native Hawaiian/Other Pacific,<10
2024-2025,12,HILL COUNTY,109911,WHITNEY ISD,TRADITIONAL ISD/CSD,Two or more races,62
2024-2025,12,HILL COUNTY,109911,WHITNEY ISD,TRADITIONAL ISD/CSD,White,958
2024-2025,9,WICHITA COUNTY,243905,WICHITA FALLS ISD,TRADITIONAL ISD/CSD,American Indian or Alaska Nat,59
2024-2025,9,WICHITA COUNTY,243905,WICHITA FALLS ISD,TRADITIONAL ISD/CSD,Asian,248
2024-2025,9,WICHITA COUNTY,243905,WICHITA FALLS ISD,TRADITIONAL ISD/CSD,Black or African American,1784
2024-2025,9,WICHITA COUNTY,243905,WICHITA FALLS ISD,TRADITIONAL ISD/CSD,Hispanic/Latino,5135
2024-2025,9,WICHITA COUNTY,243905,WICHITA FALLS ISD,TRADITIONAL ISD/CSD,Native Hawaiian/Other Pacific,13
2024-2025,9,WICHITA COUNTY,243905,WICHITA FALLS ISD,TRADITIONAL ISD/CSD,Two or more races,933
2024-2025,9,WICHITA COUNTY,243905,WICHITA FALLS ISD,TRADITIONAL ISD/CSD,White,4472
2024-2025,16,OLDHAM COUNTY,180904,WILDORADO ISD,TRADITIONAL ISD/CSD,American Indian or Alaska Nat,<10
2024-2025,16,OLDHAM COUNTY,180904,WILDORADO ISD,TRADITIONAL ISD/CSD,Asian,<10
2024-2025,16,OLDHAM COUNTY,180904,WILDORADO ISD,TRADITIONAL ISD/CSD,Hispanic/Latino,33
2024-2025,16,OLDHAM COUNTY,180904,WILDORADO ISD,TRADITIONAL ISD/CSD,Two or more races,<10
2024-2025,16,OLDHAM COUNTY,180904,WILDORADO ISD,TRADITIONAL ISD/CSD,White,173
2024-2025,6,MONTGOMERY COUNTY,170904,WILLIS ISD,TRADITIONAL ISD/CSD,American Indian or Alaska Nat,<50
2024-2025,6,MONTGOMERY COUNTY,170904,WILLIS ISD,TRADITIONAL ISD/CSD,Asian,74
2024-2025,6,MONTGOMERY COUNTY,170904,WILLIS ISD,TRADITIONAL ISD/CSD,Black or African American,828
2024-2025,6,MONTGOMERY COUNTY,170904,WILLIS ISD,TRADITIONAL ISD/CSD,Hispanic/Latino,3609
2024-2025,6,MONTGOMERY COUNTY,170904,WILLIS ISD,TRADITIONAL ISD/CSD,Native Hawaiian/Other Pacific,<10
2024-2025,6,MONTGOMERY COUNTY,170904,WILLIS ISD,TRADITIONAL ISD/CSD,Two or more races,361
2024-2025,6,MONTGOMERY COUNTY,170904,WILLIS ISD,TRADITIONAL ISD/CSD,White,4390
2024-2025,10,VAN ZANDT COUNTY,234907,WILLS POINT ISD,TRADITIONAL ISD/CSD,American Indian or Alaska Nat,<20
2024-2025,10,VAN ZANDT COUNTY,234907,WILLS POINT ISD,TRADITIONAL ISD/CSD,Asian,16
2024-2025,10,VAN ZANDT COUNTY,234907,WILLS POINT ISD,TRADITIONAL ISD/CSD,Black or African American,107
2024-2025,10,VAN ZANDT COUNTY,234907,WILLS POINT ISD,TRADITIONAL ISD/CSD,Hispanic/Latino,1113
2024-2025,10,VAN ZANDT COUNTY,234907,WILLS POINT ISD,TRADITIONAL ISD/CSD,Native Hawaiian/Other Pacific,<10
2024-2025,10,VAN ZANDT COUNTY,234907,WILLS POINT ISD,TRADITIONAL ISD/CSD,Two or more races,99
2024-2025,10,VAN ZANDT COUNTY,234907,WILLS POINT ISD,TRADITIONAL ISD/CSD,White,1544
2024-2025,17,LYNN COUNTY,153907,WILSON ISD,TRADITIONAL ISD/CSD,Black or African American,<10
2024-2025,17,LYNN COUNTY,153907,WILSON ISD,TRADITIONAL ISD/CSD,Hispanic/Latino,87
2024-2025,17,LYNN COUNTY,153907,WILSON ISD,TRADITIONAL ISD/CSD,Two or more races,<10
2024-2025,17,LYNN COUNTY,153907,WILSON ISD,TRADITIONAL ISD/CSD,White,39
2024-2025,13,HAYS COUNTY,105905,WIMBERLEY ISD,TRADITIONAL ISD/CSD,American Indian or Alaska Nat,18
2024-2025,13,HAYS COUNTY,105905,WIMBERLEY ISD,TRADITIONAL ISD/CSD,Asian,<10
2024-2025,13,HAYS COUNTY,105905,WIMBERLEY ISD,TRADITIONAL ISD/CSD,Black or African American,23
2024-2025,13,HAYS COUNTY,105905,WIMBERLEY ISD,TRADITIONAL ISD/CSD,Hispanic/Latino,722
2024-2025,13,HAYS COUNTY,105905,WIMBERLEY ISD,TRADITIONAL ISD/CSD,Native Hawaiian/Other Pacific,<10
2024-2025,13,HAYS COUNTY,105905,WIMBERLEY ISD,TRADITIONAL ISD/CSD,Two or more races,84
2024-2025,13,HAYS COUNTY,105905,WIMBERLEY ISD,TRADITIONAL ISD/CSD,White,1802
2024-2025,9,ARCHER COUNTY,5904,WINDTHORST ISD,TRADITIONAL ISD/CSD,American Indian or Alaska Nat,<10
2024-2025,9,ARCHER COUNTY,5904,WINDTHORST ISD,TRADITIONAL ISD/CSD,Asian,<10
2024-2025,9,ARCHER COUNTY,5904,WINDTHORST ISD,TRADITIONAL ISD/CSD,Black or African American,<10
2024-2025,9,ARCHER COUNTY,5904,WINDTHORST ISD,TRADITIONAL ISD/CSD,Hispanic/Latino,115
2024-2025,9,ARCHER COUNTY,5904,WINDTHORST ISD,TRADITIONAL ISD/CSD,Two or more races,<10
2024-2025,9,ARCHER COUNTY,5904,WINDTHORST ISD,TRADITIONAL ISD/CSD,White,383
2024-2025,10,DALLAS COUNTY,57828,WINFREE ACADEMY CHARTER SCHOOLS,OPEN ENROLLMENT CHARTER,American Indian or Alaska Nat,<10
2024-2025,10,DALLAS COUNTY,57828,WINFREE ACADEMY CHARTER SCHOOLS,OPEN ENROLLMENT CHARTER,Asian,12
2024-2025,10,DALLAS COUNTY,57828,WINFREE ACADEMY CHARTER SCHOOLS,OPEN ENROLLMENT CHARTER,Black or African American,287
2024-2025,10,DALLAS COUNTY,57828,WINFREE ACADEMY CHARTER SCHOOLS,OPEN ENROLLMENT CHARTER,Hispanic/Latino,610
2024-2025,10,DALLAS COUNTY,57828,WINFREE ACADEMY CHARTER SCHOOLS,OPEN ENROLLMENT CHARTER,Native Hawaiian/Other Pacific,<10
2024-2025,10,DALLAS COUNTY,57828,WINFREE ACADEMY CHARTER SCHOOLS,OPEN ENROLLMENT CHARTER,Two or more races,37
2024-2025,10,DALLAS COUNTY,57828,WINFREE ACADEMY CHARTER SCHOOLS,OPEN ENROLLMENT CHARTER,White,146
2024-2025,18,WINKLER COUNTY,248902,WINK-LOVING ISD,TRADITIONAL ISD/CSD,Asian,<10
2024-2025,18,WINKLER COUNTY,248902,WINK-LOVING ISD,TRADITIONAL ISD/CSD,Black or African American,<10
2024-2025,18,WINKLER COUNTY,248902,WINK-LOVING ISD,TRADITIONAL ISD/CSD,Hispanic/Latino,229
2024-2025,18,WINKLER COUNTY,248902,WINK-LOVING ISD,TRADITIONAL ISD/CSD,Two or more races,10
2024-2025,18,WINKLER COUNTY,248902,WINK-LOVING ISD,TRADITIONAL ISD/CSD,White,194
2024-2025,7,WOOD COUNTY,250907,WINNSBORO ISD,TRADITIONAL ISD/CSD,American Indian or Alaska Nat,<10
2024-2025,7,WOOD COUNTY,250907,WINNSBORO ISD,TRADITIONAL ISD/CSD,Asian,17
2024-2025,7,WOOD COUNTY,250907,WINNSBORO ISD,TRADITIONAL ISD/CSD,Black or African American,31
2024-2025,7,WOOD COUNTY,250907,WINNSBORO ISD,TRADITIONAL ISD/CSD,Hispanic/Latino,314
2024-2025,7,WOOD COUNTY,250907,WINNSBORO ISD,TRADITIONAL ISD/CSD,Native Hawaiian/Other Pacific,<10
2024-2025,7,WOOD COUNTY,250907,WINNSBORO ISD,TRADITIONAL ISD/CSD,Two or more races,58
2024-2025,7,WOOD COUNTY,250907,WINNSBORO ISD,TRADITIONAL ISD/CSD,White,1030
2024-2025,7,SMITH COUNTY,212910,WINONA ISD,TRADITIONAL ISD/CSD,American Indian or Alaska Nat,<10
2024-2025,7,SMITH COUNTY,212910,WINONA ISD,TRADITIONAL ISD/CSD,Asian,<10
2024-2025,7,SMITH COUNTY,212910,WINONA ISD,TRADITIONAL ISD/CSD,Black or African American,228
2024-2025,7,SMITH COUNTY,212910,WINONA ISD,TRADITIONAL ISD/CSD,Hispanic/Latino,453
2024-2025,7,SMITH COUNTY,212910,WINONA ISD,TRADITIONAL ISD/CSD,Native Hawaiian/Other Pacific,<10
2024-2025,7,SMITH COUNTY,212910,WINONA ISD,TRADITIONAL ISD/CSD,Two or more races,51
2024-2025,7,SMITH COUNTY,212910,WINONA ISD,TRADITIONAL ISD/CSD,White,423
2024-2025,15,RUNNELS COUNTY,200904,WINTERS ISD,TRADITIONAL ISD/CSD,Asian,<10
2024-2025,15,RUNNELS COUNTY,200904,WINTERS ISD,TRADITIONAL ISD/CSD,Black or African American,<10
2024-2025,15,RUNNELS COUNTY,200904,WINTERS ISD,TRADITIONAL ISD/CSD,Hispanic/Latino,321
2024-2025,15,RUNNELS COUNTY,200904,WINTERS ISD,TRADITIONAL ISD/CSD,Native Hawaiian/Other Pacific,<10
2024-2025,15,RUNNELS COUNTY,200904,WINTERS ISD,TRADITIONAL ISD/CSD,Two or more races,15
2024-2025,15,RUNNELS COUNTY,200904,WINTERS ISD,TRADITIONAL ISD/CSD,White,210
2024-2025,7,NACOGDOCHES COUNTY,174906,WODEN ISD,TRADITIONAL ISD/CSD,American Indian or Alaska Nat,<10
2024-2025,7,NACOGDOCHES COUNTY,174906,WODEN ISD,TRADITIONAL ISD/CSD,Asian,<10
2024-2025,7,NACOGDOCHES COUNTY,174906,WODEN ISD,TRADITIONAL ISD/CSD,Black or African American,16
2024-2025,7,NACOGDOCHES COUNTY,174906,WODEN ISD,TRADITIONAL ISD/CSD,Hispanic/Latino,233
2024-2025,7,NACOGDOCHES COUNTY,174906,WODEN ISD,TRADITIONAL ISD/CSD,Two or more races,18
2024-2025,7,NACOGDOCHES COUNTY,174906,WODEN ISD,TRADITIONAL ISD/CSD,White,612
2024-2025,10,HUNT COUNTY,116909,WOLFE CITY ISD,TRADITIONAL ISD/CSD,American Indian or Alaska Nat,<10
2024-2025,10,HUNT COUNTY,116909,WOLFE CITY ISD,TRADITIONAL ISD/CSD,Asian,<10
2024-2025,10,HUNT COUNTY,116909,WOLFE CITY ISD,TRADITIONAL ISD/CSD,Black or African American,14
2024-2025,10,HUNT COUNTY,116909,WOLFE CITY ISD,TRADITIONAL ISD/CSD,Hispanic/Latino,179
2024-2025,10,HUNT COUNTY,116909,WOLFE CITY ISD,TRADITIONAL ISD/CSD,Native Hawaiian/Other Pacific,<10
2024-2025,10,HUNT COUNTY,116909,WOLFE CITY ISD,TRADITIONAL ISD/CSD,Two or more races,27
2024-2025,10,HUNT COUNTY,116909,WOLFE CITY ISD,TRADITIONAL ISD/CSD,White,488
2024-2025,3,REFUGIO COUNTY,196902,WOODSBORO ISD,TRADITIONAL ISD/CSD,Black or African American,<20
2024-2025,3,REFUGIO COUNTY,196902,WOODSBORO ISD,TRADITIONAL ISD/CSD,Hispanic/Latino,233
2024-2025,3,REFUGIO COUNTY,196902,WOODSBORO ISD,TRADITIONAL ISD/CSD,Two or more races,<10
2024-2025,3,REFUGIO COUNTY,196902,WOODSBORO ISD,TRADITIONAL ISD/CSD,White,147
2024-2025,9,THROCKMORTON COUNTY,224902,WOODSON ISD,TRADITIONAL ISD/CSD,American Indian or Alaska Nat,<10
2024-2025,9,THROCKMORTON COUNTY,224902,WOODSON ISD,TRADITIONAL ISD/CSD,Asian,<10
2024-2025,9,THROCKMORTON COUNTY,224902,WOODSON ISD,TRADITIONAL ISD/CSD,Black or African American,<10
2024-2025,9,THROCKMORTON COUNTY,224902,WOODSON ISD,TRADITIONAL ISD/CSD,Hispanic/Latino,32
2024-2025,9,THROCKMORTON COUNTY,224902,WOODSON ISD,TRADITIONAL ISD/CSD,Two or more races,<10
2024-2025,9,THROCKMORTON COUNTY,224902,WOODSON ISD,TRADITIONAL ISD/CSD,White,140
2024-2025,5,TYLER COUNTY,229903,WOODVILLE ISD,TRADITIONAL ISD/CSD,American Indian or Alaska Nat,29
2024-2025,5,TYLER COUNTY,229903,WOODVILLE ISD,TRADITIONAL ISD/CSD,Asian,<10
2024-2025,5,TYLER COUNTY,229903,WOODVILLE ISD,TRADITIONAL ISD/CSD,Black or African American,246
2024-2025,5,TYLER COUNTY,229903,WOODVILLE ISD,TRADITIONAL ISD/CSD,Hispanic/Latino,175
2024-2025,5,TYLER COUNTY,229903,WOODVILLE ISD,TRADITIONAL ISD/CSD,Native Hawaiian/Other Pacific,<10
2024-2025,5,TYLER COUNTY,229903,WOODVILLE ISD,TRADITIONAL ISD/CSD,Two or more races,92
2024-2025,5,TYLER COUNTY,229903,WOODVILLE ISD,TRADITIONAL ISD/CSD,White,646
2024-2025,12,FREESTONE COUNTY,81905,WORTHAM ISD,TRADITIONAL ISD/CSD,Black or African American,46
2024-2025,12,FREESTONE COUNTY,81905,WORTHAM ISD,TRADITIONAL ISD/CSD,Hispanic/Latino,158
2024-2025,12,FREESTONE COUNTY,81905,WORTHAM ISD,TRADITIONAL ISD/CSD,Two or more races,35
2024-2025,12,FREESTONE COUNTY,81905,WORTHAM ISD,TRADITIONAL ISD/CSD,White,296
2024-2025,10,COLLIN COUNTY,43914,WYLIE ISD,TRADITIONAL ISD/CSD,American Indian or Alaska Nat,69
2024-2025,14,TAYLOR COUNTY,221912,WYLIE ISD,TRADITIONAL ISD/CSD,American Indian or Alaska Nat,<20
2024-2025,10,COLLIN COUNTY,43914,WYLIE ISD,TRADITIONAL ISD/CSD,Asian,3552
2024-2025,14,TAYLOR COUNTY,221912,WYLIE ISD,TRADITIONAL ISD/CSD,Asian,177
2024-2025,10,COLLIN COUNTY,43914,WYLIE ISD,TRADITIONAL ISD/CSD,Black or African American,3116
2024-2025,14,TAYLOR COUNTY,221912,WYLIE ISD,TRADITIONAL ISD/CSD,Black or African American,290
2024-2025,10,COLLIN COUNTY,43914,WYLIE ISD,TRADITIONAL ISD/CSD,Hispanic/Latino,4074
2024-2025,14,TAYLOR COUNTY,221912,WYLIE ISD,TRADITIONAL ISD/CSD,Hispanic/Latino,1372
2024-2025,10,COLLIN COUNTY,43914,WYLIE ISD,TRADITIONAL ISD/CSD,Native Hawaiian/Other Pacific,28
2024-2025,14,TAYLOR COUNTY,221912,WYLIE ISD,TRADITIONAL ISD/CSD,Native Hawaiian/Other Pacific,<10
2024-2025,10,COLLIN COUNTY,43914,WYLIE ISD,TRADITIONAL ISD/CSD,Two or more races,954
2024-2025,14,TAYLOR COUNTY,221912,WYLIE ISD,TRADITIONAL ISD/CSD,Two or more races,321
2024-2025,10,COLLIN COUNTY,43914,WYLIE ISD,TRADITIONAL ISD/CSD,White,7608
2024-2025,14,TAYLOR COUNTY,221912,WYLIE ISD,TRADITIONAL ISD/CSD,White,3419
2024-2025,7,WOOD COUNTY,250905,YANTIS ISD,TRADITIONAL ISD/CSD,American Indian or Alaska Nat,<10
2024-2025,7,WOOD COUNTY,250905,YANTIS ISD,TRADITIONAL ISD/CSD,Asian,<10
2024-2025,7,WOOD COUNTY,250905,YANTIS ISD,TRADITIONAL ISD/CSD,Hispanic/Latino,99
2024-2025,7,WOOD COUNTY,250905,YANTIS ISD,TRADITIONAL ISD/CSD,Two or more races,10
2024-2025,7,WOOD COUNTY,250905,YANTIS ISD,TRADITIONAL ISD/CSD,White,193
2024-2025,4,HARRIS COUNTY,101873,YELLOWSTONE COLLEGE PREPARATORY,OPEN ENROLLMENT CHARTER,American Indian or Alaska Nat,<10
2024-2025,4,HARRIS COUNTY,101873,YELLOWSTONE COLLEGE PREPARATORY,OPEN ENROLLMENT CHARTER,Black or African American,310
2024-2025,4,HARRIS COUNTY,101873,YELLOWSTONE COLLEGE PREPARATORY,OPEN ENROLLMENT CHARTER,Hispanic/Latino,<10
2024-2025,4,HARRIS COUNTY,101873,YELLOWSTONE COLLEGE PREPARATORY,OPEN ENROLLMENT CHARTER,White,<10
2024-2025,4,HARRIS COUNTY,101845,YES PREP PUBLIC SCHOOLS INC,OPEN ENROLLMENT CHARTER,American Indian or Alaska Nat,<50
2024-2025,4,HARRIS COUNTY,101845,YES PREP PUBLIC SCHOOLS INC,OPEN ENROLLMENT CHARTER,Asian,119
2024-2025,4,HARRIS COUNTY,101845,YES PREP PUBLIC SCHOOLS INC,OPEN ENROLLMENT CHARTER,Black or African American,1910
2024-2025,4,HARRIS COUNTY,101845,YES PREP PUBLIC SCHOOLS INC,OPEN ENROLLMENT CHARTER,Hispanic/Latino,17151
2024-2025,4,HARRIS COUNTY,101845,YES PREP PUBLIC SCHOOLS INC,OPEN ENROLLMENT CHARTER,Native Hawaiian/Other Pacific,<10
2024-2025,4,HARRIS COUNTY,101845,YES PREP PUBLIC SCHOOLS INC,OPEN ENROLLMENT CHARTER,Two or more races,108
2024-2025,4,HARRIS COUNTY,101845,YES PREP PUBLIC SCHOOLS INC,OPEN ENROLLMENT CHARTER,White,238
2024-2025,3,DEWITT COUNTY,62903,YOAKUM ISD,TRADITIONAL ISD/CSD,American Indian or Alaska Nat,<10
2024-2025,3,DEWITT COUNTY,62903,YOAKUM ISD,TRADITIONAL ISD/CSD,Asian,<10
2024-2025,3,DEWITT COUNTY,62903,YOAKUM ISD,TRADITIONAL ISD/CSD,Black or African American,91
2024-2025,3,DEWITT COUNTY,62903,YOAKUM ISD,TRADITIONAL ISD/CSD,Hispanic/Latino,961
2024-2025,3,DEWITT COUNTY,62903,YOAKUM ISD,TRADITIONAL ISD/CSD,Two or more races,31
2024-2025,3,DEWITT COUNTY,62903,YOAKUM ISD,TRADITIONAL ISD/CSD,White,367
2024-2025,3,DEWITT COUNTY,62904,YORKTOWN ISD,TRADITIONAL ISD/CSD,American Indian or Alaska Nat,<10
2024-2025,3,DEWITT COUNTY,62904,YORKTOWN ISD,TRADITIONAL ISD/CSD,Asian,<10
2024-2025,3,DEWITT COUNTY,62904,YORKTOWN ISD,TRADITIONAL ISD/CSD,Black or African American,11
2024-2025,3,DEWITT COUNTY,62904,YORKTOWN ISD,TRADITIONAL ISD/CSD,Hispanic/Latino,267
2024-2025,3,DEWITT COUNTY,62904,YORKTOWN ISD,TRADITIONAL ISD/CSD,Native Hawaiian/Other Pacific,<10
2024-2025,3,DEWITT COUNTY,62904,YORKTOWN ISD,TRADITIONAL ISD/CSD,Two or more races,<10
2024-2025,3,DEWITT COUNTY,62904,YORKTOWN ISD,TRADITIONAL ISD/CSD,White,285
2024-2025,19,EL PASO COUNTY,71905,YSLETA ISD,TRADITIONAL ISD/CSD,American Indian or Alaska Nat,32
2024-2025,19,EL PASO COUNTY,71905,YSLETA ISD,TRADITIONAL ISD/CSD,Asian,76
2024-2025,19,EL PASO COUNTY,71905,YSLETA ISD,TRADITIONAL ISD/CSD,Black or African American,291
2024-2025,19,EL PASO COUNTY,71905,YSLETA ISD,TRADITIONAL ISD/CSD,Hispanic/Latino,32748
2024-2025,19,EL PASO COUNTY,71905,YSLETA ISD,TRADITIONAL ISD/CSD,Native Hawaiian/Other Pacific,22
2024-2025,19,EL PASO COUNTY,71905,YSLETA ISD,TRADITIONAL ISD/CSD,Two or more races,67
2024-2025,19,EL PASO COUNTY,71905,YSLETA ISD,TRADITIONAL ISD/CSD,White,826
2024-2025,1,ZAPATA COUNTY,253901,ZAPATA COUNTY ISD,TRADITIONAL ISD/CSD,Asian,<10
2024-2025,1,ZAPATA COUNTY,253901,ZAPATA COUNTY ISD,TRADITIONAL ISD/CSD,Black or African American,<10
2024-2025,1,ZAPATA COUNTY,253901,ZAPATA COUNTY ISD,TRADITIONAL ISD/CSD,Hispanic/Latino,3276
2024-2025,1,ZAPATA COUNTY,253901,ZAPATA COUNTY ISD,TRADITIONAL ISD/CSD,Two or more races,<10
2024-2025,1,ZAPATA COUNTY,253901,ZAPATA COUNTY ISD,TRADITIONAL ISD/CSD,White,<10
2024-2025,7,ANGELINA COUNTY,3906,ZAVALLA ISD,TRADITIONAL ISD/CSD,American Indian or Alaska Nat,<10
2024-2025,7,ANGELINA COUNTY,3906,ZAVALLA ISD,TRADITIONAL ISD/CSD,Black or African American,<10
2024-2025,7,ANGELINA COUNTY,3906,ZAVALLA ISD,TRADITIONAL ISD/CSD,Hispanic/Latino,<10
2024-2025,7,ANGELINA COUNTY,3906,ZAVALLA ISD,TRADITIONAL ISD/CSD,Two or more races,<10
2024-2025,7,ANGELINA COUNTY,3906,ZAVALLA ISD,TRADITIONAL ISD/CSD,White,287
2024-2025,15,BROWN COUNTY,25906,ZEPHYR ISD,TRADITIONAL ISD/CSD,American Indian or Alaska Nat,<10
2024-2025,15,BROWN COUNTY,25906,ZEPHYR ISD,TRADITIONAL ISD/CSD,Hispanic/Latino,22
2024-2025,15,BROWN COUNTY,25906,ZEPHYR ISD,TRADITIONAL ISD/CSD,Native Hawaiian/Other Pacific,<10
2024-2025,15,BROWN COUNTY,25906,ZEPHYR ISD,TRADITIONAL ISD/CSD,Two or more races,13
2024-2025,15,BROWN COUNTY,25906,ZEPHYR ISD,TRADITIONAL ISD/CSD,White,182
,,,,,,,
Ranges (e.g. <10 and <20) indicate counts are not available (masked) to comply with the Family Educational Rights and Privacy Act (FERPA).,,,,,,,
,,,,,,,
Masked numbers are typically small although larger numbers may be masked to prevent imputation.,,,,,,,
